64.0133332755267 110.845156683797 20.7479488085447 -6.77416733404562 
66.1780933074169 112.104179195889 20.7478612247905 -6.77420527041615 
68.3426771882367 113.363578904347 20.7478526055996 -6.77420311666309 
61.8585637412567 107.082365381471 20.7483749743253 -6.77403301373699 
64.0229752252631 108.340792176693 20.748165739937 -6.77410084268715 
66.187348907304 109.599468352977 20.7480260745236 -6.77415670562633 
68.3516160551805 110.858491079175 20.7479628199054 -6.7741714360442 
70.5157087496691 112.117960825579 20.7479885634919 -6.77416597379125 
72.6795545917591 113.378018781838 20.7481141704498 -6.77411300718097 
59.7058848444136 103.320164572906 20.749174377639 -6.77375677439755 
61.8696091405104 104.578230461437 20.7488120157181 -6.77388516731313 
64.0334745695027 105.836390759302 20.7485387524461 -6.77397380204003 
66.197376589274 107.094757416979 20.748335127879 -6.77405455611331 
68.361256250781 108.353431604816 20.7482075712534 -6.77409766431485 
70.5250280741264 109.612518867578 20.7481603291915 -6.77411862763427 
72.6886188582786 110.872132034226 20.7481980844001 -6.77409224412314 
74.8519607571934 112.132423090278 20.74835608661 -6.7740368116414 
77.014969523124 113.393527255648 20.7486642839621 -6.77393149829031 
57.5561536574494 99.5581310272181 20.7505255967799 -6.7733283516781 
59.718830906703 100.81612238134 20.7499388447855 -6.77351190566481 
61.8818065956808 102.074006977959 20.749468594808 -6.773667984082 
64.0450218594473 103.331945953771 20.7491051456566 -6.77380096663613 
66.2083627480266 104.590044481426 20.7488186718552 -6.77389982503417 
68.3717657744449 105.848413084345 20.7486165948274 -6.77397933634367 
70.5351369592375 107.107145434758 20.7484862198487 -6.77402271724187 
72.6984084790264 108.366361675677 20.7484363320571 -6.77403821111447 
74.8614884669041 109.626205612698 20.7484928770663 -6.77401338666062 
77.0243159380003 110.886827947297 20.7486754712887 -6.77394572656156 
79.1868162426966 112.148374993014 20.7490380271528 -6.77380718837967 
81.3488956420631 113.411018889305 20.7496302074876 -6.7736158047049 
55.4102067880761 95.7958661863033 20.75270415417 -6.77269184020523 
57.5714732887062 97.0540316276929 20.7517779730447 -6.77295733213412 
59.7332237887886 98.3119284058751 20.7510217363601 -6.77319533374723 
61.8953620925824 99.5696847698277 20.7504100349831 -6.77338818603944 
64.0578169016556 100.827438502826 20.7499133526618 -6.77355566670772 
66.2204953154488 102.085321781366 20.7495189688604 -6.77368994564612 
68.3833208273268 103.343424459119 20.7492186059369 -6.77380839528228 
70.5462045090796 104.601848058371 20.748992871402 -6.77388138758507 
72.7090722076674 105.860712302816 20.7488508874082 -6.77392984945182 
74.8718181472191 107.120156904789 20.7488035350723 -6.77393696757998 
77.0343945425681 108.380333373366 20.7488630273633 -6.77390267058089 
79.1966943038872 109.641395060564 20.7490815142856 -6.77380843949314 
81.3586728676717 110.90349129557 20.749503044728 -6.77366702165913 
83.5202173317767 112.166783662381 20.7502044512172 -6.77343136257867 
85.6812502837513 113.431429590192 20.7512498743909 -6.77311198769456 
53.2687846456829 92.0329770170652 20.75601900561 -6.77182000179089 
55.4283158055677 93.2915776453667 20.7546149216208 -6.77217788729971 
57.5884935508104 94.5497504077601 20.753444195104 -6.77248966872583 
59.7492200694348 95.8076048591644 20.7524709121649 -6.77276711756409 
61.9104390996171 97.0652799414148 20.7516702791418 -6.77300296963326 
64.0720471444331 98.3228998187003 20.7510138371106 -6.77321922042106 
66.2339727329605 99.5805885366951 20.7504821425621 -6.77339831707361 
68.3961179873729 100.83846876197 20.7500561118594 -6.77355461912191 
70.5584228880997 102.096635377911 20.7497189730035 -6.77366992774766 
72.7207852434178 103.355189771007 20.7494741165522 -6.77375995876227 
74.8831348471814 104.614277011189 20.7493139190273 -6.77381140582062 
77.045375474932 105.874051553588 20.7492536376559 -6.77381578505288 
79.2074168325616 107.134663785537 20.7493327070969 -6.77376863165593 
81.369193953628 108.396261948777 20.7495882977319 -6.77366148749948 
83.5306281693389 109.658995194791 20.7500953298495 -6.77348407733552 
85.691633753758 110.923021131917 20.7509227405851 -6.77321439453823 
87.8520925513408 112.188520145162 20.7521491994383 -6.77286162548422 
90.0119514249555 113.455641173922 20.7538372328699 -6.77238548963894 
51.1324871948759 88.2690024018407 20.7606763780302 -6.77068572328771 
53.2899952494994 89.5283223665171 20.7586876101897 -6.77114764962905 
55.4483020691716 90.7870327947948 20.7569886640913 -6.7715527007113 
57.6073297411152 92.0452675023366 20.7555451337965 -6.77192086288239 
59.7669803113127 93.3031302315106 20.7543284483049 -6.77225064056262 
61.9272053792246 94.5607655700698 20.7533039832253 -6.77254214389081 
64.087884779649 95.8182941056444 20.7524482960159 -6.77279747727608 
66.2489733786112 97.0758609923192 20.7517442652465 -6.77302246251602 
68.410359489074 98.3335520936671 20.7511643057597 -6.77321940385671 
70.5719900576326 99.5914915544989 20.7506966953266 -6.77338480402984 
72.7337512002885 100.849782724724 20.7503287087788 -6.77352440447382 
74.8956038449211 102.108566261524 20.7500483259142 -6.77361805630308 
77.0574218036799 103.367979304222 20.7498686281664 -6.77366240415473 
79.2191356767212 104.628185382616 20.7498109473293 -6.77367153832322 
81.3806321201775 105.889322684786 20.7499047769559 -6.77360398600787 
83.5418675135748 107.151547951472 20.750223361295 -6.77347996297987 
85.7027289955293 108.415005080458 20.7508303821142 -6.77326325320924 
87.8631717098173 109.679876329645 20.7518154879636 -6.77296588810151 
90.0230686614685 110.946321440358 20.7532580942784 -6.77255175078799 
92.1823632760644 112.214499801777 20.7552126787052 -6.77203358011332 
94.3409829249186 113.484505803013 20.7576976497818 -6.77140913735821 
49.0018192386979 84.5034028640957 20.7666400015855 -6.76935006488154 
51.1570058154497 85.763784024225 20.7640577940638 -6.76990006029869 
53.3131831305905 87.0233355015601 20.7617804064929 -6.77039759750724 
55.4702326456953 88.282212422934 20.7597958203923 -6.77085032517227 
57.6280673738082 89.5405457828297 20.7580734354319 -6.77126455601233 
59.7866043671874 90.79847894646 20.7565925303585 -6.77164663775479 
61.945772591064 92.0561302784644 20.7553235473529 -6.77198065445795 
64.1054779998379 93.3136330120141 20.7542507093626 -6.77229339402675 
66.2656600939451 94.571099082404 20.7533420991524 -6.7725611715035 
68.426211231147 95.8286671167383 20.7525832237562 -6.77280565629764 
70.5870800540569 97.086431043084 20.7519565973873 -6.77300852828762 
72.7481565309762 98.3445094632486 20.7514457181399 -6.77318755023116 
74.9094113798953 99.6030342318614 20.7510357414233 -6.77332955700706 
77.0707107224395 100.862132617824 20.7507342673839 -6.77342725258662 
79.2320055196243 102.121962916463 20.7505380128699 -6.77348599900019 
81.3931549924179 103.382675555406 20.7504841274767 -6.77347653449698 
83.5541084097261 104.644423521165 20.7506192534453 -6.77340382666422 
85.7147535637263 105.907361344804 20.7510131268464 -6.77325446874706 
87.8750668321284 107.171650208811 20.7517528882128 -6.77301289536812 
90.0349104903238 108.43746385042 20.7529328614324 -6.7726599538027 
92.1942446882027 109.70497160911 20.7546265992967 -6.7722006663599 
94.3529512064299 110.974297668519 20.7568828810954 -6.77162320351927 
96.511066485483 112.245548647521 20.7596919754013 -6.77094622792656 
98.6685220551556 113.518772162419 20.7629889969143 -6.77017809867023 
46.8769829807373 80.7355655745702 20.7735346577688 -6.76789003142516 
49.0297041892695 81.9973638009248 20.7704758437171 -6.76850646735589 
51.1835214365687 83.2581278023772 20.7676931265869 -6.76907831586895 
53.3383510320744 84.5179863629436 20.7651893457048 -6.76959900671797 
55.4941340650393 85.7771015098066 20.7629527649365 -6.77007844089686 
57.6507573387821 87.0356140552654 20.7609736998767 -6.7705242994922 
59.8081525834499 88.2936671757886 20.7592339758463 -6.77093728432614 
61.9662295324841 89.5513786292317 20.7577210048997 -6.77132114450155 
64.1249167557688 90.8088894933721 20.756411743273 -6.77167199552621 
66.2841395736077 92.0663329336901 20.7552880351395 -6.77199993676744 
68.4438107687528 93.3238105904241 20.7543332003561 -6.77228629621661 
70.603860745659 94.5814437797028 20.7535293994528 -6.77254474378004 
72.7641882376448 95.8393476475747 20.7528560100149 -6.77276968464695 
74.9247490070483 97.0976550316134 20.7523061414997 -6.7729607793851 
77.0854455005054 98.3564955262129 20.7518673420389 -6.77311284556923 
79.24621153382 99.6160026776921 20.7515380874171 -6.7732170902995 
81.4069383272067 100.876326837026 20.7513403497799 -6.77326808106745 
83.567533726884 102.137628153552 20.7513078630526 -6.77325742167684 
85.7278942985795 103.4000769602 20.7514989413096 -6.77317659912085 
87.8879760901972 104.663830909606 20.7520021282995 -6.77299511797933 
90.0476780541013 105.929067210818 20.7529121663853 -6.77271130118444 
92.2069410891431 107.195940103353 20.754321371302 -6.77230727668199 
94.3656773278671 108.464620958374 20.7563082154799 -6.77179387678303 
96.5238317696908 109.735205234317 20.7588950551577 -6.77114846703527 
98.6813906356522 111.007812346257 20.76204658483 -6.77042539741575 
100.838379455004 112.282465053675 20.7656535664157 -6.76960125756403 
102.994845555952 113.559154436019 20.7695517496981 -6.76875323111551 
44.7576226968527 76.964921279325 20.7806804405867 -6.76637908187537 
46.9079373887219 78.2285029069384 20.777381106186 -6.76705037492901 
49.0593635572163 79.4908063714587 20.774288805438 -6.7676665924029 
51.2118889935798 80.7520123946834 20.7714086884012 -6.76824051505655 
53.3654334202598 82.012250050988 20.7687584566401 -6.76876934075009 
55.5199723604012 83.2716851707672 20.7663365222675 -6.76927088431964 
57.6753977695919 84.5304367662465 20.7641479495741 -6.7697417078173 
59.8316522934353 85.7886640173912 20.7621854256857 -6.77018295955134 
61.9886379947833 87.0465008132889 20.7604445844787 -6.77059518639421 
64.1462857028707 88.3040845581905 20.7589095469673 -6.77097933517009 
66.3045138979673 89.5615347270822 20.7575690274642 -6.77134346171822 
68.4632716101511 90.8189792879076 20.7564097802487 -6.77167633582895 
70.6224471775054 92.0765238724262 20.7554142225886 -6.77198536556621 
72.7819941408233 93.33430334144 20.754570090333 -6.77226186174186 
74.941798102012 94.5924324507279 20.7538641534065 -6.77249385724577 
77.1018203579519 95.8510635957317 20.7532802174539 -6.77269857478113 
79.2619609883497 97.1102972107933 20.752819113657 -6.7728593593423 
81.4221776438438 98.370293671462 20.7524844859609 -6.77296477799779 
83.5823150837896 99.6311933200913 20.7522991452345 -6.77301302167567 
85.7423363144893 100.893191847134 20.7523096909362 -6.77299177203365 
87.902099651087 102.156447410638 20.7525945083654 -6.77287671622091 
90.061586493578 103.421138244026 20.7532397059854 -6.77266500130137 
92.2206749463265 104.687418538822 20.7543604674812 -6.77233768378031 
94.3793412106434 105.955470767961 20.7560474155653 -6.77188673091145 
96.5374737145077 107.225421077546 20.7583657227718 -6.77129967259293 
98.6950702142327 108.497403150315 20.7613086511027 -6.77061041844986 
100.852103312387 109.771479472109 20.7648060593145 -6.7698171790479 
103.00863846449 111.047648853795 20.7687037132287 -6.76896427844471 
105.164714239319 112.325851315259 20.7728052502702 -6.76808179370356 
107.320463283557 113.605916548852 20.7768734071858 -6.76720903901143 
42.643224838444 73.1908173371551 20.7872635143189 -6.76491578156593 
44.7911730803659 74.4565867255988 20.7840187970266 -6.76563004109139 
46.9403069864813 75.7208214950281 20.7808830753806 -6.76627689410626 
49.0905636621385 76.9837129034485 20.7778766393208 -6.76688421267968 
51.2419138489783 78.2454217416983 20.7750103921866 -6.76743974061326 
53.3942885154163 79.506117775755 20.7723130845479 -6.76796647350459 
55.5476399978118 80.7659245411354 20.7697906047035 -6.76846042010809 
57.7019196863745 82.0249914664009 20.7674638028353 -6.76894110293632 
59.8570641655415 83.2834633875368 20.7653336031747 -6.76939183696087 
62.0129795197836 84.5414847721726 20.7634062991713 -6.7698223723511 
64.1696058789756 85.7991937180591 20.7616735587412 -6.77023824899831 
66.3268475645861 87.0567114712619 20.7601371083934 -6.77062089774217 
68.4846570095522 88.3141772808981 20.7587813845972 -6.77098297912985 
70.6429327427859 89.571687671344 20.7575996716844 -6.7713236169294 
72.8016482283648 90.8293853273909 20.7565792035265 -6.77163636440958 
74.9606779170251 92.0873849368898 20.7557110275811 -6.77192529038218 
77.1199759486937 93.345826607488 20.7549807164094 -6.7721787204187 
79.2794453683487 94.6048411283134 20.7543867466204 -6.77239008888469 
81.4390452215624 95.864558594579 20.7539195169693 -6.7725535748403 
83.5986659260897 97.1251197752016 20.7536006356469 -6.77266283660404 
85.758240362492 98.3867056400717 20.7534549095492 -6.77270982955204 
87.9176426924943 99.6495002624226 20.7535474393641 -6.77266594800161 
90.0768154406471 100.913674859229 20.7539547316788 -6.77252996842184 
92.2356672387995 102.179412583293 20.7547964233037 -6.77227231598515 
94.3941529441892 103.446857398136 20.7561740000297 -6.77189109072285 
96.5521873430115 104.71619968717 20.7581881639984 -6.77138125194002 
98.7097326753807 105.987556853553 20.7608670707011 -6.77074146659841 
100.866770606822 107.261050071455 20.7641851609616 -6.76998745026242 
103.023308632515 108.536697060087 20.7680132813611 -6.76914118440284 
105.179397665366 109.814463851725 20.7721685045161 -6.76825212281916 
107.335142604138 111.094216190258 20.776407272988 -6.76734436677174 
109.49066217184 112.375795277871 20.780487891808 -6.76646914118405 
111.646125916706 113.658992699367 20.7841697201187 -6.76565142306953 
40.5329451614518 69.4126498616357 20.7925928049516 -6.76353297731993 
42.6787614679944 70.6809490483857 20.7896353132429 -6.76428092628796 
44.8257316052015 71.9475310466943 20.7867269870302 -6.76497407616615 
46.9738238369802 73.2124929131044 20.7838630595386 -6.76559052566975 
49.1230550809877 74.4760566073078 20.7810496414871 -6.76617313029594 
51.2733467860303 75.7383499237666 20.7783112699129 -6.76670603287599 
53.4246754028946 76.9995619029437 20.7756685274537 -6.76720764294258 
55.576962826308 78.2598091970274 20.7731455093731 -6.76768725091506 
57.7301833156962 79.5192603601877 20.7707634223007 -6.76814300916411 
59.8842706368459 80.7780479319002 20.7685403485678 -6.76859019064091 
62.0391635660598 82.0363118076729 20.7664852790062 -6.76902573855857 
64.1948010525903 83.294203771307 20.7646081780435 -6.76944750773023 
66.3510981316755 84.5518549846794 20.7629092131995 -6.76984859712525 
68.5079808123791 85.8093855065612 20.7613861225598 -6.77022800876173 
70.6653796975272 87.0669244144299 20.7600363761164 -6.77060009133953 
72.8232324219814 88.3245805332562 20.7588528216619 -6.77094158702468 
74.9814699271675 89.5824983402373 20.7578279721865 -6.77126612601317 
77.1400152809917 90.8408072150551 20.7569543566394 -6.77155883357558 
79.2987915397802 92.0996411324192 20.7562254290911 -6.77181908679866 
81.4577259511748 93.3591184890986 20.755637928422 -6.77203920788498 
83.616757684602 94.619394993398 20.7551968236483 -6.77220892703297 
85.775799053897 95.8806255215435 20.7549210973358 -6.77231421324012 
87.9347684654209 97.1430045078057 20.7548540865783 -6.77233690515036 
90.0935524296932 98.4067157367826 20.7550643369838 -6.77227759354564 
92.2521044231174 99.6719299837179 20.755655833351 -6.77209737474858 
94.4103221098266 100.938821913863 20.7567402435899 -6.77179201368828 
96.5681709743916 102.207570080071 20.7584344370119 -6.77135472899632 
98.7255921210904 103.478336019546 20.760811975849 -6.77077725031135 
100.882555806413 104.751244215349 20.7638862116946 -6.77006999141996 
103.039041723336 106.026352640552 20.7675721331544 -6.76924528427945 
105.195094495989 107.303645608268 20.7717093480709 -6.76836366566133 
107.350796693135 108.583048488573 20.7760610069318 -6.76743460747764 
109.506240757172 109.864402989866 20.7803697721549 -6.76651426569811 
111.661603316646 111.147538558793 20.7843721725504 -6.76563790234675 
113.81703846423 112.432215689019 20.7878452969031 -6.76482760648863 
115.972721187319 113.718175931377 20.7906183352187 -6.76412228218411 
38.4257025123489 65.6299575859905 20.7963207127364 -6.76230910085821 
40.5697191465672 66.9010766988267 20.7937417627765 -6.76307154955507 
42.7147939095796 68.1702964391298 20.7912156313684 -6.76377422801312 
44.8609614539033 69.4377296176459 20.7887024885712 -6.76441811352982 
47.0082073029646 70.7035218510356 20.7861872852819 -6.76500898976045 
49.156545800593 71.9678083308132 20.7836630683641 -6.76554736060449 
51.3059295311948 73.2307732336654 20.7811482177171 -6.76604783672565 
53.4563347686014 74.49256472553 20.7786615862742 -6.76652173627145 
55.6076980408322 75.7533363935436 20.7762338641896 -6.766974387206 
57.7599839920832 77.0132348597258 20.773890823716 -6.76741398696698 
59.913118183928 78.2723942668301 20.7716567227522 -6.76782949911848 
62.0670813661707 79.5309863694379 20.7695503948985 -6.76825263334346 
64.2217819301204 80.7891231767411 20.7675890504188 -6.7686529284378 
66.3771950479939 82.0469599520539 20.7657808411171 -6.76906091093823 
68.5331994473276 83.3046049016496 20.7641344181505 -6.76944518359387 
70.6897643440478 84.5622182196039 20.7626486404769 -6.76983515750105 
72.8467851734148 85.8198949128597 20.7613287195877 -6.77018592784902 
75.0042356497879 87.0777876992032 20.760164832677 -6.77053563294156 
77.1620126215106 88.3360033189454 20.7591617244579 -6.77085747368084 
79.3200865101877 89.5946977822123 20.7583082543321 -6.77115605715547 
81.4783374749477 90.8539921685661 20.7576094965114 -6.77141191383136 
83.6367405742293 92.1140326097212 20.7570618342945 -6.77163026516123 
85.7951945447442 93.3749617287824 20.7566824739251 -6.77178665682301 
87.9536514360571 94.6369744957529 20.7564937156243 -6.77188269639531 
90.1119907100414 95.9002516472579 20.7565559892558 -6.77189386060272 
92.2701635553703 97.1649873116452 20.7569445815201 -6.77179666788882 
94.4280605007371 98.4313621503824 20.7577755074242 -6.77157700431733 
96.5856572450219 99.6995551791636 20.7591676102366 -6.77121487871802 
98.7428679543767 100.969751339632 20.7612314349746 -6.77070920658399 
100.89968057217 102.242081713507 20.764016006458 -6.77005259300298 
103.056054292492 103.516640336763 20.7674954900852 -6.76927369061581 
105.212012726365 104.793443243052 20.771537638579 -6.76840133228794 
107.367616311753 106.072444832478 20.7759326898858 -6.76747040838838 
109.522956145752 107.35352816682 20.7804108184797 -6.76652434564627 
111.678166456562 108.636536574731 20.784696852984 -6.76559727777071 
113.833421973384 109.921254108616 20.7885306246103 -6.76471802228349 
115.988886408417 111.207407014284 20.7917101220258 -6.76393336132035 
118.144754952125 112.494708754237 20.7940928954862 -6.76326169116859 
120.30117889943 113.78285094981 20.7956266993478 -6.76271179962454 
36.3203906395641 61.8424460252937 20.7983941511847 -6.76135425374791 
38.4629505190956 63.1165518251719 20.7962395495457 -6.76204700295223 
40.6064552663032 64.3886590654968 20.7941073029446 -6.76273924439159 
42.750975851924 65.6588438706733 20.7920094878902 -6.76339037148698 
44.8965220015802 66.9271959663521 20.7899124427499 -6.76399179576241 
47.0431096464359 68.1938667341816 20.7877872806599 -6.76453867930169 
49.1907265767105 69.4589698538739 20.7856156232652 -6.76503974138208 
51.3393655157223 70.722674821319 20.7834013541 -6.76549779513834 
53.4889930534094 71.9851257625612 20.7811573511731 -6.7659418145975 
55.6395748003847 73.2464831095076 20.7789140455007 -6.7663511506452 
57.7910689694455 74.5068952634536 20.7766974625539 -6.76675624655239 
59.9434030710528 75.7665114492261 20.7745375503095 -6.76713916836041 
62.0965449595969 77.025480168269 20.7724579867421 -6.76753315689641 
64.2504257108226 78.2839333437988 20.770485382437 -6.76790605914923 
66.405014981626 79.5420189709544 20.7686307476477 -6.76828576660867 
68.5602180916659 80.7998640663859 20.7669141599115 -6.76865942778418 
70.7160003212775 82.0575883503436 20.765340917752 -6.76902871024933 
72.8722644017466 83.3153378164926 20.763920072835 -6.76939023231216 
75.0289542528762 84.5732362494431 20.7626516046186 -6.76974643128262 
77.1860033640856 85.8314269508341 20.7615427685059 -6.77008578892274 
79.3433639092289 87.0900311001542 20.7605874352379 -6.7704022313825 
81.5009565505653 88.3491852488569 20.7597936940669 -6.77069380994773 
83.6587161874387 89.6090247207797 20.7591593439287 -6.77095201453865 
85.8165734159747 90.8697131784046 20.7586996684033 -6.77115990632395 
87.9744618069449 92.1314143594381 20.7584279916124 -6.7713078947303 
90.1323111189038 93.3943179917622 20.7583862631805 -6.771379624556 
92.2900384669602 94.658617624772 20.7586347985785 -6.77135522947824 
94.4475682093429 95.9245076742926 20.7592717317209 -6.77122005934297 
96.6048392499025 97.1921889262304 20.7604118668363 -6.77094377400734 
98.7617857423314 98.461835170566 20.7621800004049 -6.77051220681996 
100.918372934119 99.7336087369661 20.7646630680568 -6.76992623383773 
103.074561653118 101.0076169092 20.7678847127855 -6.76919858017941 
105.230360551424 102.283914733447 20.7717638876385 -6.7683547718334 
107.38580816351 103.562482965528 20.7761252587539 -6.76741948069913 
109.540982592156 104.84325291871 20.7807100591583 -6.7664522805914 
111.696015535615 106.126080679431 20.7852294287628 -6.76548292461536 
113.851048455554 107.410763640171 20.7893967405305 -6.7645489531197 
116.006238159256 108.69704522153 20.7929725576142 -6.76369022809557 
118.161801296653 109.984642585801 20.795776956348 -6.76293761966785 
120.317897722162 111.273242093118 20.7977163531824 -6.76231016639772 
122.47471577773 112.562543743504 20.7987645283018 -6.76183083439395 
124.632391863394 113.852248777132 20.7989661895899 -6.76150314149432 
34.21552754458 58.0503457399305 20.7986330562538 -6.76087990179978 
36.3572753299942 59.3272417642493 20.7971481203674 -6.76136700796238 
38.4996606213421 60.602295400088 20.7954819365583 -6.76194648949898 
40.6428508093355 61.8754103651509 20.7937747688052 -6.76254184062361 
42.7869885636442 63.1466082799405 20.7920748174982 -6.76313216116109 
44.9320892028363 64.4159425163167 20.7903786830169 -6.76368031144566 
47.0781878947674 65.6835417166684 20.7886485284454 -6.76419293919124 
49.2252732154762 66.9495206993913 20.7868582310077 -6.76465054353489 
51.3733377335967 68.214041005341 20.7849918952437 -6.76507094718536 
53.5223518567747 69.4772326364521 20.7830560231232 -6.76545701522795 
55.6723021575667 70.7392619083213 20.7810708070774 -6.76583152881597 
57.8231447729437 72.0002561702665 20.7790586515871 -6.76618014850293 
59.974829738493 73.2603953150214 20.7770523384003 -6.76653390213378 
62.1272991448131 74.5198015728373 20.7750797688692 -6.76687133948981 
64.2805089457105 75.7786482840575 20.7731678493053 -6.76721627591124 
66.4343799035173 77.0370456160331 20.7713386403082 -6.76755238825143 
68.5888927879914 78.2951431416342 20.769614695144 -6.76790691146275 
70.7439723379371 79.5530533637001 20.7680079594024 -6.76825057633269 
72.8995598597149 80.8109280454608 20.7665349602146 -6.7685942239124 
75.0555671477897 82.0688927930213 20.7652029334906 -6.76893637840309 
77.2119591936929 83.3270936397334 20.7640222274721 -6.76927501230876 
79.3686561321524 84.5856561038364 20.7629953430053 -6.76959942648374 
81.525607659966 85.8447166780784 20.7621320089236 -6.76990687245167 
83.6827464438646 87.1044115798408 20.7614351937734 -6.77018567449416 
85.8400113887398 88.3648997429989 20.7609192269623 -6.7704275833813 
87.997336196927 89.6263481342655 20.7605962977764 -6.77061538372444 
90.1546627595387 90.8889324326281 20.7604990065919 -6.77074258396157 
92.3119129833449 92.1528514609036 20.7606688939443 -6.77077319497719 
94.4690169560416 93.4183054407221 20.7611851250448 -6.77071044266183 
96.6259116622946 94.6855041196582 20.7621463052785 -6.77050670476588 
98.7825369884189 95.954637982217 20.763676054048 -6.77015933100028 
100.938837517089 97.2258644076793 20.7658834519181 -6.76964880125639 
103.094780434465 98.4993303685271 20.7688342281381 -6.76898728708788 
105.25035578421 99.7751078483844 20.7725033781386 -6.76818235155669 
107.40559542147 101.0532245452 20.7767632118743 -6.76726560501525 
109.560554199156 102.333629728972 20.7813850609941 -6.7662952035907 
111.71535201844 103.616217556091 20.7860792004797 -6.76529061619327 
113.870118175308 104.900803473824 20.7905409466073 -6.7643067258222 
116.025009133088 106.187149757478 20.7944945230184 -6.76338196002391 
118.180206508843 107.474959753553 20.7977220117052 -6.7625552287436 
120.335905880343 108.763945440783 20.8000820919706 -6.76184875388674 
122.492280030506 110.053789758712 20.8015113143707 -6.76130104144094 
124.649518908592 111.344190582519 20.8020177706436 -6.76091268575941 
126.807736958656 112.634801550701 20.8016511825515 -6.76071488074657 
128.967070199006 113.925281064922 20.8004912483546 -6.76070132487732 
32.1091300357494 54.2545044620982 20.7965986874166 -6.76103286337344 
34.2509993007451 55.5336683053397 20.7962100906899 -6.76121505521095 
36.3930436848537 56.8113289449023 20.79533167048 -6.76154925005015 
38.5355108947349 58.0872626863384 20.7941551551927 -6.76198780638041 
40.6786257824255 59.361371344864 20.7928522634542 -6.76248841749473 
42.8225481999996 60.6335890963129 20.79151319975 -6.7630026279266 
44.967372334488 61.903967186032 20.7901751606207 -6.76350271426628 
47.1131444016795 63.1725498246043 20.7888137408705 -6.76396342945336 
49.2598709623674 64.4394774819735 20.7873993205561 -6.7643794628997 
51.4075274235161 65.7048637767892 20.7858988905925 -6.76475923029588 
53.5561082219257 66.9688712782698 20.7843081089108 -6.76509876133248 
55.7055822881912 68.2316436499299 20.7826306183324 -6.76542634022678 
57.8559246669183 69.4933175145878 20.7808870303687 -6.76572358002317 
60.0071012817414 70.7540461184368 20.7791029693567 -6.76602969245455 
62.1590524719317 72.0139675175657 20.7773076951014 -6.76631766816714 
64.311729859652 73.2732528234877 20.775527097066 -6.76661636787154 
66.4650554985678 74.5320257192322 20.7737930533864 -6.76691356988102 
68.6190022790884 75.7904380816092 20.7721233618264 -6.76722052167515 
70.7734977706842 77.0485997895204 20.7705461106833 -6.76751910853551 
72.9285106213782 78.3066609366787 20.7690733274995 -6.76783723645624 
75.0839418598892 79.5647459618233 20.7677273178002 -6.76815355675962 
77.2397641961954 80.8230171825423 20.766515691921 -6.76847425641444 
79.3958830586187 82.0815884069823 20.765455687501 -6.76877427759881 
81.5522647649986 83.3406096572485 20.7645542330631 -6.76907976342777 
83.7088337265736 84.6002048295954 20.7638266514793 -6.76934940542995 
85.8655458886813 85.8605404596147 20.7632818236193 -6.76961316631594 
88.0223340579551 87.1217752114481 20.7629421235768 -6.76982710302353 
90.1791435686584 88.3841039533372 20.7628270775736 -6.76998770179725 
92.3359073571491 89.6476945644764 20.7629787892375 -6.77006177265163 
94.492561401306 90.9127697241483 20.7634466073843 -6.77005196224552 
96.6490442061585 92.1795264040476 20.7643186756594 -6.76992143682351 
98.8053008036001 93.4481711253229 20.7656932408648 -6.76964825952681 
100.96127129629 94.7188841320629 20.7676928842151 -6.76922122142836 
103.116921490672 95.9918101272877 20.7703998201601 -6.76862517492149 
105.272230332191 97.2670637269269 20.7738493950708 -6.76787820323997 
107.427202486313 98.5446988479002 20.7779582497449 -6.76699821182079 
109.581893913776 99.8247140125539 20.7825538626967 -6.76603019357056 
111.736407283523 101.107018521029 20.7873583524626 -6.76500417635128 
113.890855142294 102.391448258787 20.7920675756619 -6.76397596739268 
116.045391866621 103.67777810553 20.7963688148767 -6.7629979798844 
118.200183092475 104.965737484459 20.8000111163426 -6.76209539970871 
120.35542225732 106.255033122689 20.8027995830122 -6.76132015293044 
122.511291434538 107.545346516146 20.8046305931414 -6.760696932985 
124.667992020562 108.836368152247 20.8054616114009 -6.76024669194189 
126.825645736587 110.127746212 20.8053173975948 -6.7599998290004 
128.984413588514 111.419082855345 20.8042475213524 -6.75997028956323 
131.144362501145 112.70998879383 20.8023480077665 -6.76015219004026 
133.305575599758 114.000068131423 20.7997366425001 -6.76051444051681 
29.9992416222905 50.4562072337313 20.792269585171 -6.76176466781066 
32.1421535814224 51.7369099846432 20.7931534955843 -6.76163903623969 
34.2847821344153 53.0165204279323 20.7933907006083 -6.7616789267341 
36.427376841367 54.2948052344908 20.7930790672783 -6.76186348459172 
38.5701858317857 55.5715528522119 20.7923793709633 -6.76217230782229 
40.7134610743159 56.8466127721853 20.7914601802951 -6.76256612510648 
42.8573828863202 58.1198681400704 20.7904491945291 -6.76300189616145 
45.0021156422884 59.3912910339945 20.789417648958 -6.76343409821942 
47.1477162436962 60.6609193541623 20.7883740196838 -6.76385037684052 
49.2942288158482 61.9288493963304 20.7872962524123 -6.76422200219668 
51.441642775912 63.1951834879574 20.7861478617553 -6.76456516654251 
53.5899561258717 64.460070405064 20.7849065767819 -6.76486847596817 
55.7391251016078 65.7236384138831 20.7835631471995 -6.76514046864825 
57.8891292247378 66.9860563391055 20.7821263203244 -6.76539799334089 
60.0399322738157 68.2474437182278 20.7806155356876 -6.76563563779216 
62.1915106719186 69.5079678433087 20.7790550126149 -6.76588078367645 
64.3437943552942 70.7677518521014 20.7774717350663 -6.76611473479485 
66.4967323260489 72.0269672064876 20.7758926228749 -6.76636024051369 
68.6502587347203 73.2857418682293 20.7743460503885 -6.76660997809957 
70.8043302036151 74.5442261110186 20.7728553917236 -6.76687298207709 
72.9588811530117 75.8025277733967 20.7714448298636 -6.76714083425579 
75.1138750957481 77.0608100630825 20.7701349737159 -6.76741319239442 
77.2692295085292 78.3191935425736 20.7689443490256 -6.76768871660058 
79.4248953649967 79.5778440629671 20.7678916891653 -6.76796593766777 
81.580796524788 80.8368722957225 20.7669941770683 -6.76824552882323 
83.7369072583701 82.0964315400682 20.7662674102716 -6.76850853301707 
85.8931308460287 83.3566591292879 20.7657305781404 -6.76874972707308 
88.049445634498 84.6177431547871 20.7654029585337 -6.76896934244631 
90.2057762723979 85.8798489527899 20.7653116828677 -6.76913804479078 
92.3620849647526 87.1431719164672 20.765487951538 -6.76925281836159 
94.5182906539717 88.4079033132628 20.7659768106675 -6.7692757469121 
96.6743583966918 89.6742638694447 20.7668400722028 -6.76919624712187 
98.830210161189 90.9424678632743 20.7681628268992 -6.76898151600762 
100.985818800323 92.2126988748912 20.7700455150796 -6.76862149538479 
103.141139571608 93.4851139146364 20.7725877301634 -6.76809980638178 
105.296143088353 94.7598478707335 20.7758457509018 -6.76740569685292 
107.450820379757 96.0369954295843 20.7797993136384 -6.76657763425074 
109.605213431481 97.3165856981307 20.7843224534128 -6.76562237542876 
111.759401596113 98.598557299622 20.7891858439728 -6.76459027609723 
113.913481307234 99.8827638466624 20.7940873165543 -6.76353101598928 
116.067607655024 101.169006750754 20.7987038723872 -6.76250880286928 
118.221952599297 102.457034286578 20.8027410555458 -6.76154583651273 
120.37667929531 103.74655116476 20.8059609702723 -6.76070853541512 
122.531991305351 105.037256789811 20.8082038177908 -6.76001041872029 
124.688061885098 106.328818313973 20.8093794175888 -6.75951246800436 
126.84507075537 107.620876604022 20.8094665807827 -6.75921863084219 
129.00315535305 108.913014365593 20.8084935031515 -6.75916994808609 
131.162429727615 110.204818079293 20.8065365187822 -6.75935400307193 
133.32296608955 111.495856695593 20.803719646243 -6.75976106639792 
135.48480305727 112.785757746174 20.8002314461899 -6.76033789469973 
137.647971167344 114.074182880851 20.796319268838 -6.76103109240826 
27.8845424880252 46.6567897207192 20.7865620830083 -6.76288775890424 
30.0291005542837 47.9382515217645 20.7883670873322 -6.76250687070856 
32.1730655509041 49.2190832659567 20.7896562330813 -6.76228756141788 
34.316632518244 50.4990301625193 20.7903780553055 -6.762200761703 
36.4600003688833 51.7778494532489 20.7905521214642 -6.76227701091399 
38.6034018971237 53.0553073937019 20.7902864312428 -6.76246407130686 
40.7470674115889 54.3312357477946 20.7897247453751 -6.76276505177497 
42.8912238953153 55.6054844545476 20.7890064263072 -6.76310342982978 
45.0360399180645 56.8779765556282 20.7882333053807 -6.76348154455824 
47.1816459521751 58.1486826703281 20.7874450370782 -6.7638374786964 
49.3280984243414 59.4176566004815 20.7866463109001 -6.76418156378319 
51.4754183174076 60.6849949906509 20.7858027185573 -6.76447324729025 
53.6236020229259 61.95082019987 20.7848881839128 -6.7647442282886 
55.7726252698725 63.2152700838645 20.7838749661363 -6.76496753866303 
57.9224492270147 64.4784845547643 20.7827619701753 -6.76518005474209 
60.0730489088788 65.7406064754342 20.7815542759976 -6.76536986091032 
62.2243874130507 67.0017802377347 20.7802711556848 -6.76555166100852 
64.3764148725004 68.2621511712478 20.7789331644435 -6.76573058318276 
66.5291017823491 69.5218760794426 20.7775696718486 -6.76591966833613 
68.6823584050697 70.7810855309525 20.7762020593921 -6.76611431415361 
70.8361562624349 72.0399406365816 20.7748604351537 -6.76631045916162 
72.9904056527195 73.2985588489332 20.7735673546137 -6.76652537460394 
75.1451046579014 74.5570845659153 20.7723506275229 -6.76674379306967 
77.300128764617 75.8156499068477 20.7712310871104 -6.76697013971848 
79.4554701655681 77.0744225188548 20.7702349249459 -6.76720988216189 
81.6110255548721 78.3335184970305 20.7693818940086 -6.76744658906342 
83.7667878662268 79.5930901533129 20.7686972698033 -6.76767211933198 
85.9226422008821 80.8532689530151 20.7682022287537 -6.76788484975707 
88.0785794418658 82.1142433328545 20.7679244368928 -6.76808584825218 
90.2345073978814 83.3761817265605 20.7678897917239 -6.76824303719689 
92.3904137468201 84.6392835419838 20.7681332550883 -6.76835631693656 
94.5462256032318 85.903725157163 20.7686949698287 -6.7683947256169 
96.7018982701579 87.1697385684978 20.7696252809876 -6.76833489231285 
98.8573622984393 88.4375355709103 20.7709884897876 -6.7681729517479 
101.012599799954 89.7073141108285 20.7728659236074 -6.767863450763 
103.16756504015 90.979258061869 20.775344581741 -6.76740813606694 
105.322243960945 92.253493307077 20.7784933554273 -6.76676773408287 
107.476606292942 93.5301554464278 20.7823292689023 -6.76598890844317 
109.630683603059 94.809291627279 20.7867776244969 -6.765059437021 
111.784518917762 96.0908805787375 20.7916609780801 -6.7640398101312 
113.938210130779 97.3748083055816 20.7967083397205 -6.7629680332225 
116.091894499102 98.6608950272021 20.8016004852127 -6.76190484714225 
118.245732614926 99.9488996776214 20.8060077399814 -6.76088942418099 
120.399897056649 101.238553564351 20.8096519377601 -6.76000126474302 
122.554595145054 102.529556461956 20.8123102465897 -6.75924748134716 
124.709975573689 103.821570940973 20.8138404836649 -6.75869072579522 
126.866247375497 105.114222789148 20.8141667459708 -6.75836374117912 
129.023541314778 106.407089599528 20.8132892438513 -6.75830547010782 
131.182015016229 107.699714402076 20.8112629465063 -6.75849084524806 
133.341742383584 108.991665174076 20.8082168312706 -6.75893621588593 
135.50280153969 110.282524311186 20.8043470421732 -6.75956948637638 
137.665198853049 111.571935199281 20.7999282231288 -6.76035580197308 
139.828933822346 112.859619435872 20.7952821082902 -6.76120169788851 
141.993949440067 114.145392287218 20.7907365027995 -6.76206396463014 
25.7645789107255 42.8573818296058 20.7807194586889 -6.76418527897848 
27.9110340737312 44.1389035886218 20.7829245121045 -6.7636392446963 
30.0567381119966 45.420260859354 20.784833186335 -6.76321139458438 
32.201812377885 46.7011479168807 20.7863437081994 -6.76292430529431 
34.3464262684964 47.9813396884138 20.7873885089492 -6.76276593865287 
36.4907192554906 49.2605765253271 20.7879330647239 -6.76274025041996 
38.6349090988992 50.53865721146 20.7880301931677 -6.76283679808844 
40.7791881438272 51.8153645354695 20.7877809308318 -6.76303862063409 
42.9237938229418 53.0905532745842 20.7873188885546 -6.76330884607779 
45.0688958914973 54.3640660490386 20.7867564746018 -6.76362355939905 
47.2146850532578 55.6358559801088 20.7861667146911 -6.76393091724399 
49.3612262631258 56.9059184018984 20.7855764475075 -6.76423211959284 
51.5085943844357 58.174317473676 20.7849761913533 -6.7644922316072 
53.6567855637836 59.4411472021044 20.7843343552223 -6.7647236602976 
55.8057970196846 60.7065344412113 20.7836229398643 -6.76491129066661 
57.9555985643899 61.9706167247425 20.7828194940783 -6.76507837035568 
60.1061407575307 63.2335274412215 20.781924151198 -6.76521954868125 
62.2574056021744 64.4954335953461 20.7809361403618 -6.76535143314699 
64.4093288875496 65.7564516261563 20.7798805794189 -6.76547335704125 
66.5618962242134 67.0167473986399 20.7787691100291 -6.76560006590798 
68.7150293486493 68.2764599718945 20.7776326937937 -6.76573018406246 
70.8686961259163 69.5357508051721 20.7764898787653 -6.76587081820647 
73.0228055310504 70.7947453755981 20.775373179089 -6.76602173536581 
75.1773411697514 72.0535823884011 20.7743022659555 -6.76617695590289 
77.332201181532 73.3123968191104 20.7733102268083 -6.76633870067568 
79.4873525676339 74.5713405876723 20.7724190103881 -6.76651257071668 
81.6427033147347 75.8305619254974 20.7716613230423 -6.76669276296415 
83.798238489448 77.090192640096 20.7710595952249 -6.76687429350754 
85.9538642084946 78.3503755927436 20.7706500598226 -6.76704628536262 
88.1095401057477 79.6112860269722 20.7704568989742 -6.76719923866793 
90.2651949279386 80.8731143228277 20.7705183271412 -6.76733107284422 
92.4207984494685 82.1360365614665 20.7708656709074 -6.767422426225 
94.5762958035052 83.400251223988 20.7715451118746 -6.7674536507458 
96.7316438600888 84.6659650697345 20.7725970324104 -6.76739828588272 
98.8867860497013 85.933392319037 20.7740802582886 -6.76724861863928 
101.041679212298 87.2027693252772 20.7760509125564 -6.766974865386 
103.19630422256 88.4742595737034 20.7785810351801 -6.76655613451417 
105.350645321118 89.7480341882961 20.7817293022269 -6.76597383377203 
107.504682320034 91.0242127314451 20.7855302259636 -6.76523470078414 
109.658427926621 92.3028854920372 20.7899427754336 -6.76434127738314 
111.811902063499 93.5840569541012 20.794847157807 -6.76333328434083 
113.965189873408 94.8676498914769 20.8000129009909 -6.76226534163404 
116.118411553729 96.1535041557872 20.8051431126189 -6.76117087267082 
118.271717184153 97.4414100645174 20.8098952069189 -6.76012096542951 
120.425275454421 98.7311158620227 20.8139484243346 -6.75917024567074 
122.579286976642 100.022322090881 20.8170206679434 -6.75836833878381 
124.733934522309 101.314687817882 20.8189110842376 -6.75776882726145 
126.889387150132 102.607826520183 20.8194840668027 -6.75741485905284 
129.045815511359 103.901317293346 20.8186985146746 -6.75734242935732 
131.203370615538 105.194694504195 20.81659001877 -6.75755170418083 
133.362166793874 106.487478902245 20.8132913041778 -6.75803554425552 
135.522298704946 107.779230976711 20.8090075065224 -6.75874079812293 
137.683784363612 109.069572947895 20.8040458184815 -6.75962078301256 
139.846649449576 110.358200447632 20.7987566762134 -6.76058408774448 
142.010839871857 111.644895425744 20.7935217176665 -6.76156958406287 
144.176304794389 112.929575978032 20.7886486421288 -6.76250697070786 
146.342903128067 114.212247795377 20.7843551902129 -6.76338600347163 
23.6392453724787 39.0590936016892 20.7754003465347 -6.76558580382326 
25.7878054252291 40.3399486156997 20.7777255232355 -6.76490709986327 
27.9354141599822 41.6211217073711 20.7798825450137 -6.76432822288611 
30.0822482294232 42.9023061945622 20.7817980744936 -6.76386710456354 
32.2284327978508 44.1832002911555 20.7834010681513 -6.76352343839368 
34.3741233999316 45.4635642931852 20.7846189555469 -6.76330320904707 
36.5194248299188 46.7431387833905 20.7854104628985 -6.76321039712221 
38.6645414472884 48.0217451852065 20.7857756073674 -6.7632400478555 
40.8096100000139 49.299145396 20.7857785165787 -6.76336611766725 
42.9548581018065 50.5751799827849 20.7855231207082 -6.76356535151313 
45.1004512992407 51.8496680477351 20.7851268247099 -6.76381994009979 
47.2465870415317 53.1225208981771 20.7846763520416 -6.76409208734076 
49.3933830517029 54.393676601051 20.7842299769047 -6.76435641273377 
51.5409381343519 55.6631637370177 20.7837945628739 -6.76459393688656 
53.6892720846863 56.9310493442106 20.7833591656708 -6.76479128452203 
55.8383938507789 58.1974463252309 20.7828900419567 -6.76495541424209 
57.9882920016159 59.4624590737268 20.7823623410726 -6.7650858411967 
60.1389358557556 60.7262411061429 20.7817549503185 -6.76518663354509 
62.2902658443135 61.9889203745138 20.7810662050981 -6.7652656221131 
64.4422537999258 63.2506706906434 20.7803004213446 -6.76533663774505 
66.594843379207 64.5116023515911 20.7794721207333 -6.76540021985702 
68.748010041933 65.7718985286645 20.7785978806032 -6.76546433945947 
70.9016606871117 67.0316763783468 20.7777014942973 -6.76553469601099 
73.0557911330703 68.2911158975069 20.7768059654232 -6.76562767604289 
75.2102964048568 69.5503178198983 20.7759375520617 -6.7657081480025 
77.3651500224342 70.8094507503711 20.7751242474957 -6.76581131808587 
79.5202457946693 72.0686278174547 20.774394803921 -6.76590733770723 
81.6755632257934 73.3280265873195 20.7737796987839 -6.76603232806772 
83.8309981984671 74.587760961425 20.7733131033585 -6.76613415346419 
85.9865373995606 75.8480141043379 20.7730288807285 -6.76626004270261 
88.1420964534159 77.108910959431 20.7729636669337 -6.76635738419982 
90.2976331475292 78.3706663500912 20.7731557633974 -6.76644429229025 
92.4530573698779 79.633463946437 20.7736467375922 -6.76649227642865 
94.6083693218906 80.8974981980033 20.7744788032176 -6.76649102139243 
96.7634958157016 82.1629618778509 20.7756991532787 -6.76641568696893 
98.9184010727735 83.4300832588915 20.7773568137581 -6.76625706916539 
101.073038246673 84.6990825403925 20.7795005154956 -6.76598357082495 
103.227378239916 85.9701621952967 20.7821827539349 -6.76557967432946 
105.38140843679 87.2434966413809 20.7854475488091 -6.76502786368673 
107.535128151016 88.5192075937359 20.7893204562498 -6.76431770051437 
109.688539048474 89.7974110940892 20.7937847247099 -6.76345974871355 
111.841650623958 91.0781279456899 20.7987501148772 -6.76247300365587 
113.994534141706 92.3613305058129 20.804040611398 -6.7614139481295 
116.147296190283 93.6468848003712 20.8093874708368 -6.76030264677296 
118.300058975095 94.9346155763718 20.8144598013098 -6.7592295480249 
120.4529929865 96.2242745132819 20.8189030932924 -6.75823425598922 
122.606291166848 97.5155811252036 20.8223876126287 -6.75739278124298 
124.760132393067 98.8081922159659 20.8246376521983 -6.75674423432625 
126.914710690064 100.101724682812 20.8254605499196 -6.75637910366502 
129.070189935834 101.395725266015 20.8247650875082 -6.75628583659023 
131.226734871942 102.689747301056 20.8225654946463 -6.75653077937759 
133.384479291538 103.983279383477 20.8189898210745 -6.75705290821603 
135.543541082142 105.275870337037 20.8142650535068 -6.7578446362413 
137.703966926883 106.567089977922 20.8087206296608 -6.75881337601994 
139.865803907841 107.856608346863 20.8027503549816 -6.75990009259008 
142.02900653898 109.144187072259 20.7967735268068 -6.76101311672272 
144.193537967559 110.429711258213 20.7911534548739 -6.76209370450315 
146.359282818795 111.71315334328 20.7861450505215 -6.76309855977475 
148.526138886952 112.994567586356 20.7818611021044 -6.76401795942026 
150.69395737359 114.274004530122 20.7783057483628 -6.76484278211421 
21.5085881185418 35.2630377383806 20.7706486390597 -6.76704448798663 
23.6593660972009 36.5425258035188 20.7730283929329 -6.76625635156284 
25.8090661756468 37.8227720815345 20.7752946459973 -6.76555513283913 
27.9578097544975 39.1035175140351 20.7774039770889 -6.76493949334796 
30.1057455583662 40.3844595108964 20.7792983392137 -6.76445355055552 
32.2530110435945 41.6653056788587 20.7809214018587 -6.76407665431125 
34.399764230245 42.9457734860336 20.7822150139635 -6.76381487322147 
36.546110577999 44.225638684906 20.7831387451065 -6.76367073352673 
38.6922061324923 45.5046769953475 20.7836782170854 -6.76364312123207 
40.838185960171 46.7826928731792 20.7838586033594 -6.76370701557423 
42.9842236315308 48.0594847463748 20.7837570352359 -6.76386134986611 
45.1304793611285 49.3348821530714 20.7834744686107 -6.76406935942034 
47.2771421352622 50.6087465638407 20.783113176069 -6.76431279846558 
49.4243570078596 51.8809886621946 20.782744579926 -6.76454392612694 
51.5722424546948 53.1515785633192 20.7824036522227 -6.76476155784359 
53.7208468730418 54.4205524404814 20.7820947614107 -6.76493614860483 
55.8702080956591 55.6880055351716 20.7817980838109 -6.76508372016192 
58.0203150797217 56.9540162197927 20.7814844021228 -6.76518242310775 
60.1711737713933 58.2187336335057 20.7811269977341 -6.76525388804148 
62.3226979242405 59.4822711242191 20.7807092106536 -6.765287016859 
64.4748931574338 60.7448101374854 20.7802277399423 -6.76531450395557 
66.6276600930769 62.0064627312885 20.7796851569154 -6.76531841088097 
68.7809943126017 63.2674005141853 20.7790940945574 -6.76532425731826 
70.9348017523411 64.5277536579733 20.7784715258535 -6.76532513097138 
73.0890669624144 65.7876866884495 20.7778353326062 -6.76534347978801 
75.2437022222533 67.0473304171704 20.7772115057201 -6.76535910463432 
77.3986757867785 68.3068215761732 20.776624976891 -6.76539329703305 
79.5538944774891 69.5662977235725 20.7761069785988 -6.76542320331151 
81.7093069801731 70.825918737689 20.775687920926 -6.76546493201382 
83.864822281753 72.0858373651311 20.775405148342 -6.76550704247338 
86.0204139797086 73.3461913750275 20.7752949308166 -6.76555404341328 
88.1760114336314 74.607144238915 20.7754011137779 -6.76558892071943 
90.3315656595057 75.868879851944 20.7757649544536 -6.76560165435872 
92.4869881979844 77.1315939603609 20.7764361625062 -6.7655936273224 
94.642247439484 78.3954915462992 20.7774583217957 -6.76553348877458 
96.7972835094079 79.6607592759863 20.7788848046177 -6.7654233806954 
98.9520778680944 80.9276102833187 20.7807588060742 -6.7652282024423 
101.106563092836 82.1962743091487 20.7831335376359 -6.76493581632603 
103.260714674127 83.466977376678 20.7860414961947 -6.76452279362791 
105.414511839173 84.7398901502169 20.7895215526151 -6.76397791946724 
107.567961008782 86.0151576714892 20.7935774394434 -6.7632815864268 
109.721060097088 87.2928820499126 20.7981975047895 -6.76244152380378 
111.873835416001 88.5731322271579 20.8033047791192 -6.7614731369682 
114.02632702149 89.8558973921975 20.8087607191097 -6.76042330002361 
116.178642132338 91.1410939463463 20.8143291128748 -6.75931216376542 
118.330859998836 92.428555706768 20.8197081104953 -6.75821908360712 
120.483180243813 93.7180784096382 20.8245258237646 -6.75719523522594 
122.635744140634 95.0093838699873 20.8284141407372 -6.7563159699227 
124.788756178425 96.3021315234461 20.8310248591357 -6.75564200837293 
126.942390598203 97.5959265126285 20.8321076863509 -6.75525130131249 
129.096853991278 98.8903470817632 20.8315045744062 -6.75515344051237 
131.252297878728 100.184898168833 20.829213611616 -6.75541197202399 
133.408893338328 101.479086547059 20.8253478066408 -6.75598810129804 
135.566755648709 102.772420683196 20.8201609273505 -6.75685034105652 
137.725989447781 104.064455686118 20.8140043852653 -6.75792614113074 
139.88662983422 105.354811489368 20.8073162217748 -6.75913647757124 
142.048691040276 106.643236417468 20.8005560109039 -6.76039408497843 
144.212119319706 107.929567299038 20.7941375259105 -6.76161470282453 
146.376842240906 109.213767738831 20.7883569459519 -6.76276913610792 
148.542741103675 110.495847210171 20.7833682511495 -6.76380863660606 
150.709686853078 111.775876312737 20.7791933916103 -6.76475598776185 
152.877533574713 113.053898589623 20.7757665646674 -6.76559897599755 
155.046161147791 114.33001051578 20.7729628418553 -6.7663616971366 
19.3728986665175 31.470070257894 20.7662683048689 -6.76850570792526 
21.5259174596087 32.7476173668348 20.7686955647571 -6.76767055496308 
23.6777560478333 34.0263012800374 20.7710616370139 -6.76687708944024 
25.8285419939034 35.3058933833843 20.7733116879246 -6.76614178132418 
27.9783638718128 36.5861570353876 20.7754050580291 -6.7655094849745 
30.1273596089996 37.8667935870718 20.77728828313 -6.76497704581291 
32.2756735266822 39.1475254101422 20.7789176204776 -6.76456808525329 
34.423451957701 40.4280446917467 20.780240730132 -6.76426821263911 
36.5708227362047 41.7081345277456 20.7812275678731 -6.76409093869544 
38.7179068686373 42.9875433011217 20.7818592969886 -6.76401700643611 
40.8648450566964 44.2661035717669 20.7821504069298 -6.76404530389941 
43.011759284083 45.5435825359496 20.782146053873 -6.76415752439812 
45.158810549974 46.8198111011033 20.781933803596 -6.76433187283967 
47.3061555868358 48.0946250795703 20.7816086365457 -6.76454053363581 
49.453931776192 49.3679184849221 20.7812629122882 -6.76476351374429 
51.6022919427155 50.6396166783691 20.7809475211348 -6.76497061056289 
53.7513031967137 51.9097055432349 20.7806917565646 -6.76513684473412 
55.9010328673599 53.1782411486851 20.7804852975264 -6.76526475044511 
58.0514656818311 54.4453062996224 20.7803130425759 -6.76534855166332 
60.2026248071254 55.7110142625228 20.780141091894 -6.76539022658142 
62.3544699469701 56.9754962270985 20.7799515023781 -6.76540435637829 
64.5069687835996 58.2388790854838 20.7797210986682 -6.76538875908693 
66.6600637505314 59.5013270357685 20.7794512857506 -6.7653481537627 
68.8136933120379 60.762964026413 20.7791396832352 -6.76529565260708 
70.9678081234825 62.0239656978049 20.7788014788067 -6.76524079179457 
73.1223428609562 63.2844607974846 20.7784461684297 -6.76518897037326 
75.2772582106553 64.5446082304607 20.778097883584 -6.76513917525404 
77.4324857422184 65.804530027658 20.7777775335483 -6.76509018316331 
79.5879709972152 67.0643768803797 20.7775151535671 -6.76505623755819 
81.7436307395063 68.3242828081129 20.7773389089699 -6.76501324713756 
83.8993969526377 69.5844237967886 20.7772898015786 -6.76498765518664 
86.0551989279304 70.8449479606537 20.7774027004159 -6.76494923082374 
88.2109896807927 72.1060122241985 20.7777266502321 -6.76490493648963 
90.3667092396406 73.367789475455 20.7783059098713 -6.76484159260427 
92.5222858376831 74.6304755247681 20.7791953975598 -6.76475390928412 
94.6776581767807 75.8942718117461 20.7804424641154 -6.76463568841265 
96.8327681568983 77.1593778830008 20.7821065004076 -6.76446141533471 
98.9875821499203 78.4260066696465 20.7842323189732 -6.76421158053151 
101.142054213595 79.6943789368738 20.7868713894575 -6.7638732908345 
103.296143873836 80.9647222992895 20.7900562604774 -6.76343197149394 
105.449817993638 82.2372282978317 20.7938152513234 -6.76286964425035 
107.60308604634 83.51205756638 20.798143418191 -6.76216978833768 
109.755944700732 84.7893104946893 20.8030189862554 -6.76132957499123 
111.908432629463 86.069086291347 20.8083630678847 -6.76037955254755 
114.060573914732 87.35138186038 20.8140547172385 -6.75931836002896 
116.212458323221 88.6361642575607 20.8198842106972 -6.75820943691068 
118.364177568751 89.923289659639 20.8255743973708 -6.75709681850608 
120.515893089405 91.2125847193931 20.8307606184038 -6.75605592000894 
122.667733552412 92.5037696610802 20.8350468098911 -6.75514049448623 
124.819904684434 93.7965317884147 20.8380282048472 -6.75445055360829 
126.972581468977 95.0904775659186 20.8393809655199 -6.75403335752697 
129.125975887109 96.3851803346253 20.8388929566015 -6.75394504542447 
131.280244238564 97.680139796433 20.8365208346163 -6.75421074791538 
133.435590625403 98.9748713438325 20.8323714425567 -6.75483646551902 
135.592153424372 100.26885345551 20.8267134845618 -6.75577173795643 
137.750052555678 101.561618833405 20.8199299070088 -6.7569603606339 
139.90936524808 102.852762617337 20.8124991504789 -6.75829148947273 
142.070117497625 104.141984800006 20.8049187639735 -6.75969587734497 
144.232280698411 105.42909543528 20.7976575078125 -6.76107021316132 
146.395803634542 106.714021800771 20.7910499838769 -6.76237912807889 
148.560581274615 107.996768777386 20.7852970502443 -6.763561287608 
150.726480683473 109.277368933234 20.7804433049199 -6.76463557075832 
152.893366220523 110.555883517035 20.7764375777767 -6.76559229632034 
155.061111854012 111.8323883157 20.7731550247159 -6.76644489482123 
157.229564445904 113.10702471833 20.7704591188136 -6.76719986893556 
159.398598014301 114.379937772619 20.7682020758854 -6.76788418928943 
17.2324314857463 27.6808850650545 20.7621323728208 -6.76990039764587 
19.3877281615674 28.9560242549793 20.7645550488404 -6.76908243384652 
21.5417528513672 30.2326047811448 20.766994549793 -6.76824225975092 
23.694604540363 31.5104653002042 20.7693813384598 -6.7674482603038 
25.8463929297834 32.7893739646839 20.7716615228994 -6.76669265523501 
27.9972277660461 34.0691034073735 20.7737782819046 -6.76603043525779 
30.1472376992235 35.3493746711716 20.7756887385976 -6.76546418401874 
32.2965541159945 36.6299215803911 20.7773394262342 -6.76501468478575 
34.4453128149992 37.9104438799511 20.7786940509094 -6.76467839565305 
36.593658175404 39.1906963121291 20.7797163657618 -6.76446162261929 
38.7417159333586 40.4704348947656 20.7803981828789 -6.7643486994517 
40.889599718103 41.7494658163058 20.7807439565447 -6.7643424682797 
43.0374330740792 43.0275621465165 20.7807952248671 -6.76442271480757 
45.1853473577089 44.3045541753606 20.7806090742249 -6.76458211063591 
47.333475787169 45.5802540275048 20.7802837525995 -6.76476628179783 
49.4819483542922 46.8545513672708 20.779908562575 -6.76499143993494 
51.6309091632228 48.1273214241495 20.7795614956113 -6.76518774120088 
53.7804604685032 49.3985426515602 20.7792870141314 -6.76536811840265 
55.9306593708288 50.6681815705146 20.7790966615544 -6.76548498451356 
58.081554136425 51.9363505811798 20.7789843808855 -6.76557274055061 
60.2331198317464 53.2030967651363 20.7789264618775 -6.76559772196427 
62.3853807232952 54.4685802798267 20.7788973715119 -6.76559434444795 
64.538278745812 55.7328880660655 20.7788724624999 -6.76554170946745 
66.6918011785175 56.9961993654492 20.7788376844034 -6.76546720259854 
68.8458410360485 58.2586188186109 20.7787872767536 -6.76536681043388 
71.0003946805739 59.5203207792134 20.7787235933461 -6.76526135897377 
73.1553413369189 60.7814424840788 20.7786532150923 -6.76513361943136 
75.3106650844607 62.0421636783762 20.7785945907159 -6.7650251159729 
77.4662796532744 63.302592693657 20.7785639313719 -6.76490231794938 
79.622161474173 64.5628741616515 20.7785866098913 -6.7647998746878 
81.778221294653 65.8231436706102 20.7786933717095 -6.76467342408977 
83.9343817852019 67.083569093049 20.7789174484481 -6.76456471592818 
86.0905646477609 68.3443128480416 20.7792979967251 -6.7644496939855 
88.2467133154259 69.6055395505341 20.7798825346356 -6.76432311738631 
90.4027533445994 70.8674159821734 20.780718979234 -6.76418729048178 
92.5586475640518 72.1301224568843 20.7818621435054 -6.76401820695227 
94.7142917468097 73.3938630203734 20.783368547732 -6.76381309430455 
96.8696444753542 74.6588501824359 20.7852963405041 -6.76356000482228 
99.0246421235047 75.9252919126136 20.7876985123795 -6.76324988616352 
101.179250794318 77.1934003316807 20.790625626517 -6.76285060426972 
103.333422572802 78.4634160849995 20.7941144550426 -6.76235756246079 
105.487118261628 79.7355293319026 20.7981872070629 -6.76174693461688 
107.640333640862 81.009921815708 20.8028412005634 -6.76102502380544 
109.793063037564 82.2867073012346 20.8080417592192 -6.76016733099513 
111.945344149984 83.5659884523689 20.8137088314525 -6.75921392004411 
114.097213855326 84.8478021928667 20.8197148121913 -6.75814397684266 
116.24873573753 86.1321193157126 20.825866624029 -6.75703206831147 
118.399999303121 87.4188452248408 20.8318990516807 -6.75590503377992 
120.551141392555 88.7078092306038 20.8374639479233 -6.75484901761133 
122.702298816902 89.9987719983758 20.8421492144454 -6.75390951061176 
124.85364606713 91.2914254747584 20.8455161860025 -6.75319947896245 
127.005362854746 92.5853827581501 20.8471681134514 -6.75275880444896 
129.157663741829 93.8802222801247 20.84683295779 -6.7526695922323 
131.310716746565 95.1754685433339 20.8444183696144 -6.75295359229918 
133.464743420306 96.4706146921952 20.8400178888423 -6.75362310689327 
135.619896174677 97.7651367601014 20.8339076567607 -6.75461378144862 
137.776348900571 99.0585474558056 20.8265018076937 -6.75590113267878 
139.934191327706 100.350408251042 20.818315837671 -6.75736174856998 
142.093477428362 101.640377955006 20.8098974354873 -6.75891025822688 
144.254220756374 102.928236891662 20.8017537052746 -6.76044196794671 
146.416371583158 104.213872600711 20.7942750914894 -6.76190483905777 
148.579851634949 105.497270734263 20.7876974618232 -6.76324934711946 
150.744538605687 106.778437291971 20.7821042979571 -6.76445514176531 
152.910305787145 108.057431788568 20.7774579026554 -6.7655405507273 
155.07701073375 109.334332764366 20.7736446279872 -6.76648733080028 
157.244505194867 110.609262751616 20.7705173357973 -6.7673338064544 
159.412671336675 111.88236763733 20.7679233002112 -6.768076850071 
161.581349362844 113.153800506845 20.7657305944625 -6.76875502199852 
163.750453983962 114.423686562256 20.7638255413833 -6.76935400234663 
15.0876117997762 23.8958564467061 20.7583085312274 -6.77115447092986 
17.2450773580946 25.1683575734916 20.7605891761953 -6.77039904366376 
19.4012823464407 26.4424440033236 20.7629945651806 -6.76959687565093 
21.5562543148975 27.7180613681282 20.7654567255833 -6.76877755314171 
23.7100643276989 28.9950487361802 20.7678909790912 -6.76796648886719 
25.8628001796751 30.2732395122352 20.7702341428846 -6.76720704835197 
28.0145891858276 31.5523828047661 20.7724190838831 -6.76651093808954 
30.1655456977189 32.8322515459032 20.7743949602871 -6.76591704307638 
32.3158080919096 34.1125464690623 20.7761057295449 -6.76542248379839 
34.4654954243987 35.393019761684 20.7775156267271 -6.76504830020094 
36.6147685646926 36.6733745689086 20.7785861556708 -6.76479726748392 
38.7637514892149 37.9534026986318 20.7793103890591 -6.76464878370077 
40.9125535456797 39.2328411442399 20.7796902143439 -6.76460823085638 
43.0612930192003 40.5115134236337 20.779763184947 -6.76465925634637 
45.2100862980949 41.7891976067495 20.7795804417732 -6.76478978360067 
47.3590452697774 43.0657342782033 20.7792261737976 -6.76497137638335 
49.5083047372661 44.3409737008036 20.7787886097813 -6.7651909843719 
51.6579611676938 45.6147945659931 20.7783636261098 -6.76539869420302 
53.8081602503294 46.8871197727117 20.7780107255572 -6.76558897409829 
55.9589453316045 48.157901455342 20.7777699690823 -6.76572696399852 
58.1104021030388 49.4271815931171 20.7776426355958 -6.76581424660224 
60.2624949583798 50.6950228825818 20.7776212814974 -6.76583898624155 
62.4152674977996 51.9615481819928 20.7776802438191 -6.76582670072558 
64.5686634760203 53.226864525464 20.7777974793737 -6.76575679587805 
66.7226864942377 54.4910976625228 20.7779469531178 -6.7656511494702 
68.8772500523831 55.754371920301 20.7781189419902 -6.76551392012826 
71.0323240526997 57.0168458417078 20.7783009186577 -6.76536456194844 
73.1878111273579 58.2786749735093 20.778502560615 -6.76518820350236 
75.3436610622445 59.5400170531204 20.7787250802831 -6.76501784809867 
77.4998063656016 60.801012673773 20.7789887146433 -6.76483006734007 
79.6561988299414 62.0617934001739 20.7793086069282 -6.7646506298271 
81.8127764930072 63.3224973013711 20.7797181646723 -6.76445756484858 
83.9694598168547 64.5832800667924 20.7802405607695 -6.76427162150587 
86.1261744339387 65.8443013895514 20.7809217004387 -6.76407485310927 
88.2828330439531 67.1057429490258 20.7817980392731 -6.76386417130136 
90.4393664501362 68.3677608765893 20.7829255143857 -6.76364300762615 
92.5957167460434 69.6305458267734 20.7843530010676 -6.76338539997852 
94.7518083495577 70.8942806783373 20.78614568559 -6.7631011794128 
96.9075628145619 72.159180036637 20.7883568792213 -6.76276844782053 
99.0629228538692 73.4254650768113 20.791050490967 -6.7623749082376 
101.217830886244 74.6933604285766 20.7942755645963 -6.76190286283433 
103.372251932177 75.963065555038 20.7980764936485 -6.76134121424893 
105.526134733971 77.234804229568 20.8024734846441 -6.76068292952428 
107.679447451394 78.5087547123404 20.8074701546453 -6.7599164599981 
109.83220385011 79.7850760084358 20.8130263804902 -6.75903453569438 
111.984401218699 81.0638513919861 20.8190649650764 -6.7580435672128 
114.136113214235 82.3451536319474 20.8254478261985 -6.75696558407218 
116.28735336772 83.6289581340444 20.831985618452 -6.7558355409686 
118.438243772725 84.9152218535038 20.8384084438359 -6.75470618932179 
120.588872645992 86.2037690551409 20.8443808062792 -6.75361807892397 
122.739396141426 87.4944076746722 20.8494849553546 -6.75266728562552 
124.889953972014 88.7868170192091 20.8532631374328 -6.75192466512313 
127.040748920085 90.0806616643836 20.8552620951102 -6.75146622592584 
129.191952299497 91.3755031611886 20.8551461030984 -6.75136081223724 
131.343783470582 92.6708918149727 20.8527614228861 -6.75164978944659 
133.496445788097 93.9663153341921 20.8481806124583 -6.75233097996665 
135.650143582614 95.2612661072778 20.8416732184782 -6.75339295298653 
137.805042511789 96.5552082968345 20.8336842936598 -6.75475070831365 
139.961291885477 97.8477035547141 20.8247625660015 -6.75633700342827 
142.11898504572 99.1383615773061 20.8155056017373 -6.75801794961327 
144.278146751264 100.426922904014 20.8064627442058 -6.75971741587764 
146.438757979725 101.713236670279 20.7980761885839 -6.76134222967864 
148.600763519064 102.997263264252 20.7906258078481 -6.76284836564619 
150.764061899849 104.279001838289 20.7842339146282 -6.76421220317351 
152.928540550512 105.558474734946 20.7788849503063 -6.76542361358631 
155.094040608981 106.835765675556 20.7744801980184 -6.76648518505757 
157.260434299051 108.110988473185 20.7708671762639 -6.7674252861106 
159.427573473017 109.384295810145 20.767891857554 -6.76824487576978 
161.595330197559 110.655841173547 20.765403118717 -6.76897169547869 
163.763572071705 111.925750484336 20.7632843566535 -6.76960812070044 
165.932204285977 113.194178192979 20.7614356705555 -6.77018758476293 
168.101096601811 114.461270026404 20.7597928070807 -6.77069710866984 
12.9390906162796 20.1149385855558 20.7549826001975 -6.77218041215249 
15.0984837853126 21.3848127808475 20.7569538670117 -6.7715623385069 
17.2567048883973 22.6562669322952 20.7591610657059 -6.77085657254828 
19.4137389795335 23.9293244468622 20.7615427090151 -6.77008226449808 
21.5695797821705 25.2039704278777 20.7640224205798 -6.76928242706466 
23.7242805265294 26.4800866329269 20.7665165781688 -6.76846639526103 
25.8779131513496 27.7575197817865 20.7689449949401 -6.76768709974898 
28.0305932487878 29.0360483407718 20.7712312694637 -6.76697323181965 
30.1824426262498 30.3154505592462 20.7733102582943 -6.76633918029894 
32.3335876471921 31.5954565297208 20.7751233913848 -6.76581139723764 
34.4841594380403 32.8758077678306 20.7766255316514 -6.76539232925541 
36.6342982474073 34.15622945891 20.7777774858411 -6.76509592246121 
38.784142164168 35.436476828947 20.7785645946603 -6.76490892889266 
40.9338144377014 36.7162984731078 20.7789871534316 -6.76483514869884 
43.0834211249713 37.9954870440723 20.7790789785689 -6.7648577406952 
45.2330771009626 39.2738205170622 20.778888966904 -6.76496071896389 
47.3828728869888 40.5511333228306 20.7784944868099 -6.76513038741515 
49.5329375363382 41.8272686917785 20.7779796890524 -6.76534424153975 
51.6833700642548 43.1021000024612 20.777446832074 -6.76557281533743 
53.8342866310914 44.3754989666589 20.7769749351001 -6.76577911466352 
55.9857567882155 45.6474242484168 20.7766248147302 -6.76594833894905 
58.137849933502 46.9178394306026 20.7764177562912 -6.76605306772778 
60.2905873295552 48.1868256598841 20.7763617753665 -6.76610248468278 
62.4439580431578 49.4544320984687 20.7764353044553 -6.76608253382895 
64.5979645613849 50.7208073992429 20.7766228925003 -6.76601168869562 
66.7525665080994 51.9860259356141 20.776893943349 -6.76589152404628 
68.9077382837441 53.250236942534 20.7772330225013 -6.7657352799129 
71.0634173711119 54.5135506835898 20.7776200267173 -6.76553885202342 
73.2195367961849 55.7761484700279 20.7780572219511 -6.7653255767501 
75.3760238598472 57.038177237662 20.7785381505633 -6.76509754442066 
77.5328094739734 58.2998007469541 20.7790790808671 -6.76486226387571 
79.6898319927923 59.5611510136966 20.7796894940255 -6.76461270527798 
81.8470360086903 60.8223528541356 20.7803982727346 -6.76435296763734 
84.0043600490911 62.0835587546716 20.7812257340232 -6.76409274345518 
86.1617210186323 63.3449267702914 20.7822151984737 -6.76381338383964 
88.3190254161581 64.6066354931525 20.7833999383913 -6.7635220707782 
90.4761960347924 65.8688588429394 20.7848324775764 -6.76321378624136 
92.6331625901311 67.131767392643 20.7865621442577 -6.76288071196183 
94.7898484607039 68.3955440252075 20.7886507875395 -6.76250222015054 
96.9461741965819 69.660409824975 20.7911543100855 -6.76209347467416 
99.1020672855019 70.9265749954827 20.7941394698852 -6.76161282815741 
101.257460626677 72.1942736259279 20.7976561568399 -6.7610804299728 
103.412301817525 73.4637005728743 20.8017558210264 -6.76043890594038 
105.566539409226 74.735085021909 20.8064630371703 -6.75972367881997 
107.720133831732 76.0086031547785 20.8117868667823 -6.75888370090206 
109.873073159155 77.2844446442442 20.817692514801 -6.75796953752344 
112.025359119756 78.5627002766439 20.8241064786659 -6.75693441648428 
114.177033022277 79.8434524447481 20.8308936376726 -6.75583928678495 
116.32813537461 81.1267085515552 20.8378538477009 -6.75467809225025 
118.478747899414 82.4124202044156 20.8447169993476 -6.75353017491149 
120.628964834944 83.7004743641772 20.8511391928958 -6.75242139281667 
122.778913312464 84.9906595156512 20.8567031016297 -6.75145010057202 
124.928758869903 86.2827148520358 20.8609348516012 -6.75068458042846 
127.078670602306 87.5762981049901 20.8633500832084 -6.75019468103672 
129.228826008966 88.8710057014297 20.8635486823054 -6.75006268358004 
131.379453341462 90.1663925901871 20.8613131723955 -6.75034111333067 
133.53075885742 91.4619545026359 20.8566695181839 -6.75102598776045 
135.682960790243 92.757187718307 20.8498749068071 -6.75212264444346 
137.836261715901 94.0515650231248 20.8413843933863 -6.75354463315585 
139.990834180518 95.3445965928611 20.8317866989622 -6.75522849299595 
142.146813542622 96.6358749521819 20.8217196053064 -6.75704349072679 
144.304254017554 97.9250834420702 20.8117858672718 -6.75889367666045 
146.463179990863 99.212050777045 20.8024738812899 -6.76068856848141 
148.623540222505 100.496688479036 20.7941142630112 -6.76235201975997 
150.785268559677 101.77898086382 20.7868703817293 -6.76388065903179 
152.948271433399 103.058944109273 20.7807586317075 -6.76522860312399 
155.112396230891 104.336635938719 20.775699086338 -6.76641754813546 
157.277530045149 105.612166481299 20.7715427697244 -6.76745240685152 
159.44349031521 106.885683001286 20.7681330012639 -6.76835758220024 
161.610185920923 108.157347215689 20.7653099117021 -6.76914008465778 
163.777437909228 109.42730068312 20.7629415117056 -6.76982553763626 
165.945185074391 110.695687172367 20.7609172722902 -6.77042803662581 
168.113269285229 111.962682241978 20.7591598283318 -6.77095122756338 
170.281636770484 113.228458607227 20.7576085805589 -6.7714091659678 
172.450168045727 114.493177377703 20.7562249233948 -6.77182089878538 
10.7875343829368 16.3379063825593 20.7523065898417 -6.77295374319137 
12.9485854304473 17.6052822317616 20.7538627589894 -6.7724990075645 
15.1085835777247 18.8741599323111 20.7557112654788 -6.77192301448603 
17.2674836225123 20.1446112946782 20.7578277649885 -6.77127343738803 
19.4252529296064 21.4166774899434 20.7601665654241 -6.77052772804123 
21.5818821102091 22.6903581103499 20.762652368685 -6.76974910172666 
23.7374098587302 23.9655883787073 20.7652038118883 -6.76894379892414 
25.8918691996066 25.2422301112503 20.7677252969983 -6.76815332809719 
28.045385190115 26.5201208651908 20.770135743916 -6.76740761101846 
30.1980609378326 27.7990227230914 20.7723482625675 -6.76674426012221 
32.350040250542 29.0786932826996 20.7743034964582 -6.76617004997632 
34.5014368380503 30.358872604784 20.7759369698033 -6.76571306330087 
36.652394042517 31.6392968625431 20.7772117263446 -6.76535926940021 
38.8030395162089 32.9197083217991 20.7780970790624 -6.76513477488612 
40.9535210066672 34.1998635588001 20.7785952658435 -6.76502264266308 
43.1039410615023 35.4795191952144 20.7787251127398 -6.7650196394239 
45.2544178872857 36.7584627642081 20.7785394025067 -6.76509248752999 
47.4050300264394 38.0365112345076 20.7781077717984 -6.76525276368671 
49.5558918339217 39.3134934776271 20.7775180218801 -6.76545453452812 
51.7071132007367 40.5892933368197 20.7768692295304 -6.76569002332523 
53.8587743672703 41.8637521865253 20.7762549385419 -6.76591234613022 
56.0109903229675 43.1368048415659 20.775755464663 -6.76611723449026 
58.1637881857021 44.4083747113583 20.7754183449015 -6.76625577115075 
60.3172373392987 45.6785163922808 20.7752636685444 -6.76633540136289 
62.4713031947314 46.9472593706475 20.7752860830501 -6.76633616263944 
64.6259998899371 48.214732915872 20.7754739577196 -6.76627841814676 
66.7812803048835 49.4810088285216 20.775800599816 -6.76615348892223 
68.9371363717913 50.7462081580111 20.7762440920724 -6.76598609052301 
71.0935063367582 52.0104422066412 20.7767827138204 -6.76576269532802 
73.2503261360924 53.2738783469089 20.7774067564835 -6.76551816250008 
75.4075329233061 54.5366731042396 20.7781065282794 -6.76524386977931 
77.5650559954524 55.7989857097709 20.7788895836874 -6.7649647297402 
79.7228208292747 57.0609536552034 20.7797626205337 -6.76465296272188 
81.8807658150605 58.3227223855884 20.7807454981871 -6.76434487892544 
84.0388255198008 59.5844195606107 20.7818592936854 -6.76401557872749 
86.1969356951128 60.8462073522174 20.783139856353 -6.76366788097402 
88.3550074660911 62.1082481832444 20.7846191895956 -6.76330698135962 
90.5129464805882 63.3707184624324 20.786345221702 -6.76292392407106 
92.6706657906323 64.6337995268838 20.7883659478462 -6.76251244146547 
94.8280911481823 65.8976785447837 20.7907381319509 -6.76206330254856 
96.9851405461608 67.1625508429215 20.7935197311636 -6.76156931765229 
99.1417364441386 68.4286370269397 20.7967743965852 -6.76101208589112 
101.297782015307 69.6961564656327 20.8005565259423 -6.76039445161115 
103.45322431577 70.9653360906697 20.8049195818351 -6.75969474630878 
105.607987518361 72.2363696198066 20.8098978972613 -6.75890628641674 
107.762051517846 73.5094745766247 20.8155054439572 -6.758021362167 
109.915344411961 74.7848040935991 20.8217192869493 -6.75705011181911 
112.067901792399 76.062523081755 20.8284748595781 -6.7559770605153 
114.219692966177 77.3426868361918 20.8356436918738 -6.75483853982159 
116.370805831593 78.6253444426382 20.8430287287244 -6.75365043942937 
118.52127131702 79.9104372370739 20.850353851714 -6.75247365302092 
120.671202128665 81.1978949584343 20.8572671639181 -6.75133944067039 
122.820692488408 82.4875273109344 20.8633407393034 -6.75034252179796 
124.969905975967 83.7791008268568 20.868090788905 -6.74953567095321 
127.119015630427 85.0722856889131 20.8710126406845 -6.74901280590932 
129.268194413081 86.3667071494685 20.8716540141736 -6.74884053455952 
131.417667756234 87.6619382605569 20.8697274644595 -6.74908602995277 
133.56764593206 88.9575035612043 20.8651950830672 -6.74974429030869 
135.718360932041 90.2528860504652 20.8582816079662 -6.75084381074279 
137.870044574413 91.5475672299827 20.8494370111875 -6.75230249159701 
140.022885967292 92.841042409327 20.839273916697 -6.75405438586737 
142.177071863228 94.132864402472 20.8284744680327 -6.75597699239484 
144.332691384202 95.4226749212215 20.8176914223238 -6.75796846081023 
146.489795984987 96.7102505535256 20.8074687767352 -6.7599104054739 
148.648375939323 97.9954815026179 20.7981867199722 -6.76174868993911 
150.808372463217 99.2783199386929 20.7900562375071 -6.76342935029701 
152.969724511758 100.558774996887 20.7831329074121 -6.76493616003739 
155.132306400776 101.836874280709 20.7773564381171 -6.76624986099625 
157.295991183217 103.11272664019 20.7725974676727 -6.76740181786857 
159.460631796057 104.386470478891 20.7686954150652 -6.76839393659374 
161.626096247623 105.658271052894 20.7654883688059 -6.76924511480575 
163.792244421661 106.92829097699 20.7628277886397 -6.76998740464842 
165.958961047056 108.196662439725 20.7605983887511 -6.77061388567357 
168.126136509378 109.463581951371 20.7586985339514 -6.77116207839405 
170.293662853445 110.729207997868 20.7570630288829 -6.77163017882908 
172.461451686462 111.993742194091 20.7556387466 -6.77204615804964 
174.629413281071 113.257322748442 20.7543845280809 -6.77238957225179 
176.79749065113 114.52010680031 20.7532829835799 -6.77269724885151 
8.63358639273771 12.5643857445381 20.7503245545892 -6.77352293616724 
10.7960153607267 13.8295061334055 20.7514468312777 -6.77318761611066 
12.9575345571058 15.095967612838 20.7528549722938 -6.77277114777097 
15.1180683271732 16.3639049376013 20.7545699341328 -6.7722514468391 
17.2775646520094 17.6333814974767 20.7565786374705 -6.7716409112301 
19.4359910783044 18.9044894172942 20.7588533677517 -6.77094067061113 
21.5933323448623 20.1772168916644 20.7613261435618 -6.77018520148333 
23.7496063201971 21.4515609990411 20.7639212604202 -6.76938691735329 
25.9048466154889 22.7274010059121 20.7665341563868 -6.76860378099038 
28.0591339151255 24.0046116679176 20.7690749023025 -6.76783432743477 
30.212576079835 25.28297346827 20.7714436749842 -6.76714018668537 
32.3653152229427 26.5622741150341 20.7735688334788 -6.76652442624262 
34.5174851354517 27.8422341764834 20.7753710525098 -6.76602541186324 
36.6692059631085 29.1226136468922 20.7768073579022 -6.76561612355578 
38.8206010428596 30.4031427992072 20.7778345359392 -6.76534268481234 
40.9718101239878 31.6835753009772 20.7784476485819 -6.7651831107678 
43.1229922855346 32.9636600823875 20.7786535665871 -6.76514433817089 
45.2742204729132 34.2431674260557 20.778502616419 -6.76519007498529 
47.4256152473283 35.5218994869332 20.7780547193677 -6.76532767229034 
49.5772420435694 36.799704512875 20.7774073300534 -6.76552205455471 
51.7292304908286 38.0764283141678 20.77665061291 -6.76575719089484 
53.8816463212661 39.3519298650941 20.7758940892095 -6.7660029126522 
56.0346057821992 40.6260850641069 20.7752265145914 -6.76622790783065 
58.1881560428379 41.8988340122248 20.7747245503188 -6.76639925350824 
60.3423437207548 43.1701384020567 20.7744234306365 -6.76651273488251 
62.4971688373908 44.4400581831159 20.7743409159429 -6.76655047207954 
64.6526175462104 45.7086548244181 20.7744663470162 -6.76651462879844 
66.8086673705203 46.9760348797368 20.7747838660135 -6.76641402271735 
68.9652752929005 48.2422742519699 20.7752680611886 -6.76624611913214 
71.1224109087769 49.5075012449606 20.7758987601744 -6.76601647401917 
73.280008611377 50.7718512353423 20.7766518879702 -6.76575552337324 
75.4380073158659 52.0354722782272 20.777518994979 -6.76545523754077 
77.5963413400118 53.2985448721252 20.7784938820829 -6.76513758670962 
79.7549378986345 54.5611992114048 20.7795826480621 -6.76478440438512 
81.9137150256793 55.8235903023065 20.7807933412195 -6.76443136119113 
84.0726166346414 57.0858404732064 20.7821508982656 -6.76403951457488 
86.2315739039192 58.3481125204537 20.7836776782436 -6.76364312538959 
88.3905087424573 59.6105521432206 20.7854098780202 -6.7632141995263 
90.5493140950189 60.8733414026207 20.7873869503271 -6.7627671614381 
92.7079153337428 62.1366475277285 20.7896568541899 -6.76227948501387 
94.8662057110219 63.4006720955953 20.7922685656924 -6.76177207424769 
97.0241180699202 64.6656005305632 20.7952838834149 -6.76120274760473 
99.1815515962065 65.9316512623257 20.7987571746988 -6.76058771493191 
101.338413580117 67.1990311442457 20.8027514487198 -6.75989302204127 
103.494618719629 68.4679771238271 20.8073163874727 -6.75914038571757 
105.650090225357 69.7386806956491 20.8124990688422 -6.75829022277752 
107.804785720587 71.0113591915572 20.8183160069091 -6.7573623120392 
109.958630396581 72.2861810233147 20.8247643128052 -6.75633252721942 
112.111622645545 73.5633215800716 20.8317863749217 -6.75522784816647 
114.263728128324 74.8428562352982 20.8392753314147 -6.75405153340049 
116.415010138257 76.1248406227179 20.8470378074819 -6.75283433835357 
118.565496723687 77.4092556730164 20.8548097052769 -6.75161616552815 
120.715279836698 78.6960149257005 20.862225412129 -6.75045206727994 
122.864457735068 79.9849905061613 20.8688555607255 -6.74941909734797 
125.013168693327 81.2759513783111 20.8741994038636 -6.74856448802211 
127.161584787997 82.56861088687 20.8777364615725 -6.74798085990066 
129.30988209805 83.8626155022971 20.8789718358848 -6.74774777806501 
131.4582830761 85.1575460432452 20.8775552215253 -6.74791390248253 
133.607005148902 86.4529590696279 20.8733646580558 -6.74852795106891 
135.756282572683 87.7483416141561 20.8665676064142 -6.74958463414724 
137.906365864449 89.0431953059248 20.8575848019166 -6.75104576860225 
140.057483304983 90.3369961800176 20.8470387681653 -6.75283187506414 
142.209826614313 91.6292626590492 20.8356427638423 -6.75483288675798 
144.36355050785 92.9196093110936 20.8241071617222 -6.7569409862958 
146.518746590525 94.2077537363786 20.8130257246532 -6.75902885399168 
148.675422183791 95.4935455367948 20.8028428177361 -6.76102678205853 
150.833560638684 96.7769293170538 20.7938131838318 -6.76286660474305 
152.993106499468 98.057872993378 20.7860438992376 -6.76452359522337 
155.153980118227 99.3364094681199 20.7795002977594 -6.76598127127507 
157.316047262148 100.612594664616 20.7740801004358 -6.76725076041792 
159.479204267052 101.886601857145 20.7696258489144 -6.76834196654833 
161.643278695716 103.158569346263 20.7659766991708 -6.76926803614906 
163.80817256273 104.428676270607 20.7629785987119 -6.7700721888312 
165.973727604039 105.697074950098 20.7604981874684 -6.77074042240364 
168.139862456164 106.963939417262 20.7584275770525 -6.77130897009453 
170.306425046682 108.229461753203 20.7566822281251 -6.77179280789879 
172.473367223455 109.493837367165 20.7551961770227 -6.77220358320789 
174.64055753881 110.757210180065 20.7539191547134 -6.77255138927839 
176.807945637966 112.019742018084 20.7528200810528 -6.77285305588921 
178.975431060181 113.281563130065 20.7518636757345 -6.77311170606835 
181.142993823133 114.542808496296 20.7510414215849 -6.7733288415962 
6.47797369307634 8.79388250329961 20.7489939260913 -6.77388184416828 
8.64145091787926 10.0570645745015 20.7497220346471 -6.77367027413252 
10.8041883496956 11.3213800009976 20.750697058795 -6.77338685083338 
12.9660850093071 12.5869795287539 20.7519577437951 -6.77301487699977 
15.1270818379362 13.8540121039974 20.7535295144952 -6.77254561210511 
17.287099675181 15.1225735313121 20.7554137924292 -6.77198254976379 
19.446109218552 16.3927347197112 20.7576017222553 -6.77132539969764 
21.604087405051 17.66455872518 20.7600363570539 -6.77060125206296 
23.7610316216057 18.9380184087705 20.7626505542491 -6.76982213634944 
25.9169809783028 20.2130513286545 20.7653410828034 -6.76903236691365 
28.0719836843712 21.4895465542992 20.7680091197711 -6.76825036860223 
30.2261443527822 22.767349082356 20.7705443569951 -6.76752691734438 
32.3795774213235 24.0462283934171 20.7728569691707 -6.76687224941913 
34.5324472827885 25.3259365000787 20.7748585882104 -6.76632079379148 
36.6848682638041 26.6062156374969 20.7764910082922 -6.76587011439332 
38.8369597052004 27.8868068230954 20.7777013715492 -6.76553915492887 
40.9888559210327 29.1674706415613 20.77847133162 -6.76532930327925 
43.1407113857331 30.4479454180139 20.7788000580363 -6.76523377581278 
45.2926346132359 31.7279844508381 20.7787240203166 -6.76525207220521 
47.4447420307817 33.0073707211327 20.778301226935 -6.76535596203608 
49.597109307403 34.2859503892718 20.7776216692905 -6.76554029511779 
51.7498263296867 35.563556161116 20.7767831291962 -6.76575913284349 
53.9029815636534 36.8400676054988 20.7758977035251 -6.76602367687065 
56.0566674621282 38.1153158803462 20.7750672636948 -6.76626609797739 
58.2109676444623 39.3892334304622 20.7743839626951 -6.76647899608383 
60.3658906659083 40.6617250761093 20.7739077781359 -6.76662514966906 
62.5214974428424 41.9328447519051 20.7736750133629 -6.76670409615506 
64.6777267960499 43.2026104093285 20.7736893829526 -6.7666972277127 
66.8345795254453 44.4711228003214 20.7739406026649 -6.76662391811113 
68.9920100147087 45.7384569804914 20.7744084357877 -6.76647500472747 
71.1499714387477 47.0047244664787 20.7750679708112 -6.76626913950803 
73.3084121114394 48.2700394526745 20.7758932624348 -6.76600382027379 
75.4672718531648 49.5345713398524 20.7768689273829 -6.7656906431945 
77.6264771672237 50.7984686161638 20.7779804012252 -6.76534391297179 
79.785964159832 52.0618831238321 20.7792253225142 -6.76497036429416 
81.9456573328104 53.3249474754569 20.7806089582003 -6.76457946829808 
84.1054948391633 54.5878148005523 20.7821465883866 -6.7641513294981 
86.2653702120464 55.8506277005867 20.7838584948296 -6.763711001145 
88.4252488139872 57.1135435815162 20.7857756739495 -6.76323770404517 
90.5850190547736 58.3767032786413 20.7879345823313 -6.76274121391236 
92.7446029437068 59.6402926114309 20.7903779529235 -6.76219852466111 
94.9038637744152 60.9045054949425 20.7931541562386 -6.76164257136786 
97.0627530954512 62.169543098856 20.7963192647185 -6.76101859258758 
99.221146113158 63.4355958472331 20.7999298273385 -6.76035524021759 
101.378965246539 64.7028713611888 20.8040442257508 -6.75961548718124 
103.536081797636 65.971591016136 20.8087207167427 -6.75881749209756 
105.692424147987 67.2419840287665 20.8140053416883 -6.75792272130439 
107.847909814171 68.5142366420153 20.8199302758887 -6.75695851483777 
110.002486807748 69.7885456117492 20.8265020321604 -6.75588795261884 
112.156085059841 71.0650633003287 20.8336838310327 -6.75475688814695 
114.308708667608 72.3439252257893 20.8413843652611 -6.75354466444116 
116.460337332468 73.6251718910508 20.8494369023437 -6.75230182281715 
118.61102845746 74.9088225800547 20.8575854438407 -6.75104623536932 
120.760837683868 76.1948025100215 20.8654795985638 -6.74984478088001 
122.909866247355 77.4830043660826 20.8726809058019 -6.7487538811495 
125.058242607573 78.7732390473535 20.8786853009804 -6.74783939486653 
127.206108304744 80.0652402210599 20.8829483353442 -6.74718653145717 
129.353664828766 81.3586763826013 20.8849476277797 -6.74686570522696 
131.501114957176 82.6531662135517 20.8842643083705 -6.74694230662534 
133.648680782347 83.9482782036995 20.8806903928909 -6.74745802137626 
135.796607178369 85.2435277831882 20.8743065961152 -6.74843684238327 
137.945154523368 86.5384072704933 20.8654798186274 -6.74984307801172 
140.094571814908 87.832403632489 20.8548087742533 -6.75161615480196 
142.245084332277 89.1250222235354 20.8430288141412 -6.75365714936743 
144.396882165293 90.415825623752 20.8308932626897 -6.75584107957893 
146.550101350323 91.7044928582141 20.8190640541445 -6.75804290430333 
148.704783988956 92.9908256861173 20.8080407796501 -6.76017846937917 
150.860960483345 94.2747306193879 20.7981441913153 -6.76217107041203 
153.01857510233 95.5561743954074 20.7895200069891 -6.76397938346044 
155.177595720516 96.8351524512875 20.7821824297864 -6.76558367912372 
157.337904576198 98.1117201142555 20.7760505291948 -6.76697225108863 
159.499407975023 99.38601173784 20.7709881027244 -6.76817248584561 
161.661946452273 100.658186473121 20.7668390648003 -6.76918748301025 
163.825421663725 101.928422186547 20.7634469070092 -6.77005480096363 
165.989687311443 103.19688211126 20.7606684641831 -6.7707752401415 
168.154640522102 104.463737869854 20.7583854367695 -6.77137737120866 
170.320134698362 105.729188814728 20.7564939908234 -6.77188601912303 
172.486103721813 106.99342996903 20.7549213070913 -6.77230906321717 
174.652421348842 108.256636971232 20.7535987310557 -6.77266497227148 
176.819023974721 109.518952795862 20.7524867312062 -6.77296720683312 
178.985822697445 110.780531640669 20.7515363146252 -6.77321773056567 
181.152752849634 112.041500137035 20.7507354447688 -6.77343245975101 
183.319755307249 113.301988970728 20.7500454269452 -6.77361620001282 
185.486765420718 114.562119607012 20.7494745475358 -6.77376733754367 
4.3214808648212 5.025865055847 20.748210374448 -6.77409889682898 
6.48564500401675 6.28748120654759 20.7486126125147 -6.77398658579461 
8.64924578796023 7.54997916972892 20.749219935894 -6.77379808744958 
10.8121999226406 8.8135428229056 20.7500532791609 -6.7735525419083 
12.9744011391471 10.0783349644634 20.7511652541515 -6.77321820681816 
15.1357746280593 11.3445047966875 20.752583468371 -6.7728023671837 
17.2962422450688 12.6121783441747 20.754333227837 -6.77228694046123 
19.4557610154582 13.8814370472789 20.7564083554975 -6.77168179710557 
21.6142973930028 15.1523668220758 20.7587819406984 -6.7709828524694 
23.7718360803194 16.4249666703146 20.7613863545757 -6.77023508283732 
25.9284298922707 17.6991950192755 20.764133358051 -6.76944129857962 
28.0840921677125 18.9749650580421 20.7669140614693 -6.76866262622367 
30.2389157421705 20.2521526020302 20.7696133581009 -6.76789831642501 
32.3929936237666 21.530581494796 20.7721231691883 -6.76721459212081 
34.5464921568692 22.8099927239131 20.7743453498351 -6.76660566899438 
36.6995384015574 24.0901313278344 20.7762025189381 -6.76611537441086 
38.8522706790964 25.3707314886636 20.777631221522 -6.76572460466931 
41.0048064650265 26.6515747182737 20.7785987578598 -6.7654728645693 
43.1572731238629 27.9323836138271 20.7790945639038 -6.76531485567977 
45.3098189446158 29.2129276472409 20.7791407206351 -6.76530326743764 
47.4625680359183 30.492943094792 20.7787878380346 -6.76536204797255 
49.6156154549365 31.7722697468583 20.7781186015441 -6.76551969972572 
51.7690176154485 33.0507330647747 20.7772316131631 -6.7657258526256 
53.9228756272547 34.3282083226876 20.7762446137912 -6.76598583935722 
56.077263165009 35.6045373361538 20.7752679180407 -6.76624248493343 
58.2322703382975 36.8796003358576 20.7744078682825 -6.76648229201722 
60.3879330714832 38.1533019570106 20.7737452055696 -6.7666688516442 
62.5442822102612 39.4256219391329 20.7733370636512 -6.76678422574977 
64.701299099336 40.6965955144536 20.7732023525114 -6.7668193775109 
66.8589644731262 41.9662781741336 20.7733445008659 -6.76678501150405 
69.0172344450969 43.2347472166353 20.7737464748502 -6.76666251143241 
71.1760564593635 44.502100022573 20.7743827925628 -6.76647234316115 
73.3353903204767 45.76844517987 20.7752276436185 -6.76622418700659 
75.495161194278 47.0339417511214 20.7762554258052 -6.76591927564234 
77.6552934960656 48.2987178609855 20.7774463981211 -6.76557017457023 
79.8157302064076 49.5629521445333 20.7787898850169 -6.76518530917634 
81.9763887579115 50.8267599693513 20.7802831838458 -6.76477292179245 
84.1372088260015 52.0903074920035 20.7819345174682 -6.76432848345242 
86.2980872036855 53.3537170357935 20.7837570922623 -6.76385934602703 
88.458978922419 54.6171518926925 20.7857783163967 -6.76336703970171 
90.6197779267335 55.8807453446169 20.7880304302559 -6.76283311321835 
92.7804018706733 57.1446751676254 20.7905516570863 -6.76227447689888 
94.9407277165315 58.4091281889808 20.7933905577956 -6.76167895813217 
97.1006848862364 59.6743134288743 20.7965980263348 -6.76103497244106 
99.2601379171114 60.9404031632025 20.8002299631792 -6.76033780896152 
101.419018040147 62.2076086480482 20.8043467923356 -6.75957384999849 
103.577174562001 63.4761333107483 20.8090082133124 -6.75874214682285 
105.734536289764 64.7462150807867 20.8142643459319 -6.7578376582094 
107.890967882848 66.0180453280763 20.8201599540974 -6.75685579189632 
110.046433581392 67.2918252863455 20.8267121006249 -6.75577429444788 
112.200829426508 68.5677056784237 20.8339071376834 -6.75461944293186 
114.354137178247 69.8458432082123 20.8416730875888 -6.75339146659809 
116.506317299189 71.126302186691 20.8498749819358 -6.75212170047893 
118.657406807516 72.4091017180731 20.8582813775007 -6.75083194821274 
120.807443596257 73.694219133728 20.8665677193174 -6.74958994639346 
122.956511183453 74.9815447205992 20.8743064796438 -6.7484376678638 
125.10473365359 76.2709357747263 20.8809943653289 -6.74745276190343 
127.252239453007 77.5621486080293 20.886073642342 -6.74670723332376 
129.399223097926 78.8548893135612 20.8889939925713 -6.74627418023034 
131.545883109926 80.1487969350083 20.8892739417275 -6.74621526647445 
133.692435555194 81.4434559820847 20.8866178143947 -6.746604546171 
135.839141797818 82.7384218571277 20.8809928133994 -6.74745330459129 
137.986252026207 84.0331976524147 20.8726818611504 -6.74875507419653 
140.134050876463 85.3272633792877 20.8622247617966 -6.75045104962124 
142.282769150096 86.6201155476217 20.8503544363396 -6.75247103204628 
144.432666361191 87.9112946504043 20.8378531907254 -6.75467561153652 
146.583879987099 89.2004257023891 20.8254486032764 -6.75696386628977 
148.736538047734 90.4872577287009 20.8137079041339 -6.75920438211911 
150.8906635415 91.7716694606603 20.8030181312138 -6.76133248322363 
153.046271817057 93.0536068641598 20.7935769978025 -6.76327894927829 
155.203309904342 94.3330388770538 20.7854483661504 -6.76502898083349 
157.361748921339 95.6100177842674 20.7785795567471 -6.76655525523458 
159.521445878602 96.8846239577681 20.7728669946633 -6.76786232302067 
161.682321531086 98.1570605500649 20.7681624596863 -6.76898263464113 
163.844219701615 99.4274731841921 20.7643189447556 -6.76992244515008 
166.007063399266 100.696047069171 20.7611844793164 -6.77070659186922 
168.170684889401 101.962932216081 20.7586369906078 -6.77135768157866 
170.335004389399 103.228362688302 20.7565536018367 -6.77189662365501 
172.499864036375 104.492518418341 20.7548561134964 -6.772338756487 
174.665212903202 105.755604786235 20.7534540765219 -6.77271140275336 
176.830919646406 107.017747417327 20.7523016527003 -6.77301636991655 
178.996937495279 108.279124271856 20.7513371339721 -6.77327271434504 
181.163149655359 109.539855119464 20.7505417421654 -6.77348276201054 
183.32952367609 110.800088592393 20.749866771834 -6.77366786442037 
185.495988122009 112.059932244141 20.7493140872874 -6.77380432005101 
187.66246953986 113.319512588265 20.7488500436668 -6.77392677296903 
189.828876802139 114.578968313663 20.7484845094494 -6.77402216571367 
-3.46868821386957e-06 4.00957329174266e-06 20.7478112766817 -6.77421883513582 
2.16483186988786 1.25982245364921 20.7478566994909 -6.77419897540319 
4.32933509365111 2.520187770098 20.7480278537132 -6.77415140026243 
6.49346809488072 3.78123367281313 20.7483343020766 -6.7740579475572 
8.6571197102859 5.04311211146159 20.7488216801796 -6.77390230818597 
10.8202085787598 6.30596917198142 20.749519929605 -6.77368896106041 
12.9826269503282 7.57000805529203 20.7504813577656 -6.77340043132832 
15.1442980776633 8.83536438809434 20.7517426182384 -6.77302589494685 
17.3051325284027 10.1021903213427 20.7533433514096 -6.77255551025184 
19.4650885313394 11.3705813378157 20.7552870079429 -6.77199956952699 
21.6241151734966 12.6406290826938 20.7575708305774 -6.77133968943199 
23.7821921630081 13.9123743388701 20.7601360204546 -6.77062416126585 
25.9393388755712 15.1858114511289 20.7629101789736 -6.76984897003929 
28.0955948325125 16.4608505449328 20.7657808676345 -6.76906085609592 
30.2510230702505 17.7374143335696 20.7686324868466 -6.76828420980669 
32.4057101050851 19.0153343567515 20.7713388426206 -6.76756553638264 
34.559778934827 20.2944135515499 20.7737927532077 -6.76691109397159 
36.7133922246074 21.574370575307 20.7758928369498 -6.76636446809185 
38.8666835100473 22.8549528246598 20.777569868698 -6.7659189079478 
41.0197874615225 24.1359105603775 20.7787693397499 -6.76560182243877 
43.1728256561625 25.417026911522 20.7794724830135 -6.76540224570518 
45.3259302557304 26.6980139448719 20.7796844275709 -6.7653245810157 
47.4792550453145 27.9786471492198 20.7794509218856 -6.76535611269427 
49.6328903192741 29.258685637818 20.7788371105715 -6.76546297650797 
51.786926984388 30.5379941706727 20.7779478909767 -6.76566002959829 
53.9414340556861 31.8164044392736 20.7768931161002 -6.76589081467803 
56.0964893370789 33.0937891398767 20.7758015879857 -6.76615388900266 
58.2521628147079 34.3699825252509 20.7747818795992 -6.76640652688536 
60.4085243022065 35.6448860839659 20.7739412996349 -6.76662434880861 
62.565592427298 36.9184261107007 20.77334420422 -6.76678084058433 
64.7233715406421 38.1906126440498 20.7730407617067 -6.76685561106254 
66.8818196666218 39.4614909326396 20.7730396537293 -6.76686361285749 
69.0409184292043 40.7311354410261 20.7733384733069 -6.76677742914123 
71.2006107931483 41.9996232593747 20.7739077038563 -6.76663239600824 
73.3608432468639 43.2670459028864 20.7747259522727 -6.76639857179608 
75.5215462128831 44.5335465891856 20.775755176093 -6.76611592463391 
77.682644307626 45.7992727585954 20.776976729414 -6.76577661134467 
79.8440593246496 47.0643726158947 20.7783622307718 -6.76540446041853 
82.0057274507005 48.3289777129357 20.7799098712056 -6.76498988129369 
84.1675596830857 49.593234875836 20.7816086519409 -6.76454765004233 
86.3294968765997 50.8572950509433 20.7834749073288 -6.76407226223254 
88.4914304787966 52.1212973751693 20.7855226433646 -6.763576040026 
90.6533050391716 53.3853837936712 20.7877822701094 -6.76303415722514 
92.8150097054384 54.6497041977106 20.7902846738547 -6.76247058273765 
94.9764626621526 55.9144496241499 20.793079950177 -6.76186098283743 
97.1375428860885 57.179809191188 20.7962101025576 -6.76121458797341 
99.2981348697927 58.4459799789582 20.7997374178967 -6.76051616110035 
101.458150064809 59.7131491223162 20.8037181830839 -6.75976044371718 
103.617454677249 60.981508663897 20.8082172628721 -6.75893214853467 
105.775939575484 62.2512891441031 20.8132888462655 -6.75803439491099 
107.933469284617 63.5227045916163 20.8189893395351 -6.7570533291941 
110.089966930023 64.7959491221665 20.825347848118 -6.75598823492178 
112.245334159986 66.0711801253969 20.8323720186486 -6.75483570003896 
114.399503818911 67.3485475775733 20.840017324672 -6.75361404604776 
116.552437860076 68.6281619557223 20.8481807054197 -6.75233617047305 
118.704121251338 69.9100577945002 20.8566689469583 -6.75102930166071 
120.854592601612 71.1942236994444 20.8651955377743 -6.74973978851887 
123.003918999757 72.4805909725193 20.8733650227525 -6.74853256657855 
125.152196211484 73.7690189823824 20.8806909247 -6.74745769678771 
127.299556156861 75.0593203149538 20.8866166079715 -6.74659813321258 
129.44616429804 76.3512280671778 20.8905699715001 -6.74602987525693 
131.592229148114 77.6444146597417 20.8920159553332 -6.74581395235852 
133.737955430757 78.9384831983973 20.890569279573 -6.74602981860092 
135.883611033335 80.2330181939033 20.8860734965838 -6.74670076485473 
138.029443617698 81.5275321457924 20.8786854311471 -6.74784182644911 
140.175741990515 82.8215336362416 20.8688543613373 -6.74941153914265 
142.322775514937 84.1144974699018 20.8572680882734 -6.75134342837436 
144.470822144831 85.4059522329883 20.8447169724734 -6.75352652626552 
146.620064720816 86.6954778313704 20.8319852621516 -6.75583480069695 
148.770688392132 87.9827835622026 20.8197144585598 -6.75814805602609 
150.922734383508 89.2676806921883 20.8083648317312 -6.76037444139442 
153.076271705227 90.5500965608379 20.7981958606895 -6.76244248589994 
155.231253705817 91.8300041986169 20.789321738028 -6.76432264259996 
157.387702551202 93.1074151198997 20.7817286754525 -6.76597591423594 
159.545496322939 94.3823993168043 20.775345630357 -6.76740314136054 
161.704573016823 95.6551301488115 20.7700448207351 -6.76862307842175 
163.864773467444 96.9257774649002 20.7656945586623 -6.76965577368933 
166.026040888409 98.1945203639761 20.7621459361892 -6.77050681233739 
168.188211298886 99.4615191028855 20.7592707483522 -6.77121965834512 
170.351212670112 100.726975720237 20.7569439079326 -6.77179238485969 
172.514870204358 101.991103964093 20.7550653554929 -6.7722734420965 
174.679118789536 103.254102452747 20.753543784963 -6.7726663151435 
176.843836970074 104.516134563786 20.752312018375 -6.77299271115456 
179.00895857822 105.777346597805 20.7513047590971 -6.77325534775952 
181.174378891776 107.037888137478 20.7504866772356 -6.77347100126897 
183.340037881366 108.297898095974 20.7498052014032 -6.77366528764745 
185.505868384575 109.557492289549 20.7492563253896 -6.77381181923359 
187.671799109096 110.816786445051 20.748799686193 -6.77394061802022 
189.837757560329 112.07591862812 20.7484376877974 -6.7740307018713 
192.003650941007 113.335042772363 20.7481568914305 -6.77411609613606 
194.169399000502 114.594282377526 20.7479624829462 -6.77416995106338 
4.33754597379514 0.0145960740811038 20.74795038179 -6.77417476458574 
6.50157081326058 1.27511955255368 20.7481653208799 -6.77409820795997 
8.66520333893915 2.53641564592129 20.7485376373342 -6.77398063341017 
10.8283411484583 3.7986411880218 20.7491040412568 -6.77380467974458 
12.9909044054879 5.06196944108129 20.7499148563986 -6.77355258501856 
15.1527875725461 6.32657138000012 20.7510145906363 -6.77322091345543 
17.3139182616626 7.59259413609231 20.7524506168574 -6.77280164515478 
19.474224994504 8.86016043528538 20.7542496558045 -6.7722864677007 
21.6336770807451 10.1293636472998 20.7564131108564 -6.77167221476244 
23.792217046298 11.4002726821481 20.758910441431 -6.77098035940876 
25.9498604407418 12.6729117577994 20.7616754114342 -6.77023195863841 
28.1066406067319 13.9472251605573 20.7646087014637 -6.76944576569297 
30.2626064842736 15.2231359411185 20.7675885671571 -6.76866099080204 
32.4178454573386 16.5005351851835 20.7704838647443 -6.76790404820741 
34.5724515644309 17.7792312808288 20.773167647697 -6.76721493243924 
36.7265734391998 19.0589652442561 20.7755267283145 -6.76661414337078 
38.880368952849 20.3394915067901 20.777470880114 -6.766115227995 
41.0339697806821 21.6205371337137 20.7789339256848 -6.76572624032329 
43.1875175285621 22.9018958574619 20.7798787850664 -6.76547153566782 
45.3411295245799 24.1832918976083 20.7803009888073 -6.76533385770689 
47.4949578427174 25.4644877890866 20.7802276885738 -6.76531320831095 
49.6491099150333 26.7452294414893 20.7797214894227 -6.76537954308174 
51.8036955509372 28.0253427288422 20.7788730850289 -6.7655446927102 
53.9587939688987 29.3046701971194 20.7777982565916 -6.76576027446108 
56.1144578061054 30.5830748616007 20.7766217198301 -6.76601213314871 
58.2707582079213 31.8603891027427 20.7754742260539 -6.76627695262813 
60.4277670419451 33.1364809834235 20.7744664230702 -6.76651731076704 
62.5855132731697 34.4112465971071 20.7736889741125 -6.76669892926356 
64.7440025734597 35.684677727996 20.7732028659689 -6.76682070981961 
66.9032077214638 36.9567735114318 20.7730403369957 -6.76685819094696 
69.0631034315751 38.22761371105 20.7732030749539 -6.76682068307329 
71.2236255349515 39.4972562400064 20.7736739102408 -6.76670499656734 
73.3847420174741 40.7658151533906 20.774424205652 -6.76651638262301 
75.5463594034579 42.0333693529804 20.7754183129869 -6.76625601239727 
77.7084212893479 43.3000872921011 20.7766235566467 -6.7659436681568 
79.8708215805196 44.5660875658354 20.7780111164855 -6.76558633178423 
82.0335067073532 45.8315399610501 20.7795617115091 -6.76518935595279 
84.1963677671678 47.0965579614094 20.7812610862643 -6.76476102184602 
86.3593634330376 48.3613051916304 20.7831136667443 -6.7643046241746 
88.5223684683028 49.6259056105735 20.7851262534962 -6.76382563707293 
90.6853476467625 50.8905129415307 20.7873188432312 -6.76330371963636 
92.8481580569954 52.1552682562666 20.789725033873 -6.76276162619768 
95.0107585433183 53.4203415944699 20.7923800099715 -6.76217301875281 
97.1729935627675 54.6859174846223 20.795331863033 -6.76154830132732 
99.3347771483788 55.9521989741341 20.7986337590018 -6.76087584538171 
101.495978464794 57.2193561947914 20.8023467946253 -6.76015604701191 
103.656494118564 58.4875874116971 20.8065348982979 -6.75935410817451 
105.816177230655 59.7570944199617 20.8112620175566 -6.75849623908603 
107.974919761416 61.0281095546978 20.8165903512345 -6.75755262861115 
110.132574771529 62.3008104670019 20.8225647835483 -6.75652844152789 
112.289063681341 63.5753791591562 20.8292112198701 -6.75541081052438 
114.444273132576 64.8519594836571 20.8365191696927 -6.75421509169944 
116.598141863189 66.130681219881 20.8444169896223 -6.75295171099998 
118.750638080416 67.4116105919405 20.8527612853592 -6.75165122616793 
120.90176826673 68.6947513201105 20.8613130125917 -6.75034447626479 
123.051576280485 69.9800652996142 20.8697272168385 -6.7490816355599 
125.200139904572 71.2674392771687 20.8775548290991 -6.7479189555212 
127.347577372622 72.5567244121241 20.8842646410143 -6.74694378525634 
129.494041698051 73.8476765276748 20.8892742606029 -6.74621397238617 
131.639734026602 75.1400019045342 20.892016431987 -6.74581897820531 
133.78485379878 76.4333466214139 20.8920165572937 -6.74581870329683 
135.929666933081 77.7273041516045 20.8889938612066 -6.74627246680459 
138.074415067381 79.0214203128864 20.8829483704457 -6.74718484172052 
140.219394912544 80.3152054500632 20.8742003340284 -6.74856888238375 
142.364890258366 81.608160113558 20.8633408569715 -6.75034684446856 
144.511199466039 82.8997814245318 20.8511392620286 -6.75242657528548 
146.658553164754 84.1896288440992 20.8384094841419 -6.75470299424215 
148.807178994534 85.477351060703 20.8258671275575 -6.75703763804978 
150.957165623803 86.7627188977177 20.8140535910861 -6.7593188721712 
153.108609313099 88.0456203567592 20.8033044039589 -6.76147616401403 
155.261501280584 89.3260072335031 20.7937844163813 -6.76345978503007 
157.41588034133 90.6038740140619 20.785528422742 -6.76522641844466 
159.571681870168 91.8792890628641 20.7784934283231 -6.76677317193278 
161.728849837569 93.1523617018123 20.7725866467103 -6.76809261303509 
163.887263703511 94.4232975980203 20.767691590601 -6.7692203712023 
166.046825545432 95.6922623849129 20.7636754889216 -6.77015593083417 
168.20742358991 96.9594345096757 20.7604119965242 -6.77094028788626 
170.368968564654 98.2249811388138 20.7577746210558 -6.77157659144178 
172.531310133238 99.4891463221073 20.7556546202419 -6.77209734228049 
174.694341956492 100.752120817665 20.7539568777617 -6.77253021817951 
176.857964056135 102.014089261968 20.7525931629666 -6.77288004828637 
179.022088453548 103.275188982269 20.751500816747 -6.77317000125602 
181.186618417325 104.535579439278 20.7506185107194 -6.77340811328972 
183.351467886399 105.795401104791 20.7499081254875 -6.77361257468108 
185.516572492102 107.054794393098 20.7493306754363 -6.77376836980981 
187.681868918956 108.313857570909 20.7488651633285 -6.77391018376515 
189.847276343064 109.572710222947 20.7484887512019 -6.77401278390272 
192.012715139053 110.831505026317 20.7482010506841 -6.77409567758965 
194.178087428691 112.090391526156 20.7479872454832 -6.77415979171829 
196.343341814539 113.349483217586 20.7478519915135 -6.77420407838279 
8.67360718637008 0.0298995168783907 20.7483782558637 -6.7740254689446 
10.8367223263518 1.29154331728633 20.7488115727208 -6.77387902057684 
12.9993538611494 2.5542185495018 20.7494735375662 -6.77367410061835 
15.1613753281929 3.81810960257896 20.7504045063444 -6.7733787128222 
17.3227225858096 5.08337208089164 20.7516702454943 -6.77301474531108 
19.4833137120843 6.35015293005214 20.7533037065401 -6.77254224975538 
21.6431088058451 7.61854595932613 20.7553227610039 -6.77198337536998 
23.8020546319233 8.88864555705955 20.7577211055288 -6.77131784704288 
25.9601382851892 10.1604902070956 20.7604430122873 -6.77059756940254 
28.1173751567262 11.4340778430298 20.7634047376572 -6.76981428594103 
30.2738220690892 12.7093371228158 20.7664855463752 -6.76902910194233 
32.4295438478445 13.9861733295043 20.7695502294654 -6.76824721481802 
34.5846475645562 15.2644404778844 20.772457654058 -6.76752511262137 
36.7392329175931 16.5439095633999 20.7750801299822 -6.76687226659329 
38.893487231414 17.8243365621853 20.7773071501727 -6.76632823126021 
41.0475189528802 19.1054455072567 20.7790551926521 -6.76587201504571 
43.2015055556775 20.3870095379835 20.7802716319651 -6.76555281361909 
45.3555548004746 21.6687742962115 20.780936750608 -6.76535098137497 
47.5098318418185 22.9504925309209 20.7810661216716 -6.76526865776659 
49.6644263260931 24.2319081870974 20.7807099083543 -6.76529166565272 
51.8194892527011 25.5128082989654 20.7799500469639 -6.76540191372417 
53.9750814751562 26.7930255508472 20.7788970533341 -6.76559217931663 
56.1312952674816 28.0724292788841 20.7776804424801 -6.76582588049563 
58.2881574354 29.3508334145523 20.7764352409446 -6.76608699395902 
60.4457636524387 30.6281052194723 20.7752870902546 -6.76634011497809 
62.6041296389044 31.9041084738806 20.7743400380019 -6.76655138012359 
64.7632824644199 33.1787856872689 20.7736741028238 -6.76670560150774 
66.9232002655246 34.452126711617 20.7733370407838 -6.76677887340745 
69.0838437883627 35.7241860258099 20.7733442670914 -6.76677688204841 
71.2451600458151 36.9950259821377 20.7736893966762 -6.76670178639084 
73.4071044972224 38.2647209407358 20.7743406567145 -6.76654765739592 
75.5696079240753 39.5333753761321 20.7752637681982 -6.7663285780095 
77.7325894773438 40.801107063736 20.7764181233172 -6.76605237025475 
79.8959605107501 42.0680568646608 20.7777705179999 -6.76573188090837 
82.0596299119268 43.3343696973934 20.7792863696522 -6.76536157322789 
84.223514528543 44.6001861464317 20.7809489862836 -6.76496896676169 
86.387545995115 45.8656423451258 20.7827448556587 -6.76454723738638 
88.5516301574149 47.130879237527 20.784677480569 -6.76409010711036 
90.7156883241604 48.3960331350363 20.786756168546 -6.76361351213081 
92.8796171443223 49.6612502676738 20.7890077139685 -6.76311148482765 
95.0433538733051 50.9266868602502 20.7914590625794 -6.76256986870147 
97.2067568890289 52.1925199940381 20.7941567003705 -6.76198961400083 
99.3697402386871 53.4589339282886 20.7971457920169 -6.76137251454444 
101.532155444666 54.7261098281311 20.8004902441759 -6.76070450274043 
103.693920127689 55.9942385774163 20.8042467590511 -6.75997162513988 
105.854856841434 57.2634995886927 20.8084929293543 -6.75917227132361 
108.014866567657 58.5341188472708 20.8132866900494 -6.75829883673923 
110.17378574633 59.8062946631233 20.8186969181154 -6.75734126544416 
112.331503951497 61.0802020944301 20.8247624967462 -6.75629574897192 
114.48789662589 62.3559831757174 20.8315063753448 -6.75515609230507 
116.64288275382 63.6337851955501 20.8388922052422 -6.75394531120254 
118.796388567327 64.9137012472214 20.8468335765133 -6.75266707525195 
120.948393175944 66.195762289683 20.8551446448747 -6.75136352178889 
123.098916965576 67.479948608181 20.8635496742272 -6.7500642362431 
125.248017319362 68.7661839088473 20.8716532078682 -6.74883729185707 
127.39577841975 70.0543423361314 20.8789741935885 -6.74774945307792 
129.542364104951 71.3442289468024 20.884946977903 -6.7468651566607 
131.687921390395 72.6355731650998 20.8889947422035 -6.74626854184388 
133.832693588306 73.9280568327128 20.890568715079 -6.74603038546047 
135.976887455519 75.221292179386 20.8892747983772 -6.74621627271631 
138.120792266196 76.514867470576 20.8849466452134 -6.74686370766136 
140.264655845003 77.8083010048016 20.8777362321034 -6.74798067851529 
142.408819399421 79.10110535581 20.868090249083 -6.74953310573693 
144.553552163282 80.3927795268775 20.8567037641484 -6.75144585249223 
146.699161555796 81.6828547042069 20.8443802756534 -6.7536146173969 
148.845877346389 82.9709348469406 20.8318996513367 -6.7559069686179 
150.993887263987 84.2567482417687 20.819884763422 -6.75821161334421 
153.143261646973 85.5401176045308 20.8087600599015 -6.76041769828382 
155.294089061283 86.8209904732894 20.7987503748147 -6.76247799579401 
157.446363813725 88.0993389221759 20.7899434580808 -6.76433834047344 
159.600123447107 89.3752196167159 20.7823290056514 -6.76598984143033 
161.755297722597 90.6487018579173 20.7758466087736 -6.7674114904493 
163.911831543972 91.9199846518461 20.7704007066934 -6.76862442200701 
166.069584300434 93.1892268514873 20.7658850022002 -6.76965074030553 
168.228503537063 94.4566309410423 20.7621792235687 -6.77051437238771 
170.388457932113 95.7223542358491 20.7591686443187 -6.77121951769415 
172.549366770817 96.9866169638189 20.7567409785071 -6.77179750337244 
174.711067328509 98.2496201208167 20.754794622512 -6.77227828969451 
176.873485907264 99.5115825988202 20.7532397111686 -6.77267116425407 
179.036489807315 100.772629798899 20.7520034219189 -6.77299332683532 
181.200019329594 102.032931306382 20.7510104356774 -6.77325418446828 
183.363964528487 103.292620114847 20.750224946328 -6.77347417525216 
185.52826111731 104.551849345828 20.749585288412 -6.77365884920573 
187.692818960697 105.810709706957 20.7490814523869 -6.77381018934724 
189.857590221668 107.069339814839 20.7486740255459 -6.7739398565386 
192.022481044462 108.327857848169 20.7483544642924 -6.77403247192623 
194.187397731597 109.586423757246 20.7481133262005 -6.77411503285791 
13.0081137938426 0.0467270618864634 20.7491737705191 -6.77375959942913 
15.1702058561748 1.30996427948831 20.7499398548461 -6.77351420497098 
17.3316990142615 2.57451737376763 20.7510208531857 -6.77318884700069 
19.4925064483211 3.84054189303697 20.7524747798868 -6.77276719878816 
21.6525712184227 5.10815867849586 20.7543266512146 -6.77225382860832 
23.8118463958627 6.37747620121361 20.7565946815855 -6.77164069532147 
25.9703140503901 7.64854577832537 20.7592359387427 -6.77094229356399 
28.1279515742025 8.92140121863237 20.7621884654223 -6.77018421470449 
30.2848162795866 10.1960001998698 20.7653341198441 -6.76939041650398 
32.4409586083868 11.4722757125529 20.7685415835938 -6.76859406930788 
34.5964960750738 12.7500866882423 20.7716562372445 -6.7678343403746 
36.7515076972278 14.0292536540333 20.7745374885559 -6.76714340695758 
38.9061623470339 15.3095199120213 20.7770524272237 -6.76653194315511 
41.0605877677032 16.5906581181227 20.7791032793713 -6.76603329802648 
43.2149503538729 17.8723814448085 20.7806143281791 -6.76563538612458 
45.3693804687396 19.1544867237705 20.7815556067901 -6.76537631653248 
47.524025496933 20.436682148403 20.7819213970761 -6.76521457212318 
49.6790083457328 21.7187327052395 20.7817558429775 -6.76519531269729 
51.8344663968273 23.0003943643776 20.7811259570753 -6.76524424581724 
53.9904762297456 24.2814959301012 20.7801424264233 -6.76539327469317 
56.1471401119216 25.5618636530684 20.7789260986091 -6.76559085501707 
58.3045064226114 26.8413477494468 20.7776222969011 -6.76584420380913 
60.4626356736963 28.1197656071654 20.7763594910772 -6.76609568849722 
62.6215676258385 29.3969971912824 20.7752641971342 -6.76632804366134 
64.7813177014931 30.6729292393872 20.7744241763078 -6.76651522908827 
66.9418992440614 31.9475400141271 20.7739090843748 -6.76662783269835 
69.1032363357053 33.2208344418327 20.7737459849585 -6.76666102886259 
71.2653014939738 34.492880100582 20.7739414257755 -6.76662388029087 
73.4280207178524 35.7637430311481 20.7744660623715 -6.76651601890773 
75.5913483431099 37.0335185754672 20.7752877033583 -6.76633760493528 
77.7551840223214 38.3022914307306 20.7763598497957 -6.76610248796036 
79.9194697338355 39.5702128479103 20.7776439693342 -6.76580942920901 
82.0840752274521 40.8374115060224 20.7790960397699 -6.76549530240187 
84.248942486187 42.1040319127522 20.7806908522657 -6.76513841747244 
86.4139653003005 43.3702221340944 20.7824037119478 -6.76476821894603 
88.5790864384724 44.6361158496301 20.7842289101217 -6.76435329040527 
90.7441896006732 45.9018398001649 20.7861660766007 -6.76393283915521 
92.9092158308388 47.1675401968453 20.7882334088261 -6.76347821847546 
95.074057772911 48.4333664793318 20.7904478920283 -6.76300067859487 
97.2386081812395 49.6994747086891 20.7928524944531 -6.76248323904339 
99.4027651427723 50.9660573988014 20.7954812818155 -6.76194287817745 
101.566402522944 52.2332769460283 20.7983958775676 -6.76135173476786 
103.72940567522 53.5013176738408 20.8016490963018 -6.76070804681145 
105.891623181041 54.7703655778918 20.8053174978742 -6.76000256648896 
108.052931260284 56.0406167717161 20.8094648337818 -6.75922400804832 
110.213168284044 57.3122755485658 20.8141678335595 -6.75836078092193 
112.372192894761 58.5855210610756 20.8194837338376 -6.75742010093557 
114.529889551853 59.8605027808529 20.8254609592176 -6.75637361699048 
116.686124843938 61.1373718715147 20.8321047737817 -6.75524451957239 
118.840809894532 62.4162430515581 20.8393808748781 -6.75403135890229 
120.99389697541 63.6971832731009 20.8471670892139 -6.75276444502272 
123.145362931929 64.9801867707551 20.8552635342058 -6.75146449604036 
125.295249557653 66.2652102038277 20.8633497797629 -6.75019582013522 
127.443605787102 67.5521476012138 20.8710133503697 -6.74901365236288 
129.590580342909 68.8408566221795 20.8777352336953 -6.74798354312388 
131.736283229285 70.1310995552689 20.8829494340913 -6.74718666719193 
133.880969384164 71.4225965437554 20.8860733141581 -6.74671017388615 
136.024820795663 72.7149851174722 20.8866176414872 -6.74659579569096 
138.168124265187 74.0078765778773 20.8842632501266 -6.74694256338174 
140.311140411605 75.3008132382404 20.8789733800065 -6.74774511999456 
142.454198974722 76.5933293539403 20.87101166973 -6.7490171705542 
144.597579318596 77.8849260013731 20.8609355566765 -6.75067823977871 
146.741622295321 79.1751347420637 20.8494857951229 -6.75266954251726 
148.88658185572 80.4635106211859 20.8374648267069 -6.75484410947561 
151.032711217922 81.7497313953442 20.825574276893 -6.75709797953449 
153.180120328543 83.0335705307516 20.814331158962 -6.75931418051131 
155.328936753668 84.3149350806165 20.8040404572672 -6.76141215016341 
157.479154681403 85.5937915121469 20.7948469693517 -6.76333718497445 
159.630856093853 86.8701610988256 20.7867771669757 -6.76506517143499 
161.783999004253 88.1441257386956 20.7797999468769 -6.7665799779386 
163.938575954064 89.4158092702014 20.7738472041025 -6.76787529556294 
166.094461053233 90.6853996371879 20.7688343696012 -6.76898617922312 
168.251593405319 91.9530893904522 20.7646626860551 -6.76992208565081 
170.409868568786 93.2190602024364 20.7612298835504 -6.77070596197627 
172.569207528493 94.4834903202519 20.7584339698718 -6.77135145489481 
174.729474542105 95.7466054109077 20.7561728682236 -6.77189123951339 
176.890565568362 97.0086035305349 20.7543612926718 -6.77233482020578 
179.05235994798 98.2696594399181 20.7529104783077 -6.77270537451451 
181.214780112558 99.5299111724099 20.7517527425491 -6.77301590690423 
183.377717568366 100.789517569472 20.7508325200941 -6.77326499496957 
185.54110085932 102.048623965699 20.7500933312547 -6.77348590621638 
187.704840130804 103.307342527455 20.7495059001359 -6.77365615731225 
189.868878872125 104.565787164361 20.7490346701397 -6.77381432939645 
192.033124369157 105.824075593256 20.7486672366826 -6.77392431278416 
17.3409888564315 0.0660313377016295 20.7505234898672 -6.77332827653302 
19.5019455560255 1.33134447894368 20.7517784127991 -6.77295984471522 
21.6622095342947 2.5982186833462 20.7534432593334 -6.77248373189007 
23.8217416479341 3.8667785720977 20.7555456286666 -6.77192696276968 
25.9805161701226 5.13709851710515 20.7580735136525 -6.77126030831496 
28.138506519988 6.40921558521449 20.7609724349387 -6.77052773164323 
30.2957329232223 7.68314238107314 20.7641473141133 -6.76974117107412 
32.4522522304256 8.95883756596686 20.767462095373 -6.76894074782654 
34.6081433340976 10.2361749369761 20.7707628003249 -6.76814605104078 
36.7635303925302 11.5150037919453 20.7738895355364 -6.76740876314389 
38.9185362500367 12.7950812116503 20.7766965534931 -6.76674439014 
41.0733141205663 14.0761841531485 20.779058427073 -6.76618631505791 
43.2279995821268 15.3580434317316 20.7808872864307 -6.76572656486271 
45.3827569555693 16.6404309912752 20.7821256240973 -6.76539608966676 
47.5377133627578 17.9230664003448 20.7827624435495 -6.7651726747456 
49.6930163670935 19.2057111668847 20.7828193800216 -6.76508561722292 
51.848797280493 20.4881041773574 20.7823623481922 -6.76508589535041 
54.0051552591382 21.7700668070317 20.7814842289822 -6.76518161245474 
56.1621854096381 23.0513906284435 20.7803128127427 -6.76534798616698 
58.3199686667379 24.3319278386872 20.7789839724881 -6.76556987816079 
60.4785437017221 25.6114859811146 20.7776441420137 -6.76581254973155 
62.6379650756907 26.8899347627471 20.7764182814766 -6.76605201773474 
64.7982480948503 28.1671217698191 20.7754193003125 -6.76625998415711 
66.959406085104 29.4430050188656 20.7747235025576 -6.76640325748147 
69.1213826767153 30.717554610628 20.7743830605998 -6.76648312688642 
71.2841355877957 31.9908213225314 20.7744082311678 -6.76648205561745 
73.4475733899143 33.2628675894344 20.7747831154201 -6.76641187000658 
75.6116537950863 34.5337680664517 20.7754734739458 -6.76627351487892 
77.7762886749234 35.8036109670375 20.7764355458208 -6.76608661586875 
79.9414047042809 37.0725157675245 20.7776206074098 -6.76584329364344 
82.106884687458 38.340609090918 20.7789838084329 -6.76556779196896 
84.2726643567744 39.6080575535082 20.7804855267312 -6.76526344365385 
86.4386261870963 40.8749861928531 20.7820951624412 -6.76493953829588 
88.6047168366705 42.1415400684657 20.7837943258221 -6.76458795972514 
90.7708230983016 43.407843008655 20.7855770200845 -6.76423253911752 
92.9368809682305 44.6740383410094 20.7874461744406 -6.76384378031934 
95.1027826710145 45.940263538777 20.7894170625037 -6.7634399685575 
97.268431356489 47.2066709751536 20.7915151159629 -6.76300037072829 
99.4337212611492 48.4734316047313 20.7937740950839 -6.7625493360947 
101.598535165084 49.7407144329449 20.7962392178139 -6.76204472953227 
103.762744954081 51.0086964720329 20.7989653263264 -6.76150704014532 
105.926221320771 52.277547789547 20.8020164095681 -6.76091078927484 
108.088820348943 53.5474618430138 20.8054618027072 -6.76025367592673 
110.250390146478 54.8186262918012 20.8093786838576 -6.75951071299066 
112.41076888986 56.0912216885767 20.8138390849688 -6.75869114640368 
114.56981961351 57.3654138353186 20.8189102480541 -6.75776814814324 
116.727403995039 58.6413506668297 20.8246365164476 -6.75675325178906 
118.883408092723 59.9191634073595 20.8310260884921 -6.75564024904631 
121.037748463003 61.1989431779632 20.8380287288916 -6.75445282211144 
123.19036066711 62.4807127957354 20.8455157668066 -6.75319704531732 
125.341261488224 63.7644674929427 20.8532628868254 -6.75192421824862 
127.490470824958 65.0501232743841 20.8609350951498 -6.75068062536128 
129.638103062351 66.3375654310546 20.8680911543012 -6.74953466460294 
131.784253755351 67.626605596166 20.8742006985559 -6.7485619446824 
133.929133621188 68.9169891186133 20.8786850414521 -6.74784358291257 
136.072945703842 70.208409002904 20.8809940372042 -6.74744984185463 
138.215939114028 71.5004679701198 20.8806907603536 -6.74746293320676 
140.358393278599 72.792781339194 20.8775551812222 -6.74792523319746 
142.500610700231 74.0848678190608 20.8716532832324 -6.74883691777045 
144.64289994989 75.3762647185879 20.8633507595544 -6.75019953000946 
146.785602034687 76.6664787605315 20.8532621710563 -6.75192377204253 
148.929010661843 77.9550766917211 20.8421498455695 -6.75392214063997 
151.07340918724 79.241656204224 20.8307616403916 -6.75604991706083 
153.218985830876 80.5259578665812 20.819707779041 -6.75821852853552 
155.365874012658 81.8078183073679 20.8093868539119 -6.76029795790163 
157.514136419657 83.0872036464107 20.80001405989 -6.76225891461596 
159.663821909738 84.3640915807444 20.7916593033346 -6.7640348406911 
161.814968010699 85.6385782084815 20.7843234067774 -6.76562103491812 
163.967551750477 86.9107217648818 20.7779579691481 -6.76699410923789 
166.121532832028 88.1807319004494 20.7725041106577 -6.76818163055819 
168.276820146592 89.4487627089244 20.767883886443 -6.7691959795451 
170.433339789595 90.7150403876754 20.7640169779711 -6.77005494882026 
172.591007166109 91.9797205627814 20.7608128038063 -6.77078209225249 
174.749736048376 93.2430221094558 20.7581869179812 -6.77137813057878 
176.909399949785 94.5051292208355 20.7560479682167 -6.77188620998302 
179.069878401669 95.7662413290396 20.7543209558438 -6.77230656980623 
181.231082632355 97.0265067901489 20.7529328988077 -6.77267367282507 
183.392913485776 98.2860911266059 20.7518165550153 -6.77296136165367 
185.55528700786 99.5451208968487 20.7509216939984 -6.77322392988686 
187.718110779904 100.803737708694 20.7502071718182 -6.77343389487466 
189.88131177865 102.062043348851 20.7496271372487 -6.77361826542145 
21.6721755498383 0.0887150835167534 20.7527047015848 -6.77269028570664 
23.8319067103977 1.35654342423846 20.7546147341153 -6.77217309409065 
25.9909064405803 2.62612440552688 20.7569898228821 -6.77155275255877 
28.1491916078462 3.89752590251166 20.7597951523012 -6.77084611364122 
30.306718977159 5.17077520263063 20.7629544333158 -6.77007501908282 
32.4635664985062 6.4458578421953 20.7663368630731 -6.76927051690328 
34.6197664193294 7.72269930040101 20.7697922754817 -6.76846314365642 
36.7754747326628 9.00115460481399 20.7731452926409 -6.76769401054731 
38.9307689571028 10.2810128676957 20.7762353748429 -6.76697274301461 
41.085836336642 11.5620390737536 20.7789129092944 -6.76635316526517 
43.2407932443336 12.8439976579895 20.7810717441873 -6.76583451509556 
45.3958210610638 14.1266267385091 20.7826297798008 -6.76542220450235 
47.551035362736 15.4096821423656 20.7835638847379 -6.76513899172546 
49.7066054929214 16.6928704178763 20.7838744627199 -6.76497096284068 
51.8626416310017 17.9759692684093 20.783623331944 -6.76491707344845 
54.019281815729 19.258746294636 20.782889021345 -6.76495525527815 
56.1766077651673 20.5410207391546 20.7817994735144 -6.76508392607235 
58.3347202667587 21.822589781399 20.7804845013018 -6.76526381243521 
60.4936608716276 23.1032853043169 20.7790983300039 -6.76549155170436 
62.6534909893435 24.3829255811582 20.7777685738092 -6.76572739593276 
64.8142252262303 25.6613785019669 20.7766252413815 -6.76594490022638 
66.9758748962546 26.9385317743161 20.7757542655139 -6.76610955050169 
69.1384066399463 28.214350681161 20.7752292750812 -6.76622361072029 
71.3017664198354 29.4888415932115 20.7750661895251 -6.76626424372758 
73.4658707875596 30.7620636465082 20.775269389952 -6.76623839341928 
75.6306408692946 32.0340906644068 20.7757998868483 -6.76615866703484 
77.7959934714194 33.3050082007463 20.7766234269745 -6.76601152526753 
79.9618626486489 34.5749083713347 20.7776795456323 -6.76582480080341 
82.1281487808021 35.8439209902279 20.7789283350199 -6.76559447023226 
84.2947559808651 37.1121833684918 20.7803111310384 -6.76535385364387 
86.4615939759182 38.3798588588842 20.7817995180877 -6.76507983829709 
88.6285729254466 39.647082579633 20.7833572635398 -6.76479551804332 
90.7956046464867 40.9139739950941 20.7849770789983 -6.76449269503884 
92.9626212908876 42.1806703136752 20.7866444185688 -6.76417798096181 
95.1295113423907 43.4472977784118 20.788374374536 -6.76384536352541 
97.2961910232465 44.7140148881609 20.7901737950727 -6.76350207716884 
99.4625369820034 45.9809612409412 20.7920753508469 -6.76313362736563 
101.628462223905 47.2483326923576 20.7941068673459 -6.76273780892801 
103.793822465017 48.5162660959375 20.7963199714877 -6.76230755237377 
105.95850173944 49.7849448985411 20.7987643565546 -6.76183065724155 
108.122356857536 51.054528967328 20.8015112235715 -6.76129557976667 
110.285224664689 52.3252188836119 20.8046292176868 -6.76069620992525 
112.446950517049 53.5971938066174 20.8082041196803 -6.76001494659724 
114.607379121813 54.8706078486922 20.8123096123716 -6.75924664263756 
116.766363092714 56.1456162114363 20.8170228690978 -6.75837029265028 
118.923761912493 57.4223728219121 20.8223873956549 -6.75739596496593 
121.079464832804 58.700975274908 20.8284137215128 -6.75631050074707 
123.233396400467 59.9814932677195 20.8350463467963 -6.7551450558824 
125.385502204578 61.2639195729758 20.8421504595403 -6.75391295124673 
127.535809185376 62.5482342821938 20.8494853955229 -6.75267014899488 
129.684345840892 63.8343233637046 20.8567046500196 -6.7514447072389 
131.831235333702 65.1220790597265 20.8633406365229 -6.75034691350394 
133.976609730102 66.4112513034611 20.8688558299178 -6.7494071238417 
136.120696864197 67.7015726058932 20.8726810468463 -6.74875336188198 
138.263691113969 68.9926877889095 20.8743066233101 -6.74842631880189 
140.405896281362 70.2842316872987 20.8733641838221 -6.74853426611768 
142.547574900207 71.5757554783878 20.8697269875506 -6.74906604171901 
144.689071228949 72.8668133736195 20.8635476800773 -6.75007255004024 
146.830702722509 74.1569193148039 20.8552625381137 -6.75146251211444 
148.972815010791 75.4456267782178 20.8455156012215 -6.7531996497153 
151.115682047816 76.7325035184941 20.8350468973681 -6.75514048641472 
153.259594244377 78.0172368902565 20.8245269171048 -6.75719674208112 
155.404692346202 79.2996003589057 20.814460618847 -6.7592296608387 
157.551115297498 80.5795222956461 20.8051433139273 -6.76117484614025 
159.698886878597 81.856979171642 20.7967094261227 -6.76297059221809 
161.848095505833 83.132013250379 20.7891864420475 -6.76458869600382 
163.998724936269 84.4047017181281 20.7825532648379 -6.7660247145546 
166.150800597724 85.6751837683167 20.7767636001104 -6.76727152664739 
168.3042254912 86.9436409259235 20.7717655719696 -6.76835260559614 
170.458953889476 88.2102788289906 20.7674943202013 -6.7692741907623 
172.614897493568 89.4752864826586 20.7638868563866 -6.77007407093545 
174.77199655922 90.7388471788485 20.7608668751182 -6.77073922604675 
176.930139454547 92.0011486116632 20.7583652559094 -6.77130627090468 
179.089214825595 93.2623892965506 20.7563069334619 -6.77178845325152 
181.249110582619 94.5227318079672 20.7546272607427 -6.77220123079286 
183.409740919379 95.7823457898548 20.7532567803929 -6.77254707997284 
185.570995672762 97.041356187077 20.7521478178882 -6.77284912793397 
187.73281255363 98.2999207233605 20.7512494575951 -6.77310865343265 
26.0016552818196 0.115630737057687 20.7560211362285 -6.77181739002439 
28.1601469290208 1.38632795743053 20.7586883625471 -6.77114935122723 
30.3179279103831 2.65890475570364 20.7617830208192 -6.77039863324311 
32.4750402733592 3.93337039342787 20.7651881694555 -6.76959088433873 
34.6315206678958 5.20969598955609 20.7687585097125 -6.76877493220693 
36.7874761027971 6.4877447188381 20.7723105769659 -6.76796435799907 
38.9430274972986 7.7673491733014 20.7756680587615 -6.7672148976911 
41.0983125594874 9.04825407406415 20.7786609948225 -6.7665192945934 
43.2534914325986 10.3302648036054 20.7811575016448 -6.76594260234768 
45.4087145286385 11.6131025255997 20.7830557081458 -6.7654566570387 
47.5641434551016 12.8965231269262 20.7843087722086 -6.76510753022307 
49.7199087563072 14.1802283075784 20.7849038963402 -6.76486131042299 
51.8761557587924 15.4639939438361 20.7848888284527 -6.76473895429304 
54.0330042646125 16.7475676485472 20.7843330713069 -6.76471856681369 
56.1905674502708 18.0307525721948 20.7833594674764 -6.76479431026883 
58.3489321852087 19.3133384832003 20.7820944497596 -6.76493718799707 
60.5081601609559 20.5951450738276 20.7806926407276 -6.76513728414772 
62.6683135162971 21.8759720123119 20.7792857633829 -6.76536666471647 
64.829421785859 23.1556713747809 20.7780133215958 -6.76558656253657 
66.9914783147082 24.4341030119343 20.7769741029904 -6.76577898473103 
69.1544699763953 25.7111885363063 20.7762572575967 -6.76592067966924 
71.3183435182468 26.9869105360172 20.7758924428359 -6.76600289802178 
73.4830233264641 28.2613155360062 20.7758992111248 -6.76601868561107 
75.6484030680539 29.5344684329486 20.7762432958429 -6.76598552721282 
77.814412688325 30.8064462518602 20.7768954900021 -6.76588967381595 
79.9809556524002 32.0773446852115 20.7777959697911 -6.76576636986236 
82.1479566005589 33.3472713664309 20.7788985795871 -6.76558751850922 
84.3153116875048 34.6163761234713 20.7801399016833 -6.76540089963047 
86.4829378008402 35.8848059216333 20.7814854322471 -6.76517373327746 
88.6507324848357 37.1526950132211 20.7828885804889 -6.76495851856708 
90.8186174431098 38.4201671259308 20.7843353752616 -6.76471602857243 
92.9865095400053 39.6873671298304 20.7858025069074 -6.76448546145314 
95.1543098544102 40.9544019227477 20.7872961880333 -6.76421772799146 
97.3219280033186 42.2214279787805 20.7888142889456 -6.7639673149506 
99.4892643712101 43.4885795704757 20.790378477526 -6.7636782774538 
101.656207287964 44.7560350760756 20.7920078894947 -6.7633912161464 
103.82264138296 46.023936815422 20.7937443984045 -6.76306495772039 
105.988444697169 47.2924556975224 20.7956256890953 -6.76271905788175 
108.153480487929 48.5617391536254 20.7977176994922 -6.7623029148308 
110.317582706084 49.8319772655159 20.8000816305961 -6.76185483722553 
112.480615338654 51.1033360715446 20.8028018600825 -6.76131934383735 
114.642390603188 52.3759888143239 20.8059614727658 -6.76070924931408 
116.802768795549 53.6500884868366 20.8096516957824 -6.75998853699156 
118.96158285167 54.9257911705442 20.8139480649098 -6.75917193373294 
121.11871454205 56.2032161361573 20.8189036248117 -6.75823770641726 
123.274056434787 57.4824505005948 20.8245272806644 -6.75719382895796 
125.427518112143 58.7635269155228 20.8307617098813 -6.75605052411017 
127.579096759002 60.0464456554643 20.8374638994394 -6.7548528942561 
129.728781034145 61.3311397831283 20.8443805206556 -6.75361195396308 
131.876661659447 62.6175089868344 20.8511391460142 -6.75243346105914 
134.022841342522 63.9053736182214 20.8572670158454 -6.75134076426595 
136.167491610099 65.1944874258481 20.8622258785541 -6.75046118389295 
138.310819566446 66.4845549699766 20.8654797242947 -6.74984227914339 
140.45308969131 67.7752028019375 20.8665674652474 -6.74959175506046 
142.594574147935 69.0660427825404 20.8651949765155 -6.74973831772539 
144.735591285438 70.3566279357245 20.8613136375207 -6.7503430960435 
146.876467024722 71.6465015352226 20.8551449706537 -6.75135922503701 
149.017557271106 72.9351967144508 20.847168242977 -6.75276166126486 
151.159165482855 74.2222905178681 20.8380290366028 -6.75445111971403 
153.301608694951 75.5073995812271 20.8284138295063 -6.75631844657175 
155.445105087971 76.7902773754097 20.8189040130258 -6.75823567775645 
157.589819437828 78.0707512984219 20.8098972410499 -6.76012321903389 
159.735830858521 79.3487953237459 20.801599563086 -6.76190545515275 
161.883207979571 80.6244099257631 20.7940880186842 -6.76353783741161 
164.031983016478 81.8977005516158 20.7873586766974 -6.76500505989163 
166.182178999223 83.1687278900881 20.7813852353614 -6.76629350912785 
168.333776955265 84.4376951800688 20.7761248108101 -6.76741834806301 
170.486715802335 85.7047637350574 20.7715365342277 -6.76839778318497 
172.640928197386 86.9701597109346 20.7675739656378 -6.76924771624718 
174.796355034883 88.2340538845316 20.7641824832103 -6.7699827120374 
176.952907639653 89.4966332798389 20.761309400425 -6.77060571057364 
179.110502605905 90.7580721309078 20.758894990367 -6.77115677666049 
181.269022975912 92.0185575707949 20.7568811394229 -6.77162695169915 
183.428365123804 93.2782541125469 20.7552127920992 -6.77203536605126 
185.588430914687 94.5373149792218 20.7538389558502 -6.77238900144096 
30.3295023650281 0.147539594832576 20.7606759238473 -6.77069034419017 
32.4868142677881 1.42138455016837 20.7640558781338 -6.76989660787223 
34.6435293988876 2.69716757447456 20.7676929390606 -6.76907183880912 
36.799692321719 3.97478746660074 20.7714099623399 -6.76823701544333 
38.9554599180944 5.25408683112028 20.7750098666912 -6.7674412065458 
41.1109226709011 6.53485257896258 20.7783114190497 -6.76670007614726 
43.2662648895163 7.81685102735432 20.7811472790395 -6.76604856617435 
45.4216279115989 9.0998569556908 20.7834002717571 -6.7654992239511 
47.5771860137549 10.3835921103298 20.7849915140845 -6.76507129201766 
49.7330971913975 11.6677946067334 20.7859000565493 -6.76476375494056 
51.8894873257384 12.9521809058525 20.7861473008379 -6.7645585237029 
54.0464847742825 14.2365256633331 20.7858042303143 -6.76448280370691 
56.204208944194 15.5205907999308 20.7849764575325 -6.7644892969279 
58.3627585676266 16.8041852856352 20.7837952779096 -6.76459340646893 
60.5221978792967 18.0870818215283 20.7824049833629 -6.76475453982748 
62.6826026367963 19.3690850409562 20.7809484402243 -6.76497262876316 
64.8439928830987 20.6500158859294 20.7795625087073 -6.76519394751114 
67.006378561168 21.9297101480603 20.7783632649135 -6.76540160293378 
69.1697381824385 23.2080641928324 20.7774465088394 -6.76557334510936 
71.3340284383686 24.4850231123745 20.7768680910453 -6.76568955729434 
73.4991723097086 25.7606148460739 20.7766518082647 -6.76575366215205 
75.665082549535 27.0348813723232 20.7767828298924 -6.7657652576598 
77.8316596669628 28.3079180719574 20.7772321840507 -6.76572909522099 
79.9988023857185 29.5797995294368 20.7779466986018 -6.76564803427195 
82.1664324367046 30.8506485550515 20.7788732570127 -6.76553953052436 
84.3344571595608 32.1205834370332 20.7799493311147 -6.76540140972627 
86.5027857849613 33.3897639005426 20.7811272831963 -6.76524530667008 
88.6713181174191 34.6583149100471 20.7823616568572 -6.76508845949765 
90.8399729723667 35.9263831650419 20.7836224640068 -6.76491503306744 
93.0086555110352 37.1940707280047 20.7848879018063 -6.76474023045589 
95.1772819307208 38.461526314003 20.7861481467552 -6.76456023231472 
97.3457562866881 39.7288471681862 20.787398683946 -6.76438103485816 
99.5139939377638 40.9962104265243 20.7886486508399 -6.76419339421361 
101.681863531896 42.2637490207299 20.7899126462774 -6.76398894365438 
103.849278330119 43.5316380832247 20.7912149815754 -6.76377511405404 
106.016108732055 44.8000022068265 20.7925926850851 -6.76353219922571 
108.182232845108 46.0690019123367 20.7940934380219 -6.76325643141988 
110.347482519845 47.338798659264 20.7957782318779 -6.76293820422394 
112.511727766049 48.6095774000323 20.7977216926488 -6.76255533686046 
114.67479248586 49.8814962969193 20.8000109677835 -6.76209967164442 
116.836511920045 51.1546997165628 20.8027416299675 -6.76154851098072 
118.996727472909 52.4293524819372 20.806008267661 -6.76089420580994 
121.155285621115 53.7056040917397 20.8098964769869 -6.76012098597584 
123.31206523492 54.9835514340001 20.8144601455095 -6.75922858940068 
125.466966490646 56.2632578632976 20.8197073125426 -6.75821697197549 
127.619934298917 57.5447370172066 20.8255742607101 -6.75709785069285 
129.770945199159 58.8279869716824 20.8318993229754 -6.75591164791133 
131.920020444171 60.1129109035274 20.8384091873992 -6.75469935429011 
134.067260017461 61.3993926861977 20.8447178039384 -6.75352894133077 
136.212766898443 62.6872078628077 20.8503547662289 -6.75246967636753 
138.356750033399 63.9761082218337 20.8548088214266 -6.75161999814859 
140.499421538801 65.2657482260893 20.8575855661016 -6.7510460051998 
142.641052364667 66.5557741341132 20.8582817582315 -6.75083931482525 
144.781925524735 67.8457547694352 20.8566685011605 -6.75103245580405 
146.922392429772 69.1352691441774 20.8527611682861 -6.75165335259029 
149.062767247687 70.4238406309341 20.8468322135436 -6.75266883410839 
151.203415919192 71.7110456256101 20.8393791583985 -6.75403234348491 
153.344651008403 72.9964696010243 20.8310256912146 -6.75563893691003 
155.486770007335 74.2798191630249 20.822387148816 -6.75738889853665 
157.629951483042 75.5608517216518 20.813947767358 -6.75917051487319 
159.774370867653 76.8395085877775 20.8060084899407 -6.7608933206039 
161.920061720349 78.115760644932 20.7987043116144 -6.76250264386078 
164.067109680382 79.3896716681902 20.7920672895473 -6.76397507624262 
166.215535753854 80.6613225515166 20.7860790997085 -6.76529487080406 
168.365368723637 81.9308635181728 20.7807113456649 -6.7664498333802 
170.516562120156 83.1984593952292 20.7759319916452 -6.76747328056254 
172.669070636517 84.4643102745748 20.7717110803978 -6.76835915017225 
174.822829345372 85.7286114719055 20.7680130603785 -6.7691396715537 
176.977773973922 86.9915376653383 20.7648071660696 -6.76982365484413 
179.133830636004 88.2532601606695 20.7620464065046 -6.77042456269444 
181.290911975369 89.5139658432796 20.7596917745704 -6.77094861720355 
183.448911971014 90.7738154038508 20.7576979809782 -6.77140781158345 
34.6559396471314 0.185113173142809 20.766640268928 -6.76935613039638 
36.8122780626574 1.46228757621042 20.7704762597886 -6.76850650240953 
38.9681974413548 2.74125073788395 20.7742872212684 -6.76767145279555 
41.1238056454877 4.02182471182645 20.7778769267369 -6.76688970434141 
43.2792628742958 5.30378326576257 20.7810490554833 -6.76616535503026 
45.4347171381222 6.58691272009616 20.7836655871988 -6.76554769176767 
47.5903455726785 7.870928144229 20.7856144292562 -6.76504043884202 
49.7463207023839 9.15557847138568 20.7868592217329 -6.76465256115946 
51.9027817539135 10.440558637911 20.7873972409169 -6.76437895362635 
54.0598668896922 11.7256294756417 20.7872963289695 -6.76422988625154 
56.2176939305145 13.0105593653097 20.7866448309333 -6.76417689039873 
58.3763475619176 14.2951231830292 20.7855775037031 -6.76422928865719 
60.535938516977 15.5790920260568 20.7842283368187 -6.76435944011244 
62.6965037438314 16.8622566543055 20.7827461327943 -6.7645439683646 
64.8580967528754 18.1444044611692 20.7812615282326 -6.76476094645271 
67.0207299138101 19.4253579417977 20.7799089625144 -6.764984389801 
69.1843736249836 20.7049576884222 20.778789066449 -6.76518775490886 
71.348995485482 21.9831456967327 20.7779806121585 -6.76534206298501 
73.5145051078511 23.259910050253 20.7775179020672 -6.76545970371402 
75.6808399140553 24.5353004274553 20.7774067123098 -6.7655181145759 
77.847889543241 25.809380079476 20.7776207506179 -6.76554274386174 
80.0155532876867 27.0822444977595 20.7781189087922 -6.76551470743922 
82.1837297551677 28.3539966477796 20.7788380125863 -6.76547029042304 
84.3523388128959 29.6247667990725 20.7797219923046 -6.76538589226143 
86.5212834330756 30.8946982592822 20.7807093944862 -6.76529756004679 
88.6904638683431 32.1639150734268 20.7817559709995 -6.76518763672957 
90.8598020082053 33.4325564884758 20.7828192945876 -6.7650865718292 
93.0291885974098 34.700736143616 20.7838764238995 -6.76497175342507 
95.1985486211884 35.9685870851808 20.7849046817034 -6.76487000316428 
97.3677906804817 37.2362224678767 20.7859001351096 -6.76475968534616 
99.5368177152783 38.5037865978701 20.7868570411994 -6.76465280773964 
101.70553616459 39.7714215406002 20.7877879672909 -6.76453625700899 
103.873827027311 41.0392898359438 20.7887027580978 -6.76442774392512 
106.041592090111 42.3075096258375 20.7896356340782 -6.76428336896981 
108.208687796273 43.576236759144 20.7906182972003 -6.76412725587646 
110.374994520012 44.8456208426981 20.7917103217576 -6.76392654444698 
112.540353568129 46.1158291203585 20.792972382254 -6.76369047946238 
114.70460979655 47.38702589627 20.7944961726135 -6.76338268057289 
116.86759370534 48.6593663792977 20.7963696967181 -6.76299488036189 
119.029143351484 49.9329942895948 20.7987061774289 -6.76250412381329 
121.189093852844 51.2080846340394 20.8016001708629 -6.76190143636914 
123.347293826944 52.4847406811363 20.8051444513263 -6.7611671842613 
125.503654421325 53.7630698728632 20.8093871193369 -6.76030942904284 
127.658061397821 55.0430980122898 20.8143313489183 -6.75930658949819 
129.810484229874 56.3248581585125 20.8198850017462 -6.75821165473296 
131.96090805035 57.6082980488937 20.8258678037432 -6.75702788434842 
134.109396674247 58.893327164656 20.8319840597466 -6.75583581756351 
136.256020326031 60.1797685812287 20.8378539885685 -6.7546754339537 
138.400936037748 61.4673991495574 20.8430280194456 -6.75365343809623 
140.54432812842 62.755934201899 20.8470388664011 -6.75282696732009 
142.686435797128 64.0450231930549 20.8494364364405 -6.75229764027253 
144.827533218834 65.334280718928 20.8498746339826 -6.75211962192477 
146.967937858348 66.6232914704525 20.8481794758312 -6.75233691222452 
149.10795002563 67.9116098797711 20.8444177810543 -6.75294960490176 
151.247968602989 69.1988076322457 20.8388925626995 -6.75394818490927 
153.388296271979 70.4844634679307 20.8321065397891 -6.75524265439249 
155.529281904852 71.7682250612642 20.8246370198371 -6.75675518703994 
157.671162423082 73.0498314464277 20.8170226990804 -6.75836784777591 
159.814156038358 74.3291179549625 20.8096518135872 -6.75999263157131 
161.958355827223 75.6060399858834 20.8027426061363 -6.76154667387853 
164.103835253275 76.8806186968288 20.7963700831767 -6.76299503823749 
166.250644610832 78.1529565799862 20.7905416651491 -6.76430832127125 
168.398809237418 79.4231394065308 20.7852297373026 -6.76548352224655 
170.548344937307 80.6913367395503 20.7804115754396 -6.7665222151574 
172.699213473861 81.9577308399008 20.7760619721111 -6.7674425439983 
174.851354224363 83.2225037304857 20.7721671639676 -6.76824336792127 
177.004705557952 84.485849727361 20.7687044433955 -6.76896759381951 
179.159215330348 85.7479317061814 20.7656540826686 -6.76959882342637 
181.3148237281 87.0089292137714 20.7629867477049 -6.770175886103 
38.9813883985688 0.228866892857953 20.7735330797171 -6.76788416927196 
41.1371003442137 1.5092118297371 20.7773817570757 -6.76705916681967 
43.2926314162244 2.79109288902986 20.7808820263333 -6.76628014741313 
45.4481401545518 4.07428379897773 20.7838617546714 -6.76559281800032 
47.6037904479276 5.35855174407084 20.7861857552618 -6.76500540763958 
49.7597642471209 6.64359757585714 20.7877864442776 -6.76453350549799 
51.9162338729235 7.9291406780359 20.7886475035463 -6.76419138031571 
54.0733293471072 9.21490519712039 20.7888152311374 -6.76395838451912 
56.2311804492748 10.500660719818 20.7883735747795 -6.76384618217777 
58.3898777898786 11.7861596072559 20.7874469944471 -6.76383743839871 
60.5495293902087 13.0711856320843 20.7861678746637 -6.7639353941371 
62.7101932064996 14.3554822999795 20.78467809987 -6.76409186322928 
64.8719055933662 15.6388313039314 20.7831141256509 -6.76431047747224 
67.0346935592739 16.921017695008 20.7816104792408 -6.76453939333694 
69.1985364274116 18.2018606287664 20.7802830866739 -6.7647803858402 
71.3633980852887 19.481267835763 20.7792261373952 -6.76496727201275 
73.5291888356002 20.7592047434324 20.7784935297923 -6.7651411016901 
75.6958511894251 22.035704052249 20.7781078629337 -6.76524350286815 
77.8632659924031 23.3108286219901 20.7780557781312 -6.76533192016494 
80.0313517284421 24.5846619205068 20.7783016610395 -6.76535412135003 
82.1999938506242 25.8573188655836 20.7787868704624 -6.76537520797037 
84.3690984193568 27.1289156641254 20.7794501409042 -6.76534138293071 
86.5385695841803 28.3995923395629 20.7802272941844 -6.76531711318228 
88.7083201262014 29.6694683778594 20.7810659323644 -6.7652613451852 
90.8782404382367 30.9386674698928 20.7819218228245 -6.76522320468242 
93.0482485875242 32.2073298084776 20.7827623503399 -6.76517149149843 
95.2182435357524 33.4755681235753 20.7835621029309 -6.76513883252267 
97.3881589139285 34.7435001597544 20.7843088882053 -6.7650983793315 
99.5578859241327 36.0112512998353 20.7849922439764 -6.76506911764904 
101.727338903774 37.2789787167317 20.785616477908 -6.76503521659424 
103.896402750706 38.546818486859 20.7861874670166 -6.76501199636776 
106.06499533223 39.8149015479641 20.7867275288722 -6.76496663718148 
108.232963531697 41.0833590050786 20.7872654272775 -6.76491443593855 
110.400211091639 42.3523382924221 20.7878464986319 -6.76483809090909 
112.566572895728 43.6220024728903 20.7885317620519 -6.76471796642863 
114.731907704574 44.8925120539843 20.7893986285497 -6.76454856056992 
116.896063739678 46.1640090834233 20.7905408949164 -6.76430732551538 
119.058853738105 47.4366441156073 20.7920671770091 -6.76397570345499 
121.220130591913 48.7105859477552 20.7940880731741 -6.7635387836383 
123.379714045991 49.9859757616314 20.7967085202124 -6.76297057036254 
125.537493611269 51.2629198425857 20.8000142523454 -6.76226552812416 
127.693349307871 52.5415014510201 20.8040405794228 -6.76140750123234 
129.847220236989 53.8217476054357 20.8087592299873 -6.76041880404541 
131.999074960117 55.1036661962429 20.8140533615045 -6.75932219626675 
134.148921935585 56.3871805205042 20.8197151787283 -6.75814948374305 
136.296829270398 57.6721913836625 20.825448545343 -6.75696874381395 
138.442905598529 58.958482839823 20.8308936720642 -6.75583676552668 
140.587295216413 60.2458156541363 20.8356438392082 -6.7548396578185 
142.730196571965 61.5338622666652 20.8392746916818 -6.75405036992907 
144.87184811581 62.8222794178771 20.8413844099604 -6.75355007679956 
147.012536955496 64.1106629651602 20.8416745210673 -6.75339145834049 
149.15257520192 65.398608371175 20.8400169933233 -6.75361612729663 
151.29229455131 66.6856629662027 20.8365195681127 -6.75421676750638 
153.432069472692 67.9714437953174 20.8315050037918 -6.75515640005798 
155.572213744847 69.2555339634201 20.8254597720504 -6.75637656084063 
157.713065735249 70.5376733328225 20.8189104719762 -6.75777351141252 
159.854842033301 71.8175957894834 20.8123099425659 -6.75924655457271 
161.997750170023 73.0952365835987 20.8059616219182 -6.76070622406021 
164.141838763596 74.3705361583758 20.8000099965707 -6.76209823284559 
166.287206581565 75.6435937918541 20.7944945340457 -6.76337593068873 
168.433862631465 76.9144884862667 20.7893972834205 -6.76455000910827 
170.581859059986 78.183367473579 20.7846963165906 -6.76558729390096 
172.731178201955 79.4503752190273 20.7803690202382 -6.76651799239618 
174.881782690335 80.7156979719421 20.7764089557612 -6.76734109708475 
177.03361795779 81.9795217493316 20.7728043558643 -6.76808411957121 
179.18662870833 83.2420371247878 20.7695519986287 -6.76874955673601 
43.3065487433695 0.278784069786459 20.7806810969118 -6.76638373275342 
45.4620596308579 1.56199893110115 20.7840181534225 -6.76562805641133 
47.6176960964856 2.84645919391693 20.7867274987243 -6.76497566791877 
49.7736250986731 4.13186251318839 20.7887035684113 -6.76441709166069 
51.9300253428212 5.41793015517796 20.7899135577184 -6.76399455577212 
54.0870505189693 6.7043629039868 20.790377709273 -6.76368690160945 
56.2448487408874 7.9909059334296 20.7901756400307 -6.76349914447144 
58.4035143366592 9.27732999281121 20.7894177093787 -6.76343558799378 
60.5631488156113 10.5633685130683 20.78823313776 -6.76348094179275 
62.7238228831477 11.8487781031599 20.7867576122355 -6.76361168600219 
64.8855735347008 13.133304413498 20.7851262010414 -6.76382371089657 
67.0484355242264 14.4167035367477 20.7834753445553 -6.76407371759539 
69.2123832578854 15.6987726581153 20.7819333016086 -6.76433236914149 
71.3773958498757 16.9793891569961 20.7806092913582 -6.76457528966039 
73.5433857967597 18.258480698355 20.7795806670633 -6.7647898438392 
75.7102812285185 19.536085629944 20.7788885950162 -6.76496106286113 
77.8779704090232 20.8122396692106 20.7785386291354 -6.76509207702398 
80.0463782343541 22.0870467877265 20.7785011908022 -6.7651886711544 
82.2153829552099 23.36058209248 20.7787236729201 -6.76525363249925 
84.3849012865046 24.6329951316277 20.7791404693511 -6.76529439539209 
86.5548078242736 25.9043962168706 20.779685099229 -6.76532227469896 
88.7250298375861 27.1749234631306 20.780301067256 -6.76534268002837 
90.8954508852015 28.4446733054779 20.7809370623641 -6.76534717862391 
93.0659812389169 29.7137947486607 20.7815554499736 -6.76536861431551 
95.2365269206922 30.982398005035 20.7821271746569 -6.76539799666969 
97.4070159042766 32.2506092955004 20.7826308686594 -6.76542915902734 
99.5773408267273 33.5185463809159 20.7830578050426 -6.76546016523163 
101.747417393014 34.7863531023034 20.7833999082385 -6.76550548406142 
103.917147891742 36.0541617295611 20.7836642637524 -6.76554869436845 
106.086439277971 37.3221049609166 20.7838620630824 -6.76558859561367 
108.255174503137 38.590298470774 20.7840176305141 -6.76562592412673 
110.423237809554 39.8588785759458 20.7841703535067 -6.76564806612723 
112.590491648056 41.1280186977447 20.7843729182466 -6.7656392953497 
114.756789642957 42.3978574393055 20.7846960683726 -6.76559348032336 
116.921992461525 43.668547667063 20.785230215793 -6.76548176954867 
119.08592568376 44.9402235026425 20.7860789657246 -6.76529261671333 
121.248425964822 46.2130553180869 20.7873597229525 -6.76499895854022 
123.409325241945 47.4872056170076 20.7891857571513 -6.76458784109235 
125.568472485522 48.7627877225505 20.7916611950896 -6.76403689861524 
127.725759436726 50.0399174481763 20.7948463235208 -6.76333728577843 
129.881074271889 51.3186469405647 20.7987515051635 -6.76247643174272 
132.034378769687 52.5990168960339 20.8033054617582 -6.76147915718775 
134.185648799175 53.8810032453798 20.808364476368 -6.76036830261638 
136.33493842975 55.1645193371064 20.8137087365253 -6.75921236802078 
138.482315720746 56.4494138848439 20.8190653059727 -6.75804030285746 
140.627906500348 57.7354585634776 20.8241064038388 -6.75693842601868 
142.771846594128 59.0223810842617 20.8284752142633 -6.75597724489876 
144.914368748371 60.309852641743 20.8317861488712 -6.75522718225563 
147.055677530137 61.597489328658 20.8336841345385 -6.75475383247143 
149.196089652296 62.8849182042679 20.8339060060218 -6.7546142523765 
151.335884942578 64.1717216607067 20.8323717415543 -6.75483400675043 
153.475462692515 65.4574932798706 20.8292110312678 -6.75540845783063 
155.615110147975 66.7418357114141 20.8247635805824 -6.75629317630974 
157.755238195018 68.0244166714497 20.8194836677201 -6.75741817918249 
159.89606790005 69.3049670986839 20.8138395565422 -6.75869087246776 
162.037876218723 70.5833171007368 20.8082035572098 -6.76001688005068 
164.180781551731 71.8593988366181 20.8028011225969 -6.7613255662203 
166.324892216419 73.133226381968 20.7977228300557 -6.76255503341315 
168.470216866382 74.4048909262469 20.7929734167099 -6.76369193111914 
170.616829771908 75.6745122778981 20.7885316741391 -6.76471550408081 
172.764721131964 76.9422134733481 20.7843728212357 -6.76563585515398 
174.913906063822 78.2081739105399 20.7804885161655 -6.76646869460487 
177.064318009349 79.4725561752048 20.7768743923033 -6.76721564925517 
47.6322218830942 0.33470102650223 20.7872642317783 -6.76491406971885 
49.7880612992457 1.62042043986513 20.789633056475 -6.76428929094188 
51.9443297910124 2.90694877101607 20.7912148410215 -6.76377745776093 
54.1012273998327 4.19400776877355 20.7920074689479 -6.76339137802915 
56.2588831666799 5.48131889049717 20.7920755364982 -6.76312839932655 
58.4174290518053 6.76862251616628 20.7915138790673 -6.76300666428297 
60.576965161655 8.05565207211111 20.7904506036565 -6.7629965733515 
62.737566779775 9.34214975194874 20.7890067812023 -6.76310693106494 
64.8992743466133 10.6278183890458 20.7873209750244 -6.76330358813258 
67.0621238943623 11.912405093948 20.7855223112469 -6.76357393358375 
69.2260925862389 13.1956854951929 20.7837577828617 -6.76385416819057 
71.3911603664187 14.4774822960657 20.7821451020324 -6.76416296661634 
73.5572558022391 15.7577273911921 20.780794993785 -6.76442164091679 
75.7242991339246 17.0364167640072 20.7797618622901 -6.76466848539214 
77.8921793229078 18.3135986684721 20.7790795707975 -6.76484702825286 
80.0608061063746 19.5893514724328 20.778724499128 -6.76502201205 
82.2300817527939 20.8637676147119 20.7786552098171 -6.76513677347222 
84.3998965451401 22.136976872358 20.7787998843026 -6.76524491483093 
86.5701498184699 23.4090975363109 20.7790954030936 -6.76532486095222 
88.740735812729 24.6802458681719 20.7794710280466 -6.76539932251637 
90.9115623966838 25.9505415790403 20.7798801822922 -6.7654758047065 
93.0825164282542 27.2200923932247 20.7802701435777 -6.76554939555369 
95.2535224692361 28.4890513178653 20.780615811146 -6.76563841511459 
97.424478738392 29.7575275699558 20.7808866220189 -6.76572694173113 
99.5953127394526 31.0256323615416 20.7810708772323 -6.76582781132846 
101.765919663724 32.2934919041037 20.7811567016963 -6.76593110220464 
103.936215577566 33.5612552441015 20.7811485885631 -6.76604990467219 
106.106093049509 34.8290467619057 20.7810497364413 -6.76616381965949 
108.275467283652 36.0969784429309 20.7808845086177 -6.7662835173431 
110.444227982404 37.3651816935219 20.7806801091855 -6.76637988404491 
112.612251409488 38.6337985445851 20.7804884049267 -6.76646298622412 
114.779393450311 39.9029940712372 20.7803695853637 -6.76651551082438 
116.945510331027 41.1728950811496 20.7804114483655 -6.76651567073371 
119.110467340799 42.4436514154041 20.7807113195991 -6.76645357700342 
121.274077795581 43.7154106290159 20.7813862838963 -6.76629161174868 
123.436193843976 44.988349715664 20.7825521668554 -6.76603163765147 
125.596634174665 46.2626060934247 20.7843238372697 -6.7656154906709 
127.755283920761 47.5383101958594 20.786776590518 -6.76506436774156 
129.912021485694 48.8155393961096 20.7899437083342 -6.76433449241471 
132.066773861959 50.0943562367854 20.7937843595404 -6.763466322541 
134.219496196756 51.3747818638894 20.7981970062532 -6.76244000711743 
136.370207199255 52.6567809663771 20.8030175188215 -6.76133569202036 
138.518966511402 53.9402292441792 20.8080418531944 -6.76017429515866 
140.665877200212 55.2249353457925 20.8130261788252 -6.75903530091324 
142.811049027193 56.5106526087827 20.8176932950427 -6.75796671594754 
144.954663528675 57.7970800643623 20.8217198000193 -6.7570479933861 
147.096885468228 59.0838768302079 20.8247639742111 -6.75633120689375 
149.237986519848 60.3706751086499 20.8265017610764 -6.75589660694762 
151.378233895769 61.6570923641491 20.8267134306471 -6.75577536743193 
153.517961135108 62.9427278271178 20.8253475128417 -6.755989351636 
155.657503538506 64.2272085739444 20.8225655957321 -6.75653046127362 
157.797212906769 65.5101418136782 20.8186964226646 -6.75733946103865 
159.9374065127 66.7912688276467 20.8141674004289 -6.75836113089994 
162.078364250143 68.0703233882705 20.8093791482804 -6.75951537873872 
164.2202952713 69.3471974584549 20.804630761287 -6.76069593312977 
166.363328970118 70.6218402066499 20.8000815041843 -6.7618533871832 
168.507529735602 71.8943270461258 20.795778428342 -6.76293474240987 
170.652935832727 73.1647420806547 20.7917088403784 -6.76393776301023 
172.799569428608 74.4332185194285 20.7878464515139 -6.76483660712487 
174.947454661743 75.6998941132838 20.7841698460309 -6.7656458579603 
51.9593506373198 0.396238608593099 20.7925934202892 -6.76352614523197 
54.1160515161221 1.68386727904313 20.7937430488602 -6.76306666140122 
56.2734919697351 2.97188658819915 20.7941082873048 -6.7627348680051 
58.4318287405205 4.26003314361779 20.7937750444561 -6.76255014422041 
60.5911739998496 5.54803434930023 20.792852500347 -6.76248749788626 
62.7516001616521 6.83558337803874 20.7914616212253 -6.76256734103602 
64.9131758215597 8.12237958783336 20.7897253405967 -6.76276042204061 
67.0759137027962 9.40812826912166 20.7877829037903 -6.76304420758797 
69.2398202221164 10.6925898896569 20.7857787974888 -6.76335984138752 
71.4048434223776 11.9755579488078 20.7838594196627 -6.76371732379503 
73.5709528451577 13.2569408717264 20.7821502545011 -6.76403928888555 
75.738043580113 14.5366958475463 20.7807442997776 -6.76434982973758 
77.9060273689174 15.8148948662267 20.7796904223597 -6.76460527583508 
80.074785763888 17.0915728271042 20.7789869329324 -6.76483762865717 
82.2442334196138 18.3668631447652 20.7785949647722 -6.76502190736433 
84.4142464847959 19.6408453725263 20.7784460530776 -6.7651817307457 
86.5847449150833 20.9136623280573 20.7784704685216 -6.76532994350447 
88.7555970318566 22.1854167805256 20.7785980619041 -6.76546361846696 
90.9267256904785 23.4562196165045 20.7787692974752 -6.76559561499853 
93.0980117274463 24.7261953237128 20.7789342959808 -6.76573178523422 
95.2693754872082 25.9954807273852 20.7790554875394 -6.76587632834792 
97.4407130580048 27.2641854500036 20.7791030434444 -6.76602355314637 
99.6119510308744 28.5324423739972 20.7790594519295 -6.76618736896503 
101.782998862585 29.8003536670303 20.7789137325687 -6.76635468608171 
103.953758681394 31.0680592285129 20.7786628670553 -6.76652332356093 
106.124130857327 32.3356800030316 20.7783114582551 -6.76670103689029 
108.294030600045 33.603348072659 20.7778752959627 -6.76688612327348 
110.463377088711 34.8711697273127 20.7773823768393 -6.76705768539345 
112.632034411062 36.1392814360563 20.7768734627451 -6.76721583618998 
114.799893090479 37.4078456108932 20.7764079418374 -6.76734814781017 
116.966806551605 38.6769940875098 20.7760618851477 -6.76744047922932 
119.132638973697 39.9468578315328 20.775930993429 -6.76747102726708 
121.297230862954 41.217592750873 20.7761240096393 -6.76742522238458 
123.460424601433 42.4893586500782 20.776763319608 -6.76727437397814 
125.62206237549 43.7623367168156 20.7779580324561 -6.76699948598245 
127.781985161249 45.0366397346586 20.7797991211856 -6.76657766969456 
129.940084213187 46.3124004510562 20.7823282851628 -6.76598908757945 
132.09625186377 47.5896804475189 20.78552865158 -6.76522559639819 
134.250425974793 48.8685514887277 20.7893195558394 -6.76431802898479 
136.402586542135 50.1490078420019 20.7935788778776 -6.76328223751747 
138.552774461032 51.4309790382501 20.798143946784 -6.76216922388187 
140.701068097269 52.7142972302204 20.8028430073422 -6.76102320485472 
142.847576654401 53.9987580058735 20.8074692587508 -6.75991969728652 
144.992429062364 55.2840638679392 20.8117868601733 -6.75889274177728 
147.135786256242 56.5699365623963 20.8155058190149 -6.7580274615737 
149.277846883026 57.8559951631599 20.8183162765475 -6.7573581538084 
151.418855600526 59.1419200706902 20.8199304355686 -6.75695713919388 
153.55908346336 60.4272995011581 20.8201598944487 -6.75684551593679 
155.698864727901 61.7117805616567 20.8189885181409 -6.75705480001562 
157.838531135671 62.9949728209097 20.8165895851613 -6.75755231027374 
159.978414540861 64.2765616796176 20.813287862293 -6.75829853720531 
162.118813086729 65.5562735342822 20.8094640111418 -6.75922009842497 
164.26000914667 66.8339393787676 20.8054625471177 -6.76024572196902 
166.402182046579 68.1094413573578 20.8015101578636 -6.76129618663893 
168.545440737232 69.3827885641062 20.7977167064638 -6.76231160829556 
170.689846366501 70.6540516831759 20.7940927847444 -6.76325484660963 
172.835406040549 71.9233573392218 20.7906196895626 -6.76412581790979 
56.288877401803 0.462663726282223 20.7963191503212 -6.7623048439738 
58.4469204637067 1.7516125196117 20.7962404049583 -6.76204719849214 
60.6059881247084 3.04053729855597 20.7954824083054 -6.76194004009553 
62.7661333640477 4.32909667171189 20.794157755806 -6.76198698291615 
64.9274650977077 5.61698564953417 20.7923793748302 -6.76217547743624 
67.0899895119381 6.90387048031123 20.7902863948941 -6.76246648414123 
69.2537282012273 8.18948545148835 20.7880292470058 -6.76283666764646 
71.4186152606602 9.47360353733714 20.7857748557811 -6.76324473332506 
73.5846344024769 10.7560957245095 20.7836766351921 -6.76363743391516 
75.7516722829846 12.0369149714969 20.7818583697325 -6.76401127032671 
77.9196558988969 13.3160939922748 20.7803968156721 -6.76435295237807 
80.0884596118192 14.593693800807 20.7793091626989 -6.76464841815739 
82.257985410789 15.8698140451537 20.7785635288072 -6.76491086658347 
84.4281153823807 17.1445627601328 20.7780980095936 -6.76513472650573 
86.5987412239666 18.4180517565999 20.7778346377731 -6.7653488819988 
88.7697769874451 19.6903954724851 20.7777034275181 -6.76553461914425 
90.9411036325844 20.9616871490955 20.77763162282 -6.76572831097253 
93.1126228111485 22.2320589438984 20.7775703660097 -6.76592283111394 
95.2842439126814 23.5016415010077 20.7774713198541 -6.76612107063921 
97.4558707404032 24.7705801178007 20.7773075828453 -6.76632113193244 
99.6274146949607 26.038958072239 20.7770526928603 -6.7665343880831 
101.7988030279 27.3069063678785 20.776697921054 -6.76675048706942 
103.969930166212 28.5745313930189 20.7762330147574 -6.76697241038419 
106.140704214663 29.8419832897022 20.7756683475009 -6.76720966016778 
108.311039476121 31.1093744095399 20.7750097303803 -6.76744198037439 
110.480842706376 32.376820943583 20.7742883447729 -6.76766811130314 
112.650033677903 33.6444502662588 20.7735329351503 -6.76788564536565 
114.818477430469 34.9123901538677 20.7728054280045 -6.76807942768305 
116.986069162231 36.1808043310867 20.7721657020868 -6.76824834285403 
119.152635926117 37.449807910076 20.7717106729814 -6.76835693476649 
121.318085632984 38.7195598787242 20.7715360973829 -6.76840035756304 
123.482226187952 39.9902106514848 20.7717651072843 -6.76834256799581 
125.644925775291 41.2619332744882 20.7725022744147 -6.76818400182188 
127.806006899708 42.534891076664 20.7738485859459 -6.76787173089724 
129.96537247072 43.8092120099161 20.7758448646526 -6.76741490772733 
132.122885506245 45.0849911673479 20.7784945300265 -6.7667711936901 
134.278478355406 46.3623175920124 20.7817281673332 -6.76597754523784 
136.432085440778 47.6412344702378 20.7854489002564 -6.76502414593168 
138.583727546391 48.9217000137514 20.7895193018425 -6.76397779811802 
140.733431142183 50.2036089893889 20.7938152611553 -6.76286208187884 
142.881327488298 51.4867592223214 20.7981867811748 -6.76175169097758 
145.027507479722 52.7709131696578 20.8024754328519 -6.76067541274772 
147.172134675801 54.0557627293078 20.8064626297637 -6.75971421277632 
149.315345523433 55.3410117967862 20.8098999199083 -6.75890157053448 
151.457363439018 56.6263175776963 20.8124974890812 -6.75829750476938 
153.598397549062 57.9113313217695 20.8140053513532 -6.75792973680525 
155.738747907825 59.1956811868246 20.8142647915664 -6.75784425710311 
157.878714243955 60.4790041742821 20.8132896688194 -6.75803209314582 
160.018623031146 61.7609555454733 20.8112623104991 -6.75849545024927 
162.158799718152 63.0412488954443 20.8084926312381 -6.7591717474995 
164.29954073606 64.3196549292991 20.8053158274191 -6.76000659782102 
166.441079341283 65.5960229384884 20.8020175337762 -6.76090645902647 
168.583600293585 66.8702855184771 20.7987650838895 -6.76183254389972 
170.727186553616 68.1424589600354 20.7956274994902 -6.76270621252553 
60.6216120607025 0.533156417296803 20.7983949034363 -6.76135038849111 
62.7813946585553 1.82270538665464 20.7971485134122 -6.76136550302262 
64.9423708048281 3.1116405462132 20.7953316594152 -6.76155193194051 
67.1045726144687 4.39962897821008 20.7930810024153 -6.76185597830191 
69.268010264186 5.68636009755488 20.7905521330081 -6.76227700144456 
71.4326619589201 6.97159760251388 20.787935309749 -6.76273927232049 
73.5984777731659 8.2551825026903 20.7854097270586 -6.76321829950332 
75.7653572358822 9.53704549577205 20.7831402802569 -6.76366671049059 
77.9332312064848 10.8171898941369 20.7812267644784 -6.7640916691417 
80.1019777295119 12.0956909275161 20.7797183556383 -6.76446284788477 
82.2714799755687 13.3726278498377 20.7785864260522 -6.76479424293825 
84.4416290441721 14.6481161374831 20.7777786140452 -6.76509216776819 
86.6123058188529 15.9222546734474 20.7772108436371 -6.76536393842623 
88.7834216004769 17.1951569389734 20.776806929038 -6.76562131371424 
90.9548403526519 18.4669228815366 20.7764892356521 -6.76586982308482 
93.126502893292 19.7376719801684 20.7762029050323 -6.7661153319685 
95.2982799626426 21.0075464493639 20.7758920626457 -6.76635635729397 
97.4701024153325 22.2766702758423 20.7755284735856 -6.76661199549791 
99.6418624979459 23.5451585208067 20.7750788594992 -6.7668699326592 
101.813493140188 24.8131151442202 20.7745377766543 -6.76714384996278 
103.984892783459 26.0806568823767 20.7738895422065 -6.76740324156324 
106.155965322195 27.3479152065636 20.773146227297 -6.76769015237654 
108.326647899557 28.6150224236311 20.7723106662839 -6.76796256842642 
110.496816637804 29.8820786719297 20.7714106077991 -6.76823880132356 
112.666425447285 31.1492268069877 20.7704737352119 -6.76850605425411 
114.835338278825 32.4165760978804 20.7695525799167 -6.76874771701452 
117.003479044319 33.6842738969888 20.7687037818552 -6.76896618018984 
119.170681743132 34.9524455585946 20.7680144624438 -6.76913602603706 
121.336847841447 36.2212552519917 20.7675727637552 -6.76925845820277 
123.501807910322 37.4908413333613 20.7674956664295 -6.76927682728452 
125.665436898448 38.7613747880048 20.7678827427524 -6.76919951891349 
127.827566281804 40.0330383199158 20.7688349649725 -6.7689844659487 
129.988070491208 41.3059684551306 20.7703991041351 -6.76862848529208 
132.146824133056 42.5802865872624 20.7725873595215 -6.76809588894704 
134.303750324558 43.8561050115374 20.7753434180729 -6.76740738350559 
136.458763063264 45.1334886730582 20.7785797533491 -6.76655443251832 
138.611841008107 46.4124516545838 20.7821809332759 -6.76558570839491 
140.762992641489 47.6929173950717 20.7860433122736 -6.76452168932053 
142.912298580626 48.9747242055131 20.7900561248583 -6.76343655407151 
145.059857679265 50.2576626533068 20.7941155956661 -6.76235323041246 
147.205804096975 51.5414595605575 20.7980758519827 -6.76134671700187 
149.350294899959 52.8258353094179 20.8017553191392 -6.76044549341479 
151.493483826237 54.1104435915488 20.8049194979421 -6.75969095389027 
153.635567445092 55.3949824229683 20.8073179261173 -6.75913566866695 
155.776761121317 56.679078440649 20.8087197367295 -6.75881369455484 
157.917341803913 57.962398597825 20.8090087453748 -6.75874153162847 
160.057611560127 59.2445900365459 20.8082154287581 -6.7589374797638 
162.197895582618 60.5253651035575 20.8065360161899 -6.75935923058456 
164.338489919251 61.8044475414978 20.8042474631501 -6.75996961637021 
166.479669055768 63.0816437090925 20.8016507039418 -6.76070772317965 
168.621677966841 64.3568242137262 20.7989641406809 -6.76150891587543 
64.958103595294 0.606337627954259 20.7986341116067 -6.76088397714642 
67.119871638328 1.89540772889335 20.7962121863654 -6.76121300717297 
69.2828875104486 3.18323078314317 20.7933907396925 -6.7616808376765 
71.4471836704776 4.46956229729501 20.7903768428214 -6.76220430197333 
73.612668622748 5.75420235283018 20.7873874924827 -6.76276709442942 
75.7792840843792 7.03708227724481 20.7846171643198 -6.76330461267741 
77.9469264729575 8.31818060193866 20.7822138818527 -6.76381674677661 
80.1155007135277 9.59755785992831 20.7802395776116 -6.76426963399256 
82.2848757148612 10.875297322445 20.7786925177264 -6.76467827402156 
84.4549431292035 12.1514956721394 20.7775137741073 -6.7650515055081 
86.6255766510388 13.4262530761255 20.7766250909059 -6.76538778700941 
88.7966657510536 14.6996906839496 20.7759374726636 -6.76571081968173 
90.9681040881086 15.9719062215175 20.7753720696963 -6.76601976710329 
93.1398068187577 17.2430127644454 20.7748604100612 -6.76631621333742 
95.3116597896109 18.5131426750209 20.7743465733429 -6.76660917020486 
97.4835687487884 19.7824369321638 20.7737921136403 -6.76691329209694 
99.6554514910621 21.0510145766337 20.7731686056687 -6.76721911248076 
101.827216288897 22.3189603538128 20.7724583881743 -6.76752098443785 
103.998796921499 23.5864005495526 20.771656287421 -6.76783293113172 
106.170074006035 24.8534460768012 20.7707642536673 -6.76815226695087 
108.341004120991 26.1202497959022 20.7697908657447 -6.76846715481212 
110.511447473459 27.3869295673287 20.7687581046502 -6.76877400260888 
112.681366963056 28.6535903878154 20.7676934778304 -6.76907662175585 
114.850653761843 29.9203646955686 20.766640232286 -6.76935046188564 
117.019218314375 31.1873657335505 20.7656532852527 -6.76960547605182 
119.186939029728 32.4547536351561 20.7648051195396 -6.7698234357274 
121.353694716559 33.7226593071872 20.7641824662053 -6.76997844402951 
123.519363608901 34.9912380205916 20.7638857048665 -6.77006830367369 
125.6838001335 36.2606472481383 20.7640156938676 -6.77005175817508 
127.846853076903 37.5310711686088 20.764663085782 -6.76992830188648 
130.008389247224 38.8026675869777 20.7658832422745 -6.76964503072953 
132.168279458218 40.075590559432 20.7676908071133 -6.76922409181322 
134.326431792168 41.3499376266237 20.7700450772177 -6.76861487342441 
136.482763892056 42.6258193996564 20.7728655332717 -6.76786765611208 
138.637225377259 43.9032735964806 20.7760506291135 -6.76697338637194 
140.789805393793 45.1822815619855 20.7795006398729 -6.76599189340544 
142.940529686729 46.4627109652266 20.7831318157138 -6.76493257350135 
145.08949389834 47.7444029319536 20.7868708786094 -6.76387876383422 
147.236803708374 49.0270982247618 20.790626442712 -6.76284977899434 
149.382619695706 50.3105369760645 20.7942771399221 -6.76190623950444 
151.527078706234 51.5943972406483 20.7976564214018 -6.76107125283359 
153.670342110853 52.8783732775666 20.800557621472 -6.76039337223523 
155.812602651049 54.1621258736422 20.8027507237755 -6.75989554958773 
157.954069488635 55.4453297989522 20.8040447406538 -6.75961751399255 
160.095005669537 56.7276376897648 20.8043466347908 -6.75956884847932 
162.235703654538 58.0087588282822 20.8037189073349 -6.75975779187544 
164.376471415741 59.2884159356217 20.8023455397343 -6.76015503463108 
166.517592808481 60.5663746119678 20.8004896389834 -6.76070576902528 
69.2985919626234 0.680076102293616 20.7965985780549 -6.76103444586714 
71.4623884641495 1.96747128226029 20.7931525636993 -6.76163810632522 
73.6274239076277 3.2531516621843 20.7896568139914 -6.76227944808777 
75.7936468911865 4.53701873319395 20.7863432349128 -6.76292215378862 
77.9609432827445 5.81904519396654 20.783401805442 -6.7635219264095 
80.1292272202273 7.09927425304687 20.780920227065 -6.76407296368887 
82.2983555021982 8.37779012030454 20.778918201717 -6.76456497162375 
84.4682253244649 9.65467511313971 20.7773396884554 -6.76501840953891 
86.6387044222431 10.9300396273493 20.7761081608456 -6.76541966709537 
88.8096737528604 12.2039743617575 20.7751234317246 -6.76580854032495 
90.9810316653688 13.4766124164799 20.7743049212206 -6.7661749596479 
93.1526735088822 14.748048116351 20.7735668003978 -6.76652960248551 
95.3245044531709 16.0184257495897 20.7728578250372 -6.76687354843632 
97.4964061609372 17.2878664957373 20.7721229762566 -6.76721475035517 
99.6683169580704 18.5565000959057 20.7713403636253 -6.76755852884551 
101.840133115427 19.8244154802255 20.7704833924914 -6.7679038008987 
104.011780201436 21.0917247396084 20.7695512036723 -6.7682519246856 
106.18317932482 22.3585625728794 20.7685389955957 -6.76859660160263 
108.354238341348 23.6250601985796 20.7674634488904 -6.7689312136998 
110.524879632011 24.8913423269366 20.7663357343 -6.7692695295404 
112.695014924502 26.1575191475061 20.7651893759789 -6.76959061858907 
114.86458506361 27.4237250093701 20.7640552459567 -6.76990124879129 
117.033464171863 28.6900639816288 20.7629885369299 -6.77017348621979 
119.201595599589 29.9566933160353 20.762045950571 -6.77042304548009 
121.36883754139 31.2237377075377 20.7613103191007 -6.77060315619418 
123.535092446763 32.4913575143909 20.7608666268141 -6.77074202287145 
125.700208919963 33.7597060069187 20.7608140738227 -6.77077410433354 
127.864075124722 35.0289638552266 20.7612301871224 -6.77071066977051 
130.026533978969 36.2993001854392 20.7621802208268 -6.77050482219343 
132.187457748732 37.570868997977 20.7636762093609 -6.77016377873561 
134.346738580308 38.8438131315062 20.7656947480149 -6.7696484146696 
136.504291653893 40.1182425672747 20.7681612390148 -6.76898511271624 
138.660040791564 41.3942207094446 20.7709894697179 -6.76816205841831 
140.813982340689 42.6717667489955 20.7740778388271 -6.76725068369622 
142.966104915008 43.9508105975335 20.7773564907871 -6.76624939034206 
145.116473859481 45.2312033411598 20.7807591124984 -6.76522952751387 
147.26516702872 46.5127586559376 20.7842326401365 -6.76420967503005 
149.412327067279 47.7952074944553 20.7876980467074 -6.76325281113504 
151.55809421388 49.0782725958617 20.7910514294331 -6.76237026394528 
153.702625343727 50.3616220765149 20.7941378752375 -6.76162605739063 
155.846077752558 51.6449392979334 20.796774540812 -6.76101004648559 
157.98861824513 52.9279132700625 20.7987568808149 -6.76058814208135 
160.130467221438 54.2102364304919 20.7999302008425 -6.76035345597573 
162.271868406123 55.4916056451475 20.8002292177196 -6.76034172420241 
164.413106214757 56.7717182212494 20.7997380545465 -6.76050952288925 
73.6429541092484 0.752000379507654 20.7922703208732 -6.7617664145507 
75.8086480885401 2.03683452857169 20.7883653499197 -6.76251531077262 
77.9754760179224 3.31976313247539 20.7848326430421 -6.76321868417922 
80.1433317019316 4.60083776992208 20.781797102116 -6.76386664401246 
82.3120997560703 5.88010664853761 20.7792991720754 -6.76445012906051 
84.4816541570603 7.15765861146769 20.7772880694732 -6.76498216169841 
86.6518648834235 8.43358861637799 20.775689099422 -6.76546382842053 
88.8226005425722 9.70800828882017 20.7743927066979 -6.76591435994262 
90.9937644235448 10.9810343844714 20.7733111957141 -6.76634025623596 
93.1652444980749 12.2527823521799 20.7723489293727 -6.76674492469756 
95.3369445392601 13.5233701885974 20.7714457701917 -6.76713467676095 
97.5087623794067 14.7929396941328 20.770543948388 -6.76752124498193 
99.6806037153856 16.0615879439785 20.7696147589712 -6.76790375621873 
101.852378195696 17.3294489786605 20.7686305628803 -6.76828303803086 
104.024005096892 18.5966183958555 20.7675888784709 -6.76866044611121 
106.19542596803 19.8632344589363 20.7664859484315 -6.76902822138317 
108.366532630565 21.1294128727314 20.7653344103084 -6.76938702542525 
110.537277738268 22.3953018190867 20.7641476160237 -6.76974374754328 
112.707549484593 23.6610048542798 20.7629540162718 -6.77007847234554 
114.877300742329 24.9266459457264 20.7617816718175 -6.77039998335222 
117.04642233984 26.1923445621724 20.7606769658034 -6.77068818330885 
119.21485631264 27.4582488748471 20.7596917416692 -6.77095239992955 
121.382486499139 28.7244833474596 20.7588958680339 -6.77115952504674 
123.549203737834 29.991193660199 20.758365758457 -6.77130723916593 
125.714895617617 31.2585420836278 20.7581862457814 -6.77138173767579 
127.879440633781 32.526704510362 20.7584342222683 -6.77135888311901 
130.042705523223 33.7958537621989 20.7591681941159 -6.77121800215065 
132.204556951111 35.0661462090784 20.7604113861307 -6.77094432959914 
134.364871034255 36.3377413748181 20.7621472695107 -6.77050842839542 
136.523543193367 37.6107661498728 20.7643172774887 -6.76992598953377 
138.680512174527 38.8853183955573 20.7668396233146 -6.76918937336118 
140.835723126774 40.161432196449 20.7696242496551 -6.7683428071766 
142.98918290445 41.4390812596931 20.7725968782312 -6.76739689799142 
145.140908780931 42.7181666180772 20.7756985400155 -6.76641754819198 
147.290992374677 43.9985353912894 20.7788838560454 -6.76541726413865 
149.439504603091 45.2799449621359 20.7821050003636 -6.76446376444227 
151.586598334185 46.5621500440848 20.7852966399997 -6.76355969110397 
153.732407629532 47.8448132232175 20.788357994777 -6.76277122767124 
155.877108260707 49.1276505708803 20.7911555028687 -6.76208601838823 
158.020829148734 50.4103178344809 20.7935207093116 -6.76156783951244 
160.163763188386 51.6925491873568 20.79528405852 -6.7612031730552 
162.306100293726 52.9740332524375 20.7963185499523 -6.76102591196918 
77.9907064964995 0.820329828705618 20.7865611535445 -6.76288091687767 
80.1580032636001 2.10221309389722 20.7829239415322 -6.76363781131455 
82.3262837069121 3.38222289770497 20.7798814612801 -6.76432851532099 
84.4953956986229 4.66041633410678 20.7774027424357 -6.76494006676791 
86.665219752462 5.93689713259804 20.7754041188977 -6.76550937499655 
88.8356130380889 7.21176709175016 20.7737796876535 -6.76602482285206 
91.0064701892558 8.4851551039764 20.7724205943395 -6.76651214440146 
93.1776828076148 9.75717752372799 20.7712312508927 -6.76696790799273 
95.3491460826488 11.0279579912883 20.7701358932209 -6.76741138174146 
97.5207699821844 12.2976149884929 20.7690748408976 -6.7678395481261 
99.6924488937667 13.5662793900292 20.7680093159313 -6.76825028082957 
101.864097886743 14.8340561492918 20.7669143723709 -6.76865710132542 
104.035620928898 16.1010691074738 20.7657825439509 -6.76906602420266 
106.206973009758 17.3674471559375 20.7646089425007 -6.76944482702028 
108.378051861935 18.6333226390359 20.7634050284423 -6.76982814677449 
110.548805937064 19.8988163272742 20.762186464928 -6.77017918669383 
112.719139835108 21.1640545387139 20.7609733005176 -6.77053332248482 
114.888990503155 22.4291443321199 20.7597944171065 -6.77084444567463 
117.058272750211 23.6942353635722 20.7586883726747 -6.77115069994618 
119.226913367889 24.9594374702519 20.7576976999051 -6.77140538573369 
121.394835083676 26.2249120682066 20.7568811308209 -6.77162670566316 
123.56192542011 27.4907630405155 20.7563074281054 -6.77178609650463 
125.728084179321 28.7571699897958 20.7560482670182 -6.77188344008722 
127.893190519652 30.0243004457777 20.7561741606071 -6.77189023568187 
130.057132035932 31.2923301646685 20.7567409072123 -6.77179378015372 
132.21978345207 32.5614238325961 20.757775212656 -6.77157254320908 
134.381032454725 33.8317421968566 20.7592709931404 -6.77121740729462 
136.540742480527 35.103413200992 20.7611853944194 -6.77070671187108 
138.698835187432 36.3765775640036 20.7634483803578 -6.77005728904873 
140.855237084186 37.651289253423 20.7659762895571 -6.76927271331429 
143.009961216169 38.9275726790788 20.7686958598329 -6.76839367831337 
145.162991219742 40.2053514121994 20.7715433995406 -6.76745735271876 
147.314410308838 41.4845057554298 20.7744779085055 -6.76648803757029 
149.464262314903 42.764843076851 20.7774594812122 -6.76553549914953 
151.612679688076 44.0461204033009 20.7804430263284 -6.76463185474116 
153.759778206038 45.3280543909212 20.7833684471114 -6.76381288932957 
155.905726996272 46.6103317495352 20.7861454921417 -6.76309881294895 
158.050671293395 47.8926400470767 20.788649757039 -6.76250981573865 
160.194774126942 49.1746973545321 20.7907371995174 -6.76206315345734 
82.3410794343348 0.884087723630908 20.7807186930168 -6.76418790049219 
84.5096198951844 2.16291750951933 20.7777273507485 -6.76490261362779 
86.6789279598905 3.43991944441078 20.7752955478556 -6.76555203807354 
88.8488698678667 4.71522084317813 20.7733140885351 -6.76614655063243 
91.0193122262873 5.98894298752828 20.7716614724756 -6.76669751230417 
93.1901435247933 7.26122275450247 20.7702348781114 -6.76720836200013 
95.3612658192586 8.53216679339144 20.7689452429639 -6.76769041145371 
97.5325875292492 9.80190565337286 20.7677272383614 -6.76815056312586 
99.7040113248762 11.0705571511487 20.7665332249589 -6.76860133279782 
101.875426820619 12.3382353213052 20.7653428945658 -6.7690266282728 
104.046777795393 13.6050852651414 20.7641323751532 -6.76945204705945 
106.217973810198 14.8712198872597 20.762908325077 -6.76983978359438 
108.388947946972 16.1367853028628 20.7616737635643 -6.77023460167215 
110.559626505115 17.4018919494727 20.760444711045 -6.77058746531303 
112.729951062524 18.6666726976516 20.7592336931426 -6.77094605925248 
114.899826563732 19.9312369569417 20.7580753515322 -6.77125984364569 
117.069193555412 21.1957302787083 20.7569883053104 -6.77156010951297 
119.237972462512 22.4602767280363 20.7560198022322 -6.77181272137251 
121.406096478439 23.7250147971179 20.7552129626075 -6.77203131790331 
123.573463503266 24.9900609540978 20.7546279189894 -6.77220328228666 
125.739999882705 26.2555816649043 20.7543201841521 -6.77230834853861 
127.90556794576 27.5217399545762 20.7543626555784 -6.77233519174339 
130.070079324174 28.7887278856034 20.7547945339721 -6.77227644370302 
132.23340449066 30.0566975571124 20.7556564463781 -6.77209849743787 
134.395455603755 31.3258044767522 20.7569451854913 -6.7717948673221 
136.55608981135 32.5962047911028 20.7586359925395 -6.77135634668917 
138.715215986668 33.8680342183785 20.76066902187 -6.77077517797617 
140.872750199346 35.1413929125429 20.7629792828059 -6.77006916646539 
143.028641932942 36.4163173675472 20.7654872495909 -6.76924680154372 
145.182907895165 37.6928023242638 20.7681332320237 -6.76835935570092 
147.335587706183 38.9707359389258 20.7708652121192 -6.76742936994755 
149.486746019406 40.2499737567784 20.7736459331684 -6.76648936505563 
151.63645775716 41.5302871903826 20.7764342349582 -6.76559701483072 
153.784847383662 42.8114212644899 20.7791946908584 -6.76475279416123 
155.932035945517 44.0930747649265 20.78186115402 -6.76401930672107 
158.078199564299 45.3749699034125 20.7843553217468 -6.76338210602293 
86.6931446463356 0.942643407916368 20.7754000942987 -6.76558353670668 
88.8625005103677 2.21835243305143 20.7730278876646 -6.76626197494358 
91.0324183057824 3.49239286514676 20.771060398864 -6.76687038896541 
93.2027649355485 4.76490045554244 20.7693816146461 -6.76743973372989 
95.3734577692817 6.03599449487302 20.7678920020559 -6.76796755432697 
97.5443672598353 7.3057823867821 20.7665156756891 -6.76846785657079 
99.7154343167701 8.5744070500304 20.7652037576652 -6.76894079565586 
101.886532036707 9.84198297335349 20.7639211125951 -6.76939112076077 
104.057626288265 11.1086502247137 20.7626486042854 -6.76982683670289 
106.228582282677 12.3745321705424 20.7613869796982 -6.77022992212846 
108.399374627412 13.6397874009926 20.7601386532927 -6.77062491671184 
110.569902768091 14.9045248588477 20.7589089771796 -6.77098577165573 
112.740126263134 16.168865125609 20.7577226313669 -6.77132258400047 
114.909958180276 17.4329244606748 20.7565929328711 -6.77163896778718 
117.079341228168 18.6968393556789 20.7555457705702 -6.77192304473112 
119.248190612558 19.9607650354343 20.7546164428287 -6.77217986406069 
121.416438978684 21.2248054319625 20.753837053056 -6.77238750293011 
123.584007092353 22.4891014205998 20.7532576385793 -6.77255531069845 
125.750823873578 23.7537895784534 20.7529318447812 -6.77266794993372 
127.916775990377 25.0190450755444 20.7529102366182 -6.77270751678617 
130.081751283431 26.2850441294373 20.7532395652702 -6.7726669179121 
132.245661217155 27.5519713097807 20.7539556060104 -6.77253247574921 
134.408381838037 28.8199510122917 20.7550652328464 -6.77227430102668 
136.569821773049 30.0891562329332 20.7565548145583 -6.77189403588713 
138.729866698134 31.359710830162 20.7583860369924 -6.77137799691739 
140.888424896553 32.631765592296 20.7604984773215 -6.77073600713093 
143.045426526615 33.9053794358067 20.7628284243765 -6.7699851318362 
145.200858127147 35.1805713154544 20.7653113996751 -6.76913707727352 
147.354732630049 36.4572852554569 20.7678900919007 -6.76824310470437 
149.507114026246 37.7353942702505 20.7705179495394 -6.76733156090391 
151.658072313531 39.0147057049625 20.7731544589863 -6.76644868391132 
153.807721775496 40.2949914825899 20.7757665829544 -6.76560206408396 
155.956148370668 41.5759709382141 20.7783059727964 -6.76484399447554 
91.045957147154 0.995464415158666 20.770650823032 -6.76704067445746 
93.2157101692798 2.26817956536704 20.7686971642614 -6.76767368037354 
95.3858531156528 3.53939881213922 20.7669953460709 -6.76824650209104 
97.5562671738009 4.80923796026522 20.7654557572238 -6.76878113892658 
99.726873694854 6.07781815337114 20.7640237088349 -6.76927442341008 
101.897570021439 7.34528129427358 20.7626522513317 -6.76975239508599 
104.068288534828 8.61175577043917 20.7613267865178 -6.77018400187884 
106.238944183508 9.87740860293828 20.7600382268459 -6.77060748403 
108.409457367528 11.1423411014778 20.7587801370932 -6.77098056925152 
110.579778439103 12.4067218566005 20.75756922585 -6.7713473217077 
112.749813874345 13.6706275327817 20.7564121397795 -6.77166928956829 
114.919534815523 14.9342088834908 20.7553234265196 -6.77198335573047 
117.088852925096 16.1975912885815 20.7543255408343 -6.77224936257982 
119.257707285885 17.4609154256916 20.7534427151956 -6.77248772474524 
121.426017651476 18.7243041330059 20.7527038088319 -6.77268772630205 
123.593719129106 19.9878869542271 20.7521486166021 -6.77285311453642 
125.760731483263 21.2517989932339 20.751816868999 -6.77296208414635 
127.926980812869 22.5162145742892 20.7517534642329 -6.77301453964655 
130.092346377826 23.781300329835 20.7520018941905 -6.77298846956809 
132.256747701455 25.0472309411518 20.7525935349793 -6.77288119670674 
134.420053072413 26.3141622489013 20.7535452071887 -6.77266662629945 
136.582184537527 27.5822337331472 20.7548542910349 -6.77234139647412 
138.743026917206 28.8516099876433 20.7564956845628 -6.77188382765257 
140.902501471565 30.1224110442648 20.7584285275978 -6.77130602415775 
143.060515514595 31.3947570143956 20.7605977748363 -6.77061663793728 
145.217044594893 32.6686903082173 20.7629422609687 -6.7698252647688 
147.372042242258 33.9441829497743 20.7654038137504 -6.7689656626818 
149.525576560222 35.2211588965195 20.767923385665 -6.76807953628181 
151.67771178984 36.4994538604332 20.7704574331966 -6.76719584651007 
153.828553491952 37.7788431424411 20.7729623034318 -6.76635995519183 
95.3986028894308 1.04238314416717 20.7662678987275 -6.76850893805188 
97.568428639981 2.31225397537429 20.7645549489657 -6.76907630825644 
99.7384636787937 3.58077924566012 20.7629953080478 -6.76959868040224 
101.908671150183 4.84812981837044 20.7615413866471 -6.77008406838634 
104.078920699491 6.11442239636508 20.7601656382523 -6.7705272262727 
106.249185722968 7.37982680076663 20.7588520671919 -6.77094396273617 
108.419353330668 8.64445598321663 20.7575991514345 -6.77131973758459 
110.589384807078 9.90846589945346 20.7564090848658 -6.77167826687304 
112.759179171782 11.1719681301725 20.7552900051732 -6.77199579939945 
114.928702259937 12.4350983303962 20.754246366385 -6.77228580635954 
117.097887887 13.6979729984067 20.753306220021 -6.77254207003428 
119.266680271031 14.9607347890893 20.7524725921303 -6.7727663834009 
121.434989081146 16.2235051156432 20.7517776933539 -6.7729600400431 
123.602757429398 17.4864234997015 20.7512494331583 -6.773112591503 
125.769908030037 18.749614127161 20.7509211242558 -6.77321525055687 
127.936360322178 20.0132384568208 20.7508304390128 -6.77326764526115 
130.102040350271 21.2774818723044 20.7510144841976 -6.77326211884167 
132.266833988334 22.5424942853605 20.7514992153307 -6.77317185678695 
134.430651196105 23.8084400976481 20.7523112595132 -6.77299317815347 
136.593370427566 25.0754543808994 20.753454449547 -6.77270775767643 
138.754920224474 26.3437098969712 20.7549214540186 -6.77231043522357 
140.915186814142 27.6133367131574 20.756681528231 -6.77179364353668 
143.07411126991 28.8844764111548 20.7586997316765 -6.77116338361552 
145.231624343987 30.1571808199822 20.7609183465639 -6.77043111107964 
147.387697829623 31.431478222086 20.7632834882024 -6.76961088462489 
149.542325013001 32.7073089873718 20.7657295814084 -6.76875388577159 
151.695573054683 33.9845667529005 20.7682036608465 -6.76788375269803 
99.7503655389531 1.08328256933438 20.7621328957173 -6.76990773604603 
101.919973787609 2.35049946695918 20.7605875873234 -6.77040169907283 
104.089684465808 3.61661412911035 20.759161304456 -6.7708562572621 
106.259456023469 4.88176509895929 20.7578287070866 -6.77126900097237 
108.429203423453 6.14611963783263 20.7565793321144 -6.77164950439592 
110.598860482404 7.40977519518832 20.7554164812501 -6.77198058288573 
112.768353959328 8.67289827197299 20.7543311417506 -6.77229047139982 
114.937618477089 9.93558570379579 20.7533428331786 -6.77256465476703 
117.106607668643 11.1979913806842 20.7524517557097 -6.7728037394599 
119.275246345712 12.4602271161952 20.7516699374492 -6.77301274365082 
121.443492176873 13.7224325678714 20.751022929247 -6.77319282160926 
123.611257909027 14.9847202688893 20.7505249558592 -6.7733331144234 
125.778490664536 16.2472487608137 20.7502041952111 -6.773430977282 
127.945081909275 17.5101461948584 20.750094034105 -6.77348271858063 
130.110989264992 18.7736021943195 20.7502201650006 -6.7734778479876 
132.276096698613 20.0377663366692 20.7506183198433 -6.77340348834042 
134.440326637202 21.3027870412192 20.7513065224345 -6.77325634702183 
136.603568732736 22.5688227113013 20.7522990399647 -6.77301615498172 
138.765723517254 23.836011679674 20.7535992182602 -6.7726626410912 
140.926696188056 25.104540851297 20.7551954017339 -6.77220526552563 
143.086417109563 26.374523426172 20.7570637307704 -6.77162721804511 
145.244827424009 27.6460585362175 20.7591597699005 -6.77095074486199 
147.401874149137 28.9191755276074 20.7614362665167 -6.77018512069005 
149.55753484823 30.1938720936848 20.7638266726664 -6.76936232434125 
104.100721275439 1.11833065078453 20.7583087984173 -6.77115664474458 
106.269902799275 2.38326136051617 20.7569548524862 -6.77156100040474 
108.439149446753 3.64733619958111 20.7557082727424 -6.77192571618053 
110.608349960918 4.91068578697006 20.7545712089111 -6.77225503863765 
112.77747383241 6.17342921645246 20.7535249779305 -6.77254024066077 
114.946415127634 7.43571299031479 20.7525863101116 -6.77280104546464 
117.115147841919 8.69766926204944 20.7517426922957 -6.77302065630102 
119.283563906663 9.95941533131301 20.7510114896401 -6.77321459700157 
121.451673154414 11.2210855580755 20.7504056538429 -6.77338029397681 
123.619368948223 12.4828085585364 20.7499369149756 -6.77351312242606 
125.78661374694 13.7447024587645 20.7496297826925 -6.77361115193015 
127.953295212542 15.0069363979795 20.7495077285846 -6.77365812100847 
130.119365727856 16.2696574890545 20.749588275342 -6.77366292239436 
132.284719572652 17.5330381699259 20.7499082503603 -6.77360068057719 
134.449277558128 18.7972032021594 20.750483013663 -6.77348157877697 
136.612946767611 20.0623128324511 20.7513412634691 -6.7732672183045 
138.775626017284 21.3285230104311 20.7524841635568 -6.77296652509049 
140.937212809216 22.5960041003555 20.7539208619225 -6.77255341014997 
143.097644779593 23.8649005488706 20.7556374949692 -6.77203946885288 
145.256844005905 25.1353185293717 20.7576095627971 -6.77141036691577 
147.414761760862 26.4073026537598 20.759793352878 -6.77069736721805 
108.449347793368 1.14811224046327 20.7549807355516 -6.77217647891995 
110.618015311181 2.41116019468291 20.7538652784198 -6.77249375868859 
112.786684704553 3.67357420957033 20.7528544672069 -6.77276819211336 
114.955243276606 4.93547032112652 20.7519609377822 -6.7730125655114 
117.123646133721 6.19699178991666 20.75116118873 -6.77322072459689 
119.291807270473 7.458282333056 20.7504823455581 -6.77340348661887 
121.459692623781 8.71946410709886 20.7499138564209 -6.77355610670218 
123.627246294336 9.98065950512527 20.749471511914 -6.77367038510155 
125.794415637938 11.2419862660417 20.749174128444 -6.77376231922501 
127.961128139096 12.5036028970119 20.7490333921463 -6.77381161640002 
130.127294980828 13.765655251716 20.7490811721381 -6.77381952025576 
132.292828285402 15.0283017574897 20.7493327848853 -6.77376809301114 
134.457645163712 16.2916874540741 20.7498086323341 -6.77366646127745 
136.621663921768 17.5559434468413 20.750539157382 -6.77348254863422 
138.784782051283 18.8212291936301 20.7515368440673 -6.77321905416375 
140.946905536585 20.0877246057818 20.752820223644 -6.77285748225239 
143.107955955223 21.3555967052934 20.7543841537772 -6.77239478665774 
145.267848416705 22.6249528471992 20.7562251875696 -6.77181870518434 
112.796130150336 1.17331439384303 20.7523023436551 -6.77296468474676 
114.964234249962 2.43487255289835 20.7514481125328 -6.77319348492987 
117.132235571176 3.69600355435797 20.7506939422595 -6.77338743183003 
119.300088227065 4.95687167104448 20.7500544598245 -6.77355080963009 
121.467698319272 6.21759024531862 20.7495202436027 -6.77368801416686 
123.635048523757 7.47829995224028 20.7491030692643 -6.7737985599195 
125.802062844621 8.73911063323337 20.7488136297456 -6.77387999186404 
127.968716855422 10.0001625142896 20.7486637176494 -6.77393110683147 
130.134907058935 11.2616009029361 20.7486746765523 -6.77393488746496 
132.300557953438 12.5235753918712 20.7488625867802 -6.77390358267318 
134.465573140334 13.7862285091324 20.7492559426857 -6.77381397737164 
136.629867096059 15.0496967513799 20.74986935787 -6.77366479455381 
138.793353151757 16.3141342070216 20.7507324264635 -6.77342814102675 
140.955928467173 17.5797074472371 20.7518667240013 -6.77311333326849 
143.117520995517 18.8466005709278 20.7532795593247 -6.77269254433025 
117.141064053085 1.19471692374458 20.7503228382285 -6.77351514584486 
119.3085386552 2.45518512320044 20.7497223199682 -6.77366981747365 
121.475838228991 3.71548082027876 20.7492163202973 -6.77380019485757 
123.642924328829 4.97573778874765 20.748818784728 -6.77390356007467 
125.809731603961 6.23607621424104 20.7485358360251 -6.7739773217327 
127.976244029669 7.49661637711764 20.7483754936034 -6.7740276523951 
130.142374081063 8.75748826970417 20.7483589715003 -6.77403280869653 
132.308055850872 10.0188454359969 20.7484898249117 -6.77401674887553 
134.473190831652 11.2808229162838 20.7488030634007 -6.77393690780202 
136.637693421403 12.5435603916513 20.7493126509634 -6.77381672897143 
138.801467132822 13.8072042221629 20.7500516609803 -6.7736093214182 
140.964423213184 15.0719335390813 20.7510374533018 -6.77334033765586 
121.484224788784 1.21314861760112 20.7489928526091 -6.77388290081709 
123.651004537002 2.47298987915327 20.7486147511296 -6.77397940354789 
125.817559769765 3.73288883922371 20.7483361358197 -6.77405805376388 
127.98386773672 4.99296719302481 20.7481647256869 -6.77410159763423 
130.149859419874 6.25333217086061 20.7481131535592 -6.77411386573096 
132.315484507677 7.5141255450169 20.7481992253791 -6.7740967011884 
134.480650767106 8.77548546329192 20.748437488348 -6.77403525969034 
136.645278480952 10.0375474376772 20.7488503962507 -6.77392817927298 
138.80926388357 11.300455607575 20.74947364233 -6.77376118170955 
125.825663938497 1.22958267514874 20.7482075260111 -6.77410012903551 
127.991723422618 2.48922595977909 20.748026490371 -6.77414489374833 
130.157521294824 3.74913236425307 20.7479487318963 -6.77416986322278 
132.323017916712 5.00941421328818 20.7479857400249 -6.77415877170905 
134.488136602162 6.27021051521577 20.7481583047344 -6.77411783895446 
136.652799421069 7.53164936049412 20.7484864629846 -6.7740223065372 
130.165494665578 1.24488095334334 20.7478578024097 -6.77421088027391 
132.330798644923 2.50470030133245 20.747856442685 -6.77420647442321 
134.49580576666 3.7649893498676 20.7479626707577 -6.77417443827069 
