64.03573526 110.8310195 20.761 -6.77214561524205 
66.19317766 112.10399528 20.761 -6.77216576087195 
68.35062005 113.37697105 20.761 -6.77216582661065 
61.90200103 107.05315593 20.761 -6.77206041088841 
64.05944342 108.3261317 20.761 -6.77210643099457 
66.21688582 109.59910747 20.761 -6.77213548731521 
68.37432821 110.87208324 20.761 -6.772145617852 
70.53177061 112.14505901 20.761 -6.7721359439433 
72.689213 113.41803478 20.761 -6.77210696571543 
59.76826679 103.27529235 20.761 -6.77193412157672 
61.92570918 104.54826812 20.761 -6.77199875741299 
64.08315158 105.82124389 20.761 -6.77205062760904 
66.24059397 107.09421966 20.761 -6.77208722710526 
68.39803637 108.36719543 20.761 -6.77210645370963 
70.55547876 109.6401712 20.761 -6.77210699398628 
72.71292116 110.91314697 20.761 -6.77208860353385 
74.87036355 112.18612274 20.761 -6.77205229050768 
77.02780595 113.45909851 20.761 -6.77199996120078 
57.63453255 99.49742877 20.761 -6.77178142075383 
59.79197495 100.77040454 20.761 -6.77185744089926 
61.94941734 102.04338031 20.761 -6.77192481225046 
64.10685974 103.31635609 20.761 -6.77198102992771 
66.26430213 104.58933186 20.761 -6.77202367849035 
68.42174453 105.86230763 20.761 -6.77205066994129 
70.57918692 107.1352834 20.761 -6.77206046919392 
72.73662932 108.40825917 20.761 -6.77205232646925 
74.89407171 109.68123494 20.761 -6.77202655385941 
77.05151411 110.95421071 20.761 -6.77198442331661 
79.2089565 112.22718648 20.761 -6.77192794176805 
81.3663989 113.50016225 20.761 -6.77185946034054 
55.50079831 95.7195652 20.761 -6.77161414837935 
57.65824071 96.99254097 20.761 -6.77169601531466 
59.8156831 98.26551674 20.761 -6.77177241510952 
61.9731255 99.53849251 20.761 -6.77184132156419 
64.13056789 100.81146828 20.761 -6.7719005309689 
66.28801029 102.08444405 20.761 -6.77194778556709 
68.44545268 103.35741982 20.761 -6.77198108627191 
70.60289508 104.63039559 20.761 -6.77199884454523 
72.76033747 105.90337136 20.761 -6.77200006093828 
74.91777987 107.17634713 20.761 -6.77198449597645 
77.07522226 108.4493229 20.761 -6.77195281145147 
79.23266466 109.72229867 20.761 -6.77190640601071 
81.39010705 110.99527444 20.761 -6.77184721902385 
83.54754945 112.26825021 20.761 -6.77177739289583 
85.70499184 113.54122598 20.761 -6.77169907104363 
53.36706408 91.94170162 20.761 -6.77143985190772 
55.52450647 93.21467739 20.761 -6.77152415423761 
57.68194887 94.48765316 20.761 -6.77160508609519 
59.83939126 95.76062893 20.761 -6.77168119871202 
61.99683366 97.0336047 20.761 -6.77175073217875 
64.15427605 98.30658047 20.761 -6.77181179901359 
66.31171845 99.57955624 20.761 -6.77186237091436 
68.46916084 100.85253201 20.761 -6.77190060059835 
70.62660324 102.12550778 20.761 -6.77192492800871 
72.78404563 103.39848355 20.761 -6.77193429053487 
74.94148803 104.67145932 20.761 -6.77192809425611 
77.09893042 105.9444351 20.761 -6.77190651445467 
79.25637282 107.21741087 20.761 -6.77187035835071 
81.41381521 108.49038664 20.761 -6.77182107125043 
83.57125761 109.76336241 20.761 -6.77176038697405 
85.7287 111.03633818 20.761 -6.77169023336504 
87.8861424 112.30931395 20.761 -6.77161240283776 
90.04358479 113.58228972 20.761 -6.77152853085865 
51.23332984 88.16383804 20.761 -6.77126238594042 
53.39077224 89.43681381 20.761 -6.77134726080813 
55.54821463 90.70978958 20.761 -6.77143016741806 
57.70565703 91.98276535 20.761 -6.7715099706557 
59.86309942 93.25574112 20.761 -6.77158539516337 
62.02054182 94.5287169 20.761 -6.7716549621021 
64.17798421 95.80169267 20.761 -6.77171704681649 
66.33542661 97.07466844 20.761 -6.77176990902244 
68.492869 98.34764421 20.761 -6.77181187516439 
70.6503114 99.62061998 20.761 -6.7718414758091 
72.80775379 100.89359575 20.761 -6.77185765291341 
74.96519619 102.16657152 20.761 -6.77185970515963 
77.12263858 103.43954729 20.761 -6.77184743969908 
79.28008098 104.71252306 20.761 -6.77182120651028 
81.43752337 105.98549883 20.761 -6.77178192205398 
83.59496577 107.2584746 20.761 -6.77173088938895 
85.75240816 108.53145037 20.761 -6.7716696811304 
87.90985056 109.80442614 20.761 -6.77159990435127 
90.06729295 111.07740191 20.761 -6.77152310446819 
92.22473535 112.35037768 20.761 -6.77144060059072 
94.38217774 113.62335345 20.761 -6.77135345554966 
49.0995956 84.38597447 20.761 -6.77108351722844 
51.257038 85.65895024 20.761 -6.77116778114069 
53.41448039 86.93192601 20.761 -6.77125122082522 
55.57192279 88.20490178 20.761 -6.77133279948966 
57.72936518 89.47787755 20.761 -6.77141147234529 
59.88680758 90.75085332 20.761 -6.77148608525028 
62.04424997 92.02382909 20.761 -6.77155538674191 
64.20169237 93.29680486 20.761 -6.77161797342359 
66.35913476 94.56978063 20.761 -6.77167238380197 
68.51657716 95.8427564 20.761 -6.77171713625015 
70.67401955 97.11573217 20.761 -6.7717509165601 
72.83146195 98.38870794 20.761 -6.77177268049076 
74.98890434 99.66168371 20.761 -6.77178175360853 
77.14634674 100.93465948 20.761 -6.77177774729065 
79.30378913 102.20763525 20.761 -6.77176070400414 
81.46123153 103.48061102 20.761 -6.77173108206694 
83.61867392 104.75358679 20.761 -6.77168977017566 
85.77611632 106.02656256 20.761 -6.7716379227047 
87.93355871 107.29953833 20.761 -6.77157687225461 
90.09100111 108.57251411 20.761 -6.77150796434949 
92.2484435 109.84548988 20.761 -6.77143248503311 
94.4058859 111.11846565 20.761 -6.77135153316945 
96.56332829 112.39144142 20.761 -6.77126601165351 
98.72077069 113.66441719 20.761 -6.77117654309191 
46.96586137 80.60811089 20.761 -6.77090490501648 
49.12330376 81.88108666 20.761 -6.77098709990669 
51.28074616 83.15406243 20.761 -6.77106979076349 
53.43818855 84.4270382 20.761 -6.77115188804838 
55.59563095 85.70001397 20.761 -6.7712322959711 
57.75307334 86.97298974 20.761 -6.77130999520666 
59.91051574 88.24596551 20.761 -6.77138388100174 
62.06795813 89.51894128 20.761 -6.77145286205933 
64.22540053 90.79191705 20.761 -6.77151571360934 
66.38284292 92.06489282 20.761 -6.7715712160072 
68.54028532 93.33786859 20.761 -6.77161808400883 
70.69772771 94.61084436 20.761 -6.77165518232686 
72.85517011 95.88382013 20.761 -6.77168150565289 
75.0126125 97.15679591 20.761 -6.77169643741612 
77.1700549 98.42977168 20.761 -6.7716995515652 
79.32749729 99.70274745 20.761 -6.77169072874018 
81.48493969 100.97572322 20.761 -6.77167009763628 
83.64238208 102.24869899 20.761 -6.77163818131444 
85.79982448 103.52167476 20.761 -6.77159572669773 
87.95726687 104.79465053 20.761 -6.77154375743259 
90.11470927 106.0676263 20.761 -6.77148333838663 
92.27215166 107.34060207 20.761 -6.77141561665543 
94.42959406 108.61357784 20.761 -6.77134161677693 
96.58703645 109.88655361 20.761 -6.77126231506747 
98.74447885 111.15952938 20.761 -6.77117846790215 
100.90192124 112.43250515 20.761 -6.77109071046569 
103.05936364 113.70548092 20.761 -6.77099942373404 
44.83212713 76.83024731 20.761 -6.77072978659672 
46.98956953 78.10322308 20.761 -6.77080745075338 
49.14701192 79.37619885 20.761 -6.77088744787566 
51.30445432 80.64917462 20.761 -6.77096844912356 
53.46189671 81.92215039 20.761 -6.77104923481373 
55.61933911 83.19512616 20.761 -6.77112863194511 
57.7767815 84.46810193 20.761 -6.77120556062337 
59.9342239 85.74107771 20.761 -6.7712789390615 
62.09166629 87.01405348 20.761 -6.77134773047765 
64.24910869 88.28702925 20.761 -6.7714108591049 
66.40655108 89.56000502 20.761 -6.77146726129828 
68.56399348 90.83298079 20.761 -6.7715158540805 
70.72143587 92.10595656 20.761 -6.7715556443029 
72.87887827 93.37893233 20.761 -6.77158576308493 
75.03632066 94.6519081 20.761 -6.77160558166496 
77.19376306 95.92488387 20.761 -6.77161475586661 
79.35120545 97.19785964 20.761 -6.77161308960413 
81.50864785 98.47083541 20.761 -6.77160057835578 
83.66609024 99.74381118 20.761 -6.77157742768616 
85.82353264 101.01678695 20.761 -6.77154409464768 
87.98097503 102.28976272 20.761 -6.7715012219384 
90.13841743 103.56273849 20.761 -6.77144962315604 
92.29585982 104.83571426 20.761 -6.77139017847372 
94.45330222 106.10869003 20.761 -6.7713238117891 
96.61074461 107.3816658 20.761 -6.77125140938481 
98.76818701 108.65464157 20.761 -6.77117381354208 
100.9256294 109.92761734 20.761 -6.77109174804077 
103.0830718 111.20059312 20.761 -6.7710058505455 
105.24051419 112.47356889 20.761 -6.77091660230744 
107.39795659 113.74654466 20.761 -6.77082442355617 
42.69839289 73.05238373 20.761 -6.77056385915197 
44.85583529 74.3253595 20.761 -6.77063331571442 
47.01327768 75.59833528 20.761 -6.77070744697016 
49.17072008 76.87131105 20.761 -6.7707847377721 
51.32816247 78.14428682 20.761 -6.77086376429138 
53.48560487 79.41726259 20.761 -6.77094314168956 
55.64304726 80.69023836 20.761 -6.77102160569371 
57.80048966 81.96321413 20.761 -6.77109794827183 
59.95793205 83.2361899 20.761 -6.77117108142853 
62.11537445 84.50916567 20.761 -6.77123993763298 
64.27281684 85.78214144 20.761 -6.77130352478278 
66.43025924 87.05511721 20.761 -6.77136086153391 
68.58770163 88.32809298 20.761 -6.77141103718065 
70.74514403 89.60106875 20.761 -6.77145317689298 
72.90258642 90.87404452 20.761 -6.77148654497894 
75.06002882 92.14702029 20.761 -6.77151055336536 
77.21747121 93.41999606 20.761 -6.77152488384784 
79.37491361 94.69297183 20.761 -6.77152938496964 
81.532356 95.9659476 20.761 -6.77152402959684 
83.6897984 97.23892337 20.761 -6.77150885321034 
85.84724079 98.51189914 20.761 -6.77148407678297 
88.00468319 99.78487492 20.761 -6.77145004971643 
90.16212558 101.05785069 20.761 -6.77140730492485 
92.31956798 102.33082646 20.761 -6.77135645258449 
94.47701037 103.60380223 20.761 -6.77129822516756 
96.63445277 104.876778 20.761 -6.7712333592732 
98.79189516 106.14975377 20.761 -6.77116265304445 
100.94933756 107.42272954 20.761 -6.77108686203013 
103.10677995 108.69570531 20.761 -6.7710067473981 
105.26422235 109.96868108 20.761 -6.77092297229606 
107.42166474 111.24165685 20.761 -6.77083616558373 
109.57910714 112.51463262 20.761 -6.77074688065094 
111.73654953 113.78760839 20.761 -6.77065582651579 
40.56465866 69.27452016 20.761 -6.77041567039903 
42.72210105 70.54749593 20.761 -6.7704720532819 
44.87954345 71.8204717 20.761 -6.77053582374112 
47.03698584 73.09344747 20.761 -6.7706054406841 
49.19442824 74.36642324 20.761 -6.77067928278837 
51.35187063 75.63939901 20.761 -6.77075581227786 
53.50931303 76.91237478 20.761 -6.77083349699822 
55.66675542 78.18535055 20.761 -6.77091094824407 
57.82419782 79.45832632 20.761 -6.77098681879234 
59.98164021 80.73130209 20.761 -6.77105992527982 
62.13908261 82.00427786 20.761 -6.77112913133623 
64.296525 83.27725363 20.761 -6.77119345287097 
66.4539674 84.5502294 20.761 -6.77125193130478 
68.61140979 85.82320517 20.761 -6.77130375505438 
70.76885219 87.09618094 20.761 -6.77134813110305 
72.92629458 88.36915672 20.761 -6.77138445161397 
75.08373698 89.64213249 20.761 -6.77141218258436 
77.24117937 90.91510826 20.761 -6.77143104113055 
79.39862177 92.18808403 20.761 -6.77144089116197 
81.55606416 93.4610598 20.761 -6.77144178209486 
83.71350656 94.73403557 20.761 -6.77143370516656 
85.87094895 96.00701134 20.761 -6.77141677062865 
88.02839135 97.27998711 20.761 -6.77139110528305 
90.18583374 98.55296288 20.761 -6.77135700347894 
92.34327614 99.82593865 20.761 -6.77131481368887 
94.50071853 101.09891442 20.761 -6.77126503274136 
96.65816093 102.37189019 20.761 -6.77120821342656 
98.81560332 103.64486596 20.761 -6.77114501906651 
100.97304572 104.91784173 20.761 -6.77107614217102 
103.13048811 106.1908175 20.761 -6.7710023589335 
105.28793051 107.46379327 20.761 -6.77092443592101 
107.4453729 108.73676904 20.761 -6.77084317231184 
109.6028153 110.00974481 20.761 -6.77075930864221 
111.76025769 111.28272058 20.761 -6.77067361245704 
113.91770009 112.55569636 20.761 -6.77058698663717 
116.07514248 113.82867213 20.761 -6.77050056432238 
38.43092442 65.49665658 20.761 -6.77029576558649 
40.58836682 66.76963235 20.761 -6.77033380185768 
42.74580921 68.04260812 20.761 -6.77038174749097 
44.90325161 69.31558389 20.761 -6.77043839278648 
47.060694 70.58855966 20.761 -6.77050222543241 
49.2181364 71.86153543 20.761 -6.77057159694515 
51.37557879 73.1345112 20.761 -6.77064483284777 
53.53302119 74.40748697 20.761 -6.77072030607634 
55.69046358 75.68046274 20.761 -6.77079644774504 
57.84790598 76.95343851 20.761 -6.77087178926977 
60.00534837 78.22641429 20.761 -6.77094497693185 
62.16279077 79.49939006 20.761 -6.77101479247802 
64.32023316 80.77236583 20.761 -6.7710801426609 
66.47767556 82.0453416 20.761 -6.77114007403347 
68.63511795 83.31831737 20.761 -6.77119374447653 
70.79256035 84.59129314 20.761 -6.77124046371387 
72.95000274 85.86426891 20.761 -6.77127964918841 
75.10744514 87.13724468 20.761 -6.77131087561798 
77.26488753 88.41022045 20.761 -6.77133385784765 
79.42232993 89.68319622 20.761 -6.77134850576619 
81.57977232 90.95617199 20.761 -6.77135488368859 
83.73721472 92.22914776 20.761 -6.77135310728225 
85.89465711 93.50212353 20.761 -6.77134322254757 
88.05209951 94.7750993 20.761 -6.77132529291981 
90.2095419 96.04807507 20.761 -6.77129939899372 
92.36698429 97.32105084 20.761 -6.77126571387545 
94.52442669 98.59402661 20.761 -6.77122447074291 
96.68186908 99.86700238 20.761 -6.77117603853153 
98.83931148 101.13997815 20.761 -6.771120856202 
100.99675387 102.41295393 20.761 -6.77105951921518 
103.15419627 103.6859297 20.761 -6.77099269396444 
105.31163866 104.95890547 20.761 -6.77092118321026 
107.46908106 106.23188124 20.761 -6.7708458298837 
109.62652345 107.50485701 20.761 -6.77076755291159 
111.78396585 108.77783278 20.761 -6.77068726049866 
113.94140824 110.05080855 20.761 -6.77060592765463 
116.09885064 111.32378432 20.761 -6.77052468793165 
118.25629303 112.59676009 20.761 -6.77044491942479 
120.41373543 113.86973586 20.761 -6.77036810224001 
36.29719018 61.718793 20.761 -6.77021385417855 
38.45463258 62.99176877 20.761 -6.77022940624494 
40.61207497 64.26474454 20.761 -6.77025646934407 
42.76951737 65.53772031 20.761 -6.77029442013171 
44.92695976 66.81069609 20.761 -6.77034232807786 
47.08440216 68.08367186 20.761 -6.77039886201622 
49.24184455 69.35664763 20.761 -6.77046244935571 
51.39928695 70.6296234 20.761 -6.77053132737137 
53.55672934 71.90259917 20.761 -6.77060377462218 
55.71417174 73.17557494 20.761 -6.77067805875063 
57.87161413 74.44855071 20.761 -6.7707525816421 
60.02905653 75.72152648 20.761 -6.77082579958905 
62.18649892 76.99450225 20.761 -6.77089635537195 
64.34394132 78.26747802 20.761 -6.77096299901042 
66.50138371 79.54045379 20.761 -6.77102469767049 
68.65882611 80.81342956 20.761 -6.77108054279963 
70.8162685 82.08640533 20.761 -6.77112983611029 
72.9737109 83.3593811 20.761 -6.77117200476193 
75.13115329 84.63235687 20.761 -6.7712066790839 
77.28859569 85.90533264 20.761 -6.77123360287089 
79.44603808 87.17830841 20.761 -6.77125272244409 
81.60348048 88.45128418 20.761 -6.77126409439029 
83.76092287 89.72425995 20.761 -6.77126792919964 
85.91836527 90.99723573 20.761 -6.77126436035547 
88.07580766 92.2702115 20.761 -6.77125346214294 
90.23325006 93.54318727 20.761 -6.77123522558604 
92.39069245 94.81616304 20.761 -6.77120968528092 
94.54813485 96.08913881 20.761 -6.77117686958206 
96.70557724 97.36211458 20.761 -6.77113694437665 
98.86301964 98.63509035 20.761 -6.7710901377186 
101.02046203 99.90806612 20.761 -6.77103686586221 
103.17790443 101.18104189 20.761 -6.77097763782326 
105.33534682 102.45401766 20.761 -6.77091317636742 
107.49278922 103.72699343 20.761 -6.77084429378695 
109.65023161 104.9999692 20.761 -6.77077198627843 
111.80767401 106.27294497 20.761 -6.77069727250104 
113.9651164 107.54592074 20.761 -6.77062127948128 
116.1225588 108.81889651 20.761 -6.77054515122719 
118.28000119 110.09187228 20.761 -6.77047030243771 
120.43744359 111.36484805 20.761 -6.77039822163197 
122.59488598 112.63782382 20.761 -6.77033047291336 
124.75232838 113.91079959 20.761 -6.77026852890994 
34.16345595 57.94092943 20.761 -6.77017693980691 
36.32089834 59.2139052 20.761 -6.7701677832622 
38.47834074 60.48688097 20.761 -6.77017049831924 
40.63578313 61.75985674 20.761 -6.77018521396412 
42.79322553 63.03283251 20.761 -6.77021165027413 
44.95066792 64.30580828 20.761 -6.77024917376885 
47.10811032 65.57878405 20.761 -6.77029673729381 
49.26555271 66.85175982 20.761 -6.77035295958646 
51.42299511 68.12473559 20.761 -6.77041613065396 
53.5804375 69.39771136 20.761 -6.77048444381099 
55.7378799 70.67068713 20.761 -6.77055605750164 
57.89532229 71.9436629 20.761 -6.7706291997847 
60.05276469 73.21663867 20.761 -6.77070216285308 
62.21020708 74.48961444 20.761 -6.77077339396802 
64.36764948 75.76259021 20.761 -6.77084147324743 
66.52509187 77.03556598 20.761 -6.77090520400043 
68.68253427 78.30854175 20.761 -6.77096355191895 
70.83997666 79.58151753 20.761 -6.7710157376046 
72.99741906 80.8544933 20.761 -6.77106114832276 
75.15486145 82.12746907 20.761 -6.77109940745823 
77.31230385 83.40044484 20.761 -6.77113028236681 
79.46974624 84.67342061 20.761 -6.77115373633895 
81.62718864 85.94639638 20.761 -6.77116984235703 
83.78463103 87.21937215 20.761 -6.77117883721683 
85.94207343 88.49234792 20.761 -6.77118097601176 
88.09951582 89.76532369 20.761 -6.77117643811374 
90.25695822 91.03829946 20.761 -6.77116523494181 
92.41440061 92.31127523 20.761 -6.7711473353598 
94.57184301 93.584251 20.761 -6.77112265338571 
96.7292854 94.85722677 20.761 -6.77109116922927 
98.8867278 96.13020254 20.761 -6.77105291171266 
101.04417019 97.40317831 20.761 -6.7710080779662 
103.20161259 98.67615408 20.761 -6.77095699701679 
105.35905498 99.94912985 20.761 -6.77090022057131 
107.51649738 101.22210562 20.761 -6.77083846860996 
109.67393977 102.49508139 20.761 -6.77077268550434 
111.83138217 103.76805717 20.761 -6.7707039422916 
113.98882456 105.04103294 20.761 -6.77063346630691 
116.14626696 106.31400871 20.761 -6.77056252613125 
118.30370935 107.58698448 20.761 -6.77049252757472 
120.46115175 108.85996025 20.761 -6.77042499160541 
122.61859414 110.13293602 20.761 -6.77036148868399 
124.77603654 111.40591179 20.761 -6.77030353593965 
126.93347893 112.67888756 20.761 -6.7702525987145 
129.09092133 113.95186333 20.761 -6.77021000305417 
32.02972171 54.16306585 20.761 -6.77018832473527 
34.18716411 55.43604162 20.761 -6.77015440207805 
36.3446065 56.70901739 20.761 -6.77013151956937 
38.5020489 57.98199316 20.761 -6.77012043724447 
40.65949129 59.25496893 20.761 -6.77012159235224 
42.81693368 60.5279447 20.761 -6.77013508771743 
44.97437608 61.80092047 20.761 -6.77016061864293 
47.13181847 63.07389624 20.761 -6.77019749906152 
49.28926087 64.34687201 20.761 -6.77024460530976 
51.44670326 65.61984778 20.761 -6.77030045927498 
53.60414566 66.89282355 20.761 -6.77036324796225 
55.76158805 68.16579932 20.761 -6.77043106260655 
57.91903045 69.4387751 20.761 -6.77050197373482 
60.07647284 70.71175087 20.761 -6.77057412356729 
62.23391524 71.98472664 20.761 -6.77064573444164 
64.39135763 73.25770241 20.761 -6.77071520306718 
66.54880003 74.53067818 20.761 -6.7707810897508 
68.70624242 75.80365395 20.761 -6.77084222082039 
70.86368482 77.07662972 20.761 -6.77089762727512 
73.02112721 78.34960549 20.761 -6.77094662329637 
75.17856961 79.62258126 20.761 -6.77098873014045 
77.336012 80.89555703 20.761 -6.77102372613793 
79.4934544 82.1685328 20.761 -6.77105154852138 
81.65089679 83.44150857 20.761 -6.77107232436475 
83.80833919 84.71448434 20.761 -6.77108626702673 
85.96578158 85.98746011 20.761 -6.77109371182097 
88.12322398 87.26043588 20.761 -6.77109495914397 
90.28066637 88.53341165 20.761 -6.77109017783273 
92.43810877 89.80638742 20.761 -6.77107934130983 
94.59555116 91.07936319 20.761 -6.77106235409721 
96.75299356 92.35233896 20.761 -6.77103904182353 
98.91043595 93.62531474 20.761 -6.77100930477138 
101.06787835 94.89829051 20.761 -6.77097309975413 
103.22532074 96.17126628 20.761 -6.77093057625185 
105.38276314 97.44424205 20.761 -6.77088204631177 
107.54020553 98.71721782 20.761 -6.77082808572298 
109.69764793 99.99019359 20.761 -6.77076947933053 
111.85509032 101.26316936 20.761 -6.77070728419578 
114.01253272 102.53614513 20.761 -6.77064271729648 
116.16997511 103.8091209 20.761 -6.7705771741121 
118.32741751 105.08209667 20.761 -6.77051210948028 
120.4848599 106.35507244 20.761 -6.77044907972893 
122.6423023 107.62804821 20.761 -6.77038964733908 
124.79974469 108.90102398 20.761 -6.77033537949977 
126.95718709 110.17399975 20.761 -6.77028774885772 
129.11462948 111.44697552 20.761 -6.770248137451 
131.27207188 112.71995129 20.761 -6.77021773537852 
133.42951427 113.99292706 20.761 -6.77019755278102 
29.89598747 50.38520227 20.761 -6.77024704932652 
32.05342987 51.65817804 20.761 -6.77019051734342 
34.21087226 52.93115381 20.761 -6.77014312008146 
36.36831466 54.20412958 20.761 -6.77010608310381 
38.52575705 55.47710535 20.761 -6.77008048360825 
40.68319945 56.75008112 20.761 -6.77006708169359 
42.84064184 58.0230569 20.761 -6.77006637886102 
44.99808424 59.29603267 20.761 -6.77007843945785 
47.15552663 60.56900844 20.761 -6.77010297923025 
49.31296903 61.84198421 20.761 -6.77013920528327 
51.47041142 63.11495998 20.761 -6.77018594854585 
53.62785382 64.38793575 20.761 -6.77024156370053 
55.78529621 65.66091152 20.761 -6.7703041669812 
57.94273861 66.93388729 20.761 -6.77037170395429 
60.100181 68.20686306 20.761 -6.77044218204269 
62.2576234 69.47983883 20.761 -6.77051360390271 
64.41506579 70.7528146 20.761 -6.77058416130667 
66.57250819 72.02579037 20.761 -6.77065216349252 
68.72995058 73.29876614 20.761 -6.77071621278008 
70.88739298 74.57174191 20.761 -6.77077511234888 
73.04483537 75.84471768 20.761 -6.77082801995742 
75.20227777 77.11769345 20.761 -6.77087431454134 
77.35972016 78.39066922 20.761 -6.77091370671654 
79.51716256 79.66364499 20.761 -6.77094608742587 
81.67460495 80.93662076 20.761 -6.77097159029832 
83.83204735 82.20959654 20.761 -6.77099044353062 
85.98948974 83.48257231 20.761 -6.77100301979261 
88.14693214 84.75554808 20.761 -6.77100968202556 
90.30437453 86.02852385 20.761 -6.7710107901075 
92.46181693 87.30149962 20.761 -6.77100643985862 
94.61925932 88.57447539 20.761 -6.770996595244 
96.77670172 89.84745116 20.761 -6.7709810471462 
98.93414411 91.12042693 20.761 -6.77095959501311 
101.09158651 92.3934027 20.761 -6.77093201611176 
103.2490289 93.66637847 20.761 -6.77089825807013 
105.4064713 94.93935424 20.761 -6.77085839514618 
107.56391369 96.21233001 20.761 -6.77081279710178 
109.72135609 97.48530578 20.761 -6.77076204493758 
111.87879848 98.75828155 20.761 -6.77070705919654 
114.03624088 100.03125732 20.761 -6.77064897595069 
116.19368327 101.30423309 20.761 -6.77058921939174 
118.35112567 102.57720886 20.761 -6.77052931922436 
120.50856806 103.85018463 20.761 -6.77047091022778 
122.66601046 105.1231604 20.761 -6.77041553194401 
124.82345285 106.39613618 20.761 -6.77036479465037 
126.98089525 107.66911195 20.761 -6.77032018717054 
129.13833764 108.94208772 20.761 -6.77028315883813 
131.29578004 110.21506349 20.761 -6.77025493035246 
133.45322243 111.48803926 20.761 -6.77023657621192 
135.61066483 112.76101503 20.761 -6.7702288530498 
137.76810722 114.0339908 20.761 -6.77023229474228 
27.76225324 46.6073387 20.761 -6.77034803645148 
29.91969563 47.88031447 20.761 -6.77027294519178 
32.07713803 49.15329024 20.761 -6.77020426699316 
34.23458042 50.42626601 20.761 -6.77014355467525 
36.39202282 51.69924178 20.761 -6.77009225668985 
38.54946521 52.97221755 20.761 -6.77005171668103 
40.70690761 54.24519332 20.761 -6.77002305497385 
42.86435 55.51816909 20.761 -6.77000714040792 
45.0217924 56.79114486 20.761 -6.77000446680902 
47.17923479 58.06412063 20.761 -6.77001514501413 
49.33667719 59.3370964 20.761 -6.77003880398121 
51.49411958 60.61007217 20.761 -6.77007462019037 
53.65156198 61.88304794 20.761 -6.77012126258521 
55.80900437 63.15602371 20.761 -6.77017698742788 
57.96644677 64.42899948 20.761 -6.77023972853038 
60.12388916 65.70197525 20.761 -6.77030735911437 
62.28133156 66.97495102 20.761 -6.77037772542572 
64.43877395 68.24792679 20.761 -6.77044878166515 
66.59621635 69.52090256 20.761 -6.77051860275744 
68.75365874 70.79387833 20.761 -6.77058549926948 
70.91110114 72.06685411 20.761 -6.77064803735783 
73.06854353 73.33982988 20.761 -6.77070511638772 
75.22598593 74.61280565 20.761 -6.77075593944662 
77.38342832 75.88578142 20.761 -6.77080005553604 
79.54087072 77.15875719 20.761 -6.77083727379201 
81.69831311 78.43173296 20.761 -6.77086768955175 
83.85575551 79.70470873 20.761 -6.7708915426352 
86.0131979 80.9776845 20.761 -6.7709092266364 
88.1706403 82.25066027 20.761 -6.77092115594799 
90.32808269 83.52363604 20.761 -6.77092778054334 
92.48552509 84.79661181 20.761 -6.77092940992999 
94.64296748 86.06958758 20.761 -6.77092614565882 
96.80040988 87.34256335 20.761 -6.77091784317704 
98.95785227 88.61553912 20.761 -6.7709042636735 
101.11529467 89.88851489 20.761 -6.77088508886468 
103.27273706 91.16149066 20.761 -6.770860080732 
105.43017946 92.43446643 20.761 -6.77082910668823 
107.58762185 93.7074422 20.761 -6.77079228372493 
109.74506425 94.98041797 20.761 -6.77074995995685 
111.90250664 96.25339375 20.761 -6.77070284037755 
114.05994904 97.52636952 20.761 -6.77065191312672 
116.21739143 98.79934529 20.761 -6.7705985076104 
118.37483383 100.07232106 20.761 -6.77054417161704 
120.53227622 101.34529683 20.761 -6.77049061604888 
122.68971862 102.6182726 20.761 -6.77043945316062 
124.84716101 103.89124837 20.761 -6.77039225468967 
127.00460341 105.16422414 20.761 -6.77035057497142 
129.1620458 106.43719991 20.761 -6.77031586738532 
131.3194882 107.71017568 20.761 -6.77028945944805 
133.47693059 108.98315145 20.761 -6.77027246029384 
135.63437299 110.25612722 20.761 -6.77026574351158 
137.79181538 111.52910299 20.761 -6.77026986864113 
139.94925778 112.80207876 20.761 -6.77028509146597 
142.10670017 114.07505453 20.761 -6.77031129806399 
25.628519 42.82947512 20.761 -6.77048285251044 
27.78596139 44.10245089 20.761 -6.77039449074533 
29.94340379 45.37542666 20.761 -6.77030945381142 
32.10084618 46.64840243 20.761 -6.77022935691309 
34.25828858 47.9213782 20.761 -6.7701558278305 
36.41573097 49.19435397 20.761 -6.77009051962114 
38.57317337 50.46732974 20.761 -6.770034996214 
40.73061576 51.74030551 20.761 -6.76999071699964 
42.88805816 53.01328128 20.761 -6.76995890249067 
45.04550055 54.28625705 20.761 -6.76994049709982 
47.20294295 55.55923282 20.761 -6.76993602839827 
49.36038534 56.83220859 20.761 -6.76994559655309 
51.51782774 58.10518436 20.761 -6.76996876827208 
53.67527013 59.37816013 20.761 -6.77000460008917 
55.83271253 60.65113591 20.761 -6.77005161625663 
57.99015492 61.92411168 20.761 -6.77010790195914 
60.14759732 63.19708745 20.761 -6.7701712458939 
62.30503971 64.47006322 20.761 -6.77023938723295 
64.46248211 65.74303899 20.761 -6.77031005197751 
66.6199245 67.01601476 20.761 -6.77038109191652 
68.7773669 68.28899053 20.761 -6.77045052044664 
70.93480929 69.5619663 20.761 -6.7705166313403 
73.09225169 70.83494207 20.761 -6.77057800901938 
75.24969408 72.10791784 20.761 -6.77063362145466 
77.40713648 73.38089361 20.761 -6.77068278011621 
79.56457887 74.65386938 20.761 -6.77072517529907 
81.72202127 75.92684515 20.761 -6.77076076977682 
83.87946366 77.19982092 20.761 -6.77078980758536 
86.03690606 78.47279669 20.761 -6.77081266587431 
88.19434845 79.74577246 20.761 -6.77082984150637 
90.35179085 81.01874823 20.761 -6.77084181573783 
92.50923324 82.291724 20.761 -6.77084905736542 
94.66667564 83.56469977 20.761 -6.77085184061198 
96.82411803 84.83767555 20.761 -6.77085021672195 
98.98156043 86.11065132 20.761 -6.77084397286856 
101.13900282 87.38362709 20.761 -6.77083279596084 
103.29644522 88.65660286 20.761 -6.77081630005359 
105.45388761 89.92957863 20.761 -6.77079419867528 
107.61133001 91.2025544 20.761 -6.77076633694193 
109.7687724 92.47553017 20.761 -6.77073285075332 
111.9262148 93.74850594 20.761 -6.77069415170721 
114.08365719 95.02148171 20.761 -6.77065103668996 
116.24109959 96.29445748 20.761 -6.77060462737493 
118.39854198 97.56743325 20.761 -6.77055641465277 
120.55598438 98.84040902 20.761 -6.77050810359488 
122.71342677 100.11338479 20.761 -6.77046142488665 
124.87086917 101.38636056 20.761 -6.77041794897294 
127.02831156 102.65933633 20.761 -6.77037924515285 
129.18575396 103.9323121 20.761 -6.77034679070426 
131.34319635 105.20528787 20.761 -6.77032199215342 
133.50063875 106.47826364 20.761 -6.77030603159384 
135.65808114 107.75123941 20.761 -6.77029988556731 
137.81552354 109.02421519 20.761 -6.77030420931733 
139.97296593 110.29719096 20.761 -6.77031937018722 
142.13040833 111.57016673 20.761 -6.7703453460474 
144.28785072 112.8431425 20.761 -6.77038179474373 
146.44529312 114.11611827 20.761 -6.77042797656209 
23.49478476 39.05161154 20.761 -6.77064104382727 
25.65222716 40.32458731 20.761 -6.77054509209836 
27.80966955 41.59756308 20.761 -6.77044952534835 
29.96711195 42.87053885 20.761 -6.77035569410825 
32.12455434 44.14351462 20.761 -6.77026520383831 
34.28199674 45.41649039 20.761 -6.77017971118153 
36.43943913 46.68946616 20.761 -6.77010101132715 
38.59688153 47.96244193 20.761 -6.7700308471515 
40.75432392 49.23541771 20.761 -6.76997098409679 
42.91176632 50.50839348 20.761 -6.76992297627979 
45.06920871 51.78136925 20.761 -6.76988820167763 
47.22665111 53.05434502 20.761 -6.76986762491685 
49.3840935 54.32732079 20.761 -6.76986183200817 
51.5415359 55.60029656 20.761 -6.76987082756586 
53.69897829 56.87327233 20.761 -6.76989412436057 
55.85642069 58.1462481 20.761 -6.76993058853117 
58.01386308 59.41922387 20.761 -6.76997859787897 
60.17130548 60.69219964 20.761 -6.77003599847146 
62.32874787 61.96517541 20.761 -6.77010046795621 
64.48619027 63.23815118 20.761 -6.77016956137613 
66.64363266 64.51112695 20.761 -6.77024092853071 
68.80107506 65.78410272 20.761 -6.77031228418595 
70.95851745 67.05707849 20.761 -6.77038163386863 
73.11595985 68.33005426 20.761 -6.77044722356742 
75.27340224 69.60303003 20.761 -6.77050773072974 
77.43084464 70.8760058 20.761 -6.77056217775943 
79.58828703 72.14898157 20.761 -6.77061004068006 
81.74572943 73.42195735 20.761 -6.77065112060876 
83.90317182 74.69493312 20.761 -6.77068558486773 
86.06061422 75.96790889 20.761 -6.77071377997391 
88.21805661 77.24088466 20.761 -6.77073624842589 
90.37549901 78.51386043 20.761 -6.77075352492677 
92.5329414 79.7868362 20.761 -6.77076617076933 
94.6903838 81.05981197 20.761 -6.77077460280081 
96.84782619 82.33278774 20.761 -6.77077910134192 
99.00526859 83.60576351 20.761 -6.77077960005973 
101.16271098 84.87873928 20.761 -6.7707758552341 
103.32015338 86.15171505 20.761 -6.77076743301333 
105.47759577 87.42469082 20.761 -6.77075393626424 
107.63503817 88.69766659 20.761 -6.77073499966172 
109.79248056 89.97064236 20.761 -6.77071051473309 
111.94992296 91.24361813 20.761 -6.7706806095235 
114.10736535 92.5165939 20.761 -6.77064582409783 
116.26480775 93.78956967 20.761 -6.77060703129226 
118.42225014 95.06254544 20.761 -6.77056556083104 
120.57969254 96.33552121 20.761 -6.77052301214339 
122.73713493 97.60849699 20.761 -6.77048119366453 
124.89457733 98.88147276 20.761 -6.77044173866956 
127.05201972 100.15444853 20.761 -6.77040622254852 
129.20946212 101.4274243 20.761 -6.77037612201506 
131.36690451 102.70040007 20.761 -6.77035290180842 
133.52434691 103.97337584 20.761 -6.77033781261907 
135.6817893 105.24635161 20.761 -6.77033195866229 
137.8392317 106.51932738 20.761 -6.77033610110212 
139.99667409 107.79230315 20.761 -6.77035074291361 
142.15411649 109.06527892 20.761 -6.77037598269771 
144.31155888 110.33825469 20.761 -6.77041160154326 
146.46900128 111.61123046 20.761 -6.77045698510278 
148.62644367 112.88420623 20.761 -6.77051121211147 
150.78388607 114.157182 20.761 -6.77057302677397 
21.36105053 35.27374796 20.761 -6.77081266581307 
23.51849292 36.54672373 20.761 -6.7707137889817 
25.67593532 37.8196995 20.761 -6.77061318139882 
27.83337771 39.09267528 20.761 -6.77051170231797 
29.99082011 40.36565105 20.761 -6.77041044845549 
32.1482625 41.63862682 20.761 -6.77031086087986 
34.3057049 42.91160259 20.761 -6.77021459073958 
36.46314729 44.18457836 20.761 -6.7701234740222 
38.62058969 45.45755413 20.761 -6.77003943133157 
40.77803208 46.7305299 20.761 -6.76996443950464 
42.93547448 48.00350567 20.761 -6.7699003875572 
45.09291687 49.27648144 20.761 -6.7698490219805 
47.25035927 50.54945721 20.761 -6.76981177297527 
49.40780166 51.82243298 20.761 -6.76978969306731 
51.56524406 53.09540875 20.761 -6.76978329578553 
53.72268645 54.36838452 20.761 -6.76979254003588 
55.88012885 55.64136029 20.761 -6.76981673971054 
58.03757124 56.91433606 20.761 -6.76985461407247 
60.19501364 58.18731183 20.761 -6.76990427360956 
62.35245603 59.4602876 20.761 -6.76996341039565 
64.50989843 60.73326337 20.761 -6.7700294976551 
66.66734082 62.00623914 20.761 -6.77009998595398 
68.82478322 63.27921492 20.761 -6.77017236802276 
70.98222561 64.55219069 20.761 -6.77024432732699 
73.13966801 65.82516646 20.761 -6.77031379511354 
75.2971104 67.09814223 20.761 -6.77037908717301 
77.4545528 68.371118 20.761 -6.77043891054878 
79.61199519 69.64409377 20.761 -6.77049244223675 
81.76943759 70.91706954 20.761 -6.77053928951365 
83.92687998 72.19004531 20.761 -6.77057943513616 
86.08432238 73.46302108 20.761 -6.7706131831338 
88.24176477 74.73599685 20.761 -6.77064104005108 
90.39920717 76.00897262 20.761 -6.7706636317107 
92.55664956 77.28194839 20.761 -6.77068157533682 
94.71409196 78.55492416 20.761 -6.77069541979591 
96.87153435 79.82789993 20.761 -6.77070556732757 
99.02897675 81.1008757 20.761 -6.77071221120196 
101.18641914 82.37385147 20.761 -6.77071523074215 
103.34386154 83.64682724 20.761 -6.77071428322617 
105.50130393 84.91980301 20.761 -6.77070888849507 
107.65874633 86.19277878 20.761 -6.7706985707708 
109.81618872 87.46575456 20.761 -6.77068297712133 
111.97363112 88.73873033 20.761 -6.7706620002118 
114.13107351 90.0117061 20.761 -6.77063585850737 
116.28851591 91.28468187 20.761 -6.7706051779601 
118.4459583 92.55765764 20.761 -6.77057099784074 
120.6034007 93.83063341 20.761 -6.77053479724447 
122.76084309 95.10360918 20.761 -6.77049829857936 
124.91828549 96.37658495 20.761 -6.77046324614029 
127.07572788 97.64956072 20.761 -6.77043122029663 
129.23317028 98.92253649 20.761 -6.77040372353617 
131.39061267 100.19551226 20.761 -6.77038220433546 
133.54805507 101.46848803 20.761 -6.77036802142583 
135.70549746 102.7414638 20.761 -6.77036233296218 
137.86293986 104.01443957 20.761 -6.77036606997955 
140.02038225 105.28741534 20.761 -6.77037983837552 
142.17782464 106.56039111 20.761 -6.77040392484671 
144.33526704 107.83336688 20.761 -6.7704382249129 
146.49270943 109.10634265 20.761 -6.7704823009528 
148.65015183 110.37931842 20.761 -6.7705353247654 
150.80759422 111.6522942 20.761 -6.77059620578072 
152.96503662 112.92526997 20.761 -6.7706636284755 
155.12247901 114.19824574 20.761 -6.77073624621169 
19.22731629 31.49588439 20.761 -6.77099044126401 
21.38475868 32.76886016 20.761 -6.77089154880137 
23.54220108 34.04183593 20.761 -6.77078980054151 
25.69964347 35.3148117 20.761 -6.77068557966535 
27.85708587 36.58778747 20.761 -6.77057943091343 
30.01452826 37.86076324 20.761 -6.77047220334046 
32.17197066 39.13373901 20.761 -6.77036503709266 
34.32941305 40.40671478 20.761 -6.77025946222362 
36.48685545 41.67969055 20.761 -6.77015727840081 
38.64429784 42.95266632 20.761 -6.7700605087381 
40.80174024 44.22564209 20.761 -6.76997127893885 
42.95918263 45.49861786 20.761 -6.76989177256407 
45.11662503 46.77159363 20.761 -6.76982406004358 
47.27406742 48.0445694 20.761 -6.76977002330888 
49.43150982 49.31754517 20.761 -6.76973116127952 
51.58895221 50.59052094 20.761 -6.7697085113945 
53.74639461 51.86349672 20.761 -6.76970251111871 
55.903837 53.13647249 20.761 -6.76971297164678 
58.0612794 54.40944826 20.761 -6.7697390085758 
60.21872179 55.68242403 20.761 -6.7697791063027 
62.37616419 56.9553998 20.761 -6.76983112834973 
64.53360658 58.22837557 20.761 -6.76989256229749 
66.69104898 59.50135134 20.761 -6.76996072719743 
68.84849137 60.77432711 20.761 -6.77003294262568 
71.00593377 62.04730288 20.761 -6.77010659437828 
73.16337616 63.32027865 20.761 -6.77017931146564 
75.32081856 64.59325442 20.761 -6.7702490239384 
77.47826095 65.86623019 20.761 -6.77031410656266 
79.63570335 67.13920596 20.761 -6.77037336838573 
81.79314574 68.41218173 20.761 -6.77042614928463 
83.95058814 69.6851575 20.761 -6.77047219764668 
86.10803053 70.95813327 20.761 -6.77051169991774 
88.26547293 72.23110904 20.761 -6.77054509096053 
90.42291532 73.50408481 20.761 -6.77057303462556 
92.58035772 74.77706058 20.761 -6.77059619990351 
94.73780011 76.05003636 20.761 -6.77061527143361 
96.89524251 77.32301213 20.761 -6.77063074971081 
99.0526849 78.5959879 20.761 -6.77064300654362 
101.2101273 79.86896367 20.761 -6.77065212171175 
103.36756969 81.14193944 20.761 -6.77065791934316 
105.52501209 82.41491521 20.761 -6.77065994173152 
107.68245448 83.68789098 20.761 -6.77065768158785 
109.83989688 84.96086675 20.761 -6.77065060667285 
111.99733927 86.23384252 20.761 -6.77063839613373 
114.15478167 87.50681829 20.761 -6.77062096380231 
116.31222406 88.77979406 20.761 -6.77059865381235 
118.46966646 90.05276983 20.761 -6.77057220228499 
120.62710885 91.3257456 20.761 -6.77054284867633 
122.78455125 92.59872137 20.761 -6.77051217349623 
124.94199364 93.87169714 20.761 -6.77048192534868 
127.09943604 95.14467291 20.761 -6.77045374809678 
129.25687843 96.41764868 20.761 -6.77042917216354 
131.41432083 97.69062445 20.761 -6.77040962042787 
133.57176322 98.96360022 20.761 -6.77039649463396 
135.72920562 100.236576 20.761 -6.77039102911263 
137.88664801 101.50955177 20.761 -6.7703942829779 
140.04409041 102.78252754 20.761 -6.77040699849307 
142.2015328 104.05550331 20.761 -6.77042963261932 
144.3589752 105.32847908 20.761 -6.77046223237758 
146.51641759 106.60145485 20.761 -6.77050453198707 
148.67385999 107.87443062 20.761 -6.77055585733345 
150.83130238 109.14740639 20.761 -6.77061526897277 
152.98874478 110.42038216 20.761 -6.77068157043919 
155.14618717 111.69335793 20.761 -6.77075353239647 
157.30362957 112.9663337 20.761 -6.77082983617036 
159.46107196 114.23930947 20.761 -6.77090922626048 
17.09358205 27.71802081 20.761 -6.77116985152535 
19.25102445 28.99099658 20.761 -6.77107231744908 
21.40846684 30.26397235 20.761 -6.77097158800307 
23.56590924 31.53694812 20.761 -6.77086768806537 
25.72335163 32.80992389 20.761 -6.77076077544006 
27.88079403 34.08289966 20.761 -6.77065111842022 
30.03823642 35.35587543 20.761 -6.77053929355009 
32.19567882 36.6288512 20.761 -6.77042614363455 
34.35312121 37.90182697 20.761 -6.77031295150415 
36.51056361 39.17480274 20.761 -6.77020134664915 
38.668006 40.44777852 20.761 -6.77009336452266 
40.8254484 41.72075429 20.761 -6.76999121443117 
42.98289079 42.99373006 20.761 -6.76989730183385 
45.14033319 44.26670583 20.761 -6.76981397528303 
47.29777558 45.5396816 20.761 -6.76974351449664 
49.45521798 46.81265737 20.761 -6.76968784763251 
51.61266037 48.08563314 20.761 -6.76964853723872 
53.77010277 49.35860891 20.761 -6.7696265110667 
55.92754516 50.63158468 20.761 -6.76962210133626 
58.08498756 51.90456045 20.761 -6.76963486882318 
60.24242995 53.17753622 20.761 -6.76966372768476 
62.39987235 54.45051199 20.761 -6.76970685209105 
64.55731474 55.72348776 20.761 -6.76976189664359 
66.71475714 56.99646353 20.761 -6.76982611766787 
68.87219953 58.2694393 20.761 -6.76989672499653 
71.02964193 59.54241507 20.761 -6.76997087147249 
73.18708432 60.81539084 20.761 -6.77004591108457 
75.34452672 62.08836661 20.761 -6.77011940624375 
77.50196911 63.36134238 20.761 -6.77018936899215 
79.65941151 64.63431816 20.761 -6.77025421703136 
81.8168539 65.90729393 20.761 -6.77031295179452 
83.9742963 67.1802697 20.761 -6.77036503530265 
86.13173869 68.45324547 20.761 -6.77041045414291 
88.28918109 69.72622124 20.761 -6.77044951777148 
90.44662348 70.99919701 20.761 -6.7704828600737 
92.60406588 72.27217278 20.761 -6.77051120141986 
94.76150827 73.54514855 20.761 -6.77053532422565 
96.91895067 74.81812432 20.761 -6.77055586257234 
99.07639306 76.09110009 20.761 -6.77057331002959 
101.23383546 77.36407586 20.761 -6.77058791189803 
103.39127785 78.63705163 20.761 -6.77059968916949 
105.54872025 79.9100274 20.761 -6.77060833825616 
107.70616264 81.18300317 20.761 -6.77061336529579 
109.86360504 82.45597894 20.761 -6.77061417315165 
112.02104743 83.72895471 20.761 -6.7706102602466 
114.17848983 85.00193048 20.761 -6.77060130370482 
116.33593222 86.27490625 20.761 -6.7705873429793 
118.49337462 87.54788202 20.761 -6.77056881162038 
120.65081701 88.8208578 20.761 -6.77054664604469 
122.80825941 90.09383357 20.761 -6.77052221790703 
124.9657018 91.36680934 20.761 -6.77049718625914 
127.1231442 92.63978511 20.761 -6.77047321376539 
129.28058659 93.91276088 20.761 -6.77045189006934 
131.43802899 95.18573665 20.761 -6.77043462235891 
133.59547138 96.45871242 20.761 -6.77042281868934 
135.75291378 97.73168819 20.761 -6.77041776547837 
137.91035617 99.00466396 20.761 -6.77042061600545 
140.06779857 100.27763973 20.761 -6.77043224746065 
142.22524096 101.5506155 20.761 -6.77045327198354 
144.38268336 102.82359127 20.761 -6.77048392282056 
146.54012575 104.09656704 20.761 -6.77052410006035 
148.69756815 105.36954281 20.761 -6.77057330633606 
150.85501054 106.64251858 20.761 -6.77063075541671 
153.01245294 107.91549435 20.761 -6.77069541598457 
155.16989533 109.18847012 20.761 -6.77076617203492 
157.32733773 110.46144589 20.761 -6.77084181572858 
159.48478012 111.73442166 20.761 -6.77092116310579 
161.64222252 113.00739743 20.761 -6.77100301651088 
163.79966491 114.28037321 20.761 -6.77108627364308 
14.95984782 23.94015723 20.761 -6.77134850183835 
17.11729021 25.213133 20.761 -6.77125272252812 
19.27473261 26.48610877 20.761 -6.77115373230413 
21.432175 27.75908454 20.761 -6.77105155564401 
23.5896174 29.03206031 20.761 -6.77094608848147 
25.74705979 30.30503609 20.761 -6.77083728318549 
27.90450219 31.57801186 20.761 -6.77072517021915 
30.06194458 32.85098763 20.761 -6.77061003660825 
32.21938698 34.1239634 20.761 -6.77049244757183 
34.37682937 35.39693917 20.761 -6.77037337245475 
36.53427177 36.66991494 20.761 -6.77025421717817 
38.69171416 37.94289071 20.761 -6.77013683559554 
40.84915656 39.21586648 20.761 -6.77002347751882 
43.00659895 40.48884225 20.761 -6.7699166266864 
45.16404135 41.76181802 20.761 -6.76981890172765 
47.32148374 43.03479379 20.761 -6.76973286894699 
49.47892614 44.30776956 20.761 -6.76966091006288 
51.63636853 45.58074533 20.761 -6.76960501293022 
53.79381093 46.8537211 20.761 -6.76956665716101 
55.95125332 48.12669687 20.761 -6.76954665212991 
58.10869572 49.39967264 20.761 -6.76954509564594 
60.26613811 50.67264841 20.761 -6.7695613170794 
62.42358051 51.94562418 20.761 -6.76959392784195 
64.5810229 53.21859995 20.761 -6.76964083246316 
66.7384653 54.49157573 20.761 -6.7696994247422 
68.89590769 55.7645515 20.761 -6.76976681648849 
71.05335009 57.03752727 20.761 -6.76984005795775 
73.21079248 58.31050304 20.761 -6.76991622441607 
75.36823488 59.58347881 20.761 -6.76999259920809 
77.52567727 60.85645458 20.761 -6.77006677943109 
79.68311967 62.12943035 20.761 -6.77013683744878 
81.84056206 63.40240612 20.761 -6.77020134833955 
83.99800446 64.67538189 20.761 -6.77025946218492 
86.15544685 65.94835766 20.761 -6.77031085904998 
88.31288925 67.22133343 20.761 -6.7703556998683 
90.47033164 68.4943092 20.761 -6.7703944921082 
92.62777404 69.76728497 20.761 -6.77042798071898 
94.78521643 71.04026074 20.761 -6.77045698522998 
96.94265882 72.31323651 20.761 -6.77048229754512 
99.10010122 73.58621228 20.761 -6.77050452954907 
101.25754361 74.85918805 20.761 -6.77052409898882 
103.41498601 76.13216382 20.761 -6.77054114326315 
105.5724284 77.40513959 20.761 -6.77055556400379 
107.7298708 78.67811537 20.761 -6.77056697390223 
109.88731319 79.95109114 20.761 -6.7705748153634 
112.04475559 81.22406691 20.761 -6.77057846778952 
114.20219798 82.49704268 20.761 -6.77057744850972 
116.35964038 83.77001845 20.761 -6.77057150474864 
118.51708277 85.04299422 20.761 -6.77056079155725 
120.67452517 86.31596999 20.761 -6.77054591088779 
122.83196756 87.58894576 20.761 -6.77052798585347 
124.98940996 88.86192153 20.761 -6.77050848161173 
127.14685235 90.1348973 20.761 -6.77048903687748 
129.30429475 91.40787307 20.761 -6.77047124701725 
131.46173714 92.68084884 20.761 -6.77045659269926 
133.61917954 93.95382461 20.761 -6.77044641179203 
135.77662193 95.22680038 20.761 -6.77044204126778 
137.93406433 96.49977615 20.761 -6.77044467008817 
140.09150672 97.77275192 20.761 -6.77045532330879 
142.24894912 99.04572769 20.761 -6.77047472707726 
144.40639151 100.31870346 20.761 -6.77050331936807 
146.56383391 101.59167923 20.761 -6.77054114217488 
148.7212763 102.86465501 20.761 -6.77058791799832 
150.8787187 104.13763078 20.761 -6.77064300287526 
153.03616109 105.41060655 20.761 -6.77070556908327 
155.19360349 106.68358232 20.761 -6.7707746080456 
157.35104588 107.95655809 20.761 -6.77084905415789 
159.50848828 109.22953386 20.761 -6.77092777351438 
161.66593067 110.50250963 20.761 -6.77100968456103 
163.82337307 111.7754854 20.761 -6.77109370600096 
165.98081546 113.04846117 20.761 -6.77117883974638 
168.13825786 114.32143694 20.761 -6.77126409142984 
12.82611358 20.16229366 20.761 -6.77152487820877 
14.98355597 21.43526943 20.761 -6.77143103932277 
17.14099837 22.7082452 20.761 -6.7713338560401 
19.29844076 23.98122097 20.761 -6.77123360871724 
21.45588316 25.25419674 20.761 -6.77113027894423 
23.61332555 26.52717251 20.761 -6.77102372280577 
25.77076795 27.80014828 20.761 -6.77091369899415 
27.92821034 29.07312405 20.761 -6.77080005535553 
30.08565274 30.34609982 20.761 -6.77068278014093 
32.24309513 31.61907559 20.761 -6.77056218010247 
34.40053753 32.89205136 20.761 -6.77043890792442 
36.55797992 34.16502713 20.761 -6.7703141066192 
38.71542232 35.4380029 20.761 -6.77018935912744 
40.87286471 36.71097867 20.761 -6.77006678450967 
43.03030711 37.98395444 20.761 -6.76994886413937 
45.1877495 39.25693021 20.761 -6.76983837516783 
47.3451919 40.52990598 20.761 -6.76973812612244 
49.50263429 41.80288175 20.761 -6.769650857317 
51.66007669 43.07585753 20.761 -6.76957898452902 
53.81751908 44.3488333 20.761 -6.76952448559309 
55.97496148 45.62180907 20.761 -6.76948867326459 
58.13240387 46.89478484 20.761 -6.76947216747327 
60.28984627 48.16776061 20.761 -6.76947476287309 
62.44728866 49.44073638 20.761 -6.76949551912716 
64.60473106 50.71371215 20.761 -6.76953271966533 
66.76217345 51.98668792 20.761 -6.76958401779374 
68.91961585 53.25966369 20.761 -6.76964656190574 
71.07705824 54.53263946 20.761 -6.76971734462001 
73.23450064 55.80561523 20.761 -6.76979326412115 
75.39194303 57.078591 20.761 -6.76987135617341 
77.54938543 58.35156677 20.761 -6.76994886523864 
79.70682782 59.62454254 20.761 -6.77002347752629 
81.86427022 60.89751831 20.761 -6.77009335439571 
84.02171261 62.17049408 20.761 -6.77015728099604 
86.17915501 63.44346985 20.761 -6.77021458862409 
88.3365974 64.71644562 20.761 -6.77026520518786 
90.4940398 65.98942139 20.761 -6.77030945402005 
92.65148219 67.26239717 20.761 -6.77034804035554 
94.80892459 68.53537294 20.761 -6.77038178857699 
96.96636698 69.80834871 20.761 -6.77041160342375 
99.12380938 71.08132448 20.761 -6.77043822322945 
101.28125177 72.35430025 20.761 -6.77046224003477 
103.43869417 73.62727602 20.761 -6.77048391743432 
105.59613656 74.90025179 20.761 -6.77050331482441 
107.75357896 76.17322756 20.761 -6.77052017176506 
109.91102135 77.44620333 20.761 -6.77053405990829 
112.06846375 78.7191791 20.761 -6.77054433540741 
114.22590614 79.99215487 20.761 -6.77055042680626 
116.38334854 81.26513064 20.761 -6.7705518663553 
118.54079093 82.53810641 20.761 -6.770548558345 
120.69823333 83.81108218 20.761 -6.77054076899848 
122.85567572 85.08405795 20.761 -6.77052933406452 
125.01311812 86.35703372 20.761 -6.7705154890662 
127.17056051 87.63000949 20.761 -6.77050076958235 
129.32800291 88.90298526 20.761 -6.77048672879737 
131.4854453 90.17596103 20.761 -6.77047490652529 
133.6428877 91.44893681 20.761 -6.77046663122766 
135.80033009 92.72191258 20.761 -6.7704632228479 
137.95777249 93.99488835 20.761 -6.77046589121744 
140.11521488 95.26786412 20.761 -6.77047575596385 
142.27265728 96.54083989 20.761 -6.7704936513769 
144.43009967 97.81381566 20.761 -6.77052017815935 
146.58754207 99.08679143 20.761 -6.77055555275899 
148.74498446 100.3597672 20.761 -6.7705996889058 
150.90242686 101.63274297 20.761 -6.77065212158833 
153.05986925 102.90571874 20.761 -6.77071221313916 
155.21731165 104.17869451 20.761 -6.77077909595026 
157.37475404 105.45167028 20.761 -6.77085184392568 
159.53219644 106.72464605 20.761 -6.77092940916937 
161.68963883 107.99762182 20.761 -6.77101078995338 
163.84708123 109.27059759 20.761 -6.7710949573322 
166.00452362 110.54357336 20.761 -6.77118098376947 
168.16196602 111.81654913 20.761 -6.77126792114604 
170.31940841 113.0895249 20.761 -6.77135488927367 
172.47685081 114.36250067 20.761 -6.77144089381229 
10.69237934 16.38443008 20.761 -6.77169643298357 
12.84982174 17.65740585 20.761 -6.77160558002323 
15.00726413 18.93038162 20.761 -6.77151056093882 
17.16470653 20.20335739 20.761 -6.77141218250348 
19.32214892 21.47633316 20.761 -6.77131087752111 
21.47959132 22.74930893 20.761 -6.77120667457386 
23.63703371 24.0222847 20.761 -6.77109940921176 
25.79447611 25.29526047 20.761 -6.77098872825969 
27.9519185 26.56823624 20.761 -6.77087432217888 
30.1093609 27.84121201 20.761 -6.7707559374435 
32.26680329 29.11418778 20.761 -6.77063362342944 
34.42424569 30.38716355 20.761 -6.77050772642132 
36.58168808 31.66013932 20.761 -6.77037909121622 
38.73913048 32.9331151 20.761 -6.77024902432706 
40.89657287 34.20609087 20.761 -6.7701194138839 
43.05401527 35.47906664 20.761 -6.76999259343612 
45.21145766 36.75204241 20.761 -6.76987135625701 
47.36890006 38.02501818 20.761 -6.76975867026793 
49.52634245 39.29799395 20.761 -6.7696575639065 
51.68378485 40.57096972 20.761 -6.76957082970744 
53.84122724 41.84394549 20.761 -6.76950089583324 
55.99866964 43.11692126 20.761 -6.76944957299548 
58.15611203 44.38989703 20.761 -6.76941798693798 
60.31355443 45.6628728 20.761 -6.76940643242472 
62.47099682 46.93584857 20.761 -6.76941442618097 
64.62843922 48.20882434 20.761 -6.76944067099585 
66.78588161 49.48180011 20.761 -6.76948318007314 
68.94332401 50.75477588 20.761 -6.76953930159787 
71.1007664 52.02775165 20.761 -6.76960604371623 
73.2582088 53.30072742 20.761 -6.76968022300575 
75.41565119 54.57370319 20.761 -6.76975868065646 
77.57309359 55.84667896 20.761 -6.76983837353146 
79.73053598 57.11965474 20.761 -6.7699166309078 
81.88797838 58.39263051 20.761 -6.76999121625501 
84.04542077 59.66560628 20.761 -6.77006050892967 
86.20286317 60.93858205 20.761 -6.77012347351384 
88.36030556 62.21155782 20.761 -6.77017971370864 
90.51774796 63.48453359 20.761 -6.77022934995444 
92.67519035 64.75750936 20.761 -6.77027294310225 
94.83263275 66.03048513 20.761 -6.77031129636376 
96.99007514 67.3034609 20.761 -6.77034535152606 
99.14751754 68.57643667 20.761 -6.77037598271877 
101.30495993 69.84941244 20.761 -6.77040392496841 
103.46240233 71.12238821 20.761 -6.77042962785748 
105.61984472 72.39536398 20.761 -6.77045327200537 
107.77728712 73.66833975 20.761 -6.77047472694578 
109.93472951 74.94131552 20.761 -6.77049365677481 
112.09217191 76.21429129 20.761 -6.7705095185531 
114.2496143 77.48726706 20.761 -6.77052170329094 
116.4070567 78.76024283 20.761 -6.7705296382007 
118.56449909 80.0332186 20.761 -6.77053299592486 
120.72194149 81.30619438 20.761 -6.77053179523819 
122.87938388 82.57917015 20.761 -6.77052654686748 
125.03682628 83.85214592 20.761 -6.77051824337284 
127.19426867 85.12512169 20.761 -6.77050824349502 
129.35171107 86.39809746 20.761 -6.77049802472093 
131.50915346 87.67107323 20.761 -6.77048912891655 
133.66659586 88.944049 20.761 -6.77048293606913 
135.82403825 90.21702477 20.761 -6.77048071866099 
137.98148065 91.49000054 20.761 -6.77048367930424 
140.13892304 92.76297631 20.761 -6.77049296618696 
142.29636544 94.03595208 20.761 -6.77050951836669 
144.45380783 95.30892785 20.761 -6.770534059141 
146.61125023 96.58190362 20.761 -6.77056697147021 
148.76869262 97.85487939 20.761 -6.77060834103389 
150.92613502 99.12785516 20.761 -6.77065791528607 
153.08357741 100.40083093 20.761 -6.77071523279833 
155.24101981 101.6738067 20.761 -6.7707796020104 
157.3984622 102.94678247 20.761 -6.77085021787019 
159.5559046 104.21975824 20.761 -6.77092614297158 
161.71334699 105.49273402 20.761 -6.77100644786088 
163.87078939 106.76570979 20.761 -6.77109017382326 
166.02823178 108.03868556 20.761 -6.77117643834636 
168.18567418 109.31166133 20.761 -6.77126436000904 
170.34311657 110.5846371 20.761 -6.77135310291844 
172.50055897 111.85761287 20.761 -6.77144177285959 
174.65800136 113.13058864 20.761 -6.77152938800804 
176.81544376 114.40356441 20.761 -6.77161475549477 
8.55864511 12.6065665 20.761 -6.7718576579777 
10.7160875 13.87954227 20.761 -6.77177268124563 
12.8735299 15.15251804 20.761 -6.77168150925006 
15.03097229 16.42549381 20.761 -6.77158576435065 
17.18841469 17.69846958 20.761 -6.7714865449994 
19.34585708 18.97144535 20.761 -6.77138444909136 
21.50329948 20.24442112 20.761 -6.7712796553747 
23.66074187 21.5173969 20.761 -6.77117201090104 
25.81818427 22.79037267 20.761 -6.7710611521582 
27.97562666 24.06334844 20.761 -6.77094662146365 
30.13306906 25.33632421 20.761 -6.77082801821287 
32.29051145 26.60929998 20.761 -6.77070511450939 
34.44795385 27.88227575 20.761 -6.77057800962551 
36.60539624 29.15525152 20.761 -6.7704472240167 
38.76283864 30.42822729 20.761 -6.77031379676049 
40.92028103 31.70120306 20.761 -6.77017930979722 
43.07772343 32.97417883 20.761 -6.77004590917645 
45.23516582 34.2471546 20.761 -6.76991622234618 
47.39260821 35.52013037 20.761 -6.76979327094916 
49.55005061 36.79310614 20.761 -6.76968022322239 
51.707493 38.06608191 20.761 -6.76958021195392 
53.8649354 39.33905768 20.761 -6.76949603358217 
56.02237779 40.61203345 20.761 -6.76943000202216 
58.17982019 41.88500922 20.761 -6.76938371059789 
60.33726258 43.15798499 20.761 -6.76935798439659 
62.49470498 44.43096076 20.761 -6.76935276776396 
64.65214737 45.70393654 20.761 -6.76936723975101 
66.80958977 46.97691231 20.761 -6.76939978111201 
68.96703216 48.24988808 20.761 -6.76944809652361 
71.12447456 49.52286385 20.761 -6.7695092904511 
73.28191695 50.79583962 20.761 -6.76958021203154 
75.43935935 52.06881539 20.761 -6.7696575600434 
77.59680174 53.34179116 20.761 -6.76973812531226 
79.75424414 54.61476693 20.761 -6.76981889547425 
81.91168653 55.8877427 20.761 -6.76989729986723 
84.06912893 57.16071847 20.761 -6.76997127895683 
86.22657132 58.43369424 20.761 -6.77003943854417 
88.38401372 59.70667001 20.761 -6.77010100338629 
90.54145611 60.97964578 20.761 -6.77015583167866 
92.69889851 62.25262155 20.761 -6.77020426696057 
94.8563409 63.52559732 20.761 -6.77024704743598 
97.0137833 64.79857309 20.761 -6.77028508742926 
99.17122569 66.07154886 20.761 -6.77031937010417 
101.32866809 67.34452463 20.761 -6.77035074228452 
103.48611048 68.6175004 20.761 -6.77037984435686 
105.64355288 69.89047618 20.761 -6.77040700273086 
107.80099527 71.16345195 20.761 -6.77043225153426 
109.95843767 72.43642772 20.761 -6.77045531961769 
112.11588006 73.70940349 20.761 -6.77047575404275 
114.27332246 74.98237926 20.761 -6.77049296246927 
116.43076485 76.25535503 20.761 -6.77050635486953 
118.58820725 77.5283308 20.761 -6.77051544727823 
120.74564964 78.80130657 20.761 -6.77052006260297 
122.90309204 80.07428234 20.761 -6.77052041438472 
125.06053443 81.34725811 20.761 -6.77051724571742 
127.21797683 82.62023388 20.761 -6.77051170691688 
129.37541922 83.89320965 20.761 -6.77050519441183 
131.53286162 85.16618542 20.761 -6.77049915946189 
133.69030401 86.43916119 20.761 -6.77049504698022 
135.84774641 87.71213696 20.761 -6.77049409741749 
138.0051888 88.98511273 20.761 -6.77049749474624 
140.1626312 90.2580885 20.761 -6.77050635441522 
142.32007359 91.53106427 20.761 -6.77052170641591 
144.47751599 92.80404004 20.761 -6.77054433951268 
146.63495838 94.07701582 20.761 -6.77057481770587 
148.79240078 95.34999159 20.761 -6.77061336143145 
150.94984317 96.62296736 20.761 -6.77065995095961 
153.10728557 97.89594313 20.761 -6.77071427948424 
155.26472796 99.1689189 20.761 -6.77077585329917 
157.42217036 100.44189467 20.761 -6.7708439695753 
159.57961275 101.71487044 20.761 -6.77091784388917 
161.73705515 102.98784621 20.761 -6.77099659065861 
163.89449754 104.26082198 20.761 -6.77107934499503 
166.05193994 105.53379775 20.761 -6.77116523493757 
168.20938233 106.80677352 20.761 -6.7712534622904 
170.36682473 108.07974929 20.761 -6.77134322166738 
172.52426712 109.35272506 20.761 -6.77143371439332 
174.68170952 110.62570083 20.761 -6.77152402582867 
176.83915191 111.8986766 20.761 -6.77161309136987 
178.99659431 113.17165237 20.761 -6.77169955187338 
181.1540367 114.44462814 20.761 -6.77178175310277 
6.42491087 8.82870292 20.761 -6.77199884472699 
8.58235326 10.1016787 20.761 -6.77192493595568 
10.73979566 11.37465447 20.761 -6.77184147411108 
12.89723805 12.64763024 20.761 -6.77175091676865 
15.05468045 13.92060601 20.761 -6.77165517132483 
17.21212284 15.19358178 20.761 -6.7715556475075 
19.36956524 16.46655755 20.761 -6.77145317065248 
21.52700763 17.73953332 20.761 -6.7713481313476 
23.68445003 19.01250909 20.761 -6.77124045911643 
25.84189242 20.28548486 20.761 -6.7711298362259 
27.99933482 21.55846063 20.761 -6.77101572941148 
30.15677721 22.8314364 20.761 -6.77089763315911 
32.31421961 24.10441217 20.761 -6.77077511251146 
34.471662 25.37738794 20.761 -6.77064804021001 
36.6291044 26.65036371 20.761 -6.77051662777125 
38.78654679 27.92333948 20.761 -6.77038163177906 
40.94398919 29.19631525 20.761 -6.77024432145812 
43.10143158 30.46929102 20.761 -6.77010659823423 
45.25887398 31.74226679 20.761 -6.76997087480004 
47.41631637 33.01524256 20.761 -6.76984006218487 
49.57375877 34.28821834 20.761 -6.76971734111422 
51.73120116 35.56119411 20.761 -6.76960604551468 
53.88864356 36.83416988 20.761 -6.76950928857562 
56.04608595 38.10714565 20.761 -6.76942981778454 
58.20352835 39.38012142 20.761 -6.76936969222919 
60.36097074 40.65309719 20.761 -6.7693302420659 
62.51841314 41.92607296 20.761 -6.76931188425475 
64.67585553 43.19904873 20.761 -6.76931423489337 
66.83329793 44.4720245 20.761 -6.76933606500463 
68.99074032 45.74500027 20.761 -6.76937547083012 
71.14818272 47.01797604 20.761 -6.76942980993431 
73.30562511 48.29095181 20.761 -6.76949603928637 
75.46306751 49.56392758 20.761 -6.76957083125899 
77.6205099 50.83690335 20.761 -6.76965085708748 
79.7779523 52.10987912 20.761 -6.76973286510237 
81.93539469 53.38285489 20.761 -6.76981398283838 
84.09283709 54.65583066 20.761 -6.76989176688888 
86.25027948 55.92880643 20.761 -6.7699644468523 
88.40772188 57.2017822 20.761 -6.77003084717493 
90.56516427 58.47475798 20.761 -6.77009052370483 
92.72260667 59.74773375 20.761 -6.77014354869771 
94.88004906 61.02070952 20.761 -6.77019052500041 
97.03749146 62.29368529 20.761 -6.77023228944328 
99.19493385 63.56666106 20.761 -6.77026987257972 
101.35237625 64.83963683 20.761 -6.77030420392386 
103.50981864 66.1126126 20.761 -6.77033610762277 
105.66726104 67.38558837 20.761 -6.77036606203985 
107.82470343 68.65856414 20.761 -6.77039428475401 
109.98214583 69.93153991 20.761 -6.77042061029233 
112.13958822 71.20451568 20.761 -6.77044467570063 
114.29703062 72.47749145 20.761 -6.77046589105726 
116.45447301 73.75046722 20.761 -6.77048368644096 
118.61191541 75.02344299 20.761 -6.77049748900578 
120.7693578 76.29641876 20.761 -6.77050698901294 
122.9268002 77.56939453 20.761 -6.77051215671384 
125.08424259 78.8423703 20.761 -6.77051348792777 
127.24168499 80.11534607 20.761 -6.77051190940516 
129.39912738 81.38832184 20.761 -6.77050871655618 
131.55656978 82.66129762 20.761 -6.77050527166258 
133.71401217 83.93427339 20.761 -6.77050301193496 
135.87145457 85.20724916 20.761 -6.77050319890512 
138.02889696 86.48022493 20.761 -6.770506989229 
140.18633936 87.7532007 20.761 -6.7705154485361 
142.34378175 89.02617647 20.761 -6.77052963754883 
144.50122415 90.29915224 20.761 -6.77055041592552 
146.65866654 91.57212801 20.761 -6.77057847128235 
148.81610894 92.84510378 20.761 -6.7706141712597 
150.97355133 94.11807955 20.761 -6.77065768687029 
153.13099373 95.39105532 20.761 -6.77070888134264 
155.28843612 96.66403109 20.761 -6.77076744053201 
157.44587852 97.93700686 20.761 -6.77083279113488 
159.60332091 99.20998263 20.761 -6.77090426565339 
161.76076331 100.4829584 20.761 -6.77098105021469 
163.9182057 101.75593417 20.761 -6.77106235277522 
166.0756481 103.02890994 20.761 -6.77114732951248 
168.23309049 104.30188571 20.761 -6.77123523305182 
170.39053289 105.57486148 20.761 -6.77132528947619 
172.54797528 106.84783726 20.761 -6.7714167761965 
174.70541768 108.12081303 20.761 -6.77150884995114 
176.86286007 109.3937888 20.761 -6.77160058031532 
179.02030247 110.66676457 20.761 -6.77169072104482 
181.17774486 111.93974034 20.761 -6.77177775320404 
183.33518726 113.21271611 20.761 -6.77185970328105 
185.49262965 114.48569188 20.761 -6.7719342843979 
4.29117663 5.05083935 20.761 -6.77210645632592 
6.44861903 6.32381512 20.761 -6.77205066668991 
8.60606142 7.59679089 20.761 -6.77198108394454 
10.76350382 8.86976666 20.761 -6.77190059483449 
12.92094621 10.14274243 20.761 -6.77181187499324 
15.07838861 11.4157182 20.761 -6.77171713613504 
17.235831 12.68869397 20.761 -6.77161808997301 
19.3932734 13.96166974 20.761 -6.77151585500171 
21.55071579 15.23464551 20.761 -6.77141103709194 
23.70815819 16.50762128 20.761 -6.77130374587981 
25.86560058 17.78059705 20.761 -6.77119374947183 
28.02304298 19.05357282 20.761 -6.77108054372705 
30.18048537 20.32654859 20.761 -6.77096355351943 
32.33792777 21.59952436 20.761 -6.77084222334826 
34.49537016 22.87250013 20.761 -6.77071621197775 
36.65281256 24.14547591 20.761 -6.77058549538755 
38.81025495 25.41845168 20.761 -6.77045052769079 
40.96769735 26.69142745 20.761 -6.77031228613206 
43.12513974 27.96440322 20.761 -6.77017236973159 
45.28258214 29.23737899 20.761 -6.77003293755491 
47.44002453 30.51035476 20.761 -6.76989671982478 
49.59746693 31.78333053 20.761 -6.76976681234698 
51.75490932 33.0563063 20.761 -6.76964656765029 
53.91235172 34.32928207 20.761 -6.76953930160085 
56.06979411 35.60225784 20.761 -6.76944809639587 
58.22723651 36.87523361 20.761 -6.76937546498523 
60.3846789 38.14820938 20.761 -6.7693232150126 
62.5421213 39.42118515 20.761 -6.76929224716031 
64.69956369 40.69416092 20.761 -6.7692825933733 
66.85700609 41.96713669 20.761 -6.76929342377494 
69.01444848 43.24011246 20.761 -6.76932321383158 
71.17189088 44.51308823 20.761 -6.76936969394741 
73.32933327 45.786064 20.761 -6.76943000527135 
75.48677567 47.05903977 20.761 -6.76950089425573 
77.64421806 48.33201555 20.761 -6.769578990259 
79.80166046 49.60499132 20.761 -6.76966090526839 
81.95910285 50.87796709 20.761 -6.76974351264668 
84.11654525 52.15094286 20.761 -6.76982405999934 
86.27398764 53.42391863 20.761 -6.76990038814641 
88.43143004 54.6968944 20.761 -6.76997097290478 
90.58887243 55.96987017 20.761 -6.77003499673594 
92.74631483 57.24284594 20.761 -6.77009225670733 
94.90375722 58.51582171 20.761 -6.77014312007563 
97.06119962 59.78879748 20.761 -6.77018832472983 
99.21864201 61.06177325 20.761 -6.77022886156366 
101.37608441 62.33474902 20.761 -6.77026573979669 
103.5335268 63.60772479 20.761 -6.77029988327091 
105.6909692 64.88070056 20.761 -6.77033195597619 
107.84841159 66.15367633 20.761 -6.77036233499249 
110.00585399 67.4266521 20.761 -6.77039102891446 
112.16329638 68.69962787 20.761 -6.77041777144623 
114.32073878 69.97260364 20.761 -6.77044204067063 
116.47818117 71.24557941 20.761 -6.7704632231567 
118.63562357 72.51855519 20.761 -6.77048071706748 
120.79306596 73.79153096 20.761 -6.77049410126389 
122.95050836 75.06450673 20.761 -6.77050320093388 
125.10795075 76.3374825 20.761 -6.77050826449023 
127.26539315 77.61045827 20.761 -6.77051000305321 
129.42283554 78.88343404 20.761 -6.77050954733715 
131.58027794 80.15640981 20.761 -6.7705081951413 
133.73772033 81.42938558 20.761 -6.77050732402438 
135.89516273 82.70236135 20.761 -6.7705082644675 
138.05260512 83.97533712 20.761 -6.77051216046879 
140.21004752 85.24831289 20.761 -6.77052006472861 
142.36748991 86.52128866 20.761 -6.77053299287187 
144.52493231 87.79426443 20.761 -6.77055187223637 
146.6823747 89.0672402 20.761 -6.77057744629123 
148.8398171 90.34021597 20.761 -6.7706102601865 
150.99725949 91.61319174 20.761 -6.77065061262662 
153.15470189 92.88616751 20.761 -6.77069856831174 
155.31214428 94.15914328 20.761 -6.77075393577151 
157.46958668 95.43211905 20.761 -6.77081630603467 
159.62702907 96.70509483 20.761 -6.77088509295754 
161.78447147 97.9780706 20.761 -6.77095959550927 
163.94191386 99.25104637 20.761 -6.77103904158901 
166.09935626 100.52402214 20.761 -6.77112265757538 
168.25679865 101.79699791 20.761 -6.77120968138763 
170.41424105 103.06997368 20.761 -6.77129939953176 
172.57168344 104.34294945 20.761 -6.77139110908263 
174.72912584 105.61592522 20.761 -6.77148407438712 
176.88656823 106.88890099 20.761 -6.77157742770353 
179.04401063 108.16187676 20.761 -6.77167010326565 
181.20145302 109.43485253 20.761 -6.77176070187796 
183.35889542 110.7078283 20.761 -6.77184744301946 
185.51633781 111.98080407 20.761 -6.77192809538679 
187.67378021 113.25377984 20.761 -6.7720000621187 
189.8312226 114.52675561 20.761 -6.77206046445847 
0 0 20.761 -6.77217608582748 
2.15744239 1.27297577 20.761 -6.77216576428649 
4.31488479 2.54595154 20.761 -6.7721354866337 
6.47232718 3.81892731 20.761 -6.77208722707628 
8.62976958 5.09190308 20.761 -6.77202367468966 
10.78721197 6.36487885 20.761 -6.77194778937488 
12.94465437 7.63785462 20.761 -6.77186237289254 
15.10209676 8.91083039 20.761 -6.77176991271823 
17.25953916 10.18380616 20.761 -6.77167238334603 
19.41698155 11.45678193 20.761 -6.77157121625651 
21.57442395 12.72975771 20.761 -6.771467259743 
23.73186634 14.00273348 20.761 -6.77136086566521 
25.88930874 15.27570925 20.761 -6.77125193316673 
28.04675113 16.54868502 20.761 -6.77114007397075 
30.20419353 17.82166079 20.761 -6.77102469410583 
32.36163592 19.09463656 20.761 -6.77090519732842 
34.51907832 20.36761233 20.761 -6.77078108987235 
36.67652071 21.6405881 20.761 -6.77065216711102 
38.83396311 22.91356387 20.761 -6.7705185993993 
40.9914055 24.18653964 20.761 -6.77038109512905 
43.1488479 25.45951541 20.761 -6.77024092177506 
45.30629029 26.73249118 20.761 -6.77009998478485 
47.46373269 28.00546695 20.761 -6.76996073043875 
49.62117508 29.27844272 20.761 -6.76982612343244 
51.77861748 30.55141849 20.761 -6.76969941865772 
53.93605987 31.82439426 20.761 -6.76958401991201 
56.09350227 33.09737003 20.761 -6.76948317629646 
58.25094466 34.3703458 20.761 -6.76939978816509 
60.40838706 35.64332157 20.761 -6.76933606915396 
62.56582945 36.91629735 20.761 -6.76929342989327 
64.72327185 38.18927312 20.761 -6.76927231489337 
66.88071424 39.46224889 20.761 -6.7692723186641 
69.03815664 40.73522466 20.761 -6.76929224731928 
71.19559903 42.00820043 20.761 -6.76933024355057 
73.35304143 43.2811762 20.761 -6.76938370753709 
75.51048382 44.55415197 20.761 -6.76944957357809 
77.66792622 45.82712774 20.761 -6.76952447957428 
79.82536861 47.10010351 20.761 -6.769605014715 
81.98281101 48.37307928 20.761 -6.7696878527797 
84.1402534 49.64605505 20.761 -6.76977002318965 
86.2976958 50.91903082 20.761 -6.76984901922147 
88.45513819 52.19200659 20.761 -6.76992298179616 
90.61258059 53.46498236 20.761 -6.76999071308413 
92.77002298 54.73795813 20.761 -6.77005171997798 
94.92746538 56.0109339 20.761 -6.77010608519119 
97.08490777 57.28390967 20.761 -6.77015440187782 
99.24235017 58.55688544 20.761 -6.77019755277479 
101.39979256 59.82986121 20.761 -6.77023657653044 
103.55723496 61.10283699 20.761 -6.77027246078088 
105.71467735 62.37581276 20.761 -6.7703060340358 
107.87211975 63.64878853 20.761 -6.77033781778609 
110.02956214 64.9217643 20.761 -6.77036802031488 
112.18700454 66.19474007 20.761 -6.77039648858024 
114.34444693 67.46771584 20.761 -6.77042281881931 
116.50188933 68.74069161 20.761 -6.77044640865299 
118.65933172 70.01366738 20.761 -6.77046663236335 
120.81677412 71.28664315 20.761 -6.77048293820593 
122.97421651 72.55961892 20.761 -6.77049504702107 
125.13165891 73.83259469 20.761 -6.77050300627868 
127.2891013 75.10557046 20.761 -6.77050732595243 
129.4465437 76.37854623 20.761 -6.77050892748389 
131.60398609 77.651522 20.761 -6.77050902169462 
133.76142849 78.92449777 20.761 -6.77050892442707 
135.91887088 80.19747354 20.761 -6.77051000708115 
138.07631328 81.47044931 20.761 -6.77051348015624 
140.23375567 82.74342508 20.761 -6.77052042171362 
142.39119807 84.01640085 20.761 -6.77053179336771 
144.54864046 85.28937663 20.761 -6.77054855761285 
146.70608286 86.5623524 20.761 -6.77057150270552 
148.86352525 87.83532817 20.761 -6.77060130774096 
151.02096765 89.10830394 20.761 -6.77063839044829 
153.17841004 90.38127971 20.761 -6.7706829767279 
155.33585244 91.65425548 20.761 -6.7707349952528 
157.49329483 92.92723125 20.761 -6.77079419550725 
159.65073723 94.20020702 20.761 -6.77086007266797 
161.80817962 95.47318279 20.761 -6.77093202194364 
163.96562202 96.74615856 20.761 -6.77100929664352 
166.12306441 98.01913433 20.761 -6.77109116800808 
168.28050681 99.2921101 20.761 -6.77117686952124 
170.4379492 100.56508587 20.761 -6.77126571498617 
172.5953916 101.83806164 20.761 -6.77135699754214 
174.75283399 103.11103741 20.761 -6.771450053258 
176.91027639 104.38401318 20.761 -6.77154408779522 
179.06771878 105.65698895 20.761 -6.77163817941698 
181.22516118 106.92996472 20.761 -6.77173108338832 
183.38260357 108.20294049 20.761 -6.77182121275256 
185.54004597 109.47591627 20.761 -6.77190650668559 
187.69748836 110.74889204 20.761 -6.77198449856293 
189.85493076 112.02186781 20.761 -6.77205232424159 
192.01237315 113.29484358 20.761 -6.772106995552 
194.16981555 114.56781935 20.761 -6.77214561278641 
4.33859295 0.04106373 20.761 -6.77214560535285 
6.49603534 1.31403951 20.761 -6.77210644024449 
8.65347774 2.58701528 20.761 -6.77205062776763 
10.81092013 3.85999105 20.761 -6.77198103347736 
12.96836253 5.13296682 20.761 -6.77190052738878 
15.12580492 6.40594259 20.761 -6.77181179933492 
17.28324732 7.67891836 20.761 -6.77171703776845 
19.44068971 8.95189413 20.761 -6.7716179757404 
21.59813211 10.2248699 20.761 -6.77151571150443 
23.7555745 11.49784567 20.761 -6.7714108647877 
25.9130169 12.77082144 20.761 -6.77130351896899 
28.07045929 14.04379721 20.761 -6.77119345288568 
30.22790169 15.31677298 20.761 -6.77108013876107 
32.38534408 16.58974875 20.761 -6.77096300768281 
34.54278648 17.86272452 20.761 -6.77084147143242 
36.70022887 19.13570029 20.761 -6.77071520493441 
38.85767127 20.40867606 20.761 -6.77058415359574 
41.01511366 21.68165183 20.761 -6.77044878366562 
43.17255606 22.9546276 20.761 -6.77031005010083 
45.32999845 24.22760337 20.761 -6.77016957114899 
47.48744085 25.50057915 20.761 -6.77002949470859 
49.64488324 26.77355492 20.761 -6.76989256754139 
51.80232564 28.04653069 20.761 -6.76976188798815 
53.95976803 29.31950646 20.761 -6.76964083403652 
56.11721043 30.59248223 20.761 -6.76953272306673 
58.27465282 31.865458 20.761 -6.76944067358006 
60.43209522 33.13843377 20.761 -6.76936722836159 
62.58953761 34.41140954 20.761 -6.76931423485005 
64.74698001 35.68438531 20.761 -6.76928258777945 
66.9044224 36.95736108 20.761 -6.76927232054855 
69.0618648 38.23033685 20.761 -6.76928258765638 
71.21930719 39.50331262 20.761 -6.76931189509279 
73.37674959 40.77628839 20.761 -6.76935797649763 
75.53419198 42.04926416 20.761 -6.76941798880026 
77.69163438 43.32223993 20.761 -6.76948867335224 
79.84907677 44.5952157 20.761 -6.76956665903042 
82.00651917 45.86819147 20.761 -6.76964853278131 
84.16396156 47.14116724 20.761 -6.76973116364223 
86.32140396 48.41414301 20.761 -6.76981177353343 
88.47884635 49.68711879 20.761 -6.76988820393188 
90.63628875 50.96009456 20.761 -6.7699589007458 
92.79373114 52.23307033 20.761 -6.77002306403881 
94.95117354 53.5060461 20.761 -6.77008047462289 
97.10861593 54.77902187 20.761 -6.77013152331647 
99.26605833 56.05199764 20.761 -6.77017693650735 
101.42350072 57.32497341 20.761 -6.77021773728682 
103.58094312 58.59794918 20.761 -6.7702549280022 
105.73838551 59.87092495 20.761 -6.77028946147557 
107.89582791 61.14390072 20.761 -6.77032198652477 
110.0532703 62.41687649 20.761 -6.77035290184078 
112.2107127 63.68985226 20.761 -6.7703822004409 
114.36815509 64.96282803 20.761 -6.77040962573453 
116.52559749 66.2358038 20.761 -6.77043462370405 
118.68303988 67.50877957 20.761 -6.77045659359974 
120.84048228 68.78175534 20.761 -6.77047489674247 
122.99792467 70.05473111 20.761 -6.77048913395072 
125.15536707 71.32770688 20.761 -6.77049915735713 
127.31280946 72.60068265 20.761 -6.77050528031033 
129.47025186 73.87365842 20.761 -6.77050819381088 
131.62769425 75.1466342 20.761 -6.77050902598313 
133.78513665 76.41960997 20.761 -6.77050901620045 
135.94257904 77.69258574 20.761 -6.77050955237087 
138.10002144 78.96556151 20.761 -6.77051190955712 
140.25746383 80.23853728 20.761 -6.77051724432413 
142.41490623 81.51151305 20.761 -6.77052653793483 
144.57234862 82.78448882 20.761 -6.77054077417949 
146.72979102 84.05746459 20.761 -6.77056078908744 
148.88723341 85.33044036 20.761 -6.77058734303607 
151.04467581 86.60341613 20.761 -6.77062096575408 
153.2021182 87.8763919 20.761 -6.77066200028401 
155.3595606 89.14936767 20.761 -6.77071051022931 
157.51700299 90.42234344 20.761 -6.77076634387277 
159.67444539 91.69531921 20.761 -6.7708291069809 
161.83188778 92.96829498 20.761 -6.77089825617983 
163.98933018 94.24127075 20.761 -6.77097309964475 
166.14677257 95.51424652 20.761 -6.77105291543003 
168.30421497 96.78722229 20.761 -6.77113694524973 
170.46165736 98.06019806 20.761 -6.77122447687944 
172.61909976 99.33317384 20.761 -6.77131481591744 
174.77654215 100.60614961 20.761 -6.77140730509199 
176.93398455 101.87912538 20.761 -6.77150122010888 
179.09142694 103.15210115 20.761 -6.77159573562377 
181.24886934 104.42507692 20.761 -6.77168976332459 
183.40631173 105.69805269 20.761 -6.77178191882145 
185.56375413 106.97102846 20.761 -6.77187035806689 
187.72119652 108.24400423 20.761 -6.77195281135314 
189.87863892 109.51698 20.761 -6.77202655329019 
192.03608131 110.78995577 20.761 -6.77208860940412 
194.19352371 112.06293154 20.761 -6.77213593998042 
196.3509661 113.33590731 20.761 -6.77216582945137 
8.6771859 0.08212747 20.761 -6.77206040857599 
10.83462829 1.35510324 20.761 -6.77199875630581 
12.99207069 2.62807901 20.761 -6.77192480610897 
15.14951308 3.90105478 20.761 -6.77184132856074 
17.30695548 5.17403055 20.761 -6.77175073523366 
19.46439787 6.44700632 20.761 -6.77165496357558 
21.62184027 7.71998209 20.761 -6.77155538518627 
23.77928266 8.99295786 20.761 -6.77145286032367 
25.93672506 10.26593363 20.761 -6.77134772646502 
28.09416745 11.5389094 20.761 -6.771239941495 
30.25160985 12.81188517 20.761 -6.77112913645101 
32.40905224 14.08486094 20.761 -6.77101479468836 
34.56649464 15.35783672 20.761 -6.77089635395637 
36.72393703 16.63081249 20.761 -6.77077339408527 
38.88137943 17.90378826 20.761 -6.77064573431751 
41.03882182 19.17676403 20.761 -6.77051360971405 
43.19626422 20.4497398 20.761 -6.7703777255921 
45.35370661 21.72271557 20.761 -6.77023938393431 
47.51114901 22.99569134 20.761 -6.77010046010451 
49.6685914 24.26866711 20.761 -6.76996341047164 
51.8260338 25.54164288 20.761 -6.76983112807433 
53.98347619 26.81461865 20.761 -6.76970685778453 
56.14091859 28.08759442 20.761 -6.76959392072105 
58.29836098 29.36057019 20.761 -6.76949552362144 
60.45580338 30.63354596 20.761 -6.76941442124243 
62.61324577 31.90652173 20.761 -6.769352769199 
64.77068817 33.1794975 20.761 -6.7693118893641 
66.92813056 34.45247327 20.761 -6.76929225115409 
69.08557296 35.72544904 20.761 -6.7692934237994 
71.24301535 36.99842481 20.761 -6.76931423853445 
73.40045775 38.27140058 20.761 -6.7693527674893 
75.55790014 39.54437636 20.761 -6.76940643859203 
77.71534254 40.81735213 20.761 -6.76947216356329 
79.87278493 42.0903279 20.761 -6.76954665413388 
82.03022733 43.36330367 20.761 -6.76962651901733 
84.18766972 44.63627944 20.761 -6.76970850740912 
86.34511212 45.90925521 20.761 -6.76978968981132 
88.50255451 47.18223098 20.761 -6.76986762657507 
90.65999691 48.45520675 20.761 -6.76994049719258 
92.8174393 49.72818252 20.761 -6.77000714078094 
94.9748817 51.00115829 20.761 -6.77006708501369 
97.13232409 52.27413406 20.761 -6.77012043553532 
99.28976649 53.54710983 20.761 -6.77016778246225 
101.44720888 54.8200856 20.761 -6.77021000546911 
103.60465128 56.09306137 20.761 -6.77024813761116 
105.76209367 57.36603714 20.761 -6.77028315492271 
107.91953607 58.63901291 20.761 -6.77031586920054 
110.07697846 59.91198868 20.761 -6.77034679451778 
112.23442086 61.18496445 20.761 -6.7703761311616 
114.39186325 62.45794022 20.761 -6.7704037238509 
116.54930565 63.730916 20.761 -6.77042917447401 
118.70674804 65.00389177 20.761 -6.77045188826139 
120.86419044 66.27686754 20.761 -6.77047125071994 
123.02163283 67.54984331 20.761 -6.77048672945998 
125.17907523 68.82281908 20.761 -6.77049803210991 
127.33651762 70.09579485 20.761 -6.77050518818679 
129.49396002 71.36877062 20.761 -6.77050870907101 
131.65140241 72.64174639 20.761 -6.77050954643181 
133.80884481 73.91472216 20.761 -6.77050893034237 
135.9662872 75.18769793 20.761 -6.77050819532693 
138.1237296 76.4606737 20.761 -6.77050871233517 
140.28117199 77.73364947 20.761 -6.77051171006131 
142.43861439 79.00662524 20.761 -6.77051824701029 
144.59605678 80.27960101 20.761 -6.77052933045345 
146.75349918 81.55257678 20.761 -6.77054591687512 
148.91094157 82.82555255 20.761 -6.77056880944641 
151.06838396 84.09852832 20.761 -6.77059865377693 
153.22582636 85.37150409 20.761 -6.77063585988318 
155.38326875 86.64447986 20.761 -6.77068061755224 
157.54071115 87.91745564 20.761 -6.77073285233667 
159.69815354 89.19043141 20.761 -6.77079228039706 
161.85559594 90.46340718 20.761 -6.77085839726529 
164.01303833 91.73638295 20.761 -6.77093057606579 
166.17048073 93.00935872 20.761 -6.77100807440705 
168.32792312 94.28233449 20.761 -6.7710901434662 
170.48536552 95.55531026 20.761 -6.77117602815694 
172.64280791 96.82828603 20.761 -6.77126503069479 
174.80025031 98.1012618 20.761 -6.7713564546162 
176.9576927 99.37423757 20.761 -6.77144962310194 
179.1151351 100.64721334 20.761 -6.77154375492288 
181.27257749 101.92018911 20.761 -6.77163792416311 
183.43001989 103.19316488 20.761 -6.77173088947008 
185.58746228 104.46614065 20.761 -6.77182106917116 
187.74490468 105.73911642 20.761 -6.77190640612419 
189.90234707 107.01209219 20.761 -6.77198443031169 
192.05978947 108.28506796 20.761 -6.77205228429368 
194.21723186 109.55804373 20.761 -6.77210696836655 
13.01577884 0.1231912 20.761 -6.77193413048778 
15.17322124 1.39616697 20.761 -6.77185744100279 
17.33066363 2.66914274 20.761 -6.77177242077994 
19.48810603 3.94211852 20.761 -6.77168119421681 
21.64554842 5.21509429 20.761 -6.77158539282198 
23.80299082 6.48807006 20.761 -6.77148608848723 
25.96043321 7.76104583 20.761 -6.77138388665116 
28.11787561 9.0340216 20.761 -6.77127893700507 
30.275318 10.30699737 20.761 -6.7711710804375 
32.4327604 11.57997314 20.761 -6.77105991618474 
34.59020279 12.85294891 20.761 -6.77094497425001 
36.74764519 14.12592468 20.761 -6.77082580360497 
38.90508758 15.39890045 20.761 -6.77070216683125 
41.06252998 16.67187622 20.761 -6.77057411990116 
43.21997237 17.94485199 20.761 -6.77044218001981 
45.37741477 19.21782776 20.761 -6.77030735631689 
47.53485716 20.49080353 20.761 -6.77017124956216 
49.69229956 21.7637793 20.761 -6.77003600033426 
51.84974195 23.03675507 20.761 -6.76990427759884 
54.00718435 24.30973084 20.761 -6.76977910239197 
56.16462674 25.58270661 20.761 -6.76966372893662 
58.32206914 26.85568238 20.761 -6.76956131740074 
60.47951153 28.12865816 20.761 -6.76947477088903 
62.63695393 29.40163393 20.761 -6.76940643266114 
64.79439632 30.6746097 20.761 -6.76935798109166 
66.95183872 31.94758547 20.761 -6.76933023967538 
69.10928111 33.22056124 20.761 -6.76932321388355 
71.26672351 34.49353701 20.761 -6.76933606367236 
73.4241659 35.76651278 20.761 -6.76936723419195 
75.5816083 37.03948855 20.761 -6.76941441909022 
77.73905069 38.31246432 20.761 -6.76947476857989 
79.89649309 39.58544009 20.761 -6.76954509184875 
82.05393548 40.85841586 20.761 -6.76962209957118 
84.21137788 42.13139163 20.761 -6.76970250699022 
86.36882027 43.4043674 20.761 -6.76978329956404 
88.52626267 44.67734317 20.761 -6.7698618241899 
90.68370506 45.95031894 20.761 -6.76993603208907 
92.84114746 47.22329471 20.761 -6.77000446483545 
94.99858985 48.49627048 20.761 -6.77006637455365 
97.15603225 49.76924625 20.761 -6.77012159244968 
99.31347464 51.04222202 20.761 -6.77017050618659 
101.47091704 52.3151978 20.761 -6.77021384882423 
103.62835943 53.58817357 20.761 -6.7702526017207 
105.78580183 54.86114934 20.761 -6.77028774697472 
107.94324422 56.13412511 20.761 -6.77032019282434 
110.10068662 57.40710088 20.761 -6.77035056955132 
112.25812901 58.68007665 20.761 -6.77037924189576 
114.41557141 59.95305242 20.761 -6.77040621145077 
116.5730138 61.22602819 20.761 -6.77043121997889 
118.7304562 62.49900396 20.761 -6.77045374815077 
120.88789859 63.77197973 20.761 -6.7704732175313 
123.04534099 65.0449555 20.761 -6.77048903110338 
125.20278338 66.31793127 20.761 -6.77050076778278 
127.36022578 67.59090704 20.761 -6.7705082386775 
129.51766817 68.86388281 20.761 -6.77051171059793 
131.67511057 70.13685858 20.761 -6.77051190945141 
133.83255296 71.40983435 20.761 -6.77051000690007 
135.98999536 72.68281012 20.761 -6.77050732008447 
138.14743775 73.95578589 20.761 -6.77050527833473 
140.30488015 75.22876166 20.761 -6.7705051897811 
142.46232254 76.50173744 20.761 -6.77050824550909 
144.61976494 77.77471321 20.761 -6.77051548927705 
146.77720733 79.04768898 20.761 -6.77052798602038 
148.93464973 80.32066475 20.761 -6.77054663811963 
151.09209212 81.59364052 20.761 -6.77057220891674 
153.24953452 82.86661629 20.761 -6.77060516896803 
155.40697691 84.13959206 20.761 -6.77064582063121 
157.56441931 85.41256783 20.761 -6.77069414990712 
159.7218617 86.6855436 20.761 -6.77074996337591 
161.8793041 87.95851937 20.761 -6.77081278935933 
164.03674649 89.23149514 20.761 -6.7708820518477 
166.19418889 90.50447091 20.761 -6.77095699519381 
168.35163128 91.77744668 20.761 -6.77103686913852 
170.50907368 93.05042245 20.761 -6.771120851993 
172.66651607 94.32339822 20.761 -6.77120821911991 
174.82395847 95.59637399 20.761 -6.77129821941481 
176.98140086 96.86934976 20.761 -6.77139018203328 
179.13884326 98.14232553 20.761 -6.77148334066076 
181.29628565 99.4153013 20.761 -6.77157687405182 
183.45372805 100.68827708 20.761 -6.77166967759842 
185.61117044 101.96125285 20.761 -6.77176039470324 
187.76861284 103.23422862 20.761 -6.77184721349777 
189.92605523 104.50720439 20.761 -6.77192794614928 
192.08349763 105.78018016 20.761 -6.77199995884219 
17.35437179 0.16425494 20.761 -6.77178141761908 
19.51181419 1.43723071 20.761 -6.77169601274648 
21.66925658 2.71020648 20.761 -6.77160509383695 
23.82669898 3.98318225 20.761 -6.77150996556413 
25.98414137 5.25615802 20.761 -6.77141147741972 
28.14158377 6.52913379 20.761 -6.77130998625691 
30.29902616 7.80210956 20.761 -6.7712055613071 
32.45646856 9.07508533 20.761 -6.77109794978582 
34.61391095 10.3480611 20.761 -6.77098682533754 
36.77135335 11.62103687 20.761 -6.77087178126056 
38.92879574 12.89401264 20.761 -6.77075258674184 
41.08623814 14.16698841 20.761 -6.77062919401862 
43.24368053 15.43996418 20.761 -6.77050198042447 
45.40112293 16.71293995 20.761 -6.77037170850567 
47.55856532 17.98591573 20.761 -6.77023973666882 
49.71600772 19.2588915 20.761 -6.77010789599515 
51.87345011 20.53186727 20.761 -6.76997859789489 
54.03089251 21.80484304 20.761 -6.76985460849708 
56.1883349 23.07781881 20.761 -6.76973901088903 
58.3457773 24.35079458 20.761 -6.76963486562003 
60.50321969 25.62377035 20.761 -6.76954509537401 
62.66066209 26.89674612 20.761 -6.76947216156459 
64.81810448 28.16972189 20.761 -6.76941798882238 
66.97554688 29.44269766 20.761 -6.76938370881299 
69.13298927 30.71567343 20.761 -6.76936969970109 
71.29043167 31.9886492 20.761 -6.76937546416365 
73.44787406 33.26162497 20.761 -6.76939978677543 
75.60531646 34.53460074 20.761 -6.76944066916559 
77.76275885 35.80757651 20.761 -6.76949552427337 
79.92020125 37.08055228 20.761 -6.76956131320769 
82.07764364 38.35352805 20.761 -6.76963487641382 
84.23508604 39.62650382 20.761 -6.7697129691286 
86.39252843 40.89947959 20.761 -6.76979254425 
88.54997083 42.17245537 20.761 -6.76987083308744 
90.70741322 43.44543114 20.761 -6.76994559859619 
92.86485562 44.71840691 20.761 -6.77001513928229 
95.02229801 45.99138268 20.761 -6.77007844732879 
97.17974041 47.26435845 20.761 -6.77013507880092 
99.3371828 48.53733422 20.761 -6.77018521401252 
101.4946252 49.81030999 20.761 -6.77022940601884 
103.65206759 51.08328576 20.761 -6.77026852991454 
105.80950999 52.35626153 20.761 -6.77030353919048 
107.96695238 53.6292373 20.761 -6.77033537948207 
110.12439478 54.90221307 20.761 -6.77036478655779 
112.28183717 56.17518884 20.761 -6.77039225982984 
114.43927957 57.44816461 20.761 -6.77041795082428 
116.59672196 58.72114038 20.761 -6.7704417444793 
118.75416436 59.99411615 20.761 -6.77046324213201 
120.91160675 61.26709192 20.761 -6.7704819252442 
123.06904915 62.54006769 20.761 -6.77049718223266 
125.22649154 63.81304346 20.761 -6.77050848872796 
127.38393394 65.08601923 20.761 -6.77051549333857 
129.54137633 66.35899501 20.761 -6.77051824947097 
131.69881873 67.63197078 20.761 -6.77051724192303 
133.85626112 68.90494655 20.761 -6.77051348601186 
136.01370352 70.17792232 20.761 -6.77050826064079 
138.17114591 71.45089809 20.761 -6.77050300700652 
140.32858831 72.72387386 20.761 -6.77049915603848 
142.4860307 73.99684963 20.761 -6.77049802991746 
144.6434731 75.2698254 20.761 -6.77050076375069 
146.80091549 76.54280117 20.761 -6.77050848533187 
148.95835789 77.81577694 20.761 -6.77052221783113 
151.11580028 79.08875271 20.761 -6.77054284879731 
153.27324268 80.36172848 20.761 -6.77057100009947 
155.43068507 81.63470425 20.761 -6.77060703694051 
157.58812747 82.90768002 20.761 -6.77065103274552 
159.74556986 84.18065579 20.761 -6.77070283837789 
161.90301226 85.45363156 20.761 -6.77076204559185 
164.06045465 86.72660733 20.761 -6.7708280858476 
166.21789705 87.9995831 20.761 -6.77090021998119 
168.37533944 89.27255887 20.761 -6.77097764586009 
170.53278184 90.54553465 20.761 -6.7710595154701 
172.69022423 91.81851042 20.761 -6.77114501812158 
174.84766663 93.09148619 20.761 -6.77123336099705 
177.00510902 94.36446196 20.761 -6.77132381189082 
179.16255142 95.63743773 20.761 -6.77141561089974 
181.31999381 96.9104135 20.761 -6.77150796273073 
183.47743621 98.18338927 20.761 -6.77159990103091 
185.6348786 99.45636504 20.761 -6.77169023152966 
187.792321 100.72934081 20.761 -6.77177739179063 
189.94976339 102.00231658 20.761 -6.77185947033403 
21.69296474 0.20531867 20.761 -6.77161414785418 
23.85040714 1.47829444 20.761 -6.77152414853584 
26.00784953 2.75127021 20.761 -6.77143016752659 
28.16529193 4.02424598 20.761 -6.77133280278024 
30.32273432 5.29722175 20.761 -6.77123230387079 
32.48017672 6.57019753 20.761 -6.77112863420163 
34.63761911 7.8431733 20.761 -6.7710216057323 
36.79506151 9.11614907 20.761 -6.77091094637282 
38.9525039 10.38912484 20.761 -6.77079644461552 
41.1099463 11.66210061 20.761 -6.77067806788803 
43.26738869 12.93507638 20.761 -6.77055605507221 
45.42483109 14.20805215 20.761 -6.77043105716385 
47.58227348 15.48102792 20.761 -6.77030416427952 
49.73971588 16.75400369 20.761 -6.77017698735808 
51.89715827 18.02697946 20.761 -6.77005161597005 
54.05460067 19.29995523 20.761 -6.7699305964713 
56.21204306 20.572931 20.761 -6.76981674273936 
58.36948546 21.84590677 20.761 -6.76971297164762 
60.52692785 23.11888254 20.761 -6.7696220975857 
62.68437025 24.39185831 20.761 -6.76954665392083 
64.84181264 25.66483408 20.761 -6.76948867716301 
66.99925504 26.93780985 20.761 -6.76944957694647 
69.15669743 28.21078562 20.761 -6.76943000341 
71.31413983 29.48376139 20.761 -6.76942981800354 
73.47158222 30.75673717 20.761 -6.76944809680532 
75.62902462 32.02971294 20.761 -6.7694831802744 
77.78646701 33.30268871 20.761 -6.76953272685632 
79.94390941 34.57566448 20.761 -6.76959392471303 
82.1013518 35.84864025 20.761 -6.76966372387565 
84.2587942 37.12161602 20.761 -6.76973900894198 
86.41623659 38.39459179 20.761 -6.76981673843923 
88.57367899 39.66756756 20.761 -6.76989412356184 
90.73112138 40.94054333 20.761 -6.76996876684994 
92.88856378 42.2135191 20.761 -6.77003880794028 
95.04600617 43.48649487 20.761 -6.77010297528407 
97.20344857 44.75947064 20.761 -6.77016062364933 
99.36089096 46.03244641 20.761 -6.77021165358706 
101.51833335 47.30542218 20.761 -6.77025646620472 
103.67577575 48.57839795 20.761 -6.77029576562427 
105.83321814 49.85137372 20.761 -6.77033046914703 
107.99066054 51.12434949 20.761 -6.7703614882993 
110.14810293 52.39732526 20.761 -6.77038965337832 
112.30554533 53.67030103 20.761 -6.77041553380653 
114.46298772 54.94327681 20.761 -6.77043945871645 
116.62043012 56.21625258 20.761 -6.77046142105515 
118.77787251 57.48922835 20.761 -6.7704811895817 
120.93531491 58.76220412 20.761 -6.77049829909875 
123.0927573 60.03517989 20.761 -6.7705121793944 
125.2501997 61.30815566 20.761 -6.77052221442407 
127.40764209 62.58113143 20.761 -6.77052798260464 
129.56508449 63.8541072 20.761 -6.77052932635875 
131.72252688 65.12708297 20.761 -6.77052654677921 
133.87996928 66.40005874 20.761 -6.77052041454741 
136.03741167 67.67303451 20.761 -6.77051216239717 
138.19485407 68.94601028 20.761 -6.77050320182331 
140.35229646 70.21898605 20.761 -6.77049504704135 
142.50973886 71.49196182 20.761 -6.7704891284097 
144.66718125 72.76493759 20.761 -6.77048673131106 
146.82462365 74.03791336 20.761 -6.77048903288186 
148.98206604 75.31088913 20.761 -6.77049718613128 
151.13950844 76.5838649 20.761 -6.77051217883052 
153.29695083 77.85684067 20.761 -6.77053480268065 
155.45439323 79.12981645 20.761 -6.77056555421049 
157.61183562 80.40279222 20.761 -6.77060463128307 
159.76927802 81.67576799 20.761 -6.77065191308303 
161.92672041 82.94874376 20.761 -6.77070705751182 
164.08416281 84.22171953 20.761 -6.77076948263669 
166.2416052 85.4946953 20.761 -6.77083846928096 
168.3990476 86.76767107 20.761 -6.77091316733877 
170.55648999 88.04064684 20.761 -6.77099269552563 
172.71393239 89.31362261 20.761 -6.7710761422745 
174.87137478 90.58659838 20.761 -6.77116265622438 
177.02881718 91.85957415 20.761 -6.77125140765949 
179.18625957 93.13254992 20.761 -6.77134162259919 
181.34370197 94.40552569 20.761 -6.77143248217 
183.50114436 95.67850146 20.761 -6.7715231047017 
185.65858676 96.95147723 20.761 -6.77161240710793 
187.81602915 98.224453 20.761 -6.77169906817394 
26.03155769 0.24638241 20.761 -6.77143985400586 
28.18900008 1.51935818 20.761 -6.77134726151616 
30.34644248 2.79233395 20.761 -6.77125121369753 
32.50388487 4.06530972 20.761 -6.77115188393784 
34.66132727 5.33828549 20.761 -6.77104923117826 
36.81876966 6.61126126 20.761 -6.77094314540826 
38.97621206 7.88423703 20.761 -6.77083349692374 
41.13365445 9.1572128 20.761 -6.77072030621868 
43.29109685 10.43018857 20.761 -6.77060376978451 
45.44853924 11.70316434 20.761 -6.77048444387385 
47.60598164 12.97614011 20.761 -6.77036324272391 
49.76342403 14.24911588 20.761 -6.7702415725563 
51.92086643 15.52209165 20.761 -6.77012125956236 
54.07830882 16.79506742 20.761 -6.77000460108234 
56.23575122 18.06804319 20.761 -6.76989412221499 
58.39319361 19.34101897 20.761 -6.76979254238501 
60.55063601 20.61399474 20.761 -6.76970250707796 
62.7080784 21.88697051 20.761 -6.76962651900276 
64.8655208 23.15994628 20.761 -6.76956665142059 
67.02296319 24.43292205 20.761 -6.76952448565746 
69.18040559 25.70589782 20.761 -6.76950088690214 
71.33784798 26.97887359 20.761 -6.76949603423837 
73.49529038 28.25184936 20.761 -6.76950928620568 
75.65273277 29.52482513 20.761 -6.76953930536714 
77.81017517 30.7978009 20.761 -6.76958401421909 
79.96761756 32.07077667 20.761 -6.76964083204719 
82.12505996 33.34375244 20.761 -6.7697068520682 
84.28250235 34.61672821 20.761 -6.76977910734852 
86.43994475 35.88970398 20.761 -6.76985460826202 
88.59738714 37.16267975 20.761 -6.76993059649503 
90.75482954 38.43565552 20.761 -6.77000459213119 
92.91227193 39.70863129 20.761 -6.77007462031023 
95.06971433 40.98160706 20.761 -6.77013920499951 
97.22715672 42.25458283 20.761 -6.77019750109311 
99.38459912 43.52755861 20.761 -6.77024917244047 
101.54204151 44.80053438 20.761 -6.7702944255393 
103.69948391 46.07351015 20.761 -6.77033379615991 
105.8569263 47.34648592 20.761 -6.77036810977052 
108.0143687 48.61946169 20.761 -6.77039822174462 
110.17181109 49.89243746 20.761 -6.77042499395765 
112.32925349 51.16541323 20.761 -6.77044907069645 
114.48669588 52.438389 20.761 -6.77047090497748 
116.64413828 53.71136477 20.761 -6.77049061353301 
118.80158067 54.98434054 20.761 -6.77050810797158 
120.95902307 56.25731631 20.761 -6.7705230099509 
123.11646546 57.53029208 20.761 -6.77053480234296 
125.27390786 58.80326785 20.761 -6.77054284414124 
127.43135025 60.07624362 20.761 -6.77054664579849 
129.58879265 61.34921939 20.761 -6.77054591103399 
131.74623504 62.62219516 20.761 -6.77054077648794 
133.90367744 63.89517093 20.761 -6.77053179119637 
136.06111983 65.1681467 20.761 -6.7705200668345 
138.21856223 66.44112247 20.761 -6.77050698352972 
140.37600462 67.71409825 20.761 -6.77049410536179 
142.53344702 68.98707402 20.761 -6.77048293643849 
144.69088941 70.26004979 20.761 -6.77047490423123 
146.84833181 71.53302556 20.761 -6.77047124513732 
149.0057742 72.80600133 20.761 -6.77047321955233 
151.1632166 74.0789771 20.761 -6.77048191621942 
153.32065899 75.35195287 20.761 -6.77049830151469 
155.47810139 76.62492864 20.761 -6.77052300775414 
157.63554378 77.89790441 20.761 -6.77055641677085 
159.79298618 79.17088018 20.761 -6.7705985016172 
161.95042857 80.44385595 20.761 -6.77064898362409 
164.10787097 81.71683172 20.761 -6.77070728063275 
166.26531336 82.98980749 20.761 -6.77077268613948 
168.42275576 84.26278326 20.761 -6.77084429384461 
170.58019815 85.53575903 20.761 -6.77092118501202 
172.73764055 86.8087348 20.761 -6.77100235296224 
174.89508294 88.08171057 20.761 -6.77108687306036 
177.05252534 89.35468634 20.761 -6.77117380445158 
179.20996773 90.62766211 20.761 -6.77126231844406 
181.36741013 91.90063788 20.761 -6.77135153329133 
183.52485252 93.17361366 20.761 -6.77144060778662 
185.68229492 94.44658943 20.761 -6.7715285260053 
30.37015064 0.28744614 20.761 -6.77126238197832 
32.52759303 1.56042191 20.761 -6.7711677866903 
34.68503543 2.83339768 20.761 -6.77106979074405 
36.84247782 4.10637345 20.761 -6.77096845470117 
38.99992022 5.37934922 20.761 -6.77086375843547 
41.15736261 6.65232499 20.761 -6.77075581579239 
43.31480501 7.92530076 20.761 -6.77064483117745 
45.4722474 9.19827654 20.761 -6.77053133703229 
47.6296898 10.47125231 20.761 -6.77041612888808 
49.78713219 11.74422808 20.761 -6.7703004612835 
51.94457459 13.01720385 20.761 -6.77018594092446 
54.10201698 14.29017962 20.761 -6.7700746169818 
56.25945938 15.56315539 20.761 -6.76996876158453 
58.41690177 16.83613116 20.761 -6.76987083427017 
60.57434417 18.10910693 20.761 -6.76978329465732 
62.73178656 19.3820827 20.761 -6.76970850925703 
64.88922896 20.65505847 20.761 -6.76964853475486 
67.04667135 21.92803424 20.761 -6.76960501463872 
69.20411375 23.20101001 20.761 -6.76957898527267 
71.36155614 24.47398578 20.761 -6.7695708358047 
73.51899854 25.74696155 20.761 -6.76958020804477 
75.67644093 27.01993732 20.761 -6.76960604359119 
77.83388333 28.29291309 20.761 -6.76964656376624 
79.99132572 29.56588886 20.761 -6.76969942231683 
82.14876812 30.83886463 20.761 -6.76976189306657 
84.30621051 32.1118404 20.761 -6.76983113436091 
86.46365291 33.38481618 20.761 -6.76990427598101 
88.6210953 34.65779195 20.761 -6.76997859594448 
90.7785377 35.93076772 20.761 -6.77005161414942 
92.93598009 37.20374349 20.761 -6.77012126539094 
95.09342249 38.47671926 20.761 -6.77018594288057 
97.25086488 39.74969503 20.761 -6.77024460584421 
99.40830728 41.0226708 20.761 -6.77029673519428 
101.56574967 42.29564657 20.761 -6.7703423258562 
103.72319207 43.56862234 20.761 -6.77038174451608 
105.88063446 44.84159811 20.761 -6.77041567619085 
108.03807686 46.11457388 20.761 -6.77044491628608 
110.19551925 47.38754965 20.761 -6.77047030163436 
112.35296165 48.66052542 20.761 -6.77049252355128 
114.51040404 49.93350119 20.761 -6.77051211320704 
116.66784644 51.20647696 20.761 -6.77052932104023 
118.82528883 52.47945273 20.761 -6.77054417545922 
120.98273123 53.7524285 20.761 -6.77055641081896 
123.14017362 55.02540427 20.761 -6.77056555879568 
125.29761602 56.29838004 20.761 -6.77057100123184 
127.45505841 57.57135582 20.761 -6.77057220931114 
129.61250081 58.84433159 20.761 -6.77056880940208 
131.7699432 60.11730736 20.761 -6.7705607949115 
133.9273856 61.39028313 20.761 -6.7705485516308 
136.08482799 62.6632589 20.761 -6.7705329936565 
138.24227039 63.93623467 20.761 -6.77051544710292 
140.39971278 65.20921044 20.761 -6.77049749254819 
142.55715518 66.48218621 20.761 -6.77048071474675 
144.71459757 67.75516198 20.761 -6.77046663453603 
146.87203997 69.02813775 20.761 -6.7704565878021 
149.02948236 70.30111352 20.761 -6.77045189004846 
151.18692476 71.57408929 20.761 -6.77045375103613 
153.34436715 72.84706506 20.761 -6.77046324606155 
155.50180955 74.12004083 20.761 -6.77048118561034 
157.65925194 75.3930166 20.761 -6.77050810609125 
159.81669434 76.66599237 20.761 -6.77054417165581 
161.97413673 77.93896814 20.761 -6.77058921732701 
164.13157913 79.21194391 20.761 -6.77064272042163 
166.28902152 80.48491968 20.761 -6.77070394611886 
168.44646392 81.75789546 20.761 -6.77077198183822 
170.60390631 83.03087123 20.761 -6.77084583373859 
172.76134871 84.303847 20.761 -6.77092443611406 
174.9187911 85.57682277 20.761 -6.77100674973398 
177.0762335 86.84979854 20.761 -6.77109174404722 
179.23367589 88.12277431 20.761 -6.77117847023171 
181.39111829 89.39575008 20.761 -6.77126600376645 
183.54856068 90.66872585 20.761 -6.77135345607589 
34.70874359 0.32850988 20.761 -6.77108351331849 
36.86618598 1.60148565 20.761 -6.77098709813235 
39.02362838 2.87446142 20.761 -6.77088744793465 
41.18107077 4.14743719 20.761 -6.77078473636647 
43.33851317 5.42041296 20.761 -6.77067928514202 
45.49595556 6.69338873 20.761 -6.77057159302988 
47.65339796 7.9663645 20.761 -6.77046244932137 
49.81084035 9.23934027 20.761 -6.77035295762283 
51.96828275 10.51231604 20.761 -6.77024460895359 
54.12572514 11.78529181 20.761 -6.77013920709528 
56.28316753 13.05826758 20.761 -6.77003880910176 
58.44060993 14.33124335 20.761 -6.76994559285049 
60.59805232 15.60421912 20.761 -6.76986182991153 
62.75549472 16.87719489 20.761 -6.76978968920613 
64.91293711 18.15017066 20.761 -6.76973116170905 
67.07037951 19.42314643 20.761 -6.76968785612904 
69.2278219 20.6961222 20.761 -6.76966091127596 
71.3852643 21.96909798 20.761 -6.76965085357162 
73.54270669 23.24207375 20.761 -6.76965756703362 
75.70014909 24.51504952 20.761 -6.76968022334376 
77.85759148 25.78802529 20.761 -6.76971734474379 
80.01503388 27.06100106 20.761 -6.76976681461634 
82.17247627 28.33397683 20.761 -6.76982612018658 
84.32991867 29.6069526 20.761 -6.76989255849682 
86.48736106 30.87992837 20.761 -6.76996340823893 
88.64480346 32.15290414 20.761 -6.77003600038108 
90.80224585 33.42587991 20.761 -6.77010790170238 
92.95968825 34.69885568 20.761 -6.77017698345859 
95.11713064 35.97183145 20.761 -6.77024157243577 
97.27457304 37.24480722 20.761 -6.77030045674521 
99.43201543 38.51778299 20.761 -6.77035295945873 
101.58945783 39.79075876 20.761 -6.77039886392245 
103.74690022 41.06373453 20.761 -6.77043839275504 
105.90434262 42.3367103 20.761 -6.77047205085151 
108.06178501 43.60968607 20.761 -6.77050056691838 
110.21922741 44.88266184 20.761 -6.77052469015389 
112.3766698 46.15563762 20.761 -6.77054515930697 
114.5341122 47.42861339 20.761 -6.77056252625173 
116.69155459 48.70158916 20.761 -6.77057717406822 
118.84899699 49.97456493 20.761 -6.77058921374832 
121.00643938 51.2475407 20.761 -6.77059850753253 
123.16388178 52.52051647 20.761 -6.77060462421481 
125.32132417 53.79349224 20.761 -6.77060703380599 
127.47876657 55.06646801 20.761 -6.77060517189379 
129.63620896 56.33944378 20.761 -6.77059865384939 
131.79365136 57.61241955 20.761 -6.77058733912244 
133.95109375 58.88539532 20.761 -6.77057150843739 
136.10853615 60.15837109 20.761 -6.77055186818321 
138.26597854 61.43134686 20.761 -6.77052964002253 
140.42342094 62.70432263 20.761 -6.7705063544669 
142.58086333 63.9772984 20.761 -6.77048368319962 
144.73830573 65.25027417 20.761 -6.77046321718048 
146.89574812 66.52324994 20.761 -6.77044641565516 
149.05319052 67.79622571 20.761 -6.77043462887031 
151.21063291 69.06920148 20.761 -6.7704291747007 
153.36807531 70.34217726 20.761 -6.77043122059185 
155.5255177 71.61515303 20.761 -6.77044174440316 
157.6829601 72.8881288 20.761 -6.77046142106875 
159.84040249 74.16110457 20.761 -6.7704906194385 
161.99784489 75.43408034 20.761 -6.77052932127169 
164.15528728 76.70705611 20.761 -6.77057717070705 
166.31272968 77.98003188 20.761 -6.77063345927995 
168.47017207 79.25300765 20.761 -6.77069727603519 
170.62761447 80.52598342 20.761 -6.77076755224538 
172.78505686 81.79895919 20.761 -6.77084317241607 
174.94249926 83.07193496 20.761 -6.7709229742546 
177.09994165 84.34491073 20.761 -6.77100584817579 
179.25738405 85.6178865 20.761 -6.77109070573189 
181.41482644 86.89086227 20.761 -6.77117654192953 
39.04733653 0.36957361 20.761 -6.77090491406646 
41.20477893 1.64254938 20.761 -6.77080744889613 
43.36222132 2.91552515 20.761 -6.77070744454108 
45.51966372 4.18850092 20.761 -6.7706054351785 
47.67710611 5.46147669 20.761 -6.77050222724125 
49.83454851 6.73445246 20.761 -6.77039886207351 
51.9919909 8.00742823 20.761 -6.77029674128849 
54.1494333 9.280404 20.761 -6.77019749653149 
56.30687569 10.55337977 20.761 -6.77010298133279 
58.46431809 11.82635555 20.761 -6.77001514160508 
60.62176048 13.09933132 20.761 -6.76993603418133 
62.77920288 14.37230709 20.761 -6.76986762494028 
64.93664527 15.64528286 20.761 -6.76981177887745 
67.09408767 16.91825863 20.761 -6.76977001430935 
69.25153006 18.1912344 20.761 -6.76974351112492 
71.40897246 19.46421017 20.761 -6.76973286303434 
73.56641485 20.73718594 20.761 -6.76973813041338 
75.72385725 22.01016171 20.761 -6.76975867166639 
77.88129964 23.28313748 20.761 -6.76979327174893 
80.03874204 24.55611325 20.761 -6.76984005222961 
82.19618443 25.82908902 20.761 -6.76989672617044 
84.35362683 27.10206479 20.761 -6.76996072852684 
86.51106922 28.37504056 20.761 -6.77002949997627 
88.66851162 29.64801633 20.761 -6.77010046045738 
90.82595401 30.9209921 20.761 -6.77017125142667 
92.98339641 32.19396787 20.761 -6.77023972679377 
95.1408388 33.46694364 20.761 -6.77030417357939 
97.2982812 34.73991941 20.761 -6.77036324493023 
99.45572359 36.01289519 20.761 -6.77041613875656 
101.61316599 37.28587096 20.761 -6.77046244361957 
103.77060838 38.55884673 20.761 -6.77050222925215 
105.92805078 39.8318225 20.761 -6.77053582691064 
108.08549317 41.10479827 20.761 -6.7705638523639 
110.24293557 42.37777404 20.761 -6.77058697899046 
112.40037796 43.65074981 20.761 -6.77060592941709 
114.55782036 44.92372558 20.761 -6.77062127192639 
116.71526275 46.19670135 20.761 -6.77063346816314 
118.87270515 47.46967712 20.761 -6.77064271530497 
121.03014754 48.74265289 20.761 -6.77064898363051 
123.18758994 50.01562866 20.761 -6.77065191235305 
125.34503233 51.28860443 20.761 -6.77065103861129 
127.50247473 52.5615802 20.761 -6.77064581626 
129.65991712 53.83455597 20.761 -6.77063586218904 
131.81735952 55.10753174 20.761 -6.7706209640835 
133.97480191 56.38050751 20.761 -6.77060130939626 
136.13224431 57.65348328 20.761 -6.77057744604245 
138.2896867 58.92645905 20.761 -6.77055042904052 
140.4471291 60.19943483 20.761 -6.77052169969781 
142.60457149 61.4724106 20.761 -6.77049296814971 
144.76201389 62.74538637 20.761 -6.77046589130133 
146.91945628 64.01836214 20.761 -6.77044204324191 
149.07689868 65.29133791 20.761 -6.7704228128378 
151.23434107 66.56431368 20.761 -6.77040962141267 
153.39178347 67.83728945 20.761 -6.7704037157258 
155.54922586 69.11026522 20.761 -6.77040622224647 
157.70666826 70.38324099 20.761 -6.77041794919695 
159.86411065 71.65621676 20.761 -6.77043945825688 
162.02155305 72.92919253 20.761 -6.77047089930119 
164.17899544 74.2021683 20.761 -6.77051211640028 
166.33643784 75.47514407 20.761 -6.77056252432251 
168.49388023 76.74811984 20.761 -6.77062127946793 
170.65132263 78.02109561 20.761 -6.77068726176387 
172.80876502 79.29407138 20.761 -6.77075931095001 
174.96620742 80.56704715 20.761 -6.77083615980962 
177.12364981 81.84002292 20.761 -6.77091660832696 
179.28109221 83.11299869 20.761 -6.77099942703529 
43.38592948 0.41063735 20.761 -6.77072978568193 
45.54337188 1.68361312 20.761 -6.77063331349801 
47.70081427 2.95658889 20.761 -6.77053583264039 
49.85825667 4.22956466 20.761 -6.77043838904807 
52.01569906 5.50254043 20.761 -6.77034232606382 
54.17314146 6.7755162 20.761 -6.77024916874714 
56.33058385 8.04849197 20.761 -6.77016061918945 
58.48802625 9.32146774 20.761 -6.77007843924829 
60.64546864 10.59444351 20.761 -6.77000447064054 
62.80291104 11.86741928 20.761 -6.76994049324115 
64.96035343 13.14039505 20.761 -6.76988819980292 
67.11779583 14.41337082 20.761 -6.76984901910723 
69.27523822 15.68634659 20.761 -6.76982406389378 
71.43268062 16.95932236 20.761 -6.76981397713162 
73.59012301 18.23229813 20.761 -6.7698189016614 
75.74756541 19.5052739 20.761 -6.76983837129315 
77.9050078 20.77824967 20.761 -6.76987135613113 
80.0624502 22.05122544 20.761 -6.76991622564016 
82.21989259 23.32420121 20.761 -6.76997087946837 
84.37733499 24.59717699 20.761 -6.77003294313773 
86.53477738 25.87015276 20.761 -6.77009998381036 
88.69221978 27.14312853 20.761 -6.7701695631381 
90.84966217 28.4161043 20.761 -6.7702393872516 
93.00710457 29.68908007 20.761 -6.77030735526306 
95.16454696 30.96205584 20.761 -6.77037170879373 
97.32198936 32.23503161 20.761 -6.77043105316098 
99.47943175 33.50800738 20.761 -6.77048444166589 
101.63687415 34.78098315 20.761 -6.77053132923381 
103.79431654 36.05395892 20.761 -6.77057159697131 
105.95175894 37.32693469 20.761 -6.77060543707612 
108.10920133 38.59991046 20.761 -6.77063331849148 
110.26664373 39.87288623 20.761 -6.77065582184 
112.42408612 41.145862 20.761 -6.77067361014768 
114.58152852 42.41883777 20.761 -6.77068726373053 
116.73897091 43.69181354 20.761 -6.77069727836927 
118.89641331 44.96478931 20.761 -6.77070393988093 
121.0538557 46.23776508 20.761 -6.77070728952818 
123.2112981 47.51074085 20.761 -6.77070705577714 
125.36874049 48.78371663 20.761 -6.77070284049851 
127.52618289 50.0566924 20.761 -6.77069415399594 
129.68362528 51.32966817 20.761 -6.77068061527231 
131.84106768 52.60264394 20.761 -6.77066199630117 
133.99851007 53.87561971 20.761 -6.77063839619519 
136.15595247 55.14859548 20.761 -6.77061025699811 
138.31339486 56.42157125 20.761 -6.77057846658573 
140.47083726 57.69454702 20.761 -6.77054433880593 
142.62827965 58.96752279 20.761 -6.77050952042151 
144.78572205 60.24049856 20.761 -6.77047575403996 
146.94316444 61.51347433 20.761 -6.77044467189446 
149.10060684 62.7864501 20.761 -6.77041777272697 
151.25804923 64.05942587 20.761 -6.77039649049979 
153.41549163 65.33240164 20.761 -6.77038220603408 
155.57293402 66.60537741 20.761 -6.77037612593719 
157.73037642 67.87835318 20.761 -6.77037924517147 
159.88781881 69.15132895 20.761 -6.77039225692063 
162.04526121 70.42430472 20.761 -6.77041553863094 
164.2027036 71.69728049 20.761 -6.7704490801196 
166.360146 72.97025627 20.761 -6.77049252973071 
168.51758839 74.24323204 20.761 -6.7705451550654 
170.67503079 75.51620781 20.761 -6.7706059299593 
172.83247318 76.78918358 20.761 -6.77067360829898 
174.98991558 78.06215935 20.761 -6.77074688538686 
177.14735797 79.33513512 20.761 -6.770824421328 
47.72452243 0.45170108 20.761 -6.77056384984012 
49.88196482 1.72467685 20.761 -6.7704720535577 
52.03940722 2.99765262 20.761 -6.77038174457412 
54.19684961 4.27062839 20.761 -6.7702944246174 
56.35429201 5.54360416 20.761 -6.77021165362988 
58.5117344 6.81657993 20.761 -6.77013508774459 
60.6691768 8.0895557 20.761 -6.77006637070703 
62.82661919 9.36253147 20.761 -6.77000714256854 
64.98406159 10.63550724 20.761 -6.7699589060258 
67.14150398 11.90848301 20.761 -6.76992298403666 
69.29894638 13.18145879 20.761 -6.76990038978809 
71.45638877 14.45443456 20.761 -6.76989177271013 
73.61383117 15.72741033 20.761 -6.76989729606925 
75.77127356 17.0003861 20.761 -6.76991662869882 
77.92871596 18.27336187 20.761 -6.7699488662405 
80.08615835 19.54633764 20.761 -6.76999259579966 
82.24360075 20.81931341 20.761 -6.77004590207295 
84.40104314 22.09228918 20.761 -6.77010659600148 
86.55848554 23.36526495 20.761 -6.77017236600093 
88.71592793 24.63824072 20.761 -6.77024092556209 
90.87337033 25.91121649 20.761 -6.77031005190111 
93.03081272 27.18419226 20.761 -6.77037772934702 
95.18825512 28.45716803 20.761 -6.77044217735572 
97.34569751 29.7301438 20.761 -6.77050197523352 
99.50313991 31.00311957 20.761 -6.77055605645965 
101.6605823 32.27609534 20.761 -6.77060377437556 
103.8180247 33.54907111 20.761 -6.77064483069516 
105.97546709 34.82204688 20.761 -6.7706792917037 
108.13290949 36.09502265 20.761 -6.77070744318548 
110.29035188 37.36799843 20.761 -6.77072978964851 
112.44779428 38.6409742 20.761 -6.77074688212807 
114.60523667 39.91394997 20.761 -6.77075930907237 
116.76267907 41.18692574 20.761 -6.770767552388 
118.92012146 42.45990151 20.761 -6.77077198358522 
121.07756386 43.73287728 20.761 -6.7707726762601 
123.23500625 45.00585305 20.761 -6.77076948298299 
125.39244865 46.27882882 20.761 -6.77076204351132 
127.54989104 47.55180459 20.761 -6.77074996147734 
129.70733344 48.82478036 20.761 -6.77073285029342 
131.86477583 50.09775613 20.761 -6.77071051289939 
134.02221823 51.3707319 20.761 -6.77068297299981 
136.17966062 52.64370767 20.761 -6.77065061554151 
138.33710302 53.91668344 20.761 -6.77061417114843 
140.49454541 55.18965921 20.761 -6.77057481544446 
142.65198781 56.46263498 20.761 -6.77053405228413 
144.8094302 57.73561075 20.761 -6.77049365678249 
146.9668726 59.00858652 20.761 -6.77045531739407 
149.12431499 60.28156229 20.761 -6.77042061815883 
151.28175739 61.55453807 20.761 -6.77039102932783 
153.43919978 62.82751384 20.761 -6.77036802028417 
155.59664218 64.10048961 20.761 -6.77035289428896 
157.75408457 65.37346538 20.761 -6.7703467965222 
159.91152697 66.64644115 20.761 -6.77035056930349 
162.06896936 67.91941692 20.761 -6.77036478733266 
164.22641176 69.19239269 20.761 -6.77038964102386 
166.38385415 70.46536846 20.761 -6.77042499301003 
168.54129655 71.73834423 20.761 -6.77047029485714 
170.69873894 73.01132 20.761 -6.77052469164548 
172.85618134 74.28429577 20.761 -6.77058698167668 
175.01362373 75.55727154 20.761 -6.77065582234789 
52.06311538 0.49276481 20.761 -6.77041567335623 
54.22055777 1.76574058 20.761 -6.77033380593268 
56.37800017 3.03871636 20.761 -6.77025646274552 
58.53544256 4.31169213 20.761 -6.77018521933642 
60.69288496 5.5846679 20.761 -6.77012158923382 
62.85032735 6.85764367 20.761 -6.77006708709727 
65.00776975 8.13061944 20.761 -6.77002305307153 
67.16521214 9.40359521 20.761 -6.76999071563645 
69.32265454 10.67657098 20.761 -6.76997097212574 
71.48009693 11.94954675 20.761 -6.7699644435654 
73.63753933 13.22252252 20.761 -6.76997127686131 
75.79498172 14.49549829 20.761 -6.76999122190193 
77.95242412 15.76847406 20.761 -6.77002347178939 
80.10986651 17.04144983 20.761 -6.77006678755364 
82.26730891 18.3144256 20.761 -6.7701194062165 
84.4247513 19.58740137 20.761 -6.77017931343026 
86.5821937 20.86037714 20.761 -6.77024432136823 
88.73963609 22.13335291 20.761 -6.77031229192944 
90.89707849 23.40632868 20.761 -6.77038108937436 
93.05452088 24.67930445 20.761 -6.77044878701617 
95.21196328 25.95228022 20.761 -6.7705136060809 
97.36940567 27.225256 20.761 -6.77057412766125 
99.52684807 28.49823177 20.761 -6.7706291942876 
101.68429046 29.77120754 20.761 -6.77067806984439 
103.84173286 31.04418331 20.761 -6.77072030057976 
105.99917525 32.31715908 20.761 -6.77075580921294 
108.15661765 33.59013485 20.761 -6.77078473243487 
110.31406004 34.86311062 20.761 -6.77080745446747 
112.47150244 36.13608639 20.761 -6.77082441828269 
114.62894483 37.40906216 20.761 -6.77083616753615 
116.78638723 38.68203793 20.761 -6.77084316645071 
118.94382962 39.9550137 20.761 -6.77084583551206 
121.10127202 41.22798947 20.761 -6.77084429489611 
123.25871441 42.50096524 20.761 -6.77083847435588 
125.41615681 43.77394101 20.761 -6.77082808011903 
127.5735992 45.04691678 20.761 -6.77081279707997 
129.7310416 46.31989255 20.761 -6.77079227449619 
131.88848399 47.59286832 20.761 -6.77076634589228 
134.04592639 48.86584409 20.761 -6.77073500183949 
136.20336878 50.13881986 20.761 -6.77069857269521 
138.36081118 51.41179564 20.761 -6.77065768134955 
140.51825357 52.68477141 20.761 -6.77061336719576 
142.67569597 53.95774718 20.761 -6.77056696973615 
144.83313836 55.23072295 20.761 -6.77052018151581 
146.99058076 56.50369872 20.761 -6.77047472540002 
149.14802315 57.77667449 20.761 -6.77043225007002 
151.30546555 59.04965026 20.761 -6.77039427486278 
153.46290794 60.32262603 20.761 -6.77036233502964 
155.62035034 61.5956018 20.761 -6.7703378176339 
157.77779273 62.86857757 20.761 -6.77032199222434 
159.93523513 64.14155334 20.761 -6.77031586527833 
162.09267752 65.41452911 20.761 -6.77032019394969 
164.25011992 66.68750488 20.761 -6.77033537552956 
166.40756231 67.96048065 20.761 -6.77036149198787 
168.56500471 69.23345642 20.761 -6.77039822364188 
170.7224471 70.50643219 20.761 -6.77044492156291 
172.8798895 71.77940796 20.761 -6.77050055815697 
56.40170833 0.53382855 20.761 -6.77029576356048 
58.55915072 1.80680432 20.761 -6.77022941199101 
60.71659312 3.07978009 20.761 -6.77017050014791 
62.87403551 4.35275586 20.761 -6.77012043746679 
65.03147791 5.62573163 20.761 -6.77008047742081 
67.1889203 6.8987074 20.761 -6.7700517198608 
69.3463627 8.17168317 20.761 -6.77003499510534 
71.50380509 9.44465894 20.761 -6.77003085051342 
73.66124749 10.71763471 20.761 -6.77003943474698 
75.81868988 11.99061048 20.761 -6.77006050883869 
77.97613228 13.26358625 20.761 -6.77009335961765 
80.13357467 14.53656202 20.761 -6.77013684195792 
82.29101707 15.8095378 20.761 -6.77018936341848 
84.44845946 17.08251357 20.761 -6.77024902798616 
86.60590186 18.35548934 20.761 -6.77031379513724 
88.76334425 19.62846511 20.761 -6.77038163191021 
90.92078665 20.90144088 20.761 -6.77045052767694 
93.07822904 22.17441665 20.761 -6.77051859805144 
95.23567144 23.44739242 20.761 -6.77058415625782 
97.39311383 24.72036819 20.761 -6.77064573400779 
99.55055623 25.99334396 20.761 -6.77070216673998 
101.70799862 27.26631973 20.761 -6.77075258303206 
103.86544102 28.5392955 20.761 -6.77079644641888 
106.02288341 29.81227127 20.761 -6.77083350200082 
108.18032581 31.08524704 20.761 -6.77086376424135 
110.3377682 32.35822281 20.761 -6.77088744587482 
112.4952106 33.63119858 20.761 -6.7709049140767 
114.65265299 34.90417435 20.761 -6.77091660167552 
116.81009539 36.17715012 20.761 -6.7709229781233 
118.96753778 37.45012589 20.761 -6.77092444132123 
121.12498018 38.72310166 20.761 -6.77092118533114 
123.28242257 39.99607744 20.761 -6.77091317487194 
125.43986497 41.26905321 20.761 -6.77090022074226 
127.59730736 42.54202898 20.761 -6.77088204823422 
129.75474976 43.81500475 20.761 -6.77085840085695 
131.91219215 45.08798052 20.761 -6.7708291089598 
134.06963455 46.36095629 20.761 -6.77079419550009 
136.22707694 47.63393206 20.761 -6.77075392904851 
138.38451934 48.90690783 20.761 -6.77070888495698 
140.54196173 50.1798836 20.761 -6.77065994889093 
142.69940413 51.45285937 20.761 -6.77060834096208 
144.85684652 52.72583514 20.761 -6.77055556001462 
147.01428892 53.99881091 20.761 -6.77050331613764 
149.17173131 55.27178668 20.761 -6.77045327128627 
151.32917371 56.54476245 20.761 -6.77040700406836 
153.4866161 57.81773822 20.761 -6.77036606616964 
155.64405849 59.09071399 20.761 -6.77033196008504 
157.80150089 60.36368976 20.761 -6.770306030079 
159.95894328 61.63666553 20.761 -6.77028946290919 
162.11638568 62.9096413 20.761 -6.77028315523878 
164.27382807 64.18261708 20.761 -6.77028775483111 
166.43127047 65.45559285 20.761 -6.77030353954656 
168.58871286 66.72856862 20.761 -6.77033046893501 
170.74615526 68.00154439 20.761 -6.7703681083103 
60.74030127 0.57489228 20.761 -6.77021385577267 
62.89774367 1.84786805 20.761 -6.7701677774788 
65.05518606 3.12084382 20.761 -6.77013152361012 
67.21262846 4.3938196 20.761 -6.77010608744881 
69.37007085 5.66679537 20.761 -6.77009226061729 
71.52751325 6.93977114 20.761 -6.77009051572241 
73.68495564 8.21274691 20.761 -6.7701010061602 
75.84239804 9.48572268 20.761 -6.77012347367706 
77.99984043 10.75869845 20.761 -6.77015727772676 
80.15728283 12.03167422 20.761 -6.77020134308885 
82.31472522 13.30464999 20.761 -6.77025421835902 
84.47216762 14.57762576 20.761 -6.77031410154456 
86.62961001 15.85060153 20.761 -6.77037908712004 
88.78705241 17.1235773 20.761 -6.7704472254785 
90.9444948 18.39655307 20.761 -6.77051663336883 
93.1019372 19.66952884 20.761 -6.77058549235288 
95.25937959 20.94250461 20.761 -6.77065216928564 
97.41682199 22.21548038 20.761 -6.77071519727933 
99.57426438 23.48845615 20.761 -6.77077339397081 
101.73170678 24.76143192 20.761 -6.77082580168238 
103.88914917 26.03440769 20.761 -6.77087178699379 
106.04659157 27.30738346 20.761 -6.77091094265336 
108.20403396 28.58035924 20.761 -6.77094314764273 
110.36147636 29.85333501 20.761 -6.77096844726009 
112.51891875 31.12631078 20.761 -6.77098710004293 
114.67636115 32.39928655 20.761 -6.7709994243008 
116.83380354 33.67226232 20.761 -6.77100584836851 
118.99124594 34.94523809 20.761 -6.7710067406901 
121.14868833 36.21821386 20.761 -6.77100235550737 
123.30613073 37.49118963 20.761 -6.7709926897478 
125.46357312 38.7641654 20.761 -6.77097764377424 
127.62101552 40.03714117 20.761 -6.77095699511696 
129.77845791 41.31011694 20.761 -6.77093057613466 
131.93590031 42.58309271 20.761 -6.77089825032404 
134.0933427 43.85606848 20.761 -6.77086008174161 
136.2507851 45.12904425 20.761 -6.77081629804723 
138.40822749 46.40202002 20.761 -6.77076743875279 
140.56566989 47.67499579 20.761 -6.77071427753583 
142.72311228 48.94797156 20.761 -6.77065791916257 
144.88055468 50.22094733 20.761 -6.77059968325969 
147.03799707 51.4939231 20.761 -6.77054114712485 
149.19543947 52.76689887 20.761 -6.77048392301645 
151.35288186 54.03987465 20.761 -6.77042963309102 
153.51032426 55.31285042 20.761 -6.77037983628896 
155.66776665 56.58582619 20.761 -6.77033611085363 
157.82520905 57.85880196 20.761 -6.77029987769615 
159.98265144 59.13177773 20.761 -6.77027246097134 
162.14009384 60.4047535 20.761 -6.77025492705595 
164.29753623 61.67772927 20.761 -6.77024813727563 
166.45497863 62.95070504 20.761 -6.77025259539002 
168.61242102 64.22368081 20.761 -6.77026853239541 
65.07889422 0.61595602 20.761 -6.77017694222104 
67.23633662 1.88893179 20.761 -6.77015439605614 
69.39377901 3.16190756 20.761 -6.77014312191449 
71.55122141 4.43488333 20.761 -6.77014354877224 
73.7086638 5.7078591 20.761 -6.77015583358769 
75.8661062 6.98083487 20.761 -6.7701797112071 
78.02354859 8.25381064 20.761 -6.77021459743375 
80.18099099 9.52678641 20.761 -6.77025945653937 
82.33843338 10.79976218 20.761 -6.77031295154394 
84.49587578 12.07273795 20.761 -6.77037336838932 
86.65331817 13.34571372 20.761 -6.77043891558149 
88.81076057 14.61868949 20.761 -6.77050772323549 
90.96820296 15.89166526 20.761 -6.77057801787724 
93.12564536 17.16464103 20.761 -6.77064803558541 
95.28308775 18.43761681 20.761 -6.77071621390881 
97.44053015 19.71059258 20.761 -6.77078109114141 
99.59797254 20.98356835 20.761 -6.77084147918736 
101.75541494 22.25654412 20.761 -6.7708963498547 
103.91285733 23.52951989 20.761 -6.77094497841854 
106.07029973 24.80249566 20.761 -6.77098681447745 
108.22774212 26.07547143 20.761 -6.77102160341295 
110.38518452 27.3484472 20.761 -6.77104923114501 
112.54262691 28.62142297 20.761 -6.77106979648275 
114.70006931 29.89439874 20.761 -6.77108350925028 
116.8575117 31.16737451 20.761 -6.77109070887933 
119.0149541 32.44035028 20.761 -6.77109174496897 
121.17239649 33.71332605 20.761 -6.77108687115041 
123.32983889 34.98630182 20.761 -6.77107614203239 
125.48728128 36.25927759 20.761 -6.77105951684202 
127.64472368 37.53225336 20.761 -6.77103686220525 
129.80216607 38.80522913 20.761 -6.771008077963 
131.95960847 40.0782049 20.761 -6.77097310304416 
134.11705086 41.35118067 20.761 -6.77093202407493 
136.27449326 42.62415645 20.761 -6.77088509112399 
138.43193565 43.89713222 20.761 -6.77083279581597 
140.58937805 45.17010799 20.761 -6.77077584948395 
142.74682044 46.44308376 20.761 -6.77071523301898 
144.90426284 47.71605953 20.761 -6.7706521235906 
147.06170523 48.9890353 20.761 -6.7705879123481 
149.21914763 50.26201107 20.761 -6.77052409192917 
151.37659002 51.53498684 20.761 -6.7704622358386 
153.53403242 52.80796261 20.761 -6.7704039211404 
155.69147481 54.08093838 20.761 -6.77035074279917 
157.84891721 55.35391415 20.761 -6.77030420906937 
160.0063596 56.62688992 20.761 -6.77026574350144 
162.163802 57.89986569 20.761 -6.77023657031742 
164.32124439 59.17284146 20.761 -6.77021774028224 
166.47868679 60.44581723 20.761 -6.77021000205772 
69.41748717 0.65701975 20.761 -6.77018833005992 
71.57492957 1.92999552 20.761 -6.7701905229361 
73.73237196 3.20297129 20.761 -6.77020426893557 
75.88981436 4.47594706 20.761 -6.77022936021317 
78.04725675 5.74892283 20.761 -6.77026520220211 
80.20469915 7.02189861 20.761 -6.7703108631695 
82.36214154 8.29487438 20.761 -6.77036503914323 
84.51958394 9.56785015 20.761 -6.77042614947282 
86.67702633 10.84082592 20.761 -6.77049244568439 
88.83446873 12.11380169 20.761 -6.77056218018291 
90.99191112 13.38677746 20.761 -6.77063361652472 
93.14935352 14.65975323 20.761 -6.7707051131035 
95.30679591 15.932729 20.761 -6.7707751141278 
97.46423831 17.20570477 20.761 -6.77084222388821 
99.6216807 18.47868054 20.761 -6.77090519873122 
101.7791231 19.75165631 20.761 -6.77096300468642 
103.93656549 21.02463208 20.761 -6.77101479049682 
106.09400789 22.29760785 20.761 -6.77105992448549 
108.25145028 23.57058362 20.761 -6.77109795163388 
110.40889267 24.84355939 20.761 -6.77112863571765 
112.56633507 26.11653516 20.761 -6.77115188254393 
114.72377746 27.38951093 20.761 -6.77116778484675 
116.88121986 28.6624867 20.761 -6.77117654487886 
119.03866225 29.93546247 20.761 -6.77117847574555 
121.19610465 31.20843825 20.761 -6.77117380867551 
123.35354704 32.48141402 20.761 -6.77116265645818 
125.51098944 33.75438979 20.761 -6.77114501423234 
127.66843183 35.02736556 20.761 -6.77112085798388 
129.82587423 36.30034133 20.761 -6.77109014295408 
131.98331662 37.5733171 20.761 -6.77105291216882 
134.14075902 38.84629287 20.761 -6.7710092954744 
136.29820141 40.11926864 20.761 -6.77095959320102 
138.45564381 41.39224441 20.761 -6.77090425992855 
140.6130862 42.66522018 20.761 -6.7708439763955 
142.7705286 43.93819595 20.761 -6.77077960199496 
144.92797099 45.21117172 20.761 -6.77071221120003 
147.08541339 46.48414749 20.761 -6.77064300370557 
149.24285578 47.75712326 20.761 -6.77057331024254 
151.40029818 49.03009903 20.761 -6.770504529522 
153.55774057 50.3030748 20.761 -6.77043822869621 
155.71518297 51.57605057 20.761 -6.77037598293557 
157.87262536 52.84902634 20.761 -6.77031937343585 
160.03006776 54.12200211 20.761 -6.77026986900097 
162.18751015 55.39497789 20.761 -6.77022886329479 
164.34495255 56.66795366 20.761 -6.77019755378055 
73.75608012 0.69808349 20.761 -6.77024704171594 
75.91352251 1.97105926 20.761 -6.77027294200769 
78.07096491 3.24403503 20.761 -6.77030944857446 
80.2284073 4.5170108 20.761 -6.77035569750588 
82.3858497 5.78998657 20.761 -6.77041044648048 
84.54329209 7.06296234 20.761 -6.77047220344909 
86.70073449 8.33593811 20.761 -6.770539285987 
88.85817688 9.60891388 20.761 -6.7706100364496 
91.01561928 10.88188965 20.761 -6.77068277924539 
93.17306167 12.15486542 20.761 -6.77075594329135 
95.33050407 13.42784119 20.761 -6.77082801224302 
97.48794646 14.70081696 20.761 -6.77089763327414 
99.64538886 15.97379273 20.761 -6.77096354785106 
101.80283125 17.2467685 20.761 -6.77102469752729 
103.96027365 18.51974427 20.761 -6.77108014217334 
106.11771604 19.79272004 20.761 -6.77112913940387 
108.27515844 21.06569582 20.761 -6.77117108023856 
110.43260083 22.33867159 20.761 -6.77120556022013 
112.59004323 23.61164736 20.761 -6.77123229594803 
114.74748562 24.88462313 20.761 -6.77125122265621 
116.90492802 26.1575989 20.761 -6.77126237687777 
119.06237041 27.43057467 20.761 -6.77126600993349 
121.21981281 28.70355044 20.761 -6.77126230523596 
123.3772552 29.97652621 20.761 -6.77125141313109 
125.5346976 31.24950198 20.761 -6.77123335921521 
127.69213999 32.52247775 20.761 -6.77120821907942 
129.84958239 33.79545352 20.761 -6.77117602965432 
132.00702478 35.06842929 20.761 -6.77113694870684 
134.16446718 36.34140506 20.761 -6.77109116242118 
136.32190957 37.61438083 20.761 -6.7710390453 
138.47935197 38.8873566 20.761 -6.77098105026188 
140.63679436 40.16033237 20.761 -6.77091784910928 
142.79423676 41.43330814 20.761 -6.77085020878591 
144.95167915 42.70628391 20.761 -6.77077910678104 
147.10912155 43.97925968 20.761 -6.77070556578621 
149.26656394 45.25223546 20.761 -6.77063075953921 
151.42400634 46.52521123 20.761 -6.77055586078502 
153.58144873 47.798187 20.761 -6.77048229946631 
155.73889113 49.07116277 20.761 -6.77041159588351 
157.89633352 50.34413854 20.761 -6.77034535029309 
160.05377592 51.61711431 20.761 -6.77028508152483 
162.21121831 52.89009008 20.761 -6.77023229530849 
78.09467307 0.73914722 20.761 -6.77034803435976 
80.25211546 2.01212299 20.761 -6.77039449288645 
82.40955786 3.28509876 20.761 -6.77044951949754 
84.56700025 4.55807453 20.761 -6.77051170005045 
86.72444265 5.8310503 20.761 -6.77057943292491 
88.88188504 7.10402607 20.761 -6.77065112751986 
91.03932744 8.37700184 20.761 -6.77072517246164 
93.19676983 9.64997762 20.761 -6.77080005760818 
95.35421223 10.92295339 20.761 -6.77087431640807 
97.51165462 12.19592916 20.761 -6.77094662340678 
99.66909702 13.46890493 20.761 -6.77101573154384 
101.82653941 14.7418807 20.761 -6.77108054761489 
103.98398181 16.01485647 20.761 -6.77114006676671 
106.1414242 17.28783224 20.761 -6.77119344782297 
108.2988666 18.56080801 20.761 -6.77123993530319 
110.45630899 19.83378378 20.761 -6.77127894089079 
112.61375139 21.10675955 20.761 -6.7713099882984 
114.77119378 22.37973532 20.761 -6.77133280318966 
116.92863618 23.65271109 20.761 -6.77134726204635 
119.08607857 24.92568686 20.761 -6.77135345593329 
121.24352097 26.19866263 20.761 -6.77135153301398 
123.40096336 27.4716384 20.761 -6.77134162258349 
125.55840576 28.74461417 20.761 -6.77132380797509 
127.71584815 30.01758994 20.761 -6.77129822512181 
129.87329055 31.29056571 20.761 -6.77126503217532 
132.03073294 32.56354148 20.761 -6.77122447692342 
134.18817534 33.83651726 20.761 -6.77117687351071 
136.34561773 35.10949303 20.761 -6.77112265739932 
138.50306013 36.3824688 20.761 -6.77106234704525 
140.66050252 37.65544457 20.761 -6.77099659659007 
142.81794492 38.92842034 20.761 -6.77092614086734 
144.97538731 40.20139611 20.761 -6.7708518387663 
147.13282971 41.47437188 20.761 -6.77077460463842 
149.2902721 42.74734765 20.761 -6.7706954177982 
151.4477145 44.02032342 20.761 -6.77061526535386 
153.60515689 45.29329919 20.761 -6.77053532642281 
155.76259929 46.56627496 20.761 -6.7704569850007 
157.92004168 47.83925073 20.761 -6.77038179667872 
160.07748408 49.1122265 20.761 -6.77031129514417 
82.43326601 0.78021096 20.761 -6.7704828614388 
84.59070841 2.05318673 20.761 -6.77054509293818 
86.7481508 3.3261625 20.761 -6.77061318312647 
88.9055932 4.59913827 20.761 -6.77068557581921 
91.06303559 5.87211404 20.761 -6.77076077027734 
93.22047799 7.14508981 20.761 -6.77083727501215 
95.37792038 8.41806558 20.761 -6.770913704918 
97.53536278 9.69104135 20.761 -6.7709887302101 
99.69280517 10.96401712 20.761 -6.7710611520095 
101.85024757 12.23699289 20.761 -6.77112983240174 
104.00768996 13.50996866 20.761 -6.77119375060277 
106.16513236 14.78294443 20.761 -6.77125193312653 
108.32257475 16.0559202 20.761 -6.77130352459936 
110.48001715 17.32889597 20.761 -6.77134772649156 
112.63745954 18.60187174 20.761 -6.77138388665625 
114.79490194 19.87484751 20.761 -6.77141147153871 
116.95234433 21.14782328 20.761 -6.77143016977425 
119.10978673 22.42079906 20.761 -6.77143985611285 
121.26722912 23.69377483 20.761 -6.77144060408697 
123.42467152 24.9667506 20.761 -6.77143248138914 
125.58211391 26.23972637 20.761 -6.77141561468109 
127.73955631 27.51270214 20.761 -6.77139017649555 
129.8969987 28.78567791 20.761 -6.77135645506105 
132.0544411 30.05865368 20.761 -6.77131481051625 
134.21188349 31.33162945 20.761 -6.77126571176712 
136.36932589 32.60460522 20.761 -6.77120967946127 
138.52676828 33.87758099 20.761 -6.77114733526029 
140.68421068 35.15055676 20.761 -6.771079341254 
142.84165307 36.42353253 20.761 -6.77100644551438 
144.99909547 37.6965083 20.761 -6.77092941134489 
147.15653786 38.96948407 20.761 -6.77084905387072 
149.31398026 40.24245984 20.761 -6.77076616814821 
151.47142265 41.51543561 20.761 -6.77068157604791 
153.62886505 42.78841138 20.761 -6.77059619968816 
155.78630744 44.06138715 20.761 -6.7705112100112 
157.94374984 45.33436292 20.761 -6.77042798152951 
86.77185896 0.82127469 20.761 -6.77064104211387 
88.92930136 2.09425046 20.761 -6.77071378163094 
91.08674375 3.36722623 20.761 -6.77078980940533 
93.24418615 4.640202 20.761 -6.77086768715608 
95.40162854 5.91317777 20.761 -6.7709460919067 
97.55907094 7.18615354 20.761 -6.77102372036972 
99.71651333 8.45912931 20.761 -6.77109940923579 
101.87395573 9.73210508 20.761 -6.77117200803811 
104.03139812 11.00508085 20.761 -6.77124047120096 
106.18884052 12.27805663 20.761 -6.77130374630838 
108.34628291 13.5510324 20.761 -6.7713608675724 
110.50372531 14.82400817 20.761 -6.77141085717717 
112.6611677 16.09698394 20.761 -6.77145286223178 
114.8186101 17.36995971 20.761 -6.77148608676477 
116.97605249 18.64293548 20.761 -6.77150996996146 
119.13349489 19.91591125 20.761 -6.77152414442255 
121.29093728 21.18888702 20.761 -6.77152853297638 
123.44837968 22.46186279 20.761 -6.77152309883968 
125.60582207 23.73483856 20.761 -6.77150796786424 
127.76326447 25.00781433 20.761 -6.77148334054582 
129.92070686 26.2807901 20.761 -6.77144962621545 
132.07814926 27.55376587 20.761 -6.77140729901471 
134.23559165 28.82674164 20.761 -6.77135700521999 
136.39303405 30.09971741 20.761 -6.77129939721211 
138.55047644 31.37269318 20.761 -6.77123523319516 
140.70791884 32.64566895 20.761 -6.77116523302282 
142.86536123 33.91864472 20.761 -6.77109018286246 
145.02280363 35.19162049 20.761 -6.77101078456073 
147.18024602 36.46459627 20.761 -6.77092778484633 
149.33768842 37.73757204 20.761 -6.77084181391475 
151.49513081 39.01054781 20.761 -6.77075353263746 
153.65257321 40.28352358 20.761 -6.77066362558145 
155.8100156 41.55649935 20.761 -6.77057303362052 
91.11045191 0.86233843 20.761 -6.7708126679206 
93.26789431 2.1353142 20.761 -6.7708915450337 
95.4253367 3.40828997 20.761 -6.77097158631797 
97.5827791 4.68126574 20.761 -6.77105154847483 
99.74022149 5.95424151 20.761 -6.7711302862722 
101.89766389 7.22721728 20.761 -6.77120667199281 
104.05510628 8.50019305 20.761 -6.77127964976795 
106.21254868 9.77316882 20.761 -6.77134812866989 
108.36999107 11.04614459 20.761 -6.77141103720931 
110.52743347 12.31912036 20.761 -6.77146725745636 
112.68487586 13.59209613 20.761 -6.77151571930005 
114.84231826 14.8650719 20.761 -6.77155538513745 
116.99976065 16.13804767 20.761 -6.77158539401781 
119.15720305 17.41102344 20.761 -6.7716050880376 
121.31464544 18.68399921 20.761 -6.77161414647519 
123.47208784 19.95697498 20.761 -6.77161240736878 
125.62953023 21.22995075 20.761 -6.77159990703332 
127.78697263 22.50292652 20.761 -6.77157686949877 
129.94441502 23.77590229 20.761 -6.77154376100431 
132.10185742 25.04887807 20.761 -6.77150122238681 
134.25929981 26.32185384 20.761 -6.77145005336633 
136.41674221 27.59482961 20.761 -6.77139110924374 
138.5741846 28.86780538 20.761 -6.77132529304257 
140.731627 30.14078115 20.761 -6.77125346225985 
142.88906939 31.41375692 20.761 -6.77117643317106 
145.04651179 32.68673269 20.761 -6.77109495962054 
147.20395418 33.95970846 20.761 -6.77100968358804 
149.36139658 35.23268423 20.761 -6.77092115989786 
151.51883897 36.50566 20.761 -6.77082984097529 
153.67628137 37.77863577 20.761 -6.77073624140071 
95.44904486 0.90340216 20.761 -6.77099044414132 
97.60648725 2.17637793 20.761 -6.7710723221225 
99.76392965 3.4493537 20.761 -6.77115373238198 
101.92137204 4.72232947 20.761 -6.77123360983059 
104.07881444 5.99530524 20.761 -6.77131087182444 
106.23625683 7.26828101 20.761 -6.7713844475099 
108.39369923 8.54125678 20.761 -6.77145317578375 
110.55114162 9.81423255 20.761 -6.77151585780044 
112.70858402 11.08720832 20.761 -6.77157121027637 
114.86602641 12.36018409 20.761 -6.77161798035366 
117.02346881 13.63315986 20.761 -6.77165496197629 
119.1809112 14.90613564 20.761 -6.77168119797215 
121.3383536 16.17911141 20.761 -6.77169601520382 
123.49579599 17.45208718 20.761 -6.77169907165795 
125.65323839 18.72506295 20.761 -6.77169022774089 
127.81068078 19.99803872 20.761 -6.77166967797292 
129.96812318 21.27101449 20.761 -6.77163791603829 
132.12556557 22.54399026 20.761 -6.77159573343576 
134.28300797 23.81696603 20.761 -6.7715440899298 
136.44045036 25.0899418 20.761 -6.77148407439593 
138.59789276 26.36291757 20.761 -6.7714167681585 
140.75533515 27.63589334 20.761 -6.77134322457119 
142.91277755 28.90886911 20.761 -6.77126435909474 
145.07021994 30.18184488 20.761 -6.77118098204598 
147.22766234 31.45482065 20.761 -6.77109370610472 
149.38510473 32.72779642 20.761 -6.77100301739375 
151.54254713 34.00077219 20.761 -6.7709092233425 
99.78763781 0.94446589 20.761 -6.77116984685267 
101.9450802 2.21744166 20.761 -6.77125272647361 
104.1025226 3.49041744 20.761 -6.77133385648701 
106.25996499 4.76339321 20.761 -6.77141219020019 
108.41740739 6.03636898 20.761 -6.77148653932816 
110.57484978 7.30934475 20.761 -6.77155564942945 
112.73229218 8.58232052 20.761 -6.77161808422244 
114.88973457 9.85529629 20.761 -6.77167238243654 
117.04717697 11.12827206 20.761 -6.771717037856 
119.20461936 12.40124783 20.761 -6.77175073768224 
121.36206176 13.6742236 20.761 -6.7717724126458 
123.51950415 14.94719937 20.761 -6.7717814225893 
125.67694655 16.22017514 20.761 -6.77177739063189 
127.83438894 17.49315091 20.761 -6.77176039553447 
129.99183134 18.76612668 20.761 -6.77173088745318 
132.14927373 20.03910245 20.761 -6.77168977212812 
134.30671613 21.31207822 20.761 -6.77163817363371 
136.46415852 22.58505399 20.761 -6.77157743140347 
138.62160092 23.85802976 20.761 -6.77150884975901 
140.77904331 25.13100553 20.761 -6.77143371941493 
142.93648571 26.4039813 20.761 -6.77135310267556 
145.0939281 27.67695708 20.761 -6.77126793104791 
147.2513705 28.94993285 20.761 -6.77117883443029 
149.40881289 30.22290862 20.761 -6.771086273131 
104.12623076 0.98552963 20.761 -6.77134850357314 
106.28367315 2.2585054 20.761 -6.77143103725538 
108.44111555 3.53148117 20.761 -6.77151055899893 
110.59855794 4.80445694 20.761 -6.77158576456914 
112.75600034 6.07743271 20.761 -6.7716551768635 
114.91344273 7.35040848 20.761 -6.77171713920273 
117.07088513 8.62338425 20.761 -6.77176991291569 
119.22832752 9.89636002 20.761 -6.77181179525732 
121.38576992 11.16933579 20.761 -6.77184132864497 
123.54321231 12.44231156 20.761 -6.77185743958074 
125.70065471 13.71528733 20.761 -6.77185947134167 
127.8580971 14.9882631 20.761 -6.77184721952387 
130.0155395 16.26123888 20.761 -6.77182107143545 
132.17298189 17.53421465 20.761 -6.77178192035463 
134.33042429 18.80719042 20.761 -6.77173108584513 
136.48786668 20.08016619 20.761 -6.77167010144799 
138.64530908 21.35314196 20.761 -6.77160057862361 
140.80275147 22.62611773 20.761 -6.77152402445085 
142.96019387 23.8990935 20.761 -6.77144177685846 
145.11763626 25.17206927 20.761 -6.77135488278587 
147.27507866 26.44504504 20.761 -6.77126409168132 
108.4648237 1.02659336 20.761 -6.77152488733501 
110.6222661 2.29956913 20.761 -6.77160558001364 
112.77970849 3.5725449 20.761 -6.77168151248338 
114.93715089 4.84552067 20.761 -6.77175091310552 
117.09459328 6.11849645 20.761 -6.77181187733859 
119.25203568 7.39147222 20.761 -6.77186237099795 
121.40947807 8.66444799 20.761 -6.77190053310541 
123.56692047 9.93742376 20.761 -6.77192480437399 
125.72436286 11.21039953 20.761 -6.77193412381222 
127.88180526 12.4833753 20.761 -6.77192793554013 
130.03924765 13.75635107 20.761 -6.77190640771762 
132.19669005 15.02932684 20.761 -6.7718703582843 
134.35413244 16.30230261 20.761 -6.77182121054278 
136.51157484 17.57527838 20.761 -6.77176069808301 
138.66901723 18.84825415 20.761 -6.77169072660806 
140.82645963 20.12122992 20.761 -6.77161308693372 
142.98390202 21.39420569 20.761 -6.77152939041676 
145.14134442 22.66718146 20.761 -6.77144089353046 
112.80341665 1.0676571 20.761 -6.77169642824342 
114.96085905 2.34063287 20.761 -6.77177267612223 
117.11830144 3.61360864 20.761 -6.7718414773511 
119.27574384 4.88658441 20.761 -6.77190059470693 
121.43318623 6.15956018 20.761 -6.7719477895328 
123.59062863 7.43253595 20.761 -6.77198102755453 
125.74807102 8.70551172 20.761 -6.77199875763198 
127.90551342 9.97848749 20.761 -6.77199995832933 
130.06295581 11.25146326 20.761 -6.77198443035204 
132.22039821 12.52443903 20.761 -6.77195280752754 
134.3778406 13.7974148 20.761 -6.77190651022854 
136.535283 15.07039057 20.761 -6.77184743820593 
138.69272539 16.34336634 20.761 -6.77177775433752 
140.85016779 17.61634211 20.761 -6.77169955505369 
143.00761018 18.88931789 20.761 -6.77161476051492 
117.1420096 1.10872083 20.761 -6.77185765521241 
119.29945199 2.3816966 20.761 -6.77192493299289 
121.45689439 3.65467237 20.761 -6.7719810823616 
123.61433678 4.92764814 20.761 -6.77202367817164 
125.77177918 6.20062391 20.761 -6.77205063179147 
127.92922157 7.47359969 20.761 -6.77206041475015 
130.08666397 8.74657546 20.761 -6.77205228304899 
132.24410636 10.01955123 20.761 -6.77202655719609 
134.40154876 11.292527 20.761 -6.77198449486791 
136.55899115 12.56550277 20.761 -6.77192809770107 
138.71643355 13.83847854 20.761 -6.77185970675106 
140.87387594 15.11145431 20.761 -6.77178174505472 
121.48060255 1.14978457 20.761 -6.77199884356903 
123.63804494 2.42276034 20.761 -6.77205067535333 
125.79548734 3.69573611 20.761 -6.77208721813981 
127.95292973 4.96871188 20.761 -6.77210643564633 
130.11037213 6.24168765 20.761 -6.77210696455104 
132.26781452 7.51466342 20.761 -6.77208861126677 
134.42525692 8.78763919 20.761 -6.77205232452833 
136.58269931 10.06061496 20.761 -6.77200006232174 
138.74014171 11.33359073 20.761 -6.77193428313278 
125.8191955 1.1908483 20.761 -6.77210645711581 
127.97663789 2.46382407 20.761 -6.77213548881248 
130.13408029 3.73679984 20.761 -6.77214560726629 
132.29152268 5.00977561 20.761 -6.77213594494568 
134.44896508 6.28275138 20.761 -6.77210698956585 
136.60640747 7.55572715 20.761 -6.77206047483356 
130.15778844 1.23191204 20.761 -6.77216576505944 
132.31523084 2.50488781 20.761 -6.77216582054553 
134.47267323 3.77786358 20.761 -6.77214561634316 
