66.14576134 112.10399528 17.5 -6.6479822596152 
68.32691189 113.33590731 17.5 -6.64798024751496 
70.50806245 114.56781935 17.5 -6.64791500391349 
63.94090263 108.36719543 17.5 -6.64779452540466 
66.12205318 109.59910747 17.5 -6.64789038158579 
68.30320374 110.8310195 17.5 -6.64791530495419 
70.48435429 112.06293154 17.5 -6.64787434948379 
72.66550484 113.29484358 17.5 -6.6477745643226 
74.8466554 114.52675561 17.5 -6.64762454957971 
61.73604392 104.63039559 17.5 -6.64743391936657 
63.91719447 105.86230763 17.5 -6.64762812852794 
66.09834502 107.09421966 17.5 -6.64774773196092 
68.27949558 108.3261317 17.5 -6.6477954054018 
70.46064613 109.55804373 17.5 -6.64777544406368 
72.64179668 110.78995577 17.5 -6.64769394442725 
74.82294724 112.02186781 17.5 -6.64755869037169 
77.00409779 113.25377984 17.5 -6.64737872749037 
79.18524834 114.48569188 17.5 -6.64716375527122 
59.53118521 100.89359575 17.5 -6.64692361587785 
61.71233576 102.12550778 17.5 -6.64721265509061 
63.89348631 103.35741982 17.5 -6.64742577373874 
66.07463687 104.58933186 17.5 -6.6475640821566 
68.25578742 105.82124389 17.5 -6.64762987735863 
70.43693797 107.05315593 17.5 -6.64762689604574 
72.61808853 108.28506796 17.5 -6.64756045340183 
74.79923908 109.51698 17.5 -6.64743752301609 
76.98038963 110.74889204 17.5 -6.64726646005513 
79.16154019 111.98080407 17.5 -6.64705647852136 
81.34269074 113.21271611 17.5 -6.64681727294004 
83.52384129 114.44462814 17.5 -6.64655848304059 
57.3263265 97.15679591 17.5 -6.6462893516639 
59.50747705 98.38870794 17.5 -6.64666789867207 
61.6886276 99.62061998 17.5 -6.64697061624672 
63.86977815 100.85253201 17.5 -6.64719750152697 
66.05092871 102.08444405 17.5 -6.64734950557241 
68.23207926 103.31635609 17.5 -6.64742867484392 
70.41322981 104.54826812 17.5 -6.64743828331229 
72.59438037 105.78018016 17.5 -6.6473830907792 
74.77553092 107.01209219 17.5 -6.6472693575501 
76.95668147 108.24400423 17.5 -6.64710470532694 
79.13783203 109.47591627 17.5 -6.64689782595461 
81.31898258 110.7078283 17.5 -6.64665806026743 
83.50013313 111.93974034 17.5 -6.64639496180002 
85.68128369 113.17165237 17.5 -6.64611788085793 
87.86243424 114.40356441 17.5 -6.64583576187291 
55.12146778 93.41999606 17.5 -6.64555685624106 
57.30261834 94.6519081 17.5 -6.64601850752265 
59.48376889 95.88382013 17.5 -6.64640562784557 
61.66491944 97.11573217 17.5 -6.64671717409069 
63.84607 98.34764421 17.5 -6.64695301204984 
66.02722055 99.57955624 17.5 -6.6471139466229 
68.2083711 100.81146828 17.5 -6.64720180633438 
70.38952166 102.04338031 17.5 -6.6472195670559 
72.57067221 103.27529235 17.5 -6.64717153872667 
74.75182276 104.50720439 17.5 -6.64706340254284 
76.93297332 105.73911642 17.5 -6.64690214232948 
79.11412387 106.97102846 17.5 -6.64669588382389 
81.29527442 108.20294049 17.5 -6.64645355544404 
83.47642497 109.43485253 17.5 -6.64618446429058 
85.65757553 110.66676457 17.5 -6.64589798617573 
87.83872608 111.8986766 17.5 -6.64560323831398 
90.01987663 113.13058864 17.5 -6.64530879759579 
92.20102719 114.36250067 17.5 -6.64502258787089 
52.91660907 89.68319622 17.5 -6.64475178131479 
55.09775963 90.91510826 17.5 -6.64528863927794 
57.27891018 92.14702029 17.5 -6.6457538105798 
59.46006073 93.37893233 17.5 -6.64614503028713 
61.64121129 94.61084436 17.5 -6.64646098917636 
63.82236184 95.8427564 17.5 -6.64670136450826 
66.00351239 97.07466844 17.5 -6.64686680857062 
68.18466294 98.30658047 17.5 -6.6469589525065 
70.3658135 99.53849251 17.5 -6.64698056149247 
72.54696405 100.77040454 17.5 -6.64693559777154 
74.7281146 102.00231658 17.5 -6.64682926729925 
76.90926516 103.23422862 17.5 -6.64666803915447 
79.09041571 104.46614065 17.5 -6.64645951493597 
81.27156626 105.69805269 17.5 -6.64621216180673 
83.45271682 106.92996472 17.5 -6.64593500218621 
85.63386737 108.16187676 17.5 -6.64563731315788 
87.81501792 109.3937888 17.5 -6.64532827916411 
89.99616848 110.62570083 17.5 -6.64501671881546 
92.17731903 111.85761287 17.5 -6.64471096069639 
94.35846958 113.0895249 17.5 -6.64441862100358 
96.53962014 114.32143694 17.5 -6.64414654770425 
50.71175036 85.94639638 17.5 -6.64390081728658 
52.89290091 87.17830841 17.5 -6.64450268573299 
55.07405147 88.41022045 17.5 -6.64503775688283 
57.25520202 89.64213249 17.5 -6.64550225702601 
59.43635257 90.87404452 17.5 -6.64589348208718 
61.61750313 92.10595656 17.5 -6.64620984942006 
63.79865368 93.33786859 17.5 -6.64645078950464 
65.97980423 94.56978063 17.5 -6.64661673597416 
68.16095479 95.80169267 17.5 -6.64670916170465 
70.34210534 97.0336047 17.5 -6.64673061075416 
72.52325589 98.26551674 17.5 -6.64668478743779 
74.70440645 99.49742877 17.5 -6.64657652343685 
76.885557 100.72934081 17.5 -6.64641187652041 
79.06670755 101.96125285 17.5 -6.64619797832502 
81.24785811 103.19316488 17.5 -6.6459428491311 
83.42900866 104.42507692 17.5 -6.64565522724896 
85.61015921 105.65698895 17.5 -6.64534420884991 
87.79130976 106.88890099 17.5 -6.6450189590678 
89.97246032 108.12081303 17.5 -6.64468848279749 
92.15361087 109.35272506 17.5 -6.64436138888059 
94.33476142 110.5846371 17.5 -6.64404572655894 
96.51591198 111.81654913 17.5 -6.64374885069828 
98.69706253 113.04846117 17.5 -6.64347739233723 
100.87821308 114.28037321 17.5 -6.64323713273009 
48.50689165 82.20959654 17.5 -6.64303301740432 
50.6880422 83.44150857 17.5 -6.64368661729508 
52.86919276 84.67342061 17.5 -6.64428077691202 
55.05034331 85.90533264 17.5 -6.6448099790641 
57.23149386 87.13724468 17.5 -6.64526991754555 
59.41264442 88.36915672 17.5 -6.64565746192926 
61.59379497 89.60106875 17.5 -6.64597063094472 
63.77494552 90.83298079 17.5 -6.64620858276341 
65.95609608 92.06489282 17.5 -6.64637148645205 
68.13724663 93.29680486 17.5 -6.64646061515321 
70.31839718 94.5287169 17.5 -6.6464783283062 
72.49954773 95.76062893 17.5 -6.64642804498661 
74.68069829 96.99254097 17.5 -6.6463143469863 
76.86184884 98.224453 17.5 -6.64614292879927 
79.04299939 99.45636504 17.5 -6.64592051686963 
81.22414995 100.68827708 17.5 -6.64565478368492 
83.4053005 101.92018911 17.5 -6.64535413676132 
85.58645105 103.15210115 17.5 -6.64502747053124 
87.76760161 104.38401318 17.5 -6.64468389101311 
89.94875216 105.61592522 17.5 -6.64433250372868 
92.12990271 106.84783726 17.5 -6.64398215472692 
94.31105327 108.07974929 17.5 -6.64364122589139 
96.49220382 109.31166133 17.5 -6.64331757683305 
98.67335437 110.54357336 17.5 -6.64301834425768 
100.85450493 111.7754854 17.5 -6.64274989521885 
103.03565548 113.00739743 17.5 -6.64251780292728 
105.21680603 114.23930947 17.5 -6.6423267405697 
46.30203294 78.47279669 17.5 -6.64218045411097 
48.48318349 79.70470873 17.5 -6.64286909976213 
50.66433404 80.93662076 17.5 -6.64350827795041 
52.8454846 82.1685328 17.5 -6.64409066472865 
55.02663515 83.40044484 17.5 -6.64461019504282 
57.2077857 84.63235687 17.5 -6.64506200677584 
59.38893626 85.86426891 17.5 -6.64544249395079 
61.57008681 87.09618094 17.5 -6.64574927002317 
63.75123736 88.32809298 17.5 -6.64598108935136 
65.93238792 89.56000502 17.5 -6.64613785649737 
68.11353847 90.79191705 17.5 -6.64622060193765 
70.29468902 92.02382909 17.5 -6.64623142936904 
72.47583958 93.25574112 17.5 -6.64617354671627 
74.65699013 94.48765316 17.5 -6.64605127024666 
76.83814068 95.7195652 17.5 -6.64586999683924 
79.01929124 96.95147723 17.5 -6.64563612494825 
81.20044179 98.18338927 17.5 -6.64535701590059 
83.38159234 99.4153013 17.5 -6.64504078367087 
85.5627429 100.64721334 17.5 -6.6446960966591 
87.74389345 101.87912538 17.5 -6.64433199172433 
89.925044 103.11103741 17.5 -6.64395761623762 
92.10619455 104.34294945 17.5 -6.64358197549495 
94.28734511 105.57486148 17.5 -6.64321378128868 
96.46849566 106.80677352 17.5 -6.64286129211078 
98.64964621 108.03868556 17.5 -6.64253214129609 
100.83079677 109.27059759 17.5 -6.64223327024361 
103.01194732 110.50250963 17.5 -6.64197086835823 
105.19309787 111.73442166 17.5 -6.64175022163095 
107.37424843 112.9663337 17.5 -6.64157573350556 
109.55539898 114.19824574 17.5 -6.64145085546453 
44.09717423 74.73599685 17.5 -6.64137797027873 
46.27832478 75.96790889 17.5 -6.64208173978262 
48.45947533 77.19982092 17.5 -6.64274848676484 
50.64062589 78.43173296 17.5 -6.64336921690154 
52.82177644 79.66364499 17.5 -6.64393607335942 
55.00292699 80.89555703 17.5 -6.64444241730209 
57.18407755 82.12746907 17.5 -6.6448828440875 
59.3652281 83.3593811 17.5 -6.64525324450489 
61.54637865 84.59129314 17.5 -6.64555076002592 
63.72752921 85.82320517 17.5 -6.64577372708012 
65.90867976 87.05511721 17.5 -6.64592170604779 
68.08983031 88.28702925 17.5 -6.64599542986997 
70.27098087 89.51894128 17.5 -6.64599672341455 
72.45213142 90.75085332 17.5 -6.64592856670249 
74.63328197 91.98276535 17.5 -6.64579502495682 
76.81443252 93.21467739 17.5 -6.64560120703818 
78.99558308 94.44658943 17.5 -6.64535324925503 
81.17673363 95.67850146 17.5 -6.64505822591394 
83.35788418 96.9104135 17.5 -6.64472398816753 
85.53903474 98.14232553 17.5 -6.64435901491997 
87.72018529 99.37423757 17.5 -6.64397224634564 
89.90133584 100.60614961 17.5 -6.6435728133803 
92.0824864 101.83806164 17.5 -6.64316986343052 
94.26363695 103.06997368 17.5 -6.64277238488362 
96.4447875 104.30188571 17.5 -6.64238898302785 
98.62593806 105.53379775 17.5 -6.64202775321693 
100.80708861 106.76570979 17.5 -6.64169620063456 
102.98823916 107.99762182 17.5 -6.641401067897 
105.16938972 109.22953386 17.5 -6.64114830129992 
107.35054027 110.46144589 17.5 -6.64094295589922 
109.53169082 111.69335793 17.5 -6.64078912886526 
111.71284138 112.92526997 17.5 -6.64068988316974 
113.89399193 114.157182 17.5 -6.64064720667097 
41.89231552 70.99919701 17.5 -6.64066201403165 
44.07346607 72.23110904 17.5 -6.64135844688076 
46.25461662 73.46302108 17.5 -6.64203236071838 
48.43576718 74.69493312 17.5 -6.64267334459585 
50.61691773 75.92684515 17.5 -6.64327194089505 
52.79806828 77.15875719 17.5 -6.64381982187165 
54.97921883 78.39066922 17.5 -6.64430977753924 
57.16036939 79.62258126 17.5 -6.64473587777066 
59.34151994 80.8544933 17.5 -6.64509348998855 
61.52267049 82.08640533 17.5 -6.64537921711938 
63.70382105 83.31831737 17.5 -6.64559098511303 
65.8849716 84.5502294 17.5 -6.64572794920871 
68.06612215 85.78214144 17.5 -6.64579046600531 
70.24727271 87.01405348 17.5 -6.64578007782421 
72.42842326 88.24596551 17.5 -6.64569947556292 
74.60957381 89.47787755 17.5 -6.64555246443376 
76.79072437 90.70978958 17.5 -6.64534389185328 
78.97187492 91.94170162 17.5 -6.64507964683836 
81.15302547 93.17361366 17.5 -6.6447665406006 
83.33417603 94.40552569 17.5 -6.6444121753521 
85.51532658 95.63743773 17.5 -6.64402488664537 
87.69647713 96.86934976 17.5 -6.64361347833933 
89.87762769 98.1012618 17.5 -6.64318706935511 
92.05877824 99.33317384 17.5 -6.64275491853864 
94.23992879 100.56508587 17.5 -6.64232621575998 
96.42107934 101.79699791 17.5 -6.64190989663074 
98.6022299 103.02890994 17.5 -6.64151448707345 
100.78338045 104.26082198 17.5 -6.64114800001967 
102.964531 105.49273402 17.5 -6.64081775113165 
105.14568156 106.72464605 17.5 -6.64053029592467 
107.32683211 107.95655809 17.5 -6.64029136877191 
109.50798266 109.18847012 17.5 -6.64010570635806 
111.68913322 110.42038216 17.5 -6.63997705812181 
113.87028377 111.6522942 17.5 -6.6399081105883 
116.05143432 112.88420623 17.5 -6.63990038085998 
118.23258488 114.11611827 17.5 -6.63995423932909 
39.6874568 67.26239717 17.5 -6.64006875841358 
41.86860736 68.4943092 17.5 -6.64073400073044 
44.04975791 69.72622124 17.5 -6.6413925241545 
46.23090846 70.95813327 17.5 -6.64203301929152 
48.41205902 72.19004531 17.5 -6.64264478457442 
50.59320957 73.42195735 17.5 -6.64321799221956 
52.77436012 74.65386938 17.5 -6.64374379404415 
54.95551068 75.88578142 17.5 -6.64421450954288 
57.13666123 77.11769345 17.5 -6.64462367409524 
59.31781178 78.34960549 17.5 -6.64496610326391 
61.49896234 79.58151753 17.5 -6.64523789848845 
63.68011289 80.81342956 17.5 -6.64543648966622 
65.86126344 82.0453416 17.5 -6.64556059987174 
68.042414 83.27725363 17.5 -6.64561017711901 
70.22356455 84.50916567 17.5 -6.6455864180146 
72.4047151 85.74107771 17.5 -6.64549171558654 
74.58586566 86.97298974 17.5 -6.64532954682655 
76.76701621 88.20490178 17.5 -6.64510452618357 
78.94816676 89.43681381 17.5 -6.64482227993182 
81.12931731 90.66872585 17.5 -6.64448936077429 
83.31046787 91.90063788 17.5 -6.64411317998604 
85.49161842 93.13254992 17.5 -6.64370188413028 
87.67276897 94.36446196 17.5 -6.64326416366947 
89.85391953 95.59637399 17.5 -6.64280912025857 
92.03507008 96.82828603 17.5 -6.6423460942588 
94.21622063 98.06019806 17.5 -6.64188443691242 
96.39737119 99.2921101 17.5 -6.6414333663843 
98.57852174 100.52402214 17.5 -6.6410018222296 
100.75967229 101.75593417 17.5 -6.64059827352163 
102.94082285 102.98784621 17.5 -6.64023058694111 
105.1219734 104.21975824 17.5 -6.63990594945494 
107.30312395 105.45167028 17.5 -6.63963071092551 
109.48427451 106.68358232 17.5 -6.63941029517418 
111.66542506 107.91549435 17.5 -6.63924915005066 
113.84657561 109.14740639 17.5 -6.63915063009452 
116.02772617 110.37931842 17.5 -6.63911693583838 
118.20887672 111.61123046 17.5 -6.63914908510533 
120.39002727 112.8431425 17.5 -6.63924680052512 
122.57117782 114.07505453 17.5 -6.63940832849806 
37.48259809 63.52559732 17.5 -6.63963051654533 
39.66374865 64.75750936 17.5 -6.64024160593701 
41.8448992 65.98942139 17.5 -6.64086165132599 
44.02604975 67.22133343 17.5 -6.64147930593839 
46.20720031 68.45324547 17.5 -6.64208334304987 
48.38835086 69.6851575 17.5 -6.64266292752587 
50.56950141 70.91706954 17.5 -6.64320787799653 
52.75065197 72.14898157 17.5 -6.643708933125 
54.93180252 73.38089361 17.5 -6.64415792630482 
57.11295307 74.61280565 17.5 -6.64454789945519 
59.29410362 75.84471768 17.5 -6.64487311718405 
61.47525418 77.07662972 17.5 -6.64512917113589 
63.65640473 78.30854175 17.5 -6.64531299344649 
65.83755528 79.54045379 17.5 -6.64542279908937 
68.01870584 80.77236583 17.5 -6.64545812809886 
70.19985639 82.00427786 17.5 -6.64541979131443 
72.38100694 83.2361899 17.5 -6.64530979671477 
74.5621575 84.46810193 17.5 -6.6451313269466 
76.74330805 85.70001397 17.5 -6.6448886976206 
78.9244586 86.93192601 17.5 -6.64458726267357 
81.10560916 88.16383804 17.5 -6.64423332484071 
83.28675971 89.39575008 17.5 -6.64383411079423 
85.46791026 90.62766211 17.5 -6.64339757170444 
87.64906082 91.85957415 17.5 -6.64293228192869 
89.83021137 93.09148619 17.5 -6.64244732260397 
92.01136192 94.32339822 17.5 -6.64195206316395 
94.19251248 95.55531026 17.5 -6.64145601217943 
96.37366303 96.78722229 17.5 -6.64096863965847 
98.55481358 98.01913433 17.5 -6.64049923961137 
100.73596413 99.25104637 17.5 -6.64005670866208 
102.91711469 100.4829584 17.5 -6.6396494501321 
105.09826524 101.71487044 17.5 -6.6392852515008 
107.27941579 102.94678247 17.5 -6.63897107803392 
109.46056635 104.17869451 17.5 -6.63871304176027 
111.6417169 105.41060655 17.5 -6.63851628581815 
113.82286745 106.64251858 17.5 -6.63838484269065 
116.00401801 107.87443062 17.5 -6.63832163120062 
118.18516856 109.10634265 17.5 -6.63832835501093 
120.36631911 110.33825469 17.5 -6.63840536899968 
122.54746967 111.57016673 17.5 -6.63855155567085 
124.72862022 112.80207876 17.5 -6.63876432046058 
126.90977077 114.0339908 17.5 -6.63903961762379 
35.27773938 59.78879748 17.5 -6.63937199202055 
37.45888993 61.02070952 17.5 -6.63990881828773 
39.64004049 62.25262155 17.5 -6.64046910570361 
41.82119104 63.48453359 17.5 -6.64104208130497 
44.00234159 64.71644562 17.5 -6.64161667859025 
46.18349215 65.94835766 17.5 -6.64218185122085 
48.3646427 67.1802697 17.5 -6.64272678780038 
50.54579325 68.41218173 17.5 -6.64324109133306 
52.72694381 69.64409377 17.5 -6.64371515586325 
54.90809436 70.8760058 17.5 -6.64414038064523 
57.08924491 72.10791784 17.5 -6.6445092911963 
59.27039547 73.33982988 17.5 -6.64481565327105 
61.45154602 74.57174191 17.5 -6.64505454034736 
63.63269657 75.80365395 17.5 -6.64522236242692 
65.81384713 77.03556598 17.5 -6.64531683223697 
67.99499768 78.26747802 17.5 -6.64533703860638 
70.17614823 79.49939006 17.5 -6.64528334940217 
72.35729879 80.73130209 17.5 -6.64515737498844 
74.53844934 81.96321413 17.5 -6.64496196302247 
76.71959989 83.19512616 17.5 -6.64470110210658 
78.90075044 84.4270382 17.5 -6.6443798412444 
81.081901 85.65895024 17.5 -6.64400425006282 
83.26305155 86.89086227 17.5 -6.6435813085819 
85.4442021 88.12277431 17.5 -6.64311880167059 
87.62535266 89.35468634 17.5 -6.64262517981574 
89.80650321 90.58659838 17.5 -6.64210947098463 
91.98765376 91.81851042 17.5 -6.64158105987801 
94.16880432 93.05042245 17.5 -6.6410495622388 
96.34995487 94.28233449 17.5 -6.64052470525847 
98.53110542 95.51424652 17.5 -6.64001605377887 
100.71225598 96.74615856 17.5 -6.63953293009624 
102.89340653 97.9780706 17.5 -6.63908424733525 
105.07455708 99.20998263 17.5 -6.63867832125994 
107.25570764 100.44189467 17.5 -6.63832277247258 
109.43685819 101.6738067 17.5 -6.63802438154973 
111.61800874 102.90571874 17.5 -6.63778897479501 
113.7991593 104.13763078 17.5 -6.63762130206716 
115.98030985 105.36954281 17.5 -6.63752498663989 
118.1614604 106.60145485 17.5 -6.63750244921338 
120.34261096 107.83336688 17.5 -6.637554718618 
122.52376151 109.06527892 17.5 -6.63768134300658 
124.70491206 110.29719096 17.5 -6.6378803378849 
126.88606261 111.52910299 17.5 -6.63814814629733 
129.06721317 112.76101503 17.5 -6.63847980504546 
131.24836372 113.99292706 17.5 -6.63886897453952 
33.07288067 56.05199764 17.5 -6.63930806834129 
35.25403122 57.28390967 17.5 -6.63975475576039 
37.43518178 58.51582171 17.5 -6.64023738822583 
39.61633233 59.74773375 17.5 -6.64074627579885 
41.79748288 60.97964578 17.5 -6.64127111471768 
43.97863344 62.21155782 17.5 -6.64180124809403 
46.15978399 63.44346985 17.5 -6.64232587991206 
48.34093454 64.67538189 17.5 -6.64283429942168 
50.5220851 65.90729393 17.5 -6.6433160892134 
52.70323565 67.13920596 17.5 -6.64376139312865 
54.8843862 68.371118 17.5 -6.64416122634556 
57.06553676 69.60303003 17.5 -6.64450763989357 
59.24668731 70.83494207 17.5 -6.64479391377635 
61.42783786 72.06685411 17.5 -6.64501461757636 
63.60898841 73.29876614 17.5 -6.64516560385513 
65.79013897 74.53067818 17.5 -6.64524411637918 
67.97128952 75.76259021 17.5 -6.64524874286688 
70.15244007 76.99450225 17.5 -6.64517937764979 
72.33359063 78.22641429 17.5 -6.64503722500055 
74.51474118 79.45832632 17.5 -6.6448247369071 
76.69589173 80.69023836 17.5 -6.64454554509514 
78.87704229 81.92215039 17.5 -6.64420438356606 
81.05819284 83.15406243 17.5 -6.64380704860161 
83.23934339 84.38597447 17.5 -6.64336027975447 
85.42049395 85.6178865 17.5 -6.64287163553607 
87.6016445 86.84979854 17.5 -6.64234946811728 
89.78279505 88.08171057 17.5 -6.64180269747728 
91.96394561 89.31362261 17.5 -6.64124070669549 
94.14509616 90.54553465 17.5 -6.64067322850016 
96.32624671 91.77744668 17.5 -6.64011012583668 
98.50739727 93.00935872 17.5 -6.63956126352127 
100.68854782 94.24127075 17.5 -6.63903633032247 
102.86969837 95.47318279 17.5 -6.63854470318117 
105.05084892 96.70509483 17.5 -6.63809523474783 
107.23199948 97.93700686 17.5 -6.63769613824581 
109.41315003 99.1689189 17.5 -6.63735488081289 
111.59430058 100.40083093 17.5 -6.63707795318029 
113.77545114 101.63274297 17.5 -6.63687084038545 
115.95660169 102.86465501 17.5 -6.63673790578244 
118.13775224 104.09656704 17.5 -6.63668224714276 
120.3189028 105.32847908 17.5 -6.63670565288714 
122.50005335 106.56039111 17.5 -6.63680836587933 
124.6812039 107.79230315 17.5 -6.63698901167336 
126.86235446 109.02421519 17.5 -6.63724463685059 
129.04350501 110.25612722 17.5 -6.63757075037636 
131.22465556 111.48803926 17.5 -6.63796143103589 
133.40580612 112.71995129 17.5 -6.6384093931307 
135.58695667 113.95186333 17.5 -6.63890623959998 
30.86802196 52.3151978 17.5 -6.63944256723099 
33.04917251 53.54710983 17.5 -6.63978847178055 
35.23032307 54.77902187 17.5 -6.64018006639643 
37.41147362 56.0109339 17.5 -6.6406092059824 
39.59262417 57.24284594 17.5 -6.64106687799112 
41.77377472 58.47475798 17.5 -6.64154334232424 
43.95492528 59.70667001 17.5 -6.642028377229 
46.13607583 60.93858205 17.5 -6.64251153399154 
48.31722638 62.17049408 17.5 -6.64298226565258 
50.49837694 63.40240612 17.5 -6.64343023516267 
52.67952749 64.63431816 17.5 -6.64384552354347 
54.86067804 65.86623019 17.5 -6.6442188034506 
57.0418286 67.09814223 17.5 -6.64454174070101 
59.22297915 68.33005426 17.5 -6.64480714289323 
61.4041297 69.5619663 17.5 -6.64500904973433 
63.58528026 70.79387833 17.5 -6.64514281957548 
65.76643081 72.02579037 17.5 -6.64520517266253 
67.94758136 73.25770241 17.5 -6.64519419316991 
70.12873192 74.48961444 17.5 -6.64510928994381 
72.30988247 75.72152648 17.5 -6.64495123064461 
74.49103302 76.95343851 17.5 -6.64472204045373 
76.67218358 78.18535055 17.5 -6.64442494874406 
78.85333413 79.41726259 17.5 -6.64406436358856 
81.03448468 80.64917462 17.5 -6.64364577437407 
83.21563523 81.88108666 17.5 -6.64317563213716 
85.39678579 83.11299869 17.5 -6.64266129922943 
87.57793634 84.34491073 17.5 -6.64211094275286 
89.75908689 85.57682277 17.5 -6.64153337482127 
91.94023745 86.8087348 17.5 -6.64093795810146 
94.121388 88.04064684 17.5 -6.64033447411872 
96.30253855 89.27255887 17.5 -6.63973291536858 
98.48368911 90.50447091 17.5 -6.63914337753074 
100.66483966 91.73638295 17.5 -6.63857590479749 
102.84599021 92.96829498 17.5 -6.63804026391254 
105.02714077 94.20020702 17.5 -6.63754582609124 
107.20829132 95.43211905 17.5 -6.63710140241003 
109.38944187 96.66403109 17.5 -6.63671506966332 
111.57059243 97.89594313 17.5 -6.63639402209669 
113.75174298 99.12785516 17.5 -6.63614447709532 
115.93289353 100.3597672 17.5 -6.63597151623807 
118.11404409 101.59167923 17.5 -6.63587898861296 
120.29519464 102.82359127 17.5 -6.63586941515051 
122.47634519 104.05550331 17.5 -6.63594378874269 
124.65749575 105.28741534 17.5 -6.63610140359261 
126.8386463 106.51932738 17.5 -6.63633993315206 
129.01979685 107.75123941 17.5 -6.63665544379109 
131.2009474 108.98315145 17.5 -6.63704243283651 
133.38209796 110.21506349 17.5 -6.63749400648337 
135.56324851 111.44697552 17.5 -6.63800201616856 
137.74439906 112.67888756 17.5 -6.63855719705787 
139.92554962 113.91079959 17.5 -6.63914942255037 
28.66316325 48.57839795 17.5 -6.63976792461236 
30.8443138 49.81030999 17.5 -6.64000819957564 
33.02546435 51.04222202 17.5 -6.6403006781479 
35.20661491 52.27413406 17.5 -6.64063912615968 
37.38776546 53.5060461 17.5 -6.64101621548914 
39.56891601 54.73795813 17.5 -6.64142361107893 
41.75006657 55.96987017 17.5 -6.64185219657916 
43.93121712 57.2017822 17.5 -6.64229227081137 
46.11236767 58.43369424 17.5 -6.64273373658453 
48.29351823 59.66560628 17.5 -6.64316632207992 
50.47466878 60.89751831 17.5 -6.6435798402913 
52.65581933 62.12943035 17.5 -6.64396436635528 
54.83696989 63.36134238 17.5 -6.6443104517438 
57.01812044 64.59325442 17.5 -6.64460940075575 
59.19927099 65.82516646 17.5 -6.64485358886424 
61.38042155 67.05707849 17.5 -6.64503654906733 
63.5615721 68.28899053 17.5 -6.64515315021473 
65.74272265 69.52090256 17.5 -6.64519959507235 
67.9238732 70.7528146 17.5 -6.64517343431046 
70.10502376 71.98472664 17.5 -6.64507359877048 
72.28617431 73.21663867 17.5 -6.64490037749999 
74.46732486 74.44855071 17.5 -6.64465534335261 
76.64847542 75.68046274 17.5 -6.64434131958605 
78.82962597 76.91237478 17.5 -6.64396234625668 
81.01077652 78.14428682 17.5 -6.64352354819906 
83.19192708 79.37619885 17.5 -6.64303108826157 
85.37307763 80.60811089 17.5 -6.64249209788412 
87.55422818 81.84002292 17.5 -6.64191452301369 
89.73537874 83.07193496 17.5 -6.64130703536118 
91.91652929 84.303847 17.5 -6.64067894794376 
94.09767984 85.53575903 17.5 -6.64004002992538 
96.2788304 86.76767107 17.5 -6.63940038127392 
98.45998095 87.9995831 17.5 -6.63877029629483 
100.6411315 89.23149514 17.5 -6.63816008503507 
102.82228206 90.46340718 17.5 -6.6375798927427 
105.00343261 91.69531921 17.5 -6.63703956014339 
107.18458316 92.92723125 17.5 -6.63654846358248 
109.36573371 94.15914328 17.5 -6.63611527266564 
111.54688427 95.39105532 17.5 -6.63574787143945 
113.72803482 96.62296736 17.5 -6.63545319568372 
115.90918537 97.85487939 17.5 -6.63523704781842 
118.09033593 99.08679143 17.5 -6.63510405348819 
120.27148648 100.31870346 17.5 -6.63505750557905 
122.45263703 101.5506155 17.5 -6.63509913565678 
124.63378759 102.78252754 17.5 -6.63522898809462 
126.81493814 104.01443957 17.5 -6.6354454127215 
128.99608869 105.24635161 17.5 -6.63574505638343 
131.17723925 106.47826364 17.5 -6.63612293148921 
133.3583898 107.71017568 17.5 -6.63657256458432 
135.53954035 108.94208772 17.5 -6.63708610261001 
137.72069091 110.17399975 17.5 -6.63765448092865 
139.90184146 111.40591179 17.5 -6.63826769177303 
142.08299201 112.63782382 17.5 -6.63891492774895 
144.26414257 113.86973586 17.5 -6.6395848477661 
26.45830454 44.84159811 17.5 -6.6402658461743 
28.63945509 46.07351015 17.5 -6.64040148731498 
30.82060564 47.30542218 17.5 -6.64059241815393 
33.0017562 48.53733422 17.5 -6.64083451016485 
35.18290675 49.76924625 17.5 -6.64112238432436 
37.3640573 51.00115829 17.5 -6.64144949065455 
39.54520786 52.23307033 17.5 -6.64180822651621 
41.72635841 53.46498236 17.5 -6.64219012640321 
43.90750896 54.6968944 17.5 -6.64258605197082 
46.08865951 55.92880643 17.5 -6.64298631940834 
48.26981007 57.16071847 17.5 -6.64338099110709 
50.45096062 58.39263051 17.5 -6.64376008254042 
52.63211117 59.62454254 17.5 -6.6441137282496 
54.81326173 60.85645458 17.5 -6.64443246581612 
56.99441228 62.08836661 17.5 -6.64470740934122 
59.17556283 63.32027865 17.5 -6.6449305064555 
61.35671339 64.55219069 17.5 -6.64509484651822 
63.53786394 65.78410272 17.5 -6.6451947875709 
65.71901449 67.01601476 17.5 -6.64522601984265 
67.90016505 68.24792679 17.5 -6.64518557355507 
70.0813156 69.47983883 17.5 -6.64507188304608 
72.26246615 70.71175087 17.5 -6.64488473695963 
74.44361671 71.9436629 17.5 -6.64462521686365 
76.62476726 73.17557494 17.5 -6.64429575394681 
78.80591781 74.40748697 17.5 -6.64389995003104 
80.98706837 75.63939901 17.5 -6.64344256253051 
83.16821892 76.87131105 17.5 -6.64292943893514 
85.34936947 78.10322308 17.5 -6.64236740919412 
87.53052002 79.33513512 17.5 -6.64176419620148 
89.71167058 80.56704715 17.5 -6.64112829706258 
91.89282113 81.79895919 17.5 -6.64046891779816 
94.07397168 83.03087123 17.5 -6.63979578397052 
96.25512224 84.26278326 17.5 -6.63911903697613 
98.43627279 85.4946953 17.5 -6.63844914021647 
100.61742334 86.72660733 17.5 -6.637796602082 
102.7985739 87.95851937 17.5 -6.63717191333026 
104.97972445 89.19043141 17.5 -6.63658535376628 
107.160875 90.42234344 17.5 -6.63604675935153 
109.34202556 91.65425548 17.5 -6.6355654289403 
111.52317611 92.88616751 17.5 -6.63514989366844 
113.70432666 94.11807955 17.5 -6.63480778159536 
115.88547722 95.34999159 17.5 -6.63454564448594 
118.06662777 96.58190362 17.5 -6.63436886163411 
120.24777832 97.81381566 17.5 -6.63428152135231 
122.42892888 99.04572769 17.5 -6.63428613939758 
124.61007943 100.27763973 17.5 -6.63438354809221 
126.79122998 101.50955177 17.5 -6.63457282624956 
128.97238054 102.7414638 17.5 -6.63485123815848 
131.15353109 103.97337584 17.5 -6.63521440211364 
133.33468164 105.20528787 17.5 -6.63565630665779 
135.51583219 106.43719991 17.5 -6.63616945028135 
137.69698275 107.66911195 17.5 -6.63674505110333 
139.8781333 108.90102398 17.5 -6.63737322535872 
142.05928385 110.13293602 17.5 -6.63804321275129 
144.24043441 111.36484805 17.5 -6.63874359732765 
146.42158496 112.59676009 17.5 -6.63946260344322 
148.60273551 113.82867213 17.5 -6.64018828811544 
24.25344582 41.10479827 17.5 -6.64090882748059 
26.43459638 42.3367103 17.5 -6.64094626976531 
28.61574693 43.56862234 17.5 -6.64103872741167 
30.79689748 44.80053438 17.5 -6.64118419573067 
32.97804804 46.03244641 17.5 -6.6413793658481 
35.15919859 47.26435845 17.5 -6.64161971076253 
37.34034914 48.49627048 17.5 -6.64189944097668 
39.5214997 49.72818252 17.5 -6.64221171308191 
41.70265025 50.96009456 17.5 -6.64254875040544 
43.8838008 52.19200659 17.5 -6.64290194919636 
46.06495136 53.42391863 17.5 -6.64326214906243 
48.24610191 54.65583066 17.5 -6.6436197792813 
50.42725246 55.8877427 17.5 -6.6439650978961 
52.60840302 57.11965474 17.5 -6.64428838448985 
54.78955357 58.35156677 17.5 -6.6445801992368 
56.97070412 59.58347881 17.5 -6.6448315738708 
59.15185468 60.81539084 17.5 -6.64503417816775 
61.33300523 62.04730288 17.5 -6.64518067104017 
63.51415578 63.27921492 17.5 -6.64526493688137 
65.69530634 64.51112695 17.5 -6.64528211476665 
67.87645689 65.74303899 17.5 -6.64522875032264 
70.05760744 66.97495102 17.5 -6.64510275404179 
72.23875799 68.20686306 17.5 -6.64490338726002 
74.41990855 69.4387751 17.5 -6.64463127774846 
76.6010591 70.67068713 17.5 -6.64428836493294 
78.78220965 71.90259917 17.5 -6.64387782862067 
80.96336021 73.1345112 17.5 -6.64340402838434 
83.14451076 74.36642324 17.5 -6.64287246166853 
85.32566131 75.59833528 17.5 -6.64228962909295 
87.50681187 76.83024731 17.5 -6.64166296822937 
89.68796242 78.06215935 17.5 -6.64100079721761 
91.86911297 79.29407138 17.5 -6.64031214237901 
94.05026353 80.52598342 17.5 -6.63960664570313 
96.23141408 81.75789546 17.5 -6.63889447995219 
98.41256463 82.98980749 17.5 -6.63818614647535 
100.59371519 84.22171953 17.5 -6.63749235856209 
102.77486574 85.45363156 17.5 -6.63682388468251 
104.95601629 86.6855436 17.5 -6.63619135782797 
107.13716685 87.91745564 17.5 -6.63560508985844 
109.3183174 89.14936767 17.5 -6.63507490546129 
111.49946795 90.38127971 17.5 -6.63460999153925 
113.6806185 91.61319174 17.5 -6.63421863031579 
115.86176906 92.84510378 17.5 -6.63390812197587 
118.04291961 94.07701582 17.5 -6.63368462494424 
120.22407016 95.30892785 17.5 -6.63355296736653 
122.40522072 96.54083989 17.5 -6.63351653198068 
124.58637127 97.77275192 17.5 -6.633576968506 
126.76752182 99.00466396 17.5 -6.63373409955106 
128.94867238 100.236576 17.5 -6.63398593228021 
131.12982293 101.46848803 17.5 -6.63432869772459 
133.31097348 102.70040007 17.5 -6.63475691981395 
135.49212404 103.9323121 17.5 -6.63526353163992 
137.67327459 105.16422414 17.5 -6.63584008013369 
139.85442514 106.39613618 17.5 -6.63647689037068 
142.0355757 107.62804821 17.5 -6.6371632660798 
144.21672625 108.85996025 17.5 -6.63788781407714 
146.3978768 110.09187228 17.5 -6.63863860373848 
148.57902736 111.32378432 17.5 -6.63940345785195 
150.76017791 112.55569636 17.5 -6.64017023609813 
152.94132846 113.78760839 17.5 -6.64092713521203 
22.04858711 37.36799843 17.5 -6.64166297675064 
24.22973767 38.59991046 17.5 -6.64161282585011 
26.41088822 39.8318225 17.5 -6.6416146705035 
28.59203877 41.06373453 17.5 -6.64166830592106 
30.77318933 42.29564657 17.5 -6.64177239332881 
32.95433988 43.52755861 17.5 -6.64192443098569 
35.13549043 44.75947064 17.5 -6.64212063868809 
37.31664099 45.99138268 17.5 -6.64235603206305 
39.49779154 47.22329471 17.5 -6.64262451818373 
41.67894209 48.45520675 17.5 -6.64291898823482 
43.86009265 49.68711879 17.5 -6.64323146220962 
46.0412432 50.91903082 17.5 -6.64355327689042 
48.22239375 52.15094286 17.5 -6.64387530816232 
50.4035443 53.38285489 17.5 -6.64418808881668 
52.58469486 54.61476693 17.5 -6.64448210803565 
54.76584541 55.84667896 17.5 -6.64474801199641 
56.94699596 57.078591 17.5 -6.64497676623634 
59.12814652 58.31050304 17.5 -6.64515992156163 
61.30929707 59.54241507 17.5 -6.64528980756232 
63.49044762 60.77432711 17.5 -6.64535980455885 
65.67159818 62.00623914 17.5 -6.64536457082338 
67.85274873 63.23815118 17.5 -6.64530012426209 
70.03389928 64.47006322 17.5 -6.64516383739976 
72.21504984 65.70197525 17.5 -6.64495446205665 
74.39620039 66.93388729 17.5 -6.64467212995686 
76.57735094 68.16579932 17.5 -6.64431829047416 
78.7585015 69.39771136 17.5 -6.64389564932811 
80.93965205 70.6296234 17.5 -6.64340817211483 
83.1208026 71.86153543 17.5 -6.64286094544012 
85.30195316 73.09344747 17.5 -6.64226011537066 
87.48310371 74.3253595 17.5 -6.64161282852353 
89.66425426 75.55727154 17.5 -6.64092713618255 
91.84540481 76.78918358 17.5 -6.64021186312899 
94.02655537 78.02109561 17.5 -6.63947653330571 
96.20770592 79.25300765 17.5 -6.63873126310197 
98.38885647 80.48491968 17.5 -6.63798657249326 
100.57000703 81.71683172 17.5 -6.63725329362204 
102.75115758 82.94874376 17.5 -6.6365424226638 
104.93230813 84.18065579 17.5 -6.63586488214472 
107.11345869 85.41256783 17.5 -6.63523140380894 
109.29460924 86.64447986 17.5 -6.63465233218804 
111.47575979 87.8763919 17.5 -6.63413739342029 
113.65691035 89.10830394 17.5 -6.63369555506658 
115.8380609 90.34021597 17.5 -6.63333483618545 
118.01921145 91.57212801 17.5 -6.63306213720299 
120.20036201 92.80404004 17.5 -6.63288307933151 
122.38151256 94.03595208 17.5 -6.63280188355403 
124.56266311 95.26786412 17.5 -6.63282105392403 
126.74381367 96.49977615 17.5 -6.63294123134499 
128.92496422 97.73168819 17.5 -6.63316119757622 
131.10611477 98.96360022 17.5 -6.63347788790941 
133.28726533 100.19551226 17.5 -6.63388640143217 
135.46841588 101.4274243 17.5 -6.63438019783654 
137.64956643 102.65933633 17.5 -6.63495121634538 
139.83071698 103.89124837 17.5 -6.63559003715811 
142.01186754 105.1231604 17.5 -6.6362861450155 
144.19301809 106.35507244 17.5 -6.63702817097022 
146.37416864 107.58698448 17.5 -6.63780410693714 
148.5553192 108.81889651 17.5 -6.63860160542349 
150.73646975 110.05080855 17.5 -6.63940825507009 
152.9176203 111.28272058 17.5 -6.64021186547244 
155.09877086 112.51463262 17.5 -6.64100079581506 
157.27992141 113.74654466 17.5 -6.64176419734977 
19.8437284 33.63119858 17.5 -6.64249210169989 
22.02487896 34.86311062 17.5 -6.6423674135541 
24.20602951 36.09502265 17.5 -6.64228962333501 
26.38718006 37.32693469 17.5 -6.64226011438593 
28.56833061 38.55884673 17.5 -6.64227918492211 
30.74948117 39.79075876 17.5 -6.64234605953033 
32.93063172 41.0226708 17.5 -6.64245888010497 
35.11178227 42.25458283 17.5 -6.64261460204374 
37.29293283 43.48649487 17.5 -6.64280899772612 
39.47408338 44.71840691 17.5 -6.64303672301774 
41.65523393 45.95031894 17.5 -6.64329133607089 
43.83638449 47.18223098 17.5 -6.6435655051513 
46.01753504 48.41414301 17.5 -6.64385112272125 
48.19868559 49.64605505 17.5 -6.6441394756311 
50.37983615 50.87796709 17.5 -6.64442147201533 
52.5609867 52.10987912 17.5 -6.64468784087939 
54.74213725 53.34179116 17.5 -6.64492934947846 
56.92328781 54.57370319 17.5 -6.64513697498796 
59.10443836 55.80561523 17.5 -6.64530219372385 
61.28558891 57.03752727 17.5 -6.64541711124806 
63.46673947 58.2694393 17.5 -6.64547469433231 
65.64789002 59.50135134 17.5 -6.64546911927222 
67.82904057 60.73326337 17.5 -6.64539587468375 
70.01019113 61.96517541 17.5 -6.64525178664704 
72.19134168 63.19708745 17.5 -6.6450350879927 
74.37249223 64.42899948 17.5 -6.64474539178216 
76.55364278 65.66091152 17.5 -6.64438363593119 
78.73479334 66.89282355 17.5 -6.64395205745126 
80.91594389 68.12473559 17.5 -6.64345416706436 
83.09709444 69.35664763 17.5 -6.64289461628994 
85.278245 70.58855966 17.5 -6.64227917606797 
87.45939555 71.8204717 17.5 -6.64161467256721 
89.6405461 73.05238373 17.5 -6.64090882740282 
91.82169666 74.28429577 17.5 -6.64017023528728 
94.00284721 75.51620781 17.5 -6.63940825196469 
96.18399776 76.74811984 17.5 -6.63863286386628 
98.36514832 77.98003188 17.5 -6.6378545717686 
100.54629887 79.21194391 17.5 -6.63708427430417 
102.72744942 80.44385595 17.5 -6.63633309802724 
104.90859998 81.67576799 17.5 -6.63561221605095 
107.08975053 82.90768002 17.5 -6.63493271868148 
109.27090108 84.13959206 17.5 -6.63430539059668 
111.45205164 85.37150409 17.5 -6.63374048517926 
113.63320219 86.60341613 17.5 -6.63324759282832 
115.81435274 87.83532817 17.5 -6.63283542833324 
117.99550329 89.0672402 17.5 -6.63251161034481 
120.17665385 90.29915224 17.5 -6.63228256806055 
122.3578044 91.53106427 17.5 -6.63215334893334 
124.53895495 92.76297631 17.5 -6.63212732127813 
126.72010551 93.99488835 17.5 -6.63220600948583 
128.90125606 95.22680038 17.5 -6.63238902707245 
131.08240661 96.45871242 17.5 -6.63267405009634 
133.26355717 97.69062445 17.5 -6.63305686413981 
135.44470772 98.92253649 17.5 -6.6335315124159 
137.62585827 100.15444853 17.5 -6.63409038323597 
139.80700883 101.38636056 17.5 -6.63472440430446 
141.98815938 102.6182726 17.5 -6.63542331519603 
144.16930993 103.85018463 17.5 -6.63617583122814 
146.35046049 105.08209667 17.5 -6.6369699303889 
148.53161104 106.31400871 17.5 -6.63779316034938 
150.71276159 107.54592074 17.5 -6.63863286398946 
152.89391215 108.77783278 17.5 -6.63947653917085 
155.0750627 110.00974481 17.5 -6.64031213482873 
157.25621325 111.24165685 17.5 -6.6411283027045 
159.4373638 112.47356889 17.5 -6.64191452114378 
161.61851436 113.70548092 17.5 -6.64266129358737 
17.63886969 29.89439874 17.5 -6.64336027338828 
19.82002024 31.12631078 17.5 -6.64317563122581 
22.0011708 32.35822281 17.5 -6.64303108622065 
24.18232135 33.59013485 17.5 -6.64292943947884 
26.3634719 34.82204688 17.5 -6.64287246380004 
28.54462246 36.05395892 17.5 -6.6428609396501 
30.72577301 37.28587096 17.5 -6.64289461226343 
32.90692356 38.51778299 17.5 -6.64297214902704 
35.08807412 39.74969503 17.5 -6.64309113370272 
37.26922467 40.98160706 17.5 -6.64324806249803 
39.45037522 42.2135191 17.5 -6.64343828660633 
41.63152578 43.44543114 17.5 -6.64365606205271 
43.81267633 44.67734317 17.5 -6.64389468598135 
45.99382688 45.90925521 17.5 -6.64414663243283 
48.17497744 47.14116724 17.5 -6.64440365444527 
50.35612799 48.37307928 17.5 -6.6446570488187 
52.53727854 49.60499132 17.5 -6.64489783768082 
54.71842909 50.83690335 17.5 -6.64511691815845 
56.89957965 52.06881539 17.5 -6.64530537441995 
59.0807302 53.30072742 17.5 -6.64545462355506 
61.26188075 54.53263946 17.5 -6.64555661020604 
63.44303131 55.7645515 17.5 -6.64560403453857 
65.62418186 56.99646353 17.5 -6.64559059144174 
67.80533241 58.22837557 17.5 -6.64551124571609 
69.98648297 59.4602876 17.5 -6.64536228463323 
72.16763352 60.69219964 17.5 -6.64514141119243 
74.34878407 61.92411168 17.5 -6.644847688895 
76.52993463 63.15602371 17.5 -6.64448151228645 
78.71108518 64.38793575 17.5 -6.64404466252812 
80.89223573 65.61984778 17.5 -6.64354013860645 
83.07338629 66.85175982 17.5 -6.64297214620781 
85.25453684 68.08367186 17.5 -6.6423460645309 
87.43568739 69.31558389 17.5 -6.64166830251824 
89.61683795 70.54749593 17.5 -6.6409462753475 
91.7979885 71.77940796 17.5 -6.64018828182909 
93.97913905 73.01132 17.5 -6.63940345803778 
96.1602896 74.24323204 17.5 -6.63860161428622 
98.34144016 75.47514407 17.5 -6.63779315508826 
100.52259071 76.70705611 17.5 -6.63698900182555 
102.70374126 77.93896814 17.5 -6.63620033075486 
104.88489182 79.17088018 17.5 -6.63543851529206 
107.06604237 80.40279222 17.5 -6.63471493317685 
109.24719292 81.63470425 17.5 -6.63404070954989 
111.42834348 82.86661629 17.5 -6.63342662010007 
113.60949403 84.09852832 17.5 -6.63288281968876 
115.79064458 85.33044036 17.5 -6.63241864944798 
117.97179514 86.5623524 17.5 -6.63204246413 
120.15294569 87.79426443 17.5 -6.63176144560616 
122.33409624 89.02617647 17.5 -6.63158147211206 
124.5152468 90.2580885 17.5 -6.63150679164174 
126.69639735 91.49000054 17.5 -6.63153985348253 
128.8775479 92.72191258 17.5 -6.63168113849415 
131.05869846 93.95382461 17.5 -6.63192911963339 
133.23984901 95.18573665 17.5 -6.63228036735447 
135.42099956 96.41764868 17.5 -6.63272956249506 
137.60215011 97.64956072 17.5 -6.63326962911936 
139.78330067 98.88147276 17.5 -6.63389194564358 
141.96445122 100.11338479 17.5 -6.63458653551298 
144.14560177 101.34529683 17.5 -6.63534230736713 
146.32675233 102.57720886 17.5 -6.63614729955401 
148.50790288 103.8091209 17.5 -6.6369890015867 
150.68905343 105.04103294 17.5 -6.63785457871901 
152.87020399 106.27294497 17.5 -6.63873125282281 
155.05135454 107.50485701 17.5 -6.63960664734803 
157.23250509 108.73676904 17.5 -6.64046891794816 
159.41365565 109.96868108 17.5 -6.64130703533768 
161.5948062 111.20059312 17.5 -6.64211094129961 
163.77595675 112.43250515 17.5 -6.64287164167643 
165.95710731 113.66441719 17.5 -6.64358130903977 
15.43401098 26.1575989 17.5 -6.64423332841239 
17.61516153 27.38951093 17.5 -6.64400425430954 
19.79631209 28.62142297 17.5 -6.643807048558 
21.97746264 29.85333501 17.5 -6.64364577388198 
24.15861319 31.08524704 17.5 -6.64352354692102 
26.33976375 32.31715908 17.5 -6.64344256222323 
28.5209143 33.54907111 17.5 -6.64340402860119 
30.70206485 34.78098315 17.5 -6.64340817572624 
32.8832154 36.01289519 17.5 -6.64345416919901 
35.06436596 37.24480722 17.5 -6.64354012889648 
37.24551651 38.47671926 17.5 -6.64366316323583 
39.42666706 39.70863129 17.5 -6.64381926710686 
41.60781762 40.94054333 17.5 -6.64400338748089 
43.78896817 42.17245537 17.5 -6.64420947516449 
45.97011872 43.4043674 17.5 -6.64443053821249 
48.15126928 44.63627944 17.5 -6.64465887234473 
50.33241983 45.86819147 17.5 -6.64488618945471 
52.51357038 47.10010351 17.5 -6.6451037975719 
54.69472094 48.33201555 17.5 -6.64530283314451 
56.87587149 49.56392758 17.5 -6.64547446429904 
59.05702204 50.79583962 17.5 -6.64561011484327 
61.2381726 52.02775165 17.5 -6.64570161236664 
63.41932315 53.25966369 17.5 -6.64574146652275 
65.6004737 54.49157573 17.5 -6.64572299854536 
67.78162426 55.72348776 17.5 -6.64564062574811 
69.96277481 56.9553998 17.5 -6.64549012478583 
72.14392536 58.18731183 17.5 -6.64526863145846 
74.32507591 59.41922387 17.5 -6.64497464101948 
76.50622647 60.65113591 17.5 -6.64460803621437 
78.68737702 61.88304794 17.5 -6.64417004214925 
80.86852757 63.11495998 17.5 -6.64366316320968 
83.04967813 64.34687201 17.5 -6.64309113208969 
85.23082868 65.57878405 17.5 -6.64245887911641 
87.41197923 66.81069609 17.5 -6.64177239963207 
89.59312979 68.04260812 17.5 -6.64103871952635 
91.77428034 69.27452016 17.5 -6.6402658482904 
93.95543089 70.50643219 17.5 -6.63946260594075 
96.13658145 71.73834423 17.5 -6.63863859802919 
98.317732 72.97025627 17.5 -6.6378041057394 
100.49888255 74.2021683 17.5 -6.63696993397495 
102.68003311 75.43408034 17.5 -6.63614730135981 
104.86118366 76.66599237 17.5 -6.63534769580576 
107.04233421 77.89790441 17.5 -6.63458268656109 
109.22348477 79.12981645 17.5 -6.63386372719043 
111.40463532 80.36172848 17.5 -6.63320199682204 
113.58578587 81.59364052 17.5 -6.63260817410036 
115.76693643 82.82555255 17.5 -6.63209218910211 
117.94808698 84.05746459 17.5 -6.63166308228923 
120.12923753 85.28937663 17.5 -6.63132879998124 
122.31038808 86.52128866 17.5 -6.63109596596645 
124.49153864 87.7532007 17.5 -6.63096975741358 
126.67268919 88.98511273 17.5 -6.63095354311293 
128.85383974 90.21702477 17.5 -6.6310487055754 
131.0349903 91.44893681 17.5 -6.631254625202 
133.21614085 92.68084884 17.5 -6.63156867174597 
135.3972914 93.91276088 17.5 -6.63198625503005 
137.57844196 95.14467291 17.5 -6.63250093102262 
139.75959251 96.37658495 17.5 -6.63310459856037 
141.94074306 97.60849699 17.5 -6.63378767406841 
144.12189362 98.84040902 17.5 -6.63453930060033 
146.30304417 100.07232106 17.5 -6.63534769610183 
148.48419472 101.30423309 17.5 -6.63620033268234 
150.66534528 102.53614513 17.5 -6.6370842745495 
152.84649583 103.76805717 17.5 -6.6379865687137 
155.02764638 104.9999692 17.5 -6.63889448125017 
157.20879694 106.23188124 17.5 -6.63979578071912 
159.38994749 107.46379327 17.5 -6.64067894620119 
161.57109804 108.69570531 17.5 -6.64153337602502 
163.75224859 109.92761734 17.5 -6.64234947417894 
165.93339915 111.15952938 17.5 -6.64311879586176 
168.1145497 112.39144142 17.5 -6.64383411525433 
170.29570025 113.62335345 17.5 -6.64448935907602 
13.22915227 22.42079906 17.5 -6.64507964914391 
15.41030282 23.65271109 17.5 -6.64482227781516 
17.59145337 24.88462313 17.5 -6.6445872606463 
19.77260393 26.11653516 17.5 -6.64437983595718 
21.95375448 27.3484472 17.5 -6.64420438719607 
24.13490503 28.58035924 17.5 -6.64406437182983 
26.31605559 29.81227127 17.5 -6.64396234006407 
28.49720614 31.04418331 17.5 -6.64389994629335 
30.67835669 32.27609534 17.5 -6.64387782878469 
32.85950725 33.50800738 17.5 -6.64389565026908 
35.0406578 34.73991941 17.5 -6.64395206164568 
37.22180835 35.97183145 17.5 -6.64404466831722 
39.40295891 37.20374349 17.5 -6.64417004049307 
41.58410946 38.43565552 17.5 -6.64432376447687 
43.76526001 39.66756756 17.5 -6.64450040428136 
45.94641057 40.89947959 17.5 -6.6446935652845 
48.12756112 42.13139163 17.5 -6.64489605218228 
50.30871167 43.36330367 17.5 -6.64510003151298 
52.48986223 44.5952157 17.5 -6.64529714368821 
54.67101278 45.82712774 17.5 -6.64547877744759 
56.85216333 47.05903977 17.5 -6.64563625586363 
59.03331388 48.29095181 17.5 -6.64576100047163 
61.21446444 49.52286385 17.5 -6.64584480229922 
63.39561499 50.75477588 17.5 -6.64587999815361 
65.57676554 51.98668792 17.5 -6.64585961507004 
67.7579161 53.21859995 17.5 -6.64577763038076 
69.93906665 54.45051199 17.5 -6.64562926449496 
72.1202172 55.68242403 17.5 -6.64541107238352 
74.30136776 56.91433606 17.5 -6.64512098714653 
76.48251831 58.1462481 17.5 -6.64475833211204 
78.66366886 59.37816013 17.5 -6.64432377245946 
80.84481942 60.61007217 17.5 -6.64381926316623 
83.02596997 61.84198421 17.5 -6.64324806257865 
85.20712052 63.07389624 17.5 -6.64261460162422 
87.38827108 64.30580828 17.5 -6.6419244298627 
89.56942163 65.53772031 17.5 -6.64118419053096 
91.75057218 66.76963235 17.5 -6.64040149283415 
93.93172274 68.00154439 17.5 -6.63958484812126 
96.11287329 69.23345642 17.5 -6.63874359709717 
98.29402384 70.46536846 17.5 -6.63788781903353 
100.47517439 71.69728049 17.5 -6.63702817297259 
102.65632495 72.92919253 17.5 -6.63617582338208 
104.8374755 74.16110457 17.5 -6.63534230764372 
107.01862605 75.3930166 17.5 -6.63453930668974 
109.19977661 76.62492864 17.5 -6.63377852755609 
111.38092716 77.85684067 17.5 -6.63307150095115 
113.56207771 79.08875271 17.5 -6.63242932087062 
115.74322827 80.32066475 17.5 -6.63186249285922 
117.92437882 81.55257678 17.5 -6.6313807004965 
120.10552937 82.78448882 17.5 -6.63099257088414 
122.28667993 84.01640085 17.5 -6.63070551745806 
124.46783048 85.24831289 17.5 -6.63052556175556 
126.64898103 86.48022493 17.5 -6.63045701517736 
128.83013159 87.71213696 17.5 -6.63050220910695 
131.01128214 88.944049 17.5 -6.63066146911428 
133.19243269 90.17596103 17.5 -6.6309330375642 
135.37358325 91.40787307 17.5 -6.63131311172098 
137.5547338 92.63978511 17.5 -6.63179598094462 
139.73588435 93.87169714 17.5 -6.63237414857255 
141.9170349 95.10360918 17.5 -6.63303849079381 
144.09818546 96.33552121 17.5 -6.63377852869544 
146.27933601 97.56743325 17.5 -6.63458268488791 
148.46048656 98.79934529 17.5 -6.63543852080557 
150.64163712 100.03125732 17.5 -6.63633309081379 
152.82278767 101.26316936 17.5 -6.63725330030188 
155.00393822 102.49508139 17.5 -6.63818614906391 
157.18508878 103.72699343 17.5 -6.63911904030987 
159.36623933 104.95890547 17.5 -6.64004002932667 
161.54738988 106.1908175 17.5 -6.64093796039861 
163.72854044 107.42272954 17.5 -6.64180269165799 
165.90969099 108.65464157 17.5 -6.64262518163912 
168.09084154 109.88655361 17.5 -6.64339757175325 
170.2719921 111.11846565 17.5 -6.6441131796055 
172.45314265 112.35037768 17.5 -6.6447665301902 
174.6342932 113.58228972 17.5 -6.64535325621111 
11.02429356 18.68399921 17.5 -6.64586999091598 
13.20544411 19.91591125 17.5 -6.64560120437459 
15.38659466 21.14782328 17.5 -6.64534389985333 
17.56774522 22.37973532 17.5 -6.64510452793365 
19.74889577 23.61164736 17.5 -6.64488869729739 
21.93004632 24.84355939 17.5 -6.64470110095491 
24.11119688 26.07547143 17.5 -6.64454554219998 
26.29234743 27.30738346 17.5 -6.64442494721969 
28.47349798 28.5392955 17.5 -6.64434132726445 
30.65464854 29.77120754 17.5 -6.64429575765474 
32.83579909 31.00311957 17.5 -6.64428835813102 
35.01694964 32.23503161 17.5 -6.64431828645302 
37.19810019 33.46694364 17.5 -6.64438363589166 
39.37925075 34.69885568 17.5 -6.64448151378636 
41.5604013 35.93076772 17.5 -6.6446080394403 
43.74155185 37.16267975 17.5 -6.64475833152486 
45.92270241 38.39459179 17.5 -6.64492660249564 
48.10385296 39.62650382 17.5 -6.64510619435424 
50.28500351 40.85841586 17.5 -6.6452897023482 
52.46615407 42.0903279 17.5 -6.64546916058138 
54.64730462 43.32223993 17.5 -6.64563624304089 
56.82845517 44.55415197 17.5 -6.64578243107465 
59.00960573 45.786064 17.5 -6.6458992237911 
61.19075628 47.01797604 17.5 -6.64597838433961 
63.37190683 48.24988808 17.5 -6.64601210176038 
65.55305739 49.48180011 17.5 -6.64599316914756 
67.73420794 50.71371215 17.5 -6.64591522850574 
69.91535849 51.94562418 17.5 -6.64577294405982 
72.09650905 53.17753622 17.5 -6.6455622824111 
74.2776596 54.40944826 17.5 -6.64528059141214 
76.45881015 55.64136029 17.5 -6.64492660484311 
78.6399607 56.87327233 17.5 -6.64450040113682 
80.82111126 58.10518436 17.5 -6.64400338726395 
83.00226181 59.3370964 17.5 -6.64343828479686 
85.18341236 60.56900844 17.5 -6.64280900339077 
87.36456292 61.80092047 17.5 -6.64212062978169 
89.54571347 63.03283251 17.5 -6.64137937494359 
91.72686402 64.26474454 17.5 -6.64059241959852 
93.90801458 65.49665658 17.5 -6.63976792273133 
96.08916513 66.72856862 17.5 -6.63891492355717 
98.27031568 67.96048065 17.5 -6.63804320945765 
100.45146624 69.19239269 17.5 -6.63716326821938 
102.63261679 70.42430472 17.5 -6.63628614484823 
104.81376734 71.65621676 17.5 -6.63542332100845 
106.9949179 72.8881288 17.5 -6.63458653507175 
109.17606845 74.12004083 17.5 -6.63378766296324 
111.357219 75.35195287 17.5 -6.63303849165322 
113.53836956 76.5838649 17.5 -6.63235048408576 
115.71952011 77.81577694 17.5 -6.63173462511535 
117.90067066 79.04768898 17.5 -6.63120118241178 
120.08182122 80.27960101 17.5 -6.63075943605543 
122.26297177 81.51151305 17.5 -6.63041756148463 
124.44412232 82.74342508 17.5 -6.63018239203757 
126.62527287 83.97533712 17.5 -6.63005914749859 
128.80642343 85.20724916 17.5 -6.63005115358665 
130.98757398 86.43916119 17.5 -6.63015970156538 
133.16872453 87.67107323 17.5 -6.63038396328111 
135.34987509 88.90298526 17.5 -6.63072101998144 
137.53102564 90.1348973 17.5 -6.63116596292878 
139.71217619 91.36680934 17.5 -6.6317119620514 
141.89332675 92.59872137 17.5 -6.63235047688773 
144.0744773 93.83063341 17.5 -6.63307149470832 
146.25562785 95.06254544 17.5 -6.63386373071352 
148.43677841 96.29445748 17.5 -6.63471492571216 
150.61792896 97.52636952 17.5 -6.63561221579123 
152.79907951 98.75828155 17.5 -6.63654242091842 
154.98023007 99.99019359 17.5 -6.63749235834322 
157.16138062 101.22210562 17.5 -6.63844913660412 
159.34253117 102.45401766 17.5 -6.63940038689247 
161.52368173 103.6859297 17.5 -6.64033447632706 
163.70483228 104.91784173 17.5 -6.64124070144483 
165.88598283 106.14975377 17.5 -6.64210947084525 
168.06713338 107.3816658 17.5 -6.64293228605904 
170.24828394 108.61357784 17.5 -6.64370187830711 
172.42943449 109.84548988 17.5 -6.64441218459828 
174.61058504 111.07740191 17.5 -6.64505822584223 
176.7917356 112.30931395 17.5 -6.6456361232711 
178.97288615 113.54122598 17.5 -6.64614292866461 
8.81943485 14.94719937 17.5 -6.64657652729281 
11.0005854 16.17911141 17.5 -6.64631434701904 
13.18173595 17.41102344 17.5 -6.64605127090536 
15.3628865 18.64293548 17.5 -6.64579502474236 
17.54403706 19.87484751 17.5 -6.64555245899652 
19.72518761 21.10675955 17.5 -6.64532954889919 
21.90633816 22.33867159 17.5 -6.64513133382523 
24.08748872 23.57058362 17.5 -6.64496195981458 
26.26863927 24.80249566 17.5 -6.64482474096615 
28.44978982 26.03440769 17.5 -6.64472203621488 
30.63094038 27.26631973 17.5 -6.6446553377778 
32.81209093 28.49823177 17.5 -6.64462522539597 
34.99324148 29.7301438 17.5 -6.64463127794327 
37.17439204 30.96205584 17.5 -6.64467212878938 
39.35554259 32.19396787 17.5 -6.64474539134199 
41.53669314 33.42587991 17.5 -6.64484768540051 
43.7178437 34.65779195 17.5 -6.64497464069706 
45.89899425 35.88970398 17.5 -6.64512098373979 
48.0801448 37.12161602 17.5 -6.64528059925976 
50.26129536 38.35352805 17.5 -6.64544654060833 
52.44244591 39.58544009 17.5 -6.6456112514591 
54.62359646 40.81735213 17.5 -6.64576671930803 
56.80474702 42.04926416 17.5 -6.64590459894239 
58.98589757 43.2811762 17.5 -6.64601653155599 
61.16704812 44.51308823 17.5 -6.64609426931409 
63.34819867 45.74500027 17.5 -6.64612988100421 
65.52934923 46.97691231 17.5 -6.64611598221294 
67.71049978 48.20882434 17.5 -6.64604589030117 
69.89165033 49.44073638 17.5 -6.64591380919129 
72.07280089 50.67264841 17.5 -6.64571510859362 
74.25395144 51.90456045 17.5 -6.6454465387055 
76.43510199 53.13647249 17.5 -6.64510619933375 
78.61625255 54.36838452 17.5 -6.64469355607427 
80.7974031 55.60029656 17.5 -6.64420946917179 
82.97855365 56.83220859 17.5 -6.64365606473047 
85.15970421 58.06412063 17.5 -6.64303671906172 
87.34085476 59.29603267 17.5 -6.64235603565919 
89.52200531 60.5279447 17.5 -6.64161970945081 
91.70315587 61.75985674 17.5 -6.64083451020939 
93.88430642 62.99176877 17.5 -6.64000819491831 
96.06545697 64.22368081 17.5 -6.6391494305085 
98.24660753 65.45559285 17.5 -6.63826769915382 
100.42775808 66.68750488 17.5 -6.63737321943857 
102.60890863 67.91941692 17.5 -6.63647688623204 
104.79005918 69.15132895 17.5 -6.63559003603155 
106.97120974 70.38324099 17.5 -6.6347244052953 
109.15236029 71.61515303 17.5 -6.63389195134052 
111.33351084 72.84706506 17.5 -6.63310459912206 
113.5146614 74.0789771 17.5 -6.63237414276656 
115.69581195 75.31088913 17.5 -6.63171196035398 
117.8769625 76.54280117 17.5 -6.63112879938654 
120.05811306 77.77471321 17.5 -6.63063456974793 
122.23926361 79.00662524 17.5 -6.63023813041626 
124.42041416 80.23853728 17.5 -6.62994708959986 
126.60156472 81.47044931 17.5 -6.62976756093855 
128.78271527 82.70236135 17.5 -6.62970387391583 
130.96386582 83.93427339 17.5 -6.62975831370556 
133.14501638 85.16618542 17.5 -6.62993101187571 
135.32616693 86.39809746 17.5 -6.63022003597538 
137.50731748 87.63000949 17.5 -6.6306213152745 
139.68846804 88.86192153 17.5 -6.6311287993868 
141.86961859 90.09383357 17.5 -6.63173462850132 
144.05076914 91.3257456 17.5 -6.63242931774392 
146.23191969 92.55765764 17.5 -6.63320200274998 
148.41307025 93.78956967 17.5 -6.63404070736127 
150.5942208 95.02148171 17.5 -6.63493272573872 
152.77537135 96.25339375 17.5 -6.63586488452989 
154.95652191 97.48530578 17.5 -6.63682388050216 
157.13767246 98.71721782 17.5 -6.63779660239879 
159.31882301 99.94912985 17.5 -6.63877030014128 
161.49997357 101.18104189 17.5 -6.6397329075869 
163.68112412 102.41295393 17.5 -6.64067323043121 
165.86227467 103.64486596 17.5 -6.64158105445636 
168.04342523 104.876778 17.5 -6.64244732248512 
170.22457578 106.10869003 17.5 -6.64326415997747 
172.40572633 107.34060207 17.5 -6.6440248920803 
174.58687689 108.57251411 17.5 -6.64472398658862 
176.76802744 109.80442614 17.5 -6.64535701243362 
178.94917799 111.03633818 17.5 -6.64592051889915 
181.13032855 112.26825021 17.5 -6.64641188058943 
183.3114791 113.50016225 17.5 -6.64682926117987 
6.61457613 11.21039953 17.5 -6.64717154282731 
8.79572669 12.44231156 17.5 -6.64693559192836 
10.97687724 13.6742236 17.5 -6.64668478364276 
13.15802779 14.90613564 17.5 -6.64642804947366 
15.33917835 16.13804767 17.5 -6.64617354231936 
17.5203289 17.36995971 17.5 -6.64592856860284 
19.70147945 18.60187174 17.5 -6.64569948287783 
21.88263001 19.83378378 17.5 -6.64549170729937 
24.06378056 21.06569582 17.5 -6.64530979399653 
26.24493111 22.29760785 17.5 -6.64515737796395 
28.42608167 23.52951989 17.5 -6.64503722457817 
30.60723222 24.76143192 17.5 -6.64495122940327 
32.78838277 25.99334396 17.5 -6.64490038285728 
34.96953333 27.225256 17.5 -6.6448847337939 
37.15068388 28.45716803 17.5 -6.64490337934974 
39.33183443 29.68908007 17.5 -6.64495446597577 
41.51298498 30.9209921 17.5 -6.64503509398922 
43.69413554 32.15290414 17.5 -6.64514140894568 
45.87528609 33.38481618 17.5 -6.64526863381024 
48.05643664 34.61672821 17.5 -6.64541107002161 
50.2375872 35.84864025 17.5 -6.64556227657068 
52.41873775 37.08055228 17.5 -6.64571511252697 
54.5998883 38.31246432 17.5 -6.64586186875141 
56.78103886 39.54437636 17.5 -6.6459944699772 
58.96218941 40.77628839 17.5 -6.64610467787083 
61.14333996 42.00820043 17.5 -6.64618427347189 
63.32449052 43.24011246 17.5 -6.64622525554822 
65.50564107 44.4720245 17.5 -6.64622006596906 
67.68679162 45.70393654 17.5 -6.6461617399234 
69.86794218 46.93584857 17.5 -6.64604405704801 
72.04909273 48.16776061 17.5 -6.64586186514661 
74.23024328 49.39967264 17.5 -6.64561125911927 
76.41139384 50.63158468 17.5 -6.64528970248655 
78.59254439 51.86349672 17.5 -6.64489605455842 
80.77369494 53.09540875 17.5 -6.64443053826047 
82.95484549 54.32732079 17.5 -6.64389469332604 
85.13599605 55.55923282 17.5 -6.64329133350264 
87.3171466 56.79114486 17.5 -6.6426245215959 
89.49829715 58.0230569 17.5 -6.6418994432166 
91.67944771 59.25496893 17.5 -6.64112237991778 
93.86059826 60.48688097 17.5 -6.64030067581745 
96.04174881 61.718793 17.5 -6.63944256692047 
98.22289937 62.95070504 17.5 -6.63855719097453 
100.40404992 64.18261708 17.5 -6.63765448833741 
102.58520047 65.41452911 17.5 -6.63674505121308 
104.76635103 66.64644115 17.5 -6.6358400800515 
106.94750158 67.87835318 17.5 -6.63495121269436 
109.12865213 69.11026522 17.5 -6.63409038348463 
111.30980269 70.34217726 17.5 -6.63326962778732 
113.49095324 71.57408929 17.5 -6.63250092877068 
115.67210379 72.80600133 17.5 -6.63179598858453 
117.85325435 74.03791336 17.5 -6.63116596486134 
120.0344049 75.2698254 17.5 -6.63062130770221 
122.21555545 76.50173744 17.5 -6.63017152271993 
124.39670601 77.73364947 17.5 -6.62982489580042 
126.57785656 78.96556151 17.5 -6.62958839933923 
128.75900711 80.19747354 17.5 -6.62946733114606 
130.94015766 81.42938558 17.5 -6.62946498918924 
133.12130822 82.66129762 17.5 -6.62958257423961 
135.30245877 83.89320965 17.5 -6.629819124627 
137.48360932 85.12512169 17.5 -6.63017151840179 
139.66475988 86.35703372 17.5 -6.63063456653864 
141.84591043 87.58894576 17.5 -6.63120117874155 
144.02706098 88.8208578 17.5 -6.63186250068883 
146.20821154 90.05276983 17.5 -6.63260816630194 
148.38936209 91.28468187 17.5 -6.63342662197812 
150.57051264 92.5165939 17.5 -6.63430539055277 
152.7516632 93.74850594 17.5 -6.63523140583549 
154.93281375 94.98041797 17.5 -6.63619135434832 
157.1139643 96.21233001 17.5 -6.63717192085085 
159.29511486 97.44424205 17.5 -6.63816007903082 
161.47626541 98.67615408 17.5 -6.63914337947374 
163.65741596 99.90806612 17.5 -6.64011012899731 
165.83856652 101.13997815 17.5 -6.64104957335527 
168.01971707 102.37189019 17.5 -6.64195205881815 
170.20086762 103.60380223 17.5 -6.64280912582956 
172.38201817 104.83571426 17.5 -6.64361347646735 
174.56316873 106.0676263 17.5 -6.644359016203 
176.74431928 107.29953833 17.5 -6.64504078186539 
178.92546983 108.53145037 17.5 -6.64565478714744 
181.10662039 109.76336241 17.5 -6.64619796735841 
183.28777094 110.99527444 17.5 -6.64666804311709 
185.46892149 112.22718648 17.5 -6.64706340111865 
187.65007205 113.45909851 17.5 -6.64738310973787 
4.40971742 7.47359969 17.5 -6.64762689639574 
6.59086798 8.70551172 17.5 -6.64743827938343 
8.77201853 9.93742376 17.5 -6.647219564526 
10.95316908 11.16933579 17.5 -6.64698056929575 
13.13431964 12.40124783 17.5 -6.64673061870017 
15.31547019 13.63315986 17.5 -6.64647832273533 
17.49662074 14.8650719 17.5 -6.64623142814029 
19.67777129 16.09698394 17.5 -6.64599672674506 
21.85892185 17.32889597 17.5 -6.64578007459828 
24.0400724 18.56080801 17.5 -6.64558642503303 
26.22122295 19.79272004 17.5 -6.64541979526625 
28.40237351 21.02463208 17.5 -6.64528334210845 
30.58352406 22.25654412 17.5 -6.64517937749327 
32.76467461 23.48845615 17.5 -6.64510929381691 
34.94582517 24.72036819 17.5 -6.64507359990391 
37.12697572 25.95228022 17.5 -6.64507188726819 
39.30812627 27.18419226 17.5 -6.64510275368776 
41.48927683 28.4161043 17.5 -6.64516383366072 
43.67042738 29.64801633 17.5 -6.64525178287684 
45.85157793 30.87992837 17.5 -6.64536229333648 
48.03272849 32.1118404 17.5 -6.64549012908645 
50.21387904 33.34375244 17.5 -6.6456292626071 
52.39502959 34.57566448 17.5 -6.64577294379452 
54.57618015 35.80757651 17.5 -6.64591380955144 
56.7573307 37.03948855 17.5 -6.64604405840067 
58.93848125 38.27140058 17.5 -6.64615562775758 
61.11963181 39.50331262 17.5 -6.64624033391355 
63.30078236 40.73522466 17.5 -6.64629014859639 
65.48193291 41.96713669 17.5 -6.646297350297 
67.66308346 43.19904873 17.5 -6.6462546903921 
69.84423402 44.43096076 17.5 -6.64615562000726 
72.02538457 45.6628728 17.5 -6.64599447365334 
74.20653512 46.89478484 17.5 -6.64576671401157 
76.38768568 48.12669687 17.5 -6.64546916052557 
78.56883623 49.35860891 17.5 -6.64510002887787 
80.74998678 50.59052094 17.5 -6.64465888029282 
82.93113734 51.82243298 17.5 -6.64414662658175 
85.11228789 53.05434502 17.5 -6.64356550603065 
87.29343844 54.28625705 17.5 -6.6429189882851 
89.474589 55.51816909 17.5 -6.64221171625198 
91.65573955 56.75008112 17.5 -6.6414494870599 
93.8368901 57.98199316 17.5 -6.64063913411666 
96.01804066 59.2139052 17.5 -6.63978846815892 
98.19919121 60.44581723 17.5 -6.63890624007499 
100.38034176 61.67772927 17.5 -6.63800201908112 
102.56149232 62.9096413 17.5 -6.6370861031685 
104.74264287 64.14155334 17.5 -6.63616944474127 
106.92379342 65.37346538 17.5 -6.6352635356072 
109.10494397 66.60537741 17.5 -6.63438020366087 
111.28609453 67.83728945 17.5 -6.6335315115722 
113.46724508 69.06920148 17.5 -6.63272956444593 
115.64839563 70.30111352 17.5 -6.63198625513957 
117.82954619 71.53302556 17.5 -6.63131310592033 
120.01069674 72.76493759 17.5 -6.63072102374137 
122.19184729 73.99684963 17.5 -6.63022004081833 
124.37299785 75.22876166 17.5 -6.62981912320552 
126.5541484 76.4606737 17.5 -6.62952598476604 
128.73529895 77.69258574 17.5 -6.62934681473849 
130.91644951 78.92449777 17.5 -6.62928594188878 
133.09760006 80.15640981 17.5 -6.62934563558835 
135.27875061 81.38832184 17.5 -6.62952599085862 
137.45990117 82.62023388 17.5 -6.62982489419779 
139.64105172 83.85214592 17.5 -6.6302381315623 
141.82220227 85.08405795 17.5 -6.63075943802231 
144.00335283 86.31596999 17.5 -6.63138070333056 
146.18450338 87.54788202 17.5 -6.63209218556431 
148.36565393 88.77979406 17.5 -6.63288282134586 
150.54680448 90.0117061 17.5 -6.63374048490711 
152.72795504 91.24361813 17.5 -6.63465232289065 
154.90910559 92.47553017 17.5 -6.63560508752798 
157.09025614 93.7074422 17.5 -6.63658535253256 
159.2714067 94.93935424 17.5 -6.6375798871309 
161.45255725 96.17126628 17.5 -6.63857590647075 
163.6337078 97.40317831 17.5 -6.63956126054343 
165.81485836 98.63509035 17.5 -6.64052470140962 
167.99600891 99.86700238 17.5 -6.64145601056413 
170.17715946 101.09891442 17.5 -6.64234609499013 
172.35831002 102.33082646 17.5 -6.64318706555534 
174.53946057 103.56273849 17.5 -6.64397224128104 
176.72061112 104.79465053 17.5 -6.64469609863547 
178.90176168 106.02656256 17.5 -6.6453541372512 
181.08291223 107.2584746 17.5 -6.64594284844779 
183.26406278 108.49038664 17.5 -6.64645952158495 
185.44521334 109.72229867 17.5 -6.64690213921016 
187.62636389 110.95421071 17.5 -6.64726935333178 
189.80751444 112.18612274 17.5 -6.64756047445177 
191.988665 113.41803478 17.5 -6.64777548432926 
2.20485871 3.73679984 17.5 -6.64791530077494 
4.38600926 4.96871188 17.5 -6.64779541204207 
6.56715982 6.20062391 17.5 -6.64762988110196 
8.74831037 7.43253595 17.5 -6.64742867253624 
10.92946092 8.66444799 17.5 -6.64720180348346 
13.11061148 9.89636002 17.5 -6.64695894692562 
15.29176203 11.12827206 17.5 -6.64670916039265 
17.47291258 12.36018409 17.5 -6.64646062075972 
19.65406314 13.59209613 17.5 -6.64622060007375 
21.83521369 14.82400817 17.5 -6.64599542407965 
24.01636424 16.0559202 17.5 -6.64579046494091 
26.1975148 17.28783224 17.5 -6.64561017295389 
28.37866535 18.51974427 17.5 -6.64545813008511 
30.5598159 19.75165631 17.5 -6.64533704440718 
32.74096646 20.98356835 17.5 -6.64524873890909 
34.92211701 22.21548038 17.5 -6.64519418401795 
37.10326756 23.44739242 17.5 -6.64517343641955 
39.28441812 24.67930445 17.5 -6.64518557724111 
41.46556867 25.91121649 17.5 -6.6452287503211 
43.64671922 27.14312853 17.5 -6.64530012617218 
45.82786977 28.37504056 17.5 -6.64539586959878 
48.00902033 29.6069526 17.5 -6.64551123978054 
50.19017088 30.83886463 17.5 -6.64564062833735 
52.37132143 32.07077667 17.5 -6.6457776337874 
54.55247199 33.30268871 17.5 -6.6459152265666 
56.73362254 34.53460074 17.5 -6.64604588846524 
58.91477309 35.76651278 17.5 -6.64616173557285 
61.09592365 36.99842481 17.5 -6.64625468328329 
63.2770742 38.23033685 17.5 -6.64631667714852 
65.45822475 39.46224889 17.5 -6.64633983790798 
67.63937531 40.69416092 17.5 -6.64631667379447 
69.82052586 41.92607296 17.5 -6.6462403298787 
72.00167641 43.15798499 17.5 -6.64610468379206 
74.18282697 44.38989703 17.5 -6.64590459816309 
76.36397752 45.62180907 17.5 -6.64563624435516 
78.54512807 46.8537211 17.5 -6.64529714230822 
80.72627863 48.08563314 17.5 -6.64488619116779 
82.90742918 49.31754517 17.5 -6.64440364859689 
85.08857973 50.54945721 17.5 -6.64385112241478 
87.26973028 51.78136925 17.5 -6.64323145996617 
89.45088084 53.01328128 17.5 -6.64254874023975 
91.63203139 54.24519332 17.5 -6.64180822675702 
93.81318194 55.47710535 17.5 -6.64101621738814 
95.9943325 56.70901739 17.5 -6.64018006084653 
98.17548305 57.94092943 17.5 -6.63930807006296 
100.3566336 59.17284146 17.5 -6.63840939493765 
102.53778416 60.4047535 17.5 -6.63749400639 
104.71893471 61.63666553 17.5 -6.63657256623577 
106.90008526 62.86857757 17.5 -6.6356563063699 
109.08123582 64.10048961 17.5 -6.63475691581299 
111.26238637 65.33240164 17.5 -6.63388639426001 
113.44353692 66.56431368 17.5 -6.63305687173632 
115.62468748 67.79622571 17.5 -6.63228036929891 
117.80583803 69.02813775 17.5 -6.63156867196691 
119.98698858 70.26004979 17.5 -6.6309330353205 
122.16813914 71.49196182 17.5 -6.63038396002497 
124.34928969 72.72387386 17.5 -6.62993101335658 
126.53044024 73.95578589 17.5 -6.62958257967309 
128.7115908 75.18769793 17.5 -6.62934563823831 
130.89274135 76.41960997 17.5 -6.62922550691707 
133.0738919 77.651522 17.5 -6.62922550954705 
135.25504245 78.88343404 17.5 -6.62934681463179 
137.43619301 80.11534607 17.5 -6.62958839939709 
139.61734356 81.34725811 17.5 -6.6299470896026 
141.79849411 82.57917015 17.5 -6.63041757063092 
143.97964467 83.81108218 17.5 -6.63099256081729 
146.16079522 85.04299422 17.5 -6.63166308626884 
148.34194577 86.27490625 17.5 -6.63241864957916 
150.52309633 87.50681829 17.5 -6.63324759474008 
152.70424688 88.73873033 17.5 -6.6341373930708 
154.88539743 89.97064236 17.5 -6.63507491219913 
157.06654799 91.2025544 17.5 -6.63604675873624 
159.24769854 92.43446643 17.5 -6.63703956553841 
161.42884909 93.66637847 17.5 -6.63804026576369 
163.60999965 94.89829051 17.5 -6.63903633562583 
165.7911502 96.13020254 17.5 -6.64001604666863 
167.97230075 97.36211458 17.5 -6.64096864722978 
170.15345131 98.59402661 17.5 -6.64188443460145 
172.33460186 99.82593865 17.5 -6.64275491605089 
174.51575241 101.05785069 17.5 -6.64357281664283 
176.69690296 102.28976272 17.5 -6.64433199399912 
178.87805352 103.52167476 17.5 -6.64502746449062 
181.05920407 104.75358679 17.5 -6.64565523327077 
183.24035462 105.98549883 17.5 -6.64621216182525 
185.42150518 107.21741087 17.5 -6.64669588623561 
187.60265573 108.4493229 17.5 -6.647104700265 
189.78380628 109.68123494 17.5 -6.64743752893269 
191.96495684 110.91314697 17.5 -6.64769393862964 
194.14610739 112.14505901 17.5 -6.64787436030765 
196.32725794 113.37697105 17.5 -6.64798030756127 
0 0 17.5 -6.64801457281038 
2.18115055 1.23191204 17.5 -6.64798225984233 
4.36230111 2.46382407 17.5 -6.64789037153121 
6.54345166 3.69573611 17.5 -6.64774773137399 
8.72460221 4.92764814 17.5 -6.64756408490884 
10.90575277 6.15956018 17.5 -6.64734950727462 
13.08690332 7.39147222 17.5 -6.64711394981445 
15.26805387 8.62338425 17.5 -6.64686680730844 
17.44920443 9.85529629 17.5 -6.64661673595168 
19.63035498 11.08720832 17.5 -6.64637148044056 
21.81150553 12.31912036 17.5 -6.64613786243433 
23.99265608 13.5510324 17.5 -6.6459217149137 
26.17380664 14.78294443 17.5 -6.64572794193735 
28.35495719 16.01485647 17.5 -6.64556059807731 
30.53610774 17.2467685 17.5 -6.64542279917446 
32.7172583 18.47868054 17.5 -6.64531683035161 
34.89840885 19.71059258 17.5 -6.64524412551147 
37.0795594 20.94250461 17.5 -6.64520517307082 
39.26070996 22.17441665 17.5 -6.64519958950406 
41.44186051 23.40632868 17.5 -6.64522601799639 
43.62301106 24.63824072 17.5 -6.64528211690099 
45.80416162 25.87015276 17.5 -6.64536457373045 
47.98531217 27.10206479 17.5 -6.64546911793804 
50.16646272 28.33397683 17.5 -6.64559059820839 
52.34761328 29.56588886 17.5 -6.64572299079348 
54.52876383 30.7978009 17.5 -6.64585960989137 
56.70991438 32.02971294 17.5 -6.6459931814561 
58.89106494 33.26162497 17.5 -6.64611598148478 
61.07221549 34.49353701 17.5 -6.64622006408871 
63.25336604 35.72544904 17.5 -6.64629735026466 
65.43451659 36.95736108 17.5 -6.64633983642761 
67.61566715 38.18927312 17.5 -6.64633983389058 
69.7968177 39.42118515 17.5 -6.64629015111838 
71.97796825 40.65309719 17.5 -6.64618427351732 
74.15911881 41.88500922 17.5 -6.64601653200032 
76.34026936 43.11692126 17.5 -6.64578243100218 
78.52141991 44.3488333 17.5 -6.64547878586152 
80.70257047 45.58074533 17.5 -6.64510378860237 
82.88372102 46.81265737 17.5 -6.64465705279911 
85.06487157 48.0445694 17.5 -6.64413947555709 
87.24602213 49.27648144 17.5 -6.64355328085062 
89.42717268 50.50839348 17.5 -6.64290195190197 
91.60832323 51.74030551 17.5 -6.6421901338558 
93.78947379 52.97221755 17.5 -6.64142360686346 
95.97062434 54.20412958 17.5 -6.64060920785609 
98.15177489 55.43604162 17.5 -6.63975475735653 
100.33292545 56.66795366 17.5 -6.63886897268024 
102.514076 57.89986569 17.5 -6.63796142206933 
104.69522655 59.13177773 17.5 -6.63704243493406 
106.87637711 60.36368976 17.5 -6.63612293525311 
109.05752766 61.5956018 17.5 -6.6352144022582 
111.23867821 62.82751384 17.5 -6.63432870532537 
113.41982876 64.05942587 17.5 -6.6334778805803 
115.60097932 65.29133791 17.5 -6.63267404438232 
117.78212987 66.52324994 17.5 -6.63192912290626 
119.96328042 67.75516198 17.5 -6.631254628756 
122.14443098 68.98707402 17.5 -6.63066146955095 
124.32558153 70.21898605 17.5 -6.63015969970699 
126.50673208 71.45089809 17.5 -6.62975830847178 
128.68788264 72.68281012 17.5 -6.62946498347338 
130.86903319 73.91472216 17.5 -6.62928594188124 
133.05018374 75.1466342 17.5 -6.62922551692091 
135.2313343 76.37854623 17.5 -6.62928593962691 
137.41248485 77.61045827 17.5 -6.62946732732996 
139.5936354 78.8423703 17.5 -6.62976756664942 
141.77478596 80.07428234 17.5 -6.6301823882103 
143.95593651 81.30619438 17.5 -6.63070551756048 
146.13708706 82.53810641 17.5 -6.63132879731832 
148.31823762 83.77001845 17.5 -6.63204246465551 
150.49938817 85.00193048 17.5 -6.63283542268972 
152.68053872 86.23384252 17.5 -6.6336955587385 
154.86168927 87.46575456 17.5 -6.63460999344659 
157.04283983 88.69766659 17.5 -6.63556542473517 
159.22399038 89.92957863 17.5 -6.6365484635553 
161.40514093 91.16149066 17.5 -6.63754582858847 
163.58629149 92.3934027 17.5 -6.63854469742335 
165.76744204 93.62531474 17.5 -6.63953293593847 
167.94859259 94.85722677 17.5 -6.64049923739098 
170.12974315 96.08913881 17.5 -6.64143336471946 
172.3108937 97.32105084 17.5 -6.64232621629758 
174.49204425 98.55296288 17.5 -6.64316987056323 
176.67319481 99.78487492 17.5 -6.64395761458542 
178.85434536 101.01678695 17.5 -6.6446838889249 
181.03549591 102.24869899 17.5 -6.64534421071943 
183.21664647 103.48061102 17.5 -6.64593500219407 
185.39779702 104.71252306 17.5 -6.64645354960243 
187.57894757 105.9444351 17.5 -6.64689783342404 
189.76009813 107.17634713 17.5 -6.64726645252356 
191.94124868 108.40825917 17.5 -6.64755869056026 
194.12239923 109.6401712 17.5 -6.64777456146838 
196.30354978 110.87208324 17.5 -6.64791500310643 
6.5197435 1.1908483 17.5 -6.64779452708933 
8.70089405 2.42276034 17.5 -6.6476281283984 
10.88204461 3.65467237 17.5 -6.64742576607514 
13.06319516 4.88658441 17.5 -6.64719750148792 
15.24434571 6.11849645 17.5 -6.64695301801097 
17.42549627 7.35040848 17.5 -6.646701362678 
19.60664682 8.58232052 17.5 -6.64645078928798 
21.78779737 9.81423255 17.5 -6.64620858099154 
23.96894793 11.04614459 17.5 -6.645981085575 
26.15009848 12.27805663 17.5 -6.64577372558486 
28.33124903 13.50996866 17.5 -6.64559099040667 
30.51239959 14.7418807 17.5 -6.64543649204896 
32.69355014 15.97379273 17.5 -6.64531298724474 
34.87470069 17.20570477 17.5 -6.6452223624256 
37.05585125 18.43761681 17.5 -6.64516560451878 
39.2370018 19.66952884 17.5 -6.64514281518178 
41.41815235 20.90144088 17.5 -6.64515315761472 
43.59930291 22.13335291 17.5 -6.64519479312152 
45.78045346 23.36526495 17.5 -6.64526492682811 
47.96160401 24.59717699 17.5 -6.64535980598805 
50.14275456 25.82908902 17.5 -6.64547469534039 
52.32390512 27.06100106 17.5 -6.64560403124924 
54.50505567 28.29291309 17.5 -6.64574147051307 
56.68620622 29.52482513 17.5 -6.64587999817473 
58.86735678 30.75673717 17.5 -6.64601209638305 
61.04850733 31.9886492 17.5 -6.64612987731241 
63.22965788 33.22056124 17.5 -6.64622525921801 
65.41080844 34.45247327 17.5 -6.64629015059564 
67.59195899 35.68438531 17.5 -6.64631667725438 
69.77310954 36.91629735 17.5 -6.64629735432017 
71.9542601 38.14820938 17.5 -6.64622525302521 
74.13541065 39.38012142 17.5 -6.64609426547893 
76.3165612 40.61203345 17.5 -6.64589922932889 
78.49771176 41.84394549 17.5 -6.64563624972982 
80.67886231 43.07585753 17.5 -6.64530283301297 
82.86001286 44.30776956 17.5 -6.64489783389444 
85.04116342 45.5396816 17.5 -6.64442147611047 
87.22231397 46.77159363 17.5 -6.64387530230904 
89.40346452 48.00350567 17.5 -6.64326215323051 
91.58461507 49.23541771 17.5 -6.64258605433816 
93.76576563 50.46732974 17.5 -6.64185219135583 
95.94691618 51.69924178 17.5 -6.64106687819552 
98.12806673 52.93115381 17.5 -6.64023739223456 
100.30921729 54.16306585 17.5 -6.63937198827962 
102.49036784 55.39497789 17.5 -6.63847981268571 
104.67151839 56.62688992 17.5 -6.63757075432717 
106.85266895 57.85880196 17.5 -6.63665543598938 
109.0338195 59.09071399 17.5 -6.63574505442882 
111.21497005 60.32262603 17.5 -6.63485124116601 
113.39612061 61.55453807 17.5 -6.63398593387863 
115.57727116 62.7864501 17.5 -6.63316119615649 
117.75842171 64.01836214 17.5 -6.63238903408171 
119.93957227 65.25027417 17.5 -6.63168112946204 
122.12072282 66.48218621 17.5 -6.63104870163379 
124.30187337 67.71409825 17.5 -6.63050221698417 
126.48302393 68.94601028 17.5 -6.6300511570548 
128.66417448 70.17792232 17.5 -6.62970387202928 
130.84532503 71.40983435 17.5 -6.62946733124259 
133.02647558 72.64174639 17.5 -6.62934681587501 
135.20762614 73.87365842 17.5 -6.62934563475264 
137.38877669 75.10557046 17.5 -6.62946498919981 
139.56992724 76.3374825 17.5 -6.62970387769068 
141.7510778 77.56939453 17.5 -6.63005914189472 
143.93222835 78.80130657 17.5 -6.63052556652242 
146.1133789 80.0332186 17.5 -6.63109597038542 
148.29452946 81.26513064 17.5 -6.63176144696669 
150.47568001 82.49704268 17.5 -6.63251161148372 
152.65683056 83.72895471 17.5 -6.63333484027776 
154.83798112 84.96086675 17.5 -6.63421862764441 
157.01913167 86.19277878 17.5 -6.63514989602979 
159.20028222 87.42469082 17.5 -6.63611527474101 
161.38143278 88.65660286 17.5 -6.63710140031767 
163.56258333 89.88851489 17.5 -6.63809522885397 
165.74373388 91.12042693 17.5 -6.63908425072856 
167.92488444 92.35233896 17.5 -6.64005670726317 
170.10603499 93.584251 17.5 -6.64100182238582 
172.28718554 94.81616304 17.5 -6.64190989838115 
174.4683361 96.04807507 17.5 -6.64277238910196 
176.64948665 97.27998711 17.5 -6.64358196962442 
178.8306372 98.51189914 17.5 -6.6443325098279 
181.01178775 99.74381118 17.5 -6.64501895909721 
183.19293831 100.97572322 17.5 -6.64563731120174 
185.37408886 102.20763525 17.5 -6.64618446427087 
187.55523941 103.43954729 17.5 -6.64665806727456 
189.73638997 104.67145932 17.5 -6.64705647816319 
191.91754052 105.90337136 17.5 -6.6473787298304 
194.09869107 107.1352834 17.5 -6.64762454639004 
10.85833645 1.14978457 17.5 -6.64743391745783 
13.039487 2.3816966 17.5 -6.64721266100625 
15.22063756 3.61360864 17.5 -6.64697061335081 
17.40178811 4.84552067 17.5 -6.64671717252394 
19.58293866 6.07743271 17.5 -6.64646099094318 
21.76408922 7.30934475 17.5 -6.6462098552508 
23.94523977 8.54125678 17.5 -6.64597063304447 
26.12639032 9.77316882 17.5 -6.64574927104086 
28.30754087 11.00508085 17.5 -6.64555076027154 
30.48869143 12.23699289 17.5 -6.64537921456329 
32.66984198 13.46890493 17.5 -6.64523790018026 
34.85099253 14.70081696 17.5 -6.64512917579583 
37.03214309 15.932729 17.5 -6.64505454252434 
39.21329364 17.16464103 17.5 -6.64501461779961 
41.39444419 18.39655307 17.5 -6.64500904839732 
43.57559475 19.62846511 17.5 -6.64503654658185 
45.7567453 20.86037714 17.5 -6.64509484730259 
47.93789585 22.09228918 17.5 -6.64518067789307 
50.11904641 23.32420121 17.5 -6.64528980756496 
52.30019696 24.55611325 17.5 -6.64541710585317 
54.48134751 25.78802529 17.5 -6.64555661186343 
56.66249807 27.01993732 17.5 -6.64570161252054 
58.84364862 28.25184936 17.5 -6.64584480506475 
61.02479917 29.48376139 17.5 -6.64597839205712 
63.20594973 30.71567343 17.5 -6.64609426905767 
65.38710028 31.94758547 17.5 -6.64618426763268 
67.56825083 33.1794975 17.5 -6.64624033376743 
69.74940138 34.41140954 17.5 -6.64625469023871 
71.93055194 35.64332157 17.5 -6.64622006618131 
74.11170249 36.87523361 17.5 -6.64612988124275 
76.29285304 38.10714565 17.5 -6.64597838798459 
78.4740036 39.33905768 17.5 -6.64576099505847 
80.65515415 40.57096972 17.5 -6.64547447135682 
82.8363047 41.80288175 17.5 -6.64511692348231 
85.01745526 43.03479379 17.5 -6.64468784236825 
87.19860581 44.26670583 17.5 -6.6441880868147 
89.37975636 45.49861786 17.5 -6.64361978331364 
91.56090692 46.7305299 17.5 -6.64298631641175 
93.74205747 47.96244193 17.5 -6.64229227080244 
95.92320802 49.19435397 17.5 -6.64154334194609 
98.10435858 50.42626601 17.5 -6.64074627230544 
100.28550913 51.65817804 17.5 -6.63990881461929 
102.46665968 52.89009008 17.5 -6.63903961939665 
104.64781024 54.12200211 17.5 -6.63814814783402 
106.82896079 55.35391415 17.5 -6.6372446344348 
109.01011134 56.58582619 17.5 -6.63633993956476 
111.1912619 57.81773822 17.5 -6.63544541788115 
113.37241245 59.04965026 17.5 -6.6345728164927 
115.553563 60.28156229 17.5 -6.63373410204512 
117.73471355 61.51347433 17.5 -6.63294123111941 
119.91586411 62.74538637 17.5 -6.6322060094971 
122.09701466 63.9772984 17.5 -6.63153985739195 
124.27816521 65.20921044 17.5 -6.63095354427097 
126.45931577 66.44112247 17.5 -6.63045700980928 
128.64046632 67.67303451 17.5 -6.63005914573241 
130.82161687 68.90494655 17.5 -6.62976756460015 
133.00276743 70.13685858 17.5 -6.62958839787435 
135.18391798 71.36877062 17.5 -6.6295259828632 
137.36506853 72.60068265 17.5 -6.62958257976604 
139.54621909 73.83259469 17.5 -6.6297583046288 
141.72736964 75.06450673 17.5 -6.63005115547429 
143.90852019 76.29641876 17.5 -6.63045701208137 
146.08967075 77.5283308 17.5 -6.6309697591315 
148.2708213 78.76024283 17.5 -6.63158146671424 
150.45197185 79.99215487 17.5 -6.63228257572145 
152.63312241 81.22406691 17.5 -6.63306213416738 
154.81427296 82.45597894 17.5 -6.63390811866765 
156.99542351 83.68789098 17.5 -6.63480777984365 
159.17657406 84.91980301 17.5 -6.63574787747502 
161.35772462 86.15171505 17.5 -6.6367150620798 
163.53887517 87.38362709 17.5 -6.63769614614801 
165.72002572 88.61553912 17.5 -6.6386783194358 
167.90117628 89.84745116 17.5 -6.63964945307961 
170.08232683 91.07936319 17.5 -6.64059827189933 
172.26347738 92.31127523 17.5 -6.64151449257562 
174.44462794 93.54318727 17.5 -6.64238897521748 
176.62577849 94.7750993 17.5 -6.64321377952016 
178.80692904 96.00701134 17.5 -6.64398215043246 
180.9880796 97.23892337 17.5 -6.6446884815332 
183.16923015 98.47083541 17.5 -6.64532827355134 
185.3503807 99.70274745 17.5 -6.64589799386452 
187.53153126 100.93465948 17.5 -6.64639495287734 
189.71268181 102.16657152 17.5 -6.6468172756922 
191.89383236 103.39848355 17.5 -6.64716375658404 
15.1969294 1.10872083 17.5 -6.64692361412648 
17.37807995 2.34063287 17.5 -6.64666790634864 
19.5592305 3.5725449 17.5 -6.64640562743164 
21.74038106 4.80445694 17.5 -6.64614502268903 
23.92153161 6.03636898 17.5 -6.64589348336645 
26.10268216 7.26828101 17.5 -6.64565745612713 
28.28383272 8.50019305 17.5 -6.64544249488967 
30.46498327 9.73210508 17.5 -6.64525324769012 
32.64613382 10.96401712 17.5 -6.64509348861198 
34.82728438 12.19592916 17.5 -6.64496609761931 
37.00843493 13.42784119 17.5 -6.64487311010447 
39.18958548 14.65975323 17.5 -6.6448156589426 
41.37073604 15.89166526 17.5 -6.64479391993965 
43.55188659 17.1235773 17.5 -6.64480713869801 
45.73303714 18.35548934 17.5 -6.64485358884397 
47.9141877 19.58740137 17.5 -6.6449305032272 
50.09533825 20.81931341 17.5 -6.64503417228776 
52.2764888 22.05122544 17.5 -6.64515992719829 
54.45763935 23.28313748 17.5 -6.64530219786796 
56.63878991 24.51504952 17.5 -6.64545461747191 
58.81994046 25.74696155 17.5 -6.6456101097637 
61.00109101 26.97887359 17.5 -6.64576100061504 
63.18224157 28.21078562 17.5 -6.64589922205595 
65.36339212 29.44269766 17.5 -6.64601653560508 
67.54454267 30.6746097 17.5 -6.64610468189435 
69.72569323 31.90652173 17.5 -6.64615561634654 
71.90684378 33.13843377 17.5 -6.64616173201003 
74.08799433 34.3703458 17.5 -6.64611598674232 
76.26914489 35.60225784 17.5 -6.64601209617241 
78.45029544 36.83416988 17.5 -6.64584480415694 
80.63144599 38.06608191 17.5 -6.64561011171326 
82.81259655 39.29799395 17.5 -6.64530537611458 
84.9937471 40.52990598 17.5 -6.64492934404897 
87.17489765 41.76181802 17.5 -6.64448211429601 
89.35604821 42.99373006 17.5 -6.64396509586524 
91.53719876 44.22564209 17.5 -6.64338098768104 
93.71834931 45.45755413 17.5 -6.64273373457877 
95.89949986 46.68946616 17.5 -6.64202838533107 
98.08065042 47.9213782 17.5 -6.64127111038921 
100.26180097 49.15329024 17.5 -6.64046911454729 
102.44295152 50.38520227 17.5 -6.63963051335009 
104.62410208 51.61711431 17.5 -6.63876432128048 
106.80525263 52.84902634 17.5 -6.63788033468205 
108.98640318 54.08093838 17.5 -6.63698901191761 
111.16755374 55.31285042 17.5 -6.63610139791708 
113.34870429 56.54476245 17.5 -6.63522898847627 
115.52985484 57.77667449 17.5 -6.63438355393265 
117.7110054 59.00858652 17.5 -6.63357696645478 
119.89215595 60.24049856 17.5 -6.63282104835369 
122.0733065 61.4724106 17.5 -6.63212732334376 
124.25445706 62.70432263 17.5 -6.63150678833338 
126.43560761 63.93623467 17.5 -6.63096975907403 
128.61675816 65.1681467 17.5 -6.63052556750521 
130.79790872 66.40005874 17.5 -6.63018239190801 
132.97905927 67.63197078 17.5 -6.62994708717375 
135.16020982 68.86388281 17.5 -6.6298248947453 
137.34136037 70.09579485 17.5 -6.62981912683305 
139.52251093 71.32770688 17.5 -6.62993101343775 
141.70366148 72.55961892 17.5 -6.63015970489936 
143.88481203 73.79153096 17.5 -6.63050221613076 
146.06596259 75.02344299 17.5 -6.63095353414833 
148.24711314 76.25535503 17.5 -6.6315067954708 
150.42826369 77.48726706 17.5 -6.63215334887892 
152.60941425 78.7191791 17.5 -6.63288307510649 
154.7905648 79.95109114 17.5 -6.63368462402568 
156.97171535 81.18300317 17.5 -6.63454564140948 
159.15286591 82.41491521 17.5 -6.63545319165313 
161.33401646 83.64682724 17.5 -6.63639402209843 
163.51516701 84.87873928 17.5 -6.63735488233304 
165.69631757 86.11065132 17.5 -6.63832277560556 
167.87746812 87.34256335 17.5 -6.63928524455173 
170.05861867 88.57447539 17.5 -6.64023059152298 
172.23976923 89.80638742 17.5 -6.64114800017007 
174.42091978 91.03829946 17.5 -6.64202775138143 
176.60207033 92.2702115 17.5 -6.64286129709856 
178.78322089 93.50212353 17.5 -6.64364122862187 
180.96437144 94.73403557 17.5 -6.64436138657598 
183.14552199 95.9659476 17.5 -6.64501672613175 
185.32667254 97.19785964 17.5 -6.64560323811789 
187.5078231 98.42977168 17.5 -6.64611788514414 
189.68897365 99.66168371 17.5 -6.64655847877463 
19.53552235 1.0676571 17.5 -6.64628934586799 
21.7166729 2.29956913 17.5 -6.64601850818354 
23.89782345 3.53148117 17.5 -6.64575381971494 
26.07897401 4.76339321 17.5 -6.64550225697269 
28.26012456 5.99530524 17.5 -6.64526990674331 
30.44127511 7.22721728 17.5 -6.64506200678841 
32.62242566 8.45912931 17.5 -6.64488284805375 
34.80357622 9.69104135 17.5 -6.64473587756765 
36.98472677 10.92295339 17.5 -6.64462368138897 
39.16587732 12.15486542 17.5 -6.64454789597661 
41.34702788 13.38677746 17.5 -6.64450928554914 
43.52817843 14.61868949 17.5 -6.64450763797184 
45.70932898 15.85060153 17.5 -6.6445417463985 
47.89047954 17.08251357 17.5 -6.64460940396519 
50.07163009 18.3144256 17.5 -6.64470740626534 
52.25278064 19.54633764 17.5 -6.64483157176781 
54.4339312 20.77824967 17.5 -6.64497676240891 
56.61508175 22.01016171 17.5 -6.64513697504962 
58.7962323 23.24207375 17.5 -6.64530538542311 
60.97738286 24.47398578 17.5 -6.64547446313781 
63.15853341 25.70589782 17.5 -6.64563624994019 
65.33968396 26.93780985 17.5 -6.64578243288864 
67.52083452 28.16972189 17.5 -6.64590460205237 
69.70198507 29.40163393 17.5 -6.64599447108181 
71.88313562 30.63354596 17.5 -6.64604405974 
74.06428617 31.865458 17.5 -6.64604589355388 
76.24543673 33.09737003 17.5 -6.64599317030812 
78.42658728 34.32928207 17.5 -6.64587999788532 
80.60773783 35.56119411 17.5 -6.64570161949093 
82.78888839 36.79310614 17.5 -6.64545461425926 
84.97003894 38.02501818 17.5 -6.64513697889628 
87.15118949 39.25693021 17.5 -6.64474800969775 
89.33234005 40.48884225 17.5 -6.64428838030053 
91.5134906 41.72075429 17.5 -6.64376008419402 
93.69464115 42.95266632 17.5 -6.64316632271632 
95.87579171 44.18457836 17.5 -6.6425115303082 
98.05694226 45.41649039 17.5 -6.64180124816148 
100.23809281 46.64840243 17.5 -6.64104208318974 
102.41924337 47.88031447 17.5 -6.64024160829107 
104.60039392 49.1122265 17.5 -6.63940832191345 
106.78154447 50.34413854 17.5 -6.63855156161112 
108.96269503 51.57605057 17.5 -6.63768134865741 
111.14384558 52.80796261 17.5 -6.6368083616201 
113.32499613 54.03987465 17.5 -6.63594379098712 
115.50614669 55.27178668 17.5 -6.63509913332772 
117.68729724 56.50369872 17.5 -6.63428613351618 
119.86844779 57.73561075 17.5 -6.63351653775338 
122.04959834 58.96752279 17.5 -6.63280188721123 
124.2307489 60.19943483 17.5 -6.63215334528228 
126.41189945 61.43134686 17.5 -6.63158146813735 
128.59305 62.6632589 17.5 -6.63109596826486 
130.77420056 63.89517093 17.5 -6.63070551345559 
132.95535111 65.12708297 17.5 -6.63041756543589 
135.13650166 66.35899501 17.5 -6.63023813775299 
137.31765222 67.59090704 17.5 -6.63017151238948 
139.49880277 68.82281908 17.5 -6.63022003586337 
141.67995332 70.05473111 17.5 -6.63038396523914 
143.86110388 71.28664315 17.5 -6.63066146788969 
146.04225443 72.51855519 17.5 -6.63104870385228 
148.22340498 73.75046722 17.5 -6.63153985688484 
150.40455554 74.98237926 17.5 -6.63212731760757 
152.58570609 76.21429129 17.5 -6.63280188360482 
154.76685664 77.44620333 17.5 -6.63355297165077 
156.9480072 78.67811537 17.5 -6.63436887098404 
159.12915775 79.9100274 17.5 -6.63523704353701 
161.3103083 81.14193944 17.5 -6.63614448073238 
163.49145885 82.37385147 17.5 -6.63707795348236 
165.67260941 83.60576351 17.5 -6.63802437980453 
167.85375996 84.83767555 17.5 -6.63897108024191 
170.03491051 86.06958758 17.5 -6.63990594904638 
172.21606107 87.30149962 17.5 -6.64081774326214 
174.39721162 88.53341165 17.5 -6.64169619916187 
176.57836217 89.76532369 17.5 -6.64253214154737 
178.75951273 90.99723573 17.5 -6.64331757695168 
180.94066328 92.22914776 17.5 -6.6440457224677 
183.12181383 93.4610598 17.5 -6.64471096412515 
185.30296439 94.69297183 17.5 -6.64530879301598 
187.48411494 95.92488387 17.5 -6.64583576449034 
23.87411529 1.02659336 17.5 -6.64555685819649 
26.05526585 2.2585054 17.5 -6.64528863741184 
28.2364164 3.49041744 17.5 -6.64503776318439 
30.41756695 4.72232947 17.5 -6.64480998022019 
32.59871751 5.95424151 17.5 -6.64461019117145 
34.77986806 7.18615354 17.5 -6.6444424117367 
36.96101861 8.41806558 17.5 -6.64430977910683 
39.14216917 9.64997762 17.5 -6.64421451210021 
41.32331972 10.88188965 17.5 -6.64415792589502 
43.50447027 12.11380169 17.5 -6.64414038435601 
45.68562083 13.34571372 17.5 -6.64416122474548 
47.86677138 14.57762576 17.5 -6.64421879993801 
50.04792193 15.8095378 17.5 -6.64431045345381 
52.22907249 17.04144983 17.5 -6.64443246966038 
54.41022304 18.27336187 17.5 -6.64458019928801 
56.59137359 19.5052739 17.5 -6.64474800978602 
58.77252414 20.73718594 17.5 -6.64492934760256 
60.9536747 21.96909798 17.5 -6.64511691780827 
63.13482525 23.20101001 17.5 -6.64530283236879 
65.3159758 24.43292205 17.5 -6.64547878230829 
67.49712636 25.66483408 17.5 -6.6456362424373 
69.67827691 26.89674612 17.5 -6.64576671239314 
71.85942746 28.12865816 17.5 -6.64586187099217 
74.04057802 29.36057019 17.5 -6.64591380345742 
76.22172857 30.59248223 17.5 -6.64591522844628 
78.40287912 31.82439426 17.5 -6.64585961599293 
80.58402968 33.0563063 17.5 -6.64574146657434 
82.76518023 34.28821834 17.5 -6.64555660880828 
84.94633078 35.52013037 17.5 -6.64530219747594 
87.12748134 36.75204241 17.5 -6.64497676240784 
89.30863189 37.98395444 17.5 -6.64458020143175 
91.48978244 39.21586648 17.5 -6.6441137337429 
93.670933 40.44777852 17.5 -6.64357984615384 
95.85208355 41.67969055 17.5 -6.64298225772828 
98.0332341 42.91160259 17.5 -6.64232588346432 
100.21438465 44.14351462 17.5 -6.64161667838957 
102.39553521 45.37542666 17.5 -6.64086164701587 
104.57668576 46.6073387 17.5 -6.6400687584852 
106.75783631 47.83925073 17.5 -6.63924679766804 
108.93898687 49.07116277 17.5 -6.63840536323717 
111.12013742 50.3030748 17.5 -6.63755471662793 
113.30128797 51.53498684 17.5 -6.63670565991422 
115.48243853 52.76689887 17.5 -6.63586941747647 
117.66358908 53.99881091 17.5 -6.63505750575133 
119.84473963 55.23072295 17.5 -6.63428151945126 
122.02589019 56.46263498 17.5 -6.6335529658965 
124.20704074 57.69454702 17.5 -6.63288307824076 
126.38819129 58.92645905 17.5 -6.6322825780356 
128.56934185 60.15837109 17.5 -6.63176144880845 
130.7504924 61.39028313 17.5 -6.63132879378249 
132.93164295 62.62219516 17.5 -6.63099257168821 
135.11279351 63.8541072 17.5 -6.63075944041771 
137.29394406 65.08601923 17.5 -6.63063456861486 
139.47509461 66.31793127 17.5 -6.63062131352632 
141.65624516 67.54984331 17.5 -6.6307210256543 
143.83739572 68.78175534 17.5 -6.63093302778614 
146.01854627 70.01366738 17.5 -6.63125462986286 
148.19969682 71.24557941 17.5 -6.63168113577832 
150.38084738 72.47749145 17.5 -6.63220600947324 
152.56199793 73.70940349 17.5 -6.63282105207874 
154.74314848 74.94131552 17.5 -6.63351653799229 
156.92429904 76.17322756 17.5 -6.63428151475812 
159.10544959 77.40513959 17.5 -6.6351040597204 
161.28660014 78.63705163 17.5 -6.63597151334376 
163.4677507 79.86896367 17.5 -6.63687084194688 
165.64890125 81.1008757 17.5 -6.6377889692064 
167.8300518 82.33278774 17.5 -6.63871305037504 
170.01120236 83.56469977 17.5 -6.63963070736539 
172.19235291 84.79661181 17.5 -6.64053029984098 
174.37350346 86.02852385 17.5 -6.64140107095729 
176.55465402 87.26043588 17.5 -6.64223327926166 
178.73580457 88.49234792 17.5 -6.64301833766136 
180.91695512 89.72425995 17.5 -6.64374886087316 
183.09810568 90.95617199 17.5 -6.64441861832296 
185.27925623 92.18808403 17.5 -6.64502259068506 
28.21270824 0.98552963 17.5 -6.64475178421087 
30.3938588 2.21744166 17.5 -6.64450268815543 
32.57500935 3.4493537 17.5 -6.64428077491631 
34.7561599 4.68126574 17.5 -6.64409067057998 
36.93731045 5.91317777 17.5 -6.64393607716618 
39.11846101 7.14508981 17.5 -6.64381981730807 
41.29961156 8.37700184 17.5 -6.64374379834496 
43.48076211 9.60891388 17.5 -6.64370893104719 
45.66191267 10.84082592 17.5 -6.64371515570851 
47.84306322 12.07273795 17.5 -6.64376139851886 
50.02421377 13.30464999 17.5 -6.64384552215608 
52.20536433 14.53656202 17.5 -6.64396436002733 
54.38651488 15.76847406 17.5 -6.6441137296604 
56.56766543 17.0003861 17.5 -6.64428838613099 
58.74881599 18.23229813 17.5 -6.64448210875229 
60.92996654 19.46421017 17.5 -6.64468784544221 
63.11111709 20.6961222 17.5 -6.64489783843064 
65.29226765 21.92803424 17.5 -6.64510379387775 
67.4734182 23.15994628 17.5 -6.64529713986095 
69.65456875 24.39185831 17.5 -6.64546916838648 
71.83571931 25.62377035 17.5 -6.64561125824115 
74.01686986 26.85568238 17.5 -6.64571511117913 
76.19802041 28.08759442 17.5 -6.64577294195476 
78.37917096 29.31950646 17.5 -6.64577763403082 
80.56032152 30.55141849 17.5 -6.6457229887713 
82.74147207 31.78333053 17.5 -6.64560403798049 
84.92262262 33.01524256 17.5 -6.64541711162579 
87.10377318 34.2471546 17.5 -6.64515992150718 
89.28492373 35.47906664 17.5 -6.64483157174219 
91.46607428 36.71097867 17.5 -6.64443247178258 
93.64722484 37.94289071 17.5 -6.64396435850695 
95.82837539 39.17480274 17.5 -6.64343024150191 
98.00952594 40.40671478 17.5 -6.64283429747533 
100.1906765 41.63862682 17.5 -6.64218185316739 
102.37182705 42.87053885 17.5 -6.64147930043749 
104.5529776 44.10245089 17.5 -6.64073401176482 
106.73412816 45.33436292 17.5 -6.63995424034677 
108.91527871 46.56627496 17.5 -6.63914908721866 
111.09642926 47.798187 17.5 -6.63832835888774 
113.27757982 49.03009903 17.5 -6.63750244431131 
115.45873037 50.26201107 17.5 -6.63668224350405 
117.63988092 51.4939231 17.5 -6.63587898831983 
119.82103148 52.72583514 17.5 -6.63510405909934 
122.00218203 53.95774718 17.5 -6.63436886298511 
124.18333258 55.18965921 17.5 -6.63368461945893 
126.36448313 56.42157125 17.5 -6.6330621342774 
128.54563369 57.65348328 17.5 -6.63251160779081 
130.72678424 58.88539532 17.5 -6.63204246475479 
132.90793479 60.11730736 17.5 -6.63166308802019 
135.08908535 61.34921939 17.5 -6.63138069336905 
137.2702359 62.58113143 17.5 -6.63120117873731 
139.45138645 63.81304346 17.5 -6.6311287995851 
141.63253701 65.0449555 17.5 -6.63116596088871 
143.81368756 66.27686754 17.5 -6.63131310792417 
145.99483811 67.50877957 17.5 -6.63156867443904 
148.17598867 68.74069161 17.5 -6.63192911884103 
150.35713922 69.97260364 17.5 -6.63238902853191 
152.53828977 71.20451568 17.5 -6.63294123287082 
154.71944033 72.43642772 17.5 -6.63357696618461 
156.90059088 73.66833975 17.5 -6.63428613225662 
159.08174143 74.90025179 17.5 -6.63505750918166 
161.26289199 76.13216382 17.5 -6.63587898621239 
163.44404254 77.36407586 17.5 -6.63673789780868 
165.62519309 78.5959879 17.5 -6.63762130263927 
167.80634364 79.82789993 17.5 -6.63851628254108 
169.9874942 81.05981197 17.5 -6.63941029330846 
172.16864475 82.291724 17.5 -6.64029136897769 
174.3497953 83.52363604 17.5 -6.64114830496231 
176.53094586 84.75554808 17.5 -6.64197086267805 
178.71209641 85.98746011 17.5 -6.64274989294506 
180.89324696 87.21937215 17.5 -6.64347739252595 
183.07439752 88.45128418 17.5 -6.64414654864792 
32.55130119 0.94446589 17.5 -6.64390081668701 
34.73245174 2.17637793 17.5 -6.64368661826564 
36.9136023 3.40828997 17.5 -6.64350827163559 
39.09475285 4.640202 17.5 -6.64336921410449 
41.2759034 5.87211404 17.5 -6.64327195148696 
43.45705396 7.10402607 17.5 -6.64321798809821 
45.63820451 8.33593811 17.5 -6.64320787129 
47.81935506 9.56785015 17.5 -6.64324109635042 
50.00050562 10.79976218 17.5 -6.64331608651538 
52.18165617 12.03167422 17.5 -6.6434302353857 
54.36280672 13.26358625 17.5 -6.64357984572405 
56.54395728 14.49549829 17.5 -6.64376008282857 
58.72510783 15.72741033 17.5 -6.64396509010129 
60.90625838 16.95932236 17.5 -6.64418808549732 
63.08740893 18.1912344 17.5 -6.64442147604141 
65.26855949 19.42314643 17.5 -6.64465704883838 
67.44971004 20.65505847 17.5 -6.64488619094465 
69.63086059 21.88697051 17.5 -6.64510002969083 
71.81201115 23.11888254 17.5 -6.64528969317684 
73.9931617 24.35079458 17.5 -6.64544653855895 
76.17431225 25.58270661 17.5 -6.64556228220121 
78.35546281 26.81461865 17.5 -6.64562926227632 
80.53661336 28.04653069 17.5 -6.64564062416789 
82.71776391 29.27844272 17.5 -6.64559059514842 
84.89891447 30.51035476 17.5 -6.64547469366806 
87.08006502 31.74226679 17.5 -6.64528980552818 
89.26121557 32.97417883 17.5 -6.64503417988764 
91.44236613 34.20609087 17.5 -6.64470740744525 
93.62351668 35.4380029 17.5 -6.64431044227954 
95.80466723 36.66991494 17.5 -6.64384552315852 
97.98581779 37.90182697 17.5 -6.64331608985053 
100.16696834 39.13373901 17.5 -6.64272678199514 
102.34811889 40.36565105 17.5 -6.64208334722659 
104.52926944 41.59756308 17.5 -6.6413925209656 
106.71042 42.82947512 17.5 -6.64066201195237 
108.89157055 44.06138715 17.5 -6.63990038271333 
111.0727211 45.29329919 17.5 -6.639116933321 
113.25387166 46.52521123 17.5 -6.63832163418567 
115.43502221 47.75712326 17.5 -6.63752498845642 
117.61617276 48.9890353 17.5 -6.6367379034191 
119.79732332 50.22094733 17.5 -6.63597150753069 
121.97847387 51.45285937 17.5 -6.63523704745793 
124.15962442 52.68477141 17.5 -6.6345456501217 
126.34077498 53.91668344 17.5 -6.63390812036709 
128.52192553 55.14859548 17.5 -6.63333483626076 
130.70307608 56.38050751 17.5 -6.63283543031069 
132.88422664 57.61241955 17.5 -6.63241864554066 
135.06537719 58.84433159 17.5 -6.63209218848277 
137.24652774 60.07624362 17.5 -6.6318624971282 
139.4276783 61.30815566 17.5 -6.63173463080925 
141.60882885 62.54006769 17.5 -6.63171195650956 
143.7899794 63.77197973 17.5 -6.63179598651948 
145.97112995 65.00389177 17.5 -6.63198625844994 
148.15228051 66.2358038 17.5 -6.6322803642219 
150.33343106 67.46771584 17.5 -6.63267405012369 
152.51458161 68.69962787 17.5 -6.63316120246739 
154.69573217 69.93153991 17.5 -6.6337340940365 
156.87688272 71.16345195 17.5 -6.6343835570932 
159.05803327 72.39536398 17.5 -6.63509913259908 
161.23918383 73.62727602 17.5 -6.6358694153521 
163.42033438 74.85918805 17.5 -6.63668224759312 
165.60148493 76.09110009 17.5 -6.6375249937681 
167.78263549 77.32301213 17.5 -6.63838484554019 
169.96378604 78.55492416 17.5 -6.63924914670341 
172.14493659 79.7868362 17.5 -6.64010570826815 
174.32608715 81.01874823 17.5 -6.64094295605709 
176.5072377 82.25066027 17.5 -6.64175021766663 
178.68838825 83.48257231 17.5 -6.64251780855895 
180.86953881 84.71448434 17.5 -6.6432371264484 
36.88989414 0.90340216 17.5 -6.64303301112211 
39.07104469 2.1353142 17.5 -6.6428691018414 
41.25219524 3.36722623 17.5 -6.64274848697482 
43.4333458 4.59913827 17.5 -6.64267333548143 
45.61449635 5.8310503 17.5 -6.64264479053309 
47.7956469 7.06296234 17.5 -6.6426629312677 
49.97679746 8.29487438 17.5 -6.64272678558685 
52.15794801 9.52678641 17.5 -6.64283429223338 
54.33909856 10.75869845 17.5 -6.64298226575273 
56.52024912 11.99061048 17.5 -6.64316632022636 
58.70139967 13.22252252 17.5 -6.64338099316426 
60.88255022 14.45443456 17.5 -6.6436197880947 
63.06370078 15.68634659 17.5 -6.64387530102679 
65.24485133 16.91825863 17.5 -6.64413947179701 
67.42600188 18.15017066 17.5 -6.64440365639421 
69.60715244 19.3820827 17.5 -6.64465887424331 
71.78830299 20.61399474 17.5 -6.64489605768154 
73.96945354 21.84590677 17.5 -6.64510619461343 
76.1506041 23.07781881 17.5 -6.64528059746509 
78.33175465 24.30973084 17.5 -6.64541106665371 
80.5129052 25.54164288 17.5 -6.64549013092648 
82.69405575 26.77355492 17.5 -6.64551124890707 
84.87520631 28.00546695 17.5 -6.64546911617515 
87.05635686 29.23737899 17.5 -6.64535980362862 
89.23750741 30.46929102 17.5 -6.64518067697362 
91.41865797 31.70120306 17.5 -6.64493050087305 
93.59980852 32.9331151 17.5 -6.64460940877566 
95.78095907 34.16502713 17.5 -6.64421880317447 
97.96210963 35.39693917 17.5 -6.6437613945147 
100.14326018 36.6288512 17.5 -6.64324109246897 
102.32441073 37.86076324 17.5 -6.64266293139809 
104.50556129 39.09267528 17.5 -6.64203301730909 
106.68671184 40.32458731 17.5 -6.64135844451546 
108.86786239 41.55649935 17.5 -6.64064721794225 
111.04901295 42.78841138 17.5 -6.63990810644089 
113.2301635 44.02032342 17.5 -6.63915062334124 
115.41131405 45.25223546 17.5 -6.63838485049695 
117.59246461 46.48414749 17.5 -6.6376213003801 
119.77361516 47.71605953 17.5 -6.63687084028953 
121.95476571 48.94797156 17.5 -6.63614448082731 
124.13591626 50.1798836 17.5 -6.63545319592195 
126.31706682 51.41179564 17.5 -6.63480777623009 
128.49821737 52.64370767 17.5 -6.63421862832394 
130.67936792 53.87561971 17.5 -6.63369555889353 
132.86051848 55.10753174 17.5 -6.63324759283119 
135.04166903 56.33944378 17.5 -6.63288282146587 
137.22281958 57.57135582 17.5 -6.63260817464481 
139.40397014 58.80326785 17.5 -6.63242931287796 
141.58512069 60.03517989 17.5 -6.63235048216317 
143.76627124 61.26709192 17.5 -6.63237414866166 
145.9474218 62.49900396 17.5 -6.63250093085759 
148.12857235 63.730916 17.5 -6.63272956076911 
150.3097229 64.96282803 17.5 -6.63305686968721 
152.49087346 66.19474007 17.5 -6.63347787979226 
154.67202401 67.4266521 17.5 -6.63398593207446 
156.85317456 68.65856414 17.5 -6.63457282305111 
159.03432512 69.89047618 17.5 -6.63522899193441 
161.21547567 71.12238821 17.5 -6.63594378082809 
163.39662622 72.35430025 17.5 -6.63670566036849 
165.57777678 73.58621228 17.5 -6.6375024474832 
167.75892733 74.81812432 17.5 -6.63832163085342 
169.94007788 76.05003636 17.5 -6.63915062915046 
172.12122843 77.28194839 17.5 -6.63997706166273 
174.30237899 78.51386043 17.5 -6.64078912089824 
176.48352954 79.74577246 17.5 -6.64157573868392 
178.66468009 80.9776845 17.5 -6.64232673594618 
41.22848709 0.86233843 17.5 -6.64218045738011 
43.40963764 2.09425046 17.5 -6.64208173478242 
45.59078819 3.3261625 17.5 -6.64203236071987 
47.77193875 4.55807453 17.5 -6.64203301522133 
49.9530893 5.78998657 17.5 -6.64208334347314 
52.13423985 7.02189861 17.5 -6.64218186096667 
54.31539041 8.25381064 17.5 -6.64232588154878 
56.49654096 9.48572268 17.5 -6.64251152829673 
58.67769151 10.71763471 17.5 -6.64273373475114 
60.85884206 11.94954675 17.5 -6.6429863190081 
63.03999262 13.18145879 17.5 -6.64326214986697 
65.22114317 14.41337082 17.5 -6.64355328255977 
67.40229372 15.64528286 17.5 -6.64385112245514 
69.58344428 16.87719489 17.5 -6.64414662498981 
71.76459483 18.10910693 17.5 -6.64443054045618 
73.94574538 19.34101897 17.5 -6.64469356536842 
76.12689594 20.572931 17.5 -6.64492660054119 
78.30804649 21.80484304 17.5 -6.6451209888163 
80.48919704 23.03675507 17.5 -6.64526863163088 
82.6703476 24.26866711 17.5 -6.64536228621156 
84.85149815 25.50057915 17.5 -6.64539587119246 
87.0326487 26.73249118 17.5 -6.64536457393244 
89.21379926 27.96440322 17.5 -6.64526492882152 
91.39494981 29.19631525 17.5 -6.64509484528286 
93.57610036 30.42822729 17.5 -6.64485359002909 
95.75725092 31.66013932 17.5 -6.64454174471456 
97.93840147 32.89205136 17.5 -6.64416122103988 
100.11955202 34.1239634 17.5 -6.64371516346227 
102.30070258 35.35587543 17.5 -6.64320787541715 
104.48185313 36.58778747 17.5 -6.64264478563377 
106.66300368 37.8196995 17.5 -6.64203236119761 
108.84415423 39.05161154 17.5 -6.64137797431916 
111.02530479 40.28352358 17.5 -6.64068987381533 
113.20645534 41.51543561 17.5 -6.63997706410979 
115.38760589 42.74734765 17.5 -6.63924915499906 
117.56875645 43.97925968 17.5 -6.63851628215151 
119.749907 45.21117172 17.5 -6.63778897118819 
121.93105755 46.44308376 17.5 -6.63707795320137 
124.11220811 47.67499579 17.5 -6.63639402213963 
126.29335866 48.90690783 17.5 -6.63574787454727 
128.47450921 50.13881986 17.5 -6.63514990160043 
130.65565977 51.3707319 17.5 -6.63460998740783 
132.83681032 52.60264394 17.5 -6.63413738988143 
135.01796087 53.83455597 17.5 -6.63374048709596 
137.19911143 55.06646801 17.5 -6.63342662284603 
139.38026198 56.29838004 17.5 -6.63320200136335 
141.56141253 57.53029208 17.5 -6.63307150052892 
143.74256309 58.76220412 17.5 -6.63303848960009 
145.92371364 59.99411615 17.5 -6.63310459677395 
148.10486419 61.22602819 17.5 -6.63326963034164 
150.28601474 62.45794022 17.5 -6.63353151827598 
152.4671653 63.68985226 17.5 -6.63388639557204 
154.64831585 64.9217643 17.5 -6.63432870166449 
156.8294664 66.15367633 17.5 -6.6348512412693 
159.01061696 67.38558837 17.5 -6.63544541299174 
161.19176751 68.6175004 17.5 -6.63610140602895 
163.37291806 69.84941244 17.5 -6.63680836765238 
165.55406862 71.08132448 17.5 -6.63755471274711 
167.73521917 72.31323651 17.5 -6.63832835528711 
169.91636972 73.54514855 17.5 -6.63911693453753 
172.09752028 74.77706058 17.5 -6.63990810872303 
174.27867083 76.00897262 17.5 -6.64068987712561 
176.45982138 77.24088466 17.5 -6.6414508529095 
45.56708003 0.82127469 17.5 -6.64137797100831 
47.74823059 2.05318673 17.5 -6.64135844454796 
49.92938114 3.28509876 17.5 -6.64139252425004 
52.11053169 4.5170108 17.5 -6.64147930507471 
54.29168225 5.74892283 17.5 -6.64161667493783 
56.4728328 6.98083487 17.5 -6.64180124994704 
58.65398335 8.21274691 17.5 -6.64202838534089 
60.83513391 9.44465894 17.5 -6.64229226840885 
63.01628446 10.67657098 17.5 -6.64258604930469 
65.19743501 11.90848301 17.5 -6.64290195641937 
67.37858557 13.14039505 17.5 -6.64323145605202 
69.55973612 14.37230709 17.5 -6.64356550569808 
71.74088667 15.60421912 17.5 -6.64389469504083 
73.92203723 16.83613116 17.5 -6.6442094699977 
76.10318778 18.06804319 17.5 -6.6445003995476 
78.28433833 19.29995523 17.5 -6.64475833647863 
80.46548889 20.53186727 17.5 -6.64497464122625 
82.64663944 21.7637793 17.5 -6.64514140909914 
84.82778999 22.99569134 17.5 -6.64525178772424 
87.00894054 24.22760337 17.5 -6.64530012851066 
89.1900911 25.45951541 17.5 -6.64528211113316 
91.37124165 26.69142745 17.5 -6.64519479280744 
93.5523922 27.92333948 17.5 -6.64503654900507 
95.73354276 29.15525152 17.5 -6.64480713882276 
97.91469331 30.38716355 17.5 -6.64450764002162 
100.09584386 31.61907559 17.5 -6.64414038236559 
102.27699442 32.85098763 17.5 -6.64370892520493 
104.45814497 34.08289966 17.5 -6.64321798659744 
106.63929552 35.3148117 17.5 -6.64267334107501 
108.82044608 36.54672373 17.5 -6.64208173798229 
111.00159663 37.77863577 17.5 -6.64145084845614 
113.18274718 39.01054781 17.5 -6.64078912869848 
115.36389774 40.24245984 17.5 -6.64010569905342 
117.54504829 41.47437188 17.5 -6.639410295111 
119.72619884 42.70628391 17.5 -6.63871304941152 
121.9073494 43.93819595 17.5 -6.6380243854517 
124.08849995 45.17010799 17.5 -6.63735487480762 
126.2696505 46.40202002 17.5 -6.63671506456764 
128.45080105 47.63393206 17.5 -6.63611527287517 
130.63195161 48.86584409 17.5 -6.63556542712733 
132.81310216 50.09775613 17.5 -6.63507491338948 
134.99425271 51.32966817 17.5 -6.63465233200845 
137.17540327 52.5615802 17.5 -6.63430537947796 
139.35655382 53.79349224 17.5 -6.6340407128187 
141.53770437 55.02540427 17.5 -6.6338637289151 
143.71885493 56.25731631 17.5 -6.63377852631797 
145.90000548 57.48922835 17.5 -6.63378766788259 
148.08115603 58.72114038 17.5 -6.63389194494774 
150.26230659 59.95305242 17.5 -6.63409037758452 
152.44345714 61.18496445 17.5 -6.63438019997191 
154.62460769 62.41687649 17.5 -6.63475692176474 
156.80575825 63.64878853 17.5 -6.63521440400785 
158.9869088 64.88070056 17.5 -6.63574504929526 
161.16805935 66.1126126 17.5 -6.63633993968356 
163.34920991 67.34452463 17.5 -6.63698900820536 
165.53036046 68.57643667 17.5 -6.63768134511167 
167.71151101 69.80834871 17.5 -6.63840537075328 
169.89266157 71.04026074 17.5 -6.63914908771112 
172.07381212 72.27217278 17.5 -6.63990037848766 
174.25496267 73.50408481 17.5 -6.64064721654619 
49.90567298 0.78021096 17.5 -6.64066201960247 
52.08682354 2.01212299 17.5 -6.6407340015683 
54.26797409 3.24403503 17.5 -6.64086164907873 
56.44912464 4.47594706 17.5 -6.64104208323741 
58.6302752 5.7078591 17.5 -6.64127111595774 
60.81142575 6.93977114 17.5 -6.64154333452007 
62.9925763 8.17168317 17.5 -6.64185219594012 
65.17372685 9.40359521 17.5 -6.64219013531795 
67.35487741 10.63550724 17.5 -6.64254874349137 
69.53602796 11.86741928 17.5 -6.64291898648744 
71.71717851 13.09933132 17.5 -6.64329133915349 
73.89832907 14.33124335 17.5 -6.64365605396127 
76.07947962 15.56315539 17.5 -6.64400339311586 
78.26063017 16.79506742 17.5 -6.64432376845137 
80.44178073 18.02697946 17.5 -6.64460803393032 
82.62293128 19.2588915 17.5 -6.6448476818236 
84.80408183 20.49080353 17.5 -6.64503509049011 
86.98523239 21.72271557 17.5 -6.64516383385762 
89.16638294 22.9546276 17.5 -6.64522875228539 
91.34753349 24.18653964 17.5 -6.64522602178076 
93.52868405 25.41845168 17.5 -6.64515315515422 
95.7098346 26.65036371 17.5 -6.64500904152868 
97.89098515 27.88227575 17.5 -6.64479392147836 
100.07213571 29.11418778 17.5 -6.64450929116443 
102.25328626 30.34609982 17.5 -6.6441579260192 
104.43443681 31.57801186 17.5 -6.64374380154261 
106.61558737 32.80992389 17.5 -6.64327194644093 
108.79673792 34.04183593 17.5 -6.64274848454278 
110.97788847 35.27374796 17.5 -6.6421804577952 
113.15903902 36.50566 17.5 -6.64157573914484 
115.34018958 37.73757204 17.5 -6.64094295725587 
117.52134013 38.96948407 17.5 -6.64029136569301 
119.70249068 40.20139611 17.5 -6.63963070908515 
121.88364124 41.43330814 17.5 -6.6389710723666 
124.06479179 42.66522018 17.5 -6.63832277420332 
126.24594234 43.89713222 17.5 -6.63769614982156 
128.4270929 45.12904425 17.5 -6.63710139681811 
130.60824345 46.36095629 17.5 -6.63654846007438 
132.789394 47.59286832 17.5 -6.63604676456501 
134.97054456 48.82478036 17.5 -6.63560508351072 
137.15169511 50.0566924 17.5 -6.63523140800979 
139.33284566 51.28860443 17.5 -6.63493272454281 
141.51399622 52.52051647 17.5 -6.63471492571717 
143.69514677 53.7524285 17.5 -6.63458268113664 
145.87629732 54.98434054 17.5 -6.63453930847799 
148.05744788 56.21625258 17.5 -6.63458654215479 
150.23859843 57.44816461 17.5 -6.63472440220731 
152.41974898 58.68007665 17.5 -6.63495121649791 
154.60089953 59.91198868 17.5 -6.63526353556278 
156.78205009 61.14390072 17.5 -6.63565630077882 
158.96320064 62.37581276 17.5 -6.63612293839926 
161.14435119 63.60772479 17.5 -6.63665543842626 
163.32550175 64.83963683 17.5 -6.63724463232117 
165.5066523 66.07154886 17.5 -6.6378803345489 
167.68780285 67.3034609 17.5 -6.63855155942855 
169.86895341 68.53537294 17.5 -6.63924679682295 
172.05010396 69.76728497 17.5 -6.63995423914395 
54.24426593 0.73914722 17.5 -6.64006875425545 
56.42541648 1.97105926 17.5 -6.64024161070315 
58.60656704 3.20297129 17.5 -6.64046910878945 
60.78771759 4.43488333 17.5 -6.6407462744806 
62.96886814 5.66679537 17.5 -6.64106688133004 
65.1500187 6.8987074 17.5 -6.64142360400475 
67.33116925 8.13061944 17.5 -6.64180822282586 
69.5123198 9.36253147 17.5 -6.64221172102044 
71.69347036 10.59444351 17.5 -6.64262451788399 
73.87462091 11.82635555 17.5 -6.6430367215782 
76.05577146 13.05826758 17.5 -6.64343828442581 
78.23692202 14.29017962 17.5 -6.64381926320068 
80.41807257 15.52209165 17.5 -6.64417004044306 
82.59922312 16.75400369 17.5 -6.6444815214081 
84.78037368 17.98591573 17.5 -6.64474539701896 
86.96152423 19.21782776 17.5 -6.64495445811145 
89.14267478 20.4497398 17.5 -6.64510275364471 
91.32382533 21.68165183 17.5 -6.64518557725153 
93.50497589 22.91356387 17.5 -6.6451995893542 
95.68612644 24.14547591 17.5 -6.64514282334661 
97.86727699 25.37738794 17.5 -6.6450146133302 
100.04842755 26.60929998 17.5 -6.64481565134902 
102.2295781 27.84121201 17.5 -6.64454789760119 
104.41072865 29.07312405 17.5 -6.64421451356388 
106.59187921 30.30503609 17.5 -6.64381981831619 
108.77302976 31.53694812 17.5 -6.64336921689359 
110.95418031 32.76886016 17.5 -6.64286909871482 
113.13533087 34.00077219 17.5 -6.64232673533418 
115.31648142 35.23268423 17.5 -6.64175021784749 
117.49763197 36.46459627 17.5 -6.64114830897338 
119.67878253 37.6965083 17.5 -6.64053029751731 
121.85993308 38.92842034 17.5 -6.63990594719826 
124.04108363 40.16033237 17.5 -6.63928525343144 
126.22223419 41.39224441 17.5 -6.63867832243099 
128.40338474 42.62415645 17.5 -6.63809522890068 
130.58453529 43.85606848 17.5 -6.63754582638812 
132.76568584 45.08798052 17.5 -6.63703956914125 
134.9468364 46.31989255 17.5 -6.63658534661602 
137.12798695 47.55180459 17.5 -6.63619135603133 
139.3091375 48.78371663 17.5 -6.63586488449075 
141.49028806 50.01562866 17.5 -6.63561221191295 
143.67143861 51.2475407 17.5 -6.63543852086896 
145.85258916 52.47945273 17.5 -6.63534769993653 
148.03373972 53.71136477 17.5 -6.6353423015876 
150.21489027 54.94327681 17.5 -6.63542331929705 
152.39604082 56.17518884 17.5 -6.63559003380915 
154.57719138 57.40710088 17.5 -6.63584007979398 
156.75834193 58.63901291 17.5 -6.63616944663159 
158.93949248 59.87092495 17.5 -6.63657257027147 
161.12064304 61.10283699 17.5 -6.6370424311898 
163.30179359 62.33474902 17.5 -6.6375707506086 
165.48294414 63.56666106 17.5 -6.63814815163882 
167.6640947 64.79857309 17.5 -6.63876432674696 
169.84524525 66.03048513 17.5 -6.63940832558314 
58.58285888 0.69808349 17.5 -6.63963051061365 
60.76400943 1.92999552 17.5 -6.63990882047576 
62.94515999 3.16190756 17.5 -6.64023739204149 
65.12631054 4.3938196 17.5 -6.64060920817414 
67.30746109 5.62573163 17.5 -6.64101621484713 
69.48861164 6.85764367 17.5 -6.64144948846124 
71.6697622 8.0895557 17.5 -6.64189943510486 
73.85091275 9.32146774 17.5 -6.64235603700092 
76.0320633 10.55337977 17.5 -6.64280900555643 
78.21321386 11.78529181 17.5 -6.64324806050153 
80.39436441 13.01720385 17.5 -6.64366316303896 
82.57551496 14.24911588 17.5 -6.64404466654936 
84.75666552 15.48102792 17.5 -6.64438363123542 
86.93781607 16.71293995 17.5 -6.6446721331776 
89.11896662 17.94485199 17.5 -6.64490338710101 
91.30011718 19.17676403 17.5 -6.64507188294563 
93.48126773 20.40867606 17.5 -6.6451734309438 
95.66241828 21.6405881 17.5 -6.64520517934628 
97.84356884 22.87250013 17.5 -6.64516560481923 
100.02471939 24.10441217 17.5 -6.64505454347177 
102.20586994 25.33632421 17.5 -6.64487311910436 
104.3870205 26.56823624 17.5 -6.64462367786011 
106.56817105 27.80014828 17.5 -6.64430977272214 
108.7493216 29.03206031 17.5 -6.64393608115738 
110.93047216 30.26397235 17.5 -6.64350827551424 
113.11162271 31.49588439 17.5 -6.64303301295983 
115.29277326 32.72779642 17.5 -6.64251780413854 
117.47392381 33.95970846 17.5 -6.64197086953263 
119.65507437 35.19162049 17.5 -6.64140106595478 
121.83622492 36.42353253 17.5 -6.64081774890773 
124.01737547 37.65544457 17.5 -6.64023058987194 
126.19852603 38.8873566 17.5 -6.63964945322823 
128.37967658 40.11926864 17.5 -6.63908424701205 
130.56082713 41.35118067 17.5 -6.63854470558428 
132.74197769 42.58309271 17.5 -6.63804026007814 
134.92312824 43.81500475 17.5 -6.63757988875659 
137.10427879 45.04691678 17.5 -6.63717192119653 
139.28542935 46.27882882 17.5 -6.63682388540865 
141.4665799 47.51074085 17.5 -6.63654242102062 
143.64773045 48.74265289 17.5 -6.63633309807655 
145.82888101 49.97456493 17.5 -6.63620032687212 
148.01003156 51.20647696 17.5 -6.63614730155418 
150.19118211 52.438389 17.5 -6.63617583223058 
152.37233267 53.67030103 17.5 -6.63628615081055 
154.55348322 54.90221307 17.5 -6.63647688069059 
156.73463377 56.13412511 17.5 -6.636745053315 
158.91578432 57.36603714 17.5 -6.63708610119414 
161.09693488 58.59794918 17.5 -6.63749400762419 
163.27808543 59.82986121 17.5 -6.63796143160609 
165.45923598 61.06177325 17.5 -6.63847980987554 
167.64038654 62.29368529 17.5 -6.6390396111502 
62.92145183 0.65701975 17.5 -6.63937198862774 
65.10260238 1.88893179 17.5 -6.63975475455506 
67.28375293 3.12084382 17.5 -6.64018006888864 
69.46490349 4.35275586 17.5 -6.64063912823154 
71.64605404 5.5846679 17.5 -6.64112238435953 
73.82720459 6.81657993 17.5 -6.6416197093479 
76.00835515 8.04849197 17.5 -6.6421206351067 
78.1895057 9.280404 17.5 -6.64261459587263 
80.37065625 10.51231604 17.5 -6.64309113980571 
82.55180681 11.74422808 17.5 -6.64354013291134 
84.73295736 12.97614011 17.5 -6.64395205625232 
86.91410791 14.20805215 17.5 -6.64431828822173 
89.09525847 15.43996418 17.5 -6.64463128128379 
91.27640902 16.67187622 17.5 -6.64488472570733 
93.45755957 17.90378826 17.5 -6.64507360468053 
95.63871012 19.13570029 17.5 -6.64519418775711 
97.81986068 20.36761233 17.5 -6.64524411631678 
100.00101123 21.59952436 17.5 -6.64522236038251 
102.18216178 22.8314364 17.5 -6.6451291757296 
104.36331234 24.06334844 17.5 -6.6449660956318 
106.54446289 25.29526047 17.5 -6.64473587847359 
108.72561344 26.52717251 17.5 -6.64444241566121 
110.906764 27.75908454 17.5 -6.6440906649105 
113.08791455 28.99099658 17.5 -6.64368661553178 
115.2690651 30.22290862 17.5 -6.6432371334011 
117.45021566 31.45482065 17.5 -6.64274989078322 
119.63136621 32.68673269 17.5 -6.6422332756023 
121.81251676 33.91864472 17.5 -6.64169620286692 
123.99366732 35.15055676 17.5 -6.6411479961427 
126.17481787 36.3824688 17.5 -6.64059826790041 
128.35596842 37.61438083 17.5 -6.64005670756073 
130.53711898 38.84629287 17.5 -6.63953293377481 
132.71826953 40.0782049 17.5 -6.63903633046115 
134.89942008 41.31011694 17.5 -6.63857590645507 
137.08057063 42.54202898 17.5 -6.63816008323153 
139.26172119 43.77394101 17.5 -6.63779659317064 
141.44287174 45.00585305 17.5 -6.63749236245977 
143.62402229 46.23776508 17.5 -6.63725329936834 
145.80517285 47.46967712 17.5 -6.63708427251215 
147.9863234 48.70158916 17.5 -6.63698900163332 
150.16747395 49.93350119 17.5 -6.63696993119711 
152.34862451 51.16541323 17.5 -6.63702816505002 
154.52977506 52.39732526 17.5 -6.63716327035467 
156.71092561 53.6292373 17.5 -6.6373732285532 
158.89207617 54.86114934 17.5 -6.63765448388626 
161.07322672 56.09306137 17.5 -6.63800200882201 
163.25437727 57.32497341 17.5 -6.6384093997295 
165.43552783 58.55688544 17.5 -6.63886896968246 
67.26004478 0.61595602 17.5 -6.63930807034364 
69.44119533 1.84786805 17.5 -6.63978846620089 
71.62234588 3.07978009 17.5 -6.64030067590241 
73.80349643 4.31169213 17.5 -6.64083451708846 
75.98464699 5.54360416 17.5 -6.64137936588374 
78.16579754 6.7755162 17.5 -6.64192443256931 
80.34694809 8.00742823 17.5 -6.64245887898707 
82.52809865 9.23934027 17.5 -6.64297214433618 
84.7092492 10.47125231 17.5 -6.64345417012742 
86.89039975 11.70316434 17.5 -6.6438956497098 
89.07155031 12.93507638 17.5 -6.64428836144055 
91.25270086 14.16698841 17.5 -6.64462522215969 
93.43385141 15.39890045 17.5 -6.64490038087275 
95.61500197 16.63081249 17.5 -6.64510929309024 
97.79615252 17.86272452 17.5 -6.64524873573091 
99.97730307 19.09463656 17.5 -6.64531683805241 
102.15845363 20.32654859 17.5 -6.64531298726361 
104.33960418 21.55846063 17.5 -6.64523789652641 
106.52075473 22.79037267 17.5 -6.64509349181565 
108.70190529 24.0222847 17.5 -6.64488284464227 
110.88305584 25.25419674 17.5 -6.64461018917769 
113.06420639 26.48610877 17.5 -6.6442807827364 
115.24535695 27.71802081 17.5 -6.64390081917765 
117.4265075 28.94993285 17.5 -6.64347739039091 
119.60765805 30.18184488 17.5 -6.64301833885178 
121.7888086 31.41375692 17.5 -6.6425321414982 
123.96995916 32.64566895 17.5 -6.64202775120412 
126.15110971 33.87758099 17.5 -6.64151449276136 
128.33226026 35.10949303 17.5 -6.64100182924385 
130.51341082 36.34140506 17.5 -6.64049923045321 
132.69456137 37.5733171 17.5 -6.64001605176148 
134.87571192 38.80522913 17.5 -6.63956126383283 
137.05686248 40.03714117 17.5 -6.63914337925535 
139.23801303 41.26905321 17.5 -6.63877029962992 
141.41916358 42.50096524 17.5 -6.63844913888566 
143.60031414 43.73287728 17.5 -6.63818614277356 
145.78146469 44.96478931 17.5 -6.63798656647782 
147.96261524 46.19670135 17.5 -6.6378545776235 
150.1437658 47.42861339 17.5 -6.63779316322144 
152.32491635 48.66052542 17.5 -6.63780409996802 
154.5060669 49.89243746 17.5 -6.63788781971499 
156.68721746 51.12434949 17.5 -6.63804321285578 
158.86836801 52.35626153 17.5 -6.63826768990377 
161.04951856 53.58817357 17.5 -6.63855719969884 
163.23066911 54.8200856 17.5 -6.63890623716908 
71.59863772 0.57489228 17.5 -6.63944256883552 
73.77978828 1.80680432 17.5 -6.64000819491386 
75.96093883 3.03871636 17.5 -6.64059241789291 
78.14208938 4.27062839 17.5 -6.64118419216439 
80.32323994 5.50254043 17.5 -6.64177239342686 
82.50439049 6.73445246 17.5 -6.64234606158828 
84.68554104 7.9663645 17.5 -6.64289461802268 
86.8666916 9.19827654 17.5 -6.64340817447396 
89.04784215 10.43018857 17.5 -6.64387782278149 
91.2289927 11.66210061 17.5 -6.64429575970316 
93.41014326 12.89401264 17.5 -6.64465534361402 
95.59129381 14.12592468 17.5 -6.64495122768121 
97.77244436 15.35783672 17.5 -6.64517937981839 
99.95359491 16.58974875 17.5 -6.64533704055703 
102.13474547 17.82166079 17.5 -6.64542279315938 
104.31589602 19.05357282 17.5 -6.64543649593124 
106.49704657 20.28548486 17.5 -6.64537922009859 
108.67819713 21.5173969 17.5 -6.64525324802087 
110.85934768 22.74930893 17.5 -6.6450620026133 
113.04049823 23.98122097 17.5 -6.6448099826859 
115.22164879 25.213133 17.5 -6.64450268000571 
117.40279934 26.44504504 17.5 -6.64414655014249 
119.58394989 27.67695708 17.5 -6.64374886068939 
121.76510045 28.90886911 17.5 -6.64331757471506 
123.946251 30.14078115 17.5 -6.64286128808165 
126.12740155 31.37269318 17.5 -6.64238898330777 
128.30855211 32.60460522 17.5 -6.64190989253783 
130.48970266 33.83651726 17.5 -6.64143336901156 
132.67085321 35.06842929 17.5 -6.64096864510024 
134.85200377 36.30034133 17.5 -6.64052470712591 
137.03315432 37.53225336 17.5 -6.64011012045645 
139.21430487 38.7641654 17.5 -6.63973291328333 
141.39545542 39.99607744 17.5 -6.63940038722116 
143.57660598 41.22798947 17.5 -6.63911903838267 
145.75775653 42.45990151 17.5 -6.63889448131678 
147.93890708 43.69181354 17.5 -6.63873126217162 
150.12005764 44.92372558 17.5 -6.63863285954845 
152.30120819 46.15563762 17.5 -6.63860161317714 
154.48235874 47.38754965 17.5 -6.638638599705 
156.6635093 48.61946169 17.5 -6.63874359724243 
158.84465985 49.85137372 17.5 -6.63891492310684 
161.0258104 51.08328576 17.5 -6.63914942527147 
75.93723067 0.53382855 17.5 -6.63976792957735 
78.11838122 1.76574058 17.5 -6.64040149342298 
80.29953178 2.99765262 17.5 -6.64103872169236 
82.48068233 4.22956466 17.5 -6.64166830419014 
84.66183288 5.46147669 17.5 -6.64227918497476 
86.84298344 6.69338873 17.5 -6.64286093894142 
89.02413399 7.92530076 17.5 -6.64340403635043 
91.20528454 9.1572128 17.5 -6.64389994807915 
93.3864351 10.38912484 17.5 -6.64434131949065 
95.56758565 11.62103687 17.5 -6.6447220344686 
97.7487362 12.85294891 17.5 -6.64503722931224 
99.92988676 14.08486094 17.5 -6.64528334614042 
102.11103731 15.31677298 17.5 -6.64545812978453 
104.29218786 16.54868502 17.5 -6.64556060027435 
106.47333842 17.78059705 17.5 -6.64559098698071 
108.65448897 19.01250909 17.5 -6.64555075557433 
110.83563952 20.24442112 17.5 -6.64544250285243 
113.01679008 21.47633316 17.5 -6.64526991578382 
115.19794063 22.7082452 17.5 -6.64503775697356 
117.37909118 23.94015723 17.5 -6.64475178155545 
119.56024173 25.17206927 17.5 -6.64441861985294 
121.74139229 26.4039813 17.5 -6.64404572325121 
123.92254284 27.63589334 17.5 -6.64364123178093 
126.10369339 28.86780538 17.5 -6.64321378507155 
128.28484395 30.09971741 17.5 -6.64277238303772 
130.4659945 31.33162945 17.5 -6.6423262192019 
132.64714505 32.56354148 17.5 -6.64188443679047 
134.82829561 33.79545352 17.5 -6.64145600644441 
137.00944616 35.02736556 17.5 -6.6410495691462 
139.19059671 36.25927759 17.5 -6.64067323042083 
141.37174727 37.49118963 17.5 -6.64033447006611 
143.55289782 38.72310166 17.5 -6.64004002992132 
145.73404837 39.9550137 17.5 -6.63979578262607 
147.91519893 41.18692574 17.5 -6.63960664570382 
150.09634948 42.41883777 17.5 -6.63947653523204 
152.27750003 43.65074981 17.5 -6.63940825903643 
154.45865059 44.88266184 17.5 -6.63940345628277 
156.63980114 46.11457388 17.5 -6.6394626035283 
158.82095169 47.34648592 17.5 -6.63958484857928 
80.27582362 0.49276481 17.5 -6.64026584535986 
82.45697417 1.72467685 17.5 -6.64094627591413 
84.63812473 2.95658889 17.5 -6.64161467019626 
86.81927528 4.18850092 17.5 -6.64226010712528 
89.00042583 5.42041296 17.5 -6.64287246550216 
91.18157639 6.65232499 17.5 -6.64344255874666 
93.36272694 7.88423703 17.5 -6.64396234430075 
95.54387749 9.11614907 17.5 -6.64442495048401 
97.72502805 10.3480611 17.5 -6.64482473766995 
99.9061786 11.57997314 17.5 -6.64515737261357 
102.08732915 12.81188517 17.5 -6.64541979316092 
104.2684797 14.04379721 17.5 -6.64561017694243 
106.44963026 15.27570925 17.5 -6.64572794510761 
108.63078081 16.50762128 17.5 -6.64577372369969 
110.81193136 17.73953332 17.5 -6.64574926984097 
112.99308192 18.97144535 17.5 -6.64565745385255 
115.17423247 20.20335739 17.5 -6.64550225173734 
117.35538302 21.43526943 17.5 -6.64528864298544 
119.53653358 22.66718146 17.5 -6.64502258672058 
121.71768413 23.8990935 17.5 -6.64471096038149 
123.89883468 25.13100553 17.5 -6.64436139425515 
126.07998524 26.36291757 17.5 -6.64398214646167 
128.26113579 27.59482961 17.5 -6.64358197041943 
130.44228634 28.82674164 17.5 -6.6431698691811 
132.6234369 30.05865368 17.5 -6.64275491796588 
134.80458745 31.29056571 17.5 -6.64234609121151 
136.985738 32.52247775 17.5 -6.64195206673043 
139.16688856 33.75438979 17.5 -6.6415810562997 
141.34803911 34.98630182 17.5 -6.6412407013639 
143.52918966 36.21821386 17.5 -6.64093796377048 
145.71034021 37.45012589 17.5 -6.64067895182773 
147.89149077 38.68203793 17.5 -6.64046891207674 
150.07264132 39.91394997 17.5 -6.64031214042974 
152.25379187 41.145862 17.5 -6.64021185969457 
154.43494243 42.37777404 17.5 -6.64017023300913 
156.61609298 43.60968607 17.5 -6.64018829003103 
84.61441657 0.45170108 17.5 -6.64090881886207 
86.79556712 1.68361312 17.5 -6.64161283528834 
88.97671767 2.91552515 17.5 -6.64228962383008 
91.15786823 4.14743719 17.5 -6.64292943553083 
93.33901878 5.37934922 17.5 -6.64352354848705 
95.52016933 6.61126126 17.5 -6.64406436938447 
97.70131989 7.8431733 17.5 -6.64454554283614 
99.88247044 9.07508533 17.5 -6.64496196370959 
102.06362099 10.30699737 17.5 -6.64530979550953 
104.24477155 11.5389094 17.5 -6.64558641980928 
106.4259221 12.77082144 17.5 -6.64579046242757 
108.60707265 14.00273348 17.5 -6.64592171674278 
110.78822321 15.23464551 17.5 -6.64598108240271 
112.96937376 16.46655755 17.5 -6.6459706348294 
115.15052431 17.69846958 17.5 -6.64589348732618 
117.33167487 18.93038162 17.5 -6.64575381760481 
119.51282542 20.16229366 17.5 -6.64555685385688 
121.69397597 21.39420569 17.5 -6.64530879407671 
123.87512652 22.62611773 17.5 -6.64501672622805 
126.05627708 23.85802976 17.5 -6.64468847944883 
128.23742763 25.0899418 17.5 -6.64433250759447 
130.41857818 26.32185384 17.5 -6.64395761951792 
132.59972874 27.55376587 17.5 -6.64357280469398 
134.78087929 28.78567791 17.5 -6.64318706927268 
136.96202984 30.01758994 17.5 -6.64280912609634 
139.1431804 31.24950198 17.5 -6.64244732054301 
141.32433095 32.48141402 17.5 -6.64210947247734 
143.5054815 33.71332605 17.5 -6.64180269224378 
145.68663206 34.94523809 17.5 -6.64153337110402 
147.86778261 36.17715012 17.5 -6.64130703539791 
150.04893316 37.40906216 17.5 -6.64112830465359 
152.23008372 38.6409742 17.5 -6.64100079990716 
154.41123427 39.87288623 17.5 -6.64092713159556 
88.95300952 0.41063735 17.5 -6.6416629738598 
91.13416007 1.64254938 17.5 -6.6423674051114 
93.31531062 2.87446142 17.5 -6.64303109717297 
95.49646118 4.10637345 17.5 -6.64364577443373 
97.67761173 5.33828549 17.5 -6.64420438152917 
99.85876228 6.57019753 17.5 -6.64470110610102 
102.03991284 7.80210956 17.5 -6.64513132842663 
104.22106339 9.0340216 17.5 -6.64549170556031 
106.40221394 10.26593363 17.5 -6.64578008064836 
108.58336449 11.49784567 17.5 -6.64599542799504 
110.76451505 12.72975771 17.5 -6.64613785910631 
112.9456656 13.96166974 17.5 -6.64620857859279 
115.12681615 15.19358178 17.5 -6.64620985532029 
117.30796671 16.42549381 17.5 -6.64614502290823 
119.48911726 17.65740585 17.5 -6.64601851031256 
121.67026781 18.88931789 17.5 -6.64583576649899 
123.85141837 20.12122992 17.5 -6.64560323222681 
126.03256892 21.35314196 17.5 -6.64532827331482 
128.21371947 22.58505399 17.5 -6.64501896138584 
130.39487003 23.81696603 17.5 -6.64468389077603 
132.57602058 25.04887807 17.5 -6.64433199585793 
134.75717113 26.2807901 17.5 -6.64397224790731 
136.93832169 27.51270214 17.5 -6.64361347249601 
139.11947224 28.74461417 17.5 -6.64326415979592 
141.30062279 29.97652621 17.5 -6.64293228771119 
143.48177335 31.20843825 17.5 -6.64262518772804 
145.6629239 32.44035028 17.5 -6.64234946369287 
147.84407445 33.67226232 17.5 -6.64211094295555 
150.025225 34.90417435 17.5 -6.64191452065756 
152.20637556 36.13608639 17.5 -6.64176419282183 
93.29160246 0.36957361 17.5 -6.64249210366302 
95.47275302 1.60148565 17.5 -6.6431756253579 
97.65390357 2.83339768 17.5 -6.64380705061186 
99.83505412 4.06530972 17.5 -6.64437984246477 
102.01620468 5.29722175 17.5 -6.6448886978515 
104.19735523 6.52913379 17.5 -6.64532954708301 
106.37850578 7.76104583 17.5 -6.64569948083007 
108.55965634 8.99295786 17.5 -6.64599672279741 
110.74080689 10.2248699 17.5 -6.64622060111559 
112.92195744 11.45678193 17.5 -6.64637149042394 
115.103108 12.68869397 17.5 -6.64645078714033 
117.28425855 13.92060601 17.5 -6.64646098520821 
119.4654091 15.15251804 17.5 -6.64640562922786 
121.64655966 16.38443008 17.5 -6.64628935051716 
123.82771021 17.61634211 17.5 -6.64611788236604 
126.00886076 18.84825415 17.5 -6.6458979920152 
128.19001131 20.08016619 17.5 -6.64563731700272 
130.37116187 21.31207822 17.5 -6.64534420326095 
132.55231242 22.54399026 17.5 -6.64502747150626 
134.73346297 23.77590229 17.5 -6.64469609904509 
136.91461353 25.00781433 17.5 -6.64435901494682 
139.09576408 26.23972637 17.5 -6.64402489048812 
141.27691463 27.4716384 17.5 -6.64370188406854 
143.45806519 28.70355044 17.5 -6.64339756531306 
145.63921574 29.93546247 17.5 -6.64311880185724 
147.82036629 31.16737451 17.5 -6.64287164121157 
150.00151685 32.39928655 17.5 -6.64266129934327 
97.63019541 0.32850988 17.5 -6.6433602771375 
99.81134597 1.56042191 17.5 -6.64400424916125 
101.99249652 2.79233395 17.5 -6.64458725476331 
104.17364707 4.02424598 17.5 -6.64510453383592 
106.35479763 5.25615802 17.5 -6.64555246437401 
108.53594818 6.48807006 17.5 -6.64592856662351 
110.71709873 7.71998209 17.5 -6.64623142485323 
112.89824928 8.95189413 17.5 -6.64646062079567 
115.07939984 10.18380616 17.5 -6.6466167303242 
117.26055039 11.4157182 17.5 -6.64670137066024 
119.44170094 12.64763024 17.5 -6.64671717392262 
121.6228515 13.87954227 17.5 -6.6466678977433 
123.80400205 15.11145431 17.5 -6.64655847963624 
125.9851526 16.34336634 17.5 -6.64639496007465 
128.16630316 17.57527838 17.5 -6.64618446037163 
130.34745371 18.80719042 17.5 -6.64593500220216 
132.52860426 20.03910245 17.5 -6.64565523156282 
134.70975482 21.27101449 17.5 -6.64535413722512 
136.89090537 22.50292652 17.5 -6.64504077570562 
139.07205592 23.73483856 17.5 -6.64472399033647 
141.25320648 24.9667506 17.5 -6.6444121771985 
143.43435703 26.19866263 17.5 -6.64411317653963 
145.61550758 27.43057467 17.5 -6.6438341160866 
147.79665814 28.6624867 17.5 -6.64358130856777 
101.96878836 0.28744614 17.5 -6.64423332847535 
104.14993891 1.51935818 17.5 -6.64482228169789 
106.33108947 2.75127021 17.5 -6.64534389024693 
108.51224002 3.98318225 17.5 -6.64579502287902 
110.69339057 5.21509429 17.5 -6.64617355163279 
112.87454113 6.44700632 17.5 -6.64647831909001 
115.05569168 7.67891836 17.5 -6.64670915835504 
117.23684223 8.91083039 17.5 -6.64686681065305 
119.41799279 10.14274243 17.5 -6.64695301202124 
121.59914334 11.37465447 17.5 -6.646970615634 
123.78029389 12.6065665 17.5 -6.64692361846626 
125.96144445 13.83847854 17.5 -6.64681727784876 
128.142595 15.07039057 17.5 -6.64665806048623 
130.32374555 16.30230261 17.5 -6.64645355324282 
132.5048961 17.53421465 17.5 -6.64621216514078 
134.68604666 18.76612668 17.5 -6.64594284306113 
136.86719721 19.99803872 17.5 -6.64565478714065 
139.04834776 21.22995075 17.5 -6.64535701855564 
141.22949832 22.46186279 17.5 -6.64505822340109 
143.41064887 23.69377483 17.5 -6.64476653938919 
145.59179942 24.92568686 17.5 -6.64448935313002 
106.30738131 0.24638241 17.5 -6.64507964506843 
108.48853186 1.47829444 17.5 -6.64560120886814 
110.66968242 2.71020648 17.5 -6.64605127407706 
112.85083297 3.94211852 17.5 -6.64642804356776 
115.03198352 5.17403055 17.5 -6.64673061565524 
117.21313407 6.40594259 17.5 -6.64695895577092 
119.39428463 7.63785462 17.5 -6.64711394456182 
121.57543518 8.86976666 17.5 -6.64719750127111 
123.75658573 10.1016787 17.5 -6.64721266127686 
125.93773629 11.33359073 17.5 -6.64716374793 
128.11888684 12.56550277 17.5 -6.64705648008695 
130.30003739 13.7974148 17.5 -6.64689782936275 
132.48118795 15.02932684 17.5 -6.64669588476659 
134.6623385 16.26123888 17.5 -6.64645951837321 
136.84348905 17.49315091 17.5 -6.646197972975 
139.02463961 18.72506295 17.5 -6.6459205130825 
141.20579016 19.95697498 17.5 -6.64563612647 
143.38694071 21.18888702 17.5 -6.64535325522817 
110.64597426 0.20531867 17.5 -6.64586998923724 
112.82712481 1.43723071 17.5 -6.64631435022688 
115.00827536 2.66914274 17.5 -6.64668478983068 
117.18942592 3.90105478 17.5 -6.64698056341545 
119.37057647 5.13296682 17.5 -6.64720179971317 
121.55172702 6.36487885 17.5 -6.64734951319581 
123.73287758 7.59679089 17.5 -6.64742576930789 
125.91402813 8.82870292 17.5 -6.64743392164593 
128.09517868 10.06061496 17.5 -6.64737873430258 
130.27632924 11.292527 17.5 -6.64726645459895 
132.45747979 12.52443903 17.5 -6.64710469983896 
134.63863034 13.75635107 17.5 -6.64690214350926 
136.81978089 14.9882631 17.5 -6.64666804736617 
139.00093145 16.22017514 17.5 -6.64641187572499 
141.182082 17.45208718 17.5 -6.6461429293694 
114.9845672 0.16425494 17.5 -6.64657652722638 
117.16571776 1.39616697 17.5 -6.64693559195715 
119.34686831 2.62807901 17.5 -6.64721956848768 
121.52801886 3.85999105 17.5 -6.64742867252969 
123.70916942 5.09190308 17.5 -6.64756407382736 
125.89031997 6.32381512 17.5 -6.64762812833097 
128.07147052 7.55572715 17.5 -6.64762454971371 
130.25262108 8.78763919 17.5 -6.64755869045294 
132.43377163 10.01955123 17.5 -6.64743752668005 
134.61492218 11.25146326 17.5 -6.64726935599298 
136.79607274 12.4833753 17.5 -6.64706339616077 
138.97722329 13.71528733 17.5 -6.6468292678224 
119.32316015 0.1231912 17.5 -6.64717146730857 
121.50431071 1.35510324 17.5 -6.64743830187949 
123.68546126 2.58701528 17.5 -6.64762990270112 
125.86661181 3.81892731 17.5 -6.64774773406334 
128.04776237 5.05083935 17.5 -6.64779452323661 
130.22891292 6.28275138 17.5 -6.64777455836279 
132.41006347 7.51466342 17.5 -6.64769394613494 
134.59121403 8.74657546 17.5 -6.6475604563398 
136.77236458 9.97848749 17.5 -6.64738308981538 
123.661753 0.08212747 17.5 -6.64762679781238 
125.84290365 1.31403951 17.5 -6.64779545317419 
128.02405421 2.54595154 17.5 -6.64789038014612 
130.20520476 3.77786358 17.5 -6.64791500688459 
132.38635531 5.00977561 17.5 -6.64787435486068 
134.56750587 6.24168765 17.5 -6.64777544078887 
128.000346 0.04106373 17.5 -6.64791518423951 
130.1814966 1.27297577 17.5 -6.64798231750692 
132.36264716 2.50488781 17.5 -6.64798024555755 
