67.61566715 114.59519517 17.5 -6.77217264001874 
65.41080844 110.85839533 17.5 -6.77215218982486 
67.59195899 112.09030736 17.5 -6.77216238976408 
69.77310954 113.3222194 17.5 -6.7721523663096 
71.9542601 114.55413144 17.5 -6.77212271522342 
63.20594973 107.12159549 17.5 -6.77207524712747 
65.38710028 108.35350752 17.5 -6.77211267310697 
67.56825083 109.58541956 17.5 -6.77213226339784 
69.74940138 110.81733159 17.5 -6.77213260812189 
71.93055194 112.04924363 17.5 -6.77211348742453 
74.11170249 113.28115567 17.5 -6.77207599114828 
76.29285304 114.5130677 17.5 -6.77202221912268 
61.00109101 103.38479564 17.5 -6.77195478294262 
63.18224157 104.61670768 17.5 -6.7720125714365 
65.36339212 105.84861971 17.5 -6.77205645821769 
67.54454267 107.08053175 17.5 -6.77208419794542 
69.72569323 108.31244379 17.5 -6.77209411766527 
71.90684378 109.54435582 17.5 -6.77208541938541 
74.08799433 110.77626786 17.5 -6.77205846407779 
76.26914489 112.00817989 17.5 -6.7720146963077 
78.45029544 113.24009193 17.5 -6.77195625699745 
80.63144599 114.47200397 17.5 -6.77188569394352 
58.7962323 99.6479958 17.5 -6.77180556458254 
60.97738286 100.87990784 17.5 -6.77187647136065 
63.15853341 102.11181987 17.5 -6.77193756570348 
65.33968396 103.34373191 17.5 -6.77198642174949 
67.52083452 104.57564394 17.5 -6.77202086910296 
69.70198507 105.80755598 17.5 -6.77203912642591 
71.88313562 107.03946802 17.5 -6.77204008922982 
74.06428617 108.27138005 17.5 -6.77202354834767 
76.24543673 109.50329209 17.5 -6.77199024147716 
78.42658728 110.73520412 17.5 -6.77194175886617 
80.60773783 111.96711616 17.5 -6.77188022074696 
82.78888839 113.1990282 17.5 -6.77180795577611 
84.97003894 114.43094023 17.5 -6.77172722448015 
56.59137359 95.91119596 17.5 -6.77164004012504 
58.77252414 97.14310799 17.5 -6.77171817820714 
60.9536747 98.37502003 17.5 -6.771789867293 
63.13482525 99.60693207 17.5 -6.77185303009032 
65.3159758 100.8388441 17.5 -6.77190549782142 
67.49712636 102.07075614 17.5 -6.7719451895769 
69.67827691 103.30266817 17.5 -6.77197038082149 
71.85942746 104.53458021 17.5 -6.77197984847771 
74.04057802 105.76649225 17.5 -6.77197299073418 
76.22172857 106.99840428 17.5 -6.77194999197985 
78.40287912 108.23031632 17.5 -6.77191183273297 
80.58402968 109.46222835 17.5 -6.77186013117196 
82.76518023 110.69414039 17.5 -6.77179682401928 
84.94633078 111.92605243 17.5 -6.77172398488688 
87.12748134 113.15796446 17.5 -6.77164359169983 
89.30863189 114.3898765 17.5 -6.77155730760991 
54.38651488 92.17439612 17.5 -6.7714664610958 
56.56766543 93.40630815 17.5 -6.77154798317976 
58.74881599 94.63822019 17.5 -6.77162540878819 
60.92996654 95.87013222 17.5 -6.77169714855676 
63.11111709 97.10204426 17.5 -6.77176142432564 
65.29226765 98.3339563 17.5 -6.77181634125211 
67.4734182 99.56586833 17.5 -6.77185999582977 
69.65456875 100.79778037 17.5 -6.77189074578579 
71.83571931 102.0296924 17.5 -6.77190738485231 
74.01686986 103.26160444 17.5 -6.77190911764317 
76.19802041 104.49351648 17.5 -6.77189574465315 
78.37917096 105.72542851 17.5 -6.77186773546418 
80.56032152 106.95734055 17.5 -6.77182614095527 
82.74147207 108.18925258 17.5 -6.77177246365664 
84.92262262 109.42116462 17.5 -6.77170846081337 
87.10377318 110.65307666 17.5 -6.77163591633813 
89.28492373 111.88498869 17.5 -6.77155646124162 
91.46607428 113.11690073 17.5 -6.77147152022025 
93.64722484 114.34881276 17.5 -6.77138217509807 
52.18165617 88.43759627 17.5 -6.77128913016113 
54.36280672 89.66950831 17.5 -6.77137190819967 
56.54395728 90.90142034 17.5 -6.77145214352352 
58.72510783 92.13333238 17.5 -6.77152861308085 
60.90625838 93.36524442 17.5 -6.77159996926292 
63.08740893 94.59715645 17.5 -6.77166471028319 
65.26855949 95.82906849 17.5 -6.77172118305985 
67.44971004 97.06098052 17.5 -6.77176773930718 
69.63086059 98.29289256 17.5 -6.77180286221721 
71.81201115 99.5248046 17.5 -6.77182536758799 
73.9931617 100.75671663 17.5 -6.77183443826446 
76.17431225 101.98862867 17.5 -6.77182967610272 
78.35546281 103.2205407 17.5 -6.77181116170483 
80.53661336 104.45245274 17.5 -6.77177946383391 
82.71776391 105.68436478 17.5 -6.77173563325285 
84.89891447 106.91627681 17.5 -6.77168102724637 
87.08006502 108.14818885 17.5 -6.77161712625331 
89.26121557 109.38010088 17.5 -6.7715454361427 
91.44236613 110.61201292 17.5 -6.77146733538426 
93.62351668 111.84392496 17.5 -6.77138398214994 
95.80466723 113.07583699 17.5 -6.77129627874134 
97.98581779 114.30774903 17.5 -6.77120486165696 
49.97679746 84.70079643 17.5 -6.77111004765125 
52.15794801 85.93270847 17.5 -6.77119275297942 
54.33909856 87.1646205 17.5 -6.77127412709113 
56.52024912 88.39653254 17.5 -6.77135312157452 
58.70139967 89.62844457 17.5 -6.77142862570467 
60.88255022 90.86035661 17.5 -6.77149944086443 
63.06370078 92.09226865 17.5 -6.77156428267939 
65.24485133 93.32418068 17.5 -6.77162174143866 
67.42600188 94.55609272 17.5 -6.77167039796734 
69.60715244 95.78800475 17.5 -6.77170893114533 
71.78830299 97.01991679 17.5 -6.77173617567776 
73.96945354 98.25182883 17.5 -6.77175136593331 
76.1506041 99.48374086 17.5 -6.77175405503786 
78.33175465 100.7156529 17.5 -6.77174407366572 
80.5129052 101.94756493 17.5 -6.77172166994998 
82.69405575 103.17947697 17.5 -6.7716874646698 
84.87520631 104.41138901 17.5 -6.77164239771639 
87.05635686 105.64330104 17.5 -6.77158761708079 
89.23750741 106.87521308 17.5 -6.77152438152916 
91.41865797 108.10712511 17.5 -6.77145394076958 
93.59980852 109.33903715 17.5 -6.77137739544025 
95.78095907 110.57094919 17.5 -6.77129575718199 
97.96210963 111.80286122 17.5 -6.77120980967428 
100.14326018 113.03477326 17.5 -6.77112010919669 
102.32441073 114.26668529 17.5 -6.77102704554486 
47.77193875 80.96399659 17.5 -6.77093083055446 
49.9530893 82.19590862 17.5 -6.7710119862063 
52.13423985 83.42782066 17.5 -6.77109315726692 
54.31539041 84.6597327 17.5 -6.77117324891225 
56.49654096 85.89164473 17.5 -6.7712511647287 
58.67769151 87.12355677 17.5 -6.77132582741595 
60.85884206 88.3554688 17.5 -6.77139616493836 
63.03999262 89.58738084 17.5 -6.77146100503306 
65.22114317 90.81929288 17.5 -6.77151915111994 
67.40229372 92.05120491 17.5 -6.77156941294318 
69.58344428 93.28311695 17.5 -6.77161060574007 
71.76459483 94.51502898 17.5 -6.77164171405422 
73.94574538 95.74694102 17.5 -6.77166198053385 
76.12689594 96.97885306 17.5 -6.77167096988865 
78.30804649 98.21076509 17.5 -6.77166845094703 
80.48919704 99.44267713 17.5 -6.77165445768562 
82.6703476 100.67458916 17.5 -6.77162930359606 
84.85149815 101.9065012 17.5 -6.77159355056365 
87.0326487 103.13841324 17.5 -6.77154801126432 
89.21379926 104.37032527 17.5 -6.77149364832714 
91.39494981 105.60223731 17.5 -6.77143146171234 
93.57610036 106.83414934 17.5 -6.77136247263033 
95.75725092 108.06606138 17.5 -6.77128764033983 
97.93840147 109.29797342 17.5 -6.77120780350451 
100.11955202 110.52988545 17.5 -6.77112368287801 
102.30070258 111.76179749 17.5 -6.77103588478451 
104.48185313 112.99370952 17.5 -6.77094483273396 
106.66300368 114.22562156 17.5 -6.77085087973393 
45.56708003 77.22719675 17.5 -6.77075447501828 
47.74823059 78.45910878 17.5 -6.77083172376965 
49.92938114 79.69102082 17.5 -6.77091077065356 
52.11053169 80.92293285 17.5 -6.77099033896323 
54.29168225 82.15484489 17.5 -6.77106920821725 
56.4728328 83.38675693 17.5 -6.77114621154479 
58.65398335 84.61866896 17.5 -6.77122025996656 
60.83513391 85.850581 17.5 -6.77129028588902 
63.01628446 87.08249303 17.5 -6.77135522040753 
65.19743501 88.31440507 17.5 -6.7714140083803 
67.37858557 89.54631711 17.5 -6.7714656167001 
69.55973612 90.77822914 17.5 -6.77150902277857 
71.74088667 92.01014118 17.5 -6.77154334290014 
73.92203723 93.24205321 17.5 -6.77156788300291 
76.10318778 94.47396525 17.5 -6.77158218851168 
78.28433833 95.70587729 17.5 -6.77158607914889 
80.46548889 96.93778932 17.5 -6.77157951722071 
82.64663944 98.16970136 17.5 -6.77156260020092 
84.82778999 99.40161339 17.5 -6.77153563482592 
87.00894054 100.63352543 17.5 -6.77149913319978 
89.1900911 101.86543747 17.5 -6.77145373226409 
91.37124165 103.0973495 17.5 -6.77140018031372 
93.5523922 104.32926154 17.5 -6.77133931027979 
95.73354276 105.56117357 17.5 -6.77127195555666 
97.91469331 106.79308561 17.5 -6.77119891136128 
100.09584386 108.02499764 17.5 -6.77112097777948 
102.27699442 109.25690968 17.5 -6.7710388565285 
104.45814497 110.48882172 17.5 -6.77095317992502 
106.63929552 111.72073375 17.5 -6.77086451598176 
108.82044608 112.95264579 17.5 -6.77077337967531 
111.00159663 114.18455782 17.5 -6.77068039607469 
43.36222132 73.4903969 17.5 -6.77058637471221 
45.54337188 74.72230894 17.5 -6.77065615951111 
47.72452243 75.95422097 17.5 -6.77073003918452 
49.90567298 77.18613301 17.5 -6.77080653551488 
52.08682354 78.41804505 17.5 -6.77088425411892 
54.26797409 79.64995708 17.5 -6.77096183596919 
56.44912464 80.88186912 17.5 -6.77103802056958 
58.6302752 82.11378115 17.5 -6.77111165886897 
60.81142575 83.34569319 17.5 -6.77118161788554 
62.9925763 84.57760523 17.5 -6.77124686636013 
65.17372685 85.80951726 17.5 -6.77130642921409 
67.35487741 87.0414293 17.5 -6.77135935163263 
69.53602796 88.27334133 17.5 -6.77140476442322 
71.71717851 89.50525337 17.5 -6.7714419048786 
73.89832907 90.73716541 17.5 -6.77147013788218 
76.07947962 91.96907744 17.5 -6.77148903416724 
78.26063017 93.20098948 17.5 -6.77149843003953 
80.44178073 94.43290151 17.5 -6.77149832817247 
82.62293128 95.66481355 17.5 -6.77148874654857 
84.80408183 96.89672559 17.5 -6.77146985239204 
86.98523239 98.12863762 17.5 -6.77144190250991 
89.16638294 99.36054966 17.5 -6.77140527155208 
91.34753349 100.59246169 17.5 -6.77136046707946 
93.52868405 101.82437373 17.5 -6.77130807213478 
95.7098346 103.05628577 17.5 -6.77124873062458 
97.89098515 104.2881978 17.5 -6.77118313830582 
100.07213571 105.52010984 17.5 -6.77111203781338 
102.25328626 106.75202187 17.5 -6.77103617069093 
104.43443681 107.98393391 17.5 -6.77095626369446 
106.61558737 109.21584595 17.5 -6.77087307907145 
108.79673792 110.44775798 17.5 -6.77078729113667 
110.97788847 111.67967002 17.5 -6.77069959879243 
113.15903902 112.91158205 17.5 -6.7706108837737 
115.34018958 114.14349409 17.5 -6.77052217369859 
41.15736261 69.75359706 17.5 -6.77043478293534 
43.33851317 70.9855091 17.5 -6.77049236088096 
45.51966372 72.21742113 17.5 -6.77055671446764 
47.70081427 73.44933317 17.5 -6.7706262854498 
49.88196482 74.6812452 17.5 -6.77069954483772 
52.06311538 75.91315724 17.5 -6.77077492635202 
54.24426593 77.14506928 17.5 -6.77085097009498 
56.42541648 78.37698131 17.5 -6.77092629857814 
58.60656704 79.60889335 17.5 -6.77099962005211 
60.78771759 80.84080538 17.5 -6.77106974209712 
62.96886814 82.07271742 17.5 -6.7711355760025 
65.1500187 83.30462946 17.5 -6.77119614331671 
67.33116925 84.53654149 17.5 -6.77125053631482 
69.5123198 85.76845353 17.5 -6.77129795919858 
71.69347036 87.00036556 17.5 -6.77133775326729 
73.87462091 88.2322776 17.5 -6.77136933348218 
76.05577146 89.46418964 17.5 -6.77139233842096 
78.23692202 90.69610167 17.5 -6.77140659375606 
80.41807257 91.92801371 17.5 -6.77141210803458 
82.59922312 93.15992574 17.5 -6.77140899376719 
84.78037368 94.39183778 17.5 -6.77139735456365 
86.96152423 95.62374982 17.5 -6.77137730313588 
89.14267478 96.85566185 17.5 -6.77134902983481 
91.32382533 98.08757389 17.5 -6.77131281692936 
93.50497589 99.31948592 17.5 -6.77126901130785 
95.68612644 100.55139796 17.5 -6.77121803732728 
97.86727699 101.78331 17.5 -6.77116043424229 
100.04842755 103.01522203 17.5 -6.77109680818917 
102.2295781 104.24713407 17.5 -6.77102782467503 
104.41072865 105.4790461 17.5 -6.77095426732962 
106.59187921 106.71095814 17.5 -6.77087694128251 
108.77302976 107.94287018 17.5 -6.77079668242924 
110.95418031 109.17478221 17.5 -6.77071436543724 
113.13533087 110.40669425 17.5 -6.77063088642169 
115.31648142 111.63860628 17.5 -6.77054733066155 
117.49763197 112.87051832 17.5 -6.77046500786928 
119.67878253 114.10243036 17.5 -6.77038543632164 
38.9525039 66.01679722 17.5 -6.77031013801905 
41.13365445 67.24870925 17.5 -6.77035020289777 
43.31480501 68.48062129 17.5 -6.77039963658793 
45.49595556 69.71253333 17.5 -6.770457147408 
47.67710611 70.94444536 17.5 -6.77052122353083 
49.85825667 72.1763574 17.5 -6.7705902333509 
52.03940722 73.40826943 17.5 -6.77066254715495 
54.22055777 74.64018147 17.5 -6.77073656603315 
56.40170833 75.87209351 17.5 -6.77081077989231 
58.58285888 77.10400554 17.5 -6.77088374342901 
60.76400943 78.33591758 17.5 -6.77095413801272 
62.94515999 79.56782961 17.5 -6.77102080153303 
65.12631054 80.79974165 17.5 -6.77108265082522 
67.30746109 82.03165369 17.5 -6.77113876866414 
69.48861164 83.26356572 17.5 -6.77118838886406 
71.6697622 84.49547776 17.5 -6.77123085103226 
73.85091275 85.72738979 17.5 -6.77126566492535 
76.0320633 86.95930183 17.5 -6.77129250885621 
78.21321386 88.19121387 17.5 -6.77131120626946 
80.39436441 89.4231259 17.5 -6.77132176350525 
82.57551496 90.65503794 17.5 -6.77132436648291 
84.75666552 91.88694997 17.5 -6.77131918062312 
86.93781607 93.11886201 17.5 -6.77130629140661 
89.11896662 94.35077405 17.5 -6.77128580434599 
91.30011718 95.58268608 17.5 -6.7712578178612 
93.48126773 96.81459812 17.5 -6.77122247984223 
95.66241828 98.04651015 17.5 -6.77118002215736 
97.84356884 99.27842219 17.5 -6.77113077508846 
100.02471939 100.51033423 17.5 -6.77107515632652 
102.20586994 101.74224626 17.5 -6.77101371248465 
104.3870205 102.9741583 17.5 -6.77094714494641 
106.56817105 104.20607033 17.5 -6.77087623929431 
108.7493216 105.43798237 17.5 -6.77080190498277 
110.93047216 106.66989441 17.5 -6.77072515076342 
113.11162271 107.90180644 17.5 -6.77064698771315 
115.29277326 109.13371848 17.5 -6.77056852951393 
117.47392381 110.36563051 17.5 -6.77049111798856 
119.65507437 111.59754255 17.5 -6.77041624979963 
121.83622492 112.82945459 17.5 -6.77034548599599 
124.01737547 114.06136662 17.5 -6.77028038393365 
36.74764519 62.27999738 17.5 -6.77022245131629 
38.92879574 63.51190941 17.5 -6.77024069398542 
41.1099463 64.74382145 17.5 -6.77027000624671 
43.29109685 65.97573348 17.5 -6.77030970691913 
45.4722474 67.20764552 17.5 -6.77035877199506 
47.65339796 68.43955756 17.5 -6.77041587115724 
49.83454851 69.67146959 17.5 -6.77047937203579 
52.01569906 70.90338163 17.5 -6.77054757802718 
54.19684961 72.13529366 17.5 -6.77061880692725 
56.37800017 73.3672057 17.5 -6.77069138385816 
58.55915072 74.59911774 17.5 -6.77076372442951 
60.74030127 75.83102977 17.5 -6.77083436373905 
62.92145183 77.06294181 17.5 -6.77090196806645 
65.10260238 78.29485384 17.5 -6.77096533990057 
67.28375293 79.52676588 17.5 -6.77102348203535 
69.46490349 80.75867792 17.5 -6.77107555810663 
71.64605404 81.99058995 17.5 -6.77112089211604 
73.82720459 83.22250199 17.5 -6.77115900839526 
76.00835515 84.45441402 17.5 -6.77118960870753 
78.1895057 85.68632606 17.5 -6.77121253370327 
80.37065625 86.91823809 17.5 -6.77122781148123 
82.55180681 88.15015013 17.5 -6.7712356174641 
84.73295736 89.38206217 17.5 -6.77123620656238 
86.91410791 90.6139742 17.5 -6.77122976641971 
89.09525847 91.84588624 17.5 -6.77121639772441 
91.27640902 93.07779827 17.5 -6.77119612146116 
93.45755957 94.30971031 17.5 -6.77116894139459 
95.63871012 95.54162235 17.5 -6.77113493356748 
97.81986068 96.77353438 17.5 -6.77109420058126 
100.00101123 98.00544642 17.5 -6.77104696727368 
102.18216178 99.23735845 17.5 -6.77099362491699 
104.36331234 100.46927049 17.5 -6.77093469339843 
106.54446289 101.70118253 17.5 -6.77087086942271 
108.72561344 102.93309456 17.5 -6.77080304354019 
110.906764 104.1650066 17.5 -6.77073224094211 
113.08791455 105.39691863 17.5 -6.77065959860735 
115.2690651 106.62883067 17.5 -6.77058633740879 
117.45021566 107.86074271 17.5 -6.77051379216733 
119.63136621 109.09265474 17.5 -6.77044346829289 
121.81251676 110.32456678 17.5 -6.77037694861779 
123.99366732 111.55647881 17.5 -6.77031581637454 
126.17481787 112.78839085 17.5 -6.77026154967174 
128.35596842 114.02030289 17.5 -6.7702155642661 
34.54278648 58.54319753 17.5 -6.77017913967806 
36.72393703 59.77510957 17.5 -6.77017308634213 
38.90508758 61.0070216 17.5 -6.77017863456987 
41.08623814 62.23893364 17.5 -6.77019579061059 
43.26738869 63.47084568 17.5 -6.77022419952281 
45.44853924 64.70275771 17.5 -6.77026315862188 
47.6296898 65.93466975 17.5 -6.7703115824601 
49.81084035 67.16658178 17.5 -6.7703680335066 
51.9919909 68.39849382 17.5 -6.77043082423415 
54.17314146 69.63040586 17.5 -6.77049818384976 
56.35429201 70.86231789 17.5 -6.77056832356488 
58.53544256 72.09422993 17.5 -6.77063951294676 
60.71659312 73.32614196 17.5 -6.77071012810345 
62.89774367 74.558054 17.5 -6.77077862360554 
65.07889422 75.78996604 17.5 -6.77084365431465 
67.26004478 77.02187807 17.5 -6.77090406959476 
69.44119533 78.25379011 17.5 -6.77095889209256 
71.62234588 79.48570214 17.5 -6.77100738706591 
73.80349643 80.71761418 17.5 -6.77104902920396 
75.98464699 81.94952622 17.5 -6.77108348714563 
78.16579754 83.18143825 17.5 -6.77111061854963 
80.34694809 84.41335029 17.5 -6.7711304648009 
82.52809865 85.64526232 17.5 -6.77114321306303 
84.7092492 86.87717436 17.5 -6.77114911473605 
86.89039975 88.1090864 17.5 -6.77114852074817 
89.07155031 89.34099843 17.5 -6.77114161756036 
91.25270086 90.57291047 17.5 -6.77112843535601 
93.43385141 91.8048225 17.5 -6.77110896724354 
95.61500197 93.03673454 17.5 -6.77108312314765 
97.79615252 94.26864658 17.5 -6.77105086208082 
99.97730307 95.50055861 17.5 -6.77101221897063 
102.15845363 96.73247065 17.5 -6.77096736715204 
104.33960418 97.96438268 17.5 -6.77091664171328 
106.52075473 99.19629472 17.5 -6.77086056299582 
108.70190529 100.42820676 17.5 -6.77079991891427 
110.88305584 101.66011879 17.5 -6.77073565971827 
113.06420639 102.89203083 17.5 -6.77066894485726 
115.24535695 104.12394286 17.5 -6.77060111624083 
117.4265075 105.3558549 17.5 -6.77053354375896 
119.60765805 106.58776694 17.5 -6.77046775374224 
121.7888086 107.81967897 17.5 -6.77040534906389 
123.96995916 109.05159101 17.5 -6.77034789502128 
126.15110971 110.28350304 17.5 -6.77029692985474 
128.33226026 111.51541508 17.5 -6.77025387439586 
130.51341082 112.74732712 17.5 -6.77022002010464 
132.69456137 113.97923915 17.5 -6.77019642626101 
32.33792777 54.80639769 17.5 -6.77018395563981 
34.51907832 56.03830973 17.5 -6.77015332868021 
36.70022887 57.27022176 17.5 -6.77013359456991 
38.88137943 58.5021338 17.5 -6.77012542290485 
41.06252998 59.73404583 17.5 -6.77012916690246 
43.24368053 60.96595787 17.5 -6.77014481666317 
45.42483109 62.19786991 17.5 -6.77017203693482 
47.60598164 63.42978194 17.5 -6.77021004710619 
49.78713219 64.66169398 17.5 -6.7702576939204 
51.96828275 65.89360601 17.5 -6.77031349001191 
54.1494333 67.12551805 17.5 -6.77037561545449 
56.33058385 68.35743009 17.5 -6.77044221802625 
58.5117344 69.58934212 17.5 -6.77051144748253 
60.69288496 70.82125416 17.5 -6.77058147129508 
62.87403551 72.05316619 17.5 -6.77065058431919 
65.05518606 73.28507823 17.5 -6.77071722954766 
67.23633662 74.51699027 17.5 -6.77078004463039 
69.41748717 75.7489023 17.5 -6.77083787191713 
71.59863772 76.98081434 17.5 -6.77088983330016 
73.77978828 78.21272637 17.5 -6.77093529695459 
75.96093883 79.44463841 17.5 -6.77097385027104 
78.14208938 80.67655045 17.5 -6.77100533130965 
80.32323994 81.90846248 17.5 -6.77102977826419 
82.50439049 83.14037452 17.5 -6.77104735585558 
84.68554104 84.37228655 17.5 -6.77105837371981 
86.8666916 85.60419859 17.5 -6.77106321272598 
89.04784215 86.83611063 17.5 -6.77106220797438 
91.2289927 88.06802266 17.5 -6.77105553081821 
93.41014326 89.2999347 17.5 -6.77104319912716 
95.59129381 90.53184673 17.5 -6.77102509766588 
97.77244436 91.76375877 17.5 -6.77100106594886 
99.95359491 92.99567081 17.5 -6.77097099746724 
102.13474547 94.22758284 17.5 -6.77093484365445 
104.31589602 95.45949488 17.5 -6.77089271925807 
106.49704657 96.69140691 17.5 -6.77084497684659 
108.67819713 97.92331895 17.5 -6.77079217891235 
110.85934768 99.15523099 17.5 -6.77073514399343 
113.04049823 100.38714302 17.5 -6.77067497454927 
115.22164879 101.61905506 17.5 -6.77061298046244 
117.40279934 102.85096709 17.5 -6.77055063974774 
119.58394989 104.08287913 17.5 -6.7704895336151 
121.76510045 105.31479117 17.5 -6.7704312534639 
123.946251 106.5467032 17.5 -6.77037737709339 
126.12740155 107.77861524 17.5 -6.77032946253064 
128.30855211 109.01052727 17.5 -6.77028899544137 
130.48970266 110.24243931 17.5 -6.77025726972967 
132.67085321 111.47435135 17.5 -6.77023541235481 
134.85200377 112.70626338 17.5 -6.77022431967228 
137.03315432 113.93817542 17.5 -6.77022456865049 
30.13306906 51.06959785 17.5 -6.77023642791986 
32.31421961 52.30150988 17.5 -6.77018315262371 
34.49537016 53.53342192 17.5 -6.7701389747077 
36.67652071 54.76533396 17.5 -6.77010508200564 
38.85767127 55.99724599 17.5 -6.77008242085867 
41.03882182 57.22915803 17.5 -6.77007168760959 
43.21997237 58.46107006 17.5 -6.77007329151366 
45.40112293 59.6929821 17.5 -6.7700872444097 
47.58227348 60.92489414 17.5 -6.77011314794011 
49.76342403 62.15680617 17.5 -6.77015021033443 
51.94457459 63.38871821 17.5 -6.77019719620666 
54.12572514 64.62063024 17.5 -6.77025247349365 
56.30687569 65.85254228 17.5 -6.77031415795141 
58.48802625 67.08445432 17.5 -6.77038029338701 
60.6691768 68.31636635 17.5 -6.77044889369496 
62.85032735 69.54827839 17.5 -6.77051806452211 
65.03147791 70.78019042 17.5 -6.77058603599562 
67.21262846 72.01210246 17.5 -6.77065119124854 
69.39377901 73.2440145 17.5 -6.77071216161797 
71.57492957 74.47592653 17.5 -6.77076785644503 
73.75608012 75.70783857 17.5 -6.77081744666584 
75.93723067 76.9397506 17.5 -6.77086040803428 
78.11838122 78.17166264 17.5 -6.7708965031223 
80.29953178 79.40357468 17.5 -6.77092570427428 
82.48068233 80.63548671 17.5 -6.77094817890343 
84.66183288 81.86739875 17.5 -6.7709642606501 
86.84298344 83.09931078 17.5 -6.77097435006635 
89.02413399 84.33122282 17.5 -6.77097886051697 
91.20528454 85.56313486 17.5 -6.77097816493061 
93.3864351 86.79504689 17.5 -6.77097239887855 
95.56758565 88.02695893 17.5 -6.77096149487919 
97.7487362 89.25887096 17.5 -6.77094529167757 
99.92988676 90.490783 17.5 -6.7709235570759 
102.11103731 91.72269504 17.5 -6.77089608680353 
104.29218786 92.95460707 17.5 -6.77086279318286 
106.47333842 94.18651911 17.5 -6.77082379154847 
108.65448897 95.41843114 17.5 -6.77077941038541 
110.83563952 96.65034318 17.5 -6.77073027674111 
113.01679008 97.88225522 17.5 -6.77067733721244 
115.19794063 99.11416725 17.5 -6.77062178829446 
117.37909118 100.34607929 17.5 -6.77056510708761 
119.56024173 101.57799132 17.5 -6.7705089648799 
121.74139229 102.80990336 17.5 -6.77045498285024 
123.92254284 104.0418154 17.5 -6.7704047406767 
126.10369339 105.27372743 17.5 -6.77035982496887 
128.28484395 106.50563947 17.5 -6.77032172479075 
130.4659945 107.7375515 17.5 -6.77029181051594 
132.64714505 108.96946354 17.5 -6.77027128321304 
134.82829561 110.20137558 17.5 -6.77026109473929 
137.00944616 111.43328761 17.5 -6.77026188846066 
139.19059671 112.66519965 17.5 -6.77027402830003 
141.37174727 113.89711168 17.5 -6.77029751116544 
27.92821034 47.33279801 17.5 -6.77033195326361 
30.1093609 48.56471004 17.5 -6.77025984061335 
32.29051145 49.79662208 17.5 -6.77019423832397 
34.471662 51.02853411 17.5 -6.77013663114023 
36.65281256 52.26044615 17.5 -6.77008840192732 
38.83396311 53.49235819 17.5 -6.77005078905847 
41.01511366 54.72427022 17.5 -6.77002483431305 
43.19626422 55.95618226 17.5 -6.77001132444658 
45.37741477 57.18809429 17.5 -6.77001067707795 
47.55856532 58.42000633 17.5 -6.77002292273806 
49.73971588 59.65191837 17.5 -6.77004766831974 
51.92086643 60.8838304 17.5 -6.77008401184765 
54.10201698 62.11574244 17.5 -6.77013061749833 
56.28316753 63.34765447 17.5 -6.77018574575094 
58.46431809 64.57956651 17.5 -6.77024736709068 
60.64546864 65.81147854 17.5 -6.77031340171364 
62.82661919 67.04339058 17.5 -6.7703817826715 
65.00776975 68.27530262 17.5 -6.77045050122311 
67.1889203 69.50721465 17.5 -6.77051769951365 
69.37007085 70.73912669 17.5 -6.77058175333278 
71.55122141 71.97103872 17.5 -6.77064130911021 
73.73237196 73.20295076 17.5 -6.77069528478519 
75.91352251 74.4348628 17.5 -6.77074298377583 
78.09467307 75.66677483 17.5 -6.77078400095604 
80.27582362 76.89868687 17.5 -6.77081821645771 
82.45697417 78.1305989 17.5 -6.77084577808118 
84.63812473 79.36251094 17.5 -6.7708670013415 
86.81927528 80.59442298 17.5 -6.77088231032294 
89.00042583 81.82633501 17.5 -6.77089217933302 
91.18157639 83.05824705 17.5 -6.77089708669926 
93.36272694 84.29015908 17.5 -6.7708973649243 
95.54387749 85.52207112 17.5 -6.77089309728783 
97.72502805 86.75398316 17.5 -6.77088419309515 
99.9061786 87.98589519 17.5 -6.77087037875422 
102.08732915 89.21780723 17.5 -6.77085135034847 
104.2684797 90.44971926 17.5 -6.7708268768733 
106.44963026 91.6816313 17.5 -6.77079680902578 
108.63078081 92.91354334 17.5 -6.77076124931009 
110.81193136 94.14545537 17.5 -6.77072058814521 
112.99308192 95.37736741 17.5 -6.77067552835073 
115.17423247 96.60927944 17.5 -6.77062710513724 
117.35538302 97.84119148 17.5 -6.77057669037532 
119.53653358 99.07310352 17.5 -6.77052593201763 
121.71768413 100.30501555 17.5 -6.77047655037635 
123.89883468 101.53692759 17.5 -6.7704301589784 
126.07998524 102.76883962 17.5 -6.77038833728568 
128.26113579 104.00075166 17.5 -6.77035258012444 
130.44228634 105.2326637 17.5 -6.77032432921679 
132.6234369 106.46457573 17.5 -6.77030485661676 
134.80458745 107.69648777 17.5 -6.77029518524031 
136.985738 108.9283998 17.5 -6.77029608783061 
139.16688856 110.16031184 17.5 -6.77030801533581 
141.34803911 111.39222388 17.5 -6.77033105838494 
143.52918966 112.62413591 17.5 -6.77036495034871 
145.71034021 113.85604795 17.5 -6.77040908111097 
25.72335163 43.59599816 17.5 -6.7704624531159 
27.90450219 44.8279102 17.5 -6.77037663440126 
30.08565274 46.05982223 17.5 -6.7702943352134 
32.26680329 47.29173427 17.5 -6.77021709197395 
34.44795385 48.52364631 17.5 -6.77014650912842 
36.6291044 49.75555834 17.5 -6.7700841314485 
38.81025495 50.98747038 17.5 -6.77003145622469 
40.9914055 52.21938241 17.5 -6.76998987357951 
43.17255606 53.45129445 17.5 -6.76996050589674 
45.35370661 54.68320649 17.5 -6.76994421071489 
47.53485716 55.91511852 17.5 -6.76994147269569 
49.71600772 57.14703056 17.5 -6.76995231633967 
51.89715827 58.37894259 17.5 -6.76997626591786 
54.07830882 59.61085463 17.5 -6.77001234428792 
56.25945938 60.84276667 17.5 -6.77005907882106 
58.44060993 62.0746787 17.5 -6.77011454071125 
60.62176048 63.30659074 17.5 -6.77017658247324 
62.80291104 64.53850277 17.5 -6.7702430147973 
64.98406159 65.77041481 17.5 -6.77031160411294 
67.16521214 67.00232685 17.5 -6.77038027101697 
69.3463627 68.23423888 17.5 -6.77044710830792 
71.52751325 69.46615092 17.5 -6.77051043995923 
73.7086638 70.69806295 17.5 -6.77056894105996 
75.88981436 71.92997499 17.5 -6.7706216270293 
78.07096491 73.16188703 17.5 -6.77066788025078 
80.25211546 74.39379906 17.5 -6.7707074323107 
82.43326601 75.6257111 17.5 -6.77074033946237 
84.61441657 76.85762313 17.5 -6.77076688087125 
86.79556712 78.08953517 17.5 -6.77078747857254 
88.97671767 79.32144721 17.5 -6.77080268422387 
91.15786823 80.55335924 17.5 -6.77081302530219 
93.33901878 81.78527128 17.5 -6.7708189518354 
95.52016933 83.01718331 17.5 -6.7708208044034 
97.70131989 84.24909535 17.5 -6.77081860403214 
99.88247044 85.48100739 17.5 -6.77081215972582 
102.06362099 86.71291942 17.5 -6.7708011557575 
104.24477155 87.94483146 17.5 -6.77078521894185 
106.4259221 89.17674349 17.5 -6.77076404731912 
108.60707265 90.40865553 17.5 -6.77073748675059 
110.78822321 91.64056757 17.5 -6.77070567729609 
112.96937376 92.8724796 17.5 -6.77066903968843 
115.15052431 94.10439164 17.5 -6.77062837461302 
117.33167487 95.33630367 17.5 -6.77058489289092 
119.51282542 96.56821571 17.5 -6.77054008805712 
121.69397597 97.80012775 17.5 -6.77049572538205 
123.87512652 99.03203978 17.5 -6.7704535233473 
126.05627708 100.26395182 17.5 -6.77041502634256 
128.23742763 101.49586385 17.5 -6.77038176190331 
130.41857818 102.72777589 17.5 -6.77035519696714 
132.59972874 103.95968793 17.5 -6.77033666087291 
134.78087929 105.19159996 17.5 -6.77032728330752 
136.96202984 106.423512 17.5 -6.7703279528744 
139.1431804 107.65542403 17.5 -6.77033925523173 
141.32433095 108.88733607 17.5 -6.77036138176044 
143.5054815 110.11924811 17.5 -6.77039422854342 
145.68663206 111.35116014 17.5 -6.77043728831188 
147.86778261 112.58307218 17.5 -6.77048969511126 
150.04893316 113.81498421 17.5 -6.77055029260353 
23.51849292 39.85919832 17.5 -6.77061767109577 
25.69964347 41.09111036 17.5 -6.77052379605809 
27.88079403 42.32302239 17.5 -6.77043048272455 
30.06194458 43.55493443 17.5 -6.77033909918042 
32.24309513 44.78684646 17.5 -6.7702512166716 
34.42424569 46.0187585 17.5 -6.77016844951061 
36.60539624 47.25067054 17.5 -6.77009248896153 
38.78654679 48.48258257 17.5 -6.77002505688899 
40.96769735 49.71449461 17.5 -6.76996780017372 
43.1488479 50.94640664 17.5 -6.76992223071474 
45.32999845 52.17831868 17.5 -6.76988959983713 
47.51114901 53.41023072 17.5 -6.76987085943413 
49.69229956 54.64214275 17.5 -6.76986648452754 
51.87345011 55.87405479 17.5 -6.76987646174933 
54.05460067 57.10596682 17.5 -6.76990025675054 
56.23575122 58.33787886 17.5 -6.7699367207712 
58.41690177 59.5697909 17.5 -6.76998419807785 
60.59805232 60.80170293 17.5 -6.77004061002275 
62.77920288 62.03361497 17.5 -6.77010363911803 
64.96035343 63.265527 17.5 -6.77017093558912 
67.14150398 64.49743904 17.5 -6.77024019284076 
69.32265454 65.72935108 17.5 -6.77030920722086 
71.50380509 66.96126311 17.5 -6.77037600764514 
73.68495564 68.19317515 17.5 -6.77043894447426 
75.8661062 69.42508718 17.5 -6.7704967349965 
78.04725675 70.65699922 17.5 -6.7705484626207 
80.2284073 71.88891126 17.5 -6.77059366015241 
82.40955786 73.12082329 17.5 -6.77063221059612 
84.59070841 74.35273533 17.5 -6.770664295745 
86.77185896 75.58464736 17.5 -6.77069035292339 
88.95300952 76.8165594 17.5 -6.77071094234436 
91.13416007 78.04847144 17.5 -6.77072665284858 
93.31531062 79.28038347 17.5 -6.77073804317353 
95.49646118 80.51229551 17.5 -6.77074558243588 
97.67761173 81.74420754 17.5 -6.77074952360861 
99.85876228 82.97611958 17.5 -6.77074983154337 
102.03991284 84.20803162 17.5 -6.77074626206706 
104.22106339 85.43994365 17.5 -6.77073839570998 
106.40221394 86.67185569 17.5 -6.77072580066047 
108.58336449 87.90376772 17.5 -6.77070816663222 
110.76451505 89.13567976 17.5 -6.7706853309879 
112.9456656 90.3675918 17.5 -6.77065745151757 
115.12681615 91.59950383 17.5 -6.77062506393806 
117.30796671 92.83141587 17.5 -6.77058909399013 
119.48911726 94.0633279 17.5 -6.77055086963309 
121.67026781 95.29523994 17.5 -6.77051206890405 
123.85141837 96.52715198 17.5 -6.77047444653901 
126.03256892 97.75906401 17.5 -6.77043963031324 
128.21371947 98.99097605 17.5 -6.77040912619632 
130.39487003 100.22288808 17.5 -6.77038442556424 
132.57602058 101.45480012 17.5 -6.77036688678842 
134.75717113 102.68671216 17.5 -6.7703577452279 
136.93832169 103.91862419 17.5 -6.77035800865632 
139.11947224 105.15053623 17.5 -6.7703683688441 
141.30062279 106.38244826 17.5 -6.77038921216479 
143.48177335 107.6143603 17.5 -6.77042056357952 
145.6629239 108.84627234 17.5 -6.77046205698536 
147.84407445 110.07818437 17.5 -6.77051298052946 
150.025225 111.31009641 17.5 -6.77057230855787 
152.20637556 112.54200844 17.5 -6.77063875623261 
154.38752611 113.77392048 17.5 -6.77071093353768 
21.31363421 36.12239848 17.5 -6.77078747944847 
23.49478476 37.35431051 17.5 -6.77069035244672 
25.67593532 38.58622255 17.5 -6.77059160231909 
27.85708587 39.81813459 17.5 -6.77049209730342 
30.03823642 41.05004662 17.5 -6.77039298696433 
32.21938698 42.28195866 17.5 -6.77029571423176 
34.40053753 43.51387069 17.5 -6.77020190176012 
36.58168808 44.74578273 17.5 -6.77011330794359 
38.76283864 45.97769477 17.5 -6.77003181846963 
40.94398919 47.2096068 17.5 -6.76995930187986 
43.12513974 48.44151884 17.5 -6.76989758866417 
45.30629029 49.67343087 17.5 -6.76984836719253 
47.48744085 50.90534291 17.5 -6.76981298573374 
49.6685914 52.13725495 17.5 -6.76979242005577 
51.84974195 53.36916698 17.5 -6.76978715386119 
54.03089251 54.60107902 17.5 -6.76979709679672 
56.21204306 55.83299105 17.5 -6.7698215310583 
58.39319361 57.06490309 17.5 -6.76985916527939 
60.57434417 58.29681513 17.5 -6.76990812861824 
62.75549472 59.52872716 17.5 -6.76996611780717 
64.93664527 60.7606392 17.5 -6.77003068366732 
67.11779583 61.99255123 17.5 -6.77009934087939 
69.29894638 63.22446327 17.5 -6.77016963460349 
71.48009693 64.45637531 17.5 -6.7702393038582 
73.66124749 65.68828734 17.5 -6.77030635745818 
75.84239804 66.92019938 17.5 -6.77036914522664 
78.02354859 68.15211141 17.5 -6.77042644902426 
80.20469915 69.38402345 17.5 -6.77047751153105 
82.3858497 70.61593549 17.5 -6.77052197698693 
84.56700025 71.84784752 17.5 -6.7705598838076 
86.7481508 73.07975956 17.5 -6.77059160240804 
88.92930136 74.31167159 17.5 -6.77061767444234 
91.11045191 75.54358363 17.5 -6.77063875057859 
93.29160246 76.77549567 17.5 -6.77065549841999 
95.47275302 78.0074077 17.5 -6.77066847512198 
97.65390357 79.23931974 17.5 -6.77067807963033 
99.83505412 80.47123177 17.5 -6.77068452345716 
102.01620468 81.70314381 17.5 -6.77068770252227 
104.19735523 82.93505585 17.5 -6.77068725725149 
106.37850578 84.16696788 17.5 -6.77068272670301 
108.55965634 85.39887992 17.5 -6.77067363684902 
110.74080689 86.63079195 17.5 -6.77065962666641 
112.92195744 87.86270399 17.5 -6.7706405873393 
115.103108 89.09461603 17.5 -6.7706167595037 
117.28425855 90.32652806 17.5 -6.77058875642795 
119.4654091 91.5584401 17.5 -6.77055765798745 
121.64655966 92.79035213 17.5 -6.77052497711256 
123.82771021 94.02226417 17.5 -6.77049241096575 
126.00886076 95.25417621 17.5 -6.77046166119189 
128.19001131 96.48608824 17.5 -6.77043429119667 
130.37116187 97.71800028 17.5 -6.77041173724668 
132.55231242 98.94991231 17.5 -6.77039540155637 
134.73346297 100.18182435 17.5 -6.77038660075883 
136.91461353 101.41373639 17.5 -6.77038642545269 
139.09576408 102.64564842 17.5 -6.77039571324567 
141.27691463 103.87756046 17.5 -6.77041501588823 
143.45806519 105.10947249 17.5 -6.77044451830391 
145.63921574 106.34138453 17.5 -6.77048401900079 
147.82036629 107.57329657 17.5 -6.77053298760333 
150.00151685 108.8052086 17.5 -6.77059052907092 
152.1826674 110.03712064 17.5 -6.77065549805005 
154.36381795 111.26903267 17.5 -6.770726646963 
156.54496851 112.50094471 17.5 -6.77080268861372 
158.72611906 113.73285675 17.5 -6.7708823116665 
19.1087755 32.38559864 17.5 -6.77096426726951 
21.28992605 33.61751067 17.5 -6.77086699822107 
23.4710766 34.84942271 17.5 -6.77076687590146 
25.65222716 36.08133474 17.5 -6.77066430291853 
27.83337771 37.31324678 17.5 -6.77055988471496 
30.01452826 38.54515882 17.5 -6.77045450853765 
32.19567882 39.77707085 17.5 -6.77034935276701 
34.37682937 41.00898289 17.5 -6.77024591779608 
36.55797992 42.24089492 17.5 -6.77014599587327 
38.73913048 43.47280696 17.5 -6.77005153804534 
40.92028103 44.70471899 17.5 -6.76996460806427 
43.10143158 45.93663103 17.5 -6.76988731024621 
45.28258214 47.16854307 17.5 -6.76982166764916 
47.46373269 48.4004551 17.5 -6.76976946704479 
49.64488324 49.63236714 17.5 -6.76973215994713 
51.8260338 50.86427917 17.5 -6.76971074210781 
54.00718435 52.09619121 17.5 -6.76970558904817 
56.1883349 53.32810325 17.5 -6.76971647682026 
58.36948546 54.56001528 17.5 -6.76974252835769 
60.55063601 55.79192732 17.5 -6.76978219025873 
62.73178656 57.02383935 17.5 -6.76983336206803 
64.91293711 58.25575139 17.5 -6.76989356829797 
67.09408767 59.48766343 17.5 -6.76996018669711 
69.27523822 60.71957546 17.5 -6.77003057253473 
71.45638877 61.9514875 17.5 -6.77010220664428 
73.63753933 63.18339953 17.5 -6.77017275419399 
75.81868988 64.41531157 17.5 -6.77024019867767 
77.99984043 65.64722361 17.5 -6.77030297688751 
80.18099099 66.87913564 17.5 -6.7703599717891 
82.36214154 68.11104768 17.5 -6.77041053230226 
84.54329209 69.34295971 17.5 -6.77045450874901 
86.72444265 70.57487175 17.5 -6.77049209717202 
88.9055932 71.80678379 17.5 -6.77052379865555 
91.08674375 73.03869582 17.5 -6.77055028926967 
93.26789431 74.27060786 17.5 -6.77057230974177 
95.44904486 75.50251989 17.5 -6.77059053006508 
97.63019541 76.73443193 17.5 -6.77060547589111 
99.81134597 77.96634397 17.5 -6.77061751850671 
101.99249652 79.198256 17.5 -6.77062674657123 
104.17364707 80.43016804 17.5 -6.77063296816362 
106.35479763 81.66208007 17.5 -6.77063578559598 
108.53594818 82.89399211 17.5 -6.77063463420661 
110.71709873 84.12590415 17.5 -6.77062901746348 
112.89824928 85.35781618 17.5 -6.77061860649945 
115.07939984 86.58972822 17.5 -6.77060332678439 
117.26055039 87.82164025 17.5 -6.77058350841222 
119.44170094 89.05355229 17.5 -6.77055992646397 
121.6228515 90.28546433 17.5 -6.77053383359455 
123.80400205 91.51737636 17.5 -6.77050680159063 
125.9851526 92.7492884 17.5 -6.77048053215778 
128.16630316 93.98120043 17.5 -6.77045665525095 
130.34745371 95.21311247 17.5 -6.77043660699883 
132.52860426 96.44502451 17.5 -6.77042179181515 
134.70975482 97.67693654 17.5 -6.77041355018427 
136.89090537 98.90884858 17.5 -6.77041305687341 
139.07205592 100.14076061 17.5 -6.77042129327449 
141.25320648 101.37267265 17.5 -6.77043895330415 
143.43435703 102.60458469 17.5 -6.77046638537935 
145.61550758 103.83649672 17.5 -6.77050358366426 
147.79665814 105.06840876 17.5 -6.77055019214935 
149.97780869 106.30032079 17.5 -6.77060548399184 
152.15895924 107.53223283 17.5 -6.77066846625597 
154.34010979 108.76414487 17.5 -6.77073804918218 
156.52126035 109.9960569 17.5 -6.77081302513467 
158.7024109 111.22796894 17.5 -6.77089217922528 
160.88356145 112.45988097 17.5 -6.77097434662976 
163.06471201 113.69179301 17.5 -6.77105837911729 
16.90391679 28.64879879 17.5 -6.77114320824701 
19.08506734 29.88071083 17.5 -6.77104735454806 
21.26621789 31.11262286 17.5 -6.77094818000932 
23.44736845 32.3445349 17.5 -6.77084578150702 
25.628519 33.57644694 17.5 -6.77074034076823 
27.80966955 34.80835897 17.5 -6.77063220485046 
29.99082011 36.04027101 17.5 -6.77052197252488 
32.17197066 37.27218304 17.5 -6.77041054051039 
34.35312121 38.50409508 17.5 -6.77029916473262 
36.53427177 39.73600712 17.5 -6.77018952578493 
38.71542232 40.96791915 17.5 -6.77008357438643 
40.89657287 42.19983119 17.5 -6.76998349080126 
43.07772343 43.43174322 17.5 -6.769891612803 
45.25887398 44.66365526 17.5 -6.76981022030609 
47.44002453 45.8955673 17.5 -6.76974151144825 
49.62117508 47.12747933 17.5 -6.76968740231506 
51.80232564 48.35939137 17.5 -6.76964934601942 
53.98347619 49.5913034 17.5 -6.76962826725301 
56.16462674 50.82321544 17.5 -6.76962442676417 
58.3457773 52.05512748 17.5 -6.76963740940047 
60.52692785 53.28703951 17.5 -6.76966606434833 
62.7080784 54.51895155 17.5 -6.7697086127235 
64.88922896 55.75086358 17.5 -6.7697627101997 
67.07037951 56.98277562 17.5 -6.76982566670694 
69.25153006 58.21468766 17.5 -6.76989472825299 
71.43268062 59.44659969 17.5 -6.76996714194469 
73.61383117 60.67851173 17.5 -6.77004026635393 
75.79498172 61.91042376 17.5 -6.77011176139389 
77.97613228 63.1423358 17.5 -6.77017965626402 
80.15728283 64.37424784 17.5 -6.77024245163538 
82.33843338 65.60615987 17.5 -6.77029916467714 
84.51958394 66.83807191 17.5 -6.77034934656405 
86.70073449 68.06998394 17.5 -6.77039299587362 
88.88188504 69.30189598 17.5 -6.77043047513364 
91.06303559 70.53380802 17.5 -6.77046245826339 
93.24418615 71.76572005 17.5 -6.7704897022221 
95.4253367 72.99763209 17.5 -6.77051297926856 
97.60648725 74.22954412 17.5 -6.77053298865447 
99.78763781 75.46145616 17.5 -6.77055019622772 
101.96878836 76.6933682 17.5 -6.77056485246124 
104.14993891 77.92528023 17.5 -6.77057697577137 
106.33108947 79.15719227 17.5 -6.77058628413768 
108.51224002 80.3891043 17.5 -6.77059227515537 
110.69339057 81.62101634 17.5 -6.77059436682419 
112.87454113 82.85292838 17.5 -6.77059205811976 
115.05569168 84.08484041 17.5 -6.77058503148542 
117.23684223 85.31675245 17.5 -6.77057331673127 
119.41799279 86.54866448 17.5 -6.77055739567077 
121.59914334 87.78057652 17.5 -6.77053817647398 
123.78029389 89.01248856 17.5 -6.77051706114715 
125.96144445 90.24440059 17.5 -6.77049566561759 
128.142595 91.47631263 17.5 -6.7704756036392 
130.32374555 92.70822466 17.5 -6.77045841271954 
132.5048961 93.9401367 17.5 -6.77044546378094 
134.68604666 95.17204874 17.5 -6.77043808489518 
136.86719721 96.40396077 17.5 -6.77043751368756 
139.04834776 97.63587281 17.5 -6.77044483588322 
141.22949832 98.86778484 17.5 -6.77046089459606 
143.41064887 100.09969688 17.5 -6.77048617779998 
145.59179942 101.33160892 17.5 -6.77052089474707 
147.77294998 102.56352095 17.5 -6.77056485808477 
149.95410053 103.79543299 17.5 -6.77061751149296 
152.13525108 105.02734502 17.5 -6.77067808272868 
154.31640164 106.25925706 17.5 -6.77074558562667 
156.49755219 107.4911691 17.5 -6.77081895712324 
158.67870274 108.72308113 17.5 -6.77089708320196 
160.8598533 109.95499317 17.5 -6.77097886114215 
163.04100385 111.1869052 17.5 -6.77106321267577 
165.2221544 112.41881724 17.5 -6.77114911167923 
167.40330496 113.65072928 17.5 -6.77123561844286 
14.69905808 24.91199895 17.5 -6.77132176280046 
16.88020863 26.14391099 17.5 -6.77122781460614 
19.06135918 27.37582302 17.5 -6.771130466126 
21.24250974 28.60773506 17.5 -6.77102977498846 
23.42366029 29.83964709 17.5 -6.77092570325784 
25.60481084 31.07155913 17.5 -6.77081821476948 
27.78596139 32.30347117 17.5 -6.77070743830372 
29.96711195 33.5353832 17.5 -6.7705936659854 
32.1482625 34.76729524 17.5 -6.77047750448317 
34.32941305 35.99920727 17.5 -6.77035996592314 
36.51056361 37.23111931 17.5 -6.77024245345563 
38.69171416 38.46303135 17.5 -6.77012679930844 
40.87286471 39.69494338 17.5 -6.77001522959928 
43.05401527 40.92685542 17.5 -6.76991018173189 
45.23516582 42.15876745 17.5 -6.76981419779302 
47.41631637 43.39067949 17.5 -6.76972979884381 
49.59746693 44.62259153 17.5 -6.76965930756763 
51.77861748 45.85450356 17.5 -6.76960465529538 
53.95976803 47.0864156 17.5 -6.76956726878925 
56.14091859 48.31832763 17.5 -6.7695479509423 
58.32206914 49.55023967 17.5 -6.7695467410627 
60.50321969 50.78215171 17.5 -6.76956296398893 
62.68437025 52.01406374 17.5 -6.7695952333577 
64.8655208 53.24597578 17.5 -6.76964145674938 
67.04667135 54.47788781 17.5 -6.76969905560042 
69.2278219 55.70979985 17.5 -6.76976520856627 
71.40897246 56.94171189 17.5 -6.76983699052848 
73.59012301 58.17362392 17.5 -6.76991153204962 
75.77127356 59.40553596 17.5 -6.76998616841289 
77.95242412 60.63744799 17.5 -6.77005856533067 
80.13357467 61.86936003 17.5 -6.77012679919181 
82.31472522 63.10127207 17.5 -6.77018952194007 
84.49587578 64.3331841 17.5 -6.77024592341412 
86.67702633 65.56509614 17.5 -6.7702957103674 
88.85817688 66.79700817 17.5 -6.77033910222583 
91.03932744 68.02892021 17.5 -6.77037663713657 
93.22047799 69.26083225 17.5 -6.77040907929639 
95.40162854 70.49274428 17.5 -6.77043728288707 
97.5827791 71.72465632 17.5 -6.77046205363135 
99.76392965 72.95656835 17.5 -6.77048402280952 
101.9450802 74.18848039 17.5 -6.77050358366811 
104.12623076 75.42039243 17.5 -6.77052089881128 
106.30738131 76.65230446 17.5 -6.77053583802477 
108.48853186 77.8842165 17.5 -6.77054803105821 
110.66968242 79.11612853 17.5 -6.77055694650718 
112.85083297 80.34804057 17.5 -6.77056195729157 
115.03198352 81.57995261 17.5 -6.77056257754966 
117.21313407 82.81186464 17.5 -6.77055859508542 
119.39428463 84.04377668 17.5 -6.77055014304686 
121.57543518 85.27568871 17.5 -6.7705378507866 
123.75658573 86.50760075 17.5 -6.77052284329351 
125.93773629 87.73951279 17.5 -6.77050658058919 
128.11888684 88.97142482 17.5 -6.77049062188175 
130.30003739 90.20333686 17.5 -6.77047654380645 
132.48118795 91.43524889 17.5 -6.77046576568079 
134.6623385 92.66716093 17.5 -6.77045956891981 
136.84348905 93.89907297 17.5 -6.77045921941881 
139.02463961 95.130985 17.5 -6.77046587386128 
141.20579016 96.36289704 17.5 -6.77048045916279 
143.38694071 97.59480907 17.5 -6.77050366062374 
145.56809127 98.82672111 17.5 -6.77053583804354 
147.74924182 100.05863315 17.5 -6.77057697986374 
149.93039237 101.29054518 17.5 -6.77062674064231 
152.11154293 102.52245722 17.5 -6.77068452396864 
154.29269348 103.75436925 17.5 -6.77074952358916 
156.47384403 104.98628129 17.5 -6.77082079910016 
158.65499458 106.21819333 17.5 -6.77089736479242 
160.83614514 107.45010536 17.5 -6.77097816972882 
163.01729569 108.6820174 17.5 -6.77106220397571 
165.19844624 109.91392943 17.5 -6.77114852076944 
167.3795968 111.14584147 17.5 -6.77123620838795 
169.56074735 112.37775351 17.5 -6.77132436881074 
171.7418979 113.60966554 17.5 -6.77141210852184 
12.49419936 21.17519911 17.5 -6.77149842953695 
14.67534992 22.40711114 17.5 -6.77140659535906 
16.85650047 23.63902318 17.5 -6.7713111985307 
19.03765102 24.87093522 17.5 -6.77121253419045 
21.21880158 26.10284725 17.5 -6.77111062547717 
23.39995213 27.33475929 17.5 -6.77100533013737 
25.58110268 28.56667132 17.5 -6.77089649925304 
27.76225324 29.79858336 17.5 -6.77078400087128 
29.94340379 31.0304954 17.5 -6.77066788053193 
32.12455434 32.26240743 17.5 -6.77054846160236 
34.3057049 33.49431947 17.5 -6.77042645484057 
36.48685545 34.7262315 17.5 -6.7703029807056 
38.668006 35.95814354 17.5 -6.77017965068763 
40.84915656 37.19005558 17.5 -6.77005856566794 
43.03030711 38.42196761 17.5 -6.76994217665843 
45.21145766 39.65387965 17.5 -6.76983319045511 
47.39260821 40.88579168 17.5 -6.76973440038785 
49.57375877 42.11770372 17.5 -6.76964846276277 
51.75490932 43.34961576 17.5 -6.76957775860255 
53.93605987 44.58152779 17.5 -6.76952421983094 
56.11721043 45.81343983 17.5 -6.7694891284326 
58.29836098 47.04535186 17.5 -6.76947305272817 
60.47951153 48.2772639 17.5 -6.76947580586262 
62.66066209 49.50917594 17.5 -6.7694964215113 
64.84181264 50.74108797 17.5 -6.76953317896581 
67.02296319 51.97300001 17.5 -6.76958374560758 
69.20411375 53.20491204 17.5 -6.76964532911131 
71.3852643 54.43682408 17.5 -6.76971493495082 
73.56641485 55.66873612 17.5 -6.76978953149999 
75.74756541 56.90064815 17.5 -6.76986617948925 
77.92871596 58.13256019 17.5 -6.76994217561262 
80.10986651 59.36447222 17.5 -6.77001522783874 
82.29101707 60.59638426 17.5 -6.77008357454846 
84.47216762 61.8282963 17.5 -6.77014600200854 
86.65331817 63.06020833 17.5 -6.77020189723418 
88.83446873 64.29212037 17.5 -6.77025121736435 
91.01561928 65.5240324 17.5 -6.77029433304678 
93.19676983 66.75594444 17.5 -6.77033194842244 
95.37792038 67.98785648 17.5 -6.77036495836783 
97.55907094 69.21976851 17.5 -6.77039423520057 
99.74022149 70.45168055 17.5 -6.77042055987579 
101.92137204 71.68359258 17.5 -6.77044451247837 
104.1025226 72.91550462 17.5 -6.77046638732917 
106.28367315 74.14741666 17.5 -6.77048617994902 
108.4648237 75.37932869 17.5 -6.77050366351601 
110.64597426 76.61124073 17.5 -6.77051839010487 
112.82712481 77.84315276 17.5 -6.77052974705197 
115.00827536 79.0750648 17.5 -6.77053715715987 
117.18942592 80.30697684 17.5 -6.77054020314209 
119.37057647 81.53888887 17.5 -6.77053875115012 
121.55172702 82.77080091 17.5 -6.77053312620224 
123.73287758 84.00271294 17.5 -6.77052415767203 
125.91402813 85.23462498 17.5 -6.77051308587871 
128.09517868 86.46653702 17.5 -6.77050138009129 
130.27632924 87.69844905 17.5 -6.77049058894068 
132.45747979 88.93036109 17.5 -6.7704821651166 
134.63863034 90.16227312 17.5 -6.77047740935165 
136.81978089 91.39418516 17.5 -6.77047757236628 
139.00093145 92.6260972 17.5 -6.77048381322119 
141.182082 93.85800923 17.5 -6.77049714542637 
143.36323255 95.08992127 17.5 -6.77051838448641 
145.54438311 96.3218333 17.5 -6.77054804187156 
147.72553366 97.55374534 17.5 -6.77058628179571 
149.90668421 98.78565738 17.5 -6.77063297453781 
152.08783477 100.01756941 17.5 -6.77068770356826 
154.26898532 101.24948145 17.5 -6.77074983354679 
156.45013587 102.48139348 17.5 -6.77081859849483 
158.63128643 103.71330552 17.5 -6.77089310079812 
160.81243698 104.94521755 17.5 -6.77097239626702 
162.99358753 106.17712959 17.5 -6.77105553078041 
165.17473809 107.40904163 17.5 -6.77114161586749 
167.35588864 108.64095366 17.5 -6.77122977214165 
169.53703919 109.8728657 17.5 -6.7713191708654 
171.71818975 111.10477773 17.5 -6.77140900193135 
173.8993403 112.33668977 17.5 -6.77149832395204 
176.08049085 113.56860181 17.5 -6.77158607698557 
10.28934065 17.43839927 17.5 -6.77167096502196 
12.47049121 18.6703113 17.5 -6.7715821890875 
14.65164176 19.90222334 17.5 -6.77148903788339 
16.83279231 21.13413537 17.5 -6.77139233823 
19.01394287 22.36604741 17.5 -6.77129250666158 
21.19509342 23.59795944 17.5 -6.77118961088812 
23.37624397 24.82987148 17.5 -6.77108347943957 
25.55739453 26.06178352 17.5 -6.7709738522088 
27.73854508 27.29369555 17.5 -6.77086041365747 
29.91969563 28.52560759 17.5 -6.77074297958336 
32.10084618 29.75751962 17.5 -6.77062162936994 
34.28199674 30.98943166 17.5 -6.77049673497288 
36.46314729 32.2213437 17.5 -6.77036914134932 
38.64429784 33.45325573 17.5 -6.77024019862448 
40.8254484 34.68516777 17.5 -6.77011176344786 
43.00659895 35.9170798 17.5 -6.76998617405346 
45.1877495 37.14899184 17.5 -6.76986617468846 
47.36890006 38.38090388 17.5 -6.7697547224095 
49.55005061 39.61281591 17.5 -6.76965476271926 
51.73120116 40.84472795 17.5 -6.76956906374693 
53.91235172 42.07663998 17.5 -6.76950001786571 
56.09350227 43.30855202 17.5 -6.76944939000803 
58.27465282 44.54046406 17.5 -6.76941827597007 
60.45580338 45.77237609 17.5 -6.76940697643351 
62.63695393 47.00428813 17.5 -6.76941496417359 
64.81810448 48.23620016 17.5 -6.7694409680183 
66.99925504 49.4681122 17.5 -6.76948299336315 
69.18040559 50.70002424 17.5 -6.76953841689392 
71.36155614 51.93193627 17.5 -6.76960426327488 
73.54270669 53.16384831 17.5 -6.76967741624733 
75.72385725 54.39576034 17.5 -6.76975472644611 
77.9050078 55.62767238 17.5 -6.76983319235561 
80.08615835 56.85958442 17.5 -6.76991017932723 
82.26730891 58.09149645 17.5 -6.76998350162355 
84.44845946 59.32340849 17.5 -6.7700515323733 
86.62961001 60.55532052 17.5 -6.77011331199873 
88.81076057 61.78723256 17.5 -6.77016844954481 
90.99191112 63.0191446 17.5 -6.77021709412441 
93.17306167 64.25105663 17.5 -6.77025983413481 
95.35421223 65.48296867 17.5 -6.77029750695528 
97.53536278 66.7148807 17.5 -6.77033105860599 
99.71651333 67.94679274 17.5 -6.77036137987848 
101.89766389 69.17870478 17.5 -6.77038921791784 
104.07881444 70.41061681 17.5 -6.77041501956247 
106.25996499 71.64252885 17.5 -6.77043894549277 
108.44111555 72.87444088 17.5 -6.77046089174188 
110.6222661 74.10635292 17.5 -6.77048046257221 
112.80341665 75.33826496 17.5 -6.77049714266307 
114.9845672 76.57017699 17.5 -6.77051033970311 
117.16571776 77.80208903 17.5 -6.77051949210887 
119.34686831 79.03400106 17.5 -6.7705242849145 
121.52801886 80.2659131 17.5 -6.77052477652983 
123.70916942 81.49782514 17.5 -6.77052148008641 
125.89031997 82.72973717 17.5 -6.77051540493449 
128.07147052 83.96164921 17.5 -6.77050788575184 
130.25262108 85.19356124 17.5 -6.77050039196252 
132.43377163 86.42547328 17.5 -6.77049436906997 
134.61492218 87.65738532 17.5 -6.7704911882271 
136.79607274 88.88929735 17.5 -6.77049203850492 
138.97722329 90.12120939 17.5 -6.77049806203221 
141.15837384 91.35312142 17.5 -6.77051033610629 
143.3395244 92.58503346 17.5 -6.77052975075853 
145.52067495 93.8169455 17.5 -6.77055694676925 
147.7018255 95.04885753 17.5 -6.77059226978977 
149.88297606 96.28076957 17.5 -6.77063578117492 
152.06412661 97.5126816 17.5 -6.77068726096167 
154.24527716 98.74459364 17.5 -6.77074625644303 
156.42642772 99.97650568 17.5 -6.77081216352743 
158.60757827 101.20841771 17.5 -6.77088419301515 
160.78872882 102.44032975 17.5 -6.77096148966418 
162.96987937 103.67224178 17.5 -6.77104320551972 
165.15102993 104.90415382 17.5 -6.77112844419318 
167.33218048 106.13606586 17.5 -6.77121639625903 
169.51333103 107.36797789 17.5 -6.77130629112133 
171.69448159 108.59988993 17.5 -6.77139735324232 
173.87563214 109.83180196 17.5 -6.7714887498978 
176.05678269 111.063714 17.5 -6.77157951240443 
178.23793325 112.29562604 17.5 -6.77166845668857 
180.4190838 113.52753807 17.5 -6.77175405137272 
8.08448194 13.70159942 17.5 -6.77183443868018 
10.26563249 14.93351146 17.5 -6.7717513688071 
12.44678305 16.16542349 17.5 -6.77166198841974 
14.6279336 17.39733553 17.5 -6.77156787914817 
16.80908415 18.62924757 17.5 -6.77147013201426 
18.99023471 19.8611596 17.5 -6.77136933734311 
21.17138526 21.09307164 17.5 -6.77126566361931 
23.35253581 22.32498367 17.5 -6.77115901342252 
25.53368637 23.55689571 17.5 -6.77104903111184 
27.71483692 24.78880775 17.5 -6.77093529352397 
29.89598747 26.02071978 17.5 -6.77081744272611 
32.07713803 27.25263182 17.5 -6.77069528544809 
34.25828858 28.48454385 17.5 -6.77056894496394 
36.43943913 29.71645589 17.5 -6.77043894584851 
38.62058969 30.94836793 17.5 -6.77030635634517 
40.80174024 32.18027996 17.5 -6.77017275013081 
42.98289079 33.412192 17.5 -6.77004026051644 
45.16404135 34.64410403 17.5 -6.76991153916885 
47.3451919 35.87601607 17.5 -6.76978953495112 
49.52634245 37.10792811 17.5 -6.76967741276319 
51.707493 38.33984014 17.5 -6.76957826159243 
53.88864356 39.57175218 17.5 -6.76949484041 
56.06979411 40.80366421 17.5 -6.7694294239133 
58.25094466 42.03557625 17.5 -6.76938359973206 
60.43209522 43.26748829 17.5 -6.76935815165882 
62.61324577 44.49940032 17.5 -6.769353029613 
64.79439632 45.73131236 17.5 -6.76936739894808 
66.97554688 46.96322439 17.5 -6.76939967496642 
69.15669743 48.19513643 17.5 -6.76944751409688 
71.33784798 49.42704847 17.5 -6.76950809075577 
73.51899854 50.6589605 17.5 -6.76957826155007 
75.70014909 51.89087254 17.5 -6.76965475948665 
77.88129964 53.12278457 17.5 -6.76973439789203 
80.0624502 54.35469661 17.5 -6.76981420171617 
82.24360075 55.58660865 17.5 -6.76989160947774 
84.4247513 56.81852068 17.5 -6.76996460377495 
86.60590186 58.05043272 17.5 -6.77003181275686 
88.78705241 59.28234475 17.5 -6.77009249611111 
90.96820296 60.51425679 17.5 -6.77014650332081 
93.14935352 61.74616883 17.5 -6.77019424217427 
95.33050407 62.97808086 17.5 -6.77023643459382 
97.51165462 64.2099929 17.5 -6.77027402329088 
99.69280517 65.44190493 17.5 -6.77030801861609 
101.87395573 66.67381697 17.5 -6.77033925202973 
104.05510628 67.90572901 17.5 -6.77036836820946 
106.23625683 69.13764104 17.5 -6.77039571203537 
108.41740739 70.36955308 17.5 -6.77042129538824 
110.59855794 71.60146511 17.5 -6.7704448424874 
112.77970849 72.83337715 17.5 -6.770465869766 
114.96085905 74.06528919 17.5 -6.77048380917137 
117.1420096 75.29720122 17.5 -6.77049806411971 
119.32316015 76.52911326 17.5 -6.77050818158112 
121.50431071 77.76102529 17.5 -6.77051401793863 
123.68546126 78.99293733 17.5 -6.77051578831491 
125.86661181 80.22484937 17.5 -6.77051426452029 
128.04776237 81.4567614 17.5 -6.77051062084352 
130.22891292 82.68867344 17.5 -6.77050620452234 
132.41006347 83.92058547 17.5 -6.77050246390199 
134.59121403 85.15249751 17.5 -6.77050076648446 
136.77236458 86.38440955 17.5 -6.77050230550196 
138.95351513 87.61632158 17.5 -6.77050818469456 
141.13466568 88.84823362 17.5 -6.77051948918489 
143.31581624 90.08014565 17.5 -6.77053716825386 
145.49696679 91.31205769 17.5 -6.77056195356469 
147.67811734 92.54396973 17.5 -6.77059436666021 
149.8592679 93.77588176 17.5 -6.77063463614324 
152.04041845 95.0077938 17.5 -6.77068272212744 
154.221569 96.23970583 17.5 -6.77073839179265 
156.40271956 97.47161787 17.5 -6.77080116150116 
158.58387011 98.70352991 17.5 -6.77087037498158 
160.76502066 99.93544194 17.5 -6.77094529159989 
162.94617122 101.16735398 17.5 -6.77102509452256 
165.12732177 102.39926601 17.5 -6.7711089658761 
167.30847232 103.63117805 17.5 -6.77119611350603 
169.48962288 104.86309009 17.5 -6.77128580584235 
171.67077343 106.09500212 17.5 -6.77137730313139 
173.85192398 107.32691416 17.5 -6.7714698469715 
176.03307454 108.55882619 17.5 -6.77156260011985 
178.21422509 109.79073823 17.5 -6.77165446485258 
180.39537564 111.02265027 17.5 -6.77174407109563 
182.57652619 112.2545623 17.5 -6.7718296819882 
184.75767675 113.48647434 17.5 -6.77190912007209 
5.87962323 9.96479958 17.5 -6.77197985270904 
8.06077378 11.19671162 17.5 -6.7719073805549 
10.24192434 12.42862365 17.5 -6.77182536571022 
12.42307489 13.66053569 17.5 -6.77173617074964 
14.60422544 14.89244772 17.5 -6.77164171228157 
16.785376 16.12435976 17.5 -6.77154334863078 
18.96652655 17.3562718 17.5 -6.77144190508641 
21.1476771 18.58818383 17.5 -6.77133774425561 
23.32882766 19.82009587 17.5 -6.77123084911868 
25.50997821 21.0520079 17.5 -6.77112089277868 
27.69112876 22.28391994 17.5 -6.77100738486445 
29.87227932 23.51583198 17.5 -6.77088984042462 
32.05342987 24.74774401 17.5 -6.77076785523649 
34.23458042 25.97965605 17.5 -6.77064129592135 
36.41573097 27.21156808 17.5 -6.77051044332282 
38.59688153 28.44348012 17.5 -6.77037601332902 
40.77803208 29.67539216 17.5 -6.7702393037256 
42.95918263 30.90730419 17.5 -6.77010220496158 
45.14033319 32.13921623 17.5 -6.76996714055156 
47.32148374 33.37112826 17.5 -6.76983698466319 
49.50263429 34.6030403 17.5 -6.7697149330628 
51.68378485 35.83495234 17.5 -6.76960426904626 
53.8649354 37.06686437 17.5 -6.76950809263734 
56.04608595 38.29877641 17.5 -6.76942909783929 
58.22723651 39.53068844 17.5 -6.76936937408181 
60.40838706 40.76260048 17.5 -6.76933018211058 
62.58953761 41.99451252 17.5 -6.76931196231366 
64.77068817 43.22642455 17.5 -6.76931430976424 
66.95183872 44.45833659 17.5 -6.769336007949 
69.13298927 45.69024862 17.5 -6.76937513903709 
71.31413983 46.92216066 17.5 -6.76942910678297 
73.49529038 48.1540727 17.5 -6.76949484166981 
75.67644093 49.38598473 17.5 -6.76956906590646 
77.85759148 50.61789677 17.5 -6.76964845770286 
80.03874204 51.8498088 17.5 -6.76972980658145 
82.21989259 53.08172084 17.5 -6.76981021645528 
84.40104314 54.31363288 17.5 -6.76988731044858 
86.5821937 55.54554491 17.5 -6.76995930269898 
88.76334425 56.77745695 17.5 -6.77002505379251 
90.9444948 58.00936898 17.5 -6.77008412751248 
93.12564536 59.24128102 17.5 -6.77013663686898 
95.30679591 60.47319306 17.5 -6.77018314926483 
97.48794646 61.70510509 17.5 -6.77022456461607 
99.66909702 62.93701713 17.5 -6.77026188772875 
101.85024757 64.16892916 17.5 -6.77029608946954 
104.03139812 65.4008412 17.5 -6.7703279542138 
106.21254868 66.63275324 17.5 -6.77035800879166 
108.39369923 67.86466527 17.5 -6.7703864211034 
110.57484978 69.09657731 17.5 -6.77041305002897 
112.75600034 70.32848934 17.5 -6.77043751729703 
114.93715089 71.56040138 17.5 -6.77045922511339 
117.11830144 72.79231342 17.5 -6.77047756670139 
119.29945199 74.02422545 17.5 -6.77049203858702 
121.48060255 75.25613749 17.5 -6.77050230393219 
123.6617531 76.48804952 17.5 -6.77050839510133 
125.84290365 77.71996156 17.5 -6.77051081622672 
128.02405421 78.9518736 17.5 -6.77051052658362 
130.20520476 80.18378563 17.5 -6.77050877311912 
132.38635531 81.41569767 17.5 -6.77050693697641 
134.56750587 82.6476097 17.5 -6.7705064049403 
136.74865642 83.87952174 17.5 -6.77050839696451 
138.92980697 85.11143378 17.5 -6.7705140129867 
141.11095753 86.34334581 17.5 -6.77052428943127 
143.29210808 87.57525785 17.5 -6.77054019570806 
145.47325863 88.80716988 17.5 -6.77056257766502 
147.65440919 90.03908192 17.5 -6.7705920578712 
149.83555974 91.27099396 17.5 -6.77062902542512 
152.01671029 92.50290599 17.5 -6.77067363205213 
154.19786085 93.73481803 17.5 -6.7707258099494 
156.3790114 94.96673006 17.5 -6.77078522213438 
158.56016195 96.1986421 17.5 -6.77085135243446 
160.74131251 97.43055414 17.5 -6.77092355941602 
162.92246306 98.66246617 17.5 -6.77100107285316 
165.10361361 99.89437821 17.5 -6.77108311748283 
167.28476416 101.12629024 17.5 -6.77116894735659 
169.46591472 102.35820228 17.5 -6.77125781846202 
171.64706527 103.59011432 17.5 -6.77134903408741 
173.82821582 104.82202635 17.5 -6.7714418997366 
176.00936638 106.05393839 17.5 -6.77153564260693 
178.19051693 107.28585042 17.5 -6.77162929974324 
180.37166748 108.51776246 17.5 -6.77172166848709 
182.55281804 109.7496745 17.5 -6.77181116165582 
184.73396859 110.98158653 17.5 -6.77189574745775 
186.91511914 112.21349857 17.5 -6.77197302294433 
189.0962697 113.4454106 17.5 -6.7720400793091 
3.67476452 6.22799974 17.5 -6.77209411481079 
5.85591507 7.45991177 17.5 -6.7720391220877 
8.03706563 8.69182381 17.5 -6.77197038477297 
10.21821618 9.92373585 17.5 -6.77189075362195 
12.39936673 11.15564788 17.5 -6.77180286145826 
14.58051728 12.38755992 17.5 -6.7717089278307 
16.76166784 13.61947195 17.5 -6.77161060883108 
18.94281839 14.85138399 17.5 -6.77150901966236 
21.12396894 16.08329603 17.5 -6.77140476650031 
23.3051195 17.31520806 17.5 -6.77129797114759 
25.48627005 18.5471201 17.5 -6.77118838516456 
27.6674206 19.77903213 17.5 -6.77107555183192 
29.84857116 21.01094417 17.5 -6.77095889610951 
32.02972171 22.24285621 17.5 -6.77083787418187 
34.21087226 23.47476824 17.5 -6.77071216239146 
36.39202282 24.70668028 17.5 -6.77058175949018 
38.57317337 25.93859231 17.5 -6.77044710642322 
40.75432392 27.17050435 17.5 -6.77030919945112 
42.93547448 28.40241639 17.5 -6.77016963882962 
45.11662503 29.63432842 17.5 -6.7700305795848 
47.29777558 30.86624046 17.5 -6.76989472836457 
49.47892614 32.09815249 17.5 -6.76976520850762 
51.66007669 33.33006453 17.5 -6.76964532906684 
53.84122724 34.56197657 17.5 -6.76953841315699 
56.02237779 35.7938886 17.5 -6.76944751898649 
58.20352835 37.02580064 17.5 -6.76937514684631 
60.3846789 38.25771267 17.5 -6.76932307178753 
62.56582945 39.48962471 17.5 -6.76929222973347 
64.74698001 40.72153675 17.5 -6.7692826148361 
66.92813056 41.95344878 17.5 -6.76929340355482 
69.10928111 43.18536082 17.5 -6.76932307383817 
71.29043167 44.41727285 17.5 -6.76936937606107 
73.47158222 45.64918489 17.5 -6.76942942259811 
75.65273277 46.88109693 17.5 -6.76950001404793 
77.83388333 48.11300896 17.5 -6.76957776312094 
80.01503388 49.344921 17.5 -6.76965930572196 
82.19618443 50.57683303 17.5 -6.76974151139996 
84.37733499 51.80874507 17.5 -6.76982166749084 
86.55848554 53.04065711 17.5 -6.76989760001339 
88.73963609 54.27256914 17.5 -6.76996779884825 
90.92078665 55.50448118 17.5 -6.77003146418879 
93.1019372 56.73639321 17.5 -6.77008840181429 
95.28308775 57.96830525 17.5 -6.77013897472718 
97.46423831 59.20021729 17.5 -6.77018396135373 
99.64538886 60.43212932 17.5 -6.77022432081911 
101.82653941 61.66404136 17.5 -6.77026108501732 
104.00768996 62.89595339 17.5 -6.77029518750007 
106.18884052 64.12786543 17.5 -6.77032728895964 
108.36999107 65.35977747 17.5 -6.77035774938584 
110.55114162 66.5916895 17.5 -6.77038659814815 
112.73229218 67.82360154 17.5 -6.770413552338 
114.91344273 69.05551357 17.5 -6.77043807917218 
117.09459328 70.28742561 17.5 -6.77045956692345 
119.27574384 71.51933765 17.5 -6.77047741730463 
121.45689439 72.75124968 17.5 -6.7704911912204 
123.63804494 73.98316172 17.5 -6.77050076082814 
125.8191955 75.21507375 17.5 -6.77050640320506 
128.00034605 76.44698579 17.5 -6.77050884135512 
130.1814966 77.67889783 17.5 -6.77050919018486 
132.36264716 78.91080986 17.5 -6.77050874084322 
134.54379771 80.1427219 17.5 -6.77050884346059 
136.72494826 81.37463393 17.5 -6.77051081046585 
138.90609882 82.60654597 17.5 -6.77051578802775 
141.08724937 83.838458 17.5 -6.77052477879081 
143.26839992 85.07037004 17.5 -6.77053874631486 
145.44955047 86.30228208 17.5 -6.77055859516252 
147.63070103 87.53419411 17.5 -6.77058503529309 
149.81185158 88.76610615 17.5 -6.77061860065755 
151.99300213 89.99801818 17.5 -6.77065962705863 
154.17415269 91.22993022 17.5 -6.77070816857636 
156.35530324 92.46184226 17.5 -6.77076404243873 
158.53645379 93.69375429 17.5 -6.77082687065117 
160.71760435 94.92566633 17.5 -6.77089608613676 
162.8987549 96.15757836 17.5 -6.7709709958915 
165.07990545 97.3894904 17.5 -6.77105085998293 
167.26105601 98.62140244 17.5 -6.77113493344252 
169.44220656 99.85331447 17.5 -6.77122247973695 
171.62335711 101.08522651 17.5 -6.77131281227674 
173.80450767 102.31713854 17.5 -6.77140527797542 
175.98565822 103.54905058 17.5 -6.7714991331762 
178.16680877 104.78096262 17.5 -6.77159354701853 
180.34795933 106.01287465 17.5 -6.77168746456741 
182.52910988 107.24478669 17.5 -6.77177946368782 
184.71026043 108.47669872 17.5 -6.77186773092576 
186.89141098 109.70861076 17.5 -6.77194999381666 
189.07256154 110.9405228 17.5 -6.7720235502371 
191.25371209 112.17243483 17.5 -6.77208546273819 
193.43486264 113.40434687 17.5 -6.77213257137375 
1.46990581 2.4911999 17.5 -6.77216239536467 
3.65105636 3.72311193 17.5 -6.77213226776194 
5.83220691 4.95502397 17.5 -6.77208419799418 
8.01335747 6.186936 17.5 -6.77202086773505 
10.19450802 7.41884804 17.5 -6.77194518491947 
12.37565857 8.65076007 17.5 -6.7718599929857 
14.55680913 9.88267211 17.5 -6.77176774075409 
16.73795968 11.11458415 17.5 -6.7716704052955 
18.91911023 12.34649618 17.5 -6.77156940716113 
21.10026079 13.57840822 17.5 -6.77146561238187 
23.28141134 14.81032025 17.5 -6.77135935427631 
25.46256189 16.04223229 17.5 -6.77125053249182 
27.64371245 17.27414433 17.5 -6.77113877446969 
29.824863 18.50605636 17.5 -6.77102348618711 
32.00601355 19.7379684 17.5 -6.77090406171334 
34.18716411 20.96988043 17.5 -6.77078004495404 
36.36831466 22.20179247 17.5 -6.7706511912293 
38.54946521 23.43370451 17.5 -6.77051769755627 
40.73061576 24.66561654 17.5 -6.77038027662388 
42.91176632 25.89752858 17.5 -6.77024019263776 
45.09291687 27.12944061 17.5 -6.7700993393019 
47.27406742 28.36135265 17.5 -6.76996018084326 
49.45521798 29.59326469 17.5 -6.76982567048895 
51.63636853 30.82517672 17.5 -6.7696990577034 
53.81751908 32.05708876 17.5 -6.76958374343692 
55.99866964 33.28900079 17.5 -6.76948299559151 
58.17982019 34.52091283 17.5 -6.76939966778143 
60.36097074 35.75282487 17.5 -6.76933600557889 
62.5421213 36.9847369 17.5 -6.76929340612252 
64.72327185 38.21664894 17.5 -6.76927231434437 
66.9044224 39.44856097 17.5 -6.76927231294697 
69.08557296 40.68047301 17.5 -6.76929222972389 
71.26672351 41.91238505 17.5 -6.76933018404626 
73.44787406 43.14429708 17.5 -6.76938359400277 
75.62902462 44.37620912 17.5 -6.7694493897534 
77.81017517 45.60812115 17.5 -6.76952422104345 
79.99132572 46.84003319 17.5 -6.76960465126054 
82.17247627 48.07194523 17.5 -6.76968740229369 
84.35362683 49.30385726 17.5 -6.76976947072937 
86.53477738 50.5357693 17.5 -6.76984836135742 
88.71592793 51.76768133 17.5 -6.76992222763056 
90.89707849 52.99959337 17.5 -6.76998987335496 
93.07822904 54.23150541 17.5 -6.77005078492062 
95.25937959 55.46341744 17.5 -6.77010507809255 
97.44053015 56.69532948 17.5 -6.77015333073546 
99.6216807 57.92724151 17.5 -6.77019643055917 
101.80283125 59.15915355 17.5 -6.77023541402586 
103.98398181 60.39106559 17.5 -6.77027128715833 
106.16513236 61.62297762 17.5 -6.7703048546629 
108.34628291 62.85488966 17.5 -6.77033665099806 
110.52743347 64.08680169 17.5 -6.77036689092819 
112.70858402 65.31871373 17.5 -6.77039540733246 
114.88973457 66.55062577 17.5 -6.77042179155147 
117.07088513 67.7825378 17.5 -6.77044546382907 
119.25203568 69.01444984 17.5 -6.77046576360777 
121.43318623 70.24636187 17.5 -6.7704821615647 
123.61433678 71.47827391 17.5 -6.77049437268342 
125.79548734 72.71018595 17.5 -6.77050246817568 
127.97663789 73.94209798 17.5 -6.77050693818158 
130.15778844 75.17401002 17.5 -6.77050873760045 
132.338939 76.40592205 17.5 -6.77050905203904 
134.52008955 77.63783409 17.5 -6.77050918995291 
136.7012401 78.86974613 17.5 -6.77051052063255 
138.88239066 80.10165816 17.5 -6.77051427232535 
141.06354121 81.3335702 17.5 -6.77052147109031 
143.24469176 82.56548223 17.5 -6.77053313130144 
145.42584232 83.79739427 17.5 -6.7705501443494 
147.60699287 85.02930631 17.5 -6.77057332379613 
149.78814342 86.26121834 17.5 -6.77060332117272 
151.96929398 87.49313038 17.5 -6.7706405898938 
154.15044453 88.72504241 17.5 -6.77068533234868 
156.33159508 89.95695445 17.5 -6.77073748678382 
158.51274564 91.18886649 17.5 -6.77079680709216 
160.69389619 92.42077852 17.5 -6.77086279806829 
162.87504674 93.65269056 17.5 -6.77093483277267 
165.0561973 94.88460259 17.5 -6.7710122280372 
167.23734785 96.11651463 17.5 -6.77109419879951 
169.4184984 97.34842667 17.5 -6.77118002217033 
171.59964895 98.5803387 17.5 -6.77126900938857 
173.78079951 99.81225074 17.5 -6.7713604693956 
175.96195006 101.04416277 17.5 -6.77145372751463 
178.14310061 102.27607481 17.5 -6.77154801306718 
180.32425117 103.50798685 17.5 -6.77164239767537 
182.50540172 104.73989888 17.5 -6.77173563524365 
184.68655227 105.97181092 17.5 -6.77182613183967 
186.86770283 107.20372295 17.5 -6.77191184501413 
189.04885338 108.43563499 17.5 -6.77199024086017 
191.23000393 109.66754703 17.5 -6.7720584661762 
193.41115449 110.89945906 17.5 -6.7721134854355 
195.59230504 112.1313711 17.5 -6.77215242660187 
197.77345559 113.36328313 17.5 -6.77217258442346 
3.6273482 1.21822412 17.5 -6.77215219036621 
5.80849876 2.45013616 17.5 -6.7721126718601 
7.98964931 3.6820482 17.5 -6.77205645975431 
10.17079986 4.91396023 17.5 -6.77198642509076 
12.35195042 6.14587227 17.5 -6.7719054986031 
14.53310097 7.3777843 17.5 -6.77181634244947 
16.71425152 8.60969634 17.5 -6.7717211776446 
18.89540207 9.84160838 17.5 -6.77162174353774 
21.07655263 11.07352041 17.5 -6.77151915846872 
23.25770318 12.30543245 17.5 -6.77141400701971 
25.43885373 13.53734448 17.5 -6.77130642870574 
27.62000429 14.76925652 17.5 -6.77119614508109 
29.80115484 16.00116856 17.5 -6.77108264700649 
31.98230539 17.23308059 17.5 -6.77096533979519 
34.16345595 18.46499263 17.5 -6.77084365846978 
36.3446065 19.69690466 17.5 -6.77071723301938 
38.52575705 20.9288167 17.5 -6.77058603222383 
40.70690761 22.16072874 17.5 -6.77045049926232 
42.88805816 23.39264077 17.5 -6.77031160400906 
45.06920871 24.62455281 17.5 -6.7701709323911 
47.25035927 25.85646484 17.5 -6.77003069254418 
49.43150982 27.08837688 17.5 -6.76989356836399 
51.61266037 28.32028892 17.5 -6.76976270132106 
53.79381093 29.55220095 17.5 -6.76964145996749 
55.97496148 30.78411299 17.5 -6.7695331783418 
58.15611203 32.01602502 17.5 -6.76944096902772 
60.33726258 33.24793706 17.5 -6.76936740617714 
62.51841314 34.4798491 17.5 -6.76931431176153 
64.69956369 35.71176113 17.5 -6.76928260676016 
66.88071424 36.94367317 17.5 -6.76927230924904 
69.0618648 38.1755852 17.5 -6.76928261577487 
71.24301535 39.40749724 17.5 -6.76931196400788 
73.4241659 40.63940928 17.5 -6.76935814589973 
75.60531646 41.87132131 17.5 -6.76941828357501 
77.78646701 43.10323335 17.5 -6.76948911939625 
79.96761756 44.33514538 17.5 -6.76956727722422 
82.14876812 45.56705742 17.5 -6.76964934743581 
84.32991867 46.79896946 17.5 -6.76973216602878 
86.51106922 48.03088149 17.5 -6.76981297816481 
88.69221978 49.26279353 17.5 -6.76988960226561 
90.87337033 50.49470556 17.5 -6.76996050726888 
93.05452088 51.7266176 17.5 -6.7700248330326 
95.23567144 52.95852964 17.5 -6.77008241909319 
97.41682199 54.19044167 17.5 -6.77013360032217 
99.59797254 55.42235371 17.5 -6.77017913013902 
101.7791231 56.65426574 17.5 -6.77022002141055 
103.96027365 57.88617778 17.5 -6.77025726975591 
106.1414242 59.11808982 17.5 -6.77029180864067 
108.32257475 60.35000185 17.5 -6.77032433478366 
110.50372531 61.58191389 17.5 -6.77035519538157 
112.68487586 62.81382592 17.5 -6.77038442510143 
114.86602641 64.04573796 17.5 -6.77041173133552 
117.04717697 65.27765 17.5 -6.77043661093227 
119.22832752 66.50956203 17.5 -6.77045841137168 
121.40947807 67.74147407 17.5 -6.77047654391189 
123.59062863 68.9733861 17.5 -6.77049059100726 
125.77177918 70.20529814 17.5 -6.77050038607683 
127.95292973 71.43721018 17.5 -6.77050620227594 
130.13408029 72.66912221 17.5 -6.7705087770306 
132.31523084 73.90103425 17.5 -6.77050919028104 
134.49638139 75.13294628 17.5 -6.77050873398509 
136.67753195 76.36485832 17.5 -6.77050877681054 
138.8586825 77.59677036 17.5 -6.77051062094388 
141.03983305 78.82868239 17.5 -6.77051540297696 
143.22098361 80.06059443 17.5 -6.77052415451089 
145.40213416 81.29250646 17.5 -6.77053785450392 
147.58328471 82.5244185 17.5 -6.77055738661075 
149.76443526 83.75633054 17.5 -6.77058351024143 
151.94558582 84.98824257 17.5 -6.77061675908549 
154.12673637 86.22015461 17.5 -6.77065744808839 
156.30788692 87.45206664 17.5 -6.77070567330538 
158.48903748 88.68397868 17.5 -6.77076125485669 
160.67018803 89.91589072 17.5 -6.77082378774846 
162.85133858 91.14780275 17.5 -6.77089272263545 
165.03248914 92.37971479 17.5 -6.77096736891759 
167.21363969 93.61162682 17.5 -6.77104696945727 
169.39479024 94.84353886 17.5 -6.77113077121584 
171.5759408 96.0754509 17.5 -6.77121804131456 
173.75709135 97.30736293 17.5 -6.77130807013494 
175.9382419 98.53927497 17.5 -6.77140017386943 
178.11939246 99.771187 17.5 -6.77149364827569 
180.30054301 101.00309904 17.5 -6.7715876207498 
182.48169356 102.23501108 17.5 -6.77168102159112 
184.66284412 103.46692311 17.5 -6.77177246770558 
186.84399467 104.69883515 17.5 -6.77186012787205 
189.02514522 105.93074718 17.5 -6.77194175557485 
191.20629577 107.16265922 17.5 -6.77201469401698 
193.38744633 108.39457126 17.5 -6.77207599681713 
195.56859688 109.62648329 17.5 -6.7721227103051 
7.96594115 1.17716039 17.5 -6.77207524383321 
10.1470917 2.40907243 17.5 -6.77201256695837 
12.32824226 3.64098446 17.5 -6.77193756748823 
14.50939281 4.8728965 17.5 -6.77185302671159 
16.69054336 6.10480853 17.5 -6.77176142593898 
18.87169392 7.33672057 17.5 -6.77166471029472 
21.05284447 8.56863261 17.5 -6.77156428084306 
23.23399502 9.80054464 17.5 -6.77146099741424 
25.41514558 11.03245668 17.5 -6.77135521897239 
27.59629613 12.26436871 17.5 -6.77124687201816 
29.77744668 13.49628075 17.5 -6.77113557393556 
31.95859724 14.72819279 17.5 -6.77102080159473 
34.13974779 15.96010482 17.5 -6.77090196619419 
36.32089834 17.19201686 17.5 -6.77077861465894 
38.5020489 18.42392889 17.5 -6.77065058807057 
40.68319945 19.65584093 17.5 -6.77051807031475 
42.86435 20.88775297 17.5 -6.77038177697046 
45.04550055 22.119665 17.5 -6.77024301161345 
47.22665111 23.35157704 17.5 -6.77010363920229 
49.40780166 24.58348907 17.5 -6.76996611465853 
51.58895221 25.81540111 17.5 -6.76983336157633 
53.77010277 27.04731315 17.5 -6.7697086218217 
55.95125332 28.27922518 17.5 -6.76959522948305 
58.13240387 29.51113722 17.5 -6.76949641024162 
60.31355443 30.74304925 17.5 -6.76941496631624 
62.49470498 31.97496129 17.5 -6.76935303158275 
64.67585553 33.20687333 17.5 -6.76931196229863 
66.85700609 34.43878536 17.5 -6.76929222973976 
69.03815664 35.6706974 17.5 -6.76929340301175 
71.21930719 36.90260943 17.5 -6.76931430410442 
73.40045775 38.13452147 17.5 -6.76935303337682 
75.5816083 39.36643351 17.5 -6.76940697656176 
77.76275885 40.59834554 17.5 -6.76947305081766 
79.94390941 41.83025758 17.5 -6.76954794770179 
82.12505996 43.06216961 17.5 -6.76962826769392 
84.30621051 44.29408165 17.5 -6.76971073421865 
86.48736106 45.52599369 17.5 -6.76979242171419 
88.66851162 46.75790572 17.5 -6.76987086120116 
90.84966217 47.98981776 17.5 -6.7699442073061 
93.03081272 49.22172979 17.5 -6.77001132050938 
95.21196328 50.45364183 17.5 -6.7700716963917 
97.39311383 51.68555387 17.5 -6.77012542247393 
99.57426438 52.9174659 17.5 -6.77017308696714 
101.75541494 54.14937794 17.5 -6.77021556870241 
103.93656549 55.38128997 17.5 -6.77025387444437 
106.11771604 56.61320201 17.5 -6.77028899168585 
108.2988666 57.84511405 17.5 -6.77032172295993 
110.48001715 59.07702608 17.5 -6.77035258031286 
112.6611677 60.30893812 17.5 -6.77038175546926 
114.84231826 61.54085015 17.5 -6.77040913539629 
117.02346881 62.77276219 17.5 -6.77043428998188 
119.20461936 64.00467423 17.5 -6.77045664724738 
121.38576992 65.23658626 17.5 -6.77047560684141 
123.56692047 66.4684983 17.5 -6.77049062263362 
125.74807102 67.70041033 17.5 -6.77050137768298 
127.92922157 68.93232237 17.5 -6.77050789187066 
130.11037213 70.16423441 17.5 -6.77051062497501 
132.29152268 71.39614644 17.5 -6.77051052183663 
134.47267323 72.62805848 17.5 -6.77050883946325 
136.65382379 73.85997051 17.5 -6.77050694602045 
138.83497434 75.09188255 17.5 -6.77050620402061 
141.01612489 76.32379459 17.5 -6.77050789021389 
143.19727545 77.55570662 17.5 -6.77051308873742 
145.378426 78.78761866 17.5 -6.77052284370706 
147.55957655 80.01953069 17.5 -6.77053817262765 
149.74072711 81.25144273 17.5 -6.77055993044265 
151.92187766 82.48335477 17.5 -6.77058875570915 
154.10302821 83.7152668 17.5 -6.77062506331467 
156.28417877 84.94717884 17.5 -6.77066903967627 
158.46532932 86.17909087 17.5 -6.77072059199341 
160.64647987 87.41100291 17.5 -6.77077940462262 
162.82763043 88.64291495 17.5 -6.77084498299601 
165.00878098 89.87482698 17.5 -6.77091663923061 
167.18993153 91.10673902 17.5 -6.77099362097485 
169.37108209 92.33865105 17.5 -6.77107515392755 
171.55223264 93.57056309 17.5 -6.7711604381625 
173.73338319 94.80247513 17.5 -6.77124872708304 
175.91453374 96.03438716 17.5 -6.77133931513146 
178.0956843 97.2662992 17.5 -6.77143146686223 
180.27683485 98.49821123 17.5 -6.77152438502314 
182.4579854 99.73012327 17.5 -6.77161712446509 
184.63913596 100.96203531 17.5 -6.77170846886102 
186.82028651 102.19394734 17.5 -6.77179682119194 
189.00143706 103.42585938 17.5 -6.77188021700772 
191.18258762 104.65777141 17.5 -6.77195625873661 
193.36373817 105.88968345 17.5 -6.77202221615529 
12.3045341 1.13609666 17.5 -6.77195478780534 
14.48568465 2.36800869 17.5 -6.77187646628279 
16.66683521 3.59992073 17.5 -6.77178986546835 
18.84798576 4.83183276 17.5 -6.77169715059863 
21.02913631 6.0637448 17.5 -6.77159996931698 
23.21028686 7.29565684 17.5 -6.77149944896478 
25.39143742 8.52756887 17.5 -6.7713961679477 
27.57258797 9.75948091 17.5 -6.77129028221223 
29.75373852 10.99139294 17.5 -6.77118161420486 
31.93488908 12.22330498 17.5 -6.77106974460815 
34.11603963 13.45521702 17.5 -6.77095414546695 
36.29719018 14.68712905 17.5 -6.77083436370674 
38.47834074 15.91904109 17.5 -6.77071012763922 
40.65949129 17.15095312 17.5 -6.77058146889586 
42.84064184 18.38286516 17.5 -6.77044888881907 
45.0217924 19.6147772 17.5 -6.77031340743755 
47.20294295 20.84668923 17.5 -6.77017659062133 
49.3840935 22.07860127 17.5 -6.77004060448362 
51.56524406 23.3105133 17.5 -6.76990812625988 
53.74639461 24.54242534 17.5 -6.76978219251801 
55.92754516 25.77433738 17.5 -6.76966606476873 
58.10869572 27.00624941 17.5 -6.76956297066445 
60.28984627 28.23816145 17.5 -6.76947580970621 
62.47099682 29.47007348 17.5 -6.76940697076527 
64.65214737 30.70198552 17.5 -6.76935814970114 
66.83329793 31.93389756 17.5 -6.76933018816548 
69.01444848 33.16580959 17.5 -6.76932307485156 
71.19559903 34.39772163 17.5 -6.7693360075246 
73.37674959 35.62963366 17.5 -6.76936740802941 
75.55790014 36.8615457 17.5 -6.76941496254369 
77.73905069 38.09345774 17.5 -6.76947580793807 
79.92020125 39.32536977 17.5 -6.76954674398317 
82.1013518 40.55728181 17.5 -6.76962442694361 
84.28250235 41.78919384 17.5 -6.76970558510888 
86.46365291 43.02110588 17.5 -6.7697871565367 
88.64480346 44.25301792 17.5 -6.7698664850178 
90.82595401 45.48492995 17.5 -6.7699414718852 
93.00710457 46.71684199 17.5 -6.77001067728678 
95.18825512 47.94875402 17.5 -6.77007329554159 
97.36940567 49.18066606 17.5 -6.77012915786365 
99.55055623 50.4125781 17.5 -6.77017863833011 
101.73170678 51.64449013 17.5 -6.77022244973252 
103.91285733 52.87640217 17.5 -6.77026154382419 
106.09400789 54.1083142 17.5 -6.77029693030029 
108.27515844 55.34022624 17.5 -6.77032947146886 
110.45630899 56.57213828 17.5 -6.77035982051323 
112.63745954 57.80405031 17.5 -6.7703883360223 
114.8186101 59.03596235 17.5 -6.77041502961219 
116.99976065 60.26787438 17.5 -6.77043962832243 
119.1809112 61.49978642 17.5 -6.77046166084943 
121.36206176 62.73169846 17.5 -6.77048054224897 
123.54321231 63.96361049 17.5 -6.77049566294703 
125.72436286 65.19552253 17.5 -6.77050657466786 
127.90551342 66.42743456 17.5 -6.77051308573649 
130.08666397 67.6593466 17.5 -6.7705154047272 
132.26781452 68.89125863 17.5 -6.77051426694589 
134.44896508 70.12317067 17.5 -6.77051081624362 
136.63011563 71.35508271 17.5 -6.77050640348915 
138.81126618 72.58699474 17.5 -6.77050246050394 
140.99241674 73.81890678 17.5 -6.77050038577617 
143.17356729 75.05081881 17.5 -6.77050138571078 
145.35471784 76.28273085 17.5 -6.77050657284498 
147.5358684 77.51464289 17.5 -6.77051706681576 
149.71701895 78.74655492 17.5 -6.77053383165835 
151.8981695 79.97846696 17.5 -6.77055765553154 
154.07932005 81.21037899 17.5 -6.7705890975087 
156.26047061 82.44229103 17.5 -6.77062838557134 
158.44162116 83.67420307 17.5 -6.77067552504047 
160.62277171 84.9061151 17.5 -6.77073027854408 
162.80392227 86.13802714 17.5 -6.77079217695266 
164.98507282 87.36993917 17.5 -6.7708605670705 
167.16622337 88.60185121 17.5 -6.77093468769413 
169.34737393 89.83376325 17.5 -6.77101371915025 
171.52852448 91.06567528 17.5 -6.7710968025772 
173.70967503 92.29758732 17.5 -6.77118313608918 
175.89082559 93.52949935 17.5 -6.77127195588135 
178.07197614 94.76141139 17.5 -6.77136247663266 
180.25312669 95.99332343 17.5 -6.77145392999127 
182.43427725 97.22523546 17.5 -6.77154543954813 
184.6154278 98.4571475 17.5 -6.77163591013659 
186.79657835 99.68905953 17.5 -6.7717239868461 
188.97772891 100.92097157 17.5 -6.77180795379829 
191.15887946 102.15288361 17.5 -6.77188569764123 
16.64312705 1.09503292 17.5 -6.77180557133993 
18.8242776 2.32694496 17.5 -6.7717181753047 
21.00542815 3.55885699 17.5 -6.77162540482115 
23.18657871 4.79076903 17.5 -6.77152861065903 
25.36772926 6.02268106 17.5 -6.77142862652276 
27.54887981 7.2545931 17.5 -6.77132583063339 
29.73003037 8.48650514 17.5 -6.77122026286037 
31.91118092 9.71841717 17.5 -6.77111165648596 
34.09233147 10.95032921 17.5 -6.77099961346032 
36.27348203 12.18224124 17.5 -6.77088374557757 
38.45463258 13.41415328 17.5 -6.77076372601054 
40.63578313 14.64606532 17.5 -6.77063951508387 
42.81693368 15.87797735 17.5 -6.77051144742386 
44.99808424 17.10988939 17.5 -6.77038029074943 
47.17923479 18.34180142 17.5 -6.77024736376807 
49.36038534 19.57371346 17.5 -6.77011454264502 
51.5415359 20.8056255 17.5 -6.76998420590181 
53.72268645 22.03753753 17.5 -6.76985916532347 
55.903837 23.26944957 17.5 -6.7697425223284 
58.08498756 24.5013616 17.5 -6.76963741163576 
60.26613811 25.73327364 17.5 -6.7695467371974 
62.44728866 26.96518568 17.5 -6.76947305269639 
64.62843922 28.19709771 17.5 -6.76941828157931 
66.80958977 29.42900975 17.5 -6.76938359553018 
68.99074032 30.66092178 17.5 -6.76936937054448 
71.17189088 31.89283382 17.5 -6.76937514487494 
73.35304143 33.12474586 17.5 -6.76939966982199 
75.53419198 34.35665789 17.5 -6.76944096574384 
77.71534254 35.58856993 17.5 -6.76949641518708 
79.89649309 36.82048196 17.5 -6.76956297191299 
82.07764364 38.052394 17.5 -6.76963740175083 
84.2587942 39.28430604 17.5 -6.76971648261562 
86.43994475 40.51621807 17.5 -6.7697970947598 
88.6210953 41.74813011 17.5 -6.76987646267037 
90.80224585 42.98004214 17.5 -6.76995231884445 
92.98339641 44.21195418 17.5 -6.77002293043226 
95.16454696 45.44386622 17.5 -6.770087238678 
97.34569751 46.67577825 17.5 -6.77014481856917 
99.52684807 47.90769029 17.5 -6.77019578843896 
101.70799862 49.13960232 17.5 -6.77024069559193 
103.88914917 50.37151436 17.5 -6.77028038283051 
106.07029973 51.6034264 17.5 -6.77031581601551 
108.25145028 52.83533843 17.5 -6.77034789253922 
110.43260083 54.06725047 17.5 -6.77037737099913 
112.61375139 55.2991625 17.5 -6.77040474634826 
114.79490194 56.53107454 17.5 -6.77043016506583 
116.97605249 57.76298658 17.5 -6.77045351786774 
119.15720305 58.99489861 17.5 -6.77047444666995 
121.3383536 60.22681065 17.5 -6.77049240886369 
123.51950415 61.45872268 17.5 -6.77050680187841 
125.70065471 62.69063472 17.5 -6.77051706698983 
127.88180526 63.92254676 17.5 -6.77052284743813 
130.06295581 65.15445879 17.5 -6.77052415192792 
132.24410636 66.38637083 17.5 -6.77052147482116 
134.42525692 67.61828286 17.5 -6.77051579537442 
136.60640747 68.8501949 17.5 -6.77050839691081 
138.78755802 70.08210694 17.5 -6.77050076279255 
140.96870858 71.31401897 17.5 -6.77049437469239 
143.14985913 72.54593101 17.5 -6.770490580699 
145.33100968 73.77784304 17.5 -6.77049062525513 
147.51216024 75.00975508 17.5 -6.77049566757544 
149.69331079 76.24166712 17.5 -6.77050680148869 
151.87446134 77.47357915 17.5 -6.7705249732651 
154.0556119 78.70549119 17.5 -6.7705508701214 
156.23676245 79.93740322 17.5 -6.77058489109865 
158.417913 81.16931526 17.5 -6.77062710098288 
160.59906356 82.4012273 17.5 -6.77067733513561 
162.78021411 83.63313933 17.5 -6.77073514766706 
164.96136466 84.86505137 17.5 -6.77079990982664 
167.14251522 86.0969634 17.5 -6.77087087658813 
169.32366577 87.32887544 17.5 -6.77094714496449 
171.50481632 88.56078748 17.5 -6.77102782580985 
173.68596687 89.79269951 17.5 -6.77111204109532 
175.86711743 91.02461155 17.5 -6.77119891573816 
178.04826798 92.25652358 17.5 -6.77128763788854 
180.22941853 93.48843562 17.5 -6.77137739923228 
182.41056909 94.72034766 17.5 -6.77146733734418 
184.59171964 95.95225969 17.5 -6.77155646013741 
186.77287019 97.18417173 17.5 -6.77164358290171 
188.95402075 98.41608376 17.5 -6.77172723362136 
20.98172 1.05396919 17.5 -6.7716400464034 
23.16287055 2.28588122 17.5 -6.77154798686696 
25.3440211 3.51779326 17.5 -6.77145213220864 
27.52517165 4.74970529 17.5 -6.77135312605726 
29.70632221 5.98161733 17.5 -6.7712511665981 
31.88747276 7.21352937 17.5 -6.77114620925066 
34.06862331 8.4454414 17.5 -6.77103802478421 
36.24977387 9.67735344 17.5 -6.77092630126996 
38.43092442 10.90926547 17.5 -6.7708107794092 
40.61207497 12.14117751 17.5 -6.77069137799383 
42.79322553 13.37308955 17.5 -6.77056832561614 
44.97437608 14.60500158 17.5 -6.77044222192132 
47.15552663 15.83691362 17.5 -6.77031415479615 
49.33667719 17.06882565 17.5 -6.77018574891481 
51.51782774 18.30073769 17.5 -6.77005907678594 
53.69897829 19.53264973 17.5 -6.76993671501715 
55.88012885 20.76456176 17.5 -6.769821534776 
58.0612794 21.9964738 17.5 -6.76971647926767 
60.24242995 23.22838583 17.5 -6.76962442843117 
62.42358051 24.46029787 17.5 -6.76954795090371 
64.60473106 25.69220991 17.5 -6.76948912654084 
66.78588161 26.92412194 17.5 -6.76944938617484 
68.96703216 28.15603398 17.5 -6.76942942316189 
71.14818272 29.38794601 17.5 -6.76942911198224 
73.32933327 30.61985805 17.5 -6.76944751415304 
75.51048382 31.85177009 17.5 -6.76948298946979 
77.69163438 33.08368212 17.5 -6.76953318349123 
79.87278493 34.31559416 17.5 -6.76959522627697 
82.05393548 35.54750619 17.5 -6.76966606779487 
84.23508604 36.77941823 17.5 -6.76974253017681 
86.41623659 38.01133027 17.5 -6.76982153114845 
88.59738714 39.2432423 17.5 -6.76990025288418 
90.7785377 40.47515434 17.5 -6.76997626414129 
92.95968825 41.70706637 17.5 -6.77004766743981 
95.1408388 42.93897841 17.5 -6.77011314595021 
97.32198936 44.17089045 17.5 -6.77017203675606 
99.50313991 45.40280248 17.5 -6.77022420333417 
101.68429046 46.63471452 17.5 -6.77026999726483 
103.86544102 47.86662655 17.5 -6.7703101443652 
106.04659157 49.09853859 17.5 -6.77034548763406 
108.22774212 50.33045063 17.5 -6.77037695084001 
110.40889267 51.56236266 17.5 -6.77040534913198 
112.59004323 52.7942747 17.5 -6.77043125225587 
114.77119378 54.02618673 17.5 -6.77045497504151 
116.95234433 55.25809877 17.5 -6.77047655221787 
119.13349489 56.49001081 17.5 -6.77049573289248 
121.31464544 57.72192284 17.5 -6.77051206888692 
123.49579599 58.95383488 17.5 -6.77052496989007 
125.67694655 60.18574691 17.5 -6.77053383351106 
127.8580971 61.41765895 17.5 -6.77053817260791 
130.03924765 62.64957099 17.5 -6.77053785082754 
132.22039821 63.88148302 17.5 -6.77053313161768 
134.40154876 65.11339506 17.5 -6.77052477148741 
136.58269931 66.34530709 17.5 -6.77051400880952 
138.76384987 67.57721913 17.5 -6.77050230527138 
140.94500042 68.80913117 17.5 -6.77049119208013 
143.12615097 70.0410432 17.5 -6.77048215941732 
145.30730153 71.27295524 17.5 -6.77047654763826 
147.48845208 72.50486727 17.5 -6.77047560700407 
149.66960263 73.73677931 17.5 -6.77048053245518 
151.85075319 74.96869135 17.5 -6.77049241112197 
154.03190374 76.20060338 17.5 -6.77051207266915 
156.21305429 77.43251542 17.5 -6.77054007919156 
158.39420484 78.66442745 17.5 -6.77057669406792 
160.5753554 79.89633949 17.5 -6.77062178892472 
162.75650595 81.12825153 17.5 -6.77067497465586 
164.9376565 82.36016356 17.5 -6.77073565578507 
167.11880706 83.5920756 17.5 -6.77080304599116 
169.29995761 84.82398763 17.5 -6.77087623568449 
171.48110816 86.05589967 17.5 -6.77095426721666 
173.66225872 87.28781171 17.5 -6.77103616746607 
175.84340927 88.51972374 17.5 -6.77112097734453 
178.02455982 89.75163578 17.5 -6.7712077924585 
180.20571038 90.98354781 17.5 -6.77129576089406 
182.38686093 92.21545985 17.5 -6.77138398003465 
184.56801148 93.44737189 17.5 -6.77147151839678 
186.74916204 94.67928392 17.5 -6.77155730941339 
25.32031294 1.01290545 17.5 -6.77146645233864 
27.5014635 2.24481749 17.5 -6.77137191184253 
29.68261405 3.47672952 17.5 -6.77127412921984 
31.8637646 4.70864156 17.5 -6.7711732432291 
34.04491516 5.9405536 17.5 -6.77106920636165 
36.22606571 7.17246563 17.5 -6.77096183584595 
38.40721626 8.40437767 17.5 -6.77085096484462 
40.58836682 9.6362897 17.5 -6.77073657159719 
42.76951737 10.86820174 17.5 -6.77061880699657 
44.95066792 12.10011378 17.5 -6.77049817818997 
47.13181847 13.33202581 17.5 -6.77037561541006 
49.31296903 14.56393785 17.5 -6.77025247587588 
51.49411958 15.79584988 17.5 -6.77013061739176 
53.67527013 17.02776192 17.5 -6.77001234822708 
55.85642069 18.25967396 17.5 -6.7699002587806 
58.03757124 19.49158599 17.5 -6.76979709094986 
60.21872179 20.72349803 17.5 -6.76970558196882 
62.39987235 21.95541006 17.5 -6.76962826960842 
64.5810229 23.1873221 17.5 -6.76956727401649 
66.76217345 24.41923414 17.5 -6.76952421498732 
68.94332401 25.65114617 17.5 -6.76950001576522 
71.12447456 26.88305821 17.5 -6.76949483660259 
73.30562511 28.11497024 17.5 -6.76950808876434 
75.48677567 29.34688228 17.5 -6.76953841662482 
77.66792622 30.57879432 17.5 -6.76958374954658 
79.84907677 31.81070635 17.5 -6.76964145416117 
82.03022733 33.04261839 17.5 -6.76970861659864 
84.21137788 34.27453042 17.5 -6.76978219237905 
86.39252843 35.50644246 17.5 -6.76985916347523 
88.57367899 36.7383545 17.5 -6.76993672088219 
90.75482954 37.97026653 17.5 -6.77001234837283 
92.93598009 39.20217857 17.5 -6.77008400183987 
95.11713064 40.4340906 17.5 -6.77015021424216 
97.2982812 41.66600264 17.5 -6.7702100489847 
99.47943175 42.89791468 17.5 -6.77026315884141 
101.6605823 44.12982671 17.5 -6.7703097029392 
103.84173286 45.36173875 17.5 -6.77035020592213 
106.02288341 46.59365078 17.5 -6.77038542930381 
108.20403396 47.82556282 17.5 -6.77041624409968 
110.38518452 49.05747486 17.5 -6.77044347237842 
112.56633507 50.28938689 17.5 -6.7704677586695 
114.74748562 51.52129893 17.5 -6.77048953362298 
116.92863618 52.75321096 17.5 -6.77050896469546 
119.10978673 53.985123 17.5 -6.77052592997436 
121.29093728 55.21703504 17.5 -6.77054008467641 
123.47208784 56.44894707 17.5 -6.77055087442885 
125.65323839 57.68085911 17.5 -6.77055766365024 
127.83438894 58.91277114 17.5 -6.77055992456895 
130.0155395 60.14468318 17.5 -6.7705573924108 
132.19669005 61.37659522 17.5 -6.77055014679165 
134.3778406 62.60850725 17.5 -6.77053874751497 
136.55899115 63.84041929 17.5 -6.77052428845542 
138.74014171 65.07233132 17.5 -6.77050819249627 
140.92129226 66.30424336 17.5 -6.77049203456307 
143.10244281 67.5361554 17.5 -6.77047741348558 
145.28359337 68.76806743 17.5 -6.77046576874713 
147.46474392 69.99997947 17.5 -6.77045841144509 
149.64589447 71.2318915 17.5 -6.7704566488846 
151.82704503 72.46380354 17.5 -6.77046166664528 
154.00819558 73.69571558 17.5 -6.77047444502547 
156.18934613 74.92762761 17.5 -6.77049572834299 
158.37049669 76.15953965 17.5 -6.77052593201235 
160.55164724 77.39145168 17.5 -6.77056511095361 
162.73279779 78.62336372 17.5 -6.77061297599882 
164.91394835 79.85527576 17.5 -6.77066895618795 
167.0950989 81.08718779 17.5 -6.77073224234585 
169.27624945 82.31909983 17.5 -6.77080190513021 
171.45740001 83.55101186 17.5 -6.77087693927848 
173.63855056 84.7829239 17.5 -6.77095626961312 
175.81970111 86.01483594 17.5 -6.77103885110217 
178.00085166 87.24674797 17.5 -6.77112368870712 
180.18200222 88.47866001 17.5 -6.77120980992899 
182.36315277 89.71057204 17.5 -6.77129627876588 
184.54430332 90.94248408 17.5 -6.77138217306058 
29.65890589 0.97184172 17.5 -6.77128912345287 
31.84005644 2.20375375 17.5 -6.77119275565149 
34.021207 3.43566579 17.5 -6.77109316482922 
36.20235755 4.66757783 17.5 -6.77099034121771 
38.3835081 5.89948986 17.5 -6.77088425122166 
40.56465866 7.1314019 17.5 -6.77077492657123 
42.74580921 8.36331393 17.5 -6.77066254512205 
44.92695976 9.59522597 17.5 -6.77054757976096 
47.10811032 10.82713801 17.5 -6.77043083039224 
49.28926087 12.05905004 17.5 -6.77031348597659 
51.47041142 13.29096208 17.5 -6.77019719196802 
53.65156198 14.52287411 17.5 -6.77008401090843 
55.83271253 15.75478615 17.5 -6.76997626555415 
58.01386308 16.98669819 17.5 -6.7698764672096 
60.19501364 18.21861022 17.5 -6.76978715762883 
62.37616419 19.45052226 17.5 -6.7697107400194 
64.55731474 20.68243429 17.5 -6.769649341556 
66.7384653 21.91434633 17.5 -6.76960465709603 
68.91961585 23.14625837 17.5 -6.7695777642558 
71.1007664 24.3781704 17.5 -6.76956906710276 
73.28191695 25.61008244 17.5 -6.76957826172652 
75.46306751 26.84199447 17.5 -6.76960427093773 
77.64421806 28.07390651 17.5 -6.76964532534616 
79.82536861 29.30581855 17.5 -6.76969905992194 
82.00651917 30.53773058 17.5 -6.76976270995885 
84.18766972 31.76964262 17.5 -6.76983336184444 
86.36882027 33.00155465 17.5 -6.76990812238315 
88.54997083 34.23346669 17.5 -6.76998420580245 
90.73112138 35.46537873 17.5 -6.77005907713469 
92.91227193 36.69729076 17.5 -6.77013062041838 
95.09342249 37.9292028 17.5 -6.77019719766233 
97.27457304 39.16111483 17.5 -6.77025770098358 
99.45572359 40.39302687 17.5 -6.77031157699152 
101.63687415 41.62493891 17.5 -6.77035878000645 
103.8180247 42.85685094 17.5 -6.77039963577426 
105.99917525 44.08876298 17.5 -6.77043478052927 
108.18032581 45.32067501 17.5 -6.77046501461227 
110.36147636 46.55258705 17.5 -6.77049111580314 
112.54262691 47.78449908 17.5 -6.77051378854338 
114.72377746 49.01641112 17.5 -6.77053354392365 
116.90492802 50.24832316 17.5 -6.7705506457199 
119.08607857 51.48023519 17.5 -6.77056510714265 
121.26722912 52.71214723 17.5 -6.77057669219677 
123.44837968 53.94405926 17.5 -6.77058489387504 
125.62953023 55.1759713 17.5 -6.77058909145549 
127.81068078 56.40788334 17.5 -6.77058875157241 
129.99183134 57.63979537 17.5 -6.7705835119137 
132.17298189 58.87170741 17.5 -6.77057331960818 
134.35413244 60.10361944 17.5 -6.77055859340115 
136.535283 61.33553148 17.5 -6.77054020088999 
138.71643355 62.56744352 17.5 -6.77051949045912 
140.8975841 63.79935555 17.5 -6.77049806040726 
143.07873466 65.03126759 17.5 -6.77047757028648 
145.25988521 66.26317962 17.5 -6.77045957301905 
147.44103576 67.49509166 17.5 -6.77044545797764 
149.62218632 68.7270037 17.5 -6.77043660895573 
151.80333687 69.95891573 17.5 -6.77043428996399 
153.98448742 71.19082777 17.5 -6.77043962437345 
156.16563798 72.4227398 17.5 -6.77045352566069 
158.34678853 73.65465184 17.5 -6.77047655233883 
160.52793908 74.88656388 17.5 -6.77050895906113 
162.70908963 76.11847591 17.5 -6.77055064376309 
164.89024019 77.35038795 17.5 -6.77060111270177 
167.07139074 78.58229998 17.5 -6.77065959858737 
169.25254129 79.81421202 17.5 -6.77072514460565 
171.43369185 81.04612406 17.5 -6.77079668797366 
173.6148424 82.27803609 17.5 -6.77087307503611 
175.79599295 83.50994813 17.5 -6.77095317759301 
177.97714351 84.74186016 17.5 -6.7710358869203 
180.15829406 85.9737722 17.5 -6.77112011453479 
182.33944461 87.20568424 17.5 -6.77120485775894 
33.99749884 0.93077798 17.5 -6.77111005015399 
36.17864939 2.16269002 17.5 -6.77101197945809 
38.35979995 3.39460205 17.5 -6.77091077659 
40.5409505 4.62651409 17.5 -6.77080654134618 
42.72210105 5.85842613 17.5 -6.77069953592452 
44.90325161 7.09033816 17.5 -6.77059023654282 
47.08440216 8.3222502 17.5 -6.77047936866122 
49.26555271 9.55416223 17.5 -6.77036803160174 
51.44670326 10.78607427 17.5 -6.77025770269755 
53.62785382 12.01798631 17.5 -6.77015021617214 
55.80900437 13.24989834 17.5 -6.77004766029422 
57.99015492 14.48181038 17.5 -6.76995231451536 
60.17130548 15.71372241 17.5 -6.76986648870222 
62.35245603 16.94563445 17.5 -6.76979241790669 
64.53360658 18.17754649 17.5 -6.76973216405703 
66.71475714 19.40945852 17.5 -6.76968740413675 
68.89590769 20.64137056 17.5 -6.76965930151001 
71.07705824 21.87328259 17.5 -6.76964845932999 
73.2582088 23.10519463 17.5 -6.76965476452425 
75.43935935 24.33710667 17.5 -6.76967741657204 
77.6205099 25.5690187 17.5 -6.7697149312047 
79.80166046 26.80093074 17.5 -6.7697652063949 
81.98281101 28.03284277 17.5 -6.7698256708121 
84.16396156 29.26475481 17.5 -6.76989356264695 
86.34511212 30.49666685 17.5 -6.76996611856699 
88.52626267 31.72857888 17.5 -6.77004061004815 
90.70741322 32.96049092 17.5 -6.77011453463627 
92.88856378 34.19240295 17.5 -6.77018574793135 
95.06971433 35.42431499 17.5 -6.77025247713336 
97.25086488 36.65622703 17.5 -6.77031348098045 
99.43201543 37.88813906 17.5 -6.77036803515958 
101.61316599 39.1200511 17.5 -6.77041586858983 
103.79431654 40.35196313 17.5 -6.77045714955876 
105.97546709 41.58387517 17.5 -6.77049235751383 
108.15661765 42.81578721 17.5 -6.77052217586857 
110.3377682 44.04769924 17.5 -6.77054732891227 
112.51891875 45.27961128 17.5 -6.77056852806442 
114.70006931 46.51152331 17.5 -6.77058634459062 
116.88121986 47.74343535 17.5 -6.77060111098007 
119.06237041 48.97534739 17.5 -6.77061297611781 
121.24352097 50.20725942 17.5 -6.77062178694345 
123.42467152 51.43917146 17.5 -6.77062710350727 
125.60582207 52.67108349 17.5 -6.77062838123526 
127.78697263 53.90299553 17.5 -6.77062506782019 
129.96812318 55.13490757 17.5 -6.77061675723486 
132.14927373 56.3668196 17.5 -6.77060332129004 
134.33042429 57.59873164 17.5 -6.7705850299096 
136.51157484 58.83064367 17.5 -6.77056258668419 
138.69272539 60.06255571 17.5 -6.77053715714831 
140.87387594 61.29446775 17.5 -6.77051033974988 
143.0550265 62.52637978 17.5 -6.77048381094157 
145.23617705 63.75829182 17.5 -6.77045921819096 
147.4173276 64.99020385 17.5 -6.77043808232017 
149.59847816 66.22211589 17.5 -6.77042179932478 
151.77962871 67.45402793 17.5 -6.77041173159614 
153.96077926 68.68593996 17.5 -6.77040913142695 
156.14192982 69.917852 17.5 -6.7704150260907 
158.32308037 71.14976403 17.5 -6.77043016638863 
160.50423092 72.38167607 17.5 -6.77045497692765 
162.68538148 73.61358811 17.5 -6.77048953943105 
164.86653203 74.84550014 17.5 -6.7705335418159 
167.04768258 76.07741218 17.5 -6.77058633238669 
169.22883314 77.30932421 17.5 -6.77064698982726 
171.40998369 78.54123625 17.5 -6.77071436928998 
173.59113424 79.77314829 17.5 -6.77078728552934 
175.7722848 81.00506032 17.5 -6.77086451998179 
177.95343535 82.23697236 17.5 -6.77094482937892 
180.1345859 83.46888439 17.5 -6.77102704894667 
38.33609179 0.88971425 17.5 -6.77093083529226 
40.51724234 2.12162628 17.5 -6.77083172110592 
42.69839289 3.35353832 17.5 -6.77073003502182 
44.87954345 4.58545036 17.5 -6.77062629661873 
47.060694 5.81736239 17.5 -6.7705212235938 
49.24184455 7.04927443 17.5 -6.77041586171739 
51.42299511 8.28118646 17.5 -6.77031158608479 
53.60414566 9.5130985 17.5 -6.77021004522145 
55.78529621 10.74501054 17.5 -6.77011314603617 
57.96644677 11.97692257 17.5 -6.77002292846619 
60.14759732 13.20883461 17.5 -6.76994147330959 
62.32874787 14.44074664 17.5 -6.76987085686017 
64.50989843 15.67265868 17.5 -6.76981298390452 
66.69104898 16.90457072 17.5 -6.76976946908291 
68.87219953 18.13648275 17.5 -6.76974151145701 
71.05335009 19.36839479 17.5 -6.76972980133441 
73.23450064 20.60030682 17.5 -6.76973440361457 
75.41565119 21.83221886 17.5 -6.76975471638411 
77.59680174 23.0641309 17.5 -6.76978953499661 
79.7779523 24.29604293 17.5 -6.76983699035938 
81.95910285 25.52795497 17.5 -6.76989472682022 
84.1402534 26.759867 17.5 -6.76996018414163 
86.32140396 27.99177904 17.5 -6.77003069120162 
88.50255451 29.22369108 17.5 -6.77010363692156 
90.68370506 30.45560311 17.5 -6.7701765875866 
92.86485562 31.68751515 17.5 -6.77024736596973 
95.04600617 32.91942718 17.5 -6.77031415995244 
97.22715672 34.15133922 17.5 -6.77037561150491 
99.40830728 35.38325126 17.5 -6.77043082812731 
101.58945783 36.61516329 17.5 -6.77047936902587 
103.77060838 37.84707533 17.5 -6.77052121834758 
105.95175894 39.07898736 17.5 -6.77055671429329 
108.13290949 40.3108994 17.5 -6.7705863781256 
110.31406004 41.54281144 17.5 -6.7706108749342 
112.4952106 42.77472347 17.5 -6.77063088956474 
114.67636115 44.00663551 17.5 -6.77064698326485 
116.8575117 45.23854754 17.5 -6.77065959414556 
119.03866225 46.47045958 17.5 -6.77066895381757 
121.21981281 47.70237162 17.5 -6.77067498038534 
123.40096336 48.93428365 17.5 -6.77067733112544 
125.58211391 50.16619569 17.5 -6.77067552158638 
127.76326447 51.39810772 17.5 -6.77066904159071 
129.94441502 52.63001976 17.5 -6.77065745133415 
132.12556557 53.8619318 17.5 -6.77064058945374 
134.30671613 55.09384383 17.5 -6.77061860855278 
136.48786668 56.32575587 17.5 -6.77059205099548 
138.66901723 57.5576679 17.5 -6.77056195338223 
140.85016779 58.78957994 17.5 -6.77052975076486 
143.03131834 60.02149198 17.5 -6.77049714634451 
145.21246889 61.25340401 17.5 -6.77046586798621 
147.39361945 62.48531605 17.5 -6.77043751413268 
149.57477 63.71722808 17.5 -6.77041355020283 
151.75592055 64.94914012 17.5 -6.7703954015352 
153.93707111 66.18105216 17.5 -6.77038442572752 
156.11822166 67.41296419 17.5 -6.77038176434795 
158.29937221 68.64487623 17.5 -6.77038832603742 
160.48052277 69.87678826 17.5 -6.77040474400337 
162.66167332 71.1087003 17.5 -6.77043125355533 
164.84282387 72.34061234 17.5 -6.77046775366619 
167.02397442 73.57252437 17.5 -6.7705137920022 
169.20512498 74.80443641 17.5 -6.77056853391477 
171.38627553 76.03634844 17.5 -6.77063088587288 
173.56742608 77.26826048 17.5 -6.77069960391863 
175.74857664 78.50017252 17.5 -6.77077338317175 
177.92972719 79.73208455 17.5 -6.77085088493876 
42.67468474 0.84865051 17.5 -6.77075447913866 
44.85583529 2.08056255 17.5 -6.77065616261225 
47.03698584 3.31247459 17.5 -6.77055670885453 
49.2181364 4.54438662 17.5 -6.77045715104978 
51.39928695 5.77629866 17.5 -6.77035877467157 
53.5804375 7.00821069 17.5 -6.77026315680418 
55.76158805 8.24012273 17.5 -6.77017203688613 
57.94273861 9.47203477 17.5 -6.770087244388 
60.12388916 10.7039468 17.5 -6.77001067328396 
62.30503971 11.93585884 17.5 -6.76994420723581 
64.48619027 13.16777087 17.5 -6.76988960743599 
66.66734082 14.39968291 17.5 -6.76984836344773 
68.84849137 15.63159495 17.5 -6.7698216637907 
71.02964193 16.86350698 17.5 -6.76981022214348 
73.21079248 18.09541902 17.5 -6.76981419474568 
75.39194303 19.32733105 17.5 -6.7698331922605 
77.57309359 20.55924309 17.5 -6.76986617856998 
79.75424414 21.79115513 17.5 -6.76991153401502 
81.93539469 23.02306716 17.5 -6.76996713615586 
84.11654525 24.2549792 17.5 -6.77003057508119 
86.2976958 25.48689123 17.5 -6.77009934092881 
88.47884635 26.71880327 17.5 -6.77017093567149 
90.65999691 27.95071531 17.5 -6.77024301379489 
92.84114746 29.18262734 17.5 -6.77031340627292 
95.02229801 30.41453938 17.5 -6.77038028554429 
97.20344857 31.64645141 17.5 -6.77044222379334 
99.38459912 32.87836345 17.5 -6.77049818387162 
101.56574967 34.11027549 17.5 -6.7705475800304 
103.74690022 35.34218752 17.5 -6.77059023761129 
105.92805078 36.57409956 17.5 -6.77062629648239 
108.10920133 37.80601159 17.5 -6.77065615837695 
110.29035188 39.03792363 17.5 -6.77068039275865 
112.47150244 40.26983567 17.5 -6.77069961207444 
114.65265299 41.5017477 17.5 -6.77071436658375 
116.83380354 42.73365974 17.5 -6.77072514494441 
119.0149541 43.96557177 17.5 -6.77073224140985 
121.19610465 45.19748381 17.5 -6.77073565794179 
123.3772552 46.42939585 17.5 -6.77073514423686 
125.55840576 47.66130788 17.5 -6.77073028354365 
127.73955631 48.89321992 17.5 -6.7707205920232 
129.92070686 50.12513195 17.5 -6.77070567156974 
132.10185742 51.35704399 17.5 -6.77068532903806 
134.28300797 52.58895603 17.5 -6.77065963083496 
136.46415852 53.82086806 17.5 -6.77062901840446 
138.64530908 55.0527801 17.5 -6.77059437076537 
140.82645963 56.28469213 17.5 -6.77055694665375 
143.00761018 57.51660417 17.5 -6.77051838256321 
145.18876073 58.74851621 17.5 -6.77048046464752 
147.36991129 59.98042824 17.5 -6.77044484597584 
149.55106184 61.21234028 17.5 -6.77041305520453 
151.73221239 62.44425231 17.5 -6.77038659708441 
153.91336295 63.67616435 17.5 -6.77036689069766 
156.0945135 64.90807639 17.5 -6.77035519548435 
158.27566405 66.13998842 17.5 -6.77035257925547 
160.45681461 67.37190046 17.5 -6.77035982613232 
162.63796516 68.60381249 17.5 -6.77037737521352 
164.81911571 69.83572453 17.5 -6.77040534536926 
167.00026627 71.06763657 17.5 -6.7704434723506 
169.18141682 72.2995486 17.5 -6.77049111720221 
171.36256737 73.53146064 17.5 -6.77054732686362 
173.54371793 74.76337267 17.5 -6.77061088063803 
175.72486848 75.99528471 17.5 -6.77068039458932 
47.01327768 0.80758678 17.5 -6.77058637198275 
49.19442824 2.03949882 17.5 -6.77049236584431 
51.37557879 3.27141085 17.5 -6.77039963199852 
53.55672934 4.50332289 17.5 -6.77030970306514 
55.7378799 5.73523492 17.5 -6.77022420315909 
57.91903045 6.96714696 17.5 -6.77014482056291 
60.100181 8.199059 17.5 -6.77007329204336 
62.28133156 9.43097103 17.5 -6.77001132553118 
64.46248211 10.66288307 17.5 -6.76996050402275 
66.64363266 11.8947951 17.5 -6.76992222345384 
68.82478322 13.12670714 17.5 -6.76989759766558 
71.00593377 14.35861918 17.5 -6.7698873164254 
73.18708432 15.59053121 17.5 -6.76989160489332 
75.36823488 16.82244325 17.5 -6.76991018322123 
77.54938543 18.05435528 17.5 -6.76994217549674 
79.73053598 19.28626732 17.5 -6.76998616983909 
81.91168653 20.51817936 17.5 -6.77004027188739 
84.09283709 21.75009139 17.5 -6.77010221182141 
86.27398764 22.98200343 17.5 -6.77016963271863 
88.45513819 24.21391546 17.5 -6.77024018900888 
90.63628875 25.4458275 17.5 -6.7703116055847 
92.8174393 26.67773953 17.5 -6.77038178099487 
94.99858985 27.90965157 17.5 -6.77044889070969 
97.17974041 29.14156361 17.5 -6.77051144946639 
99.36089096 30.37347564 17.5 -6.77056832171163 
101.54204151 31.60538768 17.5 -6.77061879912403 
103.72319207 32.83729971 17.5 -6.77066255139272 
105.90434262 34.06921175 17.5 -6.77069953972051 
108.08549317 35.30112379 17.5 -6.77073003326554 
110.26664373 36.53303582 17.5 -6.77075447606931 
112.44779428 37.76494786 17.5 -6.77077337893077 
114.62894483 38.99685989 17.5 -6.77078728770384 
116.81009539 40.22877193 17.5 -6.77079668597519 
118.99124594 41.46068397 17.5 -6.77080191073991 
121.17239649 42.692596 17.5 -6.77080304166562 
123.35354704 43.92450804 17.5 -6.77079991649392 
125.5346976 45.15642007 17.5 -6.7707921812904 
127.71584815 46.38833211 17.5 -6.7707794066347 
129.8969987 47.62024415 17.5 -6.77076124909544 
132.07814926 48.85215618 17.5 -6.77073749421339 
134.25929981 50.08406822 17.5 -6.77070816065198 
136.44045036 51.31598025 17.5 -6.77067363500242 
138.62160092 52.54789229 17.5 -6.77063463623483 
140.80275147 53.77980433 17.5 -6.77059227182378 
142.98390202 55.01171636 17.5 -6.77054803627042 
145.16505258 56.2436284 17.5 -6.77050366409058 
147.34620313 57.47554043 17.5 -6.77046088987413 
149.52735368 58.70745247 17.5 -6.77042129112843 
151.70850424 59.93936451 17.5 -6.77038642130201 
153.88965479 61.17127654 17.5 -6.77035775072433 
156.07080534 62.40318858 17.5 -6.77033665098356 
158.2519559 63.63510061 17.5 -6.77032433697481 
160.43310645 64.86701265 17.5 -6.77032172283137 
162.614257 66.09892469 17.5 -6.77032946585262 
164.79540756 67.33083672 17.5 -6.77034789642363 
166.97655811 68.56274876 17.5 -6.77037695422016 
169.15770866 69.79466079 17.5 -6.7704162445482 
171.33885921 71.02657283 17.5 -6.7704650146386 
173.52000977 72.25848487 17.5 -6.77052217402549 
51.35187063 0.76652304 17.5 -6.77043478005721 
53.53302119 1.99843508 17.5 -6.77035020657482 
55.71417174 3.23034712 17.5 -6.77027000620964 
57.89532229 4.46225915 17.5 -6.77019578297708 
60.07647284 5.69417119 17.5 -6.77012916128762 
62.2576234 6.92608322 17.5 -6.77007169879892 
64.43877395 8.15799526 17.5 -6.77002483507468 
66.6199245 9.3899073 17.5 -6.76998986765511 
68.80107506 10.62181933 17.5 -6.76996780529174 
70.98222561 11.85373137 17.5 -6.76995929479911 
73.16337616 13.0856434 17.5 -6.76996460782374 
75.34452672 14.31755544 17.5 -6.76998350155431 
77.52567727 15.54946748 17.5 -6.7700152297408 
79.70682782 16.78137951 17.5 -6.77005855952869 
81.88797838 18.01329155 17.5 -6.7701117615288 
84.06912893 19.24520358 17.5 -6.77017275061143 
86.25027948 20.47711562 17.5 -6.77023930163081 
88.43143004 21.70902766 17.5 -6.77030920525496 
90.61258059 22.94093969 17.5 -6.77038027674879 
92.79373114 24.17285173 17.5 -6.77045049024876 
94.9748817 25.40476376 17.5 -6.77051807352632 
97.15603225 26.6366758 17.5 -6.77058147265697 
99.3371828 27.86858784 17.5 -6.77063951508669 
101.51833335 29.10049987 17.5 -6.77069138182996 
103.69948391 30.33241191 17.5 -6.77073657029706 
105.88063446 31.56432394 17.5 -6.77077492217991 
108.06178501 32.79623598 17.5 -6.77080654117621 
110.24293557 34.02814802 17.5 -6.77083172304443 
112.42408612 35.26006005 17.5 -6.77085088483002 
114.60523667 36.49197209 17.5 -6.77086451271027 
116.78638723 37.72388412 17.5 -6.77087308407729 
118.96753778 38.95579616 17.5 -6.77087693540054 
121.14868833 40.1877082 17.5 -6.77087623556927 
123.32983889 41.41962023 17.5 -6.77087087327396 
125.51098944 42.65153227 17.5 -6.77086056358211 
127.69213999 43.8834443 17.5 -6.77084497841004 
129.87329055 45.11535634 17.5 -6.77082379152819 
132.0544411 46.34726838 17.5 -6.77079680719063 
134.23559165 47.57918041 17.5 -6.77076404036616 
136.41674221 48.81109245 17.5 -6.77072580660529 
138.59789276 50.04300448 17.5 -6.77068273260547 
140.77904331 51.27491652 17.5 -6.77063577744603 
142.96019387 52.50682856 17.5 -6.77058628551814 
145.14134442 53.73874059 17.5 -6.77053583798282 
147.32249497 54.97065263 17.5 -6.77048617252228 
149.50364552 56.20256466 17.5 -6.77043895656467 
151.68479608 57.4344767 17.5 -6.77039571780601 
153.86594663 58.66638874 17.5 -6.77035800507132 
156.04709718 59.89830077 17.5 -6.77032728306733 
158.22824774 61.13021281 17.5 -6.77030485534238 
160.40939829 62.36212484 17.5 -6.77029181390847 
162.59054884 63.59403688 17.5 -6.77028899152144 
164.7716994 64.82594892 17.5 -6.77029693225374 
166.95284995 66.05786095 17.5 -6.77031581042123 
169.1340005 67.28977299 17.5 -6.77034547860407 
171.31515106 68.52168502 17.5 -6.7703854365045 
55.69046358 0.72545931 17.5 -6.77031013852783 
57.87161413 1.95737135 17.5 -6.77024069189986 
60.05276469 3.18928338 17.5 -6.77017863596211 
62.23391524 4.42119542 17.5 -6.77012542106259 
64.41506579 5.65310745 17.5 -6.77008241652056 
66.59621635 6.88501949 17.5 -6.770050788682 
68.7773669 8.11693153 17.5 -6.7700314642105 
70.95851745 9.34884356 17.5 -6.77002505514037 
73.13966801 10.5807556 17.5 -6.77003181286318 
75.32081856 11.81266763 17.5 -6.77005153840643 
77.50196911 13.04457967 17.5 -6.77008356863986 
79.68311967 14.27649171 17.5 -6.77012680314573 
81.86427022 15.50840374 17.5 -6.77017965628705 
84.04542077 16.74031578 17.5 -6.77024019354634 
86.22657132 17.97222781 17.5 -6.77030635629033 
88.40772188 19.20413985 17.5 -6.77037601338432 
90.58887243 20.43605189 17.5 -6.77044710447119 
92.77002298 21.66796392 17.5 -6.77051769946634 
94.95117354 22.89987596 17.5 -6.77058603476062 
97.13232409 24.13178799 17.5 -6.77065058432186 
99.31347464 25.36370003 17.5 -6.77071012176481 
101.4946252 26.59561207 17.5 -6.77076372606821 
103.67577575 27.8275241 17.5 -6.77081077778657 
105.8569263 29.05943614 17.5 -6.77085096486796 
108.03807686 30.29134817 17.5 -6.77088425406998 
110.21922741 31.52326021 17.5 -6.77091077260313 
112.40037796 32.75517225 17.5 -6.77093083148282 
114.58152852 33.98708428 17.5 -6.77094483279807 
116.76267907 35.21899632 17.5 -6.77095318049758 
118.94382962 36.45090835 17.5 -6.77095626392071 
121.12498018 37.68282039 17.5 -6.77095427116829 
123.30613073 38.91473243 17.5 -6.77094714498684 
125.48728128 40.14664446 17.5 -6.77093468566759 
127.66843183 41.3785565 17.5 -6.77091663506034 
129.84958239 42.61046853 17.5 -6.77089272820151 
132.03073294 43.84238057 17.5 -6.77086279418351 
134.21188349 45.07429261 17.5 -6.77082687069846 
136.39303405 46.30620464 17.5 -6.77078522413564 
138.5741846 47.53811668 17.5 -6.77073838863399 
140.75533515 48.77002871 17.5 -6.77068725482606 
142.93648571 50.00194075 17.5 -6.7706329780122 
145.11763626 51.23385279 17.5 -6.77057697602264 
147.29878681 52.46576482 17.5 -6.77052089462441 
149.47993737 53.69767686 17.5 -6.77046638218059 
151.66108792 54.92958889 17.5 -6.77041501764598 
153.84223847 56.16150093 17.5 -6.77036836639368 
156.02338903 57.39341297 17.5 -6.77032796011904 
158.20453958 58.625325 17.5 -6.77029518751557 
160.38569013 59.85723704 17.5 -6.77027127811384 
162.56684069 61.08914907 17.5 -6.77025726981146 
164.74799124 62.32106111 17.5 -6.77025387810061 
166.92914179 63.55297315 17.5 -6.77026154388652 
169.11029234 64.78488518 17.5 -6.7702803865946 
60.02905653 0.68439558 17.5 -6.77022245011553 
62.21020708 1.91630761 17.5 -6.77017308556317 
64.39135763 3.14821965 17.5 -6.77013359712842 
66.57250819 4.38013168 17.5 -6.7701050836496 
68.75365874 5.61204372 17.5 -6.77008839809121 
70.93480929 6.84395576 17.5 -6.7700841299584 
73.11595985 8.07586779 17.5 -6.77009249576197 
75.2971104 9.30777983 17.5 -6.77011330991902 
77.47826095 10.53969186 17.5 -6.77014599592924 
79.65941151 11.7716039 17.5 -6.7701895276906 
81.84056206 13.00351594 17.5 -6.77024245000269 
84.02171261 14.23542797 17.5 -6.77030297793172 
86.20286317 15.46734001 17.5 -6.77036914514026 
88.38401372 16.69925204 17.5 -6.77043894953922 
90.56516427 17.93116408 17.5 -6.77051043748945 
92.74631483 19.16307612 17.5 -6.77058176158923 
94.92746538 20.39498815 17.5 -6.77065119243646 
97.10861593 21.62690019 17.5 -6.77071722790609 
99.28976649 22.85881222 17.5 -6.77077862359183 
101.47091704 24.09072426 17.5 -6.77083436656619 
103.65206759 25.3226363 17.5 -6.770883739976 
105.83321814 26.55454833 17.5 -6.77092630376994 
108.0143687 27.78646037 17.5 -6.77096183781207 
110.19551925 29.0183724 17.5 -6.77099033696505 
112.3766698 30.25028444 17.5 -6.77101198679286 
114.55782036 31.48219648 17.5 -6.77102705354056 
116.73897091 32.71410851 17.5 -6.77103588203934 
118.92012146 33.94602055 17.5 -6.77103885084143 
121.10127202 35.17793258 17.5 -6.77103616917068 
123.28242257 36.40984462 17.5 -6.77102782777969 
125.46357312 37.64175666 17.5 -6.77101371559767 
127.64472368 38.87366869 17.5 -6.77099362770156 
129.82587423 40.10558073 17.5 -6.77096736841411 
132.00702478 41.33749276 17.5 -6.77093483598714 
134.18817534 42.5694048 17.5 -6.77089608632392 
136.36932589 43.80131684 17.5 -6.7708513605292 
138.55047644 45.03322887 17.5 -6.77080115519763 
140.731627 46.26514091 17.5 -6.77074626229416 
142.91277755 47.49705294 17.5 -6.77068770056014 
145.0939281 48.72896498 17.5 -6.77062674091259 
147.27507866 49.96087702 17.5 -6.77056485853958 
149.45622921 51.19278905 17.5 -6.77050359061396 
151.63737976 52.42470109 17.5 -6.77044451072578 
153.81853031 53.65661312 17.5 -6.77038921784674 
155.99968087 54.88852516 17.5 -6.77033925179714 
158.18083142 56.1204372 17.5 -6.77029608980233 
160.36198197 57.35234923 17.5 -6.77026108789895 
162.54313253 58.58426127 17.5 -6.77023541995424 
164.72428308 59.8161733 17.5 -6.77022001431304 
166.90543363 61.04808534 17.5 -6.7702155661267 
64.36764948 0.64333184 17.5 -6.77017913877056 
66.54880003 1.87524388 17.5 -6.77015332955286 
68.72995058 3.10715591 17.5 -6.77013897472651 
70.91110114 4.33906795 17.5 -6.77013663266678 
73.09225169 5.57097998 17.5 -6.77014651129284 
75.27340224 6.80289202 17.5 -6.77016844176365 
77.4545528 8.03480406 17.5 -6.77020190176386 
79.63570335 9.26671609 17.5 -6.77024592158414 
81.8168539 10.49862813 17.5 -6.77029916267992 
83.99800446 11.73054016 17.5 -6.770359972004 
86.17915501 12.9624522 17.5 -6.77042645482222 
88.36030556 14.19436424 17.5 -6.77049672746037 
90.54145611 15.42627627 17.5 -6.77056894354354 
92.72260667 16.65818831 17.5 -6.77064130463494 
94.90375722 17.89010034 17.5 -6.77071216361879 
97.08490777 19.12201238 17.5 -6.77078003866698 
99.26605833 20.35392442 17.5 -6.77084366182474 
101.44720888 21.58583645 17.5 -6.77090196236379 
103.62835943 22.81774849 17.5 -6.77095414096944 
105.80950999 24.04966052 17.5 -6.77099962357562 
107.99066054 25.28157256 17.5 -6.77103802670664 
110.17181109 26.5134846 17.5 -6.77106920056818 
112.35296165 27.74539663 17.5 -6.77109316303087 
114.5341122 28.97730867 17.5 -6.77111004309548 
116.71526275 30.2092207 17.5 -6.77112011286554 
118.89641331 31.44113274 17.5 -6.77112368745228 
121.07756386 32.67304478 17.5 -6.77112097950775 
123.25871441 33.90495681 17.5 -6.77111203546862 
125.43986497 35.13686885 17.5 -6.77109680425098 
127.62101552 36.36878088 17.5 -6.77107515634127 
129.80216607 37.60069292 17.5 -6.77104696760171 
131.98331662 38.83260496 17.5 -6.77101222478021 
134.16446718 40.06451699 17.5 -6.77097099954757 
136.34561773 41.29642903 17.5 -6.77092355116413 
138.52676828 42.52834106 17.5 -6.77087037703341 
140.70791884 43.7602531 17.5 -6.77081216522846 
142.88906939 44.99216514 17.5 -6.770749833592 
145.07021994 46.22407717 17.5 -6.77068452329429 
147.2513705 47.45598921 17.5 -6.77061751828261 
149.43252105 48.68790124 17.5 -6.77055019280592 
151.6136716 49.91981328 17.5 -6.77048401887815 
153.79482216 51.15172532 17.5 -6.77042056362279 
155.97597271 52.38363735 17.5 -6.77036138380907 
158.15712326 53.61554939 17.5 -6.77030800729515 
160.33827382 54.84746142 17.5 -6.77026189332298 
162.51942437 56.07937346 17.5 -6.77022431972546 
164.70057492 57.3112855 17.5 -6.77019642817228 
68.70624242 0.60226811 17.5 -6.77018395872222 
70.88739298 1.83418014 17.5 -6.77018315531675 
73.06854353 3.06609218 17.5 -6.77019423498705 
75.24969408 4.29800421 17.5 -6.77021709721396 
77.43084464 5.52991625 17.5 -6.77025121918996 
79.61199519 6.76182829 17.5 -6.77029571361023 
81.79314574 7.99374032 17.5 -6.77034934600319 
83.9742963 9.22565236 17.5 -6.77041053686254 
86.15544685 10.45756439 17.5 -6.77047751109746 
88.3365974 11.68947643 17.5 -6.77054846241879 
90.51774796 12.92138847 17.5 -6.77062162732891 
92.69889851 14.1533005 17.5 -6.77069528671337 
94.88004906 15.38521254 17.5 -6.77076784629958 
97.06119962 16.61712457 17.5 -6.77083787899993 
99.24235017 17.84903661 17.5 -6.77090406954881 
101.42350072 19.08094865 17.5 -6.77096533793219 
103.60465128 20.31286068 17.5 -6.77102080152235 
105.78580183 21.54477272 17.5 -6.77106973927161 
107.96695238 22.77668475 17.5 -6.77111165427167 
110.14810293 24.00859679 17.5 -6.77114621307746 
112.32925349 25.24050883 17.5 -6.77117325100889 
114.51040404 26.47242086 17.5 -6.77119274955084 
116.69155459 27.7043329 17.5 -6.77120485833016 
118.87270515 28.93624493 17.5 -6.77120981320637 
121.0538557 30.16815697 17.5 -6.77120779749614 
123.23500625 31.40006901 17.5 -6.77119891337551 
125.41615681 32.63198104 17.5 -6.77118314585499 
127.59730736 33.86389308 17.5 -6.77116043094495 
129.77845791 35.09580511 17.5 -6.77113077449585 
131.95960847 36.32771715 17.5 -6.771094198729 
134.14075902 37.55962919 17.5 -6.77105086204943 
136.32190957 38.79154122 17.5 -6.77100106586379 
138.50306013 40.02345326 17.5 -6.77094529222217 
140.68421068 41.25536529 17.5 -6.77088419615717 
142.86536123 42.48727733 17.5 -6.77081859650165 
145.04651179 43.71918937 17.5 -6.77074952374338 
147.22766234 44.9511014 17.5 -6.77067808315471 
149.40881289 46.18301344 17.5 -6.77060547263283 
151.58996345 47.41492547 17.5 -6.77053299263527 
153.771114 48.64683751 17.5 -6.77046205688797 
155.95226455 49.87874955 17.5 -6.77039422674981 
158.1334151 51.11066158 17.5 -6.77033105829156 
160.31456566 52.34257362 17.5 -6.77027403089651 
162.49571621 53.57448565 17.5 -6.7702245698238 
73.04483537 0.56120437 17.5 -6.77023642840175 
75.22598593 1.79311641 17.5 -6.77025983528861 
77.40713648 3.02502844 17.5 -6.77029433299688 
79.58828703 4.25694048 17.5 -6.77033910051543 
81.76943759 5.48885252 17.5 -6.77039299264719 
83.95058814 6.72076455 17.5 -6.77045451021164 
86.13173869 7.95267659 17.5 -6.77052196569445 
88.31288925 9.18458862 17.5 -6.77059366395411 
90.4940398 10.41650066 17.5 -6.77066788010824 
92.67519035 11.6484127 17.5 -6.7707429819454 
94.8563409 12.88032473 17.5 -6.7708174466284 
97.03749146 14.11223677 17.5 -6.77088983913518 
99.21864201 15.3441488 17.5 -6.77095889045308 
101.39979256 16.57606084 17.5 -6.7710234822656 
103.58094312 17.80797288 17.5 -6.77108265283325 
105.76209367 19.03988491 17.5 -6.77113557604895 
107.94324422 20.27179695 17.5 -6.77118161082173 
110.12439478 21.50370898 17.5 -6.77122026274485 
112.30554533 22.73562102 17.5 -6.771251162782 
114.48669588 23.96753306 17.5 -6.7712741253469 
116.66784644 25.19944509 17.5 -6.77128912958106 
118.84899699 26.43135713 17.5 -6.77129628122586 
121.03014754 27.66326916 17.5 -6.77129575514524 
123.2112981 28.8951812 17.5 -6.77128764026634 
125.39244865 30.12709324 17.5 -6.77127195355695 
127.5735992 31.35900527 17.5 -6.77124872482832 
129.75474976 32.59091731 17.5 -6.7712180378232 
131.93590031 33.82282934 17.5 -6.77118002766435 
134.11705086 35.05474138 17.5 -6.77113492775791 
136.29820141 36.28665342 17.5 -6.77108312335683 
138.47935197 37.51856545 17.5 -6.77102509963997 
140.66050252 38.75047749 17.5 -6.77096149171732 
142.84165307 39.98238952 17.5 -6.77089309920536 
145.02280363 41.21430156 17.5 -6.7708208068516 
147.20395418 42.4462136 17.5 -6.77074558201075 
149.38510473 43.67812563 17.5 -6.77066846810125 
151.56625529 44.91003767 17.5 -6.77059052650444 
153.74740584 46.1419497 17.5 -6.77051298239853 
155.92855639 47.37386174 17.5 -6.7704372845178 
158.10970695 48.60577378 17.5 -6.77036495611316 
160.2908575 49.83768581 17.5 -6.77029750734649 
77.38342832 0.52014064 17.5 -6.7703319501374 
79.56457887 1.75205267 17.5 -6.77037663188131 
81.74572943 2.98396471 17.5 -6.77043048275893 
83.92687998 4.21587675 17.5 -6.77049209571701 
86.10803053 5.44778878 17.5 -6.77055988573639 
88.28918109 6.67970082 17.5 -6.77063221265562 
90.47033164 7.91161285 17.5 -6.77070743433987 
92.65148219 9.14352489 17.5 -6.770783997113 
94.83263275 10.37543693 17.5 -6.77086041589169 
97.0137833 11.60734896 17.5 -6.77093529640951 
99.19493385 12.839261 17.5 -6.77100738491561 
101.37608441 14.07117303 17.5 -6.77107555581812 
103.55723496 15.30308507 17.5 -6.77113877431243 
105.73838551 16.53499711 17.5 -6.77119613984298 
107.91953607 17.76690914 17.5 -6.77124687310806 
110.10068662 18.99882118 17.5 -6.77129028587481 
112.28183717 20.23073321 17.5 -6.77132583065143 
114.46298772 21.46264525 17.5 -6.77135312285837 
116.64413828 22.69455729 17.5 -6.77137191862355 
118.82528883 23.92646932 17.5 -6.77138217061371 
121.00643938 25.15838136 17.5 -6.77138397820791 
123.18758994 26.39029339 17.5 -6.77137740140337 
125.36874049 27.62220543 17.5 -6.77136247481253 
127.54989104 28.85411747 17.5 -6.77133931250385 
129.7310416 30.0860295 17.5 -6.77130807518875 
131.91219215 31.31794154 17.5 -6.77126900590868 
134.0933427 32.54985357 17.5 -6.77122247769054 
136.27449326 33.78176561 17.5 -6.77116894728558 
138.45564381 35.01367765 17.5 -6.77110896814588 
140.63679436 36.24558968 17.5 -6.77104319759026 
142.81794492 37.47750172 17.5 -6.77097239587662 
144.99909547 38.70941375 17.5 -6.7708973627431 
147.18024602 39.94132579 17.5 -6.77081895311321 
149.36139658 41.17323783 17.5 -6.77073805131933 
151.54254713 42.40514986 17.5 -6.77065550106735 
153.72369768 43.6370619 17.5 -6.77057230622631 
155.90484824 44.86897393 17.5 -6.77048970021046 
158.08599879 46.10088597 17.5 -6.7704090790298 
81.72202127 0.4790769 17.5 -6.77046246311931 
83.90317182 1.71098894 17.5 -6.77052379280452 
86.08432238 2.94290097 17.5 -6.77059160470648 
88.26547293 4.17481301 17.5 -6.77066430103989 
90.44662348 5.40672505 17.5 -6.77074033699404 
92.62777404 6.63863708 17.5 -6.77081822045811 
94.80892459 7.87054912 17.5 -6.77089650093948 
96.99007514 9.10246115 17.5 -6.77097384858564 
99.17122569 10.33437319 17.5 -6.77104902915241 
101.35237625 11.56628523 17.5 -6.77112089475059 
103.5335268 12.79819726 17.5 -6.77118838502813 
105.71467735 14.0301093 17.5 -6.77125053207636 
107.89582791 15.26202133 17.5 -6.77130643360572 
110.07697846 16.49393337 17.5 -6.77135521856735 
112.25812901 17.72584541 17.5 -6.7713961611763 
114.43927957 18.95775744 17.5 -6.77142862623489 
116.62043012 20.18966948 17.5 -6.77145213721865 
118.80158067 21.42158151 17.5 -6.77146645485617 
120.98273123 22.65349355 17.5 -6.77147152407726 
123.16388178 23.88540559 17.5 -6.77146733533421 
125.34503233 25.11731762 17.5 -6.7714539298072 
127.52618289 26.34922966 17.5 -6.77143146267804 
129.70733344 27.58114169 17.5 -6.77140018512239 
131.88848399 28.81305373 17.5 -6.77136046492178 
134.06963455 30.04496577 17.5 -6.77131282024676 
136.2507851 31.2768778 17.5 -6.77125781653485 
138.43193565 32.50878984 17.5 -6.77119611117343 
140.6130862 33.74070187 17.5 -6.77112844460458 
142.79423676 34.97261391 17.5 -6.7710555383561 
144.97538731 36.20452595 17.5 -6.77097816289275 
147.15653786 37.43643798 17.5 -6.77089708507687 
149.33768842 38.66835002 17.5 -6.77081302304784 
151.51883897 39.90026205 17.5 -6.7707266512316 
153.69998952 41.13217409 17.5 -6.77063875066547 
155.88114008 42.36408613 17.5 -6.77055029706177 
86.06061422 0.43801317 17.5 -6.7706176708669 
88.24176477 1.6699252 17.5 -6.77069035864848 
90.42291532 2.90183724 17.5 -6.77076687184998 
92.60406588 4.13374928 17.5 -6.77084578350971 
94.78521643 5.36566131 17.5 -6.7709256963166 
96.96636698 6.59757335 17.5 -6.77100532810428 
99.14751754 7.82948538 17.5 -6.77108348859192 
101.32866809 9.06139742 17.5 -6.7711590120051 
103.50981864 10.29330946 17.5 -6.77123084674884 
105.6909692 11.52522149 17.5 -6.77129796809414 
107.87211975 12.75713353 17.5 -6.77135934870461 
110.0532703 13.98904556 17.5 -6.7714140116225 
112.23442086 15.2209576 17.5 -6.77146100314418 
114.41557141 16.45286964 17.5 -6.77149944657065 
116.59672196 17.68478167 17.5 -6.77152860720842 
118.77787251 18.91669371 17.5 -6.77154798324651 
120.95902307 20.14860574 17.5 -6.77155731448497 
123.14017362 21.38051778 17.5 -6.77155646000817 
125.32132417 22.61242982 17.5 -6.77154543573558 
127.50247473 23.84434185 17.5 -6.7715243905001 
129.68362528 25.07625389 17.5 -6.77149364133473 
131.86477583 26.30816592 17.5 -6.77145372749057 
134.04592639 27.54007796 17.5 -6.7714052775723 
136.22707694 28.77199 17.5 -6.77134903191554 
138.40822749 30.00390203 17.5 -6.7712858020475 
140.58937805 31.23581407 17.5 -6.77121639680961 
142.7705286 32.4677261 17.5 -6.77114161725166 
144.95167915 33.69963814 17.5 -6.77106220202891 
147.13282971 34.93155018 17.5 -6.77097886433698 
149.31398026 36.16346221 17.5 -6.77089218502163 
151.49513081 37.39537425 17.5 -6.77080267895312 
153.67628137 38.62728628 17.5 -6.77071094573686 
90.39920717 0.39694943 17.5 -6.77078748287887 
92.58035772 1.62886147 17.5 -6.77086700062439 
94.76150827 2.86077351 17.5 -6.7709481760843 
96.94265882 4.09268554 17.5 -6.77102977824831 
99.12380938 5.32459758 17.5 -6.77111062104408 
101.30495993 6.55650961 17.5 -6.7711896028931 
103.48611048 7.78842165 17.5 -6.77126567085469 
105.66726104 9.02033369 17.5 -6.77133775184256 
107.84841159 10.25224572 17.5 -6.77140476427173 
110.02956214 11.48415776 17.5 -6.77146560725775 
112.2107127 12.71606979 17.5 -6.77151915852927 
114.39186325 13.94798183 17.5 -6.77156427881779 
116.5730138 15.17989387 17.5 -6.77159997120519 
118.75416436 16.4118059 17.5 -6.77162540875692 
120.93531491 17.64371794 17.5 -6.77164004184811 
123.11646546 18.87562997 17.5 -6.771643584168 
125.29761602 20.10754201 17.5 -6.77163591244319 
127.47876657 21.33945405 17.5 -6.7716171286423 
129.65991712 22.57136608 17.5 -6.77158761516693 
131.84106768 23.80327812 17.5 -6.77154801355592 
134.02221823 25.03519015 17.5 -6.77149913314371 
136.20336878 26.26710219 17.5 -6.7714418968014 
138.38451934 27.49901423 17.5 -6.77137730321161 
140.56566989 28.73092626 17.5 -6.77130629503016 
142.74682044 29.9628383 17.5 -6.77122976319467 
144.92797099 31.19475033 17.5 -6.77114852448138 
147.10912155 32.42666237 17.5 -6.77106321465155 
149.2902721 33.65857441 17.5 -6.77097434455769 
151.47142265 34.89048644 17.5 -6.77088230638828 
94.73780011 0.3558857 17.5 -6.77096425924518 
96.91895067 1.58779774 17.5 -6.77104736185221 
99.10010122 2.81970977 17.5 -6.77113047106819 
101.28125177 4.05162181 17.5 -6.77121253001471 
103.46240233 5.28353384 17.5 -6.77129250891001 
105.64355288 6.51544588 17.5 -6.77136933370107 
107.82470343 7.74735792 17.5 -6.77144190136876 
110.00585399 8.97926995 17.5 -6.77150902471701 
112.18700454 10.21118199 17.5 -6.77156941310284 
114.36815509 11.44309402 17.5 -6.771621737707 
116.54930565 12.67500606 17.5 -6.77166471028976 
118.7304562 13.9069181 17.5 -6.77169715273696 
120.91160675 15.13883013 17.5 -6.77171817396197 
123.0927573 16.37074217 17.5 -6.77172723032046 
125.27390786 17.6026542 17.5 -6.77172399221929 
127.45505841 18.83456624 17.5 -6.7717084608838 
129.63620896 20.06647828 17.5 -6.77168102562819 
131.81735952 21.29839031 17.5 -6.77164239868337 
133.99851007 22.53030235 17.5 -6.77159354877184 
136.17966062 23.76221438 17.5 -6.77153563672935 
138.36081118 24.99412642 17.5 -6.77146985783517 
140.54196173 26.22603846 17.5 -6.77139735292722 
142.72311228 27.45795049 17.5 -6.77131917583835 
144.90426284 28.68986253 17.5 -6.77123620665636 
147.08541339 29.92177456 17.5 -6.77114911669925 
149.26656394 31.1536866 17.5 -6.77105837560002 
99.07639306 0.31482196 17.5 -6.77114320173132 
101.25754361 1.546734 17.5 -6.77122781429343 
103.43869417 2.77864604 17.5 -6.77131120399691 
105.61984472 4.01055807 17.5 -6.77139233832767 
107.80099527 5.24247011 17.5 -6.77147013363189 
109.98214583 6.47438214 17.5 -6.77154335272647 
112.16329638 7.70629418 17.5 -6.77161060309061 
114.34444693 8.93820622 17.5 -6.77167040332702 
116.52559749 10.17011825 17.5 -6.77172118519877 
118.70674804 11.40203029 17.5 -6.77176142398775 
120.88789859 12.63394232 17.5 -6.77178986372573 
123.06904915 13.86585436 17.5 -6.77180556973269 
125.2501997 15.0977664 17.5 -6.77180795188165 
127.43135025 16.32967843 17.5 -6.77179681819832 
129.61250081 17.56159047 17.5 -6.77177246540093 
131.79365136 18.7935025 17.5 -6.77173564133916 
133.97480191 20.02541454 17.5 -6.77168745884356 
136.15595247 21.25732658 17.5 -6.77162930381938 
138.33710302 22.48923861 17.5 -6.77156260016601 
140.51825357 23.72115065 17.5 -6.77148874253746 
142.69940413 24.95306268 17.5 -6.77140900193474 
144.88055468 26.18497472 17.5 -6.77132437026582 
147.06170523 27.41688676 17.5 -6.77123561347934 
103.41498601 0.27375823 17.5 -6.77132176571454 
105.59613656 1.50567027 17.5 -6.7714065886034 
107.77728712 2.7375823 17.5 -6.7714890377094 
109.95843767 3.96949434 17.5 -6.77156787782266 
112.13958822 5.20140637 17.5 -6.77164171540107 
114.32073878 6.43331841 17.5 -6.77170892782154 
116.50188933 7.66523045 17.5 -6.77176774094205 
118.68303988 8.89714248 17.5 -6.77181633340525 
120.86419044 10.12905452 17.5 -6.7718530305601 
123.04534099 11.36096655 17.5 -6.77187647510266 
125.22649154 12.59287859 17.5 -6.77188569387433 
127.40764209 13.82479063 17.5 -6.77188022099005 
129.58879265 15.05670266 17.5 -6.77186013289897 
131.7699432 16.2886147 17.5 -6.77182613196167 
133.95109375 17.52052673 17.5 -6.77177946514047 
136.13224431 18.75243877 17.5 -6.77172167426863 
138.31339486 19.98435081 17.5 -6.77165446115427 
140.49454541 21.21626284 17.5 -6.771579512339 
142.67569597 22.44817488 17.5 -6.77149832251367 
144.85684652 23.68008691 17.5 -6.77141211079731 
107.75357896 0.2326945 17.5 -6.77149843766933 
109.93472951 1.46460653 17.5 -6.77158218320039 
112.11588006 2.69651857 17.5 -6.77166198125038 
114.29703062 3.9284306 17.5 -6.77173617767018 
116.47818117 5.16034264 17.5 -6.77180286232729 
118.65933172 6.39225468 17.5 -6.77185999074473 
120.84048228 7.62416671 17.5 -6.77190550372022 
123.02163283 8.85607875 17.5 -6.77193755862798 
125.20278338 10.08799078 17.5 -6.77195478247812 
127.38393394 11.31990282 17.5 -6.77195625876267 
129.56508449 12.55181486 17.5 -6.77194175947234 
131.74623504 13.78372689 17.5 -6.77191183585665 
133.9273856 15.01563893 17.5 -6.77186773122708 
136.10853615 16.24755096 17.5 -6.77181115938637 
138.2896867 17.479463 17.5 -6.7717440709835 
140.47083726 18.71137504 17.5 -6.77166845473098 
142.65198781 19.94328707 17.5 -6.77158608082621 
112.09217191 0.19163076 17.5 -6.77167096764401 
114.27332246 1.4235428 17.5 -6.77175137198866 
116.45447301 2.65545483 17.5 -6.77182535989303 
118.63562357 3.88736687 17.5 -6.77189075134282 
120.81677412 5.11927891 17.5 -6.77194519320947 
122.99792467 6.35119094 17.5 -6.77198642598857 
125.17907523 7.58310298 17.5 -6.772012572271 
127.36022578 8.81501501 17.5 -6.77202221809294 
129.54137633 10.04692705 17.5 -6.77201468843762 
131.72252688 11.27883909 17.5 -6.77199024516934 
133.90367744 12.51075112 17.5 -6.77194999693174 
136.08482799 13.74266316 17.5 -6.7718957445068 
138.26597854 14.97457519 17.5 -6.77182967840353 
140.4471291 16.20648723 17.5 -6.77175405509049 
116.43076485 0.15056703 17.5 -6.77183443597377 
118.61191541 1.38247906 17.5 -6.77190738670228 
120.79306596 2.6143911 17.5 -6.77197041623677 
122.97421651 3.84630313 17.5 -6.7720208643125 
125.15536707 5.07821517 17.5 -6.77205646152115 
127.33651762 6.31012721 17.5 -6.7720752444702 
129.51766817 7.54203924 17.5 -6.77207599082161 
131.69881873 8.77395128 17.5 -6.77205846965655 
133.87996928 10.00586331 17.5 -6.77202354861288 
136.06111983 11.23777535 17.5 -6.77197298502333 
138.24227039 12.46968739 17.5 -6.77190911759915 
120.769358 0.10950329 17.5 -6.77197984608485 
122.95050836 1.34141533 17.5 -6.77203910465019 
125.13165891 2.57332736 17.5 -6.7720842518165 
127.31280946 3.8052394 17.5 -6.77211266675904 
129.49396002 5.03715144 17.5 -6.7721227121278 
131.67511057 6.26906347 17.5 -6.77211348549978 
133.85626112 7.50097551 17.5 -6.77208541211435 
136.03741167 8.73288754 17.5 -6.77204009824311 
125.107951 0.06843956 17.5 -6.77209407136823 
127.2891013 1.30035159 17.5 -6.77213222595901 
129.47025186 2.53226363 17.5 -6.77215225463327 
131.65140241 3.76417567 17.5 -6.77215236964351 
133.83255296 4.9960877 17.5 -6.772132604426 
129.446544 0.02737582 17.5 -6.77216237764943 
131.62769425 1.25928786 17.5 -6.77217258095954 
