4.971449359449048127e-06
4.971449359449048127e-06
4.971449359449048127e-06
4.971449359449048127e-06
4.971449359449048127e-06
4.971449359449048127e-06
4.971449359449048127e-06
4.971449359449048127e-06
4.971449359449048127e-06
4.971449359449048127e-06
4.971449359449048127e-06
4.971449359449048127e-06
4.971449359449048127e-06
4.971449359449048127e-06
4.971449359449048127e-06
4.971449359449048127e-06
4.971449359449048127e-06
4.971449359449048127e-06
4.971449359449048127e-06
4.971449359449048127e-06
4.971449359449048127e-06
4.971449359449048127e-06
4.971449359449048127e-06
4.971449359449048127e-06
4.971449359449048127e-06
4.971449359449048127e-06
4.971449359449048127e-06
4.971449359449048127e-06
4.971449359449048127e-06
4.971449359449048127e-06
4.971449359449048127e-06
4.971449359449048127e-06
4.971449359449048127e-06
4.971449359449048127e-06
4.971449359449048127e-06
4.971449359449048127e-06
4.971449359449048127e-06
4.971449359449048127e-06
4.971449359449048127e-06
4.971449359449048127e-06
4.971449359449048127e-06
4.971449359449048127e-06
4.971449359449048127e-06
4.971449359449048127e-06
4.971449359449048127e-06
4.971449359449048127e-06
4.971449359449048127e-06
4.971449359449048127e-06
4.971449359449048127e-06
4.971449359449048127e-06
4.971449359449048127e-06
4.971449359449048127e-06
4.971449359449048127e-06
4.971449359449048127e-06
4.971449359449048127e-06
4.971449359449048127e-06
4.971449359449048127e-06
4.971449359449048127e-06
4.971449359449048127e-06
4.971449359449048127e-06
4.971449359449048127e-06
4.971449359449048127e-06
4.971449359449048127e-06
4.971449359449048127e-06
4.971449359449048127e-06
4.971449359449048127e-06
4.971449359449048127e-06
4.971449359449048127e-06
4.971449359449048127e-06
4.971449359449048127e-06
4.971449359449048127e-06
4.971449359449048127e-06
1.402584932626687216e-05
1.402584932626687216e-05
1.402584932626687216e-05
1.402584932626687216e-05
1.402584932626687216e-05
1.402584932626687216e-05
1.402584932626687216e-05
1.402584932626687216e-05
1.402584932626687216e-05
1.402584932626687216e-05
1.402584932626687216e-05
1.402584932626687216e-05
1.402584932626687216e-05
1.402584932626687216e-05
1.402584932626687216e-05
1.402584932626687216e-05
1.402584932626687216e-05
1.402584932626687216e-05
1.402584932626687216e-05
1.402584932626687216e-05
1.402584932626687216e-05
1.402584932626687216e-05
1.402584932626687216e-05
1.402584932626687216e-05
1.402584932626687216e-05
1.402584932626687216e-05
1.402584932626687216e-05
1.402584932626687216e-05
1.402584932626687216e-05
1.402584932626687216e-05
1.402584932626687216e-05
1.402584932626687216e-05
1.402584932626687216e-05
1.402584932626687216e-05
1.402584932626687216e-05
1.402584932626687216e-05
1.402584932626687216e-05
1.402584932626687216e-05
1.402584932626687216e-05
1.402584932626687216e-05
1.402584932626687216e-05
1.402584932626687216e-05
1.402584932626687216e-05
1.402584932626687216e-05
1.402584932626687216e-05
1.402584932626687216e-05
1.402584932626687216e-05
1.402584932626687216e-05
1.402584932626687216e-05
1.402584932626687216e-05
1.402584932626687216e-05
1.402584932626687216e-05
1.402584932626687216e-05
1.402584932626687216e-05
1.402584932626687216e-05
1.402584932626687216e-05
1.402584932626687216e-05
1.402584932626687216e-05
1.402584932626687216e-05
1.402584932626687216e-05
1.402584932626687216e-05
1.402584932626687216e-05
1.402584932626687216e-05
1.402584932626687216e-05
1.402584932626687216e-05
1.402584932626687216e-05
1.402584932626687216e-05
1.402584932626687216e-05
1.402584932626687216e-05
1.402584932626687216e-05
1.402584932626687216e-05
1.402584932626687216e-05
2.414767328495279869e-05
2.414767328495279869e-05
2.414767328495279869e-05
2.414767328495279869e-05
2.414767328495279869e-05
2.414767328495279869e-05
2.414767328495279869e-05
2.414767328495279869e-05
2.414767328495279869e-05
2.414767328495279869e-05
2.414767328495279869e-05
2.414767328495279869e-05
2.414767328495279869e-05
2.414767328495279869e-05
2.414767328495279869e-05
2.414767328495279869e-05
2.414767328495279869e-05
2.414767328495279869e-05
2.414767328495279869e-05
2.414767328495279869e-05
2.414767328495279869e-05
2.414767328495279869e-05
2.414767328495279869e-05
2.414767328495279869e-05
2.414767328495279869e-05
2.414767328495279869e-05
2.414767328495279869e-05
2.414767328495279869e-05
2.414767328495279869e-05
2.414767328495279869e-05
2.414767328495279869e-05
2.414767328495279869e-05
2.414767328495279869e-05
2.414767328495279869e-05
2.414767328495279869e-05
2.414767328495279869e-05
2.414767328495279869e-05
2.414767328495279869e-05
2.414767328495279869e-05
2.414767328495279869e-05
2.414767328495279869e-05
2.414767328495279869e-05
2.414767328495279869e-05
2.414767328495279869e-05
2.414767328495279869e-05
2.414767328495279869e-05
2.414767328495279869e-05
2.414767328495279869e-05
2.414767328495279869e-05
2.414767328495279869e-05
2.414767328495279869e-05
2.414767328495279869e-05
2.414767328495279869e-05
2.414767328495279869e-05
2.414767328495279869e-05
2.414767328495279869e-05
2.414767328495279869e-05
2.414767328495279869e-05
2.414767328495279869e-05
2.414767328495279869e-05
2.414767328495279869e-05
2.414767328495279869e-05
2.414767328495279869e-05
2.414767328495279869e-05
2.414767328495279869e-05
2.414767328495279869e-05
2.414767328495279869e-05
2.414767328495279869e-05
2.414767328495279869e-05
2.414767328495279869e-05
2.414767328495279869e-05
2.414767328495279869e-05
3.530893127703174243e-05
3.530893127703174243e-05
3.530893127703174243e-05
3.530893127703174243e-05
3.530893127703174243e-05
3.530893127703174243e-05
3.530893127703174243e-05
3.530893127703174243e-05
3.530893127703174243e-05
3.530893127703174243e-05
3.530893127703174243e-05
3.530893127703174243e-05
3.530893127703174243e-05
3.530893127703174243e-05
3.530893127703174243e-05
3.530893127703174243e-05
3.530893127703174243e-05
3.530893127703174243e-05
3.530893127703174243e-05
3.530893127703174243e-05
3.530893127703174243e-05
3.530893127703174243e-05
3.530893127703174243e-05
3.530893127703174243e-05
3.530893127703174243e-05
3.530893127703174243e-05
3.530893127703174243e-05
3.530893127703174243e-05
3.530893127703174243e-05
3.530893127703174243e-05
3.530893127703174243e-05
3.530893127703174243e-05
3.530893127703174243e-05
3.530893127703174243e-05
3.530893127703174243e-05
3.530893127703174243e-05
3.530893127703174243e-05
3.530893127703174243e-05
3.530893127703174243e-05
3.530893127703174243e-05
3.530893127703174243e-05
3.530893127703174243e-05
3.530893127703174243e-05
3.530893127703174243e-05
3.530893127703174243e-05
3.530893127703174243e-05
3.530893127703174243e-05
3.530893127703174243e-05
3.530893127703174243e-05
3.530893127703174243e-05
3.530893127703174243e-05
3.530893127703174243e-05
3.530893127703174243e-05
3.530893127703174243e-05
3.530893127703174243e-05
3.530893127703174243e-05
3.530893127703174243e-05
3.530893127703174243e-05
3.530893127703174243e-05
3.530893127703174243e-05
3.530893127703174243e-05
3.530893127703174243e-05
3.530893127703174243e-05
3.530893127703174243e-05
3.530893127703174243e-05
3.530893127703174243e-05
3.530893127703174243e-05
3.530893127703174243e-05
3.530893127703174243e-05
3.530893127703174243e-05
3.530893127703174243e-05
3.530893127703174243e-05
4.627908770606917519e-05
4.653813770074749978e-05
4.653857254594679065e-05
4.653857254594679065e-05
4.653857254594679065e-05
4.653857254594679065e-05
4.653857254594679065e-05
4.653857254594679065e-05
4.653857254594679065e-05
4.653857254594679065e-05
4.653857254594679065e-05
4.653857254594679065e-05
4.653857254594679065e-05
4.653857254594679065e-05
4.653857254594679065e-05
4.653857254594679065e-05
4.653857254594679065e-05
4.653857254594679065e-05
4.653857254594679065e-05
4.653857254594679065e-05
4.653857254594679065e-05
4.653857254594679065e-05
4.653857254594679065e-05
4.653857254594679065e-05
4.653857254594679065e-05
4.653857254594679065e-05
4.653857254594679065e-05
4.653857254594679065e-05
4.653857254594679065e-05
4.653857254594679065e-05
4.653857254594679065e-05
4.653857254594679065e-05
4.653857254594679065e-05
4.653857254594679065e-05
4.653857254594679065e-05
4.653857254594679065e-05
4.653857254594679065e-05
4.653857254594679065e-05
4.653857254594679065e-05
4.653857254594679065e-05
4.653857254594679065e-05
4.653857254594679065e-05
4.653857254594679065e-05
4.653857254594679065e-05
4.653857254594679065e-05
4.653857254594679065e-05
4.653857254594679065e-05
4.653857254594679065e-05
4.653857254594679065e-05
4.653857254594679065e-05
4.653857254594679065e-05
4.653857254594679065e-05
4.653857254594679065e-05
4.653857254594679065e-05
4.653857254594679065e-05
4.653857254594679065e-05
4.653857254594679065e-05
4.653857254594679065e-05
4.653857254594679065e-05
4.653857254594679065e-05
4.653857254594679065e-05
4.653857254594679065e-05
4.653857254594679065e-05
4.653857254594679065e-05
4.653857254594679065e-05
4.653857254594679065e-05
4.653857254594679065e-05
4.653857254594679065e-05
4.653857254594679065e-05
4.653857254594679065e-05
4.653857254594679065e-05
4.653857254594679065e-05
5.757963594868063719e-05
5.815923080286921774e-05
5.852679028524208828e-05
5.871774691387580801e-05
5.871835794222447411e-05
5.871835794222447411e-05
5.871835794222447411e-05
5.871835794222447411e-05
5.871835794222447411e-05
5.871835794222447411e-05
5.871835794222447411e-05
5.871835794222447411e-05
5.871835794222447411e-05
5.871835794222447411e-05
5.871835794222447411e-05
5.871835794222447411e-05
5.871835794222447411e-05
5.871835794222447411e-05
5.871835794222447411e-05
5.871835794222447411e-05
5.871835794222447411e-05
5.871835794222447411e-05
5.871835794222447411e-05
5.871835794222447411e-05
5.871835794222447411e-05
5.871835794222447411e-05
5.871835794222447411e-05
5.871835794222447411e-05
5.871835794222447411e-05
5.871835794222447411e-05
5.871835794222447411e-05
5.871835794222447411e-05
5.871835794222447411e-05
5.871835794222447411e-05
5.871835794222447411e-05
5.871835794222447411e-05
5.871835794222447411e-05
5.871835794222447411e-05
5.871835794222447411e-05
5.871835794222447411e-05
5.871835794222447411e-05
5.871835794222447411e-05
5.871835794222447411e-05
5.871835794222447411e-05
5.871835794222447411e-05
5.871835794222447411e-05
5.871835794222447411e-05
5.871835794222447411e-05
5.871835794222447411e-05
5.871835794222447411e-05
5.871835794222447411e-05
5.871835794222447411e-05
5.871835794222447411e-05
5.871835794222447411e-05
5.871835794222447411e-05
5.871835794222447411e-05
5.871835794222447411e-05
5.871835794222447411e-05
5.871835794222447411e-05
5.871835794222447411e-05
5.871835794222447411e-05
5.871835794222447411e-05
5.871835794222447411e-05
5.871835794222447411e-05
5.871835794222447411e-05
5.871835794222447411e-05
5.871835794222447411e-05
5.871835794222447411e-05
5.871835794222447411e-05
5.871835794222447411e-05
5.871835794222447411e-05
5.871835794222447411e-05
6.868624450496218820e-05
7.048195021397608449e-05
7.128543483894594413e-05
7.161577253948417767e-05
7.198468439773402232e-05
7.200000599592715884e-05
7.200000599592715884e-05
7.200000599592715884e-05
7.200000599592715884e-05
7.200000599592715884e-05
7.200000599592715884e-05
7.200000599592715884e-05
7.200000599592715884e-05
7.200000599592715884e-05
7.200000599592715884e-05
7.200000599592715884e-05
7.200000599592715884e-05
7.200000599592715884e-05
7.200000599592715884e-05
7.200000599592715884e-05
7.200000599592715884e-05
7.200000599592715884e-05
7.200000599592715884e-05
7.200000599592715884e-05
7.200000599592715884e-05
7.200000599592715884e-05
7.200000599592715884e-05
7.200000599592715884e-05
7.200000599592715884e-05
7.200000599592715884e-05
7.200000599592715884e-05
7.200000599592715884e-05
7.200000599592715884e-05
7.200000599592715884e-05
7.200000599592715884e-05
7.200000599592715884e-05
7.200000599592715884e-05
7.200000599592715884e-05
7.200000599592715884e-05
7.200000599592715884e-05
7.200000599592715884e-05
7.200000599592715884e-05
7.200000599592715884e-05
7.200000599592715884e-05
7.200000599592715884e-05
7.200000599592715884e-05
7.200000599592715884e-05
7.200000599592715884e-05
7.200000599592715884e-05
7.200000599592715884e-05
7.200000599592715884e-05
7.200000599592715884e-05
7.200000599592715884e-05
7.200000599592715884e-05
7.200000599592715884e-05
7.200000599592715884e-05
7.200000599592715884e-05
7.200000599592715884e-05
7.200000599592715884e-05
7.200000599592715884e-05
7.200000599592715884e-05
7.200000599592715884e-05
7.200000599592715884e-05
7.200000599592715884e-05
7.200000599592715884e-05
7.200000599592715884e-05
7.200000599592715884e-05
7.200000599592715884e-05
7.200000599592715884e-05
7.200000599592715884e-05
7.200000599592715884e-05
7.200000599592715884e-05
8.016862079018224885e-05
8.203376913753362976e-05
8.389542784058515320e-05
8.505122318786336897e-05
8.534833882324178533e-05
8.589582168463014383e-05
8.610212549509974154e-05
8.610663341877483417e-05
8.610663341877483417e-05
8.610663341877483417e-05
8.610663341877483417e-05
8.610663341877483417e-05
8.610663341877483417e-05
8.610663341877483417e-05
8.610663341877483417e-05
8.610663341877483417e-05
8.610663341877483417e-05
8.610663341877483417e-05
8.610663341877483417e-05
8.610663341877483417e-05
8.610663341877483417e-05
8.610663341877483417e-05
8.610663341877483417e-05
8.610663341877483417e-05
8.610663341877483417e-05
8.610663341877483417e-05
8.610663341877483417e-05
8.610663341877483417e-05
8.610663341877483417e-05
8.610663341877483417e-05
8.610663341877483417e-05
8.610663341877483417e-05
8.610663341877483417e-05
8.610663341877483417e-05
8.610663341877483417e-05
8.610663341877483417e-05
8.610663341877483417e-05
8.610663341877483417e-05
8.610663341877483417e-05
8.610663341877483417e-05
8.610663341877483417e-05
8.610663341877483417e-05
8.610663341877483417e-05
8.610663341877483417e-05
8.610663341877483417e-05
8.610663341877483417e-05
8.610663341877483417e-05
8.610663341877483417e-05
8.610663341877483417e-05
8.610663341877483417e-05
8.610663341877483417e-05
8.610663341877483417e-05
8.610663341877483417e-05
8.610663341877483417e-05
8.610663341877483417e-05
8.610663341877483417e-05
8.610663341877483417e-05
8.610663341877483417e-05
8.610663341877483417e-05
8.610663341877483417e-05
8.610663341877483417e-05
8.610663341877483417e-05
8.610663341877483417e-05
8.610663341877483417e-05
8.610663341877483417e-05
8.610663341877483417e-05
8.610663341877483417e-05
8.610663341877483417e-05
8.610663341877483417e-05
8.610663341877483417e-05
8.610663341877483417e-05
8.610663341877483417e-05
9.059938982267635413e-05
9.490767079685800598e-05
9.685471280754530702e-05
9.877227132649761489e-05
1.001817368434612687e-04
1.007522715399941849e-04
1.011493250591745000e-04
1.016373640247229116e-04
1.017193389662723207e-04
1.017199820274400043e-04
1.017199820274400043e-04
1.017199820274400043e-04
1.017199820274400043e-04
1.017199820274400043e-04
1.017199820274400043e-04
1.017199820274400043e-04
1.017199820274400043e-04
1.017199820274400043e-04
1.017199820274400043e-04
1.017199820274400043e-04
1.017199820274400043e-04
1.017199820274400043e-04
1.017199820274400043e-04
1.017199820274400043e-04
1.017199820274400043e-04
1.017199820274400043e-04
1.017199820274400043e-04
1.017199820274400043e-04
1.017199820274400043e-04
1.017199820274400043e-04
1.017199820274400043e-04
1.017199820274400043e-04
1.017199820274400043e-04
1.017199820274400043e-04
1.017199820274400043e-04
1.017199820274400043e-04
1.017199820274400043e-04
1.017199820274400043e-04
1.017199820274400043e-04
1.017199820274400043e-04
1.017199820274400043e-04
1.017199820274400043e-04
1.017199820274400043e-04
1.017199820274400043e-04
1.017199820274400043e-04
1.017199820274400043e-04
1.017199820274400043e-04
1.017199820274400043e-04
1.017199820274400043e-04
1.017199820274400043e-04
1.017199820274400043e-04
1.017199820274400043e-04
1.017199820274400043e-04
1.017199820274400043e-04
1.017199820274400043e-04
1.017199820274400043e-04
1.017199820274400043e-04
1.017199820274400043e-04
1.017199820274400043e-04
1.017199820274400043e-04
1.017199820274400043e-04
1.017199820274400043e-04
1.017199820274400043e-04
1.017199820274400043e-04
1.017199820274400043e-04
1.017199820274400043e-04
1.017199820274400043e-04
1.017199820274400043e-04
1.017199820274400043e-04
1.017199820274400043e-04
1.017199820274400043e-04
1.017199820274400043e-04
9.873047173417298997e-05
1.062926536558894030e-04
1.101754093682208078e-04
1.120874395215606934e-04
1.143306664976351565e-04
1.158611713550181815e-04
1.165629295321695243e-04
1.168630157200745704e-04
1.174800945844865579e-04
1.177552606303202364e-04
1.177929005172790721e-04
1.177930370078659171e-04
1.177930370078659171e-04
1.177930370078659171e-04
1.177930370078659171e-04
1.177930370078659171e-04
1.177930370078659171e-04
1.177930370078659171e-04
1.177930370078659171e-04
1.177930370078659171e-04
1.177930370078659171e-04
1.177930370078659171e-04
1.177930370078659171e-04
1.177930370078659171e-04
1.177930370078659171e-04
1.177930370078659171e-04
1.177930370078659171e-04
1.177930370078659171e-04
1.177930370078659171e-04
1.177930370078659171e-04
1.177930370078659171e-04
1.177930370078659171e-04
1.177930370078659171e-04
1.177930370078659171e-04
1.177930370078659171e-04
1.177930370078659171e-04
1.177930370078659171e-04
1.177930370078659171e-04
1.177930370078659171e-04
1.177930370078659171e-04
1.177930370078659171e-04
1.177930370078659171e-04
1.177930370078659171e-04
1.177930370078659171e-04
1.177930370078659171e-04
1.177930370078659171e-04
1.177930370078659171e-04
1.177930370078659171e-04
1.177930370078659171e-04
1.177930370078659171e-04
1.177930370078659171e-04
1.177930370078659171e-04
1.177930370078659171e-04
1.177930370078659171e-04
1.177930370078659171e-04
1.177930370078659171e-04
1.177930370078659171e-04
1.177930370078659171e-04
1.177930370078659171e-04
1.177930370078659171e-04
1.177930370078659171e-04
1.177930370078659171e-04
1.177930370078659171e-04
1.177930370078659171e-04
1.177930370078659171e-04
1.177930370078659171e-04
1.177930370078659171e-04
1.177930370078659171e-04
1.177930370078659171e-04
1.177930370078659171e-04
1.177930370078659171e-04
1.177930370078659171e-04
1.054539428563686581e-04
1.149087335761489546e-04
1.222635765563813101e-04
1.261205910657221829e-04
1.283352410477620834e-04
1.304113366564763868e-04
1.321909109251753712e-04
1.332286538507457285e-04
1.336345124517641437e-04
1.341240602947377952e-04
1.346594020543506135e-04
1.349010175175333103e-04
1.349128694680788590e-04
1.349128694680788861e-04
1.349128694680788861e-04
1.349128694680788861e-04
1.349128694680788861e-04
1.349128694680788861e-04
1.349128694680788861e-04
1.349128694680788861e-04
1.349128694680788861e-04
1.349128694680788861e-04
1.349128694680788861e-04
1.349128694680788861e-04
1.349128694680788861e-04
1.349128694680788861e-04
1.349128694680788861e-04
1.349128694680788861e-04
1.349128694680788861e-04
1.349128694680788861e-04
1.349128694680788861e-04
1.349128694680788861e-04
1.349128694680788861e-04
1.349128694680788861e-04
1.349128694680788861e-04
1.349128694680788861e-04
1.349128694680788861e-04
1.349128694680788861e-04
1.349128694680788861e-04
1.349128694680788861e-04
1.349128694680788861e-04
1.349128694680788861e-04
1.349128694680788861e-04
1.349128694680788861e-04
1.349128694680788861e-04
1.349128694680788861e-04
1.349128694680788861e-04
1.349128694680788861e-04
1.349128694680788861e-04
1.349128694680788861e-04
1.349128694680788861e-04
1.349128694680788861e-04
1.349128694680788861e-04
1.349128694680788861e-04
1.349128694680788861e-04
1.349128694680788861e-04
1.349128694680788861e-04
1.349128694680788861e-04
1.349128694680788861e-04
1.349128694680788861e-04
1.349128694680788861e-04
1.349128694680788861e-04
1.349128694680788861e-04
1.349128694680788861e-04
1.349128694680788861e-04
1.349128694680788861e-04
1.349128694680788861e-04
1.349128694680788861e-04
1.349128694680788861e-04
1.349128694680788861e-04
1.349128694680788861e-04
1.349128694680788861e-04
1.106210554440944485e-04
1.224172417180150873e-04
1.320593584819092681e-04
1.388468352038564656e-04
1.428218826322743499e-04
1.449469977239119158e-04
1.472792759412306100e-04
1.491739771767767271e-04
1.505009914118171969e-04
1.509939173520802942e-04
1.514054169735593773e-04
1.520683650741949363e-04
1.523995575488762107e-04
1.524574425741252910e-04
1.524590478611762023e-04
1.524590478611762023e-04
1.524590478611762023e-04
1.524590478611762023e-04
1.524590478611762023e-04
1.524590478611762023e-04
1.524590478611762023e-04
1.524590478611762023e-04
1.524590478611762023e-04
1.524590478611762023e-04
1.524590478611762023e-04
1.524590478611762023e-04
1.524590478611762023e-04
1.524590478611762023e-04
1.524590478611762023e-04
1.524590478611762023e-04
1.524590478611762023e-04
1.524590478611762023e-04
1.524590478611762023e-04
1.524590478611762023e-04
1.524590478611762023e-04
1.524590478611762023e-04
1.524590478611762023e-04
1.524590478611762023e-04
1.524590478611762023e-04
1.524590478611762023e-04
1.524590478611762023e-04
1.524590478611762023e-04
1.524590478611762023e-04
1.524590478611762023e-04
1.524590478611762023e-04
1.524590478611762023e-04
1.524590478611762023e-04
1.524590478611762023e-04
1.524590478611762023e-04
1.524590478611762023e-04
1.524590478611762023e-04
1.524590478611762023e-04
1.524590478611762023e-04
1.524590478611762023e-04
1.524590478611762023e-04
1.524590478611762023e-04
1.524590478611762023e-04
1.524590478611762023e-04
1.524590478611762023e-04
1.524590478611762023e-04
1.524590478611762023e-04
1.524590478611762023e-04
1.524590478611762023e-04
1.524590478611762023e-04
1.524590478611762023e-04
1.524590478611762023e-04
1.524590478611762023e-04
1.524590478611762023e-04
1.524590478611762023e-04
1.524590478611762023e-04
1.524590478611762023e-04
1.524590478611762023e-04
1.165404616347392433e-04
1.280175676292981022e-04
1.394085090328457861e-04
1.493915332759500304e-04
1.560206098099440643e-04
1.595628816205201602e-04
1.617516082654642186e-04
1.641908365355040466e-04
1.662790144255873776e-04
1.677274034079220323e-04
1.685279960776017423e-04
1.687739310992312906e-04
1.694360523486106575e-04
1.699939329953176789e-04
1.702048335244071549e-04
1.702433210381416710e-04
1.702436186341659647e-04
1.702436186341659647e-04
1.702436186341659647e-04
1.702436186341659647e-04
1.702436186341659647e-04
1.702436186341659647e-04
1.702436186341659647e-04
1.702436186341659647e-04
1.702436186341659647e-04
1.702436186341659647e-04
1.702436186341659647e-04
1.702436186341659647e-04
1.702436186341659647e-04
1.702436186341659647e-04
1.702436186341659647e-04
1.702436186341659647e-04
1.702436186341659647e-04
1.702436186341659647e-04
1.702436186341659647e-04
1.702436186341659647e-04
1.702436186341659647e-04
1.702436186341659647e-04
1.702436186341659647e-04
1.702436186341659647e-04
1.702436186341659647e-04
1.702436186341659647e-04
1.702436186341659647e-04
1.702436186341659647e-04
1.702436186341659647e-04
1.702436186341659647e-04
1.702436186341659647e-04
1.702436186341659647e-04
1.702436186341659647e-04
1.702436186341659647e-04
1.702436186341659647e-04
1.702436186341659647e-04
1.702436186341659647e-04
1.702436186341659647e-04
1.702436186341659647e-04
1.702436186341659647e-04
1.702436186341659647e-04
1.702436186341659647e-04
1.702436186341659647e-04
1.702436186341659647e-04
1.702436186341659647e-04
1.702436186341659647e-04
1.702436186341659647e-04
1.702436186341659647e-04
1.702436186341659647e-04
1.702436186341659647e-04
1.702436186341659647e-04
1.702436186341659647e-04
1.702436186341659647e-04
1.702436186341659647e-04
1.702436186341659647e-04
1.702436186341659647e-04
1.215288987079312272e-04
1.337065507965679522e-04
1.460576032943193959e-04
1.572277858164165397e-04
1.668412332301984300e-04
1.732039333556999400e-04
1.767447687236246325e-04
1.791351626169921361e-04
1.814111249897867244e-04
1.836959436041019143e-04
1.852411135094258685e-04
1.863684109319859643e-04
1.867571759038191674e-04
1.872846706218550766e-04
1.879480520831939693e-04
1.883605710913118197e-04
1.885405409050525268e-04
1.885622253742848286e-04
1.885622253742848557e-04
1.885622253742848557e-04
1.885622253742848557e-04
1.885622253742848557e-04
1.885622253742848557e-04
1.885622253742848557e-04
1.885622253742848557e-04
1.885622253742848557e-04
1.885622253742848557e-04
1.885622253742848557e-04
1.885622253742848557e-04
1.885622253742848557e-04
1.885622253742848557e-04
1.885622253742848557e-04
1.885622253742848557e-04
1.885622253742848557e-04
1.885622253742848557e-04
1.885622253742848557e-04
1.885622253742848557e-04
1.885622253742848557e-04
1.885622253742848557e-04
1.885622253742848557e-04
1.885622253742848557e-04
1.885622253742848557e-04
1.885622253742848557e-04
1.885622253742848557e-04
1.885622253742848557e-04
1.885622253742848557e-04
1.885622253742848557e-04
1.885622253742848557e-04
1.885622253742848557e-04
1.885622253742848557e-04
1.885622253742848557e-04
1.885622253742848557e-04
1.885622253742848557e-04
1.885622253742848557e-04
1.885622253742848557e-04
1.885622253742848557e-04
1.885622253742848557e-04
1.885622253742848557e-04
1.885622253742848557e-04
1.885622253742848557e-04
1.885622253742848557e-04
1.885622253742848557e-04
1.885622253742848557e-04
1.885622253742848557e-04
1.885622253742848557e-04
1.885622253742848557e-04
1.885622253742848557e-04
1.885622253742848557e-04
1.885622253742848557e-04
1.885622253742848557e-04
1.885622253742848557e-04
1.885622253742848557e-04
1.257966636023322778e-04
1.388089037583328767e-04
1.513523968175934026e-04
1.638683254420157675e-04
1.750139310958058296e-04
1.844588842384395507e-04
1.904307047956980178e-04
1.940563702637011962e-04
1.962939581124424106e-04
1.989345578996930806e-04
2.013106643672489949e-04
2.030003048193133462e-04
2.042801013310000576e-04
2.047288001852264787e-04
2.051648014085822669e-04
2.058961771015715351e-04
2.064107024484245119e-04
2.066784081625443333e-04
2.067310692623470071e-04
2.067314893166858399e-04
2.067314893166858399e-04
2.067314893166858399e-04
2.067314893166858399e-04
2.067314893166858399e-04
2.067314893166858399e-04
2.067314893166858399e-04
2.067314893166858399e-04
2.067314893166858399e-04
2.067314893166858399e-04
2.067314893166858399e-04
2.067314893166858399e-04
2.067314893166858399e-04
2.067314893166858399e-04
2.067314893166858399e-04
2.067314893166858399e-04
2.067314893166858399e-04
2.067314893166858399e-04
2.067314893166858399e-04
2.067314893166858399e-04
2.067314893166858399e-04
2.067314893166858399e-04
2.067314893166858399e-04
2.067314893166858399e-04
2.067314893166858399e-04
2.067314893166858399e-04
2.067314893166858399e-04
2.067314893166858399e-04
2.067314893166858399e-04
2.067314893166858399e-04
2.067314893166858399e-04
2.067314893166858399e-04
2.067314893166858399e-04
2.067314893166858399e-04
2.067314893166858399e-04
2.067314893166858399e-04
2.067314893166858399e-04
2.067314893166858399e-04
2.067314893166858399e-04
2.067314893166858399e-04
2.067314893166858399e-04
2.067314893166858399e-04
2.067314893166858399e-04
2.067314893166858399e-04
2.067314893166858399e-04
2.067314893166858399e-04
2.067314893166858399e-04
2.067314893166858399e-04
2.067314893166858399e-04
2.067314893166858399e-04
2.067314893166858399e-04
2.067314893166858399e-04
2.067314893166858399e-04
1.291559306231564912e-04
1.433633736272803760e-04
1.567556146226153750e-04
1.693340390625316808e-04
1.820103381128807115e-04
1.930212992506349402e-04
2.022296739919449962e-04
2.079958262993312481e-04
2.113212275521436775e-04
2.137010590406401671e-04
2.165490811461158579e-04
2.190886533249444238e-04
2.208530905341849068e-04
2.222282076807482369e-04
2.228654175631688986e-04
2.231868334453172376e-04
2.238843450436362543e-04
2.245349328156900904e-04
2.248735450423528306e-04
2.251013703323825562e-04
2.251302051900037763e-04
2.251302051900038034e-04
2.251302051900038034e-04
2.251302051900038034e-04
2.251302051900038034e-04
2.251302051900038034e-04
2.251302051900038034e-04
2.251302051900038034e-04
2.251302051900038034e-04
2.251302051900038034e-04
2.251302051900038034e-04
2.251302051900038034e-04
2.251302051900038034e-04
2.251302051900038034e-04
2.251302051900038034e-04
2.251302051900038034e-04
2.251302051900038034e-04
2.251302051900038034e-04
2.251302051900038034e-04
2.251302051900038034e-04
2.251302051900038034e-04
2.251302051900038034e-04
2.251302051900038034e-04
2.251302051900038034e-04
2.251302051900038034e-04
2.251302051900038034e-04
2.251302051900038034e-04
2.251302051900038034e-04
2.251302051900038034e-04
2.251302051900038034e-04
2.251302051900038034e-04
2.251302051900038034e-04
2.251302051900038034e-04
2.251302051900038034e-04
2.251302051900038034e-04
2.251302051900038034e-04
2.251302051900038034e-04
2.251302051900038034e-04
2.251302051900038034e-04
2.251302051900038034e-04
2.251302051900038034e-04
2.251302051900038034e-04
2.251302051900038034e-04
2.251302051900038034e-04
2.251302051900038034e-04
2.251302051900038034e-04
2.251302051900038034e-04
2.251302051900038034e-04
2.251302051900038034e-04
2.251302051900038034e-04
2.251302051900038034e-04
2.251302051900038034e-04
1.309377348185392651e-04
1.474026681071695052e-04
1.610908340113660631e-04
1.746191193883060342e-04
1.878701785901987025e-04
1.997611737547126448e-04
2.113977754548153191e-04
2.200479045273230671e-04
2.256882900850542422e-04
2.288416240888995639e-04
2.311559077838571774e-04
2.339102640063730120e-04
2.366222435460303198e-04
2.385288649269677792e-04
2.399653195222629476e-04
2.409847989974512586e-04
2.412842540438283755e-04
2.419127113223278329e-04
2.426622787878586994e-04
2.431250083751864636e-04
2.435150821783458631e-04
2.436227277057025878e-04
2.436353427894298921e-04
2.436353427894298921e-04
2.436353427894298921e-04
2.436353427894298921e-04
2.436353427894298921e-04
2.436353427894298921e-04
2.436353427894298921e-04
2.436353427894298921e-04
2.436353427894298921e-04
2.436353427894298921e-04
2.436353427894298921e-04
2.436353427894298921e-04
2.436353427894298921e-04
2.436353427894298921e-04
2.436353427894298921e-04
2.436353427894298921e-04
2.436353427894298921e-04
2.436353427894298921e-04
2.436353427894298921e-04
2.436353427894298921e-04
2.436353427894298921e-04
2.436353427894298921e-04
2.436353427894298921e-04
2.436353427894298921e-04
2.436353427894298921e-04
2.436353427894298921e-04
2.436353427894298921e-04
2.436353427894298921e-04
2.436353427894298921e-04
2.436353427894298921e-04
2.436353427894298921e-04
2.436353427894298921e-04
2.436353427894298921e-04
2.436353427894298921e-04
2.436353427894298921e-04
2.436353427894298921e-04
2.436353427894298921e-04
2.436353427894298921e-04
2.436353427894298921e-04
2.436353427894298921e-04
2.436353427894298921e-04
2.436353427894298921e-04
2.436353427894298921e-04
2.436353427894298921e-04
2.436353427894298921e-04
2.436353427894298921e-04
2.436353427894298921e-04
2.436353427894298921e-04
2.436353427894298921e-04
2.436353427894298921e-04
1.319273274195467693e-04
1.504435050298891610e-04
1.649258043533015318e-04
1.794380378724303154e-04
1.926001822874901892e-04
2.060096061391037520e-04
2.183936118950846172e-04
2.294576879469707883e-04
2.379038386725563993e-04
2.431247080670249331e-04
2.462094697545340457e-04
2.484963130501751521e-04
2.515214850984865465e-04
2.542650225711295823e-04
2.563042249363654910e-04
2.579035087721882522e-04
2.591299544734414510e-04
2.595258719305101403e-04
2.600400753994064557e-04
2.608115807979016418e-04
2.613749631289146564e-04
2.618005688784214415e-04
2.620420336334921326e-04
2.620775481020742436e-04
2.620781557739476761e-04
2.620781557739476761e-04
2.620781557739476761e-04
2.620781557739476761e-04
2.620781557739476761e-04
2.620781557739476761e-04
2.620781557739476761e-04
2.620781557739476761e-04
2.620781557739476761e-04
2.620781557739476761e-04
2.620781557739476761e-04
2.620781557739476761e-04
2.620781557739476761e-04
2.620781557739476761e-04
2.620781557739476761e-04
2.620781557739476761e-04
2.620781557739476761e-04
2.620781557739476761e-04
2.620781557739476761e-04
2.620781557739476761e-04
2.620781557739476761e-04
2.620781557739476761e-04
2.620781557739476761e-04
2.620781557739476761e-04
2.620781557739476761e-04
2.620781557739476761e-04
2.620781557739476761e-04
2.620781557739476761e-04
2.620781557739476761e-04
2.620781557739476761e-04
2.620781557739476761e-04
2.620781557739476761e-04
2.620781557739476761e-04
2.620781557739476761e-04
2.620781557739476761e-04
2.620781557739476761e-04
2.620781557739476761e-04
2.620781557739476761e-04
2.620781557739476761e-04
2.620781557739476761e-04
2.620781557739476761e-04
2.620781557739476761e-04
2.620781557739476761e-04
2.620781557739476761e-04
2.620781557739476761e-04
2.620781557739476761e-04
2.620781557739476761e-04
2.620781557739476761e-04
1.332198643201079028e-04
1.520580299150795824e-04
1.690518166018160928e-04
1.833090383461451504e-04
1.979529748851518718e-04
2.115365775267170304e-04
2.243586485190747547e-04
2.367667286875839493e-04
2.478509638809989223e-04
2.557284741509646274e-04
2.609676374052388574e-04
2.638268802509319234e-04
2.662461241122319241e-04
2.693978707188199578e-04
2.723061846585737421e-04
2.744707894353473534e-04
2.761416766448079310e-04
2.773856012076172202e-04
2.780191981537954104e-04
2.783287438722341508e-04
2.791534176060917177e-04
2.798394786445377301e-04
2.803067045714316028e-04
2.806268102551269560e-04
2.807580241882934964e-04
2.807736750578351554e-04
2.807736750578352096e-04
2.807736750578352096e-04
2.807736750578352096e-04
2.807736750578352096e-04
2.807736750578352096e-04
2.807736750578352096e-04
2.807736750578352096e-04
2.807736750578352096e-04
2.807736750578352096e-04
2.807736750578352096e-04
2.807736750578352096e-04
2.807736750578352096e-04
2.807736750578352096e-04
2.807736750578352096e-04
2.807736750578352096e-04
2.807736750578352096e-04
2.807736750578352096e-04
2.807736750578352096e-04
2.807736750578352096e-04
2.807736750578352096e-04
2.807736750578352096e-04
2.807736750578352096e-04
2.807736750578352096e-04
2.807736750578352096e-04
2.807736750578352096e-04
2.807736750578352096e-04
2.807736750578352096e-04
2.807736750578352096e-04
2.807736750578352096e-04
2.807736750578352096e-04
2.807736750578352096e-04
2.807736750578352096e-04
2.807736750578352096e-04
2.807736750578352096e-04
2.807736750578352096e-04
2.807736750578352096e-04
2.807736750578352096e-04
2.807736750578352096e-04
2.807736750578352096e-04
2.807736750578352096e-04
2.807736750578352096e-04
2.807736750578352096e-04
2.807736750578352096e-04
2.807736750578352096e-04
2.807736750578352096e-04
2.807736750578352096e-04
1.344723154467617659e-04
1.530819833249035520e-04
1.719182170790350484e-04
1.869765571690419083e-04
2.018948360303266074e-04
2.157902140280742813e-04
2.299362617247843168e-04
2.430687234716175592e-04
2.554554787025811822e-04
2.660892306774583155e-04
2.735325745411757532e-04
2.783891516920438888e-04
2.811459474996196766e-04
2.835261957657807383e-04
2.869068057629642387e-04
2.899218422690131116e-04
2.921183894554175791e-04
2.938685468053943385e-04
2.952524823048220280e-04
2.959428434254438999e-04
2.962686719135732591e-04
2.971320103599619936e-04
2.978651260017995653e-04
2.983050586149340439e-04
2.986804555890727134e-04
2.989534584818003991e-04
2.990255376919754887e-04
2.990424255155588922e-04
2.990424255155588922e-04
2.990424255155588922e-04
2.990424255155588922e-04
2.990424255155588922e-04
2.990424255155588922e-04
2.990424255155588922e-04
2.990424255155588922e-04
2.990424255155588922e-04
2.990424255155588922e-04
2.990424255155588922e-04
2.990424255155588922e-04
2.990424255155588922e-04
2.990424255155588922e-04
2.990424255155588922e-04
2.990424255155588922e-04
2.990424255155588922e-04
2.990424255155588922e-04
2.990424255155588922e-04
2.990424255155588922e-04
2.990424255155588922e-04
2.990424255155588922e-04
2.990424255155588922e-04
2.990424255155588922e-04
2.990424255155588922e-04
2.990424255155588922e-04
2.990424255155588922e-04
2.990424255155588922e-04
2.990424255155588922e-04
2.990424255155588922e-04
2.990424255155588922e-04
2.990424255155588922e-04
2.990424255155588922e-04
2.990424255155588922e-04
2.990424255155588922e-04
2.990424255155588922e-04
2.990424255155588922e-04
2.990424255155588922e-04
2.990424255155588922e-04
2.990424255155588922e-04
2.990424255155588922e-04
2.990424255155588922e-04
2.990424255155588922e-04
2.990424255155588922e-04
2.990424255155588922e-04
1.354530831601160332e-04
1.544685472148226617e-04
1.737254131352584062e-04
1.906652003482975952e-04
2.056076326492212441e-04
2.208497514851784870e-04
2.345186837283540920e-04
2.483672882460481127e-04
2.615003912860551115e-04
2.738535944044260791e-04
2.839868451902170365e-04
2.913020287066557697e-04
2.959649875424652976e-04
2.985846451408402853e-04
3.011110600896570026e-04
3.044554606659564695e-04
3.075727923922483222e-04
3.099205111153159110e-04
3.117078743437604678e-04
3.132947765960854389e-04
3.141188715638737559e-04
3.144533096461112889e-04
3.150587687993874376e-04
3.159347848263996980e-04
3.165439368178001684e-04
3.170205479442213519e-04
3.173696468344567819e-04
3.175093258460213335e-04
3.175554057386203999e-04
3.175562010840258208e-04
3.175562010840258208e-04
3.175562010840258208e-04
3.175562010840258208e-04
3.175562010840258208e-04
3.175562010840258208e-04
3.175562010840258208e-04
3.175562010840258208e-04
3.175562010840258208e-04
3.175562010840258208e-04
3.175562010840258208e-04
3.175562010840258208e-04
3.175562010840258208e-04
3.175562010840258208e-04
3.175562010840258208e-04
3.175562010840258208e-04
3.175562010840258208e-04
3.175562010840258208e-04
3.175562010840258208e-04
3.175562010840258208e-04
3.175562010840258208e-04
3.175562010840258208e-04
3.175562010840258208e-04
3.175562010840258208e-04
3.175562010840258208e-04
3.175562010840258208e-04
3.175562010840258208e-04
3.175562010840258208e-04
3.175562010840258208e-04
3.175562010840258208e-04
3.175562010840258208e-04
3.175562010840258208e-04
3.175562010840258208e-04
3.175562010840258208e-04
3.175562010840258208e-04
3.175562010840258208e-04
3.175562010840258208e-04
3.175562010840258208e-04
3.175562010840258208e-04
3.175562010840258208e-04
3.175562010840258208e-04
3.175562010840258208e-04
3.175562010840258208e-04
1.367425747011791421e-04
1.552999907882552776e-04
1.744666677045894198e-04
1.936056213983251980e-04
2.086534392559837145e-04
2.241645297397109769e-04
2.389931132361572473e-04
2.536572636336943166e-04
2.675747953831720009e-04
2.805811565982806372e-04
2.926117858555447220e-04
3.021340122286108286e-04
3.091707971536598637e-04
3.136819014105700007e-04
3.165378608703518196e-04
3.189479200060675655e-04
3.224283688170765261e-04
3.255462201183932560e-04
3.279269791377009626e-04
3.301082830550167808e-04
3.315422758006668011e-04
3.328576874532943107e-04
3.333036532740041367e-04
3.336786935834622691e-04
3.346348760834980053e-04
3.352586411106619080e-04
3.358695803903926258e-04
3.363007274057129093e-04
3.365043455965458495e-04
3.366031947511493867e-04
3.366088446674214154e-04
3.366088446674214154e-04
3.366088446674214154e-04
3.366088446674214154e-04
3.366088446674214154e-04
3.366088446674214154e-04
3.366088446674214154e-04
3.366088446674214154e-04
3.366088446674214154e-04
3.366088446674214154e-04
3.366088446674214154e-04
3.366088446674214154e-04
3.366088446674214154e-04
3.366088446674214154e-04
3.366088446674214154e-04
3.366088446674214154e-04
3.366088446674214154e-04
3.366088446674214154e-04
3.366088446674214154e-04
3.366088446674214154e-04
3.366088446674214154e-04
3.366088446674214154e-04
3.366088446674214154e-04
3.366088446674214154e-04
3.366088446674214154e-04
3.366088446674214154e-04
3.366088446674214154e-04
3.366088446674214154e-04
3.366088446674214154e-04
3.366088446674214154e-04
3.366088446674214154e-04
3.366088446674214154e-04
3.366088446674214154e-04
3.366088446674214154e-04
3.366088446674214154e-04
3.366088446674214154e-04
3.366088446674214154e-04
3.366088446674214154e-04
3.366088446674214154e-04
3.366088446674214154e-04
3.366088446674214154e-04
3.366088446674214154e-04
1.381766785691421467e-04
1.564926361160027461e-04
1.751672724344171465e-04
1.951451711996308905e-04
2.120837399675930951e-04
2.274971563927483684e-04
2.430234813053334052e-04
2.573890550138823504e-04
2.718842774194823661e-04
2.862706457359775287e-04
2.993845964260313710e-04
3.117443133981071912e-04
3.204422701258194915e-04
3.274088743492563607e-04
3.312870661969538849e-04
3.333649986771913473e-04
3.361158666869060565e-04
3.401261802308817080e-04
3.431153096896425933e-04
3.458992131789510437e-04
3.478321639863570045e-04
3.496522795950457842e-04
3.506171340496657979e-04
3.509589382013992296e-04
3.515430350707540860e-04
3.525103500604032428e-04
3.531461285276190861e-04
3.537163920675999700e-04
3.540347116453032659e-04
3.543136032850854964e-04
3.544476189392168036e-04
3.544681236898894754e-04
3.544690517179355412e-04
3.544690517179355412e-04
3.544690517179355412e-04
3.544690517179355412e-04
3.544690517179355412e-04
3.544690517179355412e-04
3.544690517179355412e-04
3.544690517179355412e-04
3.544690517179355412e-04
3.544690517179355412e-04
3.544690517179355412e-04
3.544690517179355412e-04
3.544690517179355412e-04
3.544690517179355412e-04
3.544690517179355412e-04
3.544690517179355412e-04
3.544690517179355412e-04
3.544690517179355412e-04
3.544690517179355412e-04
3.544690517179355412e-04
3.544690517179355412e-04
3.544690517179355412e-04
3.544690517179355412e-04
3.544690517179355412e-04
3.544690517179355412e-04
3.544690517179355412e-04
3.544690517179355412e-04
3.544690517179355412e-04
3.544690517179355412e-04
3.544690517179355412e-04
3.544690517179355412e-04
3.544690517179355412e-04
3.544690517179355412e-04
3.544690517179355412e-04
3.544690517179355412e-04
3.544690517179355412e-04
3.544690517179355412e-04
3.544690517179355412e-04
3.544690517179355412e-04
3.544690517179355412e-04
1.401930692304850237e-04
1.570784616764488097e-04
1.757641424963200479e-04
1.957892791210699582e-04
2.145324202546900958e-04
2.302069843808421639e-04
2.459452605536220442e-04
2.615622649477028971e-04
2.765400257153712710e-04
2.904893206829912327e-04
3.042885299223975189e-04
3.178391811812957598e-04
3.293010621822951714e-04
3.378309562761114748e-04
3.443759836060908994e-04
3.485181118696511018e-04
3.510333847358964058e-04
3.534375074010603066e-04
3.572230455448598130e-04
3.604670198600734956e-04
3.629298526325874796e-04
3.654196767339537794e-04
3.671337446683115078e-04
3.684619531345808587e-04
3.692062739870252490e-04
3.694234180725018192e-04
3.702792389850175902e-04
3.711247703516131402e-04
3.717467057423430934e-04
3.722802885216925468e-04
3.725972189232933498e-04
3.728738085558580832e-04
3.729892105620240370e-04
3.730399046100225545e-04
3.730462819048515461e-04
3.730462819048515461e-04
3.730462819048515461e-04
3.730462819048515461e-04
3.730462819048515461e-04
3.730462819048515461e-04
3.730462819048515461e-04
3.730462819048515461e-04
3.730462819048515461e-04
3.730462819048515461e-04
3.730462819048515461e-04
3.730462819048515461e-04
3.730462819048515461e-04
3.730462819048515461e-04
3.730462819048515461e-04
3.730462819048515461e-04
3.730462819048515461e-04
3.730462819048515461e-04
3.730462819048515461e-04
3.730462819048515461e-04
3.730462819048515461e-04
3.730462819048515461e-04
3.730462819048515461e-04
3.730462819048515461e-04
3.730462819048515461e-04
3.730462819048515461e-04
3.730462819048515461e-04
3.730462819048515461e-04
3.730462819048515461e-04
3.730462819048515461e-04
3.730462819048515461e-04
3.730462819048515461e-04
3.730462819048515461e-04
3.730462819048515461e-04
3.730462819048515461e-04
3.730462819048515461e-04
3.730462819048515461e-04
3.730462819048515461e-04
1.426784759047944459e-04
1.581588435570365999e-04
1.764262940616491708e-04
1.964792628556496818e-04
2.159660666146202314e-04
2.333905063670058751e-04
2.489274300121781247e-04
2.652009528765201423e-04
2.803618819545723295e-04
2.958793930298426436e-04
3.102015297702298210e-04
3.232669974915806585e-04
3.361277054267554506e-04
3.471974720628964121e-04
3.557286888652819081e-04
3.621356070438353121e-04
3.659833790373051869e-04
3.688759538974166843e-04
3.715311448609500897e-04
3.748163251473627939e-04
3.783917584738317585e-04
3.810740751100820172e-04
3.831596782483835586e-04
3.853273357308035964e-04
3.868358738342981933e-04
3.878281347811659381e-04
3.883162566910971841e-04
3.887438470523285486e-04
3.895455874720085243e-04
3.903930312536218702e-04
3.910921459263832839e-04
3.914881853495935865e-04
3.918180323570159872e-04
3.921075326514302244e-04
3.921619409123364630e-04
3.921687913298576829e-04
3.921687913298576829e-04
3.921687913298576829e-04
3.921687913298576829e-04
3.921687913298576829e-04
3.921687913298576829e-04
3.921687913298576829e-04
3.921687913298576829e-04
3.921687913298576829e-04
3.921687913298576829e-04
3.921687913298576829e-04
3.921687913298576829e-04
3.921687913298576829e-04
3.921687913298576829e-04
3.921687913298576829e-04
3.921687913298576829e-04
3.921687913298576829e-04
3.921687913298576829e-04
3.921687913298576829e-04
3.921687913298576829e-04
3.921687913298576829e-04
3.921687913298576829e-04
3.921687913298576829e-04
3.921687913298576829e-04
3.921687913298576829e-04
3.921687913298576829e-04
3.921687913298576829e-04
3.921687913298576829e-04
3.921687913298576829e-04
3.921687913298576829e-04
3.921687913298576829e-04
3.921687913298576829e-04
3.921687913298576829e-04
3.921687913298576829e-04
3.921687913298576829e-04
3.921687913298576829e-04
3.921687913298576829e-04
1.444223076002811100e-04
1.600028301419325347e-04
1.786114019108793482e-04
1.976891059123089497e-04
2.172285140915541316e-04
2.356364753103159051e-04
2.516113682725650046e-04
2.685112504440703533e-04
2.847091992377607443e-04
2.993498352270472160e-04
3.138503021528864364e-04
3.283140941634560186e-04
3.429391350173284850e-04
3.559610509823847796e-04
3.661630825401279688e-04
3.738747065000463509e-04
3.805156055646820019e-04
3.839632967170217986e-04
3.856844237395975713e-04
3.887955967411832621e-04
3.928839574819916543e-04
3.962264353700231927e-04
3.990901688548006412e-04
4.014678814770153729e-04
4.034593465673759266e-04
4.050038092522203819e-04
4.058611099392285472e-04
4.061265405094213266e-04
4.068434254579868692e-04
4.077827160563130189e-04
4.084883131020920332e-04
4.090086912666821180e-04
4.096165998478020344e-04
4.099197702957153595e-04
4.100931046215281752e-04
4.101516414069175252e-04
4.101590160688398904e-04
4.101590160688398361e-04
4.101590160688398361e-04
4.101590160688398361e-04
4.101590160688398361e-04
4.101590160688398361e-04
4.101590160688398361e-04
4.101590160688398361e-04
4.101590160688398361e-04
4.101590160688398361e-04
4.101590160688398361e-04
4.101590160688398361e-04
4.101590160688398361e-04
4.101590160688398361e-04
4.101590160688398361e-04
4.101590160688398361e-04
4.101590160688398361e-04
4.101590160688398361e-04
4.101590160688398361e-04
4.101590160688398361e-04
4.101590160688398361e-04
4.101590160688398361e-04
4.101590160688398361e-04
4.101590160688398361e-04
4.101590160688398361e-04
4.101590160688398361e-04
4.101590160688398361e-04
4.101590160688398361e-04
4.101590160688398361e-04
4.101590160688398361e-04
4.101590160688398361e-04
4.101590160688398361e-04
4.101590160688398361e-04
4.101590160688398361e-04
4.101590160688398361e-04
4.101590160688398361e-04
1.461171932613101912e-04
1.623852448002771067e-04
1.789232975419204584e-04
1.979581853804970632e-04
2.179961563386870638e-04
2.370558946950953672e-04
2.547178385940369926e-04
2.703097574116844677e-04
2.867964754210333483e-04
3.027498570115568248e-04
3.186942879318062274e-04
3.329741213580494647e-04
3.472407600163019163e-04
3.612191304720474170e-04
3.739632173184505044e-04
3.839804967600155754e-04
3.917670301040463766e-04
3.979836839198031971e-04
4.011314072747182284e-04
4.032518350272005754e-04
4.061911839004267075e-04
4.101360414120360908e-04
4.137028065191428704e-04
4.165000597867207538e-04
4.189202529888178092e-04
4.211456377419110862e-04
4.228002870413105109e-04
4.239545752377023476e-04
4.245241871893836935e-04
4.247090026965686109e-04
4.255368390827614020e-04
4.264732682615963348e-04
4.272659689680319197e-04
4.278209417365171985e-04
4.282232194966635033e-04
4.285380137274171072e-04
4.287185615044847515e-04
4.287796450769689556e-04
4.287873483326386931e-04
4.287873483326386931e-04
4.287873483326386931e-04
4.287873483326386931e-04
4.287873483326386931e-04
4.287873483326386931e-04
4.287873483326386931e-04
4.287873483326386931e-04
4.287873483326386931e-04
4.287873483326386931e-04
4.287873483326386931e-04
4.287873483326386931e-04
4.287873483326386931e-04
4.287873483326386931e-04
4.287873483326386931e-04
4.287873483326386931e-04
4.287873483326386931e-04
4.287873483326386931e-04
4.287873483326386931e-04
4.287873483326386931e-04
4.287873483326386931e-04
4.287873483326386931e-04
4.287873483326386931e-04
4.287873483326386931e-04
4.287873483326386931e-04
4.287873483326386931e-04
4.287873483326386931e-04
4.287873483326386931e-04
4.287873483326386931e-04
4.287873483326386931e-04
4.287873483326386931e-04
4.287873483326386931e-04
4.287873483326386931e-04
4.287873483326386931e-04
1.495525075009719726e-04
1.638220080790979286e-04
1.804636498271126486e-04
1.986852291006375353e-04
2.183736030284275174e-04
2.383293048378633814e-04
2.569970826096728113e-04
2.732006435109352125e-04
2.890831080284859880e-04
3.059183727764384821e-04
3.219026969820276978e-04
3.375999368623967475e-04
3.518125902754837774e-04
3.660085146765940643e-04
3.798686720757009209e-04
3.917389358534085304e-04
4.013660588960667403e-04
4.091399572137979041e-04
4.149836309697100276e-04
4.182899075476792798e-04
4.209535053967046903e-04
4.237058277504455214e-04
4.271804925438485207e-04
4.305574163588368709e-04
4.334870986323505833e-04
4.359597362912302743e-04
4.380925043227002521e-04
4.400275769037842455e-04
4.415046623979797355e-04
4.425740153847561266e-04
4.429216633772645618e-04
4.433425752516208587e-04
4.442769912422531685e-04
4.451648531189546665e-04
4.458293549321904262e-04
4.463167450612082459e-04
4.467320256782945920e-04
4.470584024654409802e-04
4.472461174926717267e-04
4.473097279931761137e-04
4.473177570596066546e-04
4.473177570596066003e-04
4.473177570596066003e-04
4.473177570596066003e-04
4.473177570596066003e-04
4.473177570596066003e-04
4.473177570596066003e-04
4.473177570596066003e-04
4.473177570596066003e-04
4.473177570596066003e-04
4.473177570596066003e-04
4.473177570596066003e-04
4.473177570596066003e-04
4.473177570596066003e-04
4.473177570596066003e-04
4.473177570596066003e-04
4.473177570596066003e-04
4.473177570596066003e-04
4.473177570596066003e-04
4.473177570596066003e-04
4.473177570596066003e-04
4.473177570596066003e-04
4.473177570596066003e-04
4.473177570596066003e-04
4.473177570596066003e-04
4.473177570596066003e-04
4.473177570596066003e-04
4.473177570596066003e-04
4.473177570596066003e-04
4.473177570596066003e-04
4.473177570596066003e-04
4.473177570596066003e-04
1.512047946314617303e-04
1.653292749711793731e-04
1.813256743736394263e-04
1.987306421737138800e-04
2.182198588609195503e-04
2.386463872368530079e-04
2.584778244452116025e-04
2.762056896514066906e-04
2.917793446090160593e-04
3.090596315927925889e-04
3.251644092450543680e-04
3.408289482053761385e-04
3.560084223262844011e-04
3.705615222774115772e-04
3.852352668770251927e-04
3.985972154817221929e-04
4.101316023036754069e-04
4.194381596551346038e-04
4.268401467506883150e-04
4.328883329477969705e-04
4.358208969343293376e-04
4.376963604870398009e-04
4.408448571959891807e-04
4.448573757218304381e-04
4.485187061213410497e-04
4.515029990060312210e-04
4.539747256312704577e-04
4.562375950752749882e-04
4.582380157249535922e-04
4.596718373619633892e-04
4.604682023491794146e-04
4.606929600538216653e-04
4.612912836679918319e-04
4.622671375514023811e-04
4.631550604368655068e-04
4.637683463757004019e-04
4.642938613460138365e-04
4.647027309973183920e-04
4.650470359637357953e-04
4.652454801852937984e-04
4.653127979905274502e-04
4.653212988583840977e-04
4.653212988583841519e-04
4.653212988583841519e-04
4.653212988583841519e-04
4.653212988583841519e-04
4.653212988583841519e-04
4.653212988583841519e-04
4.653212988583841519e-04
4.653212988583841519e-04
4.653212988583841519e-04
4.653212988583841519e-04
4.653212988583841519e-04
4.653212988583841519e-04
4.653212988583841519e-04
4.653212988583841519e-04
4.653212988583841519e-04
4.653212988583841519e-04
4.653212988583841519e-04
4.653212988583841519e-04
4.653212988583841519e-04
4.653212988583841519e-04
4.653212988583841519e-04
4.653212988583841519e-04
4.653212988583841519e-04
4.653212988583841519e-04
4.653212988583841519e-04
4.653212988583841519e-04
4.653212988583841519e-04
4.653212988583841519e-04
4.653212988583841519e-04
4.653212988583841519e-04
1.537739633041823595e-04
1.681587249605886970e-04
1.845018290426753041e-04
2.006190109168913582e-04
2.190575091588830648e-04
2.392718001758945858e-04
2.593042477370160375e-04
2.777996966865764993e-04
2.947725535613410826e-04
3.117030309966682656e-04
3.278313448720121320e-04
3.448824837225845799e-04
3.612367052303511357e-04
3.757331703806760415e-04
3.911860668903784544e-04
4.056674664249257725e-04
4.183814159620801061e-04
4.295956302640159541e-04
4.384775651965743264e-04
4.459140410352959837e-04
4.516221139101745806e-04
4.542341365743227891e-04
4.559977074536030557e-04
4.593801372375454477e-04
4.636001188152614420e-04
4.672541514233984061e-04
4.703412737149542276e-04
4.729442031357294733e-04
4.750984907566187980e-04
4.769652516419039135e-04
4.784246780022888322e-04
4.794851900521891362e-04
4.797124784255875894e-04
4.802926991607207484e-04
4.812854132060919257e-04
4.822277099410123393e-04
4.829306275203499861e-04
4.834649126010342026e-04
4.839228998595822132e-04
4.842852158336800189e-04
4.844944320212086022e-04
4.845654702908659358e-04
4.845744444851249073e-04
4.845744444851248531e-04
4.845744444851248531e-04
4.845744444851248531e-04
4.845744444851248531e-04
4.845744444851248531e-04
4.845744444851248531e-04
4.845744444851248531e-04
4.845744444851248531e-04
4.845744444851248531e-04
4.845744444851248531e-04
4.845744444851248531e-04
4.845744444851248531e-04
4.845744444851248531e-04
4.845744444851248531e-04
4.845744444851248531e-04
4.845744444851248531e-04
4.845744444851248531e-04
4.845744444851248531e-04
4.845744444851248531e-04
4.845744444851248531e-04
4.845744444851248531e-04
4.845744444851248531e-04
4.845744444851248531e-04
4.845744444851248531e-04
4.845744444851248531e-04
4.845744444851248531e-04
4.845744444851248531e-04
4.845744444851248531e-04
4.845744444851248531e-04
1.557430732000714547e-04
1.695253869689235531e-04
1.849583811337411718e-04
2.017886566580113052e-04
2.207071996903517646e-04
2.400165128103795152e-04
2.599520865543812100e-04
2.799595028392921035e-04
2.980886426565524955e-04
3.139765096153096860e-04
3.311346659451894735e-04
3.479596975832651394e-04
3.635622834618539782e-04
3.790344683441945793e-04
3.931622804895809034e-04
4.076709587270513119e-04
4.221939064354452722e-04
4.353216363530434626e-04
4.461712310949774449e-04
4.547055493018845951e-04
4.619597329684231113e-04
4.671897487402880476e-04
4.698667682944303444e-04
4.724716494334407508e-04
4.754460414747393613e-04
4.793070467739491856e-04
4.830344158644597546e-04
4.859502721282198817e-04
4.885649917167169190e-04
4.908739715345908014e-04
4.931062717246630523e-04
4.948618991630286245e-04
4.959438836796626390e-04
4.968062028112721438e-04
4.970965464279537057e-04
4.975524167698506823e-04
4.984995675500046184e-04
4.993520419144553040e-04
5.000356563558489226e-04
5.006454499817893262e-04
5.011434346075239153e-04
5.015690225320408981e-04
5.018648302270429075e-04
5.019810895304106227e-04
5.020234800759341802e-04
5.020326677999630265e-04
5.020326677999630265e-04
5.020326677999630265e-04
5.020326677999630265e-04
5.020326677999630265e-04
5.020326677999630265e-04
5.020326677999630265e-04
5.020326677999630265e-04
5.020326677999630265e-04
5.020326677999630265e-04
5.020326677999630265e-04
5.020326677999630265e-04
5.020326677999630265e-04
5.020326677999630265e-04
5.020326677999630265e-04
5.020326677999630265e-04
5.020326677999630265e-04
5.020326677999630265e-04
5.020326677999630265e-04
5.020326677999630265e-04
5.020326677999630265e-04
5.020326677999630265e-04
5.020326677999630265e-04
5.020326677999630265e-04
5.020326677999630265e-04
5.020326677999630265e-04
5.020326677999630265e-04
1.570454218340923945e-04
1.713288176783102574e-04
1.867848077102684666e-04
2.028889486193480578e-04
2.213330675259741684e-04
2.406386615633156266e-04
2.606168446621889606e-04
2.798793269309927164e-04
2.990629175982451667e-04
3.156828641237833426e-04
3.329036223953031094e-04
3.488706582856122580e-04
3.652185644170637038e-04
3.820602684345032339e-04
3.973762666746062915e-04
4.124226403947709200e-04
4.271851542492164917e-04
4.410569371477717653e-04
4.534894648725562019e-04
4.643990625382466591e-04
4.728041061056664708e-04
4.795528041343646245e-04
4.846527626387347370e-04
4.872066195650635433e-04
4.894412486990478654e-04
4.926627329511136955e-04
4.965069058525344416e-04
5.002562682655940134e-04
5.034885618190993416e-04
5.060837636271799892e-04
5.085619225673771327e-04
5.108507526744140905e-04
5.124896083781214050e-04
5.138129448871090865e-04
5.147809559608523084e-04
5.150113995896909861e-04
5.155595289084217948e-04
5.164690221623350957e-04
5.172540673680981653e-04
5.180908917430419522e-04
5.187270245280851521e-04
5.192470693362067225e-04
5.196927331113470033e-04
5.198690497417979804e-04
5.200934201432354242e-04
5.201697668680101876e-04
5.201794229601111163e-04
5.201794229601111163e-04
5.201794229601111163e-04
5.201794229601111163e-04
5.201794229601111163e-04
5.201794229601111163e-04
5.201794229601111163e-04
5.201794229601111163e-04
5.201794229601111163e-04
5.201794229601111163e-04
5.201794229601111163e-04
5.201794229601111163e-04
5.201794229601111163e-04
5.201794229601111163e-04
5.201794229601111163e-04
5.201794229601111163e-04
5.201794229601111163e-04
5.201794229601111163e-04
5.201794229601111163e-04
5.201794229601111163e-04
5.201794229601111163e-04
5.201794229601111163e-04
5.201794229601111163e-04
5.201794229601111163e-04
5.201794229601111163e-04
5.201794229601111163e-04
1.584002122598498347e-04
1.745976632625940669e-04
1.900959794619555402e-04
2.068162402861730862e-04
2.227929652995439696e-04
2.414185133312405772e-04
2.621064962723862100e-04
2.826754311795286862e-04
3.009502495536948985e-04
3.193582144368493545e-04
3.361346190862296861e-04
3.525974904848344551e-04
3.688852790457950457e-04
3.862110243268885050e-04
4.031221477181580796e-04
4.185007907376494390e-04
4.325359646014297695e-04
4.478631756456422953e-04
4.620957760488927230e-04
4.742002616819963098e-04
4.842059912341733314e-04
4.921943914662070497e-04
4.994001125314520345e-04
5.040943953248379307e-04
5.064762662319779313e-04
5.084103490114342747e-04
5.119195856872749400e-04
5.161499272342806024e-04
5.196042026774721437e-04
5.229246354099424589e-04
5.258942239926841589e-04
5.283928794527410246e-04
5.301416881229648916e-04
5.323411671140871942e-04
5.338602818512613391e-04
5.345709422794923341e-04
5.347335453014473525e-04
5.353720043916645457e-04
5.364147185180007712e-04
5.372143145671871281e-04
5.379541953629724286e-04
5.386168254629833483e-04
5.391590503470868436e-04
5.395998744105581562e-04
5.398094533876945022e-04
5.400445284549369772e-04
5.401245687922725126e-04
5.401346945392611213e-04
5.401346945392611213e-04
5.401346945392611213e-04
5.401346945392611213e-04
5.401346945392611213e-04
5.401346945392611213e-04
5.401346945392611213e-04
5.401346945392611213e-04
5.401346945392611213e-04
5.401346945392611213e-04
5.401346945392611213e-04
5.401346945392611213e-04
5.401346945392611213e-04
5.401346945392611213e-04
5.401346945392611213e-04
5.401346945392611213e-04
5.401346945392611213e-04
5.401346945392611213e-04
5.401346945392611213e-04
5.401346945392611213e-04
5.401346945392611213e-04
5.401346945392611213e-04
5.401346945392611213e-04
5.401346945392611213e-04
5.401346945392611213e-04
1.586382487652172283e-04
1.749669312661227612e-04
1.897941993403651163e-04
2.062898945054611466e-04
2.237083106367538754e-04
2.408200277234489315e-04
2.604978880081320301e-04
2.811810658193462063e-04
3.010987304351284751e-04
3.198218073833591435e-04
3.365416458098066080e-04
3.537174520756504893e-04
3.699735113561206448e-04
3.869873575365281480e-04
4.049134303968390629e-04
4.206586561225170726e-04
4.353780664880430896e-04
4.508994246693188014e-04
4.661236859329071901e-04
4.788908779486093651e-04
4.914685504936872062e-04
5.007799278677091230e-04
5.090521358419634011e-04
5.157574229673241853e-04
5.201488441402173698e-04
5.224659653693360713e-04
5.243861727736045088e-04
5.278053783641060027e-04
5.318630810581962201e-04
5.360194154740303887e-04
5.393380099599470300e-04
5.418451241013621080e-04
5.444777327421515935e-04
5.466184793651749588e-04
5.488292291421310778e-04
5.503038047654217621e-04
5.511205458459028693e-04
5.513850189187604863e-04
5.519280622832842481e-04
5.526130984489349609e-04
5.537821987318285785e-04
5.547270121910581435e-04
5.552890178393129691e-04
5.557017941186397948e-04
5.562280844605095240e-04
5.566487839014258414e-04
5.567948176313189824e-04
5.569500796017451839e-04
5.569855093019353363e-04
5.569871208556629325e-04
5.569871208556628241e-04
5.569871208556628241e-04
5.569871208556628241e-04
5.569871208556628241e-04
5.569871208556628241e-04
5.569871208556628241e-04
5.569871208556628241e-04
5.569871208556628241e-04
5.569871208556628241e-04
5.569871208556628241e-04
5.569871208556628241e-04
5.569871208556628241e-04
5.569871208556628241e-04
5.569871208556628241e-04
5.569871208556628241e-04
5.569871208556628241e-04
5.569871208556628241e-04
5.569871208556628241e-04
5.569871208556628241e-04
5.569871208556628241e-04
5.569871208556628241e-04
5.569871208556628241e-04
1.599713918843022613e-04
1.775672878863983979e-04
1.925771799982351851e-04
2.081876428954500691e-04
2.240129503843012822e-04
2.422883926883548508e-04
2.614954418249918920e-04
2.815020651247899901e-04
3.027725862579057001e-04
3.216150093639607004e-04
3.396482086439241979e-04
3.569033195509786630e-04
3.730446142744622980e-04
3.904078315102928621e-04
4.065682532510320711e-04
4.233738887988266922e-04
4.391396376326921550e-04
4.541065755728325784e-04
4.691558492680757489e-04
4.839083048190172655e-04
4.971978554804238086e-04
5.085937800990942637e-04
5.183368637008608235e-04
5.260038339907370779e-04
5.325833726149265370e-04
5.370214570341099326e-04
5.391379905667822168e-04
5.411406059249923226e-04
5.446867394115026840e-04
5.486157665706339198e-04
5.527396961512789919e-04
5.562576996692559063e-04
5.585703616651303393e-04
5.612987656243620914e-04
5.639013217195594204e-04
5.655037600716746223e-04
5.675156618861938469e-04
5.686411936964335051e-04
5.690938077877971636e-04
5.693287691638757335e-04
5.701189610452116110e-04
5.709765445854476495e-04
5.720921196219463109e-04
5.728060158490003119e-04
5.732427098984548648e-04
5.738199346711676547e-04
5.743047867764480103e-04
5.745161393579048406e-04
5.747687095449896272e-04
5.748548269383143422e-04
5.748640622570207366e-04
5.748657290724684460e-04
5.748657290724684460e-04
5.748657290724684460e-04
5.748657290724684460e-04
5.748657290724684460e-04
5.748657290724684460e-04
5.748657290724684460e-04
5.748657290724684460e-04
5.748657290724684460e-04
5.748657290724684460e-04
5.748657290724684460e-04
5.748657290724684460e-04
5.748657290724684460e-04
5.748657290724684460e-04
5.748657290724684460e-04
5.748657290724684460e-04
5.748657290724684460e-04
5.748657290724684460e-04
5.748657290724684460e-04
5.748657290724684460e-04
5.748657290724684460e-04
1.605999142163851427e-04
1.799766722136347580e-04
1.947985558883196021e-04
2.113742370070714521e-04
2.279840245313011758e-04
2.439945289167512260e-04
2.634995916618899925e-04
2.832485191665590771e-04
3.040127121526763369e-04
3.244818539061587802e-04
3.420271588807479238e-04
3.594146430387800046e-04
3.765133936574699349e-04
3.939547795917920712e-04
4.112952546512183504e-04
4.270656117988628369e-04
4.447239330306204338e-04
4.595493109812524282e-04
4.740949420920830470e-04
4.899700470528487589e-04
5.037092383218752262e-04
5.170228417501201382e-04
5.278773379072075871e-04
5.368120206649731061e-04
5.451302771340313337e-04
5.514777717533412248e-04
5.557266658878228394e-04
5.577138580687697293e-04
5.597690716336797823e-04
5.633510437586371428e-04
5.673966929101942423e-04
5.714471019330753625e-04
5.748103685620142757e-04
5.775096006666204226e-04
5.802925580381160893e-04
5.826191026853356440e-04
5.847720086200601823e-04
5.863722409391641712e-04
5.878442129191110716e-04
5.885899161096764393e-04
5.888358151338080092e-04
5.893709206527006448e-04
5.901884998799973754e-04
5.912377981034449767e-04
5.922043844222824559e-04
5.926235001052427209e-04
5.932649386675064923e-04
5.937483846072952928e-04
5.940655060751268580e-04
5.944252448138341235e-04
5.945302535667392353e-04
5.946686769622273969e-04
5.947061438943450828e-04
5.947078492890304699e-04
5.947078492890303615e-04
5.947078492890303615e-04
5.947078492890303615e-04
5.947078492890303615e-04
5.947078492890303615e-04
5.947078492890303615e-04
5.947078492890303615e-04
5.947078492890303615e-04
5.947078492890303615e-04
5.947078492890303615e-04
5.947078492890303615e-04
5.947078492890303615e-04
5.947078492890303615e-04
5.947078492890303615e-04
5.947078492890303615e-04
5.947078492890303615e-04
5.947078492890303615e-04
5.947078492890303615e-04
1.624388915723119016e-04
1.795797870648733682e-04
1.958604404447821933e-04
2.128057829263498837e-04
2.296455379515724763e-04
2.473355776703005404e-04
2.631271081507605266e-04
2.838163739050041752e-04
3.036284581994042682e-04
3.239808507996023990e-04
3.423061911694978872e-04
3.608905718581256273e-04
3.777093020965405982e-04
3.940084915297024102e-04
4.120732573158755806e-04
4.291315085790269501e-04
4.478486647952128964e-04
4.639396742077210828e-04
4.791574074248339623e-04
4.946223137756813361e-04
5.087568639326929282e-04
5.238721036212971860e-04
5.358575646703798339e-04
5.471076288946526275e-04
5.556810087019581346e-04
5.637660037846023474e-04
5.694571117004062957e-04
5.735245897678134227e-04
5.757202932144990645e-04
5.777896571562054226e-04
5.813366547414314332e-04
5.853017145757647560e-04
5.896858344262127533e-04
5.929387396669599450e-04
5.957627408936408235e-04
5.985757401785303999e-04
6.007091430738453579e-04
6.032579158069820624e-04
6.046487746719078410e-04
6.063872985812217113e-04
6.070816273609246951e-04
6.073147720461163478e-04
6.078447911913006972e-04
6.086655535553722090e-04
6.098501131030773566e-04
6.105055040988070867e-04
6.113781171737057291e-04
6.117244462998264274e-04
6.123366614885492661e-04
6.128671649646740948e-04
6.130784773280598642e-04
6.133484293795747524e-04
6.134112526897828477e-04
6.134504671801477337e-04
6.134522520505120884e-04
6.134522520505120884e-04
6.134522520505120884e-04
6.134522520505120884e-04
6.134522520505120884e-04
6.134522520505120884e-04
6.134522520505120884e-04
6.134522520505120884e-04
6.134522520505120884e-04
6.134522520505120884e-04
6.134522520505120884e-04
6.134522520505120884e-04
6.134522520505120884e-04
6.134522520505120884e-04
6.134522520505120884e-04
6.134522520505120884e-04
6.134522520505120884e-04
6.134522520505120884e-04
1.629764259015279728e-04
1.830228498004342558e-04
2.009072299702933028e-04
2.130749260321632772e-04
2.299798083814867243e-04
2.457702894272223416e-04
2.643017735646614264e-04
2.830638218117554846e-04
3.048531011891222973e-04
3.238890309940284720e-04
3.461160632618194392e-04
3.634988517511618649e-04
3.812967932176388060e-04
3.972129413387546441e-04
4.153148253669957930e-04
4.320713708568366855e-04
4.488315412804142748e-04
4.653249751543764431e-04
4.810472078161547103e-04
4.958559982005417708e-04
5.110857898602535815e-04
5.261454667415698706e-04
5.396461636113930593e-04
5.522863160656466680e-04
5.626274684862296333e-04
5.713391906569251699e-04
5.788660857743680062e-04
5.849643337642277275e-04
5.887304721840635330e-04
5.908089024165603812e-04
5.929796544244200253e-04
5.964735918410373665e-04
6.004243403468273368e-04
6.048869678219122477e-04
6.079046977272471123e-04
6.112698711820361295e-04
6.133971221052010678e-04
6.162942442957378055e-04
6.182342224548352094e-04
6.204824518971913247e-04
6.217822847735688524e-04
6.230383100380787811e-04
6.235320992638920205e-04
6.237158815721698113e-04
6.242200429183995033e-04
6.254530041336778734e-04
6.263103359916449191e-04
6.271709885479925155e-04
6.277969957415583443e-04
6.282584319409260888e-04
6.288365264938828008e-04
6.291084291913369517e-04
6.295730010295689247e-04
6.297373162981029487e-04
6.299123988593334153e-04
6.299423339834924265e-04
6.299542518685914737e-04
6.299542518685914737e-04
6.299542518685914737e-04
6.299542518685914737e-04
6.299542518685914737e-04
6.299542518685914737e-04
6.299542518685914737e-04
6.299542518685914737e-04
6.299542518685914737e-04
6.299542518685914737e-04
6.299542518685914737e-04
6.299542518685914737e-04
6.299542518685914737e-04
6.299542518685914737e-04
6.299542518685914737e-04
6.299542518685914737e-04
1.655071912657079831e-04
1.841307510616218993e-04
2.003722013351926434e-04
2.172473700206443352e-04
2.312159398707693480e-04
2.493652411263064033e-04
2.656607989312872032e-04
2.853385891180177129e-04
3.048397959725832008e-04
3.264922060254805882e-04
3.474534763148377325e-04
3.657143136284716654e-04
3.832735552197410068e-04
4.006976068665026231e-04
4.184044831877315124e-04
4.343504971174637981e-04
4.521113431155104456e-04
4.695218593161056648e-04
4.858629944892369368e-04
5.005475383847615267e-04
5.156428214143424357e-04
5.301792541769489997e-04
5.452394561938933050e-04
5.585485521494755207e-04
5.709046864091845992e-04
5.806393008597415068e-04
5.892306653077562014e-04
5.967439442616547093e-04
6.025621192469827938e-04
6.065083358164131576e-04
6.089380613877244967e-04
6.113902667250454377e-04
6.146575465222547593e-04
6.182504380109815276e-04
6.225412916257827686e-04
6.259379378411102394e-04
6.292633971460847046e-04
6.315773530246991284e-04
6.342814523973276013e-04
6.363493942350329944e-04
6.383868823334759319e-04
6.402353490283075156e-04
6.413527451895455764e-04
6.425313312972118912e-04
6.428648765319934077e-04
6.431134146099628515e-04
6.436404904802555966e-04
6.448996500585902833e-04
6.456146635009532651e-04
6.466889272812740902e-04
6.471038572246838160e-04
6.477921114341557473e-04
6.481016706203053751e-04
6.486562907544902046e-04
6.488777076794993801e-04
6.491609563617449768e-04
6.492269461497520051e-04
6.492681606133621740e-04
6.492700375696045141e-04
6.492700375696045141e-04
6.492700375696045141e-04
6.492700375696045141e-04
6.492700375696045141e-04
6.492700375696045141e-04
6.492700375696045141e-04
6.492700375696045141e-04
6.492700375696045141e-04
6.492700375696045141e-04
6.492700375696045141e-04
6.492700375696045141e-04
6.492700375696045141e-04
6.492700375696045141e-04
1.690276492316990882e-04
1.832330745011668584e-04
2.036504913671922045e-04
2.179378193251638640e-04
2.361452607702623407e-04
2.520165290967430155e-04
2.704422408462929658e-04
2.881185048013978076e-04
3.063193526746575907e-04
3.272287782168676207e-04
3.471719753690384797e-04
3.663648297142242920e-04
3.843668745437290191e-04
4.021771168065418510e-04
4.179064705367145248e-04
4.360018681138835015e-04
4.534692132590086152e-04
4.728834222804585447e-04
4.911995916283514504e-04
5.067329450000237351e-04
5.226383659417894231e-04
5.365357427846489859e-04
5.529009038619965826e-04
5.666808842986250641e-04
5.809665655384522575e-04
5.916028239430217665e-04
6.018367738544193627e-04
6.100841556760600373e-04
6.172801140699219098e-04
6.231334446766936862e-04
6.267066259211266557e-04
6.285869387204063002e-04
6.305779375639723175e-04
6.342980346932430066e-04
6.384944788288150069e-04
6.428020538536674457e-04
6.463562294090911733e-04
6.493265421468013936e-04
6.519375836697993438e-04
6.540450977207643317e-04
6.568492041872021252e-04
6.586345619132241312e-04
6.607867417952932804e-04
6.619123153570564012e-04
6.626881895209892157e-04
6.628470332473290890e-04
6.632807407198347853e-04
6.642970385866411517e-04
6.650315340024253504e-04
6.663192639145432833e-04
6.668319876149584550e-04
6.676375219904400263e-04
6.679786354973082669e-04
6.686038153791702514e-04
6.688779483923022046e-04
6.692847388568793493e-04
6.694037583196618939e-04
6.694725350396449164e-04
6.695154909508960151e-04
6.695174470863492861e-04
6.695174470863493946e-04
6.695174470863493946e-04
6.695174470863493946e-04
6.695174470863493946e-04
6.695174470863493946e-04
6.695174470863493946e-04
6.695174470863493946e-04
6.695174470863493946e-04
6.695174470863493946e-04
6.695174470863493946e-04
6.695174470863493946e-04
6.695174470863493946e-04
1.701518066815673066e-04
1.842289075339675029e-04
2.035377714509645783e-04
2.199437342615874090e-04
2.347695779941525005e-04
2.523931098363488452e-04
2.682345162223778940e-04
2.864649431345593828e-04
3.053830784231028098e-04
3.248900529970751407e-04
3.467127030064420649e-04
3.667777647000782589e-04
3.858066881690756377e-04
4.042061576554960788e-04
4.201569635480568608e-04
4.386081785621717753e-04
4.548588654300710727e-04
4.728858343860208166e-04
4.909492509997974083e-04
5.076496458497276390e-04
5.235169070257547630e-04
5.378980190141714008e-04
5.543666406862307779e-04
5.686927358226334921e-04
5.845974862505589828e-04
5.970030607339222618e-04
6.081638513069130905e-04
6.177086779939749972e-04
6.254466802067500716e-04
6.323082030037044951e-04
6.373194192876874839e-04
6.411666824549617713e-04
6.431979915005529673e-04
6.454878982515184493e-04
6.489016244241039080e-04
6.530922183620938969e-04
6.571783986575920880e-04
6.608319482835068020e-04
6.635477246397028517e-04
6.668463843969513541e-04
6.689398310875458017e-04
6.716197607884236143e-04
6.737037493749708193e-04
6.751277215548846106e-04
6.769199933293250458e-04
6.778838495549021226e-04
6.786393951798971392e-04
6.787770374286124925e-04
6.791856100795648932e-04
6.802806264185803226e-04
6.809945281488418052e-04
6.822265258481657619e-04
6.828207654527750558e-04
6.835226344316502195e-04
6.839830978516492962e-04
6.843098276191170344e-04
6.848964462898881255e-04
6.851310344948068152e-04
6.854314227632215834e-04
6.855014553357879903e-04
6.855341719997735950e-04
6.855472017879306584e-04
6.855472017879306584e-04
6.855472017879306584e-04
6.855472017879306584e-04
6.855472017879306584e-04
6.855472017879306584e-04
6.855472017879306584e-04
6.855472017879306584e-04
6.855472017879306584e-04
6.855472017879306584e-04
6.855472017879306584e-04
1.695428934541561017e-04
1.870815433278624849e-04
2.040076099989595747e-04
2.218319986771524201e-04
2.374869629957600346e-04
2.521882704033586993e-04
2.712128706070408911e-04
2.874309087437542688e-04
3.061988032928784345e-04
3.272469994533894113e-04
3.466279055526770743e-04
3.694750065083999072e-04
3.875277462494938719e-04
4.050768429491837441e-04
4.243349751909846661e-04
4.406074206958696116e-04
4.581821635443836683e-04
4.759510921954516419e-04
4.920473266587713354e-04
5.113373312055110968e-04
5.268545768857103113e-04
5.416371786630007129e-04
5.578266055041445270e-04
5.722437491104811688e-04
5.878844411861244151e-04
6.018175556874010837e-04
6.139347634808681609e-04
6.255588084994130518e-04
6.346210628586814026e-04
6.424477646271662540e-04
6.496364115519464785e-04
6.551596584018861726e-04
6.580995242567836984e-04
6.601291879299995462e-04
6.626368423192166308e-04
6.659150738193252150e-04
6.701561743209234583e-04
6.743392978370897715e-04
6.782195453290944687e-04
6.810349303035775122e-04
6.841276952878484318e-04
6.865247347182699359e-04
6.885256759089361869e-04
6.913453725315191981e-04
6.930175693106063435e-04
6.945074410616639948e-04
6.957341970124335381e-04
6.961818454294026268e-04
6.965029595060230226e-04
6.969617025489904024e-04
6.976856320105677672e-04
6.991007219657231243e-04
6.997946651783336402e-04
7.006133399412924501e-04
7.011812176995503836e-04
7.015400586694105385e-04
7.021990017351557780e-04
7.024884944735953433e-04
7.027714079635543612e-04
7.031959610086246665e-04
7.033203163302565938e-04
7.033922121925021255e-04
7.034371371676970217e-04
7.034391839328300519e-04
7.034391839328300519e-04
7.034391839328300519e-04
7.034391839328300519e-04
7.034391839328300519e-04
7.034391839328300519e-04
7.034391839328300519e-04
7.034391839328300519e-04
7.034391839328300519e-04
1.719170865044891195e-04
1.895206132929569886e-04
2.073861573179043593e-04
2.247816957744185095e-04
2.397139466273074250e-04
2.575874292446574901e-04
2.736120506425633939e-04
2.918723722786128170e-04
3.098692205788975383e-04
3.275412261073073431e-04
3.487608990578360338e-04
3.702655200978149062e-04
3.886128797640084277e-04
4.072697220300022813e-04
4.265934884715089689e-04
4.411125689713546374e-04
4.605821208271779774e-04
4.778143045591291263e-04
4.949063193034683580e-04
5.147155540570320324e-04
5.323998998940668390e-04
5.482090919507283042e-04
5.634654290796681448e-04
5.792930018235374536e-04
5.942547446947147542e-04
6.095437091370754920e-04
6.224550479777986572e-04
6.356272871453553901e-04
6.460702054955187127e-04
6.549793244112140159e-04
6.630128825680495002e-04
6.697885833438585066e-04
6.752072745092410101e-04
6.783090063592641219e-04
6.801880126563531522e-04
6.822059792215431169e-04
6.861072252109428130e-04
6.902440842784246392e-04
6.940455008825334882e-04
6.984627470631350494e-04
7.012998342693738075e-04
7.038818701066806675e-04
7.069468558186742463e-04
7.090211686238532705e-04
7.112583785232010503e-04
7.134750881987775815e-04
7.150585164503919702e-04
7.160640244764079681e-04
7.169473559866943379e-04
7.170318688689439422e-04
7.173447932649001327e-04
7.184677104535984894e-04
7.193949310450548995e-04
7.202596838932454233e-04
7.213360524476201876e-04
7.217996962351378668e-04
7.224183145080140950e-04
7.229157247105014346e-04
7.232431577102697981e-04
7.237895529248900830e-04
7.239805503412431080e-04
7.241097063123305786e-04
7.242192712991985058e-04
7.242310420640478679e-04
7.242331677469737716e-04
7.242331677469737716e-04
7.242331677469737716e-04
7.242331677469737716e-04
7.242331677469737716e-04
7.242331677469737716e-04
7.242331677469737716e-04
7.242331677469737716e-04
1.744872605398315965e-04
1.904661523988517057e-04
2.062236158040644596e-04
2.257110461334745034e-04
2.405627007896766600e-04
2.588215705245002635e-04
2.747880204621785407e-04
2.918056911889349873e-04
3.085655701585771548e-04
3.288976934099164867e-04
3.484745642886723054e-04
3.688071785440663261e-04
3.906485767061450287e-04
4.087062084296092922e-04
4.266176071132425033e-04
4.451401330641293870e-04
4.623960941772747662e-04
4.788273467344564423e-04
4.977029962976234345e-04
5.158184386995715975e-04
5.326531242285639702e-04
5.504479611929498015e-04
5.664606732778288550e-04
5.809744702657117319e-04
5.968987318843470757e-04
6.126077007565351945e-04
6.264465133828517589e-04
6.408269208183764573e-04
6.527539296308480527e-04
6.632133505948381623e-04
6.713686936026769074e-04
6.799183419012940106e-04
6.865308182842144507e-04
6.911130964527455655e-04
6.941760452820709693e-04
6.960314966756757978e-04
6.982423439288933543e-04
7.018504751145014089e-04
7.062667892518564600e-04
7.103124599280473059e-04
7.142498809405766966e-04
7.174577115001269483e-04
7.200969909689576478e-04
7.228363890572526984e-04
7.254267831425298190e-04
7.273939466068848978e-04
7.297501281726747691e-04
7.315908077626942507e-04
7.326173177806144000e-04
7.334656883641077789e-04
7.338249925647075079e-04
7.339748986860584893e-04
7.348193783843375883e-04
7.359835312117396933e-04
7.368458277482908868e-04
7.376860277272843198e-04
7.385584325151405092e-04
7.389711115682107753e-04
7.393477480241688726e-04
7.400405168672904727e-04
7.403453696873056166e-04
7.406023143084606956e-04
7.409547467221023857e-04
7.410860007185170011e-04
7.411619079072259090e-04
7.412093511316418266e-04
7.412115130522353278e-04
7.412115130522353278e-04
7.412115130522353278e-04
7.412115130522353278e-04
7.412115130522353278e-04
7.412115130522353278e-04
1.737800369920748829e-04
1.909858736129058272e-04
2.066755534851466808e-04
2.279109878579958217e-04
2.433181277544209647e-04
2.572787805124637957e-04
2.745162039400477231e-04
2.936533850193322279e-04
3.103337297114361717e-04
3.266608678999359939e-04
3.482689053687718084e-04
3.690306434007575940e-04
3.889692036915350158e-04
4.087351731494079745e-04
4.287510231410730441e-04
4.474979561409832707e-04
4.634419144998380897e-04
4.820318636688629421e-04
4.989736637396626189e-04
5.162002701358558206e-04
5.334963262919045768e-04
5.519448736643615180e-04
5.680591576746299616e-04
5.831660169695688503e-04
5.997731251178096187e-04
6.151265546052949763e-04
6.292747253910497239e-04
6.441631182938823991e-04
6.580244748249124620e-04
6.691220380819761252e-04
6.790127623360368500e-04
6.877083642537797905e-04
6.962594862299990427e-04
7.026538050881015688e-04
7.073868517162655014e-04
7.103760821355940922e-04
7.122518081940896768e-04
7.143870689485794061e-04
7.181741197961273625e-04
7.224170467211418669e-04
7.264841846004298914e-04
7.303759047127616425e-04
7.338368186836819081e-04
7.365065454851419183e-04
7.388234202126552509e-04
7.418600021106790381e-04
7.440794778074567156e-04
7.459243786526227344e-04
7.479438348780286265e-04
7.495000226932159622e-04
7.503801732951856374e-04
7.507634255581444906e-04
7.509693270608057240e-04
7.516295675118348039e-04
7.524454151485496754e-04
7.535601983666887589e-04
7.546514644928468095e-04
7.552919564845078648e-04
7.557778387124032505e-04
7.565689705601749779e-04
7.569479495532181745e-04
7.572919333375942742e-04
7.578475085848680910e-04
7.580677956670702801e-04
7.582038396293099176e-04
7.582825191847371825e-04
7.583316942228954249e-04
7.583339348614215976e-04
7.583339348614215976e-04
7.583339348614217060e-04
7.583339348614217060e-04
7.583339348614217060e-04
1.735800800495252783e-04
1.931557897556189236e-04
2.089533402082881935e-04
2.247181177351937178e-04
2.429296626020467349e-04
2.610011138459054306e-04
2.786410882184823688e-04
2.939970086930136458e-04
3.122367172131886026e-04
3.305020937918487327e-04
3.486193624451587830e-04
3.684223052763498573e-04
3.904556408826152618e-04
4.106968440403361035e-04
4.289865408597973401e-04
4.464587229848956387e-04
4.654906973918487953e-04
4.830817844880706466e-04
4.999903451337551954e-04
5.167895796033242402e-04
5.363665602463396978e-04
5.552780363408580354e-04
5.720550998281274512e-04
5.882940935662437851e-04
6.038297922541710754e-04
6.193596256787441568e-04
6.348625465490604931e-04
6.506468471705940428e-04
6.655428353983493250e-04
6.780284312785016341e-04
6.890237718813576381e-04
6.987887069670700550e-04
7.075854530437855876e-04
7.148861860687217087e-04
7.210251100177628332e-04
7.256569898940609057e-04
7.285290754260966874e-04
7.304406474638422582e-04
7.326684727215811849e-04
7.365002845913146655e-04
7.406452600803533660e-04
7.446857547773861295e-04
7.485660327596310422e-04
7.521640115627870136e-04
7.548800976677407393e-04
7.572387034445662987e-04
7.598312891112725571e-04
7.624172375245677653e-04
7.646242098157413764e-04
7.663488745469008556e-04
7.677560271112622093e-04
7.690128116450412315e-04
7.697239665421220980e-04
7.697764739805056794e-04
7.701131662734910736e-04
7.711404886710985064e-04
7.722810285485455679e-04
7.731082456881787843e-04
7.738077472435045401e-04
7.748566278328245568e-04
7.753247947233550281e-04
7.757175404709645188e-04
7.760894673367001433e-04
7.767598735053604046e-04
7.770288081723520941e-04
7.772345611751923806e-04
7.774543039237165028e-04
7.774919397476364250e-04
7.775046395245932638e-04
7.775069333104111255e-04
7.775069333104110171e-04
7.775069333104110171e-04
1.767634578472544141e-04
1.969770563915230512e-04
2.140581551748866013e-04
2.289538440532261311e-04
2.456907826875690134e-04
2.631603372093906405e-04
2.815804847140861676e-04
2.987896483676861885e-04
3.162058412301109738e-04
3.329079164277556923e-04
3.525176705342075311e-04
3.726125796825871723e-04
3.927022171429633141e-04
4.120368735145739977e-04
4.326520337091876805e-04
4.516494777148373995e-04
4.691075600472425968e-04
4.865992938529104233e-04
5.038646641078961975e-04
5.223371798930056533e-04
5.400773186667777795e-04
5.574426834237962945e-04
5.754750283517384799e-04
5.943424298326196748e-04
6.102069781812552527e-04
6.256603665200330703e-04
6.399006058171144602e-04
6.569317505932048074e-04
6.719425651534406728e-04
6.852999269686113528e-04
6.974251052108220404e-04
7.095694258178891507e-04
7.189919513204621722e-04
7.273978883060588799e-04
7.345211066860464141e-04
7.406608004299238121e-04
7.454149270210675641e-04
7.482749089370542561e-04
7.499297124410230419e-04
7.521872014232522906e-04
7.558645062922571137e-04
7.602436563432120580e-04
7.647187669943705281e-04
7.682015468235506728e-04
7.718086946499332990e-04
7.748712326778354424e-04
7.773682665269065171e-04
7.795627422956831736e-04
7.821202944260853725e-04
7.848007987418350370e-04
7.866187019543613868e-04
7.880061764787846604e-04
7.891870020280665216e-04
7.900444585844947597e-04
7.901852814786037692e-04
7.905251087545351468e-04
7.911527249914369377e-04
7.924470395561702398e-04
7.935606358585085450e-04
7.943215022106653745e-04
7.949272075862816745e-04
7.957811851874616819e-04
7.962785232810182159e-04
7.966597985529998930e-04
7.970203544417047824e-04
7.975831933038054003e-04
7.978346757045930594e-04
7.979775980487312584e-04
7.980602756142127262e-04
7.980989193410154394e-04
7.981143150280724718e-04
7.981143150280723634e-04
1.750863455357984030e-04
1.935864107209842001e-04
2.105507091554153750e-04
2.291598211489872866e-04
2.492279812615693724e-04
2.637398841134251876e-04
2.778438790728193688e-04
2.956655222972035023e-04
3.142542763617227081e-04
3.312701009092587504e-04
3.479728743307161122e-04
3.672830742118206489e-04
3.884507958574161387e-04
4.102737544976391235e-04
4.305231508331329145e-04
4.503686889934095075e-04
4.696935101442448039e-04
4.875332054540426228e-04
5.044749311344347287e-04
5.216895322585141581e-04
5.391614414296348398e-04
5.566447334433379836e-04
5.742990677016150507e-04
5.926867627679326209e-04
6.091442780642350972e-04
6.240655497796831867e-04
6.398819713379219013e-04
6.559503387061155428e-04
6.715992348771732037e-04
6.860159353647757568e-04
6.995947812522806388e-04
7.128684834108255488e-04
7.235294164233698443e-04
7.325661008459244177e-04
7.404763778932804729e-04
7.472134528593876203e-04
7.537526891164483692e-04
7.583725824945261335e-04
7.609078194719020227e-04
7.626218832554109784e-04
7.649134991097394183e-04
7.686955051678116737e-04
7.731552063648022876e-04
7.772382607598588835e-04
7.809231989730680470e-04
7.843971372194194665e-04
7.877976521219476076e-04
7.903772898733150065e-04
7.926771378751094280e-04
7.948283551428755303e-04
7.973189407744780532e-04
7.995870796951771477e-04
8.013412785404626240e-04
8.026262249547272323e-04
8.034097519094618228e-04
8.037982250079278622e-04
8.039891241161034249e-04
8.046705587455218068e-04
8.055808198027209020e-04
8.064608362170079103e-04
8.073351287218224343e-04
8.085150434500153888e-04
8.091571409325478770e-04
8.096065028312353492e-04
8.100170140780251025e-04
8.106735177913644000e-04
8.111082635312344327e-04
8.113902262056810807e-04
8.116060409513429922e-04
8.117521116324515496e-04
8.118761252217946344e-04
8.118894567847173560e-04
1.763822602354471708e-04
1.954380563474496907e-04
2.114983720989108335e-04
2.268920661698274794e-04
2.474935061097134343e-04
2.645111668721542670e-04
2.804176430678145295e-04
2.972298077391480656e-04
3.142044180719867543e-04
3.315475917428261417e-04
3.496185159886119171e-04
3.688492677395108785e-04
3.883826747223544269e-04
4.099076298111561803e-04
4.311530987571299527e-04
4.507940379068461944e-04
4.691427015797474515e-04
4.867410019058947745e-04
5.037344628207350095e-04
5.216281765330457775e-04
5.397227439702906131e-04
5.577596824109745275e-04
5.759561514679131626e-04
5.936379239124892071e-04
6.116075899793609527e-04
6.275788576138553124e-04
6.431421578757053233e-04
6.588787458794505454e-04
6.746646880855114783e-04
6.894403605834204755e-04
7.040370955812740375e-04
7.175897002282562685e-04
7.299843644045723090e-04
7.407147235996870693e-04
7.494636699776365376e-04
7.576449907227343454e-04
7.648463023794340072e-04
7.710019736193184136e-04
7.753932399228243184e-04
7.778952952939628034e-04
7.794458772736353840e-04
7.821359638348389723e-04
7.856195329475217136e-04
7.900709736387353122e-04
7.941353873896310738e-04
7.980953808523140632e-04
8.017475927176124107e-04
8.045551169005113901e-04
8.074141494598064068e-04
8.098910127346583545e-04
8.123719986225181114e-04
8.145217819051928446e-04
8.167053986111189740e-04
8.185066260141582494e-04
8.199464093039661537e-04
8.211159630536603391e-04
8.216662243726291764e-04
8.217225367882340786e-04
8.220828789149457272e-04
8.229130433964569873e-04
8.242104497244696036e-04
8.252396929325085369e-04
8.260317554994146220e-04
8.266618028008357018e-04
8.271901748869731757e-04
8.279748589963540663e-04
8.284636872771164971e-04
8.288393080596737419e-04
8.291803593730500896e-04
8.294682787767902613e-04
8.298379137144111430e-04
8.299242518637289876e-04
1.833726450943830820e-04
2.023413306784496897e-04
2.193614063116981565e-04
2.344460699884052873e-04
2.502300738493468796e-04
2.690076972087706241e-04
2.873309405585044280e-04
3.045468509702942790e-04
3.212757748363893754e-04
3.389006754801146028e-04
3.560661277417105901e-04
3.745985047982946571e-04
3.958893348916477962e-04
4.169103156400593281e-04
4.379087386586075149e-04
4.583860384560676203e-04
4.755321601328363801e-04
4.923433973164217459e-04
5.110511341718704421e-04
5.292226070097140684e-04
5.464046380430208783e-04
5.637996329516234330e-04
5.824499954545112133e-04
6.004110358290113292e-04
6.195834311582149728e-04
6.371179266873159457e-04
6.536792405994872740e-04
6.686732868186149193e-04
6.838576770816451539e-04
6.988013032462553429e-04
7.145774535580937375e-04
7.297425018032927327e-04
7.426986012020147902e-04
7.542114943004483030e-04
7.643498264206266980e-04
7.730890996789710479e-04
7.811325540253909140e-04
7.883879034873397243e-04
7.946649200131606456e-04
7.988141257004256670e-04
8.011350755083384255e-04
8.027307809088632699e-04
8.049144088069112813e-04
8.089065939395834659e-04
8.133428989501799130e-04
8.176894158331262036e-04
8.215073016554289009e-04
8.246774878047301001e-04
8.276694254891598084e-04
8.309128565224142490e-04
8.336895568156077073e-04
8.359826718781746034e-04
8.381052557566632567e-04
8.400701883399376655e-04
8.418431920076796093e-04
8.434685838614538632e-04
8.448177011017727603e-04
8.454558064323017437e-04
8.455559957158314058e-04
8.459190317375307787e-04
8.465894242744242092e-04
8.474348166278881326e-04
8.488106586879653635e-04
8.499211617237244828e-04
8.506146984143882510e-04
8.511552930056207750e-04
8.516239336347431127e-04
8.520522160535883840e-04
8.528076449637177637e-04
8.531923177341345886e-04
8.534872735430206955e-04
8.537131190528371178e-04
1.770922606337576905e-04
1.981320252908067275e-04
2.160376544961662261e-04
2.319636713637776289e-04
2.475091635215243154e-04
2.654716358515316174e-04
2.830046578286971167e-04
3.016912575004802844e-04
3.189888264883613406e-04
3.371882266982728768e-04
3.542596010951022385e-04
3.725128856748468036e-04
3.905231563303122899e-04
4.105611237997070732e-04
4.320525712156946885e-04
4.527057437319001996e-04
4.721555426383788195e-04
4.901127340171868886e-04
5.073599966409056330e-04
5.249187366478333134e-04
5.425521230127050218e-04
5.603369758710760422e-04
5.786983365442151250e-04
5.985848199754995958e-04
6.169032213279121869e-04
6.346942837857940094e-04
6.513111391626522258e-04
6.663944262701351328e-04
6.822109153016906033e-04
6.985858601524341360e-04
7.145372821152935891e-04
7.298719895031797978e-04
7.436342444109233195e-04
7.558694655972310675e-04
7.673800615227367901e-04
7.775501845914553015e-04
7.859912453124515488e-04
7.940050714073439847e-04
8.015656168113571584e-04
8.073014180961259317e-04
8.110905875483119662e-04
8.136518614377282041e-04
8.153233287405102503e-04
8.176980121404964566e-04
8.211906677476869679e-04
8.257025605981841831e-04
8.300777329999129654e-04
8.343880798280462266e-04
8.378024376451888734e-04
8.406037704301510876e-04
8.435827449747113158e-04
8.462183825654640435e-04
8.488314298599998952e-04
8.512710584595069990e-04
8.532812215968591397e-04
8.550498634267154115e-04
8.565450064817073210e-04
8.578886361894609309e-04
8.587238156134241679e-04
8.588929794790256533e-04
8.592199533861586899e-04
8.599372824319840127e-04
8.608201693858970067e-04
8.617470862133560627e-04
8.627843728974328875e-04
8.639418327508789023e-04
8.646272024300681244e-04
8.651064078880710100e-04
8.655444096030853827e-04
8.659599513537188063e-04
8.663535237458316884e-04
8.667110829479897751e-04
1.780263689921553183e-04
1.975807187349232913e-04
2.161598525750577007e-04
2.330438308125186062e-04
2.500113758149088311e-04
2.675617893947142365e-04
2.837010970475944884e-04
3.016656219174012102e-04
3.185214497474491303e-04
3.357236059657546902e-04
3.539302376605963025e-04
3.717919578813789301e-04
3.911601544054282105e-04
4.116810043892082395e-04
4.324451531933033634e-04
4.530085124356289473e-04
4.726401755267905049e-04
4.907896564341876532e-04
5.093581944654915726e-04
5.268589496947932412e-04
5.451781261925964153e-04
5.632107944191867615e-04
5.805869418464344083e-04
5.982638719428773040e-04
6.171434667716863085e-04
6.353442459370453946e-04
6.531719589616704052e-04
6.700676545912808042e-04
6.859680397612016173e-04
7.018032976715754068e-04
7.174073212221849030e-04
7.327774075186986851e-04
7.471396414989508192e-04
7.606075190031429296e-04
7.732115093504113431e-04
7.847398776453380327e-04
7.948437092620096308e-04
8.035676462604659717e-04
8.114370135123666035e-04
8.182954116279820504e-04
8.239195691708862002e-04
8.277668871950639041e-04
8.301509114884816822e-04
8.317491812125134276e-04
8.342124785523470296e-04
8.379823782993958518e-04
8.423697536915589635e-04
8.468940416950197780e-04
8.509769568895645796e-04
8.544323221192358202e-04
8.573693709180985056e-04
8.599767829431976141e-04
8.624094319660104493e-04
8.651257017957682087e-04
8.680396362294699611e-04
8.702534896885598609e-04
8.722388303644978708e-04
8.738486928627070809e-04
8.750615843564807416e-04
8.759007879623067171e-04
8.763217007963094388e-04
8.763250264469056019e-04
8.769933878154835679e-04
8.779694897580188990e-04
8.791044441642504280e-04
8.801087540347790573e-04
8.809297402642217965e-04
8.816014530747052266e-04
8.821643611917121246e-04
8.826522893255501091e-04
8.833296491457700954e-04
8.839227403230366913e-04
1.862819926900283240e-04
2.026182253495359105e-04
2.206144676781503829e-04
2.377820752798320857e-04
2.560162608646511387e-04
2.746559962291420464e-04
2.923048703875244362e-04
3.098239620121267840e-04
3.269013016613229756e-04
3.430695987676544816e-04
3.595384089052542330e-04
3.765033095023900627e-04
3.942316669758452546e-04
4.139863091464250156e-04
4.359198222691967948e-04
4.584120423692356712e-04
4.798789157918996592e-04
4.998944922972996816e-04
5.179112856198053901e-04
5.346880850298938934e-04
5.527413527361997722e-04
5.693550259642732791e-04
5.864614610367178439e-04
6.038403541241946140e-04
6.224608021084491322e-04
6.422218461711006387e-04
6.611784091977033952e-04
6.779915346523812539e-04
6.943098845956158834e-04
7.090101033085010121e-04
7.242618003994112695e-04
7.395111929556519867e-04
7.544603325754831950e-04
7.691393106417780982e-04
7.831431293892095582e-04
7.960496854757458888e-04
8.080560339829697888e-04
8.175622823773223474e-04
8.254873928451089476e-04
8.329549065366477316e-04
8.398688942230108680e-04
8.456503480124245246e-04
8.493093444462783805e-04
8.516759961921145650e-04
8.532301588446965799e-04
8.558233942851937092e-04
8.595850301312938941e-04
8.640626443706466526e-04
8.682957548793598067e-04
8.724549489116669538e-04
8.760032466036968626e-04
8.790310614395312585e-04
8.817017582537045421e-04
8.842907278773004575e-04
8.866759725809043391e-04
8.893029180130256409e-04
8.915586819901915108e-04
8.936769872297576191e-04
8.955351370936913630e-04
8.970799618500049791e-04
8.981650465837516441e-04
8.986717809299859085e-04
8.987332815223532563e-04
8.991012297084745959e-04
8.998324351599447943e-04
9.007313018955377497e-04
9.016936008978444642e-04
9.026128264696182306e-04
9.037411010690472347e-04
9.045591100526517627e-04
9.051775972803951294e-04
9.056317084314422557e-04
1.819166511142613957e-04
2.021191511861138742e-04
2.227069723486477574e-04
2.407165515340507745e-04
2.557509320516717461e-04
2.714068085113776631e-04
2.886885537013348345e-04
3.082280401388641468e-04
3.271749042091112942e-04
3.451856271632121201e-04
3.626957150452265978e-04
3.800269174655129551e-04
3.983966812755111286e-04
4.165781948112987337e-04
4.361957398808654577e-04
4.564256156897194714e-04
4.775560815887555741e-04
4.976859856588718937e-04
5.161963856518806716e-04
5.332365981020323938e-04
5.509352916309340382e-04
5.684573872441722438e-04
5.864701671347432883e-04
6.052296846487342872e-04
6.248456664623359058e-04
6.438493265320571930e-04
6.627042669264177803e-04
6.799062183446468116e-04
6.964213449436431128e-04
7.117023513798368317e-04
7.270973243583907404e-04
7.427769182270750007e-04
7.588851501375049090e-04
7.754424044281870050e-04
7.907611317808495386e-04
8.042977495761493472e-04
8.157328193493016246e-04
8.260619662309811890e-04
8.354580175423292118e-04
8.437640649467674676e-04
8.512100085739094085e-04
8.579000171592260620e-04
8.631325282978358866e-04
8.664714300392053689e-04
8.685563257923667544e-04
8.702424468240842637e-04
8.727555407630873188e-04
8.765362487728599761e-04
8.809242719802724483e-04
8.853879000911128207e-04
8.895481937033417660e-04
8.931406269799959741e-04
8.963507507343959494e-04
8.991386466427060253e-04
9.016907203874324544e-04
9.041260007707802460e-04
9.064824242407799968e-04
9.086995477087980288e-04
9.107010548020319247e-04
9.128055936523982216e-04
9.144844575837315611e-04
9.156603697442403230e-04
9.163353479335629298e-04
9.164445210340073714e-04
9.167882768813257876e-04
9.175063734496538038e-04
9.184558974442584350e-04
9.194712876294918857e-04
9.204108168358294227e-04
9.212397762936312857e-04
9.219384069301685657e-04
9.225236403399247106e-04
1.843671332084128385e-04
2.039019073578540384e-04
2.236111092311327355e-04
2.399650114864362025e-04
2.556085836591729093e-04
2.710894236054794894e-04
2.887199108521116154e-04
3.063993901352422052e-04
3.238578707891947520e-04
3.412084996322694392e-04
3.590679724200406182e-04
3.768814683832476860e-04
3.953050631849445106e-04
4.147607060213202032e-04
4.352644807598728691e-04
4.551274154118192502e-04
4.760402515119544408e-04
4.974536212875785898e-04
5.165489768193995933e-04
5.347019123617580312e-04
5.517846122427493786e-04
5.691006065766171778e-04
5.877901019066373526e-04
6.057848080412047472e-04
6.229342402869091945e-04
6.408231416680353759e-04
6.592367332401771274e-04
6.777722370436670184e-04
6.950931075061460556e-04
7.117982668849269501e-04
7.282386923296022604e-04
7.442946701750644770e-04
7.598249258812127174e-04
7.752608179968777536e-04
7.903928320082780328e-04
8.043751485749140590e-04
8.173935352655673555e-04
8.291667956739531527e-04
8.397413039869254438e-04
8.486559091187347460e-04
8.570654906599719158e-04
8.649204739950736931e-04
8.716422666664431053e-04
8.768009087423284109e-04
8.799471318744358063e-04
8.823960133495025197e-04
8.840330279861610208e-04
8.867297968401491488e-04
8.904348668114644635e-04
8.947437491527781509e-04
8.993765194490082378e-04
9.036645326902731715e-04
9.072297858962046239e-04
9.104017839700024413e-04
9.132560531066268288e-04
9.159283758740813068e-04
9.184414049708982709e-04
9.207635020131940424e-04
9.230718015507596028e-04
9.252365079583163218e-04
9.271406063605311387e-04
9.287446786000280686e-04
9.299747866847925823e-04
9.308452451993692953e-04
9.312980795157859912e-04
9.313051563359730318e-04
9.318824779313095250e-04
9.327827143468909402e-04
9.339742536497581656e-04
9.350478404729462793e-04
9.360174120984749531e-04
9.368248960606123752e-04
1.900536065114846491e-04
2.079731216374294540e-04
2.278369271309405746e-04
2.448934271406973118e-04
2.611974507306467756e-04
2.781694659303468077e-04
2.958179132417425132e-04
3.112631154632633989e-04
3.283314263335151062e-04
3.464964104164930652e-04
3.636563635624176548e-04
3.800556338407008652e-04
3.971768776948249205e-04
4.167577847998854730e-04
4.373145191539481915e-04
4.570263955770119272e-04
4.774899573078928913e-04
4.982452858798357793e-04
5.198567752164654204e-04
5.387030074041348907e-04
5.568091829241732195e-04
5.746504804390418575e-04
5.931278248463669241e-04
6.108074643331555791e-04
6.291065319274273884e-04
6.469349794684012929e-04
6.648252025372781461e-04
6.830064954586243225e-04
7.018110245582359717e-04
7.187329111466912203e-04
7.339977373448317976e-04
7.489369080072403196e-04
7.641280966242639146e-04
7.798334027121410451e-04
7.951688612607519125e-04
8.094488357625162066e-04
8.237897177971010643e-04
8.368538304147235627e-04
8.485419537212459317e-04
8.588463239190881901e-04
8.679348916643979178e-04
8.755584156343609349e-04
8.830960450579410917e-04
8.898027943952046496e-04
8.950793323564020703e-04
8.986506366943808896e-04
9.006220262479261527e-04
9.031216824559560067e-04
9.058123567902856641e-04
9.091822813819702654e-04
9.131566896188284422e-04
9.174893162867237646e-04
9.216646177890963458e-04
9.255205464276470423e-04
9.288839332333447994e-04
9.318971349730116073e-04
9.344668829942219101e-04
9.370637777432616351e-04
9.395448616078683332e-04
9.416905753626063184e-04
9.438866273838209019e-04
9.458928876874797727e-04
9.476523713937490875e-04
9.490949356834162088e-04
9.502274858147509440e-04
9.510801053894043242e-04
9.515360336201724063e-04
9.515529584836735465e-04
9.519609460568794965e-04
9.526949869024586501e-04
9.536459525689123477e-04
9.546537456733420520e-04
1.893355055522649840e-04
2.074482196208184354e-04
2.286356900544279686e-04
2.499822524765029134e-04
2.670140286711906270e-04
2.801172371014226713e-04
2.983940351315018231e-04
3.167017595842040907e-04
3.351739533203103045e-04
3.523654471809500302e-04
3.703675566728911869e-04
3.881584182694399095e-04
4.054278314856791707e-04
4.231346518772535975e-04
4.413478265139318679e-04
4.623960859177370184e-04
4.836413433816798475e-04
5.034288034693150523e-04
5.239815802028657560e-04
5.428205887673139387e-04
5.614672453798496415e-04
5.789502385659333434e-04
5.944345607278662871e-04
6.131012951988831436e-04
6.320643619051143818e-04
6.496708772967560528e-04
6.679012584504555230e-04
6.884808383654758860e-04
7.065538745912901871e-04
7.249920387198684982e-04
7.415994866591166636e-04
7.566444101034823164e-04
7.722551516257652321e-04
7.883900049895080798e-04
8.039855122085916295e-04
8.178626209750790126e-04
8.337054264795395239e-04
8.475589774811337872e-04
8.594036552979757247e-04
8.715067617961168300e-04
8.825228473731511983e-04
8.908371196739117400e-04
8.990427906197057334e-04
9.062627657923249700e-04
9.124933652534626813e-04
9.176556908265570602e-04
9.210297046667070050e-04
9.232027845720589335e-04
9.247494144633903578e-04
9.275413781274193924e-04
9.310843286962102155e-04
9.355985120630406745e-04
9.401855110943240466e-04
9.441923527271081033e-04
9.482188452385639484e-04
9.516548571926987865e-04
9.545827157326245782e-04
9.572157105258429985e-04
9.599591977966399903e-04
9.623916358874112439e-04
9.647313339334720505e-04
9.670253029775573682e-04
9.689734305123132250e-04
9.706113544563683580e-04
9.720352675014465576e-04
9.730285072775920249e-04
9.735770484031870502e-04
9.736437059695122890e-04
9.740074310543939346e-04
9.747673005544606325e-04
9.756988824161581505e-04
9.768000016814487076e-04
1.883538462888571254e-04
2.055098170742988319e-04
2.274495171529471583e-04
2.448392045180692602e-04
2.614823736947339584e-04
2.777160373677062689e-04
2.948032166984647308e-04
3.121185828430109513e-04
3.299978349383425906e-04
3.476864741350871400e-04
3.648055225761761807e-04
3.823880963071925256e-04
3.991985496298825365e-04
4.176329794851624949e-04
4.358653062835540900e-04
4.557826847616604140e-04
4.772330319282736943e-04
4.992068711120329618e-04
5.193466146301957626e-04
5.399751508266574171e-04
5.589534645254212210e-04
5.770056556216280686e-04
5.941801339882782969e-04
6.121722458514573762e-04
6.307527461273491898e-04
6.487126902503266958e-04
6.652501472390815384e-04
6.837592474670298702e-04
7.031578531685844357e-04
7.210185161026288689e-04
7.383116757140783994e-04
7.551185965005502779e-04
7.714011851807668890e-04
7.870812457064951025e-04
8.024824607554517826e-04
8.187068475308117987e-04
8.345947794091812099e-04
8.493850445524624409e-04
8.627287498012484309e-04
8.755293975731270884e-04
8.865497224371647091e-04
8.956052808126817571e-04
9.044972784187462660e-04
9.123067453411595491e-04
9.191663583956140911e-04
9.247091460865511803e-04
9.288742612088505537e-04
9.322020756874202290e-04
9.350918246443515932e-04
9.376169018830398782e-04
9.402822489056519156e-04
9.437911326132076640e-04
9.479483222737665905e-04
9.523268286542728878e-04
9.564294047308177218e-04
9.602389696457893113e-04
9.635773258843967999e-04
9.665178649152552639e-04
9.693545067092105769e-04
9.719390714971710369e-04
9.745011499384160798e-04
9.768044982671729177e-04
9.791136863181145247e-04
9.812040679369245927e-04
9.829206300312207448e-04
9.843675349494062678e-04
9.852731241159356796e-04
9.856377490003744545e-04
9.862321314032507745e-04
9.865393008250877491e-04
9.873729144065884582e-04
9.885055490704121664e-04
1.892213092633828842e-04
2.084677668624677817e-04
2.265374062091158941e-04
2.465502815162723188e-04
2.641036641090076568e-04
2.803138333237317672e-04
2.966296871251036370e-04
3.145816408446550408e-04
3.325876806012187945e-04
3.490788013972610597e-04
3.664392234511837506e-04
3.852524723060231663e-04
4.024938976265119892e-04
4.195478051540795709e-04
4.390487179287705117e-04
4.587129918132936118e-04
4.789439494687305378e-04
5.002589848745252026e-04
5.219849034420234171e-04
5.424332235922503347e-04
5.611070959191766065e-04
5.804487287343430618e-04
5.975126403559866822e-04
6.151176862345444354e-04
6.338940064669210464e-04
6.516759349660387239e-04
6.691576669295514921e-04
6.871586088432917513e-04
7.055259263944696317e-04
7.249055517972216025e-04
7.420109510492847683e-04
7.591457027399811392e-04
7.745172277979102664e-04
7.899780662073915567e-04
8.069149226303054274e-04
8.225526579117661309e-04
8.383879065415498436e-04
8.539797441918217094e-04
8.686227053679950166e-04
8.818772142704263666e-04
8.936199012798853696e-04
9.047029077464526165e-04
9.140183743235903019e-04
9.221580013386989705e-04
9.301333756159728752e-04
9.370459353246872328e-04
9.423295514274674864e-04
9.466602566655512186e-04
9.496861740194793150e-04
9.520292879780425238e-04
9.544590002063205875e-04
9.571324625864037223e-04
9.607270004226147212e-04
9.649573676860263849e-04
9.693821824415891492e-04
9.732907024751206353e-04
9.770788368638240462e-04
9.803686919697394454e-04
9.833834015766113740e-04
9.861225863435115879e-04
9.887466237070538684e-04
9.912262429946599833e-04
9.937908829826609843e-04
9.960589724097041603e-04
9.982858063661893301e-04
1.000195391515705219e-03
1.001751253681384003e-03
1.002879293906878575e-03
1.003600691346150141e-03
1.004134148526019885e-03
1.004590890731515756e-03
1.004813869034901566e-03
1.903834647605562357e-04
2.100870384807134036e-04
2.314424123967691023e-04
2.544691028863483727e-04
2.708770154667210998e-04
2.875378081576009342e-04
3.027263600298948009e-04
3.219845491685799539e-04
3.369234762088437200e-04
3.583993541121049497e-04
3.747227384750380320e-04
3.931811917613399227e-04
4.110114769717377399e-04
4.288542591277964204e-04
4.456796212305425800e-04
4.646184360900150944e-04
4.863936900471005722e-04
5.037218716032437326e-04
5.271539243204931236e-04
5.479887575113652791e-04
5.654506896329383227e-04
5.855483850991787540e-04
6.018704696555437399e-04
6.186194303272971734e-04
6.348283759327511162e-04
6.550719669704235630e-04
6.717224763836456697e-04
6.910484161288471885e-04
7.107021270850728389e-04
7.289652152956179604e-04
7.490806062716436238e-04
7.668409750245401340e-04
7.841548783359131303e-04
7.983253361981483250e-04
8.160269889113943654e-04
8.304370252139976153e-04
8.463872595341160807e-04
8.622361967670379417e-04
8.768294756259687080e-04
8.917135183019302700e-04
9.043914094608596901e-04
9.168240424020077974e-04
9.271244407397138043e-04
9.367403213052521863e-04
9.452997744509660611e-04
9.528453846554360996e-04
9.603718980809365603e-04
9.662201997708000020e-04
9.706594245548065851e-04
9.733686227546547651e-04
9.754740697262337303e-04
9.771318330674600740e-04
9.798441836096456140e-04
9.833961512806382865e-04
9.875390023419065681e-04
9.920676848776766119e-04
9.960894306057176649e-04
1.000146801681210500e-03
1.003540990078749051e-03
1.006545127693117764e-03
1.009474584616408023e-03
1.012022417637743190e-03
1.014610682961596122e-03
1.017108141664128636e-03
1.019568409209497010e-03
1.021820613459012645e-03
1.023852546547804419e-03
1.025597834075179637e-03
1.026989705806680749e-03
1.027912098800752051e-03
1.028408583397417368e-03
1.028478976696390202e-03
1.855248193045877232e-04
2.057510559335980335e-04
2.280740765793616792e-04
2.480108452203830553e-04
2.677238160329916523e-04
2.847520802927771340e-04
3.011096410546952010e-04
3.162653453803676790e-04
3.351422668633786419e-04
3.536007718350904451e-04
3.716640064707076073e-04
3.887547862753256084e-04
4.060553096636494328e-04
4.222770977219384879e-04
4.406572023434495648e-04
4.578682784779752727e-04
4.787039363385965293e-04
4.996848067417708483e-04
5.207048067257195184e-04
5.425135474756532464e-04
5.626286583376120939e-04
5.806408999875678663e-04
5.994516977093959859e-04
6.162492920314637098e-04
6.338916216903774884e-04
6.517514063669779378e-04
6.693688705785998160e-04
6.883083655757935926e-04
7.087327576853811283e-04
7.265973565985868639e-04
7.460687888654589719e-04
7.646041438812873096e-04
7.809953612600801587e-04
7.984712282904857239e-04
8.142134733434647307e-04
8.284783269014825598e-04
8.447044254776736507e-04
8.602718031274952980e-04
8.756035525739200775e-04
8.912053620068712597e-04
9.047252204969430736e-04
9.183442867287112781e-04
9.300906613776305665e-04
9.410135104706727691e-04
9.499275174712482929e-04
9.583343952364983993e-04
9.663853177068326824e-04
9.728291690312219952e-04
9.788029729268774883e-04
9.829750263689570125e-04
9.858047592517927941e-04
9.877278720177788251e-04
9.896107447640157921e-04
9.920805504096828938e-04
9.959504143089805729e-04
1.000074282327279495e-03
1.004837095010798018e-03
1.009023034616327117e-03
1.012686938083307920e-03
1.016142431413200129e-03
1.019356703176185807e-03
1.022183711208041971e-03
1.024777886847394936e-03
1.027539747365004141e-03
1.029957288413595054e-03
1.032331666503981393e-03
1.034758032009955656e-03
1.036828571437404395e-03
1.038607364409999557e-03
1.039941189213580740e-03
1.040882633413824998e-03
1.041420047524454790e-03
1.862424135798413640e-04
2.061084844805542932e-04
2.288165540063598704e-04
2.476061052866665793e-04
2.671239718367177866e-04
2.837720277485821928e-04
2.982097860618967977e-04
3.160010141279767822e-04
3.324747860127330113e-04
3.509789498562433012e-04
3.699929060446217389e-04
3.865738540084295394e-04
4.051937290954733210e-04
4.232808000124141704e-04
4.408380317013540356e-04
4.607472275936335673e-04
4.791649838872259455e-04
4.989576519469069013e-04
5.201707706126681074e-04
5.409686504219519358e-04
5.622663258680056075e-04
5.812634377260418768e-04
5.990199071787950889e-04
6.166397097431276482e-04
6.329889543190619439e-04
6.510805654750826191e-04
6.685749807375304795e-04
6.864943128402050797e-04
7.060063316207311089e-04
7.257184868829813940e-04
7.448595567375079340e-04
7.642063536139232123e-04
7.820314725253040217e-04
7.993335518979131655e-04
8.151699790761536210e-04
8.307163263329420122e-04
8.473335278704849805e-04
8.629625843576399632e-04
8.779474564514025154e-04
8.934120017081461067e-04
9.076810195832199458e-04
9.220023822138061773e-04
9.346218328479423670e-04
9.463700267313039996e-04
9.561817385868909324e-04
9.653758292806342671e-04
9.736846485208514382e-04
9.815582652527672300e-04
9.881281565154828757e-04
9.941849321342117844e-04
9.979920337617399946e-04
1.000898935178382281e-03
1.002827493289184212e-03
1.004647138442960443e-03
1.007369250463044114e-03
1.010810474186637879e-03
1.014882949262981742e-03
1.019400127755854023e-03
1.023892712637200757e-03
1.027887575227000912e-03
1.031382218907564126e-03
1.034595491320735965e-03
1.037476620068279991e-03
1.040123771177676407e-03
1.042821538804862037e-03
1.045481931415168098e-03
1.047892081923987046e-03
1.050189088442884293e-03
1.052224787991971194e-03
1.053816485419799363e-03
1.055156983534821531e-03
1.056147901471361436e-03
1.924067827429506430e-04
2.131005236750137830e-04
2.329029658910737209e-04
2.538898739932800189e-04
2.725008538738697868e-04
2.878312180554075546e-04
3.050583125064522264e-04
3.198961110035755413e-04
3.388579570372916177e-04
3.582348183874838922e-04
3.764234317668412174e-04
3.965137068307805681e-04
4.123717654025752769e-04
4.311324659524149220e-04
4.487616235816308799e-04
4.660836991009577367e-04
4.849483247521492370e-04
5.016956545374108437e-04
5.238583657358928357e-04
5.436641053802739694e-04
5.660420408771424904e-04
5.876630420601671855e-04
6.050511963462568577e-04
6.242084638243188075e-04
6.410772598550867635e-04
6.587255773647909384e-04
6.769392072330569863e-04
6.951296779766870035e-04
7.129314745608336451e-04
7.317508915336370413e-04
7.496352980045224408e-04
7.687395367798926160e-04
7.873950412355894659e-04
8.060180948319022390e-04
8.236292571213241079e-04
8.393109504430865510e-04
8.559633650854002289e-04
8.708261617694406168e-04
8.878661274605563914e-04
9.035176345483832963e-04
9.193596820787106961e-04
9.343143071109378086e-04
9.466923748219374397e-04
9.591873229144909536e-04
9.692809351609687259e-04
9.799804337574085505e-04
9.890725712803939956e-04
9.969816766857897330e-04
1.004915664090087497e-03
1.010480264807249277e-03
1.016299337630401740e-03
1.020306577255525836e-03
1.022763853003064334e-03
1.025126254745604070e-03
1.027303350792873942e-03
1.030408486887481306e-03
1.033661509284326905e-03
1.037613655301116702e-03
1.041994492019760517e-03
1.046462811051599318e-03
1.050304327946249968e-03
1.054198923680949550e-03
1.057326719036009045e-03
1.060213807643188393e-03
1.063200397792534628e-03
1.065794398160273097e-03
1.068270486437334710e-03
1.070643055091459635e-03
1.072682791101861035e-03
1.074419789119543649e-03
1.076070237788871861e-03
1.077737629061542926e-03
1.963930631752804925e-04
2.159828190915599657e-04
2.325133258207228880e-04
2.555326288690195680e-04
2.728354765985548645e-04
2.943392710076831072e-04
3.094979016993998204e-04
3.256347179791458562e-04
3.446826857292041774e-04
3.610005828505497179e-04
3.813080565203784541e-04
3.983094917775178078e-04
4.170914364577759216e-04
4.333362379687253317e-04
4.479065903659179126e-04
4.679353736060598784e-04
4.859308979171457791e-04
5.063496007230822941e-04
5.265697797544306811e-04
5.490791395798962039e-04
5.696895332317586207e-04
5.909594422689793108e-04
6.098845750197041515e-04
6.277492033905724333e-04
6.445927551763909686e-04
6.602831391125691275e-04
6.795429492674938139e-04
6.968622441322030840e-04
7.157293503139353216e-04
7.344139328497349076e-04
7.551851257595031943e-04
7.747181435145588302e-04
7.927593141732117285e-04
8.121738620387831476e-04
8.280616885632525841e-04
8.447967305746182515e-04
8.595655303717512517e-04
8.746944847661880995e-04
8.919140187025838057e-04
9.059784444828013596e-04
9.232270840702134530e-04
9.381178659577260213e-04
9.530044689838111215e-04
9.662980386079757407e-04
9.779408087086532714e-04
9.895704289588675047e-04
9.980591741708421706e-04
1.007666045221472344e-03
1.016367827442767307e-03
1.023571601697942368e-03
1.030675183288925264e-03
1.035478390210885355e-03
1.039873005763879577e-03
1.042366463118430623e-03
1.044339979334338482e-03
1.046247321191004064e-03
1.048631690269812618e-03
1.052240401449024056e-03
1.056501981194170239e-03
1.061244611092068907e-03
1.065720759452891669e-03
1.069805292162151738e-03
1.073555358916359866e-03
1.076662835118882833e-03
1.079396418458304077e-03
1.082274923637207556e-03
1.084999896561301448e-03
1.087185211999164812e-03
1.089132828214971031e-03
1.091297512813473296e-03
1.093568500932529022e-03
1.095669551191870861e-03
1.903054470279677991e-04
2.068705825923222881e-04
2.277657834571241531e-04
2.484698182200500592e-04
2.701434355170368546e-04
2.894316630992903620e-04
3.049620210388068035e-04
3.205864568184732229e-04
3.378208236792243423e-04
3.566105607020857160e-04
3.736591290925690267e-04
3.923625141344940339e-04
4.082811990869767522e-04
4.274806398213141416e-04
4.452455397968644170e-04
4.636688309717665823e-04
4.817748296579631249e-04
5.005214639950412558e-04
5.210403723658253066e-04
5.406770791262949672e-04
5.627687072457810942e-04
5.820869482094043288e-04
6.038284812922910076e-04
6.216342415396906244e-04
6.405583013948936907e-04
6.579450723162018040e-04
6.749281103769595117e-04
6.933128145494281977e-04
7.104963029491901706e-04
7.285433782965814592e-04
7.473548327876148971e-04
7.670364511913619612e-04
7.863411659038595236e-04
8.061872220971991231e-04
8.241494523172779654e-04
8.411864811839334707e-04
8.571666586070540109e-04
8.728967158550854540e-04
8.883273594789826673e-04
9.035574250610070449e-04
9.200977418070992913e-04
9.349526605520582173e-04
9.511034577110207954e-04
9.653800823630687882e-04
9.788997557863418023e-04
9.909510948048943016e-04
1.001588238258684788e-03
1.011042743633417838e-03
1.019406121033974337e-03
1.026868577479612531e-03
1.034067730034634799e-03
1.040745044048372193e-03
1.045725789597090356e-03
1.049888797447387327e-03
1.052464331030438655e-03
1.054255417180011492e-03
1.056522608059046750e-03
1.059454049699258636e-03
1.062749779959765379e-03
1.066898886184073324e-03
1.071326485398697631e-03
1.075903042114106272e-03
1.079967112818147005e-03
1.083510245546814204e-03
1.086855206504380722e-03
1.089945266847966616e-03
1.092618043165255719e-03
1.094868757499131489e-03
1.096907089816919140e-03
1.099470754339767044e-03
1.101981066087099909e-03
1.104416686205971377e-03
1.894048838165782774e-04
2.060947990745593786e-04
2.291705230885034237e-04
2.508489589872568682e-04
2.743710168449699509e-04
2.923897496350956384e-04
3.093769594094575195e-04
3.240203295209453656e-04
3.399740060349192494e-04
3.564902457566539564e-04
3.754610382825919425e-04
3.939038871549522289e-04
4.133825233252600871e-04
4.311304149457247537e-04
4.487610143267818348e-04
4.659267889082281027e-04
4.817679044481920376e-04
5.006619039049473203e-04
5.208176825676412132e-04
5.418204878638338984e-04
5.635018840629577117e-04
5.861616466588074215e-04
6.058305857085220661e-04
6.261051005499928754e-04
6.427232308128972161e-04
6.601261779909807070e-04
6.772931828750438114e-04
6.950235226415832400e-04
7.132134706357920332e-04
7.318268003773612668e-04
7.507367930093553424e-04
7.704957241559269024e-04
7.890162386679734283e-04
8.073030181254727943e-04
8.254731608395349035e-04
8.438981673243343366e-04
8.612721207158997904e-04
8.773626149505468850e-04
8.925956193431039713e-04
9.082479606894605390e-04
9.240188337066843928e-04
9.396468065266292639e-04
9.547840555336384229e-04
9.696426710436641550e-04
9.833658886318962997e-04
9.966634799284683401e-04
1.008764280281184214e-03
1.019212038742046923e-03
1.029411470520210509e-03
1.037284368756421094e-03
1.045003731714872581e-03
1.051833272458720363e-03
1.058542692289568543e-03
1.063750654152532732e-03
1.067979456674325893e-03
1.070400404896321329e-03
1.072121823215849753e-03
1.074085393970751218e-03
1.076849418865823702e-03
1.080492392514791240e-03
1.084468849389810113e-03
1.089102759847042920e-03
1.093532381529603191e-03
1.097666513676157562e-03
1.101445579504687885e-03
1.104950987554163822e-03
1.107477508982528157e-03
1.110167393542909643e-03
1.112610808385184735e-03
1.114906824695526422e-03
1.117568505299602714e-03
1.120402495624264446e-03
1.995644948462938536e-04
2.185330372012293234e-04
2.372543372819617478e-04
2.645541584527563565e-04
2.851945467173072840e-04
3.024811380622164508e-04
3.172319565453068967e-04
3.340452757309176355e-04
3.491282958178660613e-04
3.687405077529760542e-04
3.857373727116497207e-04
4.068924417370852311e-04
4.243736086512792495e-04
4.433423157425042975e-04
4.602251793277897384e-04
4.735275478427306613e-04
4.929767165346113800e-04
5.137546727255574985e-04
5.341956211977546979e-04
5.529909598048724645e-04
5.746551849418655121e-04
5.948371572483513543e-04
6.151987284930000421e-04
6.347487173705953015e-04
6.538574478794697154e-04
6.726067318025471262e-04
6.914138320029278046e-04
7.090052968488125317e-04
7.242992077382824937e-04
7.423009805249351084e-04
7.592055913194538982e-04
7.786086373123759109e-04
7.979952675312981325e-04
8.184724545558545380e-04
8.384112375766721546e-04
8.566317094801168593e-04
8.740280520455930967e-04
8.897440607191598816e-04
9.044774928225979369e-04
9.200116579522044221e-04
9.376332605089688884e-04
9.534337167792947222e-04
9.689849978208527363e-04
9.845230851951128521e-04
9.995767555212025247e-04
1.010091136498850054e-03
1.022840741807146646e-03
1.035348181802211477e-03
1.047400994356747529e-03
1.056216026127084016e-03
1.064993905824130520e-03
1.072767719645336022e-03
1.079471071716057821e-03
1.085465288960210228e-03
1.091522701168563033e-03
1.094951185286550900e-03
1.097421263039316790e-03
1.099161736358391988e-03
1.101349513108745327e-03
1.103977601837983005e-03
1.107199726099169623e-03
1.111692789146230629e-03
1.116332207802190214e-03
1.120704524269230170e-03
1.125248956132630668e-03
1.128848614195444942e-03
1.132250057296712957e-03
1.134812882172174520e-03
1.137015169590555692e-03
1.139613597885947172e-03
1.142338452404396618e-03
1.145044533726050995e-03
1.897780555994087149e-04
2.096915647428466934e-04
2.304478823497661116e-04
2.533475923059090845e-04
2.739737687012652398e-04
2.923879369893974929e-04
3.082543575893737951e-04
3.238573255418886253e-04
3.416147355170797090e-04
3.601194914096569975e-04
3.773722773690676600e-04
3.969728442370569379e-04
4.142429758920559090e-04
4.319052694860430245e-04
4.490055997395163922e-04
4.676710597212290627e-04
4.863173056236338217e-04
5.045993581794282808e-04
5.238199039410335912e-04
5.406477014797187158e-04
5.622898729205762051e-04
5.828790600833704764e-04
6.065036757620081900e-04
6.261568986187302085e-04
6.463464234514534890e-04
6.637116571156294765e-04
6.802081127165859192e-04
6.966760120575648217e-04
7.154540539898065739e-04
7.332063840911702459e-04
7.515924897121575811e-04
7.707932637977758100e-04
7.902859240577075764e-04
8.076344438273080212e-04
8.272233104721632554e-04
8.465314025643650656e-04
8.651817606791670310e-04
8.828618402220522830e-04
8.992269556050850113e-04
9.148359783133227325e-04
9.307482059402992242e-04
9.453077613381464378e-04
9.613519564957265272e-04
9.770484478466238271e-04
9.927917649159823631e-04
1.007354759085937138e-03
1.020870459543177493e-03
1.032467723919912317e-03
1.043436246273026727e-03
1.054594945066824555e-03
1.064324558929410740e-03
1.072197402911321488e-03
1.080150456469758900e-03
1.086669020806489087e-03
1.092980224176151507e-03
1.098089156357839880e-03
1.101497941088287053e-03
1.104386328991964917e-03
1.106013612057292744e-03
1.108012634974440448e-03
1.110386364766491850e-03
1.114349415576262794e-03
1.118664085214457569e-03
1.123186615099113113e-03
1.128089225199655887e-03
1.132061854085670855e-03
1.135538063841416267e-03
1.138624821744393424e-03
1.141810036608069054e-03
1.144227637099133697e-03
1.147047699641644530e-03
1.149637231819394855e-03
1.925398268751200316e-04
2.120941310353054014e-04
2.329126682926542296e-04
2.534120294942520443e-04
2.734053890829601886e-04
2.922539330227835134e-04
3.108242767943702111e-04
3.276344100384128788e-04
3.454812828729628680e-04
3.612540041876379556e-04
3.804412135418414618e-04
3.967252824247764439e-04
4.151295409906260786e-04
4.337299076413941661e-04
4.523981770698329318e-04
4.706988794996598124e-04
4.879587725404834408e-04
5.047754582211888075e-04
5.215034592548656745e-04
5.429547304388868990e-04
5.641701709806353719e-04
5.859736345114936349e-04
6.067884659263644712e-04
6.271218023611677562e-04
6.453945625393648971e-04
6.642105801445859475e-04
6.828956049912825350e-04
7.004528204787459876e-04
7.185280720087448489e-04
7.355653302147614411e-04
7.530860113327702589e-04
7.700478747171990044e-04
7.906435497486825024e-04
8.100099080485281778e-04
8.310673325546386698e-04
8.494147357060412773e-04
8.670247819117212276e-04
8.843198896760781982e-04
9.020672945692161278e-04
9.181681771877835650e-04
9.332335630521345401e-04
9.499683544715439507e-04
9.658438963368669002e-04
9.806264797523334131e-04
9.955792303507047820e-04
1.011888973155336113e-03
1.026391223450680897e-03
1.040474716419612653e-03
1.052068705889959519e-03
1.062239441387832512e-03
1.072480832531479307e-03
1.081871668421784376e-03
1.090272707290591316e-03
1.097762640576978570e-03
1.104763342813839741e-03
1.110541760537261903e-03
1.115508814601261093e-03
1.118980955487374872e-03
1.121702433628082255e-03
1.123317305511519273e-03
1.125301822569114377e-03
1.128020409501349040e-03
1.131517708069112744e-03
1.135969658350515507e-03
1.140612287890580131e-03
1.145041767561704154e-03
1.149273204323533271e-03
1.153073117089735162e-03
1.155971628103941683e-03
1.158742337963357752e-03
1.161774403261195670e-03
1.164545487669374404e-03
2.056987597546247539e-04
2.218089356622226290e-04
2.448508028509601537e-04
2.632360807814295312e-04
2.839016902373849125e-04
3.041006110125542652e-04
3.233492588418690646e-04
3.399604915807469653e-04
3.550343299393837596e-04
3.740053998618830334e-04
3.868127584226384893e-04
4.079482576431309963e-04
4.269599088768736943e-04
4.463099486279469051e-04
4.641321524261261041e-04
4.800609355661708479e-04
4.957007683901650408e-04
5.141748594607625962e-04
5.348200965392871766e-04
5.534647070106020125e-04
5.760922307561248739e-04
5.943380224994734493e-04
6.144378518229429240e-04
6.367566611502532923e-04
6.571210964377044873e-04
6.783741791857595804e-04
6.941466431711425158e-04
7.119643020675906018e-04
7.279522517250719112e-04
7.473003152726480532e-04
7.658743504185103364e-04
7.844398467068498717e-04
8.022573108731928700e-04
8.199132158188716935e-04
8.398610167219430723e-04
8.591717290204836741e-04
8.806016277957077337e-04
8.971114712126995261e-04
9.151513382328353013e-04
9.308620695988470504e-04
9.459466019591212475e-04
9.627889948891636858e-04
9.774082169374293146e-04
9.950375767078848376e-04
1.010701327635938479e-03
1.024094919412641856e-03
1.038737832291719565e-03
1.053164078489466108e-03
1.066581007332918166e-03
1.079720358010702840e-03
1.090576809020457182e-03
1.099613701831778177e-03
1.108510270172836411e-03
1.116786629292475155e-03
1.125339801520674641e-03
1.132155203776808719e-03
1.137703328119134185e-03
1.142730540150716260e-03
1.145828357421293294e-03
1.148800225366857289e-03
1.150151464156844335e-03
1.152440115734990837e-03
1.155110358190138131e-03
1.158328524190772087e-03
1.163022888987714273e-03
1.167803819380711962e-03
1.172299061098889747e-03
1.176471978690784778e-03
1.180312967555316884e-03
1.182530158996985929e-03
1.186044738320580702e-03
1.189011239194423183e-03
2.050789046650155925e-04
2.213537103142134332e-04
2.413988758017145521e-04
2.591836112855819014e-04
2.786127012569646825e-04
3.024864338788486786e-04
3.221733113199936899e-04
3.404584473613873809e-04
3.536884950603027080e-04
3.680056882129397865e-04
3.874498782765942433e-04
4.061985235914917537e-04
4.274938237204702865e-04
4.436513338195272353e-04
4.611119142775949812e-04
4.774828158878306511e-04
4.964535793040493906e-04
5.161313142079072738e-04
5.340616080792080344e-04
5.535552951548627443e-04
5.683679743952099869e-04
5.913207526938388942e-04
6.132154378567778157e-04
6.339842894646182704e-04
6.568219170859387977e-04
6.729988041401368127e-04
6.922609267787674337e-04
7.101312051055860743e-04
7.275011925636103204e-04
7.465521555276156788e-04
7.634877741213621496e-04
7.799616204564820045e-04
7.980007972388696372e-04
8.182459371553126590e-04
8.387305454020491406e-04
8.577153919426635425e-04
8.758567424376669528e-04
8.938926893390158543e-04
9.139057809330309277e-04
9.308335381990874525e-04
9.480939143205527591e-04
9.647993451880718281e-04
9.783167412765983884e-04
9.961530338024010382e-04
1.011669673720896759e-03
1.028499013283647179e-03
1.044519558954070358e-03
1.058444596408949752e-03
1.072030144759517599e-03
1.085153078880092721e-03
1.097543863792755075e-03
1.107681675927288650e-03
1.117333002637787859e-03
1.125488132251712195e-03
1.133551140614203877e-03
1.141562963847706121e-03
1.147490760671801297e-03
1.152832798372261216e-03
1.156303056663355450e-03
1.160120841617574838e-03
1.163092624425274627e-03
1.165641042202782097e-03
1.167950220957449884e-03
1.170672098412026780e-03
1.174263393194157614e-03
1.178655241019833889e-03
1.183288038151100122e-03
1.187615718623153110e-03
1.191781596200104740e-03
1.195134535864573891e-03
1.198073374743447665e-03
1.201592290641669610e-03
1.902508693700153384e-04
2.072580234528429528e-04
2.241233025642109177e-04
2.425108673952140119e-04
2.686955288786945298e-04
2.891978922665413491e-04
3.088648227368553717e-04
3.240367711684083592e-04
3.415400786903688229e-04
3.588994674914988345e-04
3.799539797227642190e-04
3.991949457072404509e-04
4.164166619909052546e-04
4.334655770547861820e-04
4.519988760859569316e-04
4.717425241031031856e-04
4.895395488426850482e-04
5.069524958962237909e-04
5.227638172138348877e-04
5.400868080967020273e-04
5.612531819577287794e-04
5.822766839629017841e-04
6.019262604147880644e-04
6.212282284918807258e-04
6.404837357026916525e-04
6.609552214682009458e-04
6.805824738922589814e-04
6.990710581577686423e-04
7.155492045367453993e-04
7.318831095474459970e-04
7.496659668116383967e-04
7.690493312964097414e-04
7.864299483181602744e-04
8.038499774158356943e-04
8.233930757443597408e-04
8.438631077406303629e-04
8.654981898276558998e-04
8.838882997725854354e-04
9.032397083464590876e-04
9.196705732232537305e-04
9.385466253765005398e-04
9.569798845855479862e-04
9.735654667348466471e-04
9.911348793580870668e-04
1.006458054839326662e-03
1.021477945388155799e-03
1.038171591901775482e-03
1.053929266182061309e-03
1.069672011826071183e-03
1.082330656710562503e-03
1.095384524953061517e-03
1.107127726413426874e-03
1.117674922696582692e-03
1.126978375413837654e-03
1.133700886572954012e-03
1.141456822936734060e-03
1.148091713577864721e-03
1.153644195954795252e-03
1.157850078652249625e-03
1.161303859869669206e-03
1.165279852074291734e-03
1.169042360993493906e-03
1.172970323892782996e-03
1.176310133911058963e-03
1.179620630717554287e-03
1.183057459889625025e-03
1.186571699572251453e-03
1.190500605212031250e-03
1.194593784955970319e-03
1.198230565557915819e-03
1.201779156260059838e-03
1.204928977719217729e-03
1.883691695099942015e-04
2.052726622287752304e-04
2.214331122612800710e-04
2.414707044431588928e-04
2.647222664226261523e-04
2.851409834840833136e-04
3.027206441191771869e-04
3.226283770266790167e-04
3.408442119794996865e-04
3.602784389024048803e-04
3.772427064293986656e-04
3.947847375636968784e-04
4.114214642147304883e-04
4.309072465777908593e-04
4.510539982576416214e-04
4.690617193582362278e-04
4.862251493796067347e-04
5.029682631377670144e-04
5.213159194834207774e-04
5.409332049430737484e-04
5.593128465672077883e-04
5.773603680986956910e-04
5.979855018400156031e-04
6.192125601371010427e-04
6.407586407826242883e-04
6.613359847694872925e-04
6.787093756696954347e-04
6.963940679569633266e-04
7.142939291193341634e-04
7.323939134378837281e-04
7.499997800609887848e-04
7.651987672917179295e-04
7.830066931072464462e-04
8.026156799068450299e-04
8.232161383144799734e-04
8.439028486882241883e-04
8.634791991950642020e-04
8.822546502629484812e-04
9.024496497207448080e-04
9.210778252713233564e-04
9.385481329395037927e-04
9.552750521514467939e-04
9.717744815071792993e-04
9.893003772343089263e-04
1.004938846599142278e-03
1.021522675740430160e-03
1.036701926108410127e-03
1.051996373242418664e-03
1.068281462901613226e-03
1.083405314542203440e-03
1.097568042096985774e-03
1.109705568471740494e-03
1.120439152370112388e-03
1.130777490391552580e-03
1.139722826676560670e-03
1.147188884063260472e-03
1.154382400995582897e-03
1.161789154368235303e-03
1.168378642377535144e-03
1.173470980730894741e-03
1.176942516649006612e-03
1.180021716263680159e-03
1.183181780617678083e-03
1.185898069320051335e-03
1.188904372767375737e-03
1.192274820597692773e-03
1.195160437909627629e-03
1.199215376710295773e-03
1.203563309985705015e-03
1.207928322885469053e-03
1.211743600027291676e-03
1.214785101323282573e-03
1.830495090113303338e-04
1.982532089358858053e-04
2.175489045139244516e-04
2.379363325563732881e-04
2.595646448925245241e-04
2.789228024533811114e-04
2.978441242638090575e-04
3.165634889030608965e-04
3.378401224008506358e-04
3.582033307608969964e-04
3.781989420658669930e-04
3.928650548867630493e-04
4.119518225109235470e-04
4.333547113455944602e-04
4.500594439502973092e-04
4.678956196045903101e-04
4.846877918274473908e-04
5.032319182141243435e-04
5.227258396682308130e-04
5.405685523201134244e-04
5.569025556253850723e-04
5.759977800035176888e-04
5.981380459179775483e-04
6.191968486813446276e-04
6.386252601955228749e-04
6.562546934764240669e-04
6.760564453107922216e-04
6.950098907978190937e-04
7.122502718069627804e-04
7.280552025560875929e-04
7.444788591254388908e-04
7.626043841787678509e-04
7.800888649830643035e-04
7.983305736362381012e-04
8.185794372466709962e-04
8.393352664461129755e-04
8.611412233671426539e-04
8.819422554389452036e-04
8.997841979299365904e-04
9.182482073917274702e-04
9.382717017632566251e-04
9.562945839441269963e-04
9.741656956431642015e-04
9.903668339133998248e-04
1.006308671029182119e-03
1.023159925805290117e-03
1.039792839495966119e-03
1.055517786000746867e-03
1.070674551374580733e-03
1.085872039524773090e-03
1.100812583473139870e-03
1.115243876572400740e-03
1.127243837123557101e-03
1.138045332355935163e-03
1.147682144250030019e-03
1.156374420750717197e-03
1.163925803994753268e-03
1.171717567511343112e-03
1.177577222439892858e-03
1.182628614740125145e-03
1.187777288474651171e-03
1.191608480290548035e-03
1.195185557444963537e-03
1.198212201775784381e-03
1.202118273761092638e-03
1.205396948499818906e-03
1.208395124413069385e-03
1.211727927184384941e-03
1.215308818238176880e-03
1.219565889382981903e-03
1.224039569491286276e-03
1.227297980352869871e-03
