5.999999999999999289e+01
2.178678929826180877e+01
1.317355110725891620e+01
9.430007907896420960e+00
7.340993016630217305e+00
6.008983197766148088e+00
5.085847808123473257e+00
4.408455007944072079e+00
3.890238169007683489e+00
3.481006089466939013e+00
3.149657426389615988e+00
2.875894633632971154e+00
2.645908381192688452e+00
2.449977276616869926e+00
2.281059609729880311e+00
2.133929666597250474e+00
2.004627830691013912e+00
1.890099073469436064e+00
1.787948610382324999e+00
1.696272693519767172e+00
1.613538901162570482e+00
1.538499818371707129e+00
1.470129725777909346e+00
1.407577446345739558e+00
1.350130735571569041e+00
1.297189047593501732e+00
1.248242465526347322e+00
1.202855227481002931e+00
1.160652719852203862e+00
1.121311115381736556e+00
1.084549049157643275e+00
1.050120879794346429e+00
1.017811194446409884e+00
9.874302978136176856e-01
9.588104855247124858e-01
9.318029472641523592e-01
9.062751788952575493e-01
8.821088085785385724e-01
8.591977616312255206e-01
8.374467041002995327e-01
8.167697168934014984e-01
7.970891615735539171e-01
7.783347062604242250e-01
7.604424858747352856e-01
7.433543755966326438e-01
7.270173601214672265e-01
7.113829842947407833e-01
6.964068731333408202e-01
6.820483112208992615e-01
6.682698730820834099e-01
6.550370974653603184e-01
6.423181995778157738e-01
6.300838161963659978e-01
6.183067793690827374e-01
6.069619150249110362e-01
5.960258633550055141e-01
5.854769182691638152e-01
5.752948835992376386e-01
5.654609440525171227e-01
5.559575491806550973e-01
5.467683088487444998e-01
5.378778989069022964e-01
5.292719759143241776e-01
5.209370999222797671e-01
5.128606644382739388e-01
5.050308328061547947e-01
4.974364803263803814e-01
4.900671415194619573e-01
4.829129620110653165e-01
4.759646545684038110e-01
4.692134588777425730e-01
4.626511046987936693e-01
4.562697780697931305e-01
4.500620902654174360e-01
4.440210492623083427e-01
4.381400334635010552e-01
4.324127674935910326e-01
4.268332998580272597e-01
4.213959823172396257e-01
4.160954508125640494e-01
4.109266078159437008e-01
4.058846059812783458e-01
4.009648329792362409e-01
3.961628974252242030e-01
3.914746158085584682e-01
3.868960003331401443e-01
3.824232476063008646e-01
3.780527281017849739e-01
3.737809763365828597e-01
3.696046817076944491e-01
3.655206799326982670e-01
3.615259450573059530e-01
3.576175819770148756e-01
3.537928194416229410e-01
3.500490034978006593e-01
3.463835913520245113e-01
3.427941456094031891e-01
3.392783288722809876e-01
3.358338986567909190e-01
3.324587026314864691e-01
3.291506741255947333e-01
3.259078279150013913e-01
3.227282562466580185e-01
3.196101250928550797e-01
3.165516706308272310e-01
3.135511959106338509e-01
3.106070677142933611e-01
3.077177135985317280e-01
3.048816190854123920e-01
3.020973250217700024e-01
2.993634250743856251e-01
2.966785633591469962e-01
2.940414322006399961e-01
2.914507700117984768e-01
2.889053592734722731e-01
2.864040246330221695e-01
2.839456310949864948e-01
2.815290822984128916e-01
2.791533188910325647e-01
2.768173169812315759e-01
2.745200866624936120e-01
2.722606706185495273e-01
2.700381427943153723e-01
2.678516071241504037e-01
2.657001963352005891e-01
2.635830707943751516e-01
2.614994174192311061e-01
2.594484486331100070e-01
2.574294013770923040e-01
2.554415361631472980e-01
2.534841361658192738e-01
2.515565063666336254e-01
2.496579727265011150e-01
2.477878814036509614e-01
2.459455980013061926e-01
2.441305068489497687e-01
2.423420103209945886e-01
2.405795281708792699e-01
2.388424969150561294e-01
2.371303692262959339e-01
2.354426133581474512e-01
2.337787125969791047e-01
2.321381647313483232e-01
2.305204815513983430e-01
2.289251883612919980e-01
2.273518235122275466e-01
2.257999379622578628e-01
2.242690948482093938e-01
2.227588690704148389e-01
2.212688469073788300e-01
2.197986256285662521e-01
2.183478131417766199e-01
2.169160276344699045e-01
2.155028972473132520e-01
2.141080597452751644e-01
2.127311622130618751e-01
2.113718607547471484e-01
2.100298202092866495e-01
2.087047138731925600e-01
2.073962232369467307e-01
2.061040377243200938e-01
2.048278544587506522e-01
2.035673780158420432e-01
2.023223201946001137e-01
2.010923998089960696e-01
1.998773424631622442e-01
1.986768803560683139e-01
1.974907520825377738e-01
1.963187024422075322e-01
1.951604822554991181e-01
1.940158481893442255e-01
1.928845625879447578e-01
1.917663933054884751e-01
1.906611135452186134e-01
1.895685017132818506e-01
1.884883412632654687e-01
1.874204205606436469e-01
1.863645327331432122e-01
1.853204755520895253e-01
1.842880512909643442e-01
1.832670666023883677e-01
1.822573324066042444e-01
1.812586637620675067e-01
1.802708797622406545e-01
1.792938034212828435e-01
1.783272615730146504e-01
1.773710847572272931e-01
1.764251071365010581e-01
1.754891663909392274e-01
1.745631036257134228e-01
1.736467632816413587e-01
1.727399930491290425e-01
1.718426437836907128e-01
1.709545694275706185e-01
1.700756269185941805e-01
1.692056761312073498e-01
1.683445797839325242e-01
1.674922033818306288e-01
1.666484151385306534e-01
1.658130859058244699e-01
1.649860891156703646e-01
1.641673007152058827e-01
1.633565990968909587e-01
1.625538650461689216e-01
1.617589816780955481e-01
1.609718343875794766e-01
1.601923107842453675e-01
1.594203006457995120e-01
1.586556958653717320e-01
1.578983904019657103e-01
1.571482802272648471e-01
1.564052632780915664e-01
1.556692394194887641e-01
1.549401103812261260e-01
1.542177797402027872e-01
1.535021528482484743e-01
1.527931368181038030e-01
1.520906404665220701e-01
1.513945742733479038e-01
1.507048503571722098e-01
1.500213824317217781e-01
1.493440857619514617e-01
1.486728771444140729e-01
1.480076748561051092e-01
1.473483986351522002e-01
1.466949696447251983e-01
1.460473104371589337e-01
1.454053449283788657e-01
1.447689983653798196e-01
1.441381972967052116e-01
1.435128695460694825e-01
1.428929441892666519e-01
1.422783515114529884e-01
1.416690230059977629e-01
1.410648913231900003e-01
1.404658902633296735e-01
1.398719547426225673e-01
1.392830207781986240e-01
1.386990254560740432e-01
1.381199069132503510e-01
1.375456043185067923e-01
1.369760578465553935e-01
1.364112086587566108e-01
1.358509988825704340e-01
1.352953715924293532e-01
1.347442707921034655e-01
1.341976413904804044e-01
1.336554291896870361e-01
1.331175808667673655e-01
1.325840439460067577e-01
1.320547667947845616e-01
1.315296985993082146e-01
1.310087893586306396e-01
1.304919898472120254e-01
1.299792516236838724e-01
1.294705270026711985e-01
1.289657690395335787e-01
1.284649315227320288e-01
1.279679689512636664e-01
1.274748365310831300e-01
1.269854901508648271e-01
1.264998863768975190e-01
1.260179824387257508e-01
1.255397362082055213e-01
1.250651062038727057e-01
1.245940515628097961e-01
1.241265320349480145e-01
1.236625079768393781e-01
1.232019403330632118e-01
1.227447906257394805e-01
1.222910209493970335e-01
1.218405939563917545e-01
1.213934728476508823e-01
1.209496213568423267e-01
1.205090037550308885e-01
1.200715848247565082e-01
1.196373298606429464e-01
1.192062046574813988e-01
1.187781755069571565e-01
1.183532091693745431e-01
1.179312728939315436e-01
1.175123343864270253e-01
1.170963618102371234e-01
1.166833237839250137e-01
1.162731893597312854e-01
1.158659280296647359e-01
1.154615097062225010e-01
1.150599047246354950e-01
1.146610838322120324e-01
1.142650181740379051e-01
1.138716793005596223e-01
1.134810391462019036e-01
1.130930700363321634e-01
1.127077446618238998e-01
1.123250360983194945e-01
1.119449177735985096e-01
1.115673634830852134e-01
1.111923473727065431e-01
1.108198439277932185e-01
1.104498279846759107e-01
1.100822747059200107e-01
1.097171595914299969e-01
1.093544584596130992e-01
1.089941474447211345e-01
1.086362030040455978e-01
1.082806018981700286e-01
1.079273211875630689e-01
1.075763382357314418e-01
1.072276306986931493e-01
1.068811765175108064e-01
1.065369539276452698e-01
1.061949414306017497e-01
1.058551178096521911e-01
1.055174621250082462e-01
1.051819536879810835e-01
1.048485720901389529e-01
1.045172971631586484e-01
1.041881090077537014e-01
1.038609879668907915e-01
1.035359146300641325e-01
1.032128698269468570e-01
1.028918346349825957e-01
1.025727903585863382e-01
1.022557185328002299e-01
1.019406009197666857e-01
1.016274195157944038e-01
1.013161565260811275e-01
1.010067943749559799e-01
1.006993157089798446e-01
1.003937033745975344e-01
1.000899404317040775e-01
9.978801014545787829e-02
9.948789598152101010e-02
9.918958160112892330e-02
9.889305085967417530e-02
9.859828781627415217e-02
9.830527670264822826e-02
9.801400195085553657e-02
9.772444816924082123e-02
9.743660015528131380e-02
9.715044287857718674e-02
9.686596148228165948e-02
9.658314129203508791e-02
9.630196779471072999e-02
9.602242665467596028e-02
9.574450369601369970e-02
9.546818491109171356e-02
9.519345645007559753e-02
9.492030461787667739e-02
9.464871588639067745e-02
9.437867687599406363e-02
9.411017435989937896e-02
9.384319526464543482e-02
9.357772665496073838e-02
9.331375574956060626e-02
9.305126991365933464e-02
9.279025664737357293e-02
9.253070359751121299e-02
9.227259853791015820e-02
9.201592938900562957e-02
9.176068420193067565e-02
9.150685115823344040e-02
9.125441857353781827e-02
9.100337488519906481e-02
9.075370866782170309e-02
9.050540860872036131e-02
9.025846353138802791e-02
9.001286237072056440e-02
8.976859418839260030e-02
8.952564815994759617e-02
8.928401357796508786e-02
8.904367985933391016e-02
8.880463651977113515e-02
8.856687319727250818e-02
8.833037963464396292e-02
8.809514569481187440e-02
8.786116133486171487e-02
8.762841662953572974e-02
8.739690174920011767e-02
8.716660697087662280e-02
8.693752267684035084e-02
8.670963934895913050e-02
8.648294756712508746e-02
8.625743801185618842e-02
8.603310145419858224e-02
8.580992877517210071e-02
8.558791093013129458e-02
8.536703898085105935e-02
8.514730408528049799e-02
8.492869747852493933e-02
8.471121049653072832e-02
8.449483456128839554e-02
8.427956117442932105e-02
8.406538193237586554e-02
8.385228851996608113e-02
8.364027269523911789e-02
8.342932630454462373e-02
8.321944128471923940e-02
8.301060963453731067e-02
8.280282344732883826e-02
8.259607489994148788e-02
8.239035622824110450e-02
8.218565975987304761e-02
8.198197789859140716e-02
8.177930311278749920e-02
8.157762795956849389e-02
8.137694505542890366e-02
8.117724709585306953e-02
8.097852685268507045e-02
8.078077715790345226e-02
8.058399091879764331e-02
8.038816111521371321e-02
8.019328078765039503e-02
7.999934304794222018e-02
7.980634107638022445e-02
7.961426811877228560e-02
7.942311747426553104e-02
7.923288252437507562e-02
7.904355669786217176e-02
7.885513349979608733e-02
7.866760649005538619e-02
7.848096928472407530e-02
7.829521556680277272e-02
7.811033908305919926e-02
7.792633363146357628e-02
7.774319306718287248e-02
7.756091130864593841e-02
7.737948233425953615e-02
7.719890016489942830e-02
7.701915889346321042e-02
7.684025265316314635e-02
7.666217564241106786e-02
7.648492211191647294e-02
7.630848635636695854e-02
7.613286273470407095e-02
7.595804564748361021e-02
7.578402955719285017e-02
7.561080897027405712e-02
7.543837844304400464e-02
7.526673257799908201e-02
7.509586603947131234e-02
7.492577352570746474e-02
7.475644978930896800e-02
7.458788963839434183e-02
7.442008790838089416e-02
7.425303949718288499e-02
7.408673934184265009e-02
7.392118242934775374e-02
7.375636378287668549e-02
7.359227848251671811e-02
7.342892163661465799e-02
7.326628841242839585e-02
7.310437400735189661e-02
7.294317366471565756e-02
7.278268267977344719e-02
7.262289637062818715e-02
7.246381010911932818e-02
7.230541931178509352e-02
7.214771942059186594e-02
7.199070592896618381e-02
7.183437435742320853e-02
7.167872028479921331e-02
7.152373930854333262e-02
7.136942707087085003e-02
7.121577925966079969e-02
7.106279158884121205e-02
7.091045981449098368e-02
7.075877972538860416e-02
7.060774714891669690e-02
7.045735794668939178e-02
7.030760802048377500e-02
7.015849330265529205e-02
7.001000975683496774e-02
6.986215338384592355e-02
6.971492021723253718e-02
6.956830633444240075e-02
6.942230782614323970e-02
6.927692082827695275e-02
6.913214150706467609e-02
6.898796606494753125e-02
6.884439073071359216e-02
6.870141176010485795e-02
6.855902544705827495e-02
6.841722811909986546e-02
6.827601612199837855e-02
6.813538584166659029e-02
6.799533369416796424e-02
6.785585612096432795e-02
6.771694958948129561e-02
6.757861060446210266e-02
6.744083569243428111e-02
6.730362140764084566e-02
6.716696433803923116e-02
6.703086110049367996e-02
6.689530832500652224e-02
6.676030268788669952e-02
6.662584087967267366e-02
6.649191962199239858e-02
6.635853566265381698e-02
6.622568577067082518e-02
6.609336674776795928e-02
6.596157541791712597e-02
6.583030862781660830e-02
6.569956325846627865e-02
6.556933620352606296e-02
6.543962439196697456e-02
6.531042476634420224e-02
6.518173429994784940e-02
6.505354999174312036e-02
6.492586886124596113e-02
6.479868795458297581e-02
6.467200432807648780e-02
6.454581507680558217e-02
6.442011731258016904e-02
6.429490816999530733e-02
6.417018480687312898e-02
6.404594439901553637e-02
6.392218414059347431e-02
6.379890126738853307e-02
6.367609301161526736e-02
6.355375664223715526e-02
6.343188944828877240e-02
6.331048872775768555e-02
6.318955181094199069e-02
6.306907604362171904e-02
6.294905879898232692e-02
6.282949745486611504e-02
6.271038942887938172e-02
6.259173213819940740e-02
6.247352303476077368e-02
6.235575958823491582e-02
6.223843926881245797e-02
6.212155959432475588e-02
6.200511808384773227e-02
6.188911226966771484e-02
6.177353972118054815e-02
6.165839800994585979e-02
6.154368473356591068e-02
6.142939750423168782e-02
6.131553395496979614e-02
6.120209172809104592e-02
6.108906849930467731e-02
6.097646194232618500e-02
6.086426975895941477e-02
6.075248967351484092e-02
6.064111940913211735e-02
6.053015672405104297e-02
6.041959937589339719e-02
6.030944516411108902e-02
6.019969186997534832e-02
6.009033731721144522e-02
5.998137933607428779e-02
5.987281577572680508e-02
5.976464449235801418e-02
5.965686336771634790e-02
5.954947029111982287e-02
5.944246317805700758e-02
5.933583994599022499e-02
5.922959853296894811e-02
5.912373689178456598e-02
5.901825299023506083e-02
5.891314481139066361e-02
5.880841034766235570e-02
5.870404761343075289e-02
5.860005463292970035e-02
5.849642944668984046e-02
5.839317009932448732e-02
5.829027466469913210e-02
5.818774121499391966e-02
5.808556785218221830e-02
5.798375267698401697e-02
5.788229380786270167e-02
5.778118938129773313e-02
5.768043754573918408e-02
5.758003644916710739e-02
5.747998427724507198e-02
5.738027920294652695e-02
5.728091943109435424e-02
5.718190316050445615e-02
5.708322862873578540e-02
5.698489405497057098e-02
5.688689769121630518e-02
5.678923779702290536e-02
5.669191263965145389e-02
5.659492050712330857e-02
5.649825968269638760e-02
5.640192848369691286e-02
5.630592521659995991e-02
5.621024820945543649e-02
5.611489581216994038e-02
5.601986637076539904e-02
5.592515824047571832e-02
5.583076980550415180e-02
5.573669944012805966e-02
5.564294554145821775e-02
5.554950652316265058e-02
5.545638078940840626e-02
5.536356678095386702e-02
5.527106292279194977e-02
5.517886767034244772e-02
5.508697947671335748e-02
5.499539681927679419e-02
5.490411816676602635e-02
5.481314200588533608e-02
5.472246684820392115e-02
5.463209119708894307e-02
5.454201356776648690e-02
5.445223248750152845e-02
5.436274649577813034e-02
5.427355414448014476e-02
5.418465399134596294e-02
5.409604459335747018e-02
5.400772453380521532e-02
5.391969239554325610e-02
5.383194677460232530e-02
5.374448627359141445e-02
5.365730950182593523e-02
5.357041508906327382e-02
5.348380165166945199e-02
5.339746784718722716e-02
5.331141231321243068e-02
5.322563370154127782e-02
5.314013069207301071e-02
5.305490194501862738e-02
5.296994614897580778e-02
5.288526199365898434e-02
5.280084817687854398e-02
5.271670341158645606e-02
5.263282641221429109e-02
5.254921589475075594e-02
5.246587059765959321e-02
5.238278926820754550e-02
5.229997063472296287e-02
5.221741347630674823e-02
5.213511653940779145e-02
5.205307860064297548e-02
5.197129843904584739e-02
5.188977484317040118e-02
5.180850661122636536e-02
5.172749253712297796e-02
5.164673143872222649e-02
5.156622212274557943e-02
5.148596342013975896e-02
5.140595416505372439e-02
5.132619319492050941e-02
5.124667935053932311e-02
5.116741149040383851e-02
5.108838846949306789e-02
5.100960916073409707e-02
5.093107243372730492e-02
5.085277717627584987e-02
5.077472227304519192e-02
5.069690661278097171e-02
5.061932910999345642e-02
5.054198866194036660e-02
5.046488419187905583e-02
5.038801461315077501e-02
5.031137885813227739e-02
5.023497586392086656e-02
5.015880456515365432e-02
5.008286392314714036e-02
5.000715287513069623e-02
4.993167038520721079e-02
4.985641542998419523e-02
4.978138697675153074e-02
4.970658399812277056e-02
4.963200548680882923e-02
4.955765043375228579e-02
4.948351782815976763e-02
4.940960668704005854e-02
4.933591600374532399e-02
4.926244480702622608e-02
4.918919210947438059e-02
4.911615693712737679e-02
4.904333832961253747e-02
4.897073532540574536e-02
4.889834696186543678e-02
4.882617228273115895e-02
4.875421036063970481e-02
4.868246024497386443e-02
4.861092099921980603e-02
4.853959170111207116e-02
4.846847143525912643e-02
4.839755926311108819e-02
4.832685429070478211e-02
4.825635560860835199e-02
4.818606230697419085e-02
4.811597349829897091e-02
4.804608828728203218e-02
4.797640579359672974e-02
4.790692512160591582e-02
4.783764541361983091e-02
4.776856578916977014e-02
4.769968538308381328e-02
4.763100333798218899e-02
4.756251879670660848e-02
4.749423091003153463e-02
4.742613883675673297e-02
4.735824172071222138e-02
4.729053873692747739e-02
4.722302905329996831e-02
4.715571184603611216e-02
4.708858628426450255e-02
4.702165155327232143e-02
4.695490684689192923e-02
4.688835135204851706e-02
4.682198426431195132e-02
4.675580478799076789e-02
4.668981212842021611e-02
4.662400549981859238e-02
4.655838410189725579e-02
4.649294716682480372e-02
4.642769391238601995e-02
4.636262357335614592e-02
4.629773537803436034e-02
4.623302855611182566e-02
4.616850235450031120e-02
4.610415601376680744e-02
4.603998879186767951e-02
4.597599993259007117e-02
4.591218869723561607e-02
4.584855434887270820e-02
4.578509614441693409e-02
4.572181336650244649e-02
4.565870527579399957e-02
4.559577116681667180e-02
4.553301030418221290e-02
4.547042197851810380e-02
4.540800548259508324e-02
4.534576011136867008e-02
4.528368515397258182e-02
4.522177991788387669e-02
4.516004370486365049e-02
4.509847582710706237e-02
4.503707559115547460e-02
4.497584232219443978e-02
4.491477533174784847e-02
4.485387395011270623e-02
4.479313749396544170e-02
4.473256530703258876e-02
4.467215671950561240e-02
4.461191106431294795e-02
4.455182768534372145e-02
4.449190593754591416e-02
4.443214515421377991e-02
4.437254469614826391e-02
4.431310391896668699e-02
4.425382218132688228e-02
4.419469884497072981e-02
4.413573327476790625e-02
4.407692483875957912e-02
4.401827291648210960e-02
4.395977688248436238e-02
4.390143610631662419e-02
4.384324998577127097e-02
4.378521788882473731e-02
4.372733922014102048e-02
4.366961336291466655e-02
4.361203972053482453e-02
4.355461768326807787e-02
4.349734666170880504e-02
4.344022605337406751e-02
4.338325526784130720e-02
4.332643372684830130e-02
4.326976083070085272e-02
4.321323600032313250e-02
4.315685866052266367e-02
4.310062823157936179e-02
4.304454413770292254e-02
4.298860581555626753e-02
4.293281268888855806e-02
4.287716420247122961e-02
4.282165978820894059e-02
4.276629889064173518e-02
4.271108094997926041e-02
4.265600541063582080e-02
4.260107172983149115e-02
4.254627936056052523e-02
4.249162776015957127e-02
4.243711637317708341e-02
4.238274467430606929e-02
4.232851211693328120e-02
4.227441817612725972e-02
4.222046232289753537e-02
4.216664401554258423e-02
4.211296274285832031e-02
4.205941798102261903e-02
4.200600920220817769e-02
4.195273588326164926e-02
4.189959753184590435e-02
4.184659361697581903e-02
4.179372363855411721e-02
4.174098708392567914e-02
4.168838344529959827e-02
4.163591223730335467e-02
4.158357293578779368e-02
4.153136506535523576e-02
4.147928812938889848e-02
4.142734161873251608e-02
4.137552506447983447e-02
4.132383796768449025e-02
4.127227984334085747e-02
4.122085022048669473e-02
4.116954859804183853e-02
4.111837452440973012e-02
4.106732750905230100e-02
4.101640708446323280e-02
4.096561277963522985e-02
4.091494412005287212e-02
4.086440064552320645e-02
4.081398189241891572e-02
4.076368740261222118e-02
4.071351671457098392e-02
4.066346937231468672e-02
4.061354492546259687e-02
4.056374291131199100e-02
4.051406289076030925e-02
4.046450440342849036e-02
4.041506702165231085e-02
4.036575028749270211e-02
4.031655375776421052e-02
4.026747701318966755e-02
4.021851959512420110e-02
4.016968107791339671e-02
4.012096103277063702e-02
4.007235902777071812e-02
4.002387462784352118e-02
3.997550741300207738e-02
3.992725695106187633e-02
3.987912283413652670e-02
3.983110462389530954e-02
3.978320191552070506e-02
3.973541429206124687e-02
3.968774133355371103e-02
3.964018263540575182e-02
3.959273777167880010e-02
3.954540635027015139e-02
3.949818795776316449e-02
3.945108219626489859e-02
3.940408864651279847e-02
3.935720693258188546e-02
3.931043663871140736e-02
3.926377736477366931e-02
3.921722872637858209e-02
3.917079033636925584e-02
3.912446178618547710e-02
3.907824269238066583e-02
3.903213267810663051e-02
3.898613134511749040e-02
3.894023832045211131e-02
3.889445320974092846e-02
3.884877564399868283e-02
3.880320523282114464e-02
3.875774161128803241e-02
3.871238439304971329e-02
3.866713321734033260e-02
3.862198771139112308e-02
3.857694749037022391e-02
3.853201220461630050e-02
3.848718148303528069e-02
3.844245495194678619e-02
3.839783225406277756e-02
3.835331302958720767e-02
3.830889692572497091e-02
3.826458356815757439e-02
3.822037261814344861e-02
3.817626370590521123e-02
3.813225648780721455e-02
3.808835060824031227e-02
3.804454572830197334e-02
3.800084148753797575e-02
3.795723754223549740e-02
3.791373354630279274e-02
3.787032916088858142e-02
3.782702404479765940e-02
3.778381784484029227e-02
3.774071024405811769e-02
3.769770089426335846e-02
3.765478945458566179e-02
3.761197560121291167e-02
3.756925898869253877e-02
3.752663929837778828e-02
3.748411619969607006e-02
3.744168935982374047e-02
3.739935845342717835e-02
3.735712315295740965e-02
3.731498313841317971e-02
3.727293809739198882e-02
3.723098768598384622e-02
3.718913160700439147e-02
3.714736953177576878e-02
3.710570113924659130e-02
3.706412613570985587e-02
3.702264417620917264e-02
3.698125497266874229e-02
3.693995821528865686e-02
3.689875357243087295e-02
3.685764075972424586e-02
3.681661946114048872e-02
3.677568936846696557e-02
3.673485018135800445e-02
3.669410160738627996e-02
3.665344332231995628e-02
3.661287503963562423e-02
3.657239646090710422e-02
3.653200729569986566e-02
3.649170723165968272e-02
3.645149598439193644e-02
3.641137326759439491e-02
3.637133877301231694e-02
3.633139222048309414e-02
3.629153331792726173e-02
3.625176178139732919e-02
3.621207731499991728e-02
3.617247963098871311e-02
3.613296845990292272e-02
3.609354351028291191e-02
3.605420450899181339e-02
3.601495115072329833e-02
3.597578318901046429e-02
3.593670031485080019e-02
3.589770226805400616e-02
3.585878877653073810e-02
3.581995955623433481e-02
3.578121433147432584e-02
3.574255283496831359e-02
3.570397480789385541e-02
3.566547994884550210e-02
3.562706802614128837e-02
3.558873874507199886e-02
3.555049185008783696e-02
3.551232707370049341e-02
3.547424414669902298e-02
3.543624281871698284e-02
3.539832281715515200e-02
3.536048388829684391e-02
3.532272576646065809e-02
3.528504819460077935e-02
3.524745091401886715e-02
3.520993367471239588e-02
3.517249621470235066e-02
3.513513828072171996e-02
3.509785961788347564e-02
3.506065998007292656e-02
3.502353911959376481e-02
3.498649676633057426e-02
3.494953270063411166e-02
3.491264664920057381e-02
3.487583837884661309e-02
3.483910764442003233e-02
3.480245418874201163e-02
3.476587778448286814e-02
3.472937817135814814e-02
3.469295512949871485e-02
3.465660839553678929e-02
3.462033774660275287e-02
3.458414293731190692e-02
3.454802373130019116e-02
3.451197989071620731e-02
3.447601117621854755e-02
3.444011736813841484e-02
3.440429821361934426e-02
3.436855349007693350e-02
3.433288296289922076e-02
3.429728640664226474e-02
3.426176358380749604e-02
3.422631426608148397e-02
3.419093823438856122e-02
3.415563525760205443e-02
3.412040510316850100e-02
3.408524754779798660e-02
3.405016237751683217e-02
3.401514936629070063e-02
3.398020827596721916e-02
3.394533889916572650e-02
3.391054101644890018e-02
3.387581439626535101e-02
3.384115883797167434e-02
3.380657410731011114e-02
3.377206000099243488e-02
3.373761628204541979e-02
3.370324276615478676e-02
3.366893921368893650e-02
3.363470541610894676e-02
3.360054116359078441e-02
3.356644624502298779e-02
3.353242045887357831e-02
3.349846358060281498e-02
3.346457540611512405e-02
3.343075571916087618e-02
3.339700433493154874e-02
3.336332102375406949e-02
3.332970558741428502e-02
3.329615781553554865e-02
3.326267751839302039e-02
3.322926448314905690e-02
3.319591851765776175e-02
3.316263939562204277e-02
3.312942694443620634e-02
3.309628094634907425e-02
3.306320120438126925e-02
3.303018753139908698e-02
3.299723971703171638e-02
3.296435756072800538e-02
3.293154088287696818e-02
3.289878946952424360e-02
3.286610314983046122e-02
3.283348170748653927e-02
3.280092495827135329e-02
3.276843271684773407e-02
3.273600477449371132e-02
3.270364095471278015e-02
3.267134106877540856e-02
3.263910491566198585e-02
3.260693231553855181e-02
3.257482307629946255e-02
3.254277701590960886e-02
3.251079394003653089e-02
3.247887367565831934e-02
3.244701602624153192e-02
3.241522081660378612e-02
3.238348785925816709e-02
3.235181696562208775e-02
3.232020795729221435e-02
3.228866066609779872e-02
3.225717488895914892e-02
3.222575046688884448e-02
3.219438720596502768e-02
3.216308493382338124e-02
3.213184347707995908e-02
3.210066264997575580e-02
3.206954227704954946e-02
3.203848219319134494e-02
3.200748220953525403e-02
3.197654215893915020e-02
3.194566187327543827e-02
3.191484117200951015e-02
3.188407987357398665e-02
3.185337782969294845e-02
3.182273484537483793e-02
3.179215077040238591e-02
3.176162541922641219e-02
3.173115863971505413e-02
3.170075024433527400e-02
3.167040007903439841e-02
3.164010797732751124e-02
3.160987376024085305e-02
3.157969727087850398e-02
3.154957833987474813e-02
3.151951680846365456e-02
3.148951250538442603e-02
3.145956528158032339e-02
3.142967496392260612e-02
3.139984137831323269e-02
3.137006438453822377e-02
3.134034381828509214e-02
3.131067951431183022e-02
3.128107130644543210e-02
3.125151903924280883e-02
3.122202256804441911e-02
3.119258171229058116e-02
3.116319633722230975e-02
3.113386627215567956e-02
3.110459135718468549e-02
3.107537145496339082e-02
3.104620639211757085e-02
3.101709602958076933e-02
3.098804020395087150e-02
3.095903876269604990e-02
3.093009156420846104e-02
3.090119843067994782e-02
3.087235924237974327e-02
3.084357381976304824e-02
3.081484204146996836e-02
3.078616372621376801e-02
3.075753875100022475e-02
3.072896695651671645e-02
3.070044819445231707e-02
3.067198232755154533e-02
3.064356918209350245e-02
3.061520864296289612e-02
3.058690054668278951e-02
3.055864475275342843e-02
3.053044110794788171e-02
3.050228948210203031e-02
3.047418972038439672e-02
3.044614169106791071e-02
3.041814523771163917e-02
3.039020022702071042e-02
3.036230651294375554e-02
3.033446396064632886e-02
3.030667242251306251e-02
3.027893176216519405e-02
3.025124184246655301e-02
3.022360252552239862e-02
3.019601366060826672e-02
3.016847510827574269e-02
3.014098675249830134e-02
3.011354844026537317e-02
3.008616004198600563e-02
3.005882141522284168e-02
3.003153242890795396e-02
3.000429293910271411e-02
2.997710282541587654e-02
2.994996194243614018e-02
2.992287016834146648e-02
2.989582735624347898e-02
2.986883338288496420e-02
2.984188811210931186e-02
2.981499141925282939e-02
2.978814316672827311e-02
2.976134321621493745e-02
2.973459144091486830e-02
2.970788772560687546e-02
2.968123192986272391e-02
2.965462392480679166e-02
2.962806358086884223e-02
2.960155076778296299e-02
2.957508537923329503e-02
2.954866725895685664e-02
2.952229628693999255e-02
2.949597235486981633e-02
2.946969531671848538e-02
2.944346506284774984e-02
2.941728145822575941e-02
2.939114437951747053e-02
2.936505370272714938e-02
2.933900931562000852e-02
2.931301108047560181e-02
2.928705888375498362e-02
2.926115259884316810e-02
2.923529209845968091e-02
2.920947726713521431e-02
2.918370798877715014e-02
2.915798414666859184e-02
2.913230559844610587e-02
2.910667225111873702e-02
2.908108397355847752e-02
2.905554063396528081e-02
2.903004213753033330e-02
2.900458835120585735e-02
2.897917916642285541e-02
2.895381446143694207e-02
2.892849411387121705e-02
2.890321802593500897e-02
2.887798604880807349e-02
2.885279810873803488e-02
2.882765405565537037e-02
2.880255378938111413e-02
2.877749719652166610e-02
2.875248416308878036e-02
2.872751457449875673e-02
2.870258831557152487e-02
2.867770527052980467e-02
2.865286533571829650e-02
2.862806840692684596e-02
2.860331434116352226e-02
2.857860305851298369e-02
2.855393442753437899e-02
2.852930835446584185e-02
2.850472471945836653e-02
2.848018342765333902e-02
2.845568434525113863e-02
2.843122737626008548e-02
2.840681241134015989e-02
2.838243934058829257e-02
2.835810805353757708e-02
2.833381846488297606e-02
2.830957043734512457e-02
2.828536387164615196e-02
2.826119868088156420e-02
2.823707473894530862e-02
2.821299194495537760e-02
2.818895019750455172e-02
2.816494939465957054e-02
2.814098942100905221e-02
2.811707017353242896e-02
2.809319156165425435e-02
2.806935346834527403e-02
2.804555580199328060e-02
2.802179844448669452e-02
2.799808130317356716e-02
2.797440428491406242e-02
2.795076727000061004e-02
2.792717017729978018e-02
2.790361288604739642e-02
2.788009530104550854e-02
2.785661732660459425e-02
2.783317885344828782e-02
2.780977979797445362e-02
2.778642004989803280e-02
2.776309952465089506e-02
2.773981809779782481e-02
2.771657568376883693e-02
2.769337219654153387e-02
2.767020751012523941e-02
2.764708156385710033e-02
2.762399423073906221e-02
2.760094542280014385e-02
2.757793505161354811e-02
2.755496300184237524e-02
2.753202921055581537e-02
2.750913354820909776e-02
2.748627593770630248e-02
2.746345628826555446e-02
2.744067448208138346e-02
2.741793045397148895e-02
2.739522409846877407e-02
2.737255530960036598e-02
2.734992402086491858e-02
2.732733011203820547e-02
2.730477350238830203e-02
2.728225409740403853e-02
2.725977181547941178e-02
2.723732656120589693e-02
2.721491822531672128e-02
2.719254673824361701e-02
2.717021198979668872e-02
2.714791390954941763e-02
2.712565239982248425e-02
2.710342737591454193e-02
2.708123872578210162e-02
2.705908639074403391e-02
2.703697025785948074e-02
2.701489025414565218e-02
2.699284627923113564e-02
2.697083824578502473e-02
2.694886607957139649e-02
2.692692967889783948e-02
2.690502896869009439e-02
2.688316384637218920e-02
2.686133423602916903e-02
2.683954006135797973e-02
2.681778120489560283e-02
2.679605761666467578e-02
2.677436917832390698e-02
2.675271582550323504e-02
2.673109747985124435e-02
2.670951403533398591e-02
2.668796541275033143e-02
2.666645153250652225e-02
2.664497231461563850e-02
2.662352766500746329e-02
2.660211751657462487e-02
2.658074177443579822e-02
2.655940034327025287e-02
2.653809316851823627e-02
2.651682015407775053e-02
2.649558120340576514e-02
2.647437626081782305e-02
2.645320522898646567e-02
2.643206802393036764e-02
2.641096458886868156e-02
2.638989481146606503e-02
2.636885862036432437e-02
2.634785594384875251e-02
2.632688670984761892e-02
2.630595080436715430e-02
2.628504818225260720e-02
2.626417875644821570e-02
2.624334243949510981e-02
2.622253915742970773e-02
2.620176883592841011e-02
2.618103138638613187e-02
2.616032673372465506e-02
2.613965480250427312e-02
2.611901551692326698e-02
2.609840880081744016e-02
2.607783457765964694e-02
2.605729275657223121e-02
2.603678327426570474e-02
2.601630606713023833e-02
2.599586102917489372e-02
2.597544809604863600e-02
2.595506721712082659e-02
2.593471827121689860e-02
2.591440122104839497e-02
2.589411597279109994e-02
2.587386246038149429e-02
2.585364061743199854e-02
2.583345034901405463e-02
2.581329158802452353e-02
2.579316426703487375e-02
2.577306830414940672e-02
2.575300363125437170e-02
2.573297017990927929e-02
2.571296786717209085e-02
2.569299663809979789e-02
2.567305639487623900e-02
2.565314709609823121e-02
2.563326862902965894e-02
2.561342096584949199e-02
2.559360400733678639e-02
2.557381768235518840e-02
2.555406193370018952e-02
2.553433668960673059e-02
2.551464186369374609e-02
2.549497739779523278e-02
2.547534323345693880e-02
2.545573926898315326e-02
2.543616545957125968e-02
2.541662173149393869e-02
2.539710801068988805e-02
2.537762423712502241e-02
2.535817032172918081e-02
2.533874621820397105e-02
2.531935185121410303e-02
2.529998714508823257e-02
2.528065203823536000e-02
2.526134645434394144e-02
2.524207034564278015e-02
2.522282363521159698e-02
2.520360624579210534e-02
2.518441811425944574e-02
2.516525917719403607e-02
2.514612937088118658e-02
2.512702863131070774e-02
2.510795687966063325e-02
2.508891406582250405e-02
2.506990011035941518e-02
2.505091494804232224e-02
2.503195852790476156e-02
2.501303076958458910e-02
2.499413162154144954e-02
2.497526100279450628e-02
2.495641886122802397e-02
2.493760512985606845e-02
2.491881974139302167e-02
2.490006262825333189e-02
2.488133373719917524e-02
2.486263300007697172e-02
2.484396034843205578e-02
2.482531572818951274e-02
2.480669907032450813e-02
2.478811030551007072e-02
2.476954939354517049e-02
2.475101624983836249e-02
2.473251081892342829e-02
2.471403303032740362e-02
2.469558284279000857e-02
2.467716017052693639e-02
2.465876497174620055e-02
2.464039717485632872e-02
2.462205672276296387e-02
2.460374355811017349e-02
2.458545760845577341e-02
2.456719883072212493e-02
2.454896713707378081e-02
2.453076249875410161e-02
2.451258482735749200e-02
2.449443407876511145e-02
2.447631019374783140e-02
2.445821309791076578e-02
2.444014276128808269e-02
2.442209909404297399e-02
2.440408205078904713e-02
2.438609157097289259e-02
2.436812760873188072e-02
2.435019008804605034e-02
2.433227894756356466e-02
2.431439414065546256e-02
2.429653560546909605e-02
2.427870329489610624e-02
2.426089713155904146e-02
2.424311706783583570e-02
2.422536304083539385e-02
2.420763500245374719e-02
2.418993288929526669e-02
2.417225665277285968e-02
2.415460622898511420e-02
2.413698156886060972e-02
2.411938260799095790e-02
2.410180928169730619e-02
2.408426155529582932e-02
2.406673934848803029e-02
2.404924262612480323e-02
2.403177133770753940e-02
2.401432540215584985e-02
2.399690478363698115e-02
2.397950941573577174e-02
2.396213926218429546e-02
2.394479424086652999e-02
2.392747431504516423e-02
2.391017943255425993e-02
2.389290952574389323e-02
2.387566455722011163e-02
2.385844445885030793e-02
2.384124919280135660e-02
2.382407867515866709e-02
2.380693288292496518e-02
2.378981176231911160e-02
2.377271522866566955e-02
2.375564327368012013e-02
2.373859579685822646e-02
2.372157278951648324e-02
2.370457416599420011e-02
2.368759990185455300e-02
2.367064991092606568e-02
2.365372416834874217e-02
2.363682261827795839e-02
2.361994520463481934e-02
2.360309187110586765e-02
2.358626257659522663e-02
2.356945724888915780e-02
2.355267587739230326e-02
2.353591835849309921e-02
2.351918468119082797e-02
2.350247478785834690e-02
2.348578862063214340e-02
2.346912612141205390e-02
2.345248724740158983e-02
2.343587195561119135e-02
2.341928018729538472e-02
2.340271189904465782e-02
2.338616703167103322e-02
2.336964554134404390e-02
2.335314738403889909e-02
2.333667249991855028e-02
2.332022084453575297e-02
2.330379237324821384e-02
2.328738702556757897e-02
2.327100475642764413e-02
2.325464553623917546e-02
2.323830928820960415e-02
2.322199598234637660e-02
2.320570555709284763e-02
2.318943798208522589e-02
2.317319317962322767e-02
2.315697113467670917e-02
2.314077178485654182e-02
2.312459508329272120e-02
2.310844098291734219e-02
2.309230943646432138e-02
2.307620039646918544e-02
2.306011381526886297e-02
2.304404966081740821e-02
2.302800785343284140e-02
2.301198837649784737e-02
2.299599116573659147e-02
2.298001617248947304e-02
2.296406336376799473e-02
2.294813269054542595e-02
2.293222411948772979e-02
2.291633756939186889e-02
2.290047302242643676e-02
2.288463042879471804e-02
2.286880973849868617e-02
2.285301090133880220e-02
2.283723388287300579e-02
2.282147863253110309e-02
2.280574511552198660e-02
2.279003326491167714e-02
2.277434306152940902e-02
2.275867443804679632e-02
2.274302735893902333e-02
2.272740178852211690e-02
2.271179765885796356e-02
2.269621494993591740e-02
2.268065360949077583e-02
2.266511360113369206e-02
2.264959485613272580e-02
2.263409736991722765e-02
2.261862105727666453e-02
2.260316589720547109e-02
2.258773185244559653e-02
2.257231886943124669e-02
2.255692689439110429e-02
2.254155590568529544e-02
2.252620584919702573e-02
2.251087668679398537e-02
2.249556838018164362e-02
2.248028087469040523e-02
2.246501413166763009e-02
2.244976811229787081e-02
2.243454276135696535e-02
2.241933805592689899e-02
2.240415394043487191e-02
2.238899039165789112e-02
2.237384735367374533e-02
2.235872477035216049e-02
2.234362263429002723e-02
2.232854087271675045e-02
2.231347946161055251e-02
2.229843836048413241e-02
2.228341751232940787e-02
2.226841690902977774e-02
2.225343646050194357e-02
2.223847617469848839e-02
2.222353597753880944e-02
2.220861584392120475e-02
2.219371574862200741e-02
2.217883561699642708e-02
2.216397542347717936e-02
2.214913512591943495e-02
2.213431469847768063e-02
2.211951408222937940e-02
2.210473325101700373e-02
2.208997216206068370e-02
2.207523077241311388e-02
2.206050905548044561e-02
2.204580693494864047e-02
2.203112441696339005e-02
2.201646144141765002e-02
2.200181796455719443e-02
2.198719395903548160e-02
2.197258938079415039e-02
2.195800420220420102e-02
2.194343836229314254e-02
2.192889183311580101e-02
2.191436456997038554e-02
2.189985654462791101e-02
2.188536772873374975e-02
2.187089806047874674e-02
2.185644752786577300e-02
2.184201606875644380e-02
2.182760363749534568e-02
2.181321023838185200e-02
2.179883579207956765e-02
2.178448028591496721e-02
2.177014369039018127e-02
2.175582592562266826e-02
2.174152699528805049e-02
2.172724685269900036e-02
2.171298545099651853e-02
2.169874275994638016e-02
2.168451873237881022e-02
2.167031335458913938e-02
2.165612656229962477e-02
2.164195834153793963e-02
2.162780864454394783e-02
2.161367744024742313e-02
2.159956469744927707e-02
2.158547036793668703e-02
2.157139442021931836e-02
2.155733680577076941e-02
2.154329750972663535e-02
2.152927650020816999e-02
2.151527371132721383e-02
2.150128914478086073e-02
2.148732273437686802e-02
2.147337444765035769e-02
2.145944426898994256e-02
2.144553214870799016e-02
2.143163805394802945e-02
2.141776195172276701e-02
2.140390380891393080e-02
2.139006359227213494e-02
2.137624125136673367e-02
2.136243676971363165e-02
2.134865011366920626e-02
2.133488123237509484e-02
2.132113009189108566e-02
2.130739667525006001e-02
2.129368094828075486e-02
2.127998285955249799e-02
2.126630237459627842e-02
2.125263947595969552e-02
2.123899412894153516e-02
2.122536628153657082e-02
2.121175591592696502e-02
2.119816299701257969e-02
2.118458747235580156e-02
2.117102934098734693e-02
2.115748855021370306e-02
2.114396506440092971e-02
2.113045886502959783e-02
2.111696989897175747e-02
2.110349814746200620e-02
2.109004357436345886e-02
2.107660614340489680e-02
2.106318583548400306e-02
2.104978259677912217e-02
2.103639640794065235e-02
2.102302723219173775e-02
2.100967504996799698e-02
2.099633980689701376e-02
2.098302148316606025e-02
2.096972004149054089e-02
2.095643544445037129e-02
2.094316768929491146e-02
2.092991670357158274e-02
2.091668248430213900e-02
2.090346499358923180e-02
2.089026419339932647e-02
2.087708006302026534e-02
2.086391256417887904e-02
2.085076165846546162e-02
2.083762730733363169e-02
2.082450950710366955e-02
2.081140821902160987e-02
2.079832340419644071e-02
2.078525502359999597e-02
2.077220305561261818e-02
2.075916747852131136e-02
2.074614823538397171e-02
2.073314532181330661e-02
2.072015869819268316e-02
2.070718834236843706e-02
2.069423419686918647e-02
2.068129625691008527e-02
2.066837448238831657e-02
2.065546885070764643e-02
2.064257932152146341e-02
2.062970587201152020e-02
2.061684846158692852e-02
2.060400708489600746e-02
2.059118168343613414e-02
2.057837223394366755e-02
2.056557871305984483e-02
2.055280109733066338e-02
2.054003934546268229e-02
2.052729343377804674e-02
2.051456333850332908e-02
2.050184900021508744e-02
2.048915043045865941e-02
2.047646758737401568e-02
2.046380041115080858e-02
2.045114891307936097e-02
2.043851305094511461e-02
2.042589278239309927e-02
2.041328810063635854e-02
2.040069896310482689e-02
2.038812534496399487e-02
2.037556722128255546e-02
2.036302454913394011e-02
2.035049730335984630e-02
2.033798547662525949e-02
2.032548902567916926e-02
2.031300790712916790e-02
2.030054211334819322e-02
2.028809161869126257e-02
2.027565637944023225e-02
2.026323636972162875e-02
2.025083158156162216e-02
2.023844195290687084e-02
2.022606749359601511e-02
2.021370814133537433e-02
2.020136390581119337e-02
2.018903472448902239e-02
2.017672057077504050e-02
2.016442145412610312e-02
2.015213731164586589e-02
2.013986811644438712e-02
2.012761385964052102e-02
2.011537451417948902e-02
2.010315003477763929e-02
2.009094041228955824e-02
2.007874560121106211e-02
2.006656559222006267e-02
2.005440035776520635e-02
2.004224985201073783e-02
2.003011406536879882e-02
2.001799296998892086e-02
2.000588653792076052e-02
1.999379474111395369e-02
1.998171753317814700e-02
1.996965492233148537e-02
1.995760688025609297e-02
1.994557334198777260e-02
1.993355431550961759e-02
1.992154977220230924e-02
1.990955966503981170e-02
1.989758400180237710e-02
1.988562271694531772e-02
1.987367581809112299e-02
1.986174325779911307e-02
1.984982502520560646e-02
1.983792107264551255e-02
1.982603140745774553e-02
1.981415596339132848e-02
1.980229476603148978e-02
1.979044773049690176e-02
1.977861488223560740e-02
1.976679617297314936e-02
1.975499157273836320e-02
1.974320106991837506e-02
1.973142463437104963e-02
1.971966223585209718e-02
1.970791384401498342e-02
1.969617946541951659e-02
1.968445903254981838e-02
1.967275255180483962e-02
1.966105997395691668e-02
1.964938128672844356e-02
1.963771647778311466e-02
1.962606549758495050e-02
1.961442835219534206e-02
1.960280497329086255e-02
1.959119538537431801e-02
1.957959951990495204e-02
1.956801740127823291e-02
1.955644896073571726e-02
1.954489418527005640e-02
1.953335306181443881e-02
1.952182555857287158e-02
1.951031164364567042e-02
1.949881132241260834e-02
1.948732454412975892e-02
1.947585127661883436e-02
1.946439152504687853e-02
1.945294525709351935e-02
1.944151244033418338e-02
1.943009304223999173e-02
1.941868706771520889e-02
1.940729446530846045e-02
1.939591522100132803e-02
1.938454932071485837e-02
1.937319673149662594e-02
1.936185742028943141e-02
1.935053139160093291e-02
1.933921859338433302e-02
1.932791903001446210e-02
1.931663264924540768e-02
1.930535945531883582e-02
1.929409939578941718e-02
1.928285247476533432e-02
1.927161865851350839e-02
1.926039791319536856e-02
1.924919022380078976e-02
1.923799559420313193e-02
1.922681395243389102e-02
1.921564532116603469e-02
1.920448964718646581e-02
1.919334691511028618e-02
1.918221710949063671e-02
1.917110021481862464e-02
1.915999619650106053e-02
1.914890501983850316e-02
1.913782668811358362e-02
1.912676114742499142e-02
1.911570841998582598e-02
1.910466845172580433e-02
1.909364122660050025e-02
1.908262672850282587e-02
1.907162492215269678e-02
1.906063579128449217e-02
1.904965931956974223e-02
1.903869549061703095e-02
1.902774426881757852e-02
1.901680563762084622e-02
1.900587958041315834e-02
1.899496608051761196e-02
1.898406508279711427e-02
1.897317660880095194e-02
1.896230062244165862e-02
1.895143708752419082e-02
1.894058598698838275e-02
1.892974730371043898e-02
1.891892103976739251e-02
1.890810713938984033e-02
1.889730558522957279e-02
1.888651637917208165e-02
1.887573946515702997e-02
1.886497486425048331e-02
1.885422252021985018e-02
1.884348243470525611e-02
1.883275458997393098e-02
1.882203892950132587e-02
1.881133547410930237e-02
1.880064416710037697e-02
1.878996502921148268e-02
1.877929800357192036e-02
1.876864307199579973e-02
1.875800023566232683e-02
1.874736947628912950e-02
1.873675073662523297e-02
1.872614403711812467e-02
1.871554932034282664e-02
1.870496660666082223e-02
1.869439583847287700e-02
1.868383701654726531e-02
1.867329010259513936e-02
1.866275511680520749e-02
1.865223198168892288e-02
1.864172073686619358e-02
1.863122130465138734e-02
1.862073370502636410e-02
1.861025791882734565e-02
1.859979388763463928e-02
1.858934163129908473e-02
1.857890111084246204e-02
1.856847232643286591e-02
1.855805521929900642e-02
1.854764980911616928e-02
1.853725605659808928e-02
1.852687394202051641e-02
1.851650346527622393e-02
1.850614458684727084e-02
1.849579728681061130e-02
1.848546154517678730e-02
1.847513736161721098e-02
1.846482469630420647e-02
1.845452352904878787e-02
1.844423385935570897e-02
1.843395566693571686e-02
1.842368891165042238e-02
1.841343359283736936e-02
1.840318967020244598e-02
1.839295716278689305e-02
1.838273601034723370e-02
1.837252621199725322e-02
1.836232774697920886e-02
1.835214061432770619e-02
1.834196475344259183e-02
1.833180018309450363e-02
1.832164688228975907e-02
1.831150481006366473e-02
1.830137396516923545e-02
1.829125432641041590e-02
1.828114587252359369e-02
1.827104858217751954e-02
1.826096243397327609e-02
1.825088742641389067e-02
1.824082351801726079e-02
1.823077070717281020e-02
1.822072897224339197e-02
1.821069829152389269e-02
1.820067864324118045e-02
1.819067002558986609e-02
1.818067241669367451e-02
1.817068577455030823e-02
1.816071009718288679e-02
1.815074538259030257e-02
1.814079158856538726e-02
1.813084869289041667e-02
1.812091671350506833e-02
1.811099558787287664e-02
1.810108533384051019e-02
1.809118590883624159e-02
1.808129733064658962e-02
1.807141953640542878e-02
1.806155252362681707e-02
1.805169628980006838e-02
1.804185081218860967e-02
1.803201604777484104e-02
1.802219201409743787e-02
1.801237868824592109e-02
1.800257602699559603e-02
1.799278404777702317e-02
1.798300268697100232e-02
1.797323198219193119e-02
1.796347186967105561e-02
1.795372236668306073e-02
1.794398342958762951e-02
1.793425505527544705e-02
1.792453722027850804e-02
1.791482992140354391e-02
1.790513313507644672e-02
1.789544681728711187e-02
1.788577100542109583e-02
1.787610561459617581e-02
1.786645070252385406e-02
1.785680618414920220e-02
1.784717207632232142e-02
1.783754837547905925e-02
1.782793503714241029e-02
1.781833205763022621e-02
1.780873941276882311e-02
1.779915709879089855e-02
1.778958509141550029e-02
1.778002336629141977e-02
1.777047191950675148e-02
1.776093072660273053e-02
1.775139976305020392e-02
1.774187904533484905e-02
1.773236850774542739e-02
1.772286818723533761e-02
1.771337801794122674e-02
1.770389801618777251e-02
1.769442817771940332e-02
1.768496843642772265e-02
1.767551880852442220e-02
1.766607928960775911e-02
1.765664983396564996e-02
1.764723043707664210e-02
1.763782109439240506e-02
1.762842178066286250e-02
1.761903247056689770e-02
1.760965315940917625e-02
1.760028384246731942e-02
1.759092447355403363e-02
1.758157504782657810e-02
1.757223558115596565e-02
1.756290600642221311e-02
1.755358633939774204e-02
1.754427657509773433e-02
1.753497666693997620e-02
1.752568660981874971e-02
1.751640639860089013e-02
1.750713600730766789e-02
1.749787540988871626e-02
1.748862462190223233e-02
1.747938359636948616e-02
1.747015234878234596e-02
1.746093083202955934e-02
1.745171906153649560e-02
1.744251699005920295e-02
1.743332461205017447e-02
1.742414194285122481e-02
1.741496891410734132e-02
1.740580556199962381e-02
1.739665183896817527e-02
1.738750773925949733e-02
1.737837323611967147e-02
1.736924834468922887e-02
1.736013301714153106e-02
1.735102726854968053e-02
1.734193105095341303e-02
1.733284435833083378e-02
1.732376720567010281e-02
1.731469954482675253e-02
1.730564136966063551e-02
1.729659267400315489e-02
1.728755343057467725e-02
1.727852361202296058e-02
1.726950325423666846e-02
1.726049228758625223e-02
1.725149072678752032e-02
1.724249854429646053e-02
1.723351575479345130e-02
1.722454228833565290e-02
1.721557818067236817e-02
1.720662340406720406e-02
1.719767790951810121e-02
1.718874173272065889e-02
1.717981484578550572e-02
1.717089722075017255e-02
1.716198882957903002e-02
1.715308968665879216e-02
1.714419978513232606e-02
1.713531907557370310e-02
1.712644757228206846e-02
1.711758524698771960e-02
1.710873207134756130e-02
1.709988808088669723e-02
1.709105320456456162e-02
1.708222745652257860e-02
1.707341082956984751e-02
1.706460329512804810e-02
1.705580484591421100e-02
1.704701545323582604e-02
1.703823510971768859e-02
1.702946382935696668e-02
1.702070156192613329e-02
1.701194829992789051e-02
1.700320405727024850e-02
1.699446878353726154e-02
1.698574247110919838e-02
1.697702513380458869e-02
1.696831674249785551e-02
1.695961726798941860e-02
1.695092672400799402e-02
1.694224505975979247e-02
1.693357228890244801e-02
1.692490840357337156e-02
1.691625337433460413e-02
1.690760719323022507e-02
1.689896985227412954e-02
1.689034132187169218e-02
1.688172161553257514e-02
1.687311068197923369e-02
1.686450853464968591e-02
1.685591514375093386e-02
1.684733052268226963e-02
1.683875464156782409e-02
1.683018747045718355e-02
1.682162902265822713e-02
1.681307928981492714e-02
1.680453822016372833e-02
1.679600582692079153e-02
1.678748210160521323e-02
1.677896701398387536e-02
1.677046057721397546e-02
1.676196276097891014e-02
1.675347353488723309e-02
1.674499291200380949e-02
1.673652086185349955e-02
1.672805739746147796e-02
1.671960246647013690e-02
1.671115610364143703e-02
1.670271825651178585e-02
1.669428891616183200e-02
1.668586809548388769e-02
1.667745576367581431e-02
1.666905188986026604e-02
1.666065650871201287e-02
1.665226956741564304e-02
1.664389105683198797e-02
1.663552098969948295e-02
1.662715933492968021e-02
1.661880608328960424e-02
1.661046120357307157e-02
1.660212470840425822e-02
1.659379658845609035e-02
1.658547681239513905e-02
1.657716537079837946e-02
1.656886225421130149e-02
1.656056745314787859e-02
1.655228095809050878e-02
1.654400273745999100e-02
1.653573280368350606e-02
1.652747114714860077e-02
1.651921773614807229e-02
1.651097253889892424e-02
1.650273558979768046e-02
1.649450685700884836e-02
1.648628630862106204e-02
1.647807397900153889e-02
1.646986979192786513e-02
1.646167380385470808e-02
1.645348593842972315e-02
1.644530622994757815e-02
1.643713466841257437e-02
1.642897119942847775e-02
1.642081583506471015e-02
1.641266856519638800e-02
1.640452937966652494e-02
1.639639826828599711e-02
1.638827519859415577e-02
1.638016018255483708e-02
1.637205320988233473e-02
1.636395424798627388e-02
1.635586328648335960e-02
1.634778033725241969e-02
1.633970536757309647e-02
1.633163836696506846e-02
1.632357932491561650e-02
1.631552823087958903e-02
1.630748509662892018e-02
1.629944986686546887e-02
1.629142255328514324e-02
1.628340314521280890e-02
1.627539163194074642e-02
1.626738800272864438e-02
1.625939222438791548e-02
1.625140433093323969e-02
1.624342426668402492e-02
1.623545202073624349e-02
1.622748760461282386e-02
1.621953100737726777e-02
1.621158221806029420e-02
1.620364120316701920e-02
1.619570795162944207e-02
1.618778247486146737e-02
1.617986476176236019e-02
1.617195477866160622e-02
1.616405253690738480e-02
1.615615800274120689e-02
1.614827118746727658e-02
1.614039205723901901e-02
1.613252060072464800e-02
1.612465682916222262e-02
1.611680073118680265e-02
1.610895227277530165e-02
1.610111146509940125e-02
1.609327827404761699e-02
1.608545271074723546e-02
1.607763476366729991e-02
1.606982439856352238e-02
1.606202160380531402e-02
1.605422641313296317e-02
1.604643876948905548e-02
1.603865866114294325e-02
1.603088612180086220e-02
1.602312109423907616e-02
1.601536358938380339e-02
1.600761359540365039e-02
1.599987110043371574e-02
1.599213609257554153e-02
1.598440855989712375e-02
1.597668849043286030e-02
1.596897587218354050e-02
1.596127069311631397e-02
1.595357294116465929e-02
1.594588262708473286e-02
1.593819971590829110e-02
1.593052419546767823e-02
1.592285607645087600e-02
1.591519534665572499e-02
1.590754197093481939e-02
1.589989593698528519e-02
1.589225727833736002e-02
1.588462593679753482e-02
1.587700192291680718e-02
1.586938522428976359e-02
1.586177582847703854e-02
1.585417374599384574e-02
1.584657891836669524e-02
1.583899137904235671e-02
1.583141111547842900e-02
1.582383809206578881e-02
1.581627229616079655e-02
1.580871373814036335e-02
1.580116240532562430e-02
1.579361828500353351e-02
1.578608136442685370e-02
1.577855163081411452e-02
1.577102909445936632e-02
1.576351371942490837e-02
1.575600549282646021e-02
1.574850440174543204e-02
1.574101047953655602e-02
1.573352366694894672e-02
1.572604397413678717e-02
1.571857141126392979e-02
1.571110591891015235e-02
1.570364753036831637e-02
1.569619620932513615e-02
1.568875196585067106e-02
1.568131478678254365e-02
1.567388463567084833e-02
1.566646152251505511e-02
1.565904545732411252e-02
1.565163640354434033e-02
1.564423434784040917e-02
1.563683930015042148e-02
1.562945122378366775e-02
1.562207012863089592e-02
1.561469602459220410e-02
1.560732885152055389e-02
1.559996864259868138e-02
1.559261538431429978e-02
1.558526903973509598e-02
1.557792961864230656e-02
1.557059708401190186e-02
1.556327146899566874e-02
1.555595275994009832e-02
1.554864089627616512e-02
1.554133593456831844e-02
1.553403781416661140e-02
1.552674654471801474e-02
1.551946213587855269e-02
1.551218452682715659e-02
1.550491377415156788e-02
1.549764981694956925e-02
1.549039266478103444e-02
1.548314230367533149e-02
1.547589871962669686e-02
1.546866192215570757e-02
1.546143189721932258e-02
1.545420860715578971e-02
1.544699208500768632e-02
1.543978226944825970e-02
1.543257919349367603e-02
1.542538284295775879e-02
1.541819320361904541e-02
1.541101026122075439e-02
1.540383400147075921e-02
1.539666443371323461e-02
1.538950151993569507e-02
1.538234526943357654e-02
1.537519569151096603e-02
1.536805274804910713e-02
1.536091642457646997e-02
1.535378673032381652e-02
1.534666367453047311e-02
1.533954719516490185e-02
1.533243732515517793e-02
1.532533404991828080e-02
1.531823733104274200e-02
1.531114720144906294e-02
1.530406362266557505e-02
1.529698660379273309e-02
1.528991613010246761e-02
1.528285216298309185e-02
1.527579475917901358e-02
1.526874383231122644e-02
1.526169943911880218e-02
1.525466154086917506e-02
1.524763012265298312e-02
1.524060516952506841e-02
1.523358671435461227e-02
1.522657469431873585e-02
1.521956914225900369e-02
1.521257001919488518e-02
1.520557735797331382e-02
1.519859109557281270e-02
1.519161126481256147e-02
1.518463785055953509e-02
1.517767081363153615e-02
1.517071016281478293e-02
1.516375590690356538e-02
1.515680803065395064e-02
1.514986651878597740e-02
1.514293135598362462e-02
1.513600252689480119e-02
1.512908004022166415e-02
1.512216390467433468e-02
1.511525408074611623e-02
1.510835055297349294e-02
1.510145332999121050e-02
1.509456242044188157e-02
1.508767778466310605e-02
1.508079943124712892e-02
1.507392734461553835e-02
1.506706150915367373e-02
1.506020193341112146e-02
1.505334860173370912e-02
1.504650149843096522e-02
1.503966063200966145e-02
1.503282596249511105e-02
1.502599752259903797e-02
1.501917527228503225e-02
1.501235921999151922e-02
1.500554934987591987e-02
1.499874564605922257e-02
1.499194811693666148e-02
1.498515674658938007e-02
1.497837154339475528e-02
1.497159246705024108e-02
1.496481952588224473e-02
1.495805270385892026e-02
1.495129198491187451e-02
1.494453740171179310e-02
1.493778891378440103e-02
1.493104650498460265e-02
1.492431018355156770e-02
1.491757995773190099e-02
1.491085578689380076e-02
1.490413765477866491e-02
1.489742559402108639e-02
1.489071958835518246e-02
1.488401959699136440e-02
1.487732562805524350e-02
1.487063768967974466e-02
1.486395576548506410e-02
1.485727983905461846e-02
1.485060989393501528e-02
1.484394593818914171e-02
1.483728797988712912e-02
1.483063597795606509e-02
1.482398994041440182e-02
1.481734985069061913e-02
1.481071571678446545e-02
1.480408752208366846e-02
1.479746524993901489e-02
1.479084888366435056e-02
1.478423845584105924e-02
1.477763392511188302e-02
1.477103529938708290e-02
1.476444256189866217e-02
1.475785569584161551e-02
1.475127470908122601e-02
1.474469958477143613e-02
1.473813033075850251e-02
1.473156693015525986e-02
1.472500936603744932e-02
1.471845764620611369e-02
1.471191172892235416e-02
1.470537164671942981e-02
1.469883738259062170e-02
1.469230891949203054e-02
1.468578626516008068e-02
1.467926937768098371e-02
1.467275828957831547e-02
1.466625295887484873e-02
1.465975339323518506e-02
1.465325960033074873e-02
1.464677153807249568e-02
1.464028923897392476e-02
1.463381266088239520e-02
1.462734183631388823e-02
1.462087669812441038e-02
1.461441730373801498e-02
1.460796358592496118e-02
1.460151557717294726e-02
1.459507326007689065e-02
1.458863661719428037e-02
1.458220565603898788e-02
1.457578035912666936e-02
1.456936073395136144e-02
1.456294676298684580e-02
1.455653840363153873e-02
1.455013571339782048e-02
1.454373864965315642e-02
1.453734719475431765e-02
1.453096135610247065e-02
1.452458114110528366e-02
1.451820650696897599e-02
1.451183748616306952e-02
1.450547403582959881e-02
1.449911616330295736e-02
1.449276387592397797e-02
1.448641715588084959e-02
1.448007596015401383e-02
1.447374034636656794e-02
1.446741024627553468e-02
1.446108569232463711e-02
1.445476669179387302e-02
1.444845317629404706e-02
1.444214517825484663e-02
1.443584270490913188e-02
1.442954571297959745e-02
1.442325420964558208e-02
1.441696820209267642e-02
1.441068767222145747e-02
1.440441260189467484e-02
1.439814299825054392e-02
1.439187886843349556e-02
1.438562016892345682e-02
1.437936690681115327e-02
1.437311906383607896e-02
1.436687667243663653e-02
1.436063968896317614e-02
1.435440814585536157e-02
1.434818197399722467e-02
1.434196123120905393e-02
1.433574584828791951e-02
1.432953585764280141e-02
1.432333126628728727e-02
1.431713203032792397e-02
1.431093815672429548e-02
1.430474965244200522e-02
1.429856647347347957e-02
1.429238865223084881e-02
1.428621617015304705e-02
1.428004900864090002e-02
1.427388717459080435e-02
1.426773067490510680e-02
1.426157946538068010e-02
1.425543355286562099e-02
1.424929294421395376e-02
1.424315762069682662e-02
1.423702756354721863e-02
1.423090280518148586e-02
1.422478330120049463e-02
1.421866905838847089e-02
1.421256005789162807e-02
1.420645633212767010e-02
1.420035783656652985e-02
1.419426455227269269e-02
1.418817651164821364e-02
1.418209369574710034e-02
1.417601608558506122e-02
1.416994368786046038e-02
1.416387648354539702e-02
1.415781447931663967e-02
1.415175768185667100e-02
1.414570602055853672e-02
1.413965957934513497e-02
1.413361826176768796e-02
1.412758212599539431e-02
1.412155115286388603e-02
1.411552529735023848e-02
1.410950461767362073e-02
1.410348904293611157e-02
1.409747860552592290e-02
1.409147328615253242e-02
1.408547309136213080e-02
1.407947800182025345e-02
1.407348799815392147e-02
1.406750311276816490e-02
1.406152330035975208e-02
1.405554856740344472e-02
1.404957892037951919e-02
1.404361433982139959e-02
1.403765480622392800e-02
1.403170035199210498e-02
1.402575093162427775e-02
1.401980655152893114e-02
1.401386721811999185e-02
1.400793291179835455e-02
1.400200361292626948e-02
1.399607935390828790e-02
1.399016008904391782e-02
1.398424585073747284e-02
1.397833659322208176e-02
1.397243234890177717e-02
1.396653307194326878e-02
1.396063876864365831e-02
1.395474944530537137e-02
1.394886508210751649e-02
1.394298568533008584e-02
1.393711126125835899e-02
1.393124176385953684e-02
1.392537719936333754e-02
1.391951760018846941e-02
1.391366292021874347e-02
1.390781313946082114e-02
1.390196829031606698e-02
1.389612835277954234e-02
1.389029333304625524e-02
1.388446318481675358e-02
1.387863796675199886e-02
1.387281760624695971e-02
1.386700213570107171e-02
1.386119150868129514e-02
1.385538578389124316e-02
1.384958491486407497e-02
1.384378890770382627e-02
1.383799771584369627e-02
1.383221139802978672e-02
1.382642990766140903e-02
1.382065325079685249e-02
1.381488143349946657e-02
1.380911440905154691e-02
1.380335220986450735e-02
1.379759481556868013e-02
1.379184223218146363e-02
1.378609441285100559e-02
1.378035141643490016e-02
1.377461319604721818e-02
1.376887973118904804e-02
1.376315105428478104e-02
1.375742714482339549e-02
1.375170798225475513e-02
1.374599359901809356e-02
1.374028392150056753e-02
1.373457900864346985e-02
1.372887883983923106e-02
1.372318339444111510e-02
1.371749267833253030e-02
1.371180667082141577e-02
1.370612537776787904e-02
1.370044877843449097e-02
1.369477687865800625e-02
1.368910968428002292e-02
1.368344717451152118e-02
1.367778935517068202e-02
1.367213620542302374e-02
1.366648773106328256e-02
1.366084393789098253e-02
1.365520477832936168e-02
1.364957028482293756e-02
1.364394043643991396e-02
1.363831521220917192e-02
1.363269464458947977e-02
1.362707871259715049e-02
1.362146739520914314e-02
1.361586069813072036e-02
1.361025862707184245e-02
1.360466113416776771e-02
1.359906827867314420e-02
1.359347998587677984e-02
1.358789631505367621e-02
1.358231721823655730e-02
1.357674270106421811e-02
1.357117274232428304e-02
1.356560737449857314e-02
1.356004654948407377e-02
1.355449029976080015e-02
1.354893860405768750e-02
1.354339144106418702e-02
1.353784881635216285e-02
1.353231073549804320e-02
1.352677717713886459e-02
1.352124814682711777e-02
1.351572362315383441e-02
1.351020361164751576e-02
1.350468811784116818e-02
1.349917714727232564e-02
1.349367065146290894e-02
1.348816863589333455e-02
1.348267110604849627e-02
1.347717806741776173e-02
1.347168949844084786e-02
1.346620540458299056e-02
1.346072576423771629e-02
1.345525058284609450e-02
1.344977986585362516e-02
1.344431359160100717e-02
1.343885173838929407e-02
1.343339433874235316e-02
1.342794137094798813e-02
1.342249284040759535e-02
1.341704869819835763e-02
1.341160897683962155e-02
1.340617368171283588e-02
1.340074279100643764e-02
1.339531628286913870e-02
1.338989418984868306e-02
1.338447646284998856e-02
1.337906313441842611e-02
1.337365415539040411e-02
1.336824958557232892e-02
1.336284934849065256e-02
1.335745350397136294e-02
1.335206197545029706e-02
1.334667482277299665e-02
1.334129202392174765e-02
1.333591355683901372e-02
1.333053942676800524e-02
1.332516961160455822e-02
1.331980414392989337e-02
1.331444297425260319e-02
1.330908613515130630e-02
1.330373360446153626e-02
1.329838535997894360e-02
1.329304143429469766e-02
1.328770177776203085e-02
1.328236642296942542e-02
1.327703534765206118e-02
1.327170855696696572e-02
1.326638602860251252e-02
1.326106776769093824e-02
1.325575377936859950e-02
1.325044404127011417e-02
1.324513855850699764e-02
1.323983733619485403e-02
1.323454035191447969e-02
1.322924758320667173e-02
1.322395906269409685e-02
1.321867476790364836e-02
1.321339467632219947e-02
1.320811882058457731e-02
1.320284717816370273e-02
1.319757972649244701e-02
1.319231647059068528e-02
1.318705744312036014e-02
1.318180259384424922e-02
1.317655190010108557e-02
1.317130542220286589e-02
1.316606310982517368e-02
1.316082496794572856e-02
1.315559100154621054e-02
1.315036118789707914e-02
1.314513553195486087e-02
1.313991403868003741e-02
1.313469668528878011e-02
1.312948344895710495e-02
1.312427439013172034e-02
1.311906943044490077e-02
1.311386860256986281e-02
1.310867191142446597e-02
1.310347933411609885e-02
1.309829087553732695e-02
1.309310651274820693e-02
1.308792625061598429e-02
1.308275009401176081e-02
1.307757801994105865e-02
1.307241003324961272e-02
1.306724613878699516e-02
1.306208631350412076e-02
1.305693056222514796e-02
1.305177888977805158e-02
1.304663127305906792e-02
1.304148771687071648e-02
1.303634819806172816e-02
1.303121274937773036e-02
1.302608134765297250e-02
1.302095396968139772e-02
1.301583064821993339e-02
1.301071133203533271e-02
1.300559605388099636e-02
1.300048479048873488e-02
1.299537757464145314e-02
1.299027432694289767e-02
1.298517510820709590e-02
1.298007989510360435e-02
1.297498866426160385e-02
1.296990142037070769e-02
1.296481816812422236e-02
1.295973891221911985e-02
1.295466362922218818e-02
1.294959232380468554e-02
1.294452497248562740e-02
1.293946160807744536e-02
1.293440217890647927e-02
1.292934671778141198e-02
1.292429520115869618e-02
1.291924763366530948e-02
1.291420401993185335e-02
1.290916433635951217e-02
1.290412855930899577e-02
1.289909674986571171e-02
1.289406882787641831e-02
1.288904485444469609e-02
1.288402477761341203e-02
1.287900860193910181e-02
1.287399633198185907e-02
1.286898797230533534e-02
1.286398349914453891e-02
1.285898291703714037e-02
1.285398623052435088e-02
1.284899344415090135e-02
1.284400450571252482e-02
1.283901944808214443e-02
1.283403824738367678e-02
1.282906090810976771e-02
1.282408746317688364e-02
1.281911783182366517e-02
1.281415207537182736e-02
1.280919016987455347e-02
1.280423209134442554e-02
1.279927784422881833e-02
1.279432743297855696e-02
1.278938086204790998e-02
1.278443810738611776e-02
1.277949917342125798e-02
1.277456403605433007e-02
1.276963272822871989e-02
1.276470522583021336e-02
1.275978153326749569e-02
1.275486159780348482e-02
1.274994550954431510e-02
1.274503315855544765e-02
1.274012463498282698e-02
1.273521985739611145e-02
1.273031885875475569e-02
1.272542164342497194e-02
1.272052821577631353e-02
1.271563852285625441e-02
1.271075256897492324e-02
1.270587038713053528e-02
1.270099198167293567e-02
1.269611729954171070e-02
1.269124634502722705e-02
1.268637912242315431e-02
1.268151566476630882e-02
1.267665591888829379e-02
1.267179988905960120e-02
1.266694757955401894e-02
1.266209899464859623e-02
1.265725410982872570e-02
1.265241292934494305e-02
1.264757545745102442e-02
1.264274166957603251e-02
1.263791159878618897e-02
1.263308519164497296e-02
1.262826248121406286e-02
1.262344347173037160e-02
1.261862810966790129e-02
1.261381642809797365e-02
1.260900843123409498e-02
1.260420406546071750e-02
1.259940339278591524e-02
1.259460635955644836e-02
1.258981296993247866e-02
1.258502322807734421e-02
1.258023713815754549e-02
1.257545470434274712e-02
1.257067587281928550e-02
1.256590070570556134e-02
1.256112914915012702e-02
1.255636120726914481e-02
1.255159688418189777e-02
1.254683618401081398e-02
1.254207908182207107e-02
1.253732561078164769e-02
1.253257571685852806e-02
1.252782943321388738e-02
1.252308673484921024e-02
1.251834762583945923e-02
1.251361211026266913e-02
1.250888016306348979e-02
1.250415178829306084e-02
1.249942701916410999e-02
1.249470580142790672e-02
1.248998813911172956e-02
1.248527403624591012e-02
1.248056352606641620e-02
1.247585652500191045e-02
1.247115309547497906e-02
1.246645321229247066e-02
1.246175685022017816e-02
1.245706404249819627e-02
1.245237476387631333e-02
1.244768901834296046e-02
1.244300680988957852e-02
1.243832811320885572e-02
1.243365293226515039e-02
1.242898124170203553e-02
1.242431307479158371e-02
1.241964843550710101e-02
1.241498726911117491e-02
1.241032960888478927e-02
1.240567545877706984e-02
1.240102476396032737e-02
1.239637758712528771e-02
1.239173387340607169e-02
1.238709365612040980e-02
1.238245690976512263e-02
1.237782360879587096e-02
1.237319378653915954e-02
1.236856741743444510e-02
1.236394453483608512e-02
1.235932508367826310e-02
1.235470909731011153e-02
1.235009655010555797e-02
1.234548744591944941e-02
1.234088178860950208e-02
1.233627955249217908e-02
1.233168074139789211e-02
1.232708535915991166e-02
1.232249340961437574e-02
1.231790489660026557e-02
1.231331979436019013e-02
1.230873807709552577e-02
1.230415977820893507e-02
1.229958490151771174e-02
1.229501342119867016e-02
1.229044534104170062e-02
1.228588063517416229e-02
1.228131933703485897e-02
1.227676139104737565e-02
1.227220686034348821e-02
1.226765568930829851e-02
1.226310791140281832e-02
1.225856350067203865e-02
1.225402246086211740e-02
1.224948476596850883e-02
1.224495044947434934e-02
1.224041945558308753e-02
1.223589184755888640e-02
1.223136756956663164e-02
1.222684665511150799e-02
1.222232904828676400e-02
1.221781481242264523e-02
1.221330389157379917e-02
1.220879631926737735e-02
1.220429203948635022e-02
1.219979111562696089e-02
1.219529349163354405e-02
1.219079920105512783e-02
1.218630818776433693e-02
1.218182051522332179e-02
1.217733612726602625e-02
1.217285505746328045e-02
1.216837727952907282e-02
1.216390276713599609e-02
1.215943158383674637e-02
1.215496367333543035e-02
1.215049903924241177e-02
1.214603768517071025e-02
1.214157958471810510e-02
1.213712477149877893e-02
1.213267324913370679e-02
1.212822496114458574e-02
1.212377994115352436e-02
1.211933819275634421e-02
1.211489968946747979e-02
1.211046443485494332e-02
1.210603243248936124e-02
1.210160365582690911e-02
1.209717813853845511e-02
1.209275585406334799e-02
1.208833677579946274e-02
1.208392093742545470e-02
1.207950834249448512e-02
1.207509896437914017e-02
1.207069280660468848e-02
1.206628984249377354e-02
1.206189010575997068e-02
1.205749356970902374e-02
1.205310023784340878e-02
1.204871011366816236e-02
1.204432317043057504e-02
1.203993944187903460e-02
1.203555890124388336e-02
1.203118152171392397e-02
1.202680733704515094e-02
1.202243635072477133e-02
1.201806853591611685e-02
1.201370386574096560e-02
1.200934237397640811e-02
1.200498406408664898e-02
1.200062890916794682e-02
1.199627691265645578e-02
1.199192807799083840e-02
1.198758237820872138e-02
1.198323984713521931e-02
1.197890045779089092e-02
1.197456421359126971e-02
1.197023108750677398e-02
1.196590111338343386e-02
1.196157426417455982e-02
1.195725054327249730e-02
1.195292992358037640e-02
1.194861246946775715e-02
1.194429809282628561e-02
1.193998685804142229e-02
1.193567873798199834e-02
1.193137370547521676e-02
1.192707179442216089e-02
1.192277297763284956e-02
1.191847725845544131e-02
1.191418460964969311e-02
1.190989509573922231e-02
1.190560862827389974e-02
1.190132527179317036e-02
1.189704499902232739e-02
1.189276778264499422e-02
1.188849365661697258e-02
1.188422259360461322e-02
1.187995459691155130e-02
1.187568966984379158e-02
1.187142781570971715e-02
1.186716900710805406e-02
1.186291324731885560e-02
1.185866053962453953e-02
1.185441088730987413e-02
1.185016429366197652e-02
1.184592073120320672e-02
1.184168020319231567e-02
1.183744268210125405e-02
1.183320823276071479e-02
1.182897679684714529e-02
1.182474837759557584e-02
1.182052300907656707e-02
1.181630063287436930e-02
1.181208128305315415e-02
1.180786493199094227e-02
1.180365161377855236e-02
1.179944126988827224e-02
1.179523393440449867e-02
1.179102961054765732e-02
1.178682830154046020e-02
1.178262994874316148e-02
1.177843461720370737e-02
1.177424224824283154e-02
1.177005287599168851e-02
1.176586647267485915e-02
1.176168307245006525e-02
1.175750261652590452e-02
1.175332513905358658e-02
1.174915064321012913e-02
1.174497910114326131e-02
1.174081051600143685e-02
1.173664489093535247e-02
1.173248222909793574e-02
1.172832250256874466e-02
1.172416574555873968e-02
1.172001189903225035e-02
1.171586102830231985e-02
1.171171307429364969e-02
1.170756807123708720e-02
1.170342602226804619e-02
1.169928686821868936e-02
1.169515064332648201e-02
1.169101735070038339e-02
1.168688699345155416e-02
1.168275954349654207e-02
1.167863500391781717e-02
1.167451334658120392e-02
1.167039463700019798e-02
1.166627881581511379e-02
1.166216591733596451e-02
1.165805591339318797e-02
1.165394877577531282e-02
1.164984453879884356e-02
1.164574320553053537e-02
1.164164477903931183e-02
1.163754919976024010e-02
1.163345653335844283e-02
1.162936672022920996e-02
1.162527979473495544e-02
1.162119572856017309e-02
1.161711452472049752e-02
1.161303618623368145e-02
1.160896074751472523e-02
1.160488811740026209e-02
1.160081839309975819e-02
1.159675148338796223e-02
1.159268745410547106e-02
1.158862624538229552e-02
1.158456789164606995e-02
1.158051236442612063e-02
1.157645969817630571e-02
1.157240986440808556e-02
1.156836286609623510e-02
1.156431867470129014e-02
1.156027735622378906e-02
1.155623881906273770e-02
1.155220309768445995e-02
1.154817022660143203e-02
1.154414014565803732e-02
1.154011288935984786e-02
1.153608842907168086e-02
1.153206679932524716e-02
1.152804797146742694e-02
1.152403191680307498e-02
1.152001866987003090e-02
1.151600823360372436e-02
1.151200054762250777e-02
1.150799567814089763e-02
1.150399359641882634e-02
1.149999430536676956e-02
1.149599777619361024e-02
1.149200404349545040e-02
1.148801307846316656e-02
1.148402485224556471e-02
1.148003943119246806e-02
1.147605675470900199e-02
1.147207685742332971e-02
1.146809971044819056e-02
1.146412531664600838e-02
1.146015367888119328e-02
1.145618480002013814e-02
1.145221865110640849e-02
1.144825526681313155e-02
1.144429461816578661e-02
1.144033670800562001e-02
1.143638153917584353e-02
1.143242911452163266e-02
1.142847940499920438e-02
1.142453241342459604e-02
1.142058817452876185e-02
1.141664662731675141e-02
1.141270780651239269e-02
1.140877171493952236e-02
1.140483835542391647e-02
1.140090766685719799e-02
1.139697971596103331e-02
1.139305444158683622e-02
1.138913191050420007e-02
1.138521206152432255e-02
1.138129489741844351e-02
1.137738042095971965e-02
1.137346866696839487e-02
1.136955957414213098e-02
1.136565317729396757e-02
1.136174947920469760e-02
1.135784845056777778e-02
1.135395009413474668e-02
1.135005441265903546e-02
1.134616140889596787e-02
1.134227108560275331e-02
1.133838341339416141e-02
1.133449842715346031e-02
1.133061606531077931e-02
1.132673639491950032e-02
1.132285935436943072e-02
1.131898497856234295e-02
1.131511327023552484e-02
1.131124419990666395e-02
1.130737773805124032e-02
1.130351395183297816e-02
1.129965281174208531e-02
1.129579428822653948e-02
1.129193841624518552e-02
1.128808516622765296e-02
1.128423457315850913e-02
1.128038657513942729e-02
1.127654120714762474e-02
1.127269847187457874e-02
1.126885833967095595e-02
1.126502081319883178e-02
1.126118592748679391e-02
1.125735362048221368e-02
1.125352392720628883e-02
1.124969685032836501e-02
1.124587239251959893e-02
1.124205049161340793e-02
1.123823121508002454e-02
1.123441453315420988e-02
1.123060044848126111e-02
1.122678893124444410e-02
1.122298001653445135e-02
1.121917367451607910e-02
1.121536994030563478e-02
1.121156875154153375e-02
1.120777014333262066e-02
1.120397411830363794e-02
1.120018067908110440e-02
1.119638979574131242e-02
1.119260147088126621e-02
1.118881570709972378e-02
1.118503250699720564e-02
1.118125187317599127e-02
1.117747377563304070e-02
1.117369824955917641e-02
1.116992523230370647e-02
1.116615482433019023e-02
1.116238693032926832e-02
1.115862155284758593e-02
1.115485875977990232e-02
1.115109848837404945e-02
1.114734074118188013e-02
1.114358552075698020e-02
1.113983282965465629e-02
1.113608270316020568e-02
1.113233504564757094e-02
1.112858995786202704e-02
1.112484734411483926e-02
1.112110727244846817e-02
1.111736971264515317e-02
1.111363466723914312e-02
1.110990213876638689e-02
1.110617209694812757e-02
1.110244457711808547e-02
1.109871954897884844e-02
1.109499701504009818e-02
1.109127697781319387e-02
1.108755943981119124e-02
1.108384440354881657e-02
1.108013183864894544e-02
1.107642178050116492e-02
1.107271419870966243e-02
1.106900906283623046e-02
1.106530644121307347e-02
1.106160630341633186e-02
1.105790861897973723e-02
1.105421342333592731e-02
1.105052065301823788e-02
1.104683040943699873e-02
1.104314259611411352e-02
1.103945724849984995e-02
1.103577436906444907e-02
1.103209392724302171e-02
1.102841595852382083e-02
1.102474043232320143e-02
1.102106735108490491e-02
1.101739671725430331e-02
1.101372853327839581e-02
1.101006276850293591e-02
1.100639949157291436e-02
1.100273860559852074e-02
1.099908017923899826e-02
1.099542418180251245e-02
1.099177061571273047e-02
1.098811945022595306e-02
1.098447072091600883e-02
1.098082443021139096e-02
1.097718054734016062e-02
1.097353910791401543e-02
1.096990004791809949e-02
1.096626343619137856e-02
1.096262920867811103e-02
1.095899740100739032e-02
1.095536798231767396e-02
1.095174098826325222e-02
1.094811638796371576e-02
1.094449418379736007e-02
1.094087434483184164e-02
1.093725694006200851e-02
1.093364190523543264e-02
1.093002927604891025e-02
1.092641902153230517e-02
1.092281117740757923e-02
1.091920567930736337e-02
1.091560259633505767e-02
1.091200186408233797e-02
1.090840351828841100e-02
1.090480752789332181e-02
1.090121392866140633e-02
1.089762268951377164e-02
1.089403381278443612e-02
1.089044730080896035e-02
1.088686312244696412e-02
1.088328134698101149e-02
1.087970190978529948e-02
1.087612481316846402e-02
1.087255009296222985e-02
1.086897768444620646e-02
1.086540765698773038e-02
1.086183997937998497e-02
1.085827462037360948e-02
1.085471161582995600e-02
1.085115093448065123e-02
1.084759261221210531e-02
1.084403658412724097e-02
1.084048291972517300e-02
1.083693158769948213e-02
1.083338255670118072e-02
1.082983586264622822e-02
1.082629147416659839e-02
1.082274942720327232e-02
1.081920969036916612e-02
1.081567226593244981e-02
1.081213715616277313e-02
1.080860436333127422e-02
1.080507385597968134e-02
1.080154567009093854e-02
1.079801977418769730e-02
1.079449620427788692e-02
1.079097492886506825e-02
1.078745595019616442e-02
1.078393923672258531e-02
1.078042485827716140e-02
1.077691271568717926e-02
1.077340291262945428e-02
1.076989538370915281e-02
1.076639013114891012e-02
1.076288715717282213e-02
1.075938643013231097e-02
1.075588801999158121e-02
1.075239189511597269e-02
1.074889802382818574e-02
1.074540640832648448e-02
1.074191708473977956e-02
1.073842998742181518e-02
1.073494518644458467e-02
1.073146265008289267e-02
1.072798238054216251e-02
1.072450434604495760e-02
1.072102854876650843e-02
1.071755502488979175e-02
1.071408377662592948e-02
1.071061473813072693e-02
1.070714794559141786e-02
1.070368343524071703e-02
1.070022114117256257e-02
1.069676106553902988e-02
1.069330324457706122e-02
1.068984768047459566e-02
1.068639430720999192e-02
1.068294319514090374e-02
1.067949431233193754e-02
1.067604766094357865e-02
1.067260320898813161e-02
1.066916099275638276e-02
1.066572098024138639e-02
1.066228320775873192e-02
1.065884764328220956e-02
1.065541428894756053e-02
1.065198314689190517e-02
1.064855421925374988e-02
1.064512747393526158e-02
1.064170294729335428e-02
1.063828064147064566e-02
1.063486052434036051e-02
1.063144259801479183e-02
1.062802686460760648e-02
1.062461332623381924e-02
1.062120198500980835e-02
1.061779284305331729e-02
1.061438590248342875e-02
1.061098113107270674e-02
1.060757853090989189e-02
1.060417810408507272e-02
1.060077988707061776e-02
1.059738384760040321e-02
1.059398995336557903e-02
1.059059824084254177e-02
1.058720871212808293e-02
1.058382133488431145e-02
1.058043614562468281e-02
1.057705311199192907e-02
1.057367223605512087e-02
1.057029355436475172e-02
1.056691700004337361e-02
1.056354260963310483e-02
1.056017035069515934e-02
1.055680025979633882e-02
1.055343233901363809e-02
1.055006655587916939e-02
1.054670291243950224e-02
1.054334141074252280e-02
1.053998205283741482e-02
1.053662480618440533e-02
1.053326974200481485e-02
1.052991679316018364e-02
1.052656599629517992e-02
1.052321731883115903e-02
1.051987076279206276e-02
1.051652636485949505e-02
1.051318405775824097e-02
1.050984387816147718e-02
1.050650582809829585e-02
1.050316990959909019e-02
1.049983608998404823e-02
1.049650440597556071e-02
1.049317482487434686e-02
1.048984734868285695e-02
1.048652197940481805e-02
1.048319875381178122e-02
1.047987760438792194e-02
1.047655856789632065e-02
1.047324161154616733e-02
1.046992677212510957e-02
1.046661401682283214e-02
1.046330338245153938e-02
1.045999483618140040e-02
1.045668834513977311e-02
1.045338398100834933e-02
1.045008171092800912e-02
1.044678150199681611e-02
1.044348339106754807e-02
1.044018734521873042e-02
1.043689340132766818e-02
1.043360152645333647e-02
1.043031172255472205e-02
1.042702399159204686e-02
1.042373833552677487e-02
1.042045475632160691e-02
1.041717325594046679e-02
1.041389380135059051e-02
1.041061639448531521e-02
1.040734107229917063e-02
1.040406783676100198e-02
1.040079661975687464e-02
1.039752745824498899e-02
1.039426038922884252e-02
1.039099534453204535e-02
1.038773232606344035e-02
1.038447140592725464e-02
1.038121251588464133e-02
1.037795565784807583e-02
1.037470083373123395e-02
1.037144808059017181e-02
1.036819733006966691e-02
1.036494865438035949e-02
1.036170198512536937e-02
1.035845739456180137e-02
1.035521477905484988e-02
1.035197421087502741e-02
1.034873569194561492e-02
1.034549918896177957e-02
1.034226470381612896e-02
1.033903223840245897e-02
1.033580179461574683e-02
1.033257337435215979e-02
1.032934694422464952e-02
1.032612257668951046e-02
1.032290016776022008e-02
1.031967982522388576e-02
1.031646144503022867e-02
1.031324509969533745e-02
1.031003075577310857e-02
1.030681837977454572e-02
1.030360804428534505e-02
1.030039971582985894e-02
1.029719336088952969e-02
1.029398898130848283e-02
1.029078664976520487e-02
1.028758626188937958e-02
1.028438789037283002e-02
1.028119150164769936e-02
1.027799709756390019e-02
1.027480467997248306e-02
1.027161421524294162e-02
1.026842577618303741e-02
1.026523929367082616e-02
1.026205480504466076e-02
1.025887227663454908e-02
1.025569171026535949e-02
1.025251314331192265e-02
1.024933654207460521e-02
1.024616187281083418e-02
1.024298920848071975e-02
1.023981847976208198e-02
1.023664972405745506e-02
1.023348294319964893e-02
1.023031810339664581e-02
1.022715524208742122e-02
1.022399432546017110e-02
1.022083535531914666e-02
1.021767833346971799e-02
1.021452326171836712e-02
1.021137017756475023e-02
1.020821897574143537e-02
1.020506976513439745e-02
1.020192247613743025e-02
1.019877714626564458e-02
1.019563374158506328e-02
1.019249226387689521e-02
1.018935271492345251e-02
1.018621513228834541e-02
1.018307944620672201e-02
1.017994573003560069e-02
1.017681391396825855e-02
1.017368403558371534e-02
1.017055606083559077e-02
1.016743002732712481e-02
1.016430593684940382e-02
1.016118371945793492e-02
1.015806344863857610e-02
1.015494509029530625e-02
1.015182864619049857e-02
1.014871411808761920e-02
1.014560147182778232e-02
1.014249078101243581e-02
1.013938197555041588e-02
1.013627505717643908e-02
1.013317006359379033e-02
1.013006696059388229e-02
1.012696574991464767e-02
1.012386646929563927e-02
1.012076904848685163e-02
1.011767352521895577e-02
1.011457993726775154e-02
1.011148821432032371e-02
1.010839835808794232e-02
1.010531040634959389e-02
1.010222436085172169e-02
1.009914018725313611e-02
1.009605788726933469e-02
1.009297746261687140e-02
1.008989891501335147e-02
1.008682228231018788e-02
1.008374749397258040e-02
1.008067458784301859e-02
1.007760352947748191e-02
1.007453439291941880e-02
1.007146707136220842e-02
1.006840163886239814e-02
1.006533809714594413e-02
1.006227637549803391e-02
1.005921654804443205e-02
1.005615858027125893e-02
1.005310247387555984e-02
1.005004819429043163e-02
1.004699577945791442e-02
1.004394523107813436e-02
1.004089655085224631e-02
1.003784970417338426e-02
1.003480469271169663e-02
1.003176151813835529e-02
1.002872021846764293e-02
1.002568075905270646e-02
1.002264314156777261e-02
1.001960733131292310e-02
1.001657340270369762e-02
1.001354128465604433e-02
1.001051101522338650e-02
1.000748255966578404e-02
1.000445595606071908e-02
1.000143116964822762e-02
9.998408238529835068e-03
9.995387127925553505e-03
9.992367803012323565e-03
9.989350338380003844e-03
9.986334699218547134e-03
9.983320850674843455e-03
9.980308830889458166e-03
9.977298641518630648e-03
9.974290247679176019e-03
9.971283687547693314e-03
9.968278926220937308e-03
9.965276001899522548e-03
9.962274843075659761e-03
9.959275524536417845e-03
9.956278011338425687e-03
9.953282268495226848e-03
9.950288370862942627e-03
9.947296246828510324e-03
9.944305934643495049e-03
9.941317399281272837e-03
9.938330679017389618e-03
9.935345738805138535e-03
9.932362616944044598e-03
9.929381241661622282e-03
9.926401687965021384e-03
9.923423920767338036e-03
9.920447941677306217e-03
9.917473752304619208e-03
9.914501317499165023e-03
9.911530675611301272e-03
9.908561828253606082e-03
9.905594740245790217e-03
9.902629449974144349e-03
9.899665922238256449e-03
9.896704158621478023e-03
9.893744160708116409e-03
9.890785966932340648e-03
9.887829505193547475e-03
9.884874850787740697e-03
9.881921931572138981e-03
9.878970785995722440e-03
9.876021378744480675e-03
9.873073748291319104e-03
9.870127896228113665e-03
9.867183787210622933e-03
9.864241422799553335e-03
9.861300841515634880e-03
9.858361971014278913e-03
9.855424886788199945e-03
9.852489553442745490e-03
9.849555935540129162e-03
9.846624108641966952e-03
9.843694000298148714e-03
9.840765612043785027e-03
9.837839019509379487e-03
9.834914113123240098e-03
9.831990968528742103e-03
9.829069587297744465e-03
9.826149896820410637e-03
9.823231972808986120e-03
9.820315779724744440e-03
9.817401281985811343e-03
9.814488555373276565e-03
9.811577527171719618e-03
9.808668236050721925e-03
9.805760683556416502e-03
9.802854834056396599e-03
9.799950726256032724e-03
9.797048324502694722e-03
9.794147630313099900e-03
9.791248682428381825e-03
9.788351407931038597e-03
9.785455882798551469e-03
9.782562071327717892e-03
9.779669975039765456e-03
9.776779558178200907e-03
9.773890859522613161e-03
9.771003880596913424e-03
9.768118585614243843e-03
9.765235013389930371e-03
9.762353165450560893e-03
9.759472968634181483e-03
9.756594499114519189e-03
9.753717721054079581e-03
9.750842635949946366e-03
9.747969245300093163e-03
9.745097550603374834e-03
9.742227553359529210e-03
9.739359217647333700e-03
9.736492619800944312e-03
9.733627686468043771e-03
9.730764419118832775e-03
9.727902856690288230e-03
9.725042963210495453e-03
9.722184777640210940e-03
9.719328226488264943e-03
9.716473386216124830e-03
9.713620220811279918e-03
9.710768731750031926e-03
9.707918882966513549e-03
9.705070751013808103e-03
9.702224262273732858e-03
9.699379455769072816e-03
9.696536332980456099e-03
9.693694857791240044e-03
9.690855031650713255e-03
9.688016893629180018e-03
9.685180407579518577e-03
9.682345574953588399e-03
9.679512397204097229e-03
9.676680913448842611e-03
9.673851049824797738e-03
9.671022845440442953e-03
9.668196301751886060e-03
9.665371420216098755e-03
9.662548164571568149e-03
9.659726573974229680e-03
9.656906612142232560e-03
9.654088318255234571e-03
9.651271656011034886e-03
9.648456664613001485e-03
9.645643269953154200e-03
9.642831549021972995e-03
9.640021465476534407e-03
9.637213020749154507e-03
9.634406178443497698e-03
9.631601015641522850e-03
9.628797458108039053e-03
9.625995545108191262e-03
9.623195240204893489e-03
9.620396582686987011e-03
9.617599536096997637e-03
9.614804139747459497e-03
9.612010357160515397e-03
9.609218189743719968e-03
9.606427676845127536e-03
9.603638744005608269e-03
9.600851430563831640e-03
9.598065775903366972e-03
9.595281705501427019e-03
9.592499258732196249e-03
9.589718399003181737e-03
9.586939165712222641e-03
9.584161560274235755e-03
9.581385546066112022e-03
9.578611162521181305e-03
9.575838372995922054e-03
9.573067178875431169e-03
9.570297581545615662e-03
9.567529620487104369e-03
9.564763220910592334e-03
9.561998460403259292e-03
9.559235264133329052e-03
9.556473671595662120e-03
9.553713684180984572e-03
9.550955303280813519e-03
9.548198492116428265e-03
9.545443252047884977e-03
9.542689660822206016e-03
9.539937605254851516e-03
9.537187163105446605e-03
9.534438297544148289e-03
9.531691009934981779e-03
9.528945301642765056e-03
9.526201212292289416e-03
9.523458666742591963e-03
9.520717704609020157e-03
9.517978327259538768e-03
9.515240497759636790e-03
9.512504294074342753e-03
9.509769640956435011e-03
9.507036539743954351e-03
9.504305030123049239e-03
9.501575075108020449e-03
9.498846714408610420e-03
9.496119911018638046e-03
9.493394666280029898e-03
9.490670981535486231e-03
9.487948858128477519e-03
9.485228297403249659e-03
9.482509300704815292e-03
9.479791830932469965e-03
9.477075966314725888e-03
9.474361631294907563e-03
9.471648865667587139e-03
9.468937632291059975e-03
9.466227970983457501e-03
9.463519844582568910e-03
9.460813292930088381e-03
9.458108278843288530e-03
9.455404803641771772e-03
9.452702868645903797e-03
9.450002475176806638e-03
9.447303624556360399e-03
9.444606318107196322e-03
9.441910557152703720e-03
9.439216343017023045e-03
9.436523638402272499e-03
9.433832483234837196e-03
9.431142878841105789e-03
9.428454787892396466e-03
9.425768250350392494e-03
9.423083228865867730e-03
9.420399724735149805e-03
9.417717777955211464e-03
9.415037312435091052e-03
9.412358406884166126e-03
9.409681023901833238e-03
9.407005164788139265e-03
9.404330830843861400e-03
9.401657984604518473e-03
9.398986704893355290e-03
9.396316915470334999e-03
9.393648617606137341e-03
9.390981890192315329e-03
9.388316618103841396e-03
9.385652919076867967e-03
9.382990677921716066e-03
9.380329973587963471e-03
9.377670768518560698e-03
9.375013063989296250e-03
9.372356900163891433e-03
9.369702200556202440e-03
9.367049044229617052e-03
9.364397354655376246e-03
9.361747172011108606e-03
9.359098497576951586e-03
9.356451332633760817e-03
9.353805639498788752e-03
9.351161458396619469e-03
9.348518751623903847e-03
9.345877559428698508e-03
9.343237844087051019e-03
9.340599645870478404e-03
9.337962927034423183e-03
9.335327688832417356e-03
9.332693932518705895e-03
9.330061659348241540e-03
9.327430909651188845e-03
9.324801606545935623e-03
9.322173790353042999e-03
9.319547462330301721e-03
9.316922584617625194e-03
9.314299197570747799e-03
9.311677302449571439e-03
9.309056900514698848e-03
9.306437953864786505e-03
9.303820463728787113e-03
9.301204470521032275e-03
9.298589936309225798e-03
9.295976862324414197e-03
9.293365249798343081e-03
9.290755139192198933e-03
9.288146453292636662e-03
9.285539271801999950e-03
9.282933517464255629e-03
9.280329270027205812e-03
9.277726452192129256e-03
9.275125104457420527e-03
9.272525188754487946e-03
9.269926745605137908e-03
9.267329776248032364e-03
9.264734242583583593e-03
9.262140185168708795e-03
9.259547565883157957e-03
9.256956385935275269e-03
9.254366685917078325e-03
9.251778388283294838e-03
9.249191573021328661e-03
9.246606201959238491e-03
9.244022276308772046e-03
9.241439757844258432e-03
9.238858726643957645e-03
9.236279105034441231e-03
9.233700933668249552e-03
9.231124213760497424e-03
9.228548946526983141e-03
9.225975093679974343e-03
9.223402656403555111e-03
9.220831675408703437e-03
9.218262112376651024e-03
9.215694008041749527e-03
9.213127324064526724e-03
9.210562061632402570e-03
9.207998221933466620e-03
9.205435845748805718e-03
9.202874855094182738e-03
9.200315290740992621e-03
9.197757153879972114e-03
9.195200445702524095e-03
9.192645167400707168e-03
9.190091320167240868e-03
9.187538865526038295e-03
9.184987844318558137e-03
9.182438218047995690e-03
9.179890027579153816e-03
9.177343234394499602e-03
9.174797839657630044e-03
9.172253884268365132e-03
9.169711329678077033e-03
9.167170177052316044e-03
9.164630467325908872e-03
9.162092122139477504e-03
9.159555222208785874e-03
9.157019689131684625e-03
9.154485563856604169e-03
9.151952887376692616e-03
9.149421581225627986e-03
9.146891646541085302e-03
9.144363124318139954e-03
9.141836015728804082e-03
9.139310321945728205e-03
9.136785964362568666e-03
9.134263063789650750e-03
9.131741501699040461e-03
9.129221359045572651e-03
9.126702637005091462e-03
9.124185256864262433e-03
9.121669299645935453e-03
9.119154686593971756e-03
9.116641498776565170e-03
9.114129657394767423e-03
9.111619243562104134e-03
9.109110178436820998e-03
9.106602503155741130e-03
9.104096218867343410e-03
9.101591326720727751e-03
9.099087787810542990e-03
9.096585643320193038e-03
9.094084854323537803e-03
9.091585462027266390e-03
9.089087427484458456e-03
9.086590751814904027e-03
9.084095476260219126e-03
9.081601561842286147e-03
9.079109009682765144e-03
9.076617820903937206e-03
9.074127996628695778e-03
9.071639578156841244e-03
9.069152486270959726e-03
9.066666762261062565e-03
9.064182407252511717e-03
9.061699382150930140e-03
9.059217768512591723e-03
9.056737487012979024e-03
9.054258579000254784e-03
9.051781005338424210e-03
9.049304807398904013e-03
9.046829946024880983e-03
9.044356422313550373e-03
9.041884277671210710e-03
9.039413472909816824e-03
9.036944049458912540e-03
9.034475927768079520e-03
9.032009189609621971e-03
9.029543795753835339e-03
9.027079706927555042e-03
9.024617004970992770e-03
9.022155650623201600e-03
9.019695604579760703e-03
9.017236908330122577e-03
9.014779562978714536e-03
9.012323569630564107e-03
9.009868888939575465e-03
9.007415562441655268e-03
9.004963550769863254e-03
9.002512895483325353e-03
9.000063557194258601e-03
8.997615577485013408e-03
8.995168916946946758e-03
8.992723576656785900e-03
8.990279557691844420e-03
8.987836901680911275e-03
8.985395528611732699e-03
8.982955520676169647e-03
8.980516797819075581e-03
8.978079442277556513e-03
8.975643373953559254e-03
8.973208634512452875e-03
8.970775225036236450e-03
8.968343146607504063e-03
8.965912359659388570e-03
8.963482905903647283e-03
8.961054745752542600e-03
8.958627920941026820e-03
8.956202432554597956e-03
8.953778240974196237e-03
8.951355347253418110e-03
8.948933752446435949e-03
8.946513498346186921e-03
8.944094545291840850e-03
8.941676894339301365e-03
8.939260546545037614e-03
8.936845502966099877e-03
8.934431764660100486e-03
8.932019332685231169e-03
8.929608208100247441e-03
8.927198391964482477e-03
8.924789885337833240e-03
8.922382648432401059e-03
8.919976723135549304e-03
8.917572069638475887e-03
8.915168770733132922e-03
8.912766704837996046e-03
8.910365954757162171e-03
8.907966521554488634e-03
8.905568365368911332e-03
8.903171487232360015e-03
8.900775888177329953e-03
8.898381610195415375e-03
8.895988613383717589e-03
8.893596898776414544e-03
8.891206467408234101e-03
8.888817320314466169e-03
8.886429458530954034e-03
8.884042883094097828e-03
8.881657595040854530e-03
8.879273554362052817e-03
8.876890844178104284e-03
8.874509383423245454e-03
8.872129173103593391e-03
8.869750296407317991e-03
8.867372631102437772e-03
8.864996301502035131e-03
8.862621226432918636e-03
8.860247406903958359e-03
8.857874843924572542e-03
8.855503579661578098e-03
8.853133573990666638e-03
8.850764869101784144e-03
8.848397383659757642e-03
8.846031201045542053e-03
8.843666281092930209e-03
8.841302583592185529e-03
8.838940191991996945e-03
8.836579066094729304e-03
8.834219165659216305e-03
8.831860532934840760e-03
8.829503168937534799e-03
8.827147074683771785e-03
8.824792209890469294e-03
8.822438616853235313e-03
8.820086296590147826e-03
8.817735208786686013e-03
8.815385395773110699e-03
8.813036817213935198e-03
8.810689474096324719e-03
8.808343408785196393e-03
8.805998580913606058e-03
8.803654991470316604e-03
8.801312682854894529e-03
8.798971573247644715e-03
8.796631746470480115e-03
8.794293162104015876e-03
8.791955779685318648e-03
8.789619683103992026e-03
8.787284790432807122e-03
8.784951185606484220e-03
8.782618786654768084e-03
8.780287636048078256e-03
8.777957734780980278e-03
8.775629042317096076e-03
8.773301601161459864e-03
8.770975370756705150e-03
8.768650393630948378e-03
8.766326670781360644e-03
8.764004161619081551e-03
8.761682867109266137e-03
8.759362829826181432e-03
8.757043967529857392e-03
8.754726406045824569e-03
8.752410021482488062e-03
8.750094856427192980e-03
8.747780953511877233e-03
8.745468272063662563e-03
8.743156771366125679e-03
8.740846535749465657e-03
8.738537482801548087e-03
8.736229655178905790e-03
8.733923095582652243e-03
8.731617721536072754e-03
8.729313533978466308e-03
8.727010575612476409e-03
8.724708847411465074e-03
8.722408350349306061e-03
8.720109043604490004e-03
8.717810969925752010e-03
8.715514088470564802e-03
8.713218400181764467e-03
8.710923947842660886e-03
8.708630690579177366e-03
8.706338629335664409e-03
8.704047806929992789e-03
8.701758182456534665e-03
8.699469714966099818e-03
8.697182489184126716e-03
8.694896464173434633e-03
8.692611640881378610e-03
8.690328020255813288e-03
8.688045603245084236e-03
8.685764390798040094e-03
8.683484341891849895e-03
8.681205541409676638e-03
8.678927906346490390e-03
8.676651437620063953e-03
8.674376220181155561e-03
8.672102170960101220e-03
8.669829290876156919e-03
8.667557622898358974e-03
8.665287125919683350e-03
8.663017842932184409e-03
8.660749732807782042e-03
8.658482838561543452e-03
8.656217119044332456e-03
8.653952575178822451e-03
8.651689207888179495e-03
8.649427018096057102e-03
8.647166048875052843e-03
8.644906216863890505e-03
8.642647607295611198e-03
8.640390136765836032e-03
8.638133890552648214e-03
8.635878785208559241e-03
8.633624863842127503e-03
8.631372127380866274e-03
8.629120576752783225e-03
8.626870170638737539e-03
8.624620952193273390e-03
8.622372922345833066e-03
8.620126039745660412e-03
8.617880347581791112e-03
8.615635804482386917e-03
8.613392453659470330e-03
8.611150253720124478e-03
8.608909205563595318e-03
8.606669352436381246e-03
8.604430652913934441e-03
8.602193107896925067e-03
8.599956760666325681e-03
8.597721569765950575e-03
8.595487493696020442e-03
8.593254618151803872e-03
8.591022901645480742e-03
8.588792345080541873e-03
8.586562906915017751e-03
8.584334672934196969e-03
8.582107559140083469e-03
8.579881651362978451e-03
8.577656865561750221e-03
8.575433245110668234e-03
8.573210748404457709e-03
8.570989418840355839e-03
8.568769257326054947e-03
8.566550222224619815e-03
8.564332356967728835e-03
8.562115619897331734e-03
8.559900011889921834e-03
8.557685576411618728e-03
8.555472314372892031e-03
8.553260141462255134e-03
8.551049143769435396e-03
8.548839279573033911e-03
8.546630592396561865e-03
8.544422997842223214e-03
8.542216582089718485e-03
8.540011260698098655e-03
8.537807119892043897e-03
8.535604075187445267e-03
8.533402212853967786e-03
8.531201448364333917e-03
8.529001868033188327e-03
8.526803387290095293e-03
8.524606006985799636e-03
8.522409813502404216e-03
8.520214722204719551e-03
8.518020776732339316e-03
8.515827935172354604e-03
8.513636241187288664e-03
8.511445695663640704e-03
8.509256256656803213e-03
8.507067925021113627e-03
8.504880744464963019e-03
8.502694673012024459e-03
8.500509754393609924e-03
8.498325946612256612e-03
8.496143250524532814e-03
8.493961666987456111e-03
8.491781196858491643e-03
8.489601883926254505e-03
8.487423643198675760e-03
8.485246561406997387e-03
8.483070553515955833e-03
8.480895706301755377e-03
8.478721934685932646e-03
8.476549325489643807e-03
8.474377793591241284e-03
8.472207382837963416e-03
8.470038051061794596e-03
8.467869885173779157e-03
8.465702799965882028e-03
8.463536839331157330e-03
8.461371961059267408e-03
8.459208209066173406e-03
8.457045541120374044e-03
8.454884001160734019e-03
8.452723546934584956e-03
8.450564222403688167e-03
8.448405985294208179e-03
8.446248879590811595e-03
8.444092819836391747e-03
8.441937893178571087e-03
8.439784057301160866e-03
8.437631356234622654e-03
8.435479704435429327e-03
8.433329189141058543e-03
8.431179724764774688e-03
8.429031398588979554e-03
8.426884124983716889e-03
8.424737991276321294e-03
8.422592911793610679e-03
8.420448930624555364e-03
8.418306048608312220e-03
8.416164266584466591e-03
8.414023585393021892e-03
8.411883962547047483e-03
8.409745442192723131e-03
8.407607981821923343e-03
8.405471625603707156e-03
8.403336374380189142e-03
8.401202185611456735e-03
8.399069103500883537e-03
8.396937085487358662e-03
8.394806175797128039e-03
8.392676288421366607e-03
8.390547554451207105e-03
8.388419844419089597e-03
8.386293246023522260e-03
8.384167716639788839e-03
8.382043257081139842e-03
8.379919868161229968e-03
8.377797550694137188e-03
8.375676349009006025e-03
8.373556176902441361e-03
8.371437078693391015e-03
8.369319098745307134e-03
8.367202150789910739e-03
8.365086279180453804e-03
8.362971484733895677e-03
8.360857724675822139e-03
8.358745086996573898e-03
8.356633485319748395e-03
8.354522964055735926e-03
8.352413480387683997e-03
8.350305122395713930e-03
8.348197759959015765e-03
8.346091481169541637e-03
8.343986286847926773e-03
8.341882134124270834e-03
8.339779067488931399e-03
8.337677044050778585e-03
8.335576064599021368e-03
8.333476173658278113e-03
8.331377328305588498e-03
8.329279529331358456e-03
8.327182777526410257e-03
8.325087117461047945e-03
8.322992506169839960e-03
8.320898944444803796e-03
8.318806389266221457e-03
8.316714929040177479e-03
8.314624520758770801e-03
8.312535165215616598e-03
8.310446863204730764e-03
8.308359571653302356e-03
8.306273379079579661e-03
8.304188198533296247e-03
8.302104074677286311e-03
8.300021008307552003e-03
8.297938956298166885e-03
8.295857963346206856e-03
8.293778030248857153e-03
8.291699113848322727e-03
8.289621258875912516e-03
8.287544466129989629e-03
8.285468692420888681e-03
8.283393938514699989e-03
8.281320249188376531e-03
8.279247581220366969e-03
8.277175935377939497e-03
8.275105356472266249e-03
8.273035801249915139e-03
8.270967270479321828e-03
8.268899809005881077e-03
8.266833373544271377e-03
8.264767920765483944e-03
8.262703539625699742e-03
8.260640186807706106e-03
8.258577863082259760e-03
8.256516569220504267e-03
8.254456305993971774e-03
8.252397074174574326e-03
8.250338874534610817e-03
8.248281663660013766e-03
8.246225530686325869e-03
8.244170388002481156e-03
8.242116280569060024e-03
8.240063209160267826e-03
8.238011130308864338e-03
8.235960089009623092e-03
8.233910041774024011e-03
8.231861077894522469e-03
8.229813065322569288e-03
8.227766137659315443e-03
8.225720162790864723e-03
8.223675230066273059e-03
8.221631340263161475e-03
8.219588449818543419e-03
8.217546559477741097e-03
8.215505669986453152e-03
8.213465826464805969e-03
8.211426985307234208e-03
8.209389191656651583e-03
8.207352357479108171e-03
8.205316527907242918e-03
8.203281748118138386e-03
8.201247974453013123e-03
8.199215207660558169e-03
8.197183404027651860e-03
8.195152653217085276e-03
8.193122911527494709e-03
8.191094135213813562e-03
8.189066369499797132e-03
8.187039659653633922e-03
8.185013917403078515e-03
8.182989143466724499e-03
8.180965427664206244e-03
8.178942681658267835e-03
8.176920950740976246e-03
8.174900191082074344e-03
8.172880447996400816e-03
8.170861722237807503e-03
8.168843969944078465e-03
8.166827236464207357e-03
8.164811477914667159e-03
8.162796695017718665e-03
8.160782933156494889e-03
8.158770193087042100e-03
8.156758386200672201e-03
8.154747602575167231e-03
8.152737798263080815e-03
8.150729018704444898e-03
8.148721175203876843e-03
8.146714357928750219e-03
8.144708522888986085e-03
8.142703670810460398e-03
8.140699802419411671e-03
8.138696918442434036e-03
8.136695019606478979e-03
8.134694106638862277e-03
8.132694225082009662e-03
8.130695241219671257e-03
8.128697290224506586e-03
8.126700328010492622e-03
8.124704310447899980e-03
8.122709327972814364e-03
8.120715291586365001e-03
8.118722201985659193e-03
8.116730149673954606e-03
8.114739045587337010e-03
8.112748890423968420e-03
8.110759774754278464e-03
8.108771564502329290e-03
8.106784395208255570e-03
8.104798132730720375e-03
8.102812912676664314e-03
8.100828600839346180e-03
8.098845287890456615e-03
8.096862974564023041e-03
8.094881616570329466e-03
8.092901214611045516e-03
8.090921769388192963e-03
8.088943326661291247e-03
8.086965797029775291e-03
8.084989271322026369e-03
8.083013705184303316e-03
8.081039144421583997e-03
8.079065499546546347e-03
8.077092816353839688e-03
8.075121140682532672e-03
8.073150382980232020e-03
8.071180589075674372e-03
8.069211759674684015e-03
8.067243895483426977e-03
8.065276997208417967e-03
8.063311065556506493e-03
8.061346101234890746e-03
8.059382059728689360e-03
8.057418986946162168e-03
8.055456883595527376e-03
8.053495705129875420e-03
8.051535497491539572e-03
8.049576261389754586e-03
8.047617952245579229e-03
8.045660616035415005e-03
8.043704253469516688e-03
8.041748774615328083e-03
8.039794316115447467e-03
8.037840788026976227e-03
8.035888191028463592e-03
8.033936525798797065e-03
8.031985838393863181e-03
8.030036084138589270e-03
8.028087309111569397e-03
8.026139423206648388e-03
8.024192517912804093e-03
8.022246548512235870e-03
8.020301515686166158e-03
8.018357465569949175e-03
8.016414307948921056e-03
8.014472134423899011e-03
8.012530854736814659e-03
8.010590560533220258e-03
8.008651161511635974e-03
8.006712749362350848e-03
8.004775233740471854e-03
8.002838660839090013e-03
8.000903031342741084e-03
7.998968345936297367e-03
7.997034605304957286e-03
7.995101810134245396e-03
7.993169915512998366e-03
7.991238967702377766e-03
7.989308921769839797e-03
7.987379869629308848e-03
7.985451720718820742e-03
7.983524475692806849e-03
7.981598180869154194e-03
7.979672836935998090e-03
7.977748398896639462e-03
7.975824867406810723e-03
7.973902288829767121e-03
7.971980663854939808e-03
7.970059901713621997e-03
7.968140094510285307e-03
7.966221242935330599e-03
7.964303301917196806e-03
7.962386226340571402e-03
7.960470154183678718e-03
7.958554948785239239e-03
7.956640702383869015e-03
7.954727324037146052e-03
7.952814906028390224e-03
7.950903403211164594e-03
7.948992816245694509e-03
7.947083145792534914e-03
7.945174392512547798e-03
7.943266557066921280e-03
7.941359640117159197e-03
7.939453642325077637e-03
7.937548564352818817e-03
7.935644406862828529e-03
7.933741124579308038e-03
7.931838810031463863e-03
7.929937371994533885e-03
7.928036811099178557e-03
7.926137219941654932e-03
7.924238507232041206e-03
7.922340719606612083e-03
7.920443811714642651e-03
7.918547876241787201e-03
7.916652775773497241e-03
7.914758603007068793e-03
7.912865358608720673e-03
7.910972997174190932e-03
7.909081565419074505e-03
7.907191017917694284e-03
7.905301401408300691e-03
7.903412670443801455e-03
7.901524825659226800e-03
7.899637913826796504e-03
7.897751843319393214e-03
7.895866753216695261e-03
7.893982505711234082e-03
7.892099147587483543e-03
7.890216725674298673e-03
7.888335194438917883e-03
7.886454554518826029e-03
7.884574806551820220e-03
7.882695997412043909e-03
7.880818035276822633e-03
7.878940967009900181e-03
7.877064793250286232e-03
7.875189560917421339e-03
7.873315178101707515e-03
7.871441691712166566e-03
7.869569102389034621e-03
7.867697410772839239e-03
7.865826571169208525e-03
7.863956676878678179e-03
7.862087635861249313e-03
7.860219495093870301e-03
7.858352208839302494e-03
7.856485870487433729e-03
7.854620387911320778e-03
7.852755761720854252e-03
7.850892038949576143e-03
7.849029220241023758e-03
7.847167259793652247e-03
7.845306204674948672e-03
7.843446055529350661e-03
7.841586720044710704e-03
7.839728338268327212e-03
7.837870771377156848e-03
7.836014112973703830e-03
7.834158363703890710e-03
7.832303477680406176e-03
7.830449455516709165e-03
7.828596297826556985e-03
7.826744051790582302e-03
7.824892671478584499e-03
7.823042157505202127e-03
7.821192510485370369e-03
7.819343731034314113e-03
7.817495866389228415e-03
7.815648823933599859e-03
7.813802697537893666e-03
7.811957394542117308e-03
7.810113008861388657e-03
7.808269494468983614e-03
7.806426805294397128e-03
7.804585035319731683e-03
7.802744091776269222e-03
7.800904068690764012e-03
7.799064873251002408e-03
7.797226552785523936e-03
7.795389107913343850e-03
7.793552539253762769e-03
7.791716800650450199e-03
7.789881939477170773e-03
7.788047956354089002e-03
7.786214805092689199e-03
7.784382579920638701e-03
7.782551140998991528e-03
7.780720629409038427e-03
7.778890952099341317e-03
7.777062109658734734e-03
7.775234149551417048e-03
7.773407025513746037e-03
7.771580785032526986e-03
7.769755428730784966e-03
7.767930863393528694e-03
7.766107230368752244e-03
7.764284389489824710e-03
7.762462435219211719e-03
7.760641321218130634e-03
7.758821095052497938e-03
7.757001663376803489e-03
7.755183120742778317e-03
7.753365467776000136e-03
7.751548611065693303e-03
7.749732598201218223e-03
7.747917476816275698e-03
7.746103200486199533e-03
7.744289769804907006e-03
7.742477185366598152e-03
7.740665400681336940e-03
7.738854510501694609e-03
7.737044468349310068e-03
7.735235274819495313e-03
7.733426930507842495e-03
7.731619436010222189e-03
7.729812744772257722e-03
7.728006951680401089e-03
7.726201963019289562e-03
7.724397826536420070e-03
7.722594542829046629e-03
7.720792065289083794e-03
7.718990488914544493e-03
7.717189719881259805e-03
7.715389758754533610e-03
7.713590700599304469e-03
7.711792451526124081e-03
7.709995012101113383e-03
7.708198477456143505e-03
7.706402706342720642e-03
7.704607841209052538e-03
7.702813740741087586e-03
7.701020547453679872e-03
7.699228119967216517e-03
7.697436553514357821e-03
7.695645848696458687e-03
7.693855958744262244e-03
7.692066884226609474e-03
7.690278673105524487e-03
7.688491278579509709e-03
7.686704701218214503e-03
7.684918941591560582e-03
7.683134047706719968e-03
7.681349972719199969e-03
7.679566717199724606e-03
7.677784281719290255e-03
7.676002714330210780e-03
7.674221920652921254e-03
7.672441996232347815e-03
7.670662894159493810e-03
7.668884567481562553e-03
7.667107111810386733e-03
7.665330480204713380e-03
7.663554673237672581e-03
7.661779643913454313e-03
7.660005487933095950e-03
7.658232110721100751e-03
7.656459608023105830e-03
7.654687885220074622e-03
7.652916990477953187e-03
7.651146924371718221e-03
7.649377639830283113e-03
7.647609232710780858e-03
7.645841608285313187e-03
7.644074814776225489e-03
7.642308805069415213e-03
7.640543627409788693e-03
7.638779282374158833e-03
7.637015722816150286e-03
7.635252997014505168e-03
7.633491105546819609e-03
7.631730001234442867e-03
7.629969732389958043e-03
7.628210251813196015e-03
7.626451560049736858e-03
7.624693705445989046e-03
7.622936688581103022e-03
7.621180414389269395e-03
7.619425026884921355e-03
7.617670383147109522e-03
7.615916579401227002e-03
7.614163568361031163e-03
7.612411398451861266e-03
7.610659974477235537e-03
7.608909392751723143e-03
7.607159653856782576e-03
7.605410662530598907e-03
7.603662515154609690e-03
7.601915116423433282e-03
7.600168562763093098e-03
7.598422806790485623e-03
7.596677849055549422e-03
7.594933690108476333e-03
7.593190330499714064e-03
7.591447770779957520e-03
7.589706011500160082e-03
7.587965053211528400e-03
7.586224896465520659e-03
7.584485541813841374e-03
7.582746989808451799e-03
7.581009192925551934e-03
7.579272247858617056e-03
7.577536058997312411e-03
7.575800674970620784e-03
7.574066096331754164e-03
7.572332323634182148e-03
7.570599309289494094e-03
7.568867101971746107e-03
7.567135702235148510e-03
7.565405062458989242e-03
7.563675231351122026e-03
7.561946209466504851e-03
7.560217949152119900e-03
7.558490499149613309e-03
7.556763811784425466e-03
7.555037935820736565e-03
7.553312871814744922e-03
7.551588572059573894e-03
7.549865037078865374e-03
7.548142315681852059e-03
7.546420360129348949e-03
7.544699219253117595e-03
7.542978845292424260e-03
7.541259238772137288e-03
7.539540448557806307e-03
7.537822426856381416e-03
7.536105174193456074e-03
7.534388739468374056e-03
7.532673026471243746e-03
7.530958132486405450e-03
7.529244058073484430e-03
7.527530706957216017e-03
7.525818128060187545e-03
7.524106370349301597e-03
7.522395385934534627e-03
7.520685175343669315e-03
7.518975739104730334e-03
7.517267077745981747e-03
7.515559191795930481e-03
7.513852033277619059e-03
7.512145699720429622e-03
7.510440143158903306e-03
7.508735364122504606e-03
7.507031363140940876e-03
7.505328140744158862e-03
7.503625648890525392e-03
7.501923936660249981e-03
7.500223053177839175e-03
7.498522901797512186e-03
7.496823483017352359e-03
7.495124894589490737e-03
7.493427039802751793e-03
7.491729967804868287e-03
7.490033679127930215e-03
7.488338125633282188e-03
7.486643356502425961e-03
7.484949372268154960e-03
7.483256124759474215e-03
7.481563663191639728e-03
7.479871939372093048e-03
7.478181002538597348e-03
7.476490853225123932e-03
7.474801394447643486e-03
7.473112772984894479e-03
7.471424891842298743e-03
7.469737751521710913e-03
7.468051401328403525e-03
7.466365792983547731e-03
7.464680975814919767e-03
7.462996901522115159e-03
7.461313570608150807e-03
7.459630983576280398e-03
7.457949189799278032e-03
7.456268140933597528e-03
7.454587886374513216e-03
7.452908328854557576e-03
7.451229566671815560e-03
7.449551551439593210e-03
7.447874283662758374e-03
7.446197812792822515e-03
7.444522041453296816e-03
7.442847019085133478e-03
7.441172795173593008e-03
7.439499321267251108e-03
7.437826548870840951e-03
7.436154576482833199e-03
7.434483355619435352e-03
7.432812886787572640e-03
7.431143121448822650e-03
7.429474158190708076e-03
7.427805899418656738e-03
7.426138443764720813e-03
7.424471693590713704e-03
7.422805698472537822e-03
7.421140458918708271e-03
7.419475975437966539e-03
7.417812248539275288e-03
7.416149229587089275e-03
7.414486968213528963e-03
7.412825464928232688e-03
7.411164720241069509e-03
7.409504685473316914e-03
7.407845410302062866e-03
7.406186895237847762e-03
7.404529091569569607e-03
7.402872049008038524e-03
7.401215718820565621e-03
7.399560150740442169e-03
7.397905345279323988e-03
7.396251253672134901e-03
7.394597876397916193e-03
7.392945263234923167e-03
7.391293414695698956e-03
7.389642281971978838e-03
7.387991865543694879e-03
7.386342215234055139e-03
7.384693331556488327e-03
7.383045116294445834e-03
7.381397668647914426e-03
7.379750939743845266e-03
7.378104979461641913e-03
7.376459738906659090e-03
7.374815218560588741e-03
7.373171418905337046e-03
7.371528389865252516e-03
7.369886082502496993e-03
7.368244497299633253e-03
7.366603634739445246e-03
7.364963544791219494e-03
7.363324128976609859e-03
7.361685486762652511e-03
7.360047519627360008e-03
7.358410327082271114e-03
7.356773860103144567e-03
7.355138119174278732e-03
7.353503104780191417e-03
7.351868817405612933e-03
7.350235257535491298e-03
7.348602376058522082e-03
7.346970272641998798e-03
7.345338898186063586e-03
7.343708203547005646e-03
7.342078288458865447e-03
7.340449054137821588e-03
7.338820550699842737e-03
7.337192778631591687e-03
7.335565738419945470e-03
7.333939380856364064e-03
7.332313805808386188e-03
7.330688914361254381e-03
7.329064756698321775e-03
7.327441283567830317e-03
7.325818545175593471e-03
7.324196542009973193e-03
7.322575224786793784e-03
7.320954693529323556e-03
7.319334799375250278e-03
7.317715692165093280e-03
7.316097222970850689e-03
7.314479541699565879e-03
7.312862549196415610e-03
7.311246245918392832e-03
7.309630682183596191e-03
7.308015858482490995e-03
7.306401675539893684e-03
7.304788283462426701e-03
7.303175533059339149e-03
7.301563574503774912e-03
7.299952258539296919e-03
7.298341685467553235e-03
7.296731805831430974e-03
7.295122670050066885e-03
7.293514228644727357e-03
7.291906482074907679e-03
7.290299430800308705e-03
7.288693125284963562e-03
7.287087516006897185e-03
7.285482603426428859e-03
7.283878388004086032e-03
7.282274870200599118e-03
7.280672100536118678e-03
7.279070029434608728e-03
7.277468657357419844e-03
7.275867984766102962e-03
7.274268012122414584e-03
7.272668739888314172e-03
7.271070168525971093e-03
7.269472298497751603e-03
7.267875130266229257e-03
7.266278664294180574e-03
7.264682901044586770e-03
7.263087840980626819e-03
7.261493484565689598e-03
7.259899832263360872e-03
7.258306884537431974e-03
7.256714641851894597e-03
7.255123054435444474e-03
7.253532223212458968e-03
7.251942048165519253e-03
7.250352579994919118e-03
7.248763819165665069e-03
7.247175766142951829e-03
7.245588371090575658e-03
7.244001684753711111e-03
7.242415707598156595e-03
7.240830389755256030e-03
7.239245782003832404e-03
7.237661884810288673e-03
7.236078698641220351e-03
7.234496173584700415e-03
7.232914310074670811e-03
7.231333209346807629e-03
7.229752720666206278e-03
7.228172995702757814e-03
7.226593934089667499e-03
7.225015536261873879e-03
7.223437853110358485e-03
7.221860885103507932e-03
7.220284531754122062e-03
7.218708944931593804e-03
7.217133973638175000e-03
7.215559769809757468e-03
7.213986182382880856e-03
7.212413312826957031e-03
7.210841111067746965e-03
7.209269628097166212e-03
7.207698813819331599e-03
7.206128668671536557e-03
7.204559243679331190e-03
7.202990438115282161e-03
7.201422353604415572e-03
7.199854990617854562e-03
7.198288248362640952e-03
7.196722228530487951e-03
7.195156880938930605e-03
7.193592206026810584e-03
7.192028204233169054e-03
7.190464875997233662e-03
7.188902221758429814e-03
7.187340292665635177e-03
7.185778987751156345e-03
7.184218408884529561e-03
7.182658505796691607e-03
7.181099228174691630e-03
7.179540677954756450e-03
7.177982804835335816e-03
7.176425558471007451e-03
7.174869040864669673e-03
7.173313150873879100e-03
7.171757990545989808e-03
7.170203458694860733e-03
7.168649606570828316e-03
7.167096434615994639e-03
7.165543943272648271e-03
7.163992132983272934e-03
7.162441004190537100e-03
7.160890506440737921e-03
7.159340691051449719e-03
7.157791558465912557e-03
7.156243109127548643e-03
7.154695292539339953e-03
7.153148160063686062e-03
7.151601712144576434e-03
7.150055898252501672e-03
7.148510769783480295e-03
7.146966327182060347e-03
7.145422570892985027e-03
7.143879450343420222e-03
7.142336965945425206e-03
7.140795169151038790e-03
7.139254060405750106e-03
7.137713589093398585e-03
7.136173806699637641e-03
7.134634662586642612e-03
7.133096208262472600e-03
7.131558393067643185e-03
7.130021268532614823e-03
7.128484783976238130e-03
7.126948990951380118e-03
7.125413838755222974e-03
7.123879327802051624e-03
7.122345509678339875e-03
7.120812333648768137e-03
7.119279800128171243e-03
7.117747960736629798e-03
7.116216764706320697e-03
7.114686263679725030e-03
7.113156355629237683e-03
7.111627143435820218e-03
7.110098576288305730e-03
7.108570705873982348e-03
7.107043430077828773e-03
7.105516851869677318e-03
7.103990920395020746e-03
7.102465636070705302e-03
7.100940999313751570e-03
7.099417061878641327e-03
7.097893721519228129e-03
7.096371081338649113e-03
7.094849039047048007e-03
7.093327697791988219e-03
7.091807006632271440e-03
7.090286914582802184e-03
7.088767524857795405e-03
7.087248786483531064e-03
7.085730699878839065e-03
7.084213214015273180e-03
7.082696432195905237e-03
7.081180303403661856e-03
7.079664776577584626e-03
7.078149903595860187e-03
7.076635736380929714e-03
7.075122172358808310e-03
7.073609263441271201e-03
7.072097010048752040e-03
7.070585361055250692e-03
7.069074419963758925e-03
7.067564084091000794e-03
7.066054405404728449e-03
7.064545384326261120e-03
7.063036969675392032e-03
7.061529213453456716e-03
7.060022116082305225e-03
7.058515677983957619e-03
7.057009847934843372e-03
7.055504677981072094e-03
7.054000168545192934e-03
7.052496268371106700e-03
7.050993029538503779e-03
7.049490400769597466e-03
7.047988434166463888e-03
7.046487078429627959e-03
7.044986385683553280e-03
7.043486356352010244e-03
7.041986939102995099e-03
7.040488186094543549e-03
7.038990045972961726e-03
7.037492519129665697e-03
7.035995657756260666e-03
7.034499462277563064e-03
7.033003881296501399e-03
7.031508915205181287e-03
7.030014616239969871e-03
7.028520932971265255e-03
7.027027865791687401e-03
7.025535466971172954e-03
7.024043685047580074e-03
7.022552520414050009e-03
7.021062025374083700e-03
7.019572148433000230e-03
7.018082889984451726e-03
7.016594250422258580e-03
7.015106282094681935e-03
7.013618933463651971e-03
7.012132204923500825e-03
7.010646096868729769e-03
7.009160661692355812e-03
7.007675795803554666e-03
7.006191603605039370e-03
7.004708033493650676e-03
7.003225085864738138e-03
7.001742761113820442e-03
7.000261059636588880e-03
6.998779981828901278e-03
6.997299580173260355e-03
6.995819750903917514e-03
6.994340546492698249e-03
6.992862019455666975e-03
6.991384065961470454e-03
6.989906738515488070e-03
6.988430037514754660e-03
6.986954015520077492e-03
6.985478568612625561e-03
6.984003749342522840e-03
6.982529558107469433e-03
6.981055943097653690e-03
6.979583009115449856e-03
6.978110704362393106e-03
6.976638976996121441e-03
6.975167879633859674e-03
6.973697412674304506e-03
6.972227576516318304e-03
6.970758319274127611e-03
6.969289745905511008e-03
6.967821752229204184e-03
6.966354338611677882e-03
6.964887610077309318e-03
6.963421462379223471e-03
6.961955948235290341e-03
6.960491068045691551e-03
6.959026769837822930e-03
6.957563106363104898e-03
6.956100025627226686e-03
6.954637580403966700e-03
6.953175771094323616e-03
6.951714545671424175e-03
6.950253956942590260e-03
6.948793952859237677e-03
6.947334586251050631e-03
6.945875857519837916e-03
6.944417714584452846e-03
6.942960157813976921e-03
6.941503240082810312e-03
6.940046909277238635e-03
6.938591218294020910e-03
6.937136114997727483e-03
6.935681652307477962e-03
6.934227778066129159e-03
6.932774545215155196e-03
6.931321901575702819e-03
6.929869847518302026e-03
6.928418383413645007e-03
6.926967562247923586e-03
6.925517384425201699e-03
6.924067745074964295e-03
6.922618749832267632e-03
6.921170346442252416e-03
6.919722535276566673e-03
6.918275369388465768e-03
6.916828796490511432e-03
6.915382816954833076e-03
6.913937431153717103e-03
6.912492692185120968e-03
6.911048494981642844e-03
6.909604945378086324e-03
6.908161991021859530e-03
6.906719632286039898e-03
6.905277869543862725e-03
6.903836703168722035e-03
6.902396186336803505e-03
6.900956213827558715e-03
6.899516891631146155e-03
6.898078114483259006e-03
6.896639988418436923e-03
6.895202460986341562e-03
6.893765479692721791e-03
6.892329150638695084e-03
6.890893368450556888e-03
6.889458239273809313e-03
6.888023657690989406e-03
6.886589729891979574e-03
6.885156350415559331e-03
6.883723572550123210e-03
6.882291396671405374e-03
6.880859823155301321e-03
6.879428852377853128e-03
6.877998484715261603e-03
6.876568667542925888e-03
6.875139507228248716e-03
6.873710898134962992e-03
6.872282893640841404e-03
6.870855494122855844e-03
6.869428646902084323e-03
6.868002405389815254e-03
6.866576769963479362e-03
6.865151741000660029e-03
6.863727318879094159e-03
6.862303450865540368e-03
6.860880137304984847e-03
6.859457484808910259e-03
6.858035387500342750e-03
6.856613898879933278e-03
6.855192966160108918e-03
6.853772642863864735e-03
6.852352929370152806e-03
6.850933772858805622e-03
6.849515226886320959e-03
6.848097238610797825e-03
6.846679861611070297e-03
6.845263043023505634e-03
6.843846836449276813e-03
6.842431189003014141e-03
6.841016154308227765e-03
6.839601732745230651e-03
6.838187818097617339e-03
6.836774570608253679e-03
6.835361830729543182e-03
6.833949758770762120e-03
6.832538195118501197e-03
6.831127246794919776e-03
6.829716860816834913e-03
6.828307090908264897e-03
6.826897884064291565e-03
6.825489240633668929e-03
6.824081214373915391e-03
6.822673752247503456e-03
6.821266854603633828e-03
6.819860575233323285e-03
6.818454861066436737e-03
6.817049712452616372e-03
6.815645129741655303e-03
6.814241166769233367e-03
6.812837770421731158e-03
6.811434941049385877e-03
6.810032679002577839e-03
6.808630984631835678e-03
6.807229911828661766e-03
6.805829353873239090e-03
6.804429418209210177e-03
6.803030051646861108e-03
6.801631254537453437e-03
6.800233027232394437e-03
6.798835423690168488e-03
6.797438337059626134e-03
6.796041821288525096e-03
6.794645930368842929e-03
6.793250557383757882e-03
6.791855809976542722e-03
6.790461581186593015e-03
6.789067978701541876e-03
6.787674895517003919e-03
6.786282439364974342e-03
6.784890503197284206e-03
6.783499141062159475e-03
6.782108407052036408e-03
6.780718194053075507e-03
6.779328556146985499e-03
6.777939493687488645e-03
6.776551007028449453e-03
6.775163042729646055e-03
6.773775708722681345e-03
6.772388897762365162e-03
6.771002717824659012e-03
6.769617061620584846e-03
6.768231929471815039e-03
6.766847429420846417e-03
6.765463454113020830e-03
6.764080111635194584e-03
6.762697294588919904e-03
6.761315003296581271e-03
6.759933291996131355e-03
6.758552214969740062e-03
6.757171610793918232e-03
6.755791641604017017e-03
6.754412199870226709e-03
6.753033339886296491e-03
6.751655008027115067e-03
6.750277258608747971e-03
6.748900091987902923e-03
6.747523454506833274e-03
6.746147400515083853e-03
6.744771876333151978e-03
6.743396936332897960e-03
6.742022580871726879e-03
6.740648756237505902e-03
6.739275462754867711e-03
6.737902754840300115e-03
6.736530632851769375e-03
6.735159043033626253e-03
6.733788039835829180e-03
6.732417569480976353e-03
6.731047632294532256e-03
6.729678282759926806e-03
6.728309521235957200e-03
6.726941293901700022e-03
6.725573601083179205e-03
6.724206443106553986e-03
6.722839874511029115e-03
6.721473895656094807e-03
6.720108398431482929e-03
6.718743491622780790e-03
6.717379175589885398e-03
6.716015342156836376e-03
6.714652100175737270e-03
6.713289450006899688e-03
6.711927283408665804e-03
6.710565709299654534e-03
6.709204673717500921e-03
6.707844176990009587e-03
6.706484273790243485e-03
6.705124910123193629e-03
6.703766086317070570e-03
6.702407802700224501e-03
6.701050059601140058e-03
6.699692911748649816e-03
6.698336250682100992e-03
6.696980185541827509e-03
6.695624662256642601e-03
6.694269681155708314e-03
6.692915242568318532e-03
6.691561401290225392e-03
6.690208048729369070e-03
6.688855239670755091e-03
6.687503028943587134e-03
6.686151307890105325e-03
6.684800185850178419e-03
6.683449554122238706e-03
6.682099522090493605e-03
6.680750035564036148e-03
6.679401040308025755e-03
6.678052645773171342e-03
6.676704743148401643e-03
6.675357441928765970e-03
6.674010633259383485e-03
6.672664372059073680e-03
6.671318658659271088e-03
6.669973548034145890e-03
6.668628931241211109e-03
6.667284808579243376e-03
6.665941289698467352e-03
6.664598320277360932e-03
6.663255845950458861e-03
6.661913921725777510e-03
6.660572547935809593e-03
6.659231724913177060e-03
6.657891452990637171e-03
6.656551677748293386e-03
6.655212509013705945e-03
6.653873837603444322e-03
6.652535663817733640e-03
6.651198097550635631e-03
6.649861029553001505e-03
6.648524514944340047e-03
6.647188499228540506e-03
6.645853092388334139e-03
6.644518185086949538e-03
6.643183777625524290e-03
6.641849925179303844e-03
6.640516628082739417e-03
6.639183886670409727e-03
6.637851646369993287e-03
6.636519962401324010e-03
6.635188780170307894e-03
6.633858154919065712e-03
6.632528032031727479e-03
6.631198466772709500e-03
6.629869459477497756e-03
6.628540955497547009e-03
6.627213010130717299e-03
6.625885568706686539e-03
6.624558686545607700e-03
6.623232308955377505e-03
6.621906436239195261e-03
6.620581123750648132e-03
6.619256371826244718e-03
6.617932125730322836e-03
6.616608385766592666e-03
6.615285207333220299e-03
6.613962535661875239e-03
6.612640426173013036e-03
6.611318824076520273e-03
6.609997729676740305e-03
6.608677198427565479e-03
6.607357175506205389e-03
6.606037661217385032e-03
6.604718711048426609e-03
6.603400270143869669e-03
6.602082338808812172e-03
6.600764972564011381e-03
6.599448116521326388e-03
6.598131770986238528e-03
6.596815991512929717e-03
6.595500667920986548e-03
6.594185911024444055e-03
6.592871665880701421e-03
6.591557988088512544e-03
6.590244767379821456e-03
6.588932114657305820e-03
6.587619974934791171e-03
6.586308348518879474e-03
6.584997235716301064e-03
6.583686692192663482e-03
6.582376607548444739e-03
6.581067092819278645e-03
6.579758092953630691e-03
6.578449552856017145e-03
6.577141583628552494e-03
6.575834130187018303e-03
6.574527192839132832e-03
6.573220827339635447e-03
6.571914923113709485e-03
6.570609535905322547e-03
6.569304666022686423e-03
6.568000313774132598e-03
6.566696534970105012e-03
6.565393218926220999e-03
6.564090421442152733e-03
6.562788142826721759e-03
6.561486383388871919e-03
6.560185143437671958e-03
6.558884423282306843e-03
6.557584223232090781e-03
6.556284543596450735e-03
6.554985384684942906e-03
6.553686691195075541e-03
6.552388574649957963e-03
6.551090924124158138e-03
6.549793795539879566e-03
6.548497189207282132e-03
6.547201105436645414e-03
6.545905544538369557e-03
6.544610506822976133e-03
6.543315936900795729e-03
6.542021890760867271e-03
6.540728368714071421e-03
6.539435371071407668e-03
6.538142842399620805e-03
6.536850838732297456e-03
6.535559360380797066e-03
6.534268407656603113e-03
6.532977925082863319e-03
6.531687968737716343e-03
6.530398538932998681e-03
6.529109580159166322e-03
6.527821148527763497e-03
6.526533244350990123e-03
6.525245812086600920e-03
6.523958907879552627e-03
6.522672532042399045e-03
6.521386629000197957e-03
6.520101254931316009e-03
6.518816354239013316e-03
6.517531983123926037e-03
6.516248141899198647e-03
6.514964774935391723e-03
6.513681938466550463e-03
6.512399576841433439e-03
6.511117746316356231e-03
6.509836391218279741e-03
6.508555567825788195e-03
6.507275220444042226e-03
6.505995405373892967e-03
6.504716066898702520e-03
6.503437261341589795e-03
6.502158932964113153e-03
6.500881138111667089e-03
6.499603821024000153e-03
6.498327038068776353e-03
6.497050733463945703e-03
6.495774907491468422e-03
6.494499616552410620e-03
6.493224804832014099e-03
6.491950472612589493e-03
6.490676676328600674e-03
6.489403360132585570e-03
6.488130580481274098e-03
6.486858281505400448e-03
6.485586463487852914e-03
6.484315126711632550e-03
6.483044327677999624e-03
6.481774010474079112e-03
6.480504175383216409e-03
6.479234878940070413e-03
6.477966065199057023e-03
6.476697734443865109e-03
6.475429886958300636e-03
6.474162579321548518e-03
6.472895755544410233e-03
6.471629415911035223e-03
6.470363560705679612e-03
6.469098190212721824e-03
6.467833361067007111e-03
6.466569017224812858e-03
6.465305102598464630e-03
6.464041730206556043e-03
6.462778900367084460e-03
6.461516500587265698e-03
6.460254587535676704e-03
6.458993217925081305e-03
6.457732279196926745e-03
6.456471884502700334e-03
6.455211977700540948e-03
6.453952502604623498e-03
6.452693572432883010e-03
6.451435131010736269e-03
6.450177178624253056e-03
6.448919715559615039e-03
6.447662742103112306e-03
6.446406258541146836e-03
6.445150265160235099e-03
6.443894762247005456e-03
6.442639750088192951e-03
6.441385172388919104e-03
6.440131142588586752e-03
6.438877604403555818e-03
6.437624558121008041e-03
6.436371947402437510e-03
6.435119885775831584e-03
6.433868260266087900e-03
6.432617127786630952e-03
6.431366545295071242e-03
6.430116399750528296e-03
6.428866691407905849e-03
6.427617533928068477e-03
6.426368870918304499e-03
6.425120645941939136e-03
6.423872915990294641e-03
6.422625681351878946e-03
6.421378942315308404e-03
6.420132699169308656e-03
6.418886895422664350e-03
6.417641588122334657e-03
6.416396777557374816e-03
6.415152464016946748e-03
6.413908590966201605e-03
6.412665272331743646e-03
6.411422337897647317e-03
6.410179958458927900e-03
6.408938020601957948e-03
6.407696581462713967e-03
6.406455641331116821e-03
6.405215143595953398e-03
6.403975145426573680e-03
6.402735647113225528e-03
6.401496592011967669e-03
6.400258037325526166e-03
6.399019983344472404e-03
6.397782373392134347e-03
6.396545264704614139e-03
6.395308600583419524e-03
6.394072438286903075e-03
6.392836721094753184e-03
6.391601506287569387e-03
6.390366794156675939e-03
6.389132527949027002e-03
6.387898764978599056e-03
6.386665448470525176e-03
6.385432635761029672e-03
6.384200270053421063e-03
6.382968408706174955e-03
6.381736994900777914e-03
6.380506086017951640e-03
6.379275625217359878e-03
6.378045612758334246e-03
6.376816106054971657e-03
6.375587105399867921e-03
6.374358553909041138e-03
6.373130451842244464e-03
6.371902856658069603e-03
6.370675711439790882e-03
6.369449073668242631e-03
6.368222886404879823e-03
6.366997149909983840e-03
6.365771921697757282e-03
6.364547144796913955e-03
6.363322819468052692e-03
6.362099003258742634e-03
6.360875639164958149e-03
6.359652727447612057e-03
6.358430325687639169e-03
6.357208376848276152e-03
6.355986881190746340e-03
6.354765838976377153e-03
6.353545307830592119e-03
6.352325230672973590e-03
6.351105607765158631e-03
6.349886496765937312e-03
6.348667840562146475e-03
6.347449639415737171e-03
6.346231893588761934e-03
6.345014603343379113e-03
6.343797826393981869e-03
6.342581448109684689e-03
6.341365583668238590e-03
6.340150175880078856e-03
6.338935282504081295e-03
6.337720788821629356e-03
6.336506810099028220e-03
6.335293231573794516e-03
6.334080168556507039e-03
6.332867563792111791e-03
6.331655417543893827e-03
6.330443730075241415e-03
6.329232501649644307e-03
6.328021732530698072e-03
6.326811480588476026e-03
6.325601630885028387e-03
6.324392241279616807e-03
6.323183369675676804e-03
6.321974901069454464e-03
6.320766951015039520e-03
6.319559404464810369e-03
6.318352319333625684e-03
6.317145753580514535e-03
6.315939592092050317e-03
6.314733950533007664e-03
6.313528713746091418e-03
6.312323939701751201e-03
6.311119686414610498e-03
6.309915838661566551e-03
6.308712454446427711e-03
6.307509534034500855e-03
6.306307077691196937e-03
6.305105085682025795e-03
6.303903500456875184e-03
6.302702437901879992e-03
6.301501782640389279e-03
6.300301650602806343e-03
6.299101926368610820e-03
6.297902668041667311e-03
6.296703875888182145e-03
6.295505492281616364e-03
6.294307633263048624e-03
6.293110183302278067e-03
6.291913200558753305e-03
6.290716685299175062e-03
6.289520637790344676e-03
6.288325000340214826e-03
6.287129831152698557e-03
6.285935130494893844e-03
6.284740898633995806e-03
6.283547077834277655e-03
6.282353726344118601e-03
6.281160844431010401e-03
6.279968432362539356e-03
6.278776432359303543e-03
6.277584902714140533e-03
6.276393843694936733e-03
6.275203197489523897e-03
6.274013022424091389e-03
6.272823318766816182e-03
6.271634028672768910e-03
6.270445210501486392e-03
6.269256864521434436e-03
6.268068932854924287e-03
6.266881415737566088e-03
6.265694429741640314e-03
6.264507858810444522e-03
6.263321703179877686e-03
6.262136079488616822e-03
6.260950813401785532e-03
6.259766021569272351e-03
6.258581704260413915e-03
6.257397861744647474e-03
6.256214436035073892e-03
6.255031427368264348e-03
6.253848894259356021e-03
6.252666778688684319e-03
6.251485139193614302e-03
6.250303976044153942e-03
6.249123231187874924e-03
6.247942904861923490e-03
6.246763055648119588e-03
6.245583625461262507e-03
6.244404672905398343e-03
6.243226139873483613e-03
6.242048084991787087e-03
6.240870450131420777e-03
6.239693235530201394e-03
6.238516499847735625e-03
6.237340184922365686e-03
6.236164349435927880e-03
6.234988935204914713e-03
6.233813942467618212e-03
6.232639429939206520e-03
6.231465339403406689e-03
6.230291671098791770e-03
6.229118483773865220e-03
6.227945719179586899e-03
6.226773377554807413e-03
6.225601517681369004e-03
6.224430081277458268e-03
6.223259068582206836e-03
6.222088538410792263e-03
6.220918432448626148e-03
6.219748750935125484e-03
6.218579494109800071e-03
6.217410720832268478e-03
6.216242372744246354e-03
6.215074450085523658e-03
6.213906953095980554e-03
6.212739940679682694e-03
6.211573295759537268e-03
6.210407135914899381e-03
6.209241402721934686e-03
6.208076155129150717e-03
6.206911275971681990e-03
6.205746882917397012e-03
6.204582917498759412e-03
6.203419379956484625e-03
6.202256270531381760e-03
6.201093589464348396e-03
6.199931336996378391e-03
6.198769572164853497e-03
6.197608177629367228e-03
6.196447271234804474e-03
6.195286794426225693e-03
6.194126688604707429e-03
6.192967071681517235e-03
6.191807885068933634e-03
6.190649129008682534e-03
6.189490803742578318e-03
6.188332909512528172e-03
6.187175505467009881e-03
6.186018474046169231e-03
6.184861874387649790e-03
6.183705706733720435e-03
6.182549971326742853e-03
6.181394668409167202e-03
6.180239857196123676e-03
6.179085419996089082e-03
6.177931416013355929e-03
6.176777845490737801e-03
6.175624708671136748e-03
6.174472005797545897e-03
6.173319737113049446e-03
6.172167843811112234e-03
6.171016444223399039e-03
6.169865479554568870e-03
6.168714890965302892e-03
6.167564796853642478e-03
6.166415079286664651e-03
6.165265797590845434e-03
6.164116952009983733e-03
6.162968542787970391e-03
6.161820570168782991e-03
6.160672975236605731e-03
6.159525876544349153e-03
6.158379156005469243e-03
6.157232873024187994e-03
6.156087027844927943e-03
6.154941620712203569e-03
6.153796592644620450e-03
6.152652062327839712e-03
6.151507911543632745e-03
6.150364199762860945e-03
6.149220867960413124e-03
6.148077975629362077e-03
6.146935582306937984e-03
6.145793510362060862e-03
6.144651937916337583e-03
6.143510746597908960e-03
6.142369995955376284e-03
6.141229686234308746e-03
6.140089758322158156e-03
6.138950271800842906e-03
6.137811226916192395e-03
6.136672623914131430e-03
6.135534403638385516e-03
6.134396625715294107e-03
6.133259230966725192e-03
6.132122279041227024e-03
6.130985770185153755e-03
6.129849645187581894e-03
6.128713963730374192e-03
6.127578726060144143e-03
6.126443872933177645e-03
6.125309464064647609e-03
6.124175440188974612e-03
6.123041861043541229e-03
6.121908726875397236e-03
6.120775978386167396e-03
6.119643615790019801e-03
6.118511758436299096e-03
6.117380227869765111e-03
6.116249203040530387e-03
6.115118505427419651e-03
6.113988314046823157e-03
6.112858509934266348e-03
6.111729093304516663e-03
6.110600124017097692e-03
6.109471542664317995e-03
6.108343409127904751e-03
6.107215663978302067e-03
6.106088367119444187e-03
6.104961459099907291e-03
6.103834999845835288e-03
6.102708929883937303e-03
6.101583249429750992e-03
6.100458018442723486e-03
6.099333237171617600e-03
6.098208786333543345e-03
6.097084845441973384e-03
6.095961235415271046e-03
6.094838076034263079e-03
6.093715307738195586e-03
6.092592990564233910e-03
6.091471064929758830e-03
6.090349590894137549e-03
6.089228448998876622e-03
6.088107819022543082e-03
6.086987521619751165e-03
6.085867676748284161e-03
6.084748224759916474e-03
6.083629165871534510e-03
6.082510560220215877e-03
6.081392348124937432e-03
6.080274529802831909e-03
6.079157165424282742e-03
6.078040195275460564e-03
6.076923619573751378e-03
6.075807438536620121e-03
6.074691712378857411e-03
6.073576381342893696e-03
6.072461445646445445e-03
6.071346905507311528e-03
6.070232821184681944e-03
6.069119132877249558e-03
6.068005840803061303e-03
6.066892945180246514e-03
6.065780446227017793e-03
6.064668404258066747e-03
6.063556699309994788e-03
6.062445451805070426e-03
6.061334601865440118e-03
6.060224209850194853e-03
6.059114155708120002e-03
6.058004499787454991e-03
6.056895302480589695e-03
6.055786503854988616e-03
6.054678104129685746e-03
6.053570103523791407e-03
6.052462502256506123e-03
6.051355300547105014e-03
6.050248498614943862e-03
6.049142096679466923e-03
6.048036155221856759e-03
6.046930553949407018e-03
6.045825413616145137e-03
6.044720613885455444e-03
6.043616275555598223e-03
6.042512338562803544e-03
6.041408742799305419e-03
6.040305609129714703e-03
6.039202877457448305e-03
6.038100548002754524e-03
6.036998560614121982e-03
6.035897036244624626e-03
6.034795914753930506e-03
6.033695135957713347e-03
6.032594820875399402e-03
6.031494909333837487e-03
6.030395341115895105e-03
6.029296237307337804e-03
6.028197477242226536e-03
6.027099182050558827e-03
6.026001231022481107e-03
6.024903684839186951e-03
6.023806543721965494e-03
6.022709807892187399e-03
6.021613477571302261e-03
6.020517552980836004e-03
6.019422034342396949e-03
6.018326861318531312e-03
6.017232155238270118e-03
6.016137795194156576e-03
6.015043841967258366e-03
6.013950295779577591e-03
6.012857156853198756e-03
6.011764425410279222e-03
6.010672041036794512e-03
6.009580125216578902e-03
6.008488556888476502e-03
6.007397396911232437e-03
6.006306645507397853e-03
6.005216242208251572e-03
6.004126247905822861e-03
6.003036662822903123e-03
6.001947487182359223e-03
6.000858721207136953e-03
5.999770304373811501e-03
5.998682297629898130e-03
5.997594701198574220e-03
5.996507515303098682e-03
5.995420679376286567e-03
5.994334254410036041e-03
5.993248240627834129e-03
5.992162638253251128e-03
5.991077386675341954e-03
5.989992546930384201e-03
5.988908058385556191e-03
5.987823982099318293e-03
5.986740318295627646e-03
5.985657067198517714e-03
5.984574168131400612e-03
5.983491682197122213e-03
5.982409548697215432e-03
5.981327828756714121e-03
5.980246522600034254e-03
5.979165630451668996e-03
5.978085091569389393e-03
5.977004906144786113e-03
5.975925135358365996e-03
5.974845779434929255e-03
5.973766777588478127e-03
5.972688191032802726e-03
5.971610019992930514e-03
5.970532203650039289e-03
5.969454803251203305e-03
5.968377757955715089e-03
5.967301129032832538e-03
5.966224855619970714e-03
5.965148999008571158e-03
5.964073498314164529e-03
5.962998414850381214e-03
5.961923687710865734e-03
5.960849378231438192e-03
5.959775486637958718e-03
5.958701890826125815e-03
5.957628774484260113e-03
5.956556015497192942e-03
5.955483614058031984e-03
5.954411631569156080e-03
5.953340007036668664e-03
5.952268740653907271e-03
5.951197955098770122e-03
5.950127466871062143e-03
5.949057398659852308e-03
5.947987689416529139e-03
5.946918400621117699e-03
5.945849471203122974e-03
5.944780962664755405e-03
5.943712813913632105e-03
5.942645025143761077e-03
5.941577657890629097e-03
5.940510651029021899e-03
5.939444066116613373e-03
5.938377842006298778e-03
5.937311978892461685e-03
5.936246538366045378e-03
5.935181459247117208e-03
5.934116741730282793e-03
5.933052386010211933e-03
5.931988453722218668e-03
5.930924883642597206e-03
5.929861737428840894e-03
5.928798953835356066e-03
5.927736533057182886e-03
5.926674475289438714e-03
5.925612842233983317e-03
5.924551572601442946e-03
5.923490666587156138e-03
5.922430185926252921e-03
5.921370007745785369e-03
5.920310255331774629e-03
5.919250928912901492e-03
5.918191905550329764e-03
5.917133308596406877e-03
5.916075076674199781e-03
5.915017209979629015e-03
5.913959708708686237e-03
5.912902634696318334e-03
5.911845864871912576e-03
5.910789522720464630e-03
5.909733546799369151e-03
5.908677998987939446e-03
5.907622756127705980e-03
5.906567941792096287e-03
5.905513494494724069e-03
5.904459352705206110e-03
5.903405701801338855e-03
5.902352356798823592e-03
5.901299379621549948e-03
5.900246832237543253e-03
5.899194591312627300e-03
5.898142780597089886e-03
5.897091338516975874e-03
5.896040203454335805e-03
5.894989499225776822e-03
5.893939164224506339e-03
5.892889260496176826e-03
5.891839664552863537e-03
5.890790438429344827e-03
5.889741582323267284e-03
5.888693158324635052e-03
5.887645042857669181e-03
5.886597359915828401e-03
5.885549985879405359e-03
5.884503044786070815e-03
5.883456412972184676e-03
5.882410214519634938e-03
5.881364325720851369e-03
5.880318870701929657e-03
5.879273725711374639e-03
5.878229014919494032e-03
5.877184614530856464e-03
5.876140648759987754e-03
5.875096993767525526e-03
5.874053773812203290e-03
5.873010865010730268e-03
5.871968329597475160e-03
5.870926229850945838e-03
5.869884441821955449e-03
5.868843027778136018e-03
5.867801987918610379e-03
5.866761322442572493e-03
5.865721031549285709e-03
5.864681115438083632e-03
5.863641512151648513e-03
5.862602346191875258e-03
5.861563493433848658e-03
5.860525078423670445e-03
5.859486976992494406e-03
5.858449251518824813e-03
5.857411902202481861e-03
5.856374929243354267e-03
5.855338270596533758e-03
5.854302050940755550e-03
5.853266145975372613e-03
5.852230618145410658e-03
5.851195467651103613e-03
5.850160694692752190e-03
5.849126299470727361e-03
5.848092219863482502e-03
5.847058518371474681e-03
5.846025195195283033e-03
5.844992250535548280e-03
5.843959684592986599e-03
5.842927435191305231e-03
5.841895564886391730e-03
5.840864073879164370e-03
5.839832962370609948e-03
5.838802168140638273e-03
5.837771753789480766e-03
5.836741719518327189e-03
5.835712065528439289e-03
5.834682729555922508e-03
5.833653774245355604e-03
5.832625199798198087e-03
5.831596943917712744e-03
5.830569069281727780e-03
5.829541576091911738e-03
5.828514464549994743e-03
5.827487672315436081e-03
5.826461262110407824e-03
5.825435171572470108e-03
5.824409463445964774e-03
5.823384137932961085e-03
5.822359195235595093e-03
5.821334572947624297e-03
5.820310333857729203e-03
5.819286415537764691e-03
5.818262880798585369e-03
5.817239729842659489e-03
5.816216900208989737e-03
5.815194454741681902e-03
5.814172393643408931e-03
5.813150654420317850e-03
5.812129237242160025e-03
5.811108267716006207e-03
5.810087620618559386e-03
5.809067296119771288e-03
5.808047357141338414e-03
5.807027741123699932e-03
5.806008573784434551e-03
5.804989667005670297e-03
5.803971146516134078e-03
5.802953012519229160e-03
5.801935202400635566e-03
5.800917779159637903e-03
5.799900680160012707e-03
5.798883968423213485e-03
5.797867644152969631e-03
5.796851581807329311e-03
5.795835970175724529e-03
5.794820683705318061e-03
5.793805722567046956e-03
5.792791149848865347e-03
5.791776902826932354e-03
5.790762981672386255e-03
5.789749512456424801e-03
5.788736306533372525e-03
5.787723489985577112e-03
5.786711063017488735e-03
5.785698962839554323e-03
5.784687189623301598e-03
5.783675806556426088e-03
5.782664750816517325e-03
5.781654085613436266e-03
5.780643748102867220e-03
5.779633738456661438e-03
5.778624119917927585e-03
5.777614829609489105e-03
5.776605930796622698e-03
5.775597297475994728e-03
5.774589119132523402e-03
5.773581206625705980e-03
5.772573749506694149e-03
5.771566558569004961e-03
5.770559760270691646e-03
5.769553291646948960e-03
5.768547152870338521e-03
5.767541407305870615e-03
5.766535991955883469e-03
5.765530906993125183e-03
5.764526215815858091e-03
5.763521855393555215e-03
5.762517825899158078e-03
5.761514190764169784e-03
5.760510886925202488e-03
5.759507914555392002e-03
5.758505273827935721e-03
5.757503028218662403e-03
5.756501114620364221e-03
5.755499533206433725e-03
5.754498347485939580e-03
5.753497494318814826e-03
5.752496973878636760e-03
5.751496786339048602e-03
5.750496931873753416e-03
5.749497474047230404e-03
5.748498349664634376e-03
5.747499558899861818e-03
5.746501101926869068e-03
5.745503042354454908e-03
5.744505316943957635e-03
5.743507862412708213e-03
5.742510869305359616e-03
5.741514147425737929e-03
5.740517760404989511e-03
5.739521771918398158e-03
5.738526118661570023e-03
5.737530800809026964e-03
5.736535818535350682e-03
5.735541172015187067e-03
5.734546861423245323e-03
5.733552950501285585e-03
5.732559375879181865e-03
5.731566074142802579e-03
5.730573172634141448e-03
5.729580607950205545e-03
5.728588380266074441e-03
5.727596489756891021e-03
5.726605000241976641e-03
5.725613784619379074e-03
5.724622970363676955e-03
5.723632430328971440e-03
5.722642292034037584e-03
5.721652428289028189e-03
5.720662966656910389e-03
5.719673843625132197e-03
5.718685059369387272e-03
5.717696614065436930e-03
5.716708507889096263e-03
5.715720741016248885e-03
5.714733313622834786e-03
5.713746225884856408e-03
5.712759477978377777e-03
5.711773070079521897e-03
5.710787002364476825e-03
5.709801275009487864e-03
5.708815888190862768e-03
5.707830842084968270e-03
5.706846136868237024e-03
5.705861772717155458e-03
5.704877749808275056e-03
5.703894068318206279e-03
5.702910728423622039e-03
5.701927730301253362e-03
5.700945074127891990e-03
5.699962760080393848e-03
5.698980724383053732e-03
5.697999095107058112e-03
5.697017744513194551e-03
5.696036800716839862e-03
5.695056135934828921e-03
5.694075878326730622e-03
5.693095900065428885e-03
5.692116265324943976e-03
5.691136974282670451e-03
5.690158027116060981e-03
5.689179424002633288e-03
5.688201165119958005e-03
5.687223186560840492e-03
5.686245616661612760e-03
5.685268327419354048e-03
5.684291383096703835e-03
5.683314783871533729e-03
5.682338529921776918e-03
5.681362621425422102e-03
5.680386994398567771e-03
5.679411713159239657e-03
5.678436842069595723e-03
5.677462252950904453e-03
5.676488010154422809e-03
5.675514049641458038e-03
5.674540500013477290e-03
5.673567233003844537e-03
5.672594313008126783e-03
5.671621740204903402e-03
5.670649450500687798e-03
5.669677572607420384e-03
5.668705978148582542e-03
5.667734731575121455e-03
5.666763833065913136e-03
5.665793218472672810e-03
5.664822952279578022e-03
5.663853034665679125e-03
5.662883465810086316e-03
5.661914181520678359e-03
5.660945246325937638e-03
5.659976660405146957e-03
5.659008423937652438e-03
5.658040472687492911e-03
5.657072871227452997e-03
5.656105619737053156e-03
5.655138653947453138e-03
5.654172038464665324e-03
5.653205773468383648e-03
5.652239859138356685e-03
5.651274231161905991e-03
5.650308954189348781e-03
5.649343963886086645e-03
5.648379324924584881e-03
5.647415037484882633e-03
5.646451101747078025e-03
5.645487453332731845e-03
5.644524156958609894e-03
5.643561148224356463e-03
5.642598491868888906e-03
5.641636188072588973e-03
5.640674172402220139e-03
5.639712509629923182e-03
5.638751135300539008e-03
5.637790178855094092e-03
5.636829446534055710e-03
5.635869132458354129e-03
5.634909042802464275e-03
5.633949371753534281e-03
5.632989990121871349e-03
5.632030962768215521e-03
5.631072225149721770e-03
5.630113842149281692e-03
5.629155749202124220e-03
5.628198011213290768e-03
5.627240563596089436e-03
5.626283471277710585e-03
5.625326734439503075e-03
5.624370288461895059e-03
5.623414133493298203e-03
5.622458334505194694e-03
5.621502891679164976e-03
5.620547740351787731e-03
5.619592945527769438e-03
5.618638442521769680e-03
5.617684231482536657e-03
5.616730377447998537e-03
5.615776880600069701e-03
5.614823676209562860e-03
5.613870829347626136e-03
5.612918275263149674e-03
5.611966014105213875e-03
5.611014110978192887e-03
5.610062501098087365e-03
5.609111249591416069e-03
5.608160356640540939e-03
5.607209692429274660e-03
5.606259387094621703e-03
5.605309440819109673e-03
5.604359788752968918e-03
5.603410496089155507e-03
5.602461432901583924e-03
5.601512794503123345e-03
5.600564385880349959e-03
5.599616337324909293e-03
5.598668649019715796e-03
5.597721256038259985e-03
5.596774158530513910e-03
5.595827421778021629e-03
5.594880980821385040e-03
5.593934835810742724e-03
5.592989052060854359e-03
5.592043564579435820e-03
5.591098373516788754e-03
5.590153544220891058e-03
5.589209011666570852e-03
5.588264841223950646e-03
5.587320967845929055e-03
5.586377391683081811e-03
5.585434112886040157e-03
5.584491196869218431e-03
5.583548578541660569e-03
5.582606323339927255e-03
5.581664366151134656e-03
5.580722707126189834e-03
5.579781346416046693e-03
5.578840349501550805e-03
5.577899651225969729e-03
5.576959251740423035e-03
5.576019151196082331e-03
5.575079415118084150e-03
5.574139978305837038e-03
5.573200840910677405e-03
5.572262068490954796e-03
5.571323595813188270e-03
5.570385423028875564e-03
5.569447550289566458e-03
5.568509977746867110e-03
5.567572771014484695e-03
5.566635864804116672e-03
5.565699259267530528e-03
5.564763020051647323e-03
5.563827016329151928e-03
5.562891379253196052e-03
5.561956043480653818e-03
5.561021074702732908e-03
5.560086342004192869e-03
5.559151976626535742e-03
5.558217847610554506e-03
5.557284086241932007e-03
5.556350692706020847e-03
5.555417535977666757e-03
5.554484681792520168e-03
5.553552195930354200e-03
5.552620012938401517e-03
5.551688132969227578e-03
5.550756556175447283e-03
5.549825282709732778e-03
5.548894378407211343e-03
5.547963712066866782e-03
5.547033415217355982e-03
5.546103422329156166e-03
5.545173667828723341e-03
5.544244283310979966e-03
5.543315268962015034e-03
5.542386493448918719e-03
5.541458022662327718e-03
5.540529856755439797e-03
5.539602061674081881e-03
5.538674571801010561e-03
5.537747321474963819e-03
5.536820442467560444e-03
5.535893869128662333e-03
5.534967601611776901e-03
5.534041574211780515e-03
5.533115918788643166e-03
5.532190569648362533e-03
5.531265592836396780e-03
5.530340856734052533e-03
5.529416427375873945e-03
5.528492304915734457e-03
5.527568489507562154e-03
5.526644981305332827e-03
5.525721846420921131e-03
5.524798953103733125e-03
5.523876367454730318e-03
5.522954089628096669e-03
5.522032185779985648e-03
5.521110524071864978e-03
5.520189170648973249e-03
5.519268125665702587e-03
5.518347455322482678e-03
5.517427027692842906e-03
5.516506908966299812e-03
5.515587099297451085e-03
5.514667598840939516e-03
5.513748407751463410e-03
5.512829526183772241e-03
5.511910954292664928e-03
5.510992692232991562e-03
5.510074740159656009e-03
5.509157098227608108e-03
5.508239700424666027e-03
5.507322679229239952e-03
5.506405968640264159e-03
5.505489502612658653e-03
5.504573347479830951e-03
5.503657569619312996e-03
5.502742036752883426e-03
5.501826815247155833e-03
5.500911905257539758e-03
5.499997306939495047e-03
5.499082954171168047e-03
5.498168979651828735e-03
5.497255317270743902e-03
5.496341900873155661e-03
5.495428796903157297e-03
5.494516005516512230e-03
5.493603526869030723e-03
5.492691361116575945e-03
5.491779508415060504e-03
5.490867902543923249e-03
5.489956610013664411e-03
5.489045697378906914e-03
5.488134965600085548e-03
5.487224614029040035e-03
5.486314576423421963e-03
5.485404786496866913e-03
5.484495377279926739e-03
5.483586216032686027e-03
5.482677302878505299e-03
5.481768770914190701e-03
5.480860553831591424e-03
5.479952585278527639e-03
5.479044931898315214e-03
5.478137593847609219e-03
5.477230504741332530e-03
5.476323797808803351e-03
5.475417340112234167e-03
5.474511131775425254e-03
5.473605306093956048e-03
5.472699730064077041e-03
5.471794537025531126e-03
5.470889527311686117e-03
5.469984900903333488e-03
5.469080524708778458e-03
5.468176465504140382e-03
5.467272723446665872e-03
5.466369298693658785e-03
5.465466124717443391e-03
5.464563268338404854e-03
5.463660729713987543e-03
5.462758442283615831e-03
5.461856472900869681e-03
5.460954821723344385e-03
5.460053422157550539e-03
5.459152341090273315e-03
5.458251578679250253e-03
5.457351068298090316e-03
5.456450943661968721e-03
5.455551004543179525e-03
5.454651451485247222e-03
5.453752151022703970e-03
5.452853170119799017e-03
5.451954442084318980e-03
5.451056033902643844e-03
5.450157945732947429e-03
5.449260110850114719e-03
5.448362596273719632e-03
5.447465402162081707e-03
5.446568461757176488e-03
5.445671842111774429e-03
5.444775543384341651e-03
5.443879498783941659e-03
5.442983775396545779e-03
5.442088306409280200e-03
5.441193158930244383e-03
5.440298266124625470e-03
5.439403695122656257e-03
5.438509446083135065e-03
5.437615452138337864e-03
5.436721780451693985e-03
5.435828364133537746e-03
5.434935270369431817e-03
5.434042499318411309e-03
5.433149984057899368e-03
5.432257791806655196e-03
5.431365855620162025e-03
5.430474242739304590e-03
5.429582886197627939e-03
5.428691853258148410e-03
5.427801076932469403e-03
5.426910624505734519e-03
5.426020428967608111e-03
5.425130557625366251e-03
5.424241010638566202e-03
5.423351720963956804e-03
5.422462688728137310e-03
5.421573981282642660e-03
5.420685598787220935e-03
5.419797474154735076e-03
5.418909607511974286e-03
5.418022066254732372e-03
5.417134783262960232e-03
5.416247825954587612e-03
5.415361194489635814e-03
5.414474754402116147e-03
5.413588707758192758e-03
5.412702920080948200e-03
5.411817391497542908e-03
5.410932122135183285e-03
5.410047246857368174e-03
5.409162563720082244e-03
5.408278207597935240e-03
5.407394178651370870e-03
5.406510342216496248e-03
5.405626900657376117e-03
5.404743651864961362e-03
5.403860798269515507e-03
5.402978137695980607e-03
5.402095805173532869e-03
5.401213733384642272e-03
5.400331989946391756e-03
5.399450507519305310e-03
5.398569353742590539e-03
5.397688461254831517e-03
5.396807830183973642e-03
5.395927528202414981e-03
5.395047487915825835e-03
5.394167777018729799e-03
5.393288260517391935e-03
5.392409141272364384e-03
5.391530216679492338e-03
5.390651622055013178e-03
5.389773289938764450e-03
5.388895288091651546e-03
5.388017549031566024e-03
5.387140072886956350e-03
5.386262927451920118e-03
5.385386045211430772e-03
5.384509426294075557e-03
5.383633138527139927e-03
5.382757114362679216e-03
5.381881353929418577e-03
5.381005857356123065e-03
5.380130692514332666e-03
5.379255859565956928e-03
5.378381223143428869e-03
5.377506918894202695e-03
5.376632879193527122e-03
5.375759104170443024e-03
5.374885661762860908e-03
5.374012484313116580e-03
5.373139571950379285e-03
5.372266924803870310e-03
5.371394610855755557e-03
5.370522562404472788e-03
5.369650779579377732e-03
5.368779330395820684e-03
5.367908079222351130e-03
5.367037161971386673e-03
5.366166578805509936e-03
5.365296194027297134e-03
5.364426143615406289e-03
5.363556359780491216e-03
5.362686842652262392e-03
5.361817592360476267e-03
5.360948677020044122e-03
5.360080028797730399e-03
5.359211647823422520e-03
5.358343534227052139e-03
5.357475688138595149e-03
5.356608177728276222e-03
5.355740935107991367e-03
5.354873960407850915e-03
5.354007253758004230e-03
5.353140815288651849e-03
5.352274713225326636e-03
5.351408811518743903e-03
5.350543246500841579e-03
5.349677950206693441e-03
5.348812922766721205e-03
5.347948232461767655e-03
5.347083743132589190e-03
5.346219591221518068e-03
5.345355708708764836e-03
5.344492095724964580e-03
5.343628752400799223e-03
5.342765678866991455e-03
5.341902875254308201e-03
5.341040409932085696e-03
5.340178146565148151e-03
5.339316221772459972e-03
5.338454567446438218e-03
5.337593183718068388e-03
5.336732070718379350e-03
5.335871228578441608e-03
5.335010657429373367e-03
5.334150425728998238e-03
5.333290396966204779e-03
5.332430707936586939e-03
5.331571222085048495e-03
5.330712076251341650e-03
5.329853202218141385e-03
5.328994531724091932e-03
5.328136201675184175e-03
5.327278143821165442e-03
5.326420358293584151e-03
5.325562845224029486e-03
5.324705604744136601e-03
5.323848636985580550e-03
5.322992010549978774e-03
5.322135588640316585e-03
5.321279439847276596e-03
5.320423564302707332e-03
5.319568030652469491e-03
5.318712702011574485e-03
5.317857647014949916e-03
5.317002934341637406e-03
5.316148427040669026e-03
5.315294262349214323e-03
5.314440303272318852e-03
5.313586618500210600e-03
5.312733276767235904e-03
5.311880141012460116e-03
5.311027348583442775e-03
5.310174762375263584e-03
5.309322451133454378e-03
5.308470483647658410e-03
5.307618722746976908e-03
5.306767237210121765e-03
5.305916095859916290e-03
5.305065161459481503e-03
5.304214502820709352e-03
5.303364120076295776e-03
5.302514013358978345e-03
5.301664182801537999e-03
5.300814628536797309e-03
5.299965350697621348e-03
5.299116349416916824e-03
5.298267624827629474e-03
5.297419108262319508e-03
5.296570937443865167e-03
5.295722974893458598e-03
5.294875358378130226e-03
5.294027950375088283e-03
5.293180819839997733e-03
5.292334035772636690e-03
5.291487460584229710e-03
5.290641163263621813e-03
5.289795075044585911e-03
5.288949333848694603e-03
5.288103870920821299e-03
5.287258617461813859e-03
5.286413711459474890e-03
5.285569015171070507e-03
5.284724597662857765e-03
5.283880459068492769e-03
5.283036599521674127e-03
5.282193019156138612e-03
5.281349649095896243e-03
5.280506627483289202e-03
5.279663816421624294e-03
5.278821285054570607e-03
5.277979033516075683e-03
5.277137061940120888e-03
5.276295370460735296e-03
5.275453890125092818e-03
5.274612690132158589e-03
5.273771839725009160e-03
5.272931200830998331e-03
5.272090773551300381e-03
5.271250696271100565e-03
5.270410830851762068e-03
5.269571246558605801e-03
5.268731943526024260e-03
5.267892921888451575e-03
5.267054181780366114e-03
5.266215654128192022e-03
5.265377408252542787e-03
5.264539444288013001e-03
5.263701762369242358e-03
5.262864293378748289e-03
5.262027175944553048e-03
5.261190271686077072e-03
5.260353580705068831e-03
5.259517241695776252e-03
5.258681116211635226e-03
5.257845273672782059e-03
5.257009714214174768e-03
5.256174437970817341e-03
5.255339375726432102e-03
5.254504596945384735e-03
5.253670101762797189e-03
5.252835820929458062e-03
5.252001823942907890e-03
5.251168110938390053e-03
5.250334682051186093e-03
5.249501467988175289e-03
5.248668607730589547e-03
5.247835893095446728e-03
5.247003532536575685e-03
5.246171387277479177e-03
5.245339526904160832e-03
5.244507951552182350e-03
5.243676591851578229e-03
5.242845517421520010e-03
5.242014658870086663e-03
5.241184155377189707e-03
5.240353868012363921e-03
5.239523796878356975e-03
5.238694081221304324e-03
5.237864582044752734e-03
5.237035369045280574e-03
5.236206372754115962e-03
5.235377662889951524e-03
5.234549239588821672e-03
5.233721033349025137e-03
5.232893113922421589e-03
5.232065411785352498e-03
5.231238066382625125e-03
5.230410868837974230e-03
5.229584028300171897e-03
5.228757405530812599e-03
5.227931070348098772e-03
5.227104953162499228e-03
5.226279123814328922e-03
5.225453582440061154e-03
5.224628259417225806e-03
5.223803224619310952e-03
5.222978408401891814e-03
5.222153880660570721e-03
5.221329571728962164e-03
5.220505621338848712e-03
5.219681820184775452e-03
5.218858377845722422e-03
5.218035154797323605e-03
5.217212151143381382e-03
5.216389436856898841e-03
5.215567012074809848e-03
5.214744807042898979e-03
5.213922891767334630e-03
5.213101196471945850e-03
5.212279791185009219e-03
5.211458606108395654e-03
5.210637711292498593e-03
5.209817106874524255e-03
5.208996723023403760e-03
5.208176629822697593e-03
5.207356757419379610e-03
5.206537105917756134e-03
5.205717815446942939e-03
5.204898676107221761e-03
5.204079898073222035e-03
5.203261271379196716e-03
5.202443006265960145e-03
5.201624892701733026e-03
5.200807140993512004e-03
5.199989611132997853e-03
5.199172303224842105e-03
5.198355287485277761e-03
5.197538493929525563e-03
5.196721992795928433e-03
5.195905714077748115e-03
5.195089728035438316e-03
5.194273964640300049e-03
5.193458494174903010e-03
5.192643246588584879e-03
5.191828221986340662e-03
5.191013560894608067e-03
5.190199052819396801e-03
5.189384838298238996e-03
5.188570917469334867e-03
5.187757220216141635e-03
5.186943746643879818e-03
5.186130567134617647e-03
5.185317611538875146e-03
5.184504950260829595e-03
5.183692513129042022e-03
5.182880300248918562e-03
5.182068382057804408e-03
5.181256758694238046e-03
5.180445359942853836e-03
5.179634185909211437e-03
5.178823307074876744e-03
5.178012653191543455e-03
5.177202224364885717e-03
5.176392091109631270e-03
5.175582183144537482e-03
5.174772571006444610e-03
5.173963184392146690e-03
5.173154093860595631e-03
5.172345229086624738e-03
5.171536590176164030e-03
5.170728177235179093e-03
5.169920060866841673e-03
5.169112241210247101e-03
5.168304647885325551e-03
5.167497280998190057e-03
5.166690140654992686e-03
5.165883297514181280e-03
5.165076681151758477e-03
5.164270362248280302e-03
5.163464270357790396e-03
5.162658405586625573e-03
5.161852838648502834e-03
5.161047428446162433e-03
5.160242386941137765e-03
5.159437502384823203e-03
5.158632916153520903e-03
5.157828628386837942e-03
5.157024497877519230e-03
5.156220666068079585e-03
5.155417062402754651e-03
5.154613757694746952e-03
5.153810681366332268e-03
5.153007833524282828e-03
5.152205214275413364e-03
5.151402894477147970e-03
5.150600803507831421e-03
5.149798941474386001e-03
5.148997379267398512e-03
5.148196046232269597e-03
5.147394942476029092e-03
5.146594138922428244e-03
5.145793494056220482e-03
5.144993220467648093e-03
5.144193105780783468e-03
5.143393220930540799e-03
5.142593636895937889e-03
5.141794282934521176e-03
5.140995230047417514e-03
5.140196336565389795e-03
5.139397744394457943e-03
5.138599382748244328e-03
5.137801322672090436e-03
5.137003422408756639e-03
5.136205823952553345e-03
5.135408456473172789e-03
5.134611391060171955e-03
5.133814485868313029e-03
5.133017882980189101e-03
5.132221511521568337e-03
5.131425371600198751e-03
5.130629534360903882e-03
5.129833857848447969e-03
5.129038484255782869e-03
5.128243342653760611e-03
5.127448433150311354e-03
5.126653826945523455e-03
5.125859381974164075e-03
5.125065240539535168e-03
5.124271331657583896e-03
5.123477655436413890e-03
5.122684283131380065e-03
5.121891072567249896e-03
5.121098166157681507e-03
5.120305492863706787e-03
5.119513052793607175e-03
5.118720917258005008e-03
5.117928943971664611e-03
5.117137275458598540e-03
5.116345769389568122e-03
5.115554568332730291e-03
5.114763601172238328e-03
5.113972868016622604e-03
5.113182440253871523e-03
5.112392175444747597e-03
5.111602216267760457e-03
5.110812491552147244e-03
5.110023001406614404e-03
5.109233745939900477e-03
5.108444725260778696e-03
5.107655939478057856e-03
5.106867388700580580e-03
5.106079144415815591e-03
5.105291135376120552e-03
5.104503290289822380e-03
5.103715752056130900e-03
5.102928449394460511e-03
5.102141382413861136e-03
5.101354551223419125e-03
5.100567955932257258e-03
5.099781668116263114e-03
5.098995544962180680e-03
5.098209729523716857e-03
5.097424078943617841e-03
5.096638736319725367e-03
5.095853630272602353e-03
5.095068760911612704e-03
5.094284056802300849e-03
5.093499661130787733e-03
5.092715502473704400e-03
5.091931580940551802e-03
5.091147968228790406e-03
5.090364521283156397e-03
5.089581311790162405e-03
5.088798339859443819e-03
5.088015677232671403e-03
5.087233180766574485e-03
5.086450922191875987e-03
5.085668973283397239e-03
5.084887190831865675e-03
5.084105718288242474e-03
5.083324412399251209e-03
5.082543416659991362e-03
5.081762587773185243e-03
5.080982069278068905e-03
5.080201717833362531e-03
5.079421677022443946e-03
5.078641875224236893e-03
5.077862240773626558e-03
5.077082917320200825e-03
5.076303833209933232e-03
5.075524916744757024e-03
5.074746311640468410e-03
5.073967874379770385e-03
5.073189748722595725e-03
5.072411791107644431e-03
5.071634145338988452e-03
5.070856667811323923e-03
5.070079502372862833e-03
5.069302505374294852e-03
5.068525820707968539e-03
5.067749304680573171e-03
5.066973101228594741e-03
5.066197066614717796e-03
5.065421272868055914e-03
5.064645720099294861e-03
5.063870480392701143e-03
5.063095409922952449e-03
5.062320580763366579e-03
5.061545993024761138e-03
5.060771646817991895e-03
5.059997542253945844e-03
5.059223607403887449e-03
5.058449986447064242e-03
5.057676607465822101e-03
5.056903398498477017e-03
5.056130503790476176e-03
5.055357779296475347e-03
5.054585297200300288e-03
5.053813129729883835e-03
5.053041132773868592e-03
5.052269378549237820e-03
5.051497867167239336e-03
5.050726598739159988e-03
5.049955501204449540e-03
5.049184719007175810e-03
5.048414180097869977e-03
5.047643812383030733e-03
5.046873688156990924e-03
5.046103807531232555e-03
5.045334170617269721e-03
5.044564777526652083e-03
5.043795628370957920e-03
5.043026723261800209e-03
5.042257990028780820e-03
5.041489573336648683e-03
5.040721328722010293e-03
5.039953328578650193e-03
5.039185573018347894e-03
5.038418062152911527e-03
5.037650723746030408e-03
5.036883702594864044e-03
5.036116854103999535e-03
5.035350250733525157e-03
5.034583892595413841e-03
5.033817779801670611e-03
5.033051912464329113e-03
5.032286290695459421e-03
5.031520842170868896e-03
5.030755639416949546e-03
5.029990682545866856e-03
5.029225971669819273e-03
5.028461434420671873e-03
5.027697215860397507e-03
5.026933171129547087e-03
5.026169372820810284e-03
5.025405821046546005e-03
5.024642443383692779e-03
5.023879385004562277e-03
5.023116500939686646e-03
5.022353863837005633e-03
5.021591473809040342e-03
5.020829258377799281e-03
5.020067362825932078e-03
5.019305642073953848e-03
5.018544168825052679e-03
5.017782870557296535e-03
5.017021892641604711e-03
5.016261089910474189e-03
5.015500535111298147e-03
5.014740228356878715e-03
5.013980097070356440e-03
5.013220214032266392e-03
5.012460579355509580e-03
5.011701193153024307e-03
5.010941982803998433e-03
5.010183093877960611e-03
5.009424381009374393e-03
5.008665844278250429e-03
5.007907629320312685e-03
5.007149590704015885e-03
5.006391801309341590e-03
5.005634188438579969e-03
5.004876897815725527e-03
5.004119783921218319e-03
5.003362919679234591e-03
5.002606232348118763e-03
5.001849794874150060e-03
5.001093607370703936e-03
5.000337669951186205e-03
4.999581909829998137e-03
4.998826399997611906e-03
4.998071140567527867e-03
4.997316058721187546e-03
4.996561227482211077e-03
4.995806646964194228e-03
4.995052244315615307e-03
4.994298165569407456e-03
4.993544191910767593e-03
4.992790542381906303e-03
4.992037071111192839e-03
4.991283851199591719e-03
4.990530809729664362e-03
4.989778092866739741e-03
4.989025554651168974e-03
4.988273195163810993e-03
4.987521087560865644e-03
4.986769231956303394e-03
4.986017555366765303e-03
4.985266204089982243e-03
4.984514958914880445e-03
4.983764039280685378e-03
4.983013299051711024e-03
4.982262811461505084e-03
4.981512503460786521e-03
4.980762448305200811e-03
4.980012572923487972e-03
4.979263023789914748e-03
4.978513581429226328e-03
4.977764465545320149e-03
4.977015529826471323e-03
4.976266847594616044e-03
4.975518345712576576e-03
4.974770097524383421e-03
4.974022029870884230e-03
4.973274289402871209e-03
4.972526656380910244e-03
4.971779350773567266e-03
4.971032152775365504e-03
4.970285282421037579e-03
4.969538593178810665e-03
4.968792158481101159e-03
4.968045905080859144e-03
4.967299906432599658e-03
4.966554089267295573e-03
4.965808527061557967e-03
4.965063219930242015e-03
4.964318094571360841e-03
4.963573224494664815e-03
4.962828536376194186e-03
4.962084103747798833e-03
4.961339853263539192e-03
4.960595858477362917e-03
4.959852119504335084e-03
4.959108562965555515e-03
4.958365262448112890e-03
4.957622144551130684e-03
4.956879282883795354e-03
4.956136604023253164e-03
4.955394181600785743e-03
4.954651942171564745e-03
4.953909959388968706e-03
4.953168159786190336e-03
4.952426617038704210e-03
4.951685331261906735e-03
4.950944228956028273e-03
4.950203310203475128e-03
4.949462648723907884e-03
4.948722244632843513e-03
4.947982024386561421e-03
4.947241988067583272e-03
4.946502209439763466e-03
4.945762688618736067e-03
4.945023352016830395e-03
4.944284273431040141e-03
4.943545379251717414e-03
4.942806669561562553e-03
4.942068218190712875e-03
4.941330025254981120e-03
4.940592017100766710e-03
4.939854193810887077e-03
4.939116629259669884e-03
4.938379323563044966e-03
4.937642203023459055e-03
4.936905267723847544e-03
4.936168591582726708e-03
4.935432100869577461e-03
4.934695869525007779e-03
4.933959823796523966e-03
4.933224037646828306e-03
4.932488437301449889e-03
4.931753096745184438e-03
4.931017942181582965e-03
4.930282973693845411e-03
4.929548265299912857e-03
4.928813817116094176e-03
4.928079481345242450e-03
4.927345479940907838e-03
4.926611591116204607e-03
4.925877962901047472e-03
4.925144595411896226e-03
4.924411414753402695e-03
4.923678421009029631e-03
4.922945688296138586e-03
4.922213216731301244e-03
4.921480858319312104e-03
4.920748761244541324e-03
4.920016925623649055e-03
4.919285277484366017e-03
4.918553816910357923e-03
4.917822618096314227e-03
4.917091607036995493e-03
4.916360783816156772e-03
4.915630222661623340e-03
4.914899923690259180e-03
4.914169738686789170e-03
4.913439816056228149e-03
4.912710155915524235e-03
4.911980684182520353e-03
4.911251400941167577e-03
4.910522306275447342e-03
4.909793474501560409e-03
4.909064905736598879e-03
4.908336451589231410e-03
4.907608260640987895e-03
4.906880333009045435e-03
4.906152594523332036e-03
4.905425045268028625e-03
4.904697685327345617e-03
4.903970589105853192e-03
4.903243682389520595e-03
4.902517039605013179e-03
4.901790586516321241e-03
4.901064323207795712e-03
4.900338324139238630e-03
4.899612515041674478e-03
4.898886895999539186e-03
4.898161467097299042e-03
4.897436302838938625e-03
4.896711403342032289e-03
4.895986619841131288e-03
4.895262101292849159e-03
4.894537773351282338e-03
4.893813710575648131e-03
4.893089838598062291e-03
4.892366157503216621e-03
4.891642667375829812e-03
4.890919442819302576e-03
4.890196409421791041e-03
4.889473641808788490e-03
4.888750990994767884e-03
4.888028606156980503e-03
4.887306412839628050e-03
4.886584485712382880e-03
4.885862750297466015e-03
4.885141206679847678e-03
4.884419854944527586e-03
4.883698769805361502e-03
4.882977876740611685e-03
4.882257175835360251e-03
4.881536741836599649e-03
4.880816500189620252e-03
4.880096450979590043e-03
4.879376594291702160e-03
4.878657004917131591e-03
4.877937608257208214e-03
4.877218404397211035e-03
4.876499393422444213e-03
4.875780650168264410e-03
4.875062099992041875e-03
4.874343742979164035e-03
4.873625579215046938e-03
4.872907683579228051e-03
4.872189981385118863e-03
4.871472472718215221e-03
4.870755157664044196e-03
4.870038111146324927e-03
4.869321183585320796e-03
4.868604599614193701e-03
4.867888134771024972e-03
4.867171863990663733e-03
4.866455862252053177e-03
4.865740054769689994e-03
4.865024441629321565e-03
4.864309022916717823e-03
4.863593873655005367e-03
4.862878919014719525e-03
4.862164159081715231e-03
4.861449593941871705e-03
4.860735223681099393e-03
4.860021123377747214e-03
4.859307218147398792e-03
4.858593508076046105e-03
4.857879993249703682e-03
4.857166673754416408e-03
4.856453624723760729e-03
4.855740696159843196e-03
4.855028038254815929e-03
4.854315576047328433e-03
4.853603384715133619e-03
4.852891314172306896e-03
4.852179514699249234e-03
4.851467911290645307e-03
4.850756428897138629e-03
4.850045293011980008e-03
4.849334278314573927e-03
4.848623460026933903e-03
4.847912913415173587e-03
4.847202563408031274e-03
4.846492410091956041e-03
4.845782453553425587e-03
4.845072693878941031e-03
4.844363131155031248e-03
4.843653840714075461e-03
4.842944672162029229e-03
4.842235776088164509e-03
4.841527077333294266e-03
4.840818575984083549e-03
4.840110272127219962e-03
4.839402165849417993e-03
4.838694332560370889e-03
4.837986621711969949e-03
4.837279184047922620e-03
4.836571944332105147e-03
4.835864902651365593e-03
4.835158059092579778e-03
4.834451413742651277e-03
4.833744966688505347e-03
4.833038718017100208e-03
4.832332743237523556e-03
4.831626891603586424e-03
4.830921314057554442e-03
4.830215935264382116e-03
4.829510755311155167e-03
4.828805774284989673e-03
4.828100992273022529e-03
4.827396409362420121e-03
4.826692025640376589e-03
4.825987841194107758e-03
4.825283856110860678e-03
4.824580146021210068e-03
4.823876559936862880e-03
4.823173249042766488e-03
4.822470137882968640e-03
4.821767150957469855e-03
4.821064439517405015e-03
4.820361928073843040e-03
4.819659616714239148e-03
4.818957505526073708e-03
4.818255594596852244e-03
4.817553884014108903e-03
4.816852373865400383e-03
4.816151064238312005e-03
4.815449955220452508e-03
4.814749122597011648e-03
4.814048415071566119e-03
4.813347908418338754e-03
4.812647678455646456e-03
4.811947573821037140e-03
4.811247746074507128e-03
4.810548043809581391e-03
4.809848618630379810e-03
4.809149319086408747e-03
4.808450296825908174e-03
4.807751400354367578e-03
4.807052781364150491e-03
4.806354364146487798e-03
4.805656072948572693e-03
4.804958059528949277e-03
4.804260248145876544e-03
4.803562563013567127e-03
4.802865155956750030e-03
4.802167951200708891e-03
4.801470872926680115e-03
4.800774073025575878e-03
4.800077475689700987e-03
4.799381005067318226e-03
4.798684813115520337e-03
4.797988823993639372e-03
4.797292961816957552e-03
4.796597378608754257e-03
4.795901922500348663e-03
4.795206745559143710e-03
4.794511695872439097e-03
4.793816925551757854e-03
4.793122358679482303e-03
4.792427919293951004e-03
4.791733683511729264e-03
4.791039727493484265e-03
4.790345899194451210e-03
4.789652350858522069e-03
4.788958930396913435e-03
4.788265713981410335e-03
4.787572701700645861e-03
4.786879893643279996e-03
4.786187289897997008e-03
4.785494966713805740e-03
4.784802771869863490e-03
4.784110705421877434e-03
4.783418919812282115e-03
4.782727338958571786e-03
4.782035962949583371e-03
4.781344791874177214e-03
4.780653749583817051e-03
4.779962988631240688e-03
4.779272356619522315e-03
4.778582006145518958e-03
4.777891784768285334e-03
4.777201768836288921e-03
4.776511958438567004e-03
4.775822353664178552e-03
4.775132954602211155e-03
4.774443761341774090e-03
4.773754773972003519e-03
4.773065992582060761e-03
4.772377340891492507e-03
4.771688971717765772e-03
4.771000732399824883e-03
4.770312775799254341e-03
4.769624949210977266e-03
4.768937329115976662e-03
4.768249915603583848e-03
4.767562708763158769e-03
4.766875632226307176e-03
4.766188838986972973e-03
4.765502252687832917e-03
4.764815796927509596e-03
4.764129548264281824e-03
4.763443583300522484e-03
4.762757749111047774e-03
4.762072045752361107e-03
4.761386626372827134e-03
4.760701414538168544e-03
4.760016333770057326e-03
4.759331537283041300e-03
4.758646872019871299e-03
4.757962414638204109e-03
4.757278165227768300e-03
4.756594123878314130e-03
4.755910214045557666e-03
4.755226589076404393e-03
4.754543095781538047e-03
4.753859810884869704e-03
4.753176734476273653e-03
4.752493866645646735e-03
4.751811207482911810e-03
4.751128757078016025e-03
4.750446438798725836e-03
4.749764329435205747e-03
4.749082429077473161e-03
4.748400737815573237e-03
4.747719255739573686e-03
4.747037906162274515e-03
4.746356765929046935e-03
4.745675911929361432e-03
4.744995190665743726e-03
4.744314602195327801e-03
4.743634300240038605e-03
4.742954131236364404e-03
4.742274172095932439e-03
4.741594422909027259e-03
4.740914883765956836e-03
4.740235554757055159e-03
4.739556359074191191e-03
4.738877373684197147e-03
4.738198598677478141e-03
4.737520034144466173e-03
4.736841680175609727e-03
4.736163459907812186e-03
4.735485450363113337e-03
4.734807651632037991e-03
4.734130063805136110e-03
4.733452609975330634e-03
4.732775444217495082e-03
4.732098412615938499e-03
4.731421515228248498e-03
4.730744906195478300e-03
4.730068431535898628e-03
4.729392168370926373e-03
4.728716116791299717e-03
4.728040276887780259e-03
4.727364571654348382e-03
4.726689078256585304e-03
4.726013796785322879e-03
4.725338727331420720e-03
4.724663792844878765e-03
4.723989070535445159e-03
4.723314560494048901e-03
4.722640262811640677e-03
4.721966100394244317e-03
4.721292150495775761e-03
4.720618413207255080e-03
4.719944888619727504e-03
4.719271499595243356e-03
4.718598323431877697e-03
4.717925360220749480e-03
4.717252610052996738e-03
4.716579995746691088e-03
4.715907594644075385e-03
4.715235329541230154e-03
4.714563355108627139e-03
4.713891516836251315e-03
4.713219892110507257e-03
4.712548403683500253e-03
4.711877206313938755e-03
4.711206145403754909e-03
4.710535221011268384e-03
4.709864587961362994e-03
4.709194091589935169e-03
4.708523731955375699e-03
4.707853663948742898e-03
4.707183732839897473e-03
4.706514016125655682e-03
4.705844436448178639e-03
4.705175148786759631e-03
4.704505998323209141e-03
4.703836985116080158e-03
4.703168186717392174e-03
4.702499603218799305e-03
4.701831234711973014e-03
4.701163003762111672e-03
4.700494987965399100e-03
4.699827187413579618e-03
4.699159524638864098e-03
4.698492077270561770e-03
4.697824845400484610e-03
4.697157751527858589e-03
4.696490873315116617e-03
4.695824210854136586e-03
4.695157686611162173e-03
4.694491378281746494e-03
4.693825285957838565e-03
4.693159332072696296e-03
4.692493594354994746e-03
4.691828072896750586e-03
4.691162690098237692e-03
4.690497523721252199e-03
4.689832496144076025e-03
4.689167685150587468e-03
4.688503090832918559e-03
4.687838713283222145e-03
4.687174474835802303e-03
4.686510375549807032e-03
4.685846571044222780e-03
4.685182905862495667e-03
4.684519380063837876e-03
4.683856071520452018e-03
4.683192980324649667e-03
4.682530106568767551e-03
4.681867372499147993e-03
4.681204778175118535e-03
4.680542479392131236e-03
4.679880242638458782e-03
4.679218301610704039e-03
4.678556500632181925e-03
4.677894917674455671e-03
4.677233474906898787e-03
4.676572250323157535e-03
4.675911166070614335e-03
4.675250300164994141e-03
4.674589652698901698e-03
4.673929145786736260e-03
4.673268857477342990e-03
4.672608787863393419e-03
4.671948859026301033e-03
4.671289071025729045e-03
4.670629501954680872e-03
4.669970151905922587e-03
4.669311020972233273e-03
4.668652031180052162e-03
4.667993182589153488e-03
4.667334553347741305e-03
4.666676143548690973e-03
4.666017875174452607e-03
4.665359826406351336e-03
4.664701919204850521e-03
4.664044231773353984e-03
4.663386686050331395e-03
4.662729360261267005e-03
4.662072254499191430e-03
4.661415290669585973e-03
4.660758547031053356e-03
4.660101945467088128e-03
4.659445564258373439e-03
4.658789325266407544e-03
4.658133306793955757e-03
4.657477430680527844e-03
4.656821775250963476e-03
4.656166340598491896e-03
4.655511048529632767e-03
4.654855899104604414e-03
4.654201049001170480e-03
4.653546263386357587e-03
4.652891698948990844e-03
4.652237355782429598e-03
4.651583155627218510e-03
4.650929176907557874e-03
4.650275341342002995e-03
4.649621727376830257e-03
4.648968256708605612e-03
4.648315007805684136e-03
4.647661902342638089e-03
4.647009018809902976e-03
4.646356278860058232e-03
4.645703761005618923e-03
4.645051386877173394e-03
4.644399235009314536e-03
4.643747305495684458e-03
4.643095441437815850e-03
4.642443878384532215e-03
4.641792459426394984e-03
4.641141184624076980e-03
4.640490132578409775e-03
4.639839224832009550e-03
4.639188540007789172e-03
4.638537999626370263e-03
4.637887682332741783e-03
4.637237509625537733e-03
4.636587560171824031e-03
4.635937755448241854e-03
4.635288095515658312e-03
4.634638659074257795e-03
4.633989446218005070e-03
4.633340378379553065e-03
4.632691534292207244e-03
4.632042835366626844e-03
4.631394281663809946e-03
4.630745951950175285e-03
4.630097767603398064e-03
4.629449807411972241e-03
4.628801992731580196e-03
4.628154402372799785e-03
4.627506957669314490e-03
4.626859737453779126e-03
4.626212663037890423e-03
4.625565813276377551e-03
4.624919109458943550e-03
4.624272551646818954e-03
4.623626218727853142e-03
4.622980031958754711e-03
4.622334070249455203e-03
4.621688254834669524e-03
4.621042664646403571e-03
4.620397220897382896e-03
4.619751923648984619e-03
4.619106851866332242e-03
4.618461926729159478e-03
4.617817227224666789e-03
4.617172674510594196e-03
4.616528347596219120e-03
4.615884167617291360e-03
4.615240134635334619e-03
4.614596327692743923e-03
4.613952667892276364e-03
4.613309234298401326e-03
4.612665947991884813e-03
4.612022809034358080e-03
4.611379896523407247e-03
4.610737131506806481e-03
4.610094593104217993e-03
4.609452202341425726e-03
4.608809959280160684e-03
4.608167943073206152e-03
4.607526074713349032e-03
4.606884433375448701e-03
4.606242940030300104e-03
4.605601594739740928e-03
4.604960476711746423e-03
4.604319506884119693e-03
4.603678764486912080e-03
4.603038170435932129e-03
4.602397724793124215e-03
4.601757506821653812e-03
4.601117437404339365e-03
4.600477516603187697e-03
4.599837823714478420e-03
4.599198279588040741e-03
4.598558963542230364e-03
4.597919796404882804e-03
4.597280778238105499e-03
4.596641909104027569e-03
4.596003268365161237e-03
4.595364856116730679e-03
4.594726513809184801e-03
4.594088400138512246e-03
4.593450515199997905e-03
4.592812700378047161e-03
4.592175114434816213e-03
4.591537757465653270e-03
4.590900550177419437e-03
4.590263492632451134e-03
4.589626584893102997e-03
4.588989906443305747e-03
4.588353377945936576e-03
4.587716999463409100e-03
4.587080850512769911e-03
4.586444851723904363e-03
4.585809082635931670e-03
4.585173463856741759e-03
4.584537995448852328e-03
4.583902677474800159e-03
4.583267589517861854e-03
4.582632652141933882e-03
4.581997865409617211e-03
4.581363308937299109e-03
4.580728903255885942e-03
4.580094648428037658e-03
4.579460624103255661e-03
4.578826750779453614e-03
4.578193028519353912e-03
4.577559537005570361e-03
4.576926117072130894e-03
4.576292928032584841e-03
4.575659969982787817e-03
4.575027163354666339e-03
4.574394508211062499e-03
4.573762004614838339e-03
4.573129732325872249e-03
4.572497611732103361e-03
4.571865642896453565e-03
4.571233825881862098e-03
4.570602240492363869e-03
4.569970807071903687e-03
4.569339525683482374e-03
4.568708476164248106e-03
4.568077578825151253e-03
4.567446833729255085e-03
4.566816240939638484e-03
4.566185880337600075e-03
4.565555672190100243e-03
4.564925616560281188e-03
4.564295793362551333e-03
4.563666122830878358e-03
4.563036605028463442e-03
4.562407240018526849e-03
4.561778107759627450e-03
4.561149048535405315e-03
4.560520222210797704e-03
4.559891628882157232e-03
4.559263108767073504e-03
4.558634821796651339e-03
4.558006688105875094e-03
4.557378787730570827e-03
4.556750960800263171e-03
4.556123367334277176e-03
4.555495927423606345e-03
4.554868641131709465e-03
4.554241588549595016e-03
4.553614689735262927e-03
4.552987944752230100e-03
4.552361353664031648e-03
4.551734916534223505e-03
4.551108713509003506e-03
4.550482664591379116e-03
4.549856769844965246e-03
4.549231029333395022e-03
4.548605523247017599e-03
4.547980171544845247e-03
4.547354974290570943e-03
4.546729931547908478e-03
4.546105123551352246e-03
4.545480390034143184e-03
4.544855891412597805e-03
4.544231547579741237e-03
4.543607438814219190e-03
4.542983404761206760e-03
4.542359605925238956e-03
4.541735962155350921e-03
4.541112473515428183e-03
4.540489140069377087e-03
4.539866042162064678e-03
4.539243019306569461e-03
4.538620232139759826e-03
4.537997600444675095e-03
4.537375204610331891e-03
4.536752884061744616e-03
4.536130799523997552e-03
4.535508870736138301e-03
4.534887097762248416e-03
4.534265480666426797e-03
4.533644019512790557e-03
4.533022794767615701e-03
4.532401726114955627e-03
4.531780733194815634e-03
4.531160057343908490e-03
4.530539457353929995e-03
4.529919013713286889e-03
4.529298806954475641e-03
4.528678756695558166e-03
4.528058782510548282e-03
4.527439125934592905e-03
4.526819545561181803e-03
4.526200121944943915e-03
4.525580935684596177e-03
4.524961825786842640e-03
4.524342953395804785e-03
4.523724238041558487e-03
4.523105760366966793e-03
4.522487359290668779e-03
4.521869115444546693e-03
4.521251109504578584e-03
4.520633260945840920e-03
4.520015569832873219e-03
4.519398036230233215e-03
4.518780660202495122e-03
4.518163441814254840e-03
4.517546461807706547e-03
4.516929558903337930e-03
4.516312894531980364e-03
4.515696388080723406e-03
4.515080039614255761e-03
4.514463849197285217e-03
4.513847816894537776e-03
4.513231942770758523e-03
4.512616307656438196e-03
4.512000750095926729e-03
4.511385431696492490e-03
4.510770271757232053e-03
4.510155270342984177e-03
4.509540427518606703e-03
4.508925743348977423e-03
4.508311217898989740e-03
4.507696932087424876e-03
4.507082724282500223e-03
4.506468756267918534e-03
4.505854866367862109e-03
4.505241216410142517e-03
4.504627725583862721e-03
4.504014393954051433e-03
4.503401221585751242e-03
4.502788208544025554e-03
4.502175354893954255e-03
4.501562741664683412e-03
4.500950207004261044e-03
4.500337912916928772e-03
4.499725697506702128e-03
4.499113722821931546e-03
4.498501907941728981e-03
4.497890252931307890e-03
4.497278757855894746e-03
4.496667422780740303e-03
4.496056247771110063e-03
4.495445232892287743e-03
4.494834378209577874e-03
4.494223683788301470e-03
4.493613230801073166e-03
4.493002857109719417e-03
4.492392725005184793e-03
4.491782672305262396e-03
4.491172861345002140e-03
4.490563211060527062e-03
4.489953640343904290e-03
4.489344311596348697e-03
4.488735143720981938e-03
4.488126136783310641e-03
4.487517290848856179e-03
4.486908605983161609e-03
4.486300082251785601e-03
4.485691719720305906e-03
4.485083518454319358e-03
4.484475559791980051e-03
4.483867681264857782e-03
4.483259964200126714e-03
4.482652408663453936e-03
4.482045096037138784e-03
4.481437863764680882e-03
4.480830874556044653e-03
4.480223965810695499e-03
4.479617300282704925e-03
4.479010715327500641e-03
4.478404373743264701e-03
4.477798112841389726e-03
4.477192095464163114e-03
4.476586158878943268e-03
4.475980465972125531e-03
4.475374935404839369e-03
4.474769485794167015e-03
4.474164280092659228e-03
4.473559236928450165e-03
4.472954356367497483e-03
4.472349556982881287e-03
4.471745001815368228e-03
4.471140609449092938e-03
4.470536379950084196e-03
4.469932231847422582e-03
4.469328328270091508e-03
4.468724587758221740e-03
4.468121010377916653e-03
4.467517514614255565e-03
4.466914263684435178e-03
4.466311176084589336e-03
4.465708251880889934e-03
4.465105409514417631e-03
4.464502812290583288e-03
4.463900378661518620e-03
4.463298108693468380e-03
4.462695920783515437e-03
4.462093978325279604e-03
4.461492199726894807e-03
4.460890503352444268e-03
4.460289052661707554e-03
4.459687766029819811e-03
4.459086561787862883e-03
4.458485603461776088e-03
4.457884727636371794e-03
4.457284097881698999e-03
4.456683550738532382e-03
4.456083249821024550e-03
4.455483031625917696e-03
4.454882977999061362e-03
4.454283170830391353e-03
4.453683446550595060e-03
4.453083887038626620e-03
4.452484492361049109e-03
4.451885262584440346e-03
4.451286279653915087e-03
4.450687379890070836e-03
4.450088645227037211e-03
4.449490075731464891e-03
4.448891589547429928e-03
4.448293350575778342e-03
4.447695276971640709e-03
4.447097368801733626e-03
4.446499626132796243e-03
4.445901967053903468e-03
4.445304555576163816e-03
4.444707227799994144e-03
4.444110147780609178e-03
4.443513151574386352e-03
4.442916321247882341e-03
4.442319738911737481e-03
4.441723240556278741e-03
4.441126908281162189e-03
4.440530742153302179e-03
4.439934742239624345e-03
4.439338908607072531e-03
4.438743241322609667e-03
4.438147658332308731e-03
4.437552323933962976e-03
4.436957073941752080e-03
4.436362072697578977e-03
4.435767155971584788e-03
4.435172488149776923e-03
4.434577904958262283e-03
4.433983488629119653e-03
4.433389239229465484e-03
4.432795156826436177e-03
4.432201241487182010e-03
4.431607411036767724e-03
4.431013830015570303e-03
4.430420333995566465e-03
4.429827087561237671e-03
4.429233926240523818e-03
4.428640932364820079e-03
4.428048188309606156e-03
4.427455529536769747e-03
4.426862956080562968e-03
4.426270632657781576e-03
4.425678477016536244e-03
4.425086406860886078e-03
4.424494586973784852e-03
4.423902852685006326e-03
4.423311286425258594e-03
4.422719888261966020e-03
4.422128658262569449e-03
4.421537596494529675e-03
4.420946703025318766e-03
4.420355977922431345e-03
4.419765338790918041e-03
4.419174868138728111e-03
4.418584648517898811e-03
4.417994515038019786e-03
4.417404550240144889e-03
4.416814671674319272e-03
4.416225044432231517e-03
4.415635586074979566e-03
4.415046214119608056e-03
4.414457011162341987e-03
4.413867977270858126e-03
4.413279112512854055e-03
4.412690416956040369e-03
4.412101890668145877e-03
4.411513451100208122e-03
4.410925263542384532e-03
4.410337162818023238e-03
4.409749231611625846e-03
4.409161469991004431e-03
4.408573795352192792e-03
4.407986373095609985e-03
4.407399037934507310e-03
4.406811955313411772e-03
4.406224959901536113e-03
4.405638134460625709e-03
4.405051396320702924e-03
4.404464911014505449e-03
4.403878513123168914e-03
4.403292368223533752e-03
4.402706310852698771e-03
4.402120423838614197e-03
4.401534624445299637e-03
4.400949078337801010e-03
4.400363619965144343e-03
4.399778415036479165e-03
4.399193297956792079e-03
4.398608268761140978e-03
4.398023493224834275e-03
4.397438805686799436e-03
4.396854371966447614e-03
4.396270026358671187e-03
4.395685851812798119e-03
4.395101765471832837e-03
4.394517933243393716e-03
4.393934189334296019e-03
4.393350616738006011e-03
4.392767215522796337e-03
4.392183985756962193e-03
4.391600927508810918e-03
4.391017957844339098e-03
4.390435159812178939e-03
4.389852533480692424e-03
4.389270078918251078e-03
4.388687713146845019e-03
4.388105519259246495e-03
4.387523497323879071e-03
4.386941647409181057e-03
4.386359969583608978e-03
4.385778380814144874e-03
4.385197047361237728e-03
4.384615803079396079e-03
4.384034648004087216e-03
4.383453748461916405e-03
4.382872938241332179e-03
4.382292300545447342e-03
4.381711835442848521e-03
4.381131543002137092e-03
4.380551340091280547e-03
4.379971393169194115e-03
4.379391535892214124e-03
4.378811768295950979e-03
4.378232256905476190e-03
4.377652835311065214e-03
4.377073586815135101e-03
4.376494511486418194e-03
4.375915526104869058e-03
4.375336797305816490e-03
4.374758158569439989e-03
4.374179693253324279e-03
4.373601318093420058e-03
4.373023199813260743e-03
4.372445171804947850e-03
4.371867234104287805e-03
4.371289553500970308e-03
4.370711963321036869e-03
4.370134546999310775e-03
4.369557304604715191e-03
4.368980236206189763e-03
4.368403258440669776e-03
4.367826454787109881e-03
4.367249825314500900e-03
4.366673286626767195e-03
4.366097005712064709e-03
4.365520815698256674e-03
4.364944716621342938e-03
4.364368875535630521e-03
4.363793125502924385e-03
4.363217550090454054e-03
4.362642065825133447e-03
4.362066839849475068e-03
4.361491705137208498e-03
4.360916745299694627e-03
4.360341876819840042e-03
4.359767183331074783e-03
4.359192664902607380e-03
4.358618321603665441e-03
4.358044069873143883e-03
4.357469993388608451e-03
4.356896092219331856e-03
4.356322366434603292e-03
4.355748732429312077e-03
4.355175273925154453e-03
4.354601990991468184e-03
4.354028799990136873e-03
4.353455784675957889e-03
4.352882945118314965e-03
4.352310197646085989e-03
4.351737626047167719e-03
4.351165230390991595e-03
4.350593010747002935e-03
4.350020883400069691e-03
4.349448932182225190e-03
4.348877073356334153e-03
4.348305474594140255e-03
4.347733968340896510e-03
4.347162554633085887e-03
4.346591401208605744e-03
4.346020340446649088e-03
4.345449456256480873e-03
4.344878664823952769e-03
4.344308050080393675e-03
4.343737612095437996e-03
4.343167267021926480e-03
4.342597098824294358e-03
4.342027107572217666e-03
4.341457293335391522e-03
4.340887572222649343e-03
4.340318028242555991e-03
4.339748577481941649e-03
4.339179303971436863e-03
4.338610207780813077e-03
4.338041288979856483e-03
4.337472463611388197e-03
4.336903815750170997e-03
4.336335261417021032e-03
4.335766884708766762e-03
4.335198685695275042e-03
4.334630664446422268e-03
4.334062736939013789e-03
4.333494987314013766e-03
4.332927331526223447e-03
4.332359853738670941e-03
4.331792554021310707e-03
4.331225348295937409e-03
4.330658320758677682e-03
4.330091471479535423e-03
4.329524716347295243e-03
4.328958139591183168e-03
4.328391741281247332e-03
4.327825437273267496e-03
4.327259311829568210e-03
4.326693280783922534e-03
4.326127512668059838e-03
4.325561754810094105e-03
4.324996260022171551e-03
4.324430859846721369e-03
4.323865554320857965e-03
4.323300512086562797e-03
4.322735564620201580e-03
4.322170711958936429e-03
4.321606038475420304e-03
4.321041544239899966e-03
4.320477229322633450e-03
4.319913009425364013e-03
4.319348884585326627e-03
4.318785023620911115e-03
4.318221257832316820e-03
4.317657587256825552e-03
4.317094096355358207e-03
4.316530785198276904e-03
4.315967569410304912e-03
4.315404533485459916e-03
4.314841677494152608e-03
4.314278917028095336e-03
4.313716336614405178e-03
4.313153851822790381e-03
4.312591547202431971e-03
4.312029422823813497e-03
4.311467394223637492e-03
4.310905545984181769e-03
4.310343793620140425e-03
4.309782221735858690e-03
4.309220830401896442e-03
4.308659535099938591e-03
4.308098420467428025e-03
4.307537401964046421e-03
4.306976564249298881e-03
4.306415907393821609e-03
4.305855346824286230e-03
4.305294967233295501e-03
4.304734684025517816e-03
4.304174581915624215e-03
4.303614576286272052e-03
4.303054751874198919e-03
4.302495108750142502e-03
4.301935562263754440e-03
4.301376197184866509e-03
4.300816928841124515e-03
4.300257842024427651e-03
4.299698936805585597e-03
4.299140128479235837e-03
4.298581501870373488e-03
4.298022972251630200e-03
4.297464624470065907e-03
4.296906373776303821e-03
4.296348305039470426e-03
4.295790333488182233e-03
4.295232544013631408e-03
4.294674936686761202e-03
4.294117426703179807e-03
4.293560098987175312e-03
4.293002868712350074e-03
4.292445820825056997e-03
4.291888870476890869e-03
4.291332102636270275e-03
4.290775517374239949e-03
4.290219029809387227e-03
4.289662639979735514e-03
4.289106517872338757e-03
4.288550408634773936e-03
4.287994482265142585e-03
4.287438738834581375e-03
4.286883093395654071e-03
4.286327631016070491e-03
4.285772351767008076e-03
4.285217170668023136e-03
4.284662087757270914e-03
4.284107188146586524e-03
4.283552471907203785e-03
4.282997854014670806e-03
4.282443334507195741e-03
4.281888998540744201e-03
4.281334846186610719e-03
4.280780792376325666e-03
4.280226922298952311e-03
4.279673150864014321e-03
4.279119563282638046e-03
4.278566074442341320e-03
4.278012769576316175e-03
4.277459563550072875e-03
4.276906541618867401e-03
4.276353618626202446e-03
4.275800879849398807e-03
4.275248325359908008e-03
4.274695869968221824e-03
4.274143513712768717e-03
4.273591341914995644e-03
4.273039269352385192e-03
4.272487381368451735e-03
4.271935678034730934e-03
4.271384074095694455e-03
4.270832569589856631e-03
4.270281249904856261e-03
4.269730029752154959e-03
4.269178994541458945e-03
4.268628144344388878e-03
4.268077393839398055e-03
4.267526743065082340e-03
4.266976277475275844e-03
4.266425997141654741e-03
4.265875816698658923e-03
4.265325736184940632e-03
4.264775841098462743e-03
4.264226046040648158e-03
4.263676436531522833e-03
4.263126927150505570e-03
4.262577603439685406e-03
4.262028465470851270e-03
4.261479342265015249e-03
4.260930490437137529e-03
4.260381738997241589e-03
4.259833087984120185e-03
4.259284623006053330e-03
4.258736258554430415e-03
4.258187994668088429e-03
4.257640002590924906e-03
4.257092025587290614e-03
4.256544234912128070e-03
4.255996630637384065e-03
4.255449127188426148e-03
4.254901724604175442e-03
4.254354508592197992e-03
4.253807479224495230e-03
4.253260550882420436e-03
4.252713723604950244e-03
4.252167083143776859e-03
4.251620543847241772e-03
4.251074191489097667e-03
4.250527940395681069e-03
4.249981876362806006e-03
4.249435913694802301e-03
4.248890052430741998e-03
4.248344378399539385e-03
4.247798891673351153e-03
4.247253506512486780e-03
4.246708222956075557e-03
4.246163126877157933e-03
4.245618132503034201e-03
4.245073325728802686e-03
4.244528620759758716e-03
4.243984017635100102e-03
4.243439602283022825e-03
4.242895374775810212e-03
4.242351249274735510e-03
4.241807225819052042e-03
4.241263390381087156e-03
4.240719657089099710e-03
4.240176111937479266e-03
4.239632669032477978e-03
4.239089328413422030e-03
4.238546176107791698e-03
4.238003126188828219e-03
4.237460264706078422e-03
4.236917505710775106e-03
4.236374935274525577e-03
4.235832467426555933e-03
4.235290188260536562e-03
4.234747925718417363e-03
4.234205938035449229e-03
4.233663967055289502e-03
4.233122271079321070e-03
4.232580591885123054e-03
4.232039101719856436e-03
4.231497714524713565e-03
4.230956516481617150e-03
4.230415421509751972e-03
4.229874515813102087e-03
4.229333713288843839e-03
4.228793100163021762e-03
4.228252504113325788e-03
4.227712183771810059e-03
4.227171880585651326e-03
4.226631767022505197e-03
4.226091843155073934e-03
4.225552022803506953e-03
4.225012306007479117e-03
4.224472692806683499e-03
4.223933269526447196e-03
4.223394036239542723e-03
4.222854906711094071e-03
4.222315880980848958e-03
4.221777045418257171e-03
4.221238313755435248e-03
4.220699686032165603e-03
4.220161248650996545e-03
4.219622915311027622e-03
4.219084686052083748e-03
4.218546647309806552e-03
4.218008799157099524e-03
4.217470968831211510e-03
4.216933329196675094e-03
4.216395880326437133e-03
4.215858535842565910e-03
4.215321295784982616e-03
4.214784160193618852e-03
4.214247215592362497e-03
4.213710462054228063e-03
4.213173726640284146e-03
4.212637182391455216e-03
4.212100829380794817e-03
4.211564581142335749e-03
4.211028437716104154e-03
4.210492399142140053e-03
4.209956552032581047e-03
4.209420809877441327e-03
4.208885259310923312e-03
4.208349813801031888e-03
4.207814473387873865e-03
4.207279324738739772e-03
4.206744281288625313e-03
4.206209343077672858e-03
4.205674596806271461e-03
4.205139955876398099e-03
4.204605507010502306e-03
4.204071163588552623e-03
4.203536925650760807e-03
4.203002793237350758e-03
4.202468853114894702e-03
4.201935018619343438e-03
4.201401376539331406e-03
4.200867840188800099e-03
4.200334409608039339e-03
4.199801171618776016e-03
4.199268039501938103e-03
4.198735013297855319e-03
4.198202093046867790e-03
4.197669365614827702e-03
4.197136831075155491e-03
4.196604315806226268e-03
4.196071993532477645e-03
4.195539777457801996e-03
4.195007754503206170e-03
4.194475837850574970e-03
4.193944027540354343e-03
4.193412410526640988e-03
4.192880899958307053e-03
4.192349495875839251e-03
4.191818285266422396e-03
4.191287094288209322e-03
4.190756183854845753e-03
4.190225293133746989e-03
4.189694596113933273e-03
4.189164005867241150e-03
4.188633609447042078e-03
4.188103232879353266e-03
4.187573137276217293e-03
4.187043061606808732e-03
4.186513179992434365e-03
4.185983405438906298e-03
4.185453737986876040e-03
4.184924264766931926e-03
4.184394898751869069e-03
4.183865639982378877e-03
4.183336575622139536e-03
4.182807618610933503e-03
4.182278768989489484e-03
4.181750026798552664e-03
4.181221479245924785e-03
4.180693039227363628e-03
4.180164706783653407e-03
4.179636569155686585e-03
4.179108539206209151e-03
4.178580616976040885e-03
4.178052889739168434e-03
4.177525270325319062e-03
4.176997758775353314e-03
4.176470355130143010e-03
4.175943146707794887e-03
4.175416046294019336e-03
4.174889053929725473e-03
4.174362256966113356e-03
4.173835568155874649e-03
4.173308987539960969e-03
4.172782515159331740e-03
4.172256238409307108e-03
4.171730069998560997e-03
4.171204009968092728e-03
4.170678145746314902e-03
4.170152390008885317e-03
4.169626742796841458e-03
4.169101204151232955e-03
4.168575861544592497e-03
4.168050627608559273e-03
4.167525502384220211e-03
4.167000573377199583e-03
4.166475665710578889e-03
4.165950954365549991e-03
4.165426351918724915e-03
4.164901945919850627e-03
4.164377648923529851e-03
4.163853460970937115e-03
4.163329382103259958e-03
4.162805499914366304e-03
4.162281726914836798e-03
4.161758063145898877e-03
4.161234508648789521e-03
4.160711151061495874e-03
4.160187815242823856e-03
4.159664764057316097e-03
4.159141734722993262e-03
4.158618814888912635e-03
4.158096092248210821e-03
4.157573479212425295e-03
4.157051063496754878e-03
4.156528669805842346e-03
4.156006473539793598e-03
4.155484387066122297e-03
4.154962498144146484e-03
4.154440631390420545e-03
4.153918962293238516e-03
4.153397403176095452e-03
4.152875954080424356e-03
4.152354702820700537e-03
4.151833561687397721e-03
4.151312530721988810e-03
4.150791609965964052e-03
4.150270799460818900e-03
4.149750187076178126e-03
4.149229685047489159e-03
4.148709293416288219e-03
4.148189100085287323e-03
4.147668929384737760e-03
4.147148957089557587e-03
4.146629095380168807e-03
4.146109344298168353e-03
4.145589791801420308e-03
4.145070350037327080e-03
4.144551019047525500e-03
4.144031798873661077e-03
4.143512689557394060e-03
4.142993779111736261e-03
4.142474979629063789e-03
4.141956291151074193e-03
4.141437713719476298e-03
4.140919247375986732e-03
4.140400980188771972e-03
4.139882824195180097e-03
4.139364779436967637e-03
4.138846845955903263e-03
4.138329111864270070e-03
4.137811489155396663e-03
4.137293977871086409e-03
4.136776578053157419e-03
4.136259289743439947e-03
4.135742201109365683e-03
4.135225135952626078e-03
4.134708270577286231e-03
4.134191516899633073e-03
4.133674963131218384e-03
4.133158432985640021e-03
4.132642102855154688e-03
4.132125884612024638e-03
4.131609778298191149e-03
4.131093783955603303e-03
4.130577989861992580e-03
4.130062307845601757e-03
4.129546649690614239e-03
4.129031191943618138e-03
4.128515934679677542e-03
4.128000701392155886e-03
4.127485668693783687e-03
4.126970748346768872e-03
4.126455940393169812e-03
4.125941244875060490e-03
4.125426661834521828e-03
4.124912279670611866e-03
4.124397921722529163e-03
4.123883764757338248e-03
4.123369720460207111e-03
4.122855788873275654e-03
4.122342058450754847e-03
4.121828352421721270e-03
4.121314847663479393e-03
4.120801455806163971e-03
4.120288176891980826e-03
4.119775010963143587e-03
4.119262046540035985e-03
4.118749106719598978e-03
4.118236368511414905e-03
4.117723743479590609e-03
4.117211231666397832e-03
4.116698833114122193e-03
4.116186636409327991e-03
4.115674464516811022e-03
4.115162494578441035e-03
4.114650638092287420e-03
4.114138895100693041e-03
4.113627265646015510e-03
4.113115749770622845e-03
4.112604436138286683e-03
4.112093236192044914e-03
4.111582061330875185e-03
4.111071088873026989e-03
4.110560230228518623e-03
4.110049574116270317e-03
4.109538943236794480e-03
4.109028514996524405e-03
4.108518112051929606e-03
4.108007911853539182e-03
4.107497825745338310e-03
4.106987853769836390e-03
4.106477995969555830e-03
4.105968341151648368e-03
4.105458711840437487e-03
4.104949285618738827e-03
4.104439973764499247e-03
4.103930776320298401e-03
4.103421693328728088e-03
4.102912724832393117e-03
4.102403870873907836e-03
4.101895220348660692e-03
4.101386595604782775e-03
4.100878174401468602e-03
4.100369867928614805e-03
4.099861676228896447e-03
4.099353599344997268e-03
4.098845637319614883e-03
4.098337790195454716e-03
4.097830146956143657e-03
4.097322529773620402e-03
4.096815116583454874e-03
4.096307818487496949e-03
4.095800635528511896e-03
4.095293567749277996e-03
4.094786615192583940e-03
4.094279777901230558e-03
4.093773144947076247e-03
4.093266538325869043e-03
4.092760136149556013e-03
4.092253849431936805e-03
4.091747589142750822e-03
4.091241533460086670e-03
4.090735593364725267e-03
4.090229858005731481e-03
4.089724149224682401e-03
4.089218556159649083e-03
4.088713167992782775e-03
4.088207806499590154e-03
4.087702650012487761e-03
4.087197609435213978e-03
4.086692684810740508e-03
4.086187876182052064e-03
4.085683183592145502e-03
4.085178607084025484e-03
4.084674146700712286e-03
4.084169891723618898e-03
4.083665663730037289e-03
4.083161641250806009e-03
4.082657645819168062e-03
4.082153856010056064e-03
4.081650182606135109e-03
4.081146625650506135e-03
4.080643185186277021e-03
4.080139861256569522e-03
4.079636653904515804e-03
4.079133563173258439e-03
4.078630589105953011e-03
4.078127821116364973e-03
4.077625080517492499e-03
4.077122546104736817e-03
4.076620128550702618e-03
4.076117738483931753e-03
4.075615554765966986e-03
4.075113488036389946e-03
4.074611538338446422e-03
4.074109705715394346e-03
4.073607990210500324e-03
4.073106391867043971e-03
4.072604910728314445e-03
4.072103636340426193e-03
4.071602389752085327e-03
4.071101350023257487e-03
4.070600338158601554e-03
4.070099533262175502e-03
4.069598756294589247e-03
4.069098186403996564e-03
4.068597734086891286e-03
4.068097399386666653e-03
4.067597092744754637e-03
4.067096993397491082e-03
4.066597011797348608e-03
4.066097147987763824e-03
4.065597491658223470e-03
4.065097863571121885e-03
4.064598353404950265e-03
4.064098961203189454e-03
4.063599776699446282e-03
4.063100620568011953e-03
4.062601582531496884e-03
4.062102752356591684e-03
4.061603950651518011e-03
4.061105356917172650e-03
4.060606881473945509e-03
4.060108434598173194e-03
4.059610195856887954e-03
4.059112075537464441e-03
4.058614073683503194e-03
4.058116100527309200e-03
4.057618335724107184e-03
4.057120689517241044e-03
4.056623161950357291e-03
4.056125753067111976e-03
4.055628462911175895e-03
4.055131291526226783e-03
4.054634238955955386e-03
4.054137395143514455e-03
4.053640580344733055e-03
4.053143884491765790e-03
4.052647307628348509e-03
4.052150849798225735e-03
4.051654600999692740e-03
4.051158381378456609e-03
4.050662280921817071e-03
4.050166389661154914e-03
4.049670527676103339e-03
4.049174784987048456e-03
4.048679251658458302e-03
4.048183747703889591e-03
4.047688453219497329e-03
4.047193188174791866e-03
4.046698132710016202e-03
4.046203106750632592e-03
4.045708290480979838e-03
4.045213503782468627e-03
4.044718926883530095e-03
4.044224469741331679e-03
4.043730042268981438e-03
4.043235824761048577e-03
4.042741636988821802e-03
4.042247659290963517e-03
4.041753801569607056e-03
4.041259973682826377e-03
4.040766356035421954e-03
4.040272858496504922e-03
4.039779390891128780e-03
4.039286133690234669e-03
4.038792996729911530e-03
4.038299889802193267e-03
4.037806993444158221e-03
4.037314217458874872e-03
4.036821471605355795e-03
4.036328936486818265e-03
4.035836521873312037e-03
4.035344137490824885e-03
4.034851964008717359e-03
4.034359820823851979e-03
4.033867888649681627e-03
4.033376077201220218e-03
4.032884296149420560e-03
4.032392726273871866e-03
4.031901277256566725e-03
4.031409858735436613e-03
4.030918651556210548e-03
4.030427474939555187e-03
4.029936509775291879e-03
4.029445575240038317e-03
4.028954852267707318e-03
4.028464159990867606e-03
4.027973679387525201e-03
4.027483229546195524e-03
4.026992991488979531e-03
4.026502784260343679e-03
4.026012788926478653e-03
4.025522824487804546e-03
4.025032981505102456e-03
4.024543350583238005e-03
4.024053750656556537e-03
4.023564272318925529e-03
4.023074915614724412e-03
4.022585680588346493e-03
4.022096657899796451e-03
4.021607666373295045e-03
4.021118796657850540e-03
4.020630048797897878e-03
4.020141422837879806e-03
4.019652918822249482e-03
4.019164536795473940e-03
4.018676276802027152e-03
4.018188138886394367e-03
4.017700123093072111e-03
4.017212138740785393e-03
4.016724367314598171e-03
4.016236718144272633e-03
4.015749191274348671e-03
4.015261695979520547e-03
4.014774413833036015e-03
4.014287163328739486e-03
4.013800126083973650e-03
4.013313120548530483e-03
4.012826328383845009e-03
4.012339567995660237e-03
4.011853021089499191e-03
4.011366506027057646e-03
4.010880113688938993e-03
4.010393844119793279e-03
4.009907697364287898e-03
4.009421673467093716e-03
4.008935772472895474e-03
4.008449994426389190e-03
4.007964339372278688e-03
4.007478807355279067e-03
4.006993398420116703e-03
4.006508021643354414e-03
4.006022858995066625e-03
4.005537819562855935e-03
4.005052812390260362e-03
4.004567928501251255e-03
4.004083258963877547e-03
4.003598621787431144e-03
4.003114108028962836e-03
4.002629808789609674e-03
4.002145542012585343e-03
4.001661398788027880e-03
4.001177379160787695e-03
4.000693483175722133e-03
4.000209619766298408e-03
3.999725971189188947e-03
3.999242446388896408e-03
3.998758954265864939e-03
3.998275677142903300e-03
3.997792432764999196e-03
3.997309403499052852e-03
3.996826407046003005e-03
3.996343534617293435e-03
3.995860786257889041e-03
3.995378162012759929e-03
3.994895661926890079e-03
3.994413286045272148e-03
3.993931034412910065e-03
3.993448907074816437e-03
3.992966812799343158e-03
3.992484934173851259e-03
3.992003088679020768e-03
3.991521367636579644e-03
3.991039862412333432e-03
3.990558390420890014e-03
3.990077043017057658e-03
3.989595820245933101e-03
3.989114722152619155e-03
3.988633748782230773e-03
3.988152808793045574e-03
3.987672084992877584e-03
3.987191394642157667e-03
3.986710920592791314e-03
3.986230480061156954e-03
3.985750164501316792e-03
3.985269973958454302e-03
3.984789908477766839e-03
3.984309968104458692e-03
3.983830152883747165e-03
3.983350462860858233e-03
3.982870806572981481e-03
3.982391367070437470e-03
3.981911961371372571e-03
3.981432681029099460e-03
3.980953617641007532e-03
3.980474588159172745e-03
3.979995592595836178e-03
3.979516814133589320e-03
3.979038161254613674e-03
3.978559634004235832e-03
3.978081140809571967e-03
3.977602773312154116e-03
3.977124623197594508e-03
3.976646507241762829e-03
3.976168517119275762e-03
3.975690652875518878e-03
3.975212822871559623e-03
3.974735210510444219e-03
3.974257632457911700e-03
3.973780272161101489e-03
3.973302946241701050e-03
3.972825746451521395e-03
3.972348672836019216e-03
3.971871725440658148e-03
3.971394904310913965e-03
3.970918117708785791e-03
3.970441549235726245e-03
3.969965015359245772e-03
3.969488699724891059e-03
3.969012418756120986e-03
3.968536264303994428e-03
3.968060144564460913e-03
3.967584243271247459e-03
3.967108468631341638e-03
3.966632728807669046e-03
3.966157115706426747e-03
3.965681721277891994e-03
3.965206361769320863e-03
3.964731037193271884e-03
3.964255931437792209e-03
3.963780952632808656e-03
3.963306008864196477e-03
3.962831192115344459e-03
3.962356594413721581e-03
3.961882031852403431e-03
3.961407504444019664e-03
3.960933196230931493e-03
3.960459015266014522e-03
3.959984869558084118e-03
3.959510851167723396e-03
3.959037052199594793e-03
3.958563196522642789e-03
3.958089560359415691e-03
3.957616051696741244e-03
3.957142578477385216e-03
3.956669324942117816e-03
3.956196106919704358e-03
3.955723016558946453e-03
3.955250053905653811e-03
3.954777219005644814e-03
3.954304419735639106e-03
3.953831840468676091e-03
3.953359296901366379e-03
3.952886881248677403e-03
3.952414593556476119e-03
3.951942341646440260e-03
3.951470310001837898e-03
3.950998314209148120e-03
3.950526538795727863e-03
3.950054799304008116e-03
3.949583188026145435e-03
3.949111612717771426e-03
3.948640257994423357e-03
3.948168939310425611e-03
3.947697841325407790e-03
3.947226779449641842e-03
3.946755753696058397e-03
3.946284948790419918e-03
3.945814272444352414e-03
3.945343632325419916e-03
3.944873120836057089e-03
3.944402738022292215e-03
3.943932483930168327e-03
3.943462358605732791e-03
3.942992269661512068e-03
3.942522309555072935e-03
3.942052478332496585e-03
3.941582776039869417e-03
3.941113202723289972e-03
3.940643758428865467e-03
3.940174350703070164e-03
3.939705072069638395e-03
3.939235922574704264e-03
3.938766902264413151e-03
3.938297918641207700e-03
3.937829156827663164e-03
3.937360431771504826e-03
3.936891836062631107e-03
3.936423369747235959e-03
3.935955032871520272e-03
3.935486732871877093e-03
3.935018562382311055e-03
3.934550521449052540e-03
3.934082610118343204e-03
3.933614828436432509e-03
3.933147083784669859e-03
3.932679468852198074e-03
3.932212076372237561e-03
3.931744628330244642e-03
3.931277402833348658e-03
3.930810214520913046e-03
3.930343248868233517e-03
3.929876320470617607e-03
3.929409522094401593e-03
3.928942761021857882e-03
3.928476222816459917e-03
3.928009721985416432e-03
3.927543351339167314e-03
3.927077110924092999e-03
3.926610907967429190e-03
3.926144928142870187e-03
3.925678985847493203e-03
3.925213173946876313e-03
3.924747399624218397e-03
3.924281848641394954e-03
3.923816335307379194e-03
3.923350952531856270e-03
3.922885700361289883e-03
3.922420578842155878e-03
3.921955495091602670e-03
3.921490542063424227e-03
3.921025719804122414e-03
3.920561028360208637e-03
3.920096467778205578e-03
3.919631945120218876e-03
3.919167553395177216e-03
3.918703292649629299e-03
3.918239069912655102e-03
3.917775071254762584e-03
3.917311110676551834e-03
3.916847281242089723e-03
3.916383582997970056e-03
3.915919922918230899e-03
3.915456394100016828e-03
3.914992996589952007e-03
3.914529730434668404e-03
3.914066595680807531e-03
3.913603499247363809e-03
3.913140534286618268e-03
3.912677700845238436e-03
3.912214998969904857e-03
3.911752335535576865e-03
3.911289803738641699e-03
3.910827403625806789e-03
3.910365135243786504e-03
3.909902905423506825e-03
3.909440807405463805e-03
3.908978841236399569e-03
3.908517006963067517e-03
3.908055211372357673e-03
3.907593641019760713e-03
3.907132109421299938e-03
3.906670616590710021e-03
3.906209349149614932e-03
3.905748120547961055e-03
3.905287024125483203e-03
3.904826059929007633e-03
3.904365134657357232e-03
3.903904341683349724e-03
3.903443681053837822e-03
3.902983152815681610e-03
3.902522663623670188e-03
3.902062400297828717e-03
3.901602176089862418e-03
3.901141991013618721e-03
3.900682031955253048e-03
3.900222112100395436e-03
3.899762324921103671e-03
3.899302576995106098e-03
3.898843055296740204e-03
3.898383572923526819e-03
3.897924223391633844e-03
3.897464913234751933e-03
3.897005829515398471e-03
3.896546785242987251e-03
3.896087873977794550e-03
3.895629002209475070e-03
3.895170263520357761e-03
3.894711657957466641e-03
3.894253185567833966e-03
3.893794752797081950e-03
3.893336546884082570e-03
3.892878380662038573e-03
3.892420254144966091e-03
3.891962354637868663e-03
3.891504494907871252e-03
3.891046768636541569e-03
3.890589082192439773e-03
3.890131529279188417e-03
3.889674109943908661e-03
3.889216824233732508e-03
3.888759578473185465e-03
3.888302560143627826e-03
3.887845488091319548e-03
3.887388643564326698e-03
3.886931839109505991e-03
3.886475168518690668e-03
3.886018631839076483e-03
3.885562229117864828e-03
3.885105866591510599e-03
3.884649638095955416e-03
3.884193449845635328e-03
3.883737489542356258e-03
3.883281569556761275e-03
3.882825689903054295e-03
3.882370038349171500e-03
3.881914427199679041e-03
3.881458950367704195e-03
3.881003513990619654e-03
3.880548305924542366e-03
3.880093138385930576e-03
3.879638011389048048e-03
3.879183112856141556e-03
3.878728254937589826e-03
3.878273531623708387e-03
3.877818848974806578e-03
3.877364301003251735e-03
3.876909887756414385e-03
3.876455609281675031e-03
3.876001371595306621e-03
3.875547268753784004e-03
3.875093300804513703e-03
3.874639373730742568e-03
3.874185581622024456e-03
3.873731924525790609e-03
3.873278308392262646e-03
3.872824921452309825e-03
3.872371481428680227e-03
3.871918270693549841e-03
3.871465101044867935e-03
3.871012066649373584e-03
3.870559167554557881e-03
3.870106309633581255e-03
3.869653587086259190e-03
3.869200999960112700e-03
3.868748454095271780e-03
3.868296043724633957e-03
3.867843768895744098e-03
3.867391535415706533e-03
3.866939437550496930e-03
3.866487475347687910e-03
3.866035648854856868e-03
3.865583863835073478e-03
3.865132214598418318e-03
3.864680606885942220e-03
3.864229135029778866e-03
3.863777799077552488e-03
3.863326599076892954e-03
3.862875440724815573e-03
3.862424418397558071e-03
3.861973437770116913e-03
3.861522687624465225e-03
3.861071884857235868e-03
3.860621312667155466e-03
3.860170782301499629e-03
3.859720388202668006e-03
3.859270130418368527e-03
3.858819914546531699e-03
3.858369835062637476e-03
3.857919892014418511e-03
3.857469990966778776e-03
3.857020226428274634e-03
3.856570503941790778e-03
3.856121012553830486e-03
3.855671468764489650e-03
3.855222156169235692e-03
3.854772885751023108e-03
3.854323752084566710e-03
3.853874755217677212e-03
3.853425800616174218e-03
3.852976982887852848e-03
3.852528207476514296e-03
3.852079663627057393e-03
3.851631067542175737e-03
3.851182703114893000e-03
3.850734381129920347e-03
3.850286196261209614e-03
3.849838053886504591e-03
3.849390048701810223e-03
3.848942180755032198e-03
3.848494450094082711e-03
3.848046762052672633e-03
3.847599116645676783e-03
3.847151703360480578e-03
3.846704332783550551e-03
3.846257004929791012e-03
3.845809909352714603e-03
3.845362856572710070e-03
3.844915846604704274e-03
3.844469069068344892e-03
3.844022239604563511e-03
3.843575642668432910e-03
3.843129088670204242e-03
3.842682672471274020e-03
3.842236299262228455e-03
3.841790063926518468e-03
3.841343966512191128e-03
3.840898007067304783e-03
3.840452090738407515e-03
3.840006217540521162e-03
3.839560482412224859e-03
3.839114885401609476e-03
3.838669426556773692e-03
3.838224010969219779e-03
3.837778733621631782e-03
3.837333499583494862e-03
3.836888403859544869e-03
3.836443446497923414e-03
3.835998532535083924e-03
3.835553757008843424e-03
3.835109119967365643e-03
3.834664526414079642e-03
3.834220071419877553e-03
3.833775755032949560e-03
3.833331482223696022e-03
3.832887253007269748e-03
3.832443257598503340e-03
3.831999305856967353e-03
3.831555397797841486e-03
3.831111628569200053e-03
3.830667998219292221e-03
3.830224506796374526e-03
3.829781059182770647e-03
3.829337655393699746e-03
3.828894485820345979e-03
3.828451360146061053e-03
3.828008278386090153e-03
3.827565335776716114e-03
3.827122532366256189e-03
3.826679868203029366e-03
3.826237152827200675e-03
3.825794672016309336e-03
3.825352235299513994e-03
3.824909937979256800e-03
3.824467780103900545e-03
3.824025666412644246e-03
3.823583596920814617e-03
3.823141762306164759e-03
3.822699876623466241e-03
3.822258225914746798e-03
3.821816619532952732e-03
3.821375152868727778e-03
3.820933730584207162e-03
3.820492448092088159e-03
3.820051210032484115e-03
3.819610111840147145e-03
3.819169153563537616e-03
3.818728239809741042e-03
3.818287466046585074e-03
3.817846832322556536e-03
3.817406243211710504e-03
3.816965794214954941e-03
3.816525389884323910e-03
3.816085125742775877e-03
3.815644906320328229e-03
3.815204827161991670e-03
3.814764888316307234e-03
3.814324994280264471e-03
3.813885240631950061e-03
3.813445627419931490e-03
3.813006059108168741e-03
3.812566535712190625e-03
3.812127152854188732e-03
3.811687910582763072e-03
3.811248808946521467e-03
3.810809752354374184e-03
3.810370740821892102e-03
3.809931870026395453e-03
3.809493140016523283e-03
3.809054455157148602e-03
3.808615911158668051e-03
3.808177508069745393e-03
3.807739150222224072e-03
3.807300837631730044e-03
3.806862761791630478e-03
3.806424731283907219e-03
3.805986746124212245e-03
3.805548902100124378e-03
3.805111103477425323e-03
3.804673541859700074e-03
3.804235929913822156e-03
3.803798459254408102e-03
3.803361129930211016e-03
3.802923941989992673e-03
3.802486799633475207e-03
3.802049702876383018e-03
3.801612747605525883e-03
3.801175933869697671e-03
3.800739165824581090e-03
3.800302539390064925e-03
3.799866054614964728e-03
3.799429615621937976e-03
3.798993222426761546e-03
3.798556970993426964e-03
3.798120861370781007e-03
3.797684797637440862e-03
3.797248875790474026e-03
3.796813095878749829e-03
3.796377265944565933e-03
3.795941674013633693e-03
3.795506128117243951e-03
3.795070724307592416e-03
3.794635366586228582e-03
3.794200151027396928e-03
3.793764981610627668e-03
3.793329954432217519e-03
3.792894973449675248e-03
3.792460134781350679e-03
3.792025438476200310e-03
3.791590788458705074e-03
3.791156280880289900e-03
3.790721819643412972e-03
3.790287404764012495e-03
3.789853228595149465e-03
3.789419098859729031e-03
3.788985015573711514e-03
3.788551074954677692e-03
3.788117277051655622e-03
3.787683525690034060e-03
3.787249820885805855e-03
3.786816258900652359e-03
3.786382839783633721e-03
3.785949467316099271e-03
3.785516237792808936e-03
3.785083054973089733e-03
3.784650015173754260e-03
3.784217118443900831e-03
3.783784268509829494e-03
3.783351465387600320e-03
3.782918805438126916e-03
3.782486288710538384e-03
3.782053818887096217e-03
3.781621492361786525e-03
3.781189212794851089e-03
3.780757076602328688e-03
3.780324987422439657e-03
3.779893041693273281e-03
3.779461143031030614e-03
3.779029387895852746e-03
3.778597679881919719e-03
3.778166115471422691e-03
3.777734694713580105e-03
3.777303321169538097e-03
3.776871994855476432e-03
3.776440812297688146e-03
3.776009773545420736e-03
3.775578782115783082e-03
3.775147934568145926e-03
3.774717134397598435e-03
3.774286478185562288e-03
3.773855869405106506e-03
3.773425404659704139e-03
3.772994987400403195e-03
3.772564714252727228e-03
3.772134488645706267e-03
3.771704407226913504e-03
3.771274470045678402e-03
3.770844580498002290e-03
3.770414738600175522e-03
3.769985041043875332e-03
3.769555391192067409e-03
3.769125885758481658e-03
3.768696524792493081e-03
3.768267211624039097e-03
3.767838042999923417e-03
3.767408922228061580e-03
3.766979849324808994e-03
3.766550921070044040e-03
3.766122137513189423e-03
3.765693401918120391e-03
3.765264811097793467e-03
3.764836268294064186e-03
3.764407773523332622e-03
3.763979520461253718e-03
3.763551218668421874e-03
3.763123158683185678e-03
3.762695050000049168e-03
3.762267086349785957e-03
3.761839267781894643e-03
3.761411497450149310e-03
3.760983872277759432e-03
3.760556295396477646e-03
3.760128863751564798e-03
3.759701480452753812e-03
3.759274242467354303e-03
3.758847052883080350e-03
3.758420008689291204e-03
3.757993012951679063e-03
3.757566162681657152e-03
3.757139360922896222e-03
3.756712704708857400e-03
3.756286097061193457e-03
3.755859635035415159e-03
3.755433221631154696e-03
3.755006953925974639e-03
3.754580734897484430e-03
3.754154661645298877e-03
3.753728637125007279e-03
3.753302758458271909e-03
3.752876928578663222e-03
3.752451244629895731e-03
3.752025609523518008e-03
3.751600120425293769e-03
3.751174680224751441e-03
3.750749288938531358e-03
3.750324140947666491e-03
3.749898944755284628e-03
3.749473894753453315e-03
3.749048990991893631e-03
3.748624136294073997e-03
3.748199427913957542e-03
3.747774768652992108e-03
3.747350158527876143e-03
3.746925694825650483e-03
3.746501377596083912e-03
3.746077109596579642e-03
3.745652890843866479e-03
3.745228818669086267e-03
3.744804893122037279e-03
3.744381016916080267e-03
3.743957190067974828e-03
3.743533509952963814e-03
3.743109879251377541e-03
3.742686395360509798e-03
3.742262960938671622e-03
3.741839673405206873e-03
3.741416435396402972e-03
3.740993344353656883e-03
3.740570302891234582e-03
3.740147408472581370e-03
3.739724563689946109e-03
3.739301866028820701e-03
3.738879218059434299e-03
3.738456619798640173e-03
3.738034168765007933e-03
3.737611865008458583e-03
3.737189611055177947e-03
3.736767406922050089e-03
3.736345350171742588e-03
3.735923440854208109e-03
3.735501483883776376e-03
3.735079771980801856e-03
3.734658012458761528e-03
3.734236498104131878e-03
3.733814936164296921e-03
3.733393521868952347e-03
3.732972255268099827e-03
3.732551038766808958e-03
3.732129970038000708e-03
3.731708951464724529e-03
3.731287983063957727e-03
3.730867162541695505e-03
3.730446392247955146e-03
3.730025769910782357e-03
3.729605197858173841e-03
3.729184773840224943e-03
3.728764400162910917e-03
3.728344174598377178e-03
3.727923999430578835e-03
3.727503972453708771e-03
3.727083995929702381e-03
3.726664069875618070e-03
3.726244292118722958e-03
3.725824564887921138e-03
3.725404986032531535e-03
3.724985457759435060e-03
3.724566077940002010e-03
3.724146748759091415e-03
3.723727568110122774e-03
3.723308438155935839e-03
3.722889358913650595e-03
3.722470428309763383e-03
3.722051646394463221e-03
3.721632817355144396e-03
3.721214235003161928e-03
3.720795605561470158e-03
3.720377222907543958e-03
3.719958793198245139e-03
3.719540512390680578e-03
3.719122380535088736e-03
3.718704299673191837e-03
3.718286269822190966e-03
3.717868389029853945e-03
3.717450559304871695e-03
3.717032878717060375e-03
3.716615249253091193e-03
3.716197670930198628e-03
3.715780241851276543e-03
3.715362962066628451e-03
3.714945635411194894e-03
3.714528556225296218e-03
3.714111430203149121e-03
3.713694453610455210e-03
3.713277626497554860e-03
3.712860850752019298e-03
3.712444126391149356e-03
3.712027551617062479e-03
3.711611028284297290e-03
3.711194654617021305e-03
3.710778332447753434e-03
3.710362160022708661e-03
3.709946039152386184e-03
3.709529969854134541e-03
3.709114050407243818e-03
3.708698182589179309e-03
3.708282464701282474e-03
3.707866798498995423e-03
3.707451282305709254e-03
3.707035817854845497e-03
3.706620405163802996e-03
3.706205142589045782e-03
3.705789931830964518e-03
3.705374772906977997e-03
3.704959862578735726e-03
3.704544905780393551e-03
3.704130099284629052e-03
3.703715344736780140e-03
3.703300740570484358e-03
3.702886188409057304e-03
3.702471688269965474e-03
3.702057338619921516e-03
3.701643139509462263e-03
3.701228992517857815e-03
3.700814897662607194e-03
3.700400854961210725e-03
3.699986962935506666e-03
3.699573221636063506e-03
3.699159532587100764e-03
3.698745895806148255e-03
3.698332311310745333e-03
3.697918877677849794e-03
3.697505594958067857e-03
3.697092364620563256e-03
3.696679186682901800e-03
3.696266159766140123e-03
3.695853185306409352e-03
3.695440263321297849e-03
3.695027492464936052e-03
3.694614774140421616e-03
3.694202207023937652e-03
3.693789692496558200e-03
3.693377329256514706e-03
3.692965018662861931e-03
3.692552760733235941e-03
3.692140555485277139e-03
3.691728600385995283e-03
3.691316599312058789e-03
3.690904749741509387e-03
3.690492952967335330e-03
3.690081307775963573e-03
3.689669715438363522e-03
3.689258175972224153e-03
3.688846788197046658e-03
3.688435453350766106e-03
3.688024270274934194e-03
3.687613140185462372e-03
3.687202063100075179e-03
3.686791137893398115e-03
3.686380265748310028e-03
3.685969545561486489e-03
3.685558878493783164e-03
3.685148264562960151e-03
3.684737802698765090e-03
3.684327394029022779e-03
3.683917137505528759e-03
3.683506934234088547e-03
3.683096784232493901e-03
3.682686786485615035e-03
3.682276842066221391e-03
3.681866950992128146e-03
3.681457212281277151e-03
3.681047526973407411e-03
3.680637994108510412e-03
3.680228514704303715e-03
3.679819088778632421e-03
3.679409815404563987e-03
3.679000595566781200e-03
3.678591429283149979e-03
3.678182415659812451e-03
3.677773455648417067e-03
3.677364648377152555e-03
3.676955894775647219e-03
3.676547194861801236e-03
3.676138647796877573e-03
3.675730154477471496e-03
3.675321814086894307e-03
3.674913527499717655e-03
3.674505294733877280e-03
3.674097115807313258e-03
3.673689089947436166e-03
3.673281217205252077e-03
3.672873299168782739e-03
3.672465534307971756e-03
3.672057922673848621e-03
3.671650365052894858e-03
3.671242861463100849e-03
3.670835411922459580e-03
3.670428115746577572e-03
3.670020972986515542e-03
3.669613785054062945e-03
3.669206750595502362e-03
3.668799869661914462e-03
3.668392943599003107e-03
3.667986171119176370e-03
3.667579552273536603e-03
3.667172987727444333e-03
3.666766477498962368e-03
3.666360021606157853e-03
3.665953719485904889e-03
3.665547571189337918e-03
3.665141377885929811e-03
3.664735338464425451e-03
3.664329452975979232e-03
3.663923522523978432e-03
3.663517746063293425e-03
3.663112123645098986e-03
3.662706456306694634e-03
3.662300943069077969e-03
3.661895583983444582e-03
3.661490279560999667e-03
3.661085029819897540e-03
3.660679834778299020e-03
3.660274794027419155e-03
3.659869907618485633e-03
3.659464976412565244e-03
3.659060199606993264e-03
3.658655477635898087e-03
3.658250910145616902e-03
3.657846397548255354e-03
3.657441939862025870e-03
3.657037636766339011e-03
3.656633388640266515e-03
3.656229195502042496e-03
3.655825157064147846e-03
3.655421173672622568e-03
3.655017245345718990e-03
3.654613471828991808e-03
3.654209753435447121e-03
3.653806090183355903e-03
3.653402581851347090e-03
3.652999128719392873e-03
3.652595830588168356e-03
3.652192487922220707e-03
3.651789300315642483e-03
3.651386267819798411e-03
3.650983290659603597e-03
3.650580368853382357e-03
3.650177502419465949e-03
3.649774791235700384e-03
3.649372135482955269e-03
3.648969535179581811e-03
3.648567090236500259e-03
3.648164700801545014e-03
3.647762466807686395e-03
3.647360288380736056e-03
3.646958165539077295e-03
3.646556098301099481e-03
3.646154186643867871e-03
3.645752330649150788e-03
3.645350530335355818e-03
3.644948885712622020e-03
3.644547296829683380e-03
3.644145863718725991e-03
3.643744386381685303e-03
3.643343064875536642e-03
3.642941899251780479e-03
3.642540689446265804e-03
3.642139735650940305e-03
3.641738737710782485e-03
3.641337895792978122e-03
3.640937109847158619e-03
3.640536379891809622e-03
3.640135806069359770e-03
3.639735288296406558e-03
3.639334826591457319e-03
3.638934420973021118e-03
3.638534171627623697e-03
3.638134078606842722e-03
3.637733941582177444e-03
3.637333960941231507e-03
3.636934036523523876e-03
3.636534268570699394e-03
3.636134556900255145e-03
3.635734901530753103e-03
3.635335302480762181e-03
3.634935860036025198e-03
3.634536473969991136e-03
3.634137144301249726e-03
3.633737971348614555e-03
3.633338854852501132e-03
3.632939794831516536e-03
3.632540891637549459e-03
3.632142044977980204e-03
3.631743254871434064e-03
3.631344621702872668e-03
3.630946045146641980e-03
3.630547525221387243e-03
3.630149061945760203e-03
3.629750755748815255e-03
3.629352506260855905e-03
3.628954413932984884e-03
3.628556277930030348e-03
3.628158299146559337e-03
3.627760477634314751e-03
3.627362612492035683e-03
3.626964904680416834e-03
3.626567354251218449e-03
3.626169760237093163e-03
3.625772323664859867e-03
3.625374944054704420e-03
3.624977621425360969e-03
3.624580456349198090e-03
3.624183348313368604e-03
3.623786397912288123e-03
3.623389404024404507e-03
3.622992567830829458e-03
3.622595788774669000e-03
3.622199167494435414e-03
3.621802603411211977e-03
3.621406096543789647e-03
3.621009646910964153e-03
3.620613355195342713e-03
3.620217120773963973e-03
3.619820943665642745e-03
3.619424924586058748e-03
3.619028862171338491e-03
3.618633058563947100e-03
3.618237211659091138e-03
3.617841522924426095e-03
3.617445891659907316e-03
3.617050317884393414e-03
3.616654902390733714e-03
3.616259443660847350e-03
3.615864244068617197e-03
3.615469001277919672e-03
3.615073916910703077e-03
3.614678890189841187e-03
3.614283921134236847e-03
3.613889110613905092e-03
3.613494357818688388e-03
3.613099662767506066e-03
3.612705025479284390e-03
3.612310546868135498e-03
3.611916126079853327e-03
3.611521763133384091e-03
3.611127558975909830e-03
3.610733412720191875e-03
3.610339324385193355e-03
3.609945293989882606e-03
3.609551422525540502e-03
3.609157609060878544e-03
3.608763853614886316e-03
3.608370156206556871e-03
3.607976617871266455e-03
3.607583137633680204e-03
3.607189715512811121e-03
3.606796452577106654e-03
3.606403247818198467e-03
3.606010101255116475e-03
3.605617012906897970e-03
3.605224083886086200e-03
3.604831213140264733e-03
3.604438400688490373e-03
3.604045747676376272e-03
3.603653153018471222e-03
3.603260616733851111e-03
3.602868138841595295e-03
3.602475719360787466e-03
3.602083459492163350e-03
3.601691258095212050e-03
3.601299216392717193e-03
3.600907132007450957e-03
3.600515207376900253e-03
3.600123341316512158e-03
3.599731635093162199e-03
3.599339987500271235e-03
3.598948297287196847e-03
3.598556868282436986e-03
3.598165396695791624e-03
3.597774085119040052e-03
3.597382832290545174e-03
3.596991638229478285e-03
3.596600604290906087e-03
3.596209527833247547e-03
3.595818611558490672e-03
3.595427855518882731e-03
3.595037057006755798e-03
3.594646418790220337e-03
3.594255839519545654e-03
3.593865319213951186e-03
3.593474959316693505e-03
3.593084658445006713e-03
3.592694416618128026e-03
3.592304233855299431e-03
3.591914211643873738e-03
3.591524248557036950e-03
3.591134344614050570e-03
3.590744499834181303e-03
3.590354815748875595e-03
3.589965089364082190e-03
3.589575625268660863e-03
3.589186118912327753e-03
3.588796671837569518e-03
3.588407385630953440e-03
3.588018158766559038e-03
3.587629092853000627e-03
3.587239984742018710e-03
3.586851037642555147e-03
3.586462149984643959e-03
3.586073321787622108e-03
3.585684654715222582e-03
3.585296047164442893e-03
3.584907499154639954e-03
3.584519010705175882e-03
3.584130683523875562e-03
3.583742314264216217e-03
3.583354106333510973e-03
3.582966059784198354e-03
3.582577971203666951e-03
3.582190044065353216e-03
3.581802176667149042e-03
3.581414369028465550e-03
3.581026621168716464e-03
3.580639034894942882e-03
3.580251508460987730e-03
3.579864041886285115e-03
3.579476635190273481e-03
3.579089390224088427e-03
3.578702205197524782e-03
3.578315080130040071e-03
3.577928015041097025e-03
3.577541111825926178e-03
3.577154268650272959e-03
3.576767485533621348e-03
3.576380762495454460e-03
3.575994099555266249e-03
3.575607598663403316e-03
3.575221157930555740e-03
3.574834777376231353e-03
3.574448457019947095e-03
3.574062298856144071e-03
3.573676200951465126e-03
3.573290163325442380e-03
3.572904185997614022e-03
3.572518371006517830e-03
3.572132616374746814e-03
3.571746922121856946e-03
3.571361288267412004e-03
3.570975714830978368e-03
3.570590303906209448e-03
3.570204953460642035e-03
3.569819663513860725e-03
3.569434434085456184e-03
3.569049367313176756e-03
3.568664258991340130e-03
3.568279313386876501e-03
3.567894530552452505e-03
3.567509706216296771e-03
3.567125044711462380e-03
3.566740341722119019e-03
3.566355903820678241e-03
3.565971424474008705e-03
3.565587005886017204e-03
3.565202750304688993e-03
3.564818555543389483e-03
3.564434421621786968e-03
3.564050348559552779e-03
3.563666438648764503e-03
3.563282589658741620e-03
3.562898801609174979e-03
3.562515074519758459e-03
3.562131408410192015e-03
3.561747905627673638e-03
3.561364463886461818e-03
3.560981083206272990e-03
3.560597763606833562e-03
3.560214607479432122e-03
3.559831410111701823e-03
3.559448376277522374e-03
3.559065403625078818e-03
3.558682594589757716e-03
3.558299744371070869e-03
3.557917057831063139e-03
3.557534432573873206e-03
3.557151868619276049e-03
3.556769365987053153e-03
3.556387027178729149e-03
3.556004749754395917e-03
3.555622431230076423e-03
3.555240379136895799e-03
3.554858285983343927e-03
3.554476254293008515e-03
3.554094386633556164e-03
3.553712580499003570e-03
3.553330835909184696e-03
3.552949255464834741e-03
3.552567634035020197e-03
3.552186176812402972e-03
3.551804781235941809e-03
3.551423447325495388e-03
3.551042175100932365e-03
3.550661067229129043e-03
3.550280021104993897e-03
3.549899036748409894e-03
3.549518114179267374e-03
3.549137253417461012e-03
3.548756454482890257e-03
3.548375820108572512e-03
3.547995247623345408e-03
3.547614737047124003e-03
3.547234288399832899e-03
3.546854004458582267e-03
3.546473679739960572e-03
3.546093519789288162e-03
3.545713421869330518e-03
3.545333488801290147e-03
3.544953515013637198e-03
3.544573706139855871e-03
3.544193856564356506e-03
3.543814171964706095e-03
3.543434549537596238e-03
3.543055092170371411e-03
3.542675594159320172e-03
3.542296261270175099e-03
3.541916990655578825e-03
3.541537782335538349e-03
3.541158636330066310e-03
3.540779655592646551e-03
3.540400634287389076e-03
3.540021778312274839e-03
3.539642984753870857e-03
3.539264253632217524e-03
3.538885687955917354e-03
3.538507081778929312e-03
3.538128641109438300e-03
3.537750262978952946e-03
3.537371947407540532e-03
3.536993694415276144e-03
3.536615607076899499e-03
3.536237479314192737e-03
3.535859517267585673e-03
3.535481617902512617e-03
3.535103781239076846e-03
3.534726007297382937e-03
3.534348399218315180e-03
3.533970853923256751e-03
3.533593268289529719e-03
3.533215848611850635e-03
3.532838594943410026e-03
3.532461300985686656e-03
3.532084069912647725e-03
3.531707004942338021e-03
3.531330002919056549e-03
3.530953063862966868e-03
3.530576187794235137e-03
3.530199374733035758e-03
3.529822727952529153e-03
3.529446144241954204e-03
3.529069623621500923e-03
3.528693166111364094e-03
3.528316771731745440e-03
3.527940440502850585e-03
3.527564275763979320e-03
3.527188070908191756e-03
3.526812032604903849e-03
3.526436057555255681e-03
3.526060145779481066e-03
3.525684400671995865e-03
3.525308615515710450e-03
3.524932997090245157e-03
3.524557442041677778e-03
3.524181950390270317e-03
3.523806522156290848e-03
3.523431157360008750e-03
3.523055959473004282e-03
3.522680721623974807e-03
3.522305650746829567e-03
3.521930643410560446e-03
3.521555699635467180e-03
3.521180922948242628e-03
3.520806106367437450e-03
3.520431456937163101e-03
3.520056767631907398e-03
3.519682245539864588e-03
3.519307787152943252e-03
3.518933392491477817e-03
3.518559165159326849e-03
3.518184898020826259e-03
3.517810798274376843e-03
3.517436762356822288e-03
3.517062790288526513e-03
3.516688882089860808e-03
3.516315037781197767e-03
3.515941257382918655e-03
3.515567644587067140e-03
3.515194095764409554e-03
3.514820610935346680e-03
3.514447190120277564e-03
3.514073833339610795e-03
3.513700540613759297e-03
3.513327311963139032e-03
3.512954251156955900e-03
3.512581254488891629e-03
3.512208321979382562e-03
3.511835453648866345e-03
3.511462649517789730e-03
3.511089909606599901e-03
3.510717337750642129e-03
3.510344726351619354e-03
3.509972283070790424e-03
3.509599904113739569e-03
3.509227589500943031e-03
3.508855339252883124e-03
3.508483153390048234e-03
3.508111135824942828e-03
3.507739078805057701e-03
3.507367190145939742e-03
3.506995365976084671e-03
3.506623606316007762e-03
3.506251911186226890e-03
3.505880280607268605e-03
3.505508818568797008e-03
3.505137317164095517e-03
3.504765984362993424e-03
3.504394716216900109e-03
3.504023512746367273e-03
3.503652373971952692e-03
3.503281299914216308e-03
3.502910290593727605e-03
3.502539450088334918e-03
3.502168570315078965e-03
3.501797859420115872e-03
3.501427213366757520e-03
3.501056632175594645e-03
3.500686115867228387e-03
3.500315768585646886e-03
3.499945382115708832e-03
3.499575060590393374e-03
3.499204908186761588e-03
3.498834820791033376e-03
3.498464798423841105e-03
3.498094841105819312e-03
3.497724948857609904e-03
3.497355121699858693e-03
3.496985463875761351e-03
3.496615766971904182e-03
3.496246239465055153e-03
3.495876777153336668e-03
3.495507380057421860e-03
3.495138048197988633e-03
3.494768781595718795e-03
3.494399580271300657e-03
3.494030444245428604e-03
3.493661477860504540e-03
3.493292576837563664e-03
3.492923636853574858e-03
3.492554866605714851e-03
3.492186161781981029e-03
3.491817522403096400e-03
3.491449052877604407e-03
3.491080544461633902e-03
3.490712101552718907e-03
3.490343828592469295e-03
3.489975621202805970e-03
3.489607479404486200e-03
3.489239403218269420e-03
3.488871392664923739e-03
3.488503447765219003e-03
3.488135568539932427e-03
3.487767755009845132e-03
3.487400111704751227e-03
3.487032534158470646e-03
3.486664917860760483e-03
3.486297471883487761e-03
3.485930091727436342e-03
3.485562777413418571e-03
3.485195528962253299e-03
3.484828450980893833e-03
3.484461334328924683e-03
3.484094388210457784e-03
3.483727403441017837e-03
3.483360589268798702e-03
3.482993841106481105e-03
3.482627158974921627e-03
3.482260542894978581e-03
3.481893992887515055e-03
3.481527508973400638e-03
3.481161091173510126e-03
3.480794844216050093e-03
3.480428558718268953e-03
3.480062444126728362e-03
3.479696395754996053e-03
3.479330413623971975e-03
3.478964497754561715e-03
3.478598648167675628e-03
3.478232864884229277e-03
3.477867147925142125e-03
3.477501602117826548e-03
3.477136017881258569e-03
3.476770604860364607e-03
3.476405153430059576e-03
3.476039873279350521e-03
3.475674659600667266e-03
3.475309512414964837e-03
3.474944431743205633e-03
3.474579417606355088e-03
3.474214574931030943e-03
3.473849693937935967e-03
3.473484879542678913e-03
3.473120236704946556e-03
3.472755660529066452e-03
3.472391046075300278e-03
3.472026603275102201e-03
3.471662227199761534e-03
3.471297917870290982e-03
3.470933675307705853e-03
3.470569604548852990e-03
3.470205495594130916e-03
3.469841453469376617e-03
3.469477583244502932e-03
3.469113674853817591e-03
3.468749938427139520e-03
3.468386268936643306e-03
3.468022666403385891e-03
3.467659025744465259e-03
3.467295557177861587e-03
3.466932260757700848e-03
3.466568926264074722e-03
3.466205658833050596e-03
3.465842458485714900e-03
3.465479430413232875e-03
3.465116364307574848e-03
3.464753470541006436e-03
3.464390643964561280e-03
3.464027779385210181e-03
3.463665087241338605e-03
3.463302462350943689e-03
3.462939904735152629e-03
3.462577414415098694e-03
3.462215096681150323e-03
3.461852741027005454e-03
3.461490452732023104e-03
3.461128337119642913e-03
3.460766183617468988e-03
3.460404202862252428e-03
3.460042184237536230e-03
3.459680338424152551e-03
3.459318560118957147e-03
3.458956849343132727e-03
3.458595206117866337e-03
3.458233630464350224e-03
3.457872122403782712e-03
3.457510681957364287e-03
3.457149414569782656e-03
3.456788109426307994e-03
3.456426871960618149e-03
3.456065807650470726e-03
3.455704705615039903e-03
3.455343776799646785e-03
3.454982915768991126e-03
3.454622122544316349e-03
3.454261291635244736e-03
3.453900634075257343e-03
3.453540044385004087e-03
3.453179522585747476e-03
3.452819174254447010e-03
3.452458788312004912e-03
3.452098470324371695e-03
3.451738220312829813e-03
3.451378143898429802e-03
3.451018029913949930e-03
3.450658089591235583e-03
3.450298217351819782e-03
3.449938307573174011e-03
3.449578571553262637e-03
3.449218903680581743e-03
3.448859303976453683e-03
3.448499772462201678e-03
3.448140309159156754e-03
3.447780914088653843e-03
3.447421587272033079e-03
3.447062328730638500e-03
3.446703138485820214e-03
3.446344122312945853e-03
3.445985068736366359e-03
3.445626083520439940e-03
3.445267272473605431e-03
3.444908529852202476e-03
3.444549749868508742e-03
3.444191144151096100e-03
3.443832606923266388e-03
3.443474032364259030e-03
3.443115632168765317e-03
3.442757300527050143e-03
3.442399037460521730e-03
3.442040842990593506e-03
3.441682717138681066e-03
3.441324659926209544e-03
3.440966777293885670e-03
3.440608857435597731e-03
3.440251006281046936e-03
3.439893329804006878e-03
3.439535616132277217e-03
3.439177971228622992e-03
3.438820501099888998e-03
3.438462993807778461e-03
3.438105661355551380e-03
3.437748397779290428e-03
3.437391097071012831e-03
3.437033971300098006e-03
3.436676914469590383e-03
3.436319926600979718e-03
3.435963007715762269e-03
3.435606157835436030e-03
3.435249376981506370e-03
3.434892665175482123e-03
3.434536022438877765e-03
3.434179448793212106e-03
3.433822944260007861e-03
3.433466615011447187e-03
3.433110248778775860e-03
3.432753951723165314e-03
3.432397830049865005e-03
3.432041671424029047e-03
3.431685688245637855e-03
3.431329668135785303e-03
3.430973823538532429e-03
3.430617942030909830e-03
3.430262236101060472e-03
3.429906599542784703e-03
3.429550926105813958e-03
3.429195428344412790e-03
3.428840000019341572e-03
3.428484641152194576e-03
3.428129351764572577e-03
3.427774025551142550e-03
3.427418875176370828e-03
3.427063794345952021e-03
3.426708783081505120e-03
3.426353947775661810e-03
3.425999075719051573e-03
3.425644273293298840e-03
3.425289540520039516e-03
3.424934877420918178e-03
3.424580284017580706e-03
3.424225866768794684e-03
3.423871412833004967e-03
3.423517028657968846e-03
3.423162820735522940e-03
3.422808576158017403e-03
3.422454507898482941e-03
3.422100403005209467e-03
3.421746474495307878e-03
3.421392509373006544e-03
3.421038720699496553e-03
3.420684895434944733e-03
3.420331246684623662e-03
3.419977667933964474e-03
3.419624052624336327e-03
3.419270613927130782e-03
3.418917245294742467e-03
3.418563946748897058e-03
3.418210718311327605e-03
3.417857453368337069e-03
3.417504365201516625e-03
3.417151347208196438e-03
3.416798399410126037e-03
3.416445521829061024e-03
3.416092714486761335e-03
3.415739977404992547e-03
3.415387310605522836e-03
3.415034714110126018e-03
3.414682187940581547e-03
3.414329732118671912e-03
3.413977346666185672e-03
3.413625031604914425e-03
3.413272786956656271e-03
3.412920719532896649e-03
3.412568615787092263e-03
3.412216582519719994e-03
3.411864619752594859e-03
3.411512834341292894e-03
3.411161012651147718e-03
3.410809261526725512e-03
3.410457580989860373e-03
3.410106077940218069e-03
3.409754538655006967e-03
3.409403070022882978e-03
3.409051778976579603e-03
3.408700451727212245e-03
3.408349302129420194e-03
3.407998116350257744e-03
3.407647001333492971e-03
3.407296064066970241e-03
3.406945090651651315e-03
3.406594295052375095e-03
3.406243463326042234e-03
3.405892809481570523e-03
3.405542119531800374e-03
3.405191607529729769e-03
3.404841059444135842e-03
3.404490689372098068e-03
3.404140283238330737e-03
3.403790055183994814e-03
3.403439898176905103e-03
3.403089705140811827e-03
3.402739690282995371e-03
3.402389639418015518e-03
3.402039766797232412e-03
3.401689965333396393e-03
3.401340127895191925e-03
3.400990468800099004e-03
3.400640880927827993e-03
3.400291257114024246e-03
3.399941811742287177e-03
3.399592437659287609e-03
3.399243027667633085e-03
3.398893796217041137e-03
3.398544636121144779e-03
3.398195440149509843e-03
3.397846422817975449e-03
3.397497476907134634e-03
3.397148495153513251e-03
3.396799692139072010e-03
3.396450960611362233e-03
3.396102193273871101e-03
3.395753604774679173e-03
3.395405087828299532e-03
3.395056535105177211e-03
3.394708161319515659e-03
3.394359859152785812e-03
3.394011521242394028e-03
3.393663362368663176e-03
3.393315275180025081e-03
3.392967152280846992e-03
3.392619208517571195e-03
3.392271336505589974e-03
3.391923428816230168e-03
3.391575700362054781e-03
3.391228043725415253e-03
3.390880351444600180e-03
3.390532838498292421e-03
3.390185397435803005e-03
3.389837920762380549e-03
3.389490623522827765e-03
3.389143398233417006e-03
3.388796137366357781e-03
3.388449056032569618e-03
3.388101939143342654e-03
3.387755001853679209e-03
3.387408136624786743e-03
3.387061235873806402e-03
3.386714514821859492e-03
3.386367758270080342e-03
3.386021181483670883e-03
3.385674569219702598e-03
3.385328136787458479e-03
3.384981668899946297e-03
3.384635380910530535e-03
3.384289057488156557e-03
3.383942914030267732e-03
3.383596735161748751e-03
3.383250736324121006e-03
3.382904702098208944e-03
3.382558740221383239e-03
3.382212958475094757e-03
3.381867141374071944e-03
3.381521504470036237e-03
3.381175832233656274e-03
3.380830232457415763e-03
3.380484812977872528e-03
3.380139358199602678e-03
3.379793975948155917e-03
3.379448666245768798e-03
3.379103536973089312e-03
3.378758372446568747e-03
3.378413280535844370e-03
3.378068261263170950e-03
3.377723314650808023e-03
3.377378548634514879e-03
3.377033747420584830e-03
3.376689018933769042e-03
3.376344363196343099e-03
3.375999780230587357e-03
3.375655270058787807e-03
3.375310832703236081e-03
3.374966468186222507e-03
3.374622176530048690e-03
3.374277957757016236e-03
3.373933811889431953e-03
3.373589738949609156e-03
3.373245630914153362e-03
3.372901703885786660e-03
3.372557849852141337e-03
3.372214068835546318e-03
3.371870360858336170e-03
3.371526617842051515e-03
3.371183055999611017e-03
3.370839567263581634e-03
3.370496043522464014e-03
3.370152701055297104e-03
3.369809323605721732e-03
3.369466127496856603e-03
3.369123004606201181e-03
3.368779846767189050e-03
3.368436762169101529e-03
3.368093859045295357e-03
3.367750921007223695e-03
3.367408164510244523e-03
3.367065373121749458e-03
3.366722655086129817e-03
3.366380118691851900e-03
3.366037547440214796e-03
3.365695049608676253e-03
3.365352625219651065e-03
3.365010274295560967e-03
3.364667996858830730e-03
3.364325792931889027e-03
3.363983662537170169e-03
3.363641605697111504e-03
3.363299622434155148e-03
3.362957712770747992e-03
3.362615876729339523e-03
3.362274114332386606e-03
3.361932425602346970e-03
3.361590702141372625e-03
3.361249160801539800e-03
3.360907693196024237e-03
3.360566190893937537e-03
3.360224870813474478e-03
3.359883624534772562e-03
3.359542343593901245e-03
3.359201136477738860e-03
3.358860111717237862e-03
3.358519052329008228e-03
3.358178175363484876e-03
3.357837263793215371e-03
3.357496426160188046e-03
3.357155662486920912e-03
3.356815081370500154e-03
3.356474465695349386e-03
3.356133924047544070e-03
3.355793456449619565e-03
3.355453062924118168e-03
3.355112743493585212e-03
3.354772498180568635e-03
3.354432218355937138e-03
3.354092121334602879e-03
3.353752098498458296e-03
3.353412149870071707e-03
3.353072166776255910e-03
3.352732366620082144e-03
3.352392532021597829e-03
3.352052880427953095e-03
3.351713194415133386e-03
3.351373691474368588e-03
3.351034154137580868e-03
3.350694691167199410e-03
3.350355411369727084e-03
3.350016097210992659e-03
3.349676857486490449e-03
3.349337692218836912e-03
3.348998601430655010e-03
3.348659585144569007e-03
3.348320643383210539e-03
3.347981776169212543e-03
3.347642983525213160e-03
3.347304156590796918e-03
3.346965513143710606e-03
3.346626944334563352e-03
3.346288341269899273e-03
3.345949921793583276e-03
3.345611468085038249e-03
3.345273198032208423e-03
3.344934893770453409e-03
3.344596664260595775e-03
3.344258618507536546e-03
3.343920538580540634e-03
3.343582533473496606e-03
3.343244603209097679e-03
3.342906747810041844e-03
3.342568967299029692e-03
3.342231261698767452e-03
3.341893631031963956e-03
3.341555966250974157e-03
3.341218485508217796e-03
3.340881079767075729e-03
3.340543639946859465e-03
3.340206384266110762e-03
3.339869094529717038e-03
3.339531989000300675e-03
3.339194849438686247e-03
3.338857784993072043e-03
3.338520795686208097e-03
3.338183990721389684e-03
3.337847151771316558e-03
3.337510388028274138e-03
3.337173590301437207e-03
3.336836977029746312e-03
3.336500439033401703e-03
3.336163976335184203e-03
3.335827479700216591e-03
3.335491167655595026e-03
3.335154930977466889e-03
3.334818660397913682e-03
3.334482465208417519e-03
3.334146454744534634e-03
3.333810410414589451e-03
3.333474441543129649e-03
3.333138548152972478e-03
3.332802730266940395e-03
3.332466987907858023e-03
3.332131321098557794e-03
3.331795729861871704e-03
3.331460214220639121e-03
3.331124664785791063e-03
3.330789300392979387e-03
3.330453902230213429e-03
3.330118689177225238e-03
3.329783442377960874e-03
3.329448271289230706e-03
3.329113285411919657e-03
3.328778265823881255e-03
3.328443322014991001e-03
3.328108454008127728e-03
3.327773661826175476e-03
3.327438835958913908e-03
3.327104195484432460e-03
3.326769630903536699e-03
3.326435032672965444e-03
3.326100619936927551e-03
3.325766173574990284e-03
3.325431912775440955e-03
3.325097618373787020e-03
3.324763399981142935e-03
3.324429257620433505e-03
3.324095191314587437e-03
3.323761201086537342e-03
3.323427286959219733e-03
3.323093448955575027e-03
3.322759687098546678e-03
3.322425891712712295e-03
3.322092282206752772e-03
3.321758639195858745e-03
3.321425182132793467e-03
3.321091691588685599e-03
3.320758277306912719e-03
3.320424939310447337e-03
3.320091677622267166e-03
3.319758492265354258e-03
3.319425383262691962e-03
3.319092350637271004e-03
3.318759284592514170e-03
3.318426404779541237e-03
3.318093601412800027e-03
3.317760764662675086e-03
3.317428004382761818e-03
3.317095430470731049e-03
3.316762823211303387e-03
3.316430292491139801e-03
3.316097838333266143e-03
3.315765460760711301e-03
3.315433049866762637e-03
3.315100825522933510e-03
3.314768677833535449e-03
3.314436496858815407e-03
3.314104502536403991e-03
3.313772474952738148e-03
3.313440524093675104e-03
3.313108649982274972e-03
3.312776852641605672e-03
3.312445132094735990e-03
3.312113488364739049e-03
3.311781921474693177e-03
3.311450431447678869e-03
3.311118908233805485e-03
3.310787571991098081e-03
3.310456202585680251e-03
3.310124910113624013e-03
3.309793804715081573e-03
3.309462666190078357e-03
3.309131604667754113e-03
3.308800620171224033e-03
3.308469602562484364e-03
3.308138772175877890e-03
3.307808018884428932e-03
3.307477232517093760e-03
3.307146633474333710e-03
3.306816001379923268e-03
3.306485446451175574e-03
3.306154968711235743e-03
3.305824568183253660e-03
3.305494244890382679e-03
3.305163998855779189e-03
3.304833830102604352e-03
3.304503628360690604e-03
3.304173614228854070e-03
3.303843567132586870e-03
3.303513597388395371e-03
3.303183705019461115e-03
3.302854000397392221e-03
3.302524152500111321e-03
3.302194492396076219e-03
3.301864909760061396e-03
3.301535404615267479e-03
3.301205866581389311e-03
3.300876516477637031e-03
3.300547133509185074e-03
3.300217828102760230e-03
3.299888600281581773e-03
3.299559450068875049e-03
3.299230377487867138e-03
3.298901382561790323e-03
3.298572465313879924e-03
3.298243515264706518e-03
3.297914753431835898e-03
3.297585958822156667e-03
3.297257241961591440e-03
3.296928713420136086e-03
3.296600152138586676e-03
3.296271558107151563e-03
3.295943152475634512e-03
3.295614824709546843e-03
3.295286464230333997e-03
3.294958292253916989e-03
3.294630087588900323e-03
3.294302071495283906e-03
3.293974022737610266e-03
3.293646051963037939e-03
3.293318159194865997e-03
3.292990233777442263e-03
3.292662497080963650e-03
3.292334727759812542e-03
3.292007147228266910e-03
3.291679534096644995e-03
3.291351999089258459e-03
3.291024542229433261e-03
3.290697163540498831e-03
3.290369863045787199e-03
3.290042640768636468e-03
3.289715496732386908e-03
3.289388320160233688e-03
3.289061221853639434e-03
3.288734312658142620e-03
3.288407370963745534e-03
3.288080507604977231e-03
3.287753722605200532e-03
3.287426905121527184e-03
3.287100276898824881e-03
3.286773727105228669e-03
3.286447144864810752e-03
3.286120641078226975e-03
3.285794215768864449e-03
3.285467868960113315e-03
3.285141600675371091e-03
3.284815410938033559e-03
3.284489299771504740e-03
3.284163156222756185e-03
3.283837202257049170e-03
3.283511215933910318e-03
3.283185308253193466e-03
3.282859479238317817e-03
3.282533728912710811e-03
3.282208057299800322e-03
3.281882353369461151e-03
3.281556839241230907e-03
3.281231292820413654e-03
3.280905936270625024e-03
3.280580547453107107e-03
3.280255237466906532e-03
3.279930006335479362e-03
3.279604742951601482e-03
3.279279669589085528e-03
3.278954675151732421e-03
3.278629648499278935e-03
3.278304700796898924e-03
3.277979832068071871e-03
3.277655042336281160e-03
3.277330331625011479e-03
3.277005699957753586e-03
3.276681036128159530e-03
3.276356562608393700e-03
3.276032056951254379e-03
3.275707630410090113e-03
3.275383283008409877e-03
3.275059014769725677e-03
3.274734825717554726e-03
3.274410715875417273e-03
3.274086573948853992e-03
3.273762511257338921e-03
3.273438639164427157e-03
3.273114735024629848e-03
3.272790910190489198e-03
3.272467053312474485e-03
3.272143387149261794e-03
3.271819800362345872e-03
3.271496181569154282e-03
3.271172642177336189e-03
3.270849182210453041e-03
3.270525801692071056e-03
3.270202500645759056e-03
3.269879279095091497e-03
3.269556137063642839e-03
3.269232963091743896e-03
3.268909868664193492e-03
3.268586853804580829e-03
3.268263918536497715e-03
3.267941062883539423e-03
3.267618286869304698e-03
3.267295590517396188e-03
3.266972862291047091e-03
3.266650213752205021e-03
3.266327644924486070e-03
3.266005155831507197e-03
3.265682746496891865e-03
3.265360416944263107e-03
3.265038167197250891e-03
3.264715885641988630e-03
3.264393683917576634e-03
3.264071562047654411e-03
3.263749520055867111e-03
3.263427557965862483e-03
3.263105675801291749e-03
3.262783761882201428e-03
3.262462039628448787e-03
3.262140285645463624e-03
3.261818611660518771e-03
3.261497017697285398e-03
3.261175503779434673e-03
3.260854069930646439e-03
3.260532604393868300e-03
3.260211330743231252e-03
3.259890025429943838e-03
3.259568800258427681e-03
3.259247655252379104e-03
3.258926478599677781e-03
3.258605493984649548e-03
3.258284477748341935e-03
3.257963653619160970e-03
3.257642797894090472e-03
3.257322022454703890e-03
3.257001327324722702e-03
3.256680600614928530e-03
3.256360066163920940e-03
3.256039500158524475e-03
3.255719126481419756e-03
3.255398721275368050e-03
3.255078396499092898e-03
3.254758040197290331e-03
3.254437876340795718e-03
3.254117680984243335e-03
3.253797678142547438e-03
3.253477643826278593e-03
3.253157690060289303e-03
3.252837816868347446e-03
3.252517912218052306e-03
3.252198200234511678e-03
3.251878456818138152e-03
3.251558794048890755e-03
3.251239211950556450e-03
3.250919710546927403e-03
3.250600289861795781e-03
3.250280837785663249e-03
3.249961578597911765e-03
3.249642288044729630e-03
3.249323078283227265e-03
3.249003949337215483e-03
3.248684901230512040e-03
3.248365821787530406e-03
3.248046935419889210e-03
3.247728017741586051e-03
3.247409180975856843e-03
3.247090425146537552e-03
3.246771750277465882e-03
3.246453044126971013e-03
3.246134531238905208e-03
3.245815987095076235e-03
3.245497523984848531e-03
3.245179141932077148e-03
3.244860840960624073e-03
3.244542508762731595e-03
3.244224370014489947e-03
3.243906200065511860e-03
3.243588111271291166e-03
3.243270103655705901e-03
3.242952177242638002e-03
3.242634332055971576e-03
3.242316455710853463e-03
3.241998660617882288e-03
3.241680946800954300e-03
3.241363314283970953e-03
3.241045763090832834e-03
3.240728293245447034e-03
3.240410792296874367e-03
3.240093372721842852e-03
3.239776034544270423e-03
3.239458777788077615e-03
3.239141602477190168e-03
3.238824508635533388e-03
3.238507383746085100e-03
3.238190340351700548e-03
3.237873378476318481e-03
3.237556498143881988e-03
3.237239699378337190e-03
3.236922869607587044e-03
3.236606234036658487e-03
3.236289567486399718e-03
3.235972982576816072e-03
3.235656479331871886e-03
3.235339945124399152e-03
3.235023605269620513e-03
3.234707234478224024e-03
3.234390945425321112e-03
3.234074738134895197e-03
3.233758612630929698e-03
3.233442568937413240e-03
3.233126494350081065e-03
3.232810501599149827e-03
3.232494590708620726e-03
3.232178761702494962e-03
3.231863014604780242e-03
3.231547236656138241e-03
3.231231653436259302e-03
3.230916039391449213e-03
3.230600507329073855e-03
3.230285057273158279e-03
3.229969576409294062e-03
3.229654290427365956e-03
3.229338973663519602e-03
3.229023738980228708e-03
3.228708586401534374e-03
3.228393515951482901e-03
3.228078414749579409e-03
3.227763395702382999e-03
3.227448571760528628e-03
3.227133717105936349e-03
3.226818831729614655e-03
3.226504141541841012e-03
3.226189420658438604e-03
3.225874895033762485e-03
3.225560338739572996e-03
3.225245864770598728e-03
3.224931360136203736e-03
3.224617050878897818e-03
3.224302710982313459e-03
3.223988453485265512e-03
3.223674278411851456e-03
3.223360185786172238e-03
3.223046062551505452e-03
3.222732134882596699e-03
3.222418176630884295e-03
3.222104300901311620e-03
3.221790507717996535e-03
3.221476683969145237e-03
3.221163055939698164e-03
3.220849397370933488e-03
3.220535821422901117e-03
3.220222328119735824e-03
3.219908917485578021e-03
3.219595476342548748e-03
3.219282117894778968e-03
3.218968842166420371e-03
3.218655649181626811e-03
3.218342538964554314e-03
3.218029398282250351e-03
3.217716453662086001e-03
3.217403478602987293e-03
3.217090586386235716e-03
3.216777777036005509e-03
3.216464937264274914e-03
3.216152180385388384e-03
3.215839619757766658e-03
3.215526915402890443e-03
3.215214407347658735e-03
3.214901982282029631e-03
3.214589526851895779e-03
3.214277154437728424e-03
3.213964865063734765e-03
3.213652658754121566e-03
3.213340535533102532e-03
3.213028381991496311e-03
3.212716311564881976e-03
3.212404324277482338e-03
3.212092420153522376e-03
3.211780599217231406e-03
3.211468748004358848e-03
3.211156980005588565e-03
3.210845295245159849e-03
3.210533693747315460e-03
3.210222062003746744e-03
3.209910627092796374e-03
3.209599161962589653e-03
3.209287780169937238e-03
3.208976481739099235e-03
3.208665153106694291e-03
3.208354021461262088e-03
3.208042859640764747e-03
3.207731781257120319e-03
3.207420786334605391e-03
3.207109761254769379e-03
3.206798819662591126e-03
3.206488075247127499e-03
3.206177300714148620e-03
3.205866496054897603e-03
3.205555888656261548e-03
3.205245251157913273e-03
3.204934697270961884e-03
3.204624227019716061e-03
3.204313840428485785e-03
3.204003423768675071e-03
3.203693204559405518e-03
3.203382955308158812e-03
3.203072789792169549e-03
3.202762594238784538e-03
3.202452596255280556e-03
3.202142568261011867e-03
3.201832624077295859e-03
3.201522763728476342e-03
3.201212873386826124e-03
3.200903180769817686e-03
3.200593458186642981e-03
3.200283819513726792e-03
3.199974264775428540e-03
3.199664680088949633e-03
3.199355293281956961e-03
3.199045876553481462e-03
3.198736543835054014e-03
3.198427295151050082e-03
3.198118016563600546e-03
3.197808822037298375e-03
3.197499711596529012e-03
3.197190685265681800e-03
3.196881743069147821e-03
3.196572771013985251e-03
3.196263997148248923e-03
3.195955193450649053e-03
3.195646359912536743e-03
3.195337724648084510e-03
3.195029059569904836e-03
3.194720478752803312e-03
3.194411982221199639e-03
3.194103569999514822e-03
3.193795242112173766e-03
3.193486884456090552e-03
3.193178611161176430e-03
3.192870422251865847e-03
3.192562203592029871e-03
3.192254183516229395e-03
3.191946133716754876e-03
3.191638168378622357e-03
3.191330287526284067e-03
3.191022376968539239e-03
3.190714665150140572e-03
3.190406923653219678e-03
3.190099152469187509e-03
3.189791580108916180e-03
3.189484092359183478e-03
3.189176574962701745e-03
3.188869142203677644e-03
3.188561679802792530e-03
3.188254416381112490e-03
3.187947123344509956e-03
3.187639915021275253e-03
3.187332791435903544e-03
3.187025752612892594e-03
3.186718684206837297e-03
3.186411814971037374e-03
3.186104916179171957e-03
3.185797987822697967e-03
3.185491258721030207e-03
3.185184500081751375e-03
3.184877826332341982e-03
3.184571237497324948e-03
3.184264733601229694e-03
3.183958200199520777e-03
3.183651751763762368e-03
3.183345388318492997e-03
3.183039109888252498e-03
3.182732801984448651e-03
3.182426693646884207e-03
3.182120555862819836e-03
3.181814388623755395e-03
3.181508421035610448e-03
3.181202424019547066e-03
3.180896512146319608e-03
3.180590685440495662e-03
3.180284943926644549e-03
3.179979173017043713e-03
3.179673487326530306e-03
3.179367886879685794e-03
3.179062371701092942e-03
3.178756941815336686e-03
3.178451482579624371e-03
3.178146108663897074e-03
3.177840820092751005e-03
3.177535502190347895e-03
3.177230384371149130e-03
3.176925237247866900e-03
3.176620175545549242e-03
3.176315084544298079e-03
3.176010193746731276e-03
3.175705273677430565e-03
3.175400439105527644e-03
3.175095575267068097e-03
3.174790911752824098e-03
3.174486218999247791e-03
3.174181611819556700e-03
3.173877090238387370e-03
3.173572539436712685e-03
3.173268189115498791e-03
3.172963809601037685e-03
3.172659400884926800e-03
3.172355192734249534e-03
3.172050955409198413e-03
3.171746803811158720e-03
3.171442737964794319e-03
3.171138757894772977e-03
3.170834748682935505e-03
3.170530825274749543e-03
3.170226987694893268e-03
3.169923235968045722e-03
3.169619455131990945e-03
3.169315760176279369e-03
3.169012151125602614e-03
3.168708628004652302e-03
3.168405075807153963e-03
3.168101724608732381e-03
3.167798344361129771e-03
3.167494935055998207e-03
3.167191726835079293e-03
3.166888489584017072e-03
3.166585338391552599e-03
3.166282273282404382e-03
3.165979179162180940e-03
3.165676171152685420e-03
3.165373249278646307e-03
3.165070413564794252e-03
3.164767664035865111e-03
3.164464885542392966e-03
3.164162193261286626e-03
3.163859587217290187e-03
3.163556952227894719e-03
3.163254518721345283e-03
3.162952056296866165e-03
3.162649564946161049e-03
3.162347275163590078e-03
3.162044956482281104e-03
3.161742724167308088e-03
3.161440578243442448e-03
3.161138518735456468e-03
3.160836430361710445e-03
3.160534428431362869e-03
3.160232512969196866e-03
3.159930568660527551e-03
3.159628826198065954e-03
3.159327054916646286e-03
3.159025370180532696e-03
3.158723656630983527e-03
3.158422029654303891e-03
3.158120604680874754e-03
3.157819035518775932e-03
3.157517668409545036e-03
3.157216272533791990e-03
3.156914963332925830e-03
3.156613740831768281e-03
3.156312605055140632e-03
3.156011440545170889e-03
3.155710362787352181e-03
3.155409371806517510e-03
3.155108352111749698e-03
3.154807419221603969e-03
3.154506573160923734e-03
3.154205813954554134e-03
3.153905141627342482e-03
3.153604440633299335e-03
3.153303826546084709e-03
3.153003299390556326e-03
3.152702743587681294e-03
3.152402274744181294e-03
3.152101892884924018e-03
3.151801598034780633e-03
3.151501274570656271e-03
3.151201153802344300e-03
3.150901004447772234e-03
3.150600826498770393e-03
3.150300851331245058e-03
3.150000847597028610e-03
3.149700931002032481e-03
3.149400985846061152e-03
3.149101243593177817e-03
3.148801472807082232e-03
3.148501789237770354e-03
3.148202077140988160e-03
3.147902568068951853e-03
3.147603030497234198e-03
3.147303580219913514e-03
3.147004101448677271e-03
3.146704709999644314e-03
3.146405405897742188e-03
3.146106189167900170e-03
3.145807059835048838e-03
3.145507902055803828e-03
3.145208831701388347e-03
3.144909848796744248e-03
3.144610837465442420e-03
3.144311913611768164e-03
3.144013077260673309e-03
3.143714328437110551e-03
3.143415551220592706e-03
3.143116861559488301e-03
3.142818259478762175e-03
3.142519745003379168e-03
3.142221202168792287e-03
3.141922746967454588e-03
3.141624379424342185e-03
3.141325983541862037e-03
3.141027791379120450e-03
3.140729570904941034e-03
3.140431322111260793e-03
3.140133277123298514e-03
3.139835203843783108e-03
3.139537218353334515e-03
3.139239204577258177e-03
3.138941394728930225e-03
3.138643556622947375e-03
3.138345806384014100e-03
3.138048027893376463e-03
3.137750453452564040e-03
3.137452850788045259e-03
3.137155219891788784e-03
3.136857793131438837e-03
3.136560338167365680e-03
3.136262971201419971e-03
3.135965692258635504e-03
3.135668385132140031e-03
3.135371166056845436e-03
3.135074035057794622e-03
3.134776992160032659e-03
3.134479921112630525e-03
3.134182938194581599e-03
3.133886043430940925e-03
3.133589120537735601e-03
3.133292285827020667e-03
3.132995539323862010e-03
3.132698881053325082e-03
3.132402194687376306e-03
3.132105596582156985e-03
3.131809086762742979e-03
3.131512665254212752e-03
3.131216215684474221e-03
3.130919854453751046e-03
3.130623581587130364e-03
3.130327280679476645e-03
3.130031068164075645e-03
3.129734944066024475e-03
3.129438908410421549e-03
3.129142844748073696e-03
3.128846869556349032e-03
3.128550982860355077e-03
3.128255068177854346e-03
3.127959358537646221e-03
3.127663620939127951e-03
3.127367855374367511e-03
3.127072294938280234e-03
3.126776706564166498e-03
3.126481090244102087e-03
3.126185679139120450e-03
3.125890240116420762e-03
3.125594889774601856e-03
3.125299628138805512e-03
3.125004338605629883e-03
3.124709137806733726e-03
3.124414025767268364e-03
3.124119002512388155e-03
3.123823951394631877e-03
3.123528989089741081e-03
3.123234115622879233e-03
3.122939214313541663e-03
3.122644401870531584e-03
3.122349678319021569e-03
3.122055043684186359e-03
3.121760381241461043e-03
3.121465807743734229e-03
3.121171323216187597e-03
3.120876810901215392e-03
3.120582387584763980e-03
3.120288053292027183e-03
3.119993691232352765e-03
3.119699535051618979e-03
3.119405351132310301e-03
3.119111139466578409e-03
3.118817133766419239e-03
3.118523100348219532e-03
3.118229156086094276e-03
3.117935184112286678e-03
3.117641418226945686e-03
3.117347624658329316e-03
3.117053803398608762e-03
3.116760188314047185e-03
3.116466545566806169e-03
3.116172875149064280e-03
3.115879410993201929e-03
3.115585919195282098e-03
3.115292516739625889e-03
3.114999203651480034e-03
3.114705862941923812e-03
3.114412611628343455e-03
3.114119449735992199e-03
3.113826260242905878e-03
3.113533277257771788e-03
3.113240149631133630e-03
3.112947228562977595e-03
3.112654279929039005e-03
3.112361420823848111e-03
3.112068651272680269e-03
3.111775854176467189e-03
3.111483263798165127e-03
3.111190528756964217e-03
3.110898000484245852e-03
3.110605444701516290e-03
3.110312978580450673e-03
3.110020602146344737e-03
3.109728198223026506e-03
3.109435884015231914e-03
3.109143659548266238e-03
3.108851407612911455e-03
3.108559245446967326e-03
3.108267173075746504e-03
3.107975190524565542e-03
3.107683180540147475e-03
3.107391260404373991e-03
3.107099430142569018e-03
3.106807572468413443e-03
3.106515804696848449e-03
3.106224126853209238e-03
3.105932421618128915e-03
3.105640923695333986e-03
3.105349281043007312e-03
3.105057845753653352e-03
3.104766383108125208e-03
3.104475010498512853e-03
3.104183727950170571e-03
3.103892418066626479e-03
3.103601198273032210e-03
3.103310068594750289e-03
3.103018911602264517e-03
3.102727962219687611e-03
3.102436868074695975e-03
3.102145981590356903e-03
3.101855067827197568e-03
3.101564244287513625e-03
3.101273510996688850e-03
3.100982750448102489e-03
3.100692080177112290e-03
3.100401500209109401e-03
3.100110893004430490e-03
3.099820376131493666e-03
3.099529949615699616e-03
3.099239613482451198e-03
3.098949250148023537e-03
3.098658977224920136e-03
3.098368677107386435e-03
3.098078585072148051e-03
3.097788465871275342e-03
3.097498319497135524e-03
3.097208381292566697e-03
3.096918415943543217e-03
3.096628423442440541e-03
3.096338639198212717e-03
3.096048827830734634e-03
3.095759107062713740e-03
3.095469359178248340e-03
3.095179819674446359e-03
3.094890135319675918e-03
3.094600659396463949e-03
3.094311156392487265e-03
3.094021744096579242e-03
3.093732422534194778e-03
3.093443073912329790e-03
3.093153816052875843e-03
3.092864648981297811e-03
3.092575454871545997e-03
3.092286351578574493e-03
3.091997339127858149e-03
3.091708417544871811e-03
3.091419468959505975e-03
3.091130611270797527e-03
3.090841726586607274e-03
3.090552932828010899e-03
3.090264230020500595e-03
3.089975618189570294e-03
3.089686979399020126e-03
3.089398431614008567e-03
3.089109974860039954e-03
3.088821491167868805e-03
3.088533098535716122e-03
3.088244796989094917e-03
3.087956468525712792e-03
3.087668231176855013e-03
3.087380084968040662e-03
3.087091911863935195e-03
3.086803829928883372e-03
3.086515839188413816e-03
3.086227939668055587e-03
3.085940013288416064e-03
3.085652178157921935e-03
3.085364316175148724e-03
3.085076545470565815e-03
3.084788866069717878e-03
3.084501277998151752e-03
3.084213663110382288e-03
3.083926139580962528e-03
3.083638707435446685e-03
3.083351248495307031e-03
3.083063880968154799e-03
3.082776486653431708e-03
3.082489302017933554e-03
3.082202090623965395e-03
3.081914970723221257e-03
3.081627824071084352e-03
3.081340768941290102e-03
3.081053805359417874e-03
3.080766815047806129e-03
3.080479916313251087e-03
3.080193109181342519e-03
3.079906275341370674e-03
3.079619533133196030e-03
3.079332882582417035e-03
3.079046323714631269e-03
3.078759738175071772e-03
3.078473244347679216e-03
3.078186723855656087e-03
3.077900295104983586e-03
3.077613958121276638e-03
3.077327712930152774e-03
3.077041441110751636e-03
3.076755261113138951e-03
3.076469054494425977e-03
3.076182939726718538e-03
3.075896916835647171e-03
3.075610985846846321e-03
3.075325028273365267e-03
3.075039162631393493e-03
3.074753388946571513e-03
3.074467588698907329e-03
3.074181880437649051e-03
3.073896145620773693e-03
3.073610621398262330e-03
3.073324952059696379e-03
3.073039493366809712e-03
3.072754008154825363e-03
3.072468615039116932e-03
3.072183314045350087e-03
3.071897986554397286e-03
3.071612751214690754e-03
3.071327608051906567e-03
3.071042438413869400e-03
3.070757360982077043e-03
3.070472375782210776e-03
3.070187364129051393e-03
3.069902444737157478e-03
3.069617617632218552e-03
3.069332764095971961e-03
3.069048002876035349e-03
3.068763215232113775e-03
3.068478638710880977e-03
3.068194035795034254e-03
3.067909406477228353e-03
3.067624988370250792e-03
3.067340543890700703e-03
3.067056073031241073e-03
3.066771813470773635e-03
3.066487527559800218e-03
3.066203215290991616e-03
3.065919114409363343e-03
3.065634987199319927e-03
3.065350833653539969e-03
3.065066772673928283e-03
3.064782804286223395e-03
3.064498928516165132e-03
3.064215026447216720e-03
3.063931217025368369e-03
3.063647500276367279e-03
3.063363757250631928e-03
3.063080106927212887e-03
3.062796549331865160e-03
3.062512965481964215e-03
3.062229474389620114e-03
3.061945957050176900e-03
3.061662651539225066e-03
3.061379319810675695e-03
3.061095961857247718e-03
3.060812696746153822e-03
3.060529524503172866e-03
3.060246445154084140e-03
3.059963339617127135e-03
3.059680327003596028e-03
3.059397288209699754e-03
3.059114461509372315e-03
3.058831489506613332e-03
3.058548729649014294e-03
3.058265943648124166e-03
3.057983250681361315e-03
3.057700531578842577e-03
3.057418024746731255e-03
3.057135372590725955e-03
3.056852932756749970e-03
3.056570466824158963e-03
3.056288094036491154e-03
3.056005695157774753e-03
3.055723389453591111e-03
3.055441176949766358e-03
3.055158938377282220e-03
3.054876793034781712e-03
3.054594740948097902e-03
3.054312662815168635e-03
3.054030677967697720e-03
3.053748786431526464e-03
3.053466868871547099e-03
3.053185044652523793e-03
3.052903313800307827e-03
3.052621556946744953e-03
3.052339893489660564e-03
3.052058323454913749e-03
3.051776727441305511e-03
3.051495224879722905e-03
3.051213696346936378e-03
3.050932380755987626e-03
3.050650919752409887e-03
3.050369671742414988e-03
3.050088397798600328e-03
3.049807217417975416e-03
3.049526011111222071e-03
3.049244898397389034e-03
3.048963879302364881e-03
3.048682834303782785e-03
3.048402002513029684e-03
3.048121025278181448e-03
3.047840261302953244e-03
3.047559471461647098e-03
3.047278655747114214e-03
3.046998053380927263e-03
3.046717305545911490e-03
3.046436771111063480e-03
3.046156210840517738e-03
3.045875744385572251e-03
3.045595371772143352e-03
3.045314973345686523e-03
3.045034668790557505e-03
3.044754338430179490e-03
3.044474101970948750e-03
3.044193959438799835e-03
3.043913791124107284e-03
3.043633836512906268e-03
3.043353736391412202e-03
3.043073850025290912e-03
3.042793937914285533e-03
3.042514000051290638e-03
3.042234156230864614e-03
3.041954406478962394e-03
3.041674750821538910e-03
3.041395069449835328e-03
3.041115482202493697e-03
3.040835989105476322e-03
3.040556470316980054e-03
3.040276925829920283e-03
3.039997595416826098e-03
3.039718239335076778e-03
3.039438977489436391e-03
3.039159689983026488e-03
3.038880496742651233e-03
3.038601397794293748e-03
3.038322273208029969e-03
3.038043242943723986e-03
3.037764187049422047e-03
3.037485345495995887e-03
3.037206478342527674e-03
3.036927585581966193e-03
3.036648787229277724e-03
3.036370083310467507e-03
3.036091353807487958e-03
3.035812718768368754e-03
3.035534178219122942e-03
3.035255612108656454e-03
3.034977140518061497e-03
3.034698763473356320e-03
3.034420360890403411e-03
3.034142052883354902e-03
3.033863719346040124e-03
3.033585600557867426e-03
3.033307336115225340e-03
3.033029286473794359e-03
3.032751211340128754e-03
3.032473230894503109e-03
3.032195224964658563e-03
3.031917313752906760e-03
3.031639377064958719e-03
3.031361655356525769e-03
3.031083908201965844e-03
3.030806135594282368e-03
3.030528457790890914e-03
3.030250874817852665e-03
3.029973266414786107e-03
3.029695752872168038e-03
3.029418334216068317e-03
3.029140890153058513e-03
3.028863541006677085e-03
3.028586286803001699e-03
3.028309007215557441e-03
3.028031822600944431e-03
3.027754732985246840e-03
3.027477618008946741e-03
3.027200477665080089e-03
3.026923552761967649e-03
3.026646602521439883e-03
3.026369626936540984e-03
3.026092866881705500e-03
3.025816081512665724e-03
3.025539270822473654e-03
3.025262555277929023e-03
3.024985934905143753e-03
3.024709289234445847e-03
3.024432738765699298e-03
3.024156283525021235e-03
3.023879803009694046e-03
3.023603417752643383e-03
3.023327127779994183e-03
3.023050812555982785e-03
3.022774592646594767e-03
3.022498347494036782e-03
3.022222197686335373e-03
3.021946143249628052e-03
3.021670184210053633e-03
3.021394079337764386e-03
3.021118190509840696e-03
3.020842276485419340e-03
3.020566457918648449e-03
3.020290734835678979e-03
3.020014986579583772e-03
3.019739213143466001e-03
3.019463655930674367e-03
3.019188073568149309e-03
3.018912466049001805e-03
3.018636954104520972e-03
3.018361537760879017e-03
3.018086217044246410e-03
3.017810871209573344e-03
3.017535621032228690e-03
3.017260345745131651e-03
3.016985166145691628e-03
3.016709961444795970e-03
3.016434973288211439e-03
3.016159960060514622e-03
3.015884921754846855e-03
3.015609979223717995e-03
3.015335132493325836e-03
3.015060260708467797e-03
3.014785484754715830e-03
3.014510804658274666e-03
3.014236099530896544e-03
3.013961490291211607e-03
3.013686856028942405e-03
3.013412317684760911e-03
3.013137875284885303e-03
3.012863407885990347e-03
3.012589036461809245e-03
3.012314640046985775e-03
3.012040460639895268e-03
3.011766135258968011e-03
3.011492026938236526e-03
3.011217893665684049e-03
3.010943735434494419e-03
3.010669794353232169e-03
3.010395707275075224e-03
3.010121837399334921e-03
3.009847942603827847e-03
3.009574143983510981e-03
3.009300320451860269e-03
3.009026593125872784e-03
3.008752840896992617e-03
3.008479306050089452e-03
3.008205625173933362e-03
3.007932161732282568e-03
3.007658673426688405e-03
3.007385160250367669e-03
3.007111864598381416e-03
3.006838544106180643e-03
3.006565198766991687e-03
3.006291949808013401e-03
3.006018797255527713e-03
3.005745619879811748e-03
3.005472538941126020e-03
3.005199554465759829e-03
3.004926545190943817e-03
3.004653632409999293e-03
3.004380694838126777e-03
3.004107853790686806e-03
3.003835109293982123e-03
3.003562340030166769e-03
3.003289667347662506e-03
3.003016969906592819e-03
3.002744369077420435e-03
3.002471864886459806e-03
3.002199335960787936e-03
3.001926903703928777e-03
3.001654568142202856e-03
3.001382207869642861e-03
3.001109944322832238e-03
3.000837656073772688e-03
3.000565464581086451e-03
3.000293248394744674e-03
3.000021250482794513e-03
2.999749106409428916e-03
2.999477180663134152e-03
2.999205230262437169e-03
2.998933255200631528e-03
2.998661498555953153e-03
2.998389595727342198e-03
2.998117911368562011e-03
2.997846202387975060e-03
2.997574468778885746e-03
2.997302953729722233e-03
2.997031414082743615e-03
2.996759849831265136e-03
2.996488382599211703e-03
2.996217012412955450e-03
2.995945617646220051e-03
2.995674319955993811e-03
2.995403119368653631e-03
2.995131894224879309e-03
2.994860644517999531e-03
2.994589613656819128e-03
2.994318558263270400e-03
2.994047478330689842e-03
2.993776495593206306e-03
2.993505610077213611e-03
2.993234700046282660e-03
2.992963887267604834e-03
2.992693171767580890e-03
2.992422431776736117e-03
2.992151789095320522e-03
2.991881121931828404e-03
2.991610552108550734e-03
2.991340079651899977e-03
2.991069582737326989e-03
2.990799183220180495e-03
2.990528759253879062e-03
2.990258432715813680e-03
2.989988081737371493e-03
2.989717950124040451e-03
2.989447672184081077e-03
2.989177613662097246e-03
2.988907530739356392e-03
2.988637423409244015e-03
2.988367413626292091e-03
2.988097501416943011e-03
2.987827686807642200e-03
2.987557847830637787e-03
2.987287984479327415e-03
2.987018218763341781e-03
2.986748550709137154e-03
2.986478858304899685e-03
2.986209263593324337e-03
2.985939766600871712e-03
2.985670245282682784e-03
2.985400821714511137e-03
2.985131373829467191e-03
2.984862023725345492e-03
2.984592771428619656e-03
2.984323494839353618e-03
2.984054316088401420e-03
2.983785113053797310e-03
2.983516007888434990e-03
2.983247000618799785e-03
2.982977969089880329e-03
2.982708913295112427e-03
2.982440077635007628e-03
2.982171217740006621e-03
2.981902333603553452e-03
2.981633547455682376e-03
2.981364859322896931e-03
2.981096146973075990e-03
2.980827532669315470e-03
2.980559016438124546e-03
2.980290476014336477e-03
2.980021911391411357e-03
2.979753567190240003e-03
2.979485076496198297e-03
2.979216806276950829e-03
2.978948511898538241e-03
2.978680315712217263e-03
2.978412095375713997e-03
2.978143973262325703e-03
2.977875827007746192e-03
2.977607779007313688e-03
2.977339829287563820e-03
2.977071855451147390e-03
2.976803979926461244e-03
2.976536080294121291e-03
2.976268279004567509e-03
2.976000453616384385e-03
2.975732849081032944e-03
2.975465097988123746e-03
2.975197567801155657e-03
2.974930013555671104e-03
2.974662435245179620e-03
2.974394955397257831e-03
2.974127574038472593e-03
2.973860168639285741e-03
2.973592861760338164e-03
2.973325530850059843e-03
2.973058298491131762e-03
2.972791164710130753e-03
2.972524006922442046e-03
2.972256947743805253e-03
2.971989864567575485e-03
2.971722880031532447e-03
2.971455994162265548e-03
2.971189084320082115e-03
2.970922273175823081e-03
2.970655438067766520e-03
2.970388701688790861e-03
2.970121941355144488e-03
2.969855402503119354e-03
2.969588716995206264e-03
2.969322130278718302e-03
2.969055642380265692e-03
2.968789253326460393e-03
2.968522840367456093e-03
2.968256403496817401e-03
2.967990065506602958e-03
2.967723826423435563e-03
2.967457563453406496e-03
2.967191399421636924e-03
2.966925334354755719e-03
2.966659245425808545e-03
2.966393255492976062e-03
2.966127241707274247e-03
2.965861326948923422e-03
2.965595388346909441e-03
2.965329548803492289e-03
2.965063808345316018e-03
2.964798044068319566e-03
2.964532255966097034e-03
2.964266689937736406e-03
2.964001100115417654e-03
2.963735486492745722e-03
2.963469972049120708e-03
2.963204556811203146e-03
2.962939117797823516e-03
2.962673778021442713e-03
2.962408414478859362e-03
2.962143150204577056e-03
2.961877985225265433e-03
2.961612796504677937e-03
2.961347584036437292e-03
2.961082593984082703e-03
2.960817457119423179e-03
2.960552542724014576e-03
2.960287604621572675e-03
2.960022642805732341e-03
2.959757903550223283e-03
2.959493017461597812e-03
2.959228353986689732e-03
2.958963666839049041e-03
2.958698956012323616e-03
2.958434344695294246e-03
2.958169832914664399e-03
2.957905297479970167e-03
2.957640861613054437e-03
2.957376402101421879e-03
2.957112042188954175e-03
2.956847658641125875e-03
2.956583374723859188e-03
2.956319190463875361e-03
2.956054982593598127e-03
2.955790874412013956e-03
2.955526742629515594e-03
2.955262710567128307e-03
2.954998778251582449e-03
2.954734822360227317e-03
2.954470966247145069e-03
2.954207086567655748e-03
2.953943306697881174e-03
2.953679503271109102e-03
2.953415799685503614e-03
2.953152195967809375e-03
2.952888568718269394e-03
2.952624917930580118e-03
2.952361490495528443e-03
2.952097916094239410e-03
2.951834565099102029e-03
2.951571190606734878e-03
2.951307792610847417e-03
2.951044494608782206e-03
2.950781296627307763e-03
2.950518075167523745e-03
2.950254953759834809e-03
2.949991808883308756e-03
2.949728764090391205e-03
2.949465819407859780e-03
2.949202851281737536e-03
2.948939983297527417e-03
2.948677091879222788e-03
2.948414300634366256e-03
2.948151485964920632e-03
2.947888771500468182e-03
2.947626033620938998e-03
2.947363395977957608e-03
2.947100858598322888e-03
2.946838297828914977e-03
2.946575837354420933e-03
2.946313353499690774e-03
2.946050969971450353e-03
2.945788686796507218e-03
2.945526380266667507e-03
2.945264050375691420e-03
2.945001944631424340e-03
2.944739691789561003e-03
2.944477663148043888e-03
2.944215487396466529e-03
2.943953535898883450e-03
2.943691561090914198e-03
2.943429562966335452e-03
2.943167789187255481e-03
2.942905868278012423e-03
2.942644047911736113e-03
2.942382328115266191e-03
2.942120708915440998e-03
2.941859066449849323e-03
2.941597400712283889e-03
2.941335835607825772e-03
2.941074371163325454e-03
2.940812883472308445e-03
2.940551496472917914e-03
2.940290086236649249e-03
2.940028776723683981e-03
2.939767443983486942e-03
2.939506211998281493e-03
2.939245080794932428e-03
2.938983926389855065e-03
2.938722872798333989e-03
2.938461796014754396e-03
2.938200820076437934e-03
2.937939820955741410e-03
2.937678922712027001e-03
2.937418125372173380e-03
2.937157304875490441e-03
2.936896461215807771e-03
2.936635718496568171e-03
2.936375076744661156e-03
2.936114411855330307e-03
2.935853847965080952e-03
2.935593385100806075e-03
2.935332899124705377e-03
2.935072390030624926e-03
2.934811981999147640e-03
2.934551675057176477e-03
2.934291345022848729e-03
2.934031116109805937e-03
2.933770864114154404e-03
2.933510713271575768e-03
2.933250663608983830e-03
2.932990590889438844e-03
2.932730495106807261e-03
2.932470500540848308e-03
2.932210607218487062e-03
2.931950690858719198e-03
2.931690875774367339e-03
2.931431037662396172e-03
2.931171300857666681e-03
2.930911541035112998e-03
2.930651882551637069e-03
2.930392325434177849e-03
2.930132745324620820e-03
2.929873266612928722e-03
2.929613764918957350e-03
2.929354364654706503e-03
2.929094941418002723e-03
2.928835619642885472e-03
2.928576274905148567e-03
2.928317031660873301e-03
2.928057889937017277e-03
2.927798725276327830e-03
2.927539662167944010e-03
2.927280576132583901e-03
2.927021467164158623e-03
2.926762584313154138e-03
2.926503678560989519e-03
2.926244749901585427e-03
2.925985922890201197e-03
2.925727072981458479e-03
2.925468324752657136e-03
2.925209678230780794e-03
2.924951008837402451e-03
2.924692441182881898e-03
2.924433850666763313e-03
2.924175361921446149e-03
2.923916850324442731e-03
2.923658440530192172e-03
2.923400132565691974e-03
2.923141801775406678e-03
2.922883448153285133e-03
2.922625196397844911e-03
2.922367046536093489e-03
2.922108873868431694e-03
2.921850803126439626e-03
2.921592709588488861e-03
2.921334718008196558e-03
2.921076703641904606e-03
2.920818791265271559e-03
2.920560980905316604e-03
2.920303147785333845e-03
2.920045291899293818e-03
2.919787662892700010e-03
2.919529886315288657e-03
2.919272211823580911e-03
2.919014639444613302e-03
2.918757169205418462e-03
2.918499551371329416e-03
2.918242160578891041e-03
2.917984747082420435e-03
2.917727310875908083e-03
2.917469976878271209e-03
2.917212745116557621e-03
2.916955490670856965e-03
2.916698338493146827e-03
2.916441163641485864e-03
2.916184091089889154e-03
2.915926995874386536e-03
2.915670002991031882e-03
2.915412987453822307e-03
2.915156074280854381e-03
2.914899263499193694e-03
2.914642430089790445e-03
2.914385574046662875e-03
2.914128820431986008e-03
2.913872169272834975e-03
2.913615495506095832e-03
2.913358924227004831e-03
2.913102330350416606e-03
2.912845838993606204e-03
2.912589325049396837e-03
2.912332913657104082e-03
2.912076604843817380e-03
2.911820273469314328e-03
2.911563919527635283e-03
2.911307668202174712e-03
2.911051519520030731e-03
2.910795348296917225e-03
2.910539279749288586e-03
2.910283188670828147e-03
2.910027200300028226e-03
2.909771189408540300e-03
2.909515281256898518e-03
2.909259350594721634e-03
2.909003522704583459e-03
2.908747797613600323e-03
2.908492050038346231e-03
2.908236279972889731e-03
2.907980612743882223e-03
2.907725048378449577e-03
2.907469461549102956e-03
2.907213977615552818e-03
2.906958471228279339e-03
2.906703067769032638e-03
2.906447641866262335e-03
2.906192318923757779e-03
2.905936973547936300e-03
2.905681731164628211e-03
2.905426466358218118e-03
2.905171304576577296e-03
2.904916245846853734e-03
2.904661164720385557e-03
2.904406186678102665e-03
2.904151186249312195e-03
2.903896163428116954e-03
2.903641369248389885e-03
2.903386427177642205e-03
2.903131713802686430e-03
2.902876852524930839e-03
2.902622219997300426e-03
2.902367565130072394e-03
2.902112887917365595e-03
2.901858313950306939e-03
2.901603717648046886e-03
2.901349224623752440e-03
2.901094834904604982e-03
2.900840422876705457e-03
2.900586114186280793e-03
2.900331783197404416e-03
2.900077429904208623e-03
2.899823305671130926e-03
2.899569033469913751e-03
2.899314990383199554e-03
2.899060799316629990e-03
2.898806837418958261e-03
2.898552727529721783e-03
2.898298846863785801e-03
2.898044943956859087e-03
2.897791018803094320e-03
2.897537197180958136e-03
2.897283479117657937e-03
2.897029738834063992e-03
2.896775976324335485e-03
2.896522317411017074e-03
2.896268762121327871e-03
2.896015184632071398e-03
2.895761710798851803e-03
2.895508214776441186e-03
2.895254822442482924e-03
2.895001407929718561e-03
2.894748097137831138e-03
2.894494764177529909e-03
2.894241534970538009e-03
2.893988283605532404e-03
2.893735136026277192e-03
2.893482092260011435e-03
2.893229026362367350e-03
2.892975938327536651e-03
2.892722954143360590e-03
2.892470073837087770e-03
2.892217171420287131e-03
2.891964246887157326e-03
2.891711552307338687e-03
2.891458709594933556e-03
2.891205970830600363e-03
2.890953336041602456e-03
2.890700679173412342e-03
2.890448126313050186e-03
2.890195551383957940e-03
2.889943080495194563e-03
2.889690587548170587e-03
2.889438198673985932e-03
2.889185913899913489e-03
2.888933607094319473e-03
2.888681278251429424e-03
2.888429053546419985e-03
2.888176806814606989e-03
2.887924664253209775e-03
2.887672625889515111e-03
2.887420565525791044e-03
2.887168609392314674e-03
2.886916631269324796e-03
2.886664631151062560e-03
2.886412735300863258e-03
2.886160943746027534e-03
2.885909130222730472e-03
2.885657421027365555e-03
2.885405689874077310e-03
2.885154063081299750e-03
2.884902414341143813e-03
2.884650869994084908e-03
2.884399303710202551e-03
2.884147841852010511e-03
2.883896358067557751e-03
2.883644978741397268e-03
2.883393703900849654e-03
2.883142407160917825e-03
2.882891088515873723e-03
2.882639874394348802e-03
2.882388638378297757e-03
2.882137506918392572e-03
2.881886480041965983e-03
2.881635431297925772e-03
2.881384360680554722e-03
2.881133394684605442e-03
2.880882533337419341e-03
2.880631650143837888e-03
2.880380871631673181e-03
2.880130071283737436e-03
2.879879249094324713e-03
2.879628658190878498e-03
2.879377918901036663e-03
2.879127410951868010e-03
2.878876754604912675e-03
2.878626203042705060e-03
2.878375756292608258e-03
2.878125287749306628e-03
2.877874924050809278e-03
2.877624665224482771e-03
2.877374257966234996e-03
2.877124082267576433e-03
2.876873884813401210e-03
2.876623665598031145e-03
2.876373551325591728e-03
2.876123415302642497e-03
2.875873384255350339e-03
2.875623331468240770e-03
2.875373383689520772e-03
2.875123540946577291e-03
2.874873676490890227e-03
2.874623790316797010e-03
2.874374009216582645e-03
2.874124333217641884e-03
2.873874635527390916e-03
2.873624916140175845e-03
2.873375301892360130e-03
2.873125792811347199e-03
2.872876262060489964e-03
2.872626836509210076e-03
2.872377389298831196e-03
2.872127920423711133e-03
2.871878556786328866e-03
2.871629298414102131e-03
2.871380018404287408e-03
2.871130843692426635e-03
2.870881647353746603e-03
2.870632556345827178e-03
2.870383443721865897e-03
2.870134436461479251e-03
2.869885407595834659e-03
2.869636357119307278e-03
2.869387539062875653e-03
2.869138572399074997e-03
2.868889838210239834e-03
2.868640955402804171e-03
2.868392305125211979e-03
2.868143506217794327e-03
2.867894939895107229e-03
2.867646224931376647e-03
2.867397742607269776e-03
2.867149238748370726e-03
2.866900713349078509e-03
2.866652293543287249e-03
2.866403852207941375e-03
2.866155516498973804e-03
2.865907159271296242e-03
2.865658907702883437e-03
2.865410634626614373e-03
2.865162467242503026e-03
2.864914405578017007e-03
2.864666322432986648e-03
2.864418217801831777e-03
2.864170218928643961e-03
2.863922198580207482e-03
2.863674284022653567e-03
2.863426475283461971e-03
2.863178517802625941e-03
2.862930793455806342e-03
2.862683047671980927e-03
2.862435280445584703e-03
2.862187619108866581e-03
2.861940063689316291e-03
2.861692486854578235e-03
2.861444888599091758e-03
2.861197396299185527e-03
2.860949882589453562e-03
2.860702474868264192e-03
2.860455173163121458e-03
2.860207850075568992e-03
2.859960505600060883e-03
2.859713267179044352e-03
2.859466134840028644e-03
2.859218981140496281e-03
2.858971806074908726e-03
2.858724737129790788e-03
2.858477774332659951e-03
2.858230790196936762e-03
2.857983784717087888e-03
2.857736885423718762e-03
2.857490092344352941e-03
2.857243277948348995e-03
2.856996442230180528e-03
2.856749712764531865e-03
2.856503089578934802e-03
2.856256445098682897e-03
2.856009779318258428e-03
2.855763219856424177e-03
2.855516766740720178e-03
2.855270292352374978e-03
2.855023796685880397e-03
2.854777407404077236e-03
2.854531124534512038e-03
2.854284820414351373e-03
2.854038495038094432e-03
2.853792276112659173e-03
2.853546163665602112e-03
2.853300029990024807e-03
2.853053875080433389e-03
2.852807826687826006e-03
2.852561884839765680e-03
2.852315921785291558e-03
2.852069937518916711e-03
2.851824059835718177e-03
2.851578288763266349e-03
2.851332496506536231e-03
2.851086683060050000e-03
2.850840976262961849e-03
2.850595376142849979e-03
2.850349754860626549e-03
2.850104112410820675e-03
2.849858576676665006e-03
2.849613147685746417e-03
2.849367697554912489e-03
2.849122226278701011e-03
2.848876861784422655e-03
2.848631476155877654e-03
2.848386197342420243e-03
2.848141025371645971e-03
2.847895832294307719e-03
2.847650618104953252e-03
2.847405510797012661e-03
2.847160510398090167e-03
2.846915360893960759e-03
2.846670446341926456e-03
2.846425510716747622e-03
2.846180554012983296e-03
2.845935704290181254e-03
2.845690833499950161e-03
2.845446069723880055e-03
2.845201412989588168e-03
2.844956735215638417e-03
2.844712036396600686e-03
2.844467444658139998e-03
2.844222831885772490e-03
2.843978326227201113e-03
2.843733799545911881e-03
2.843489380011646975e-03
2.843244939465858385e-03
2.843000606100330122e-03
2.842756251734480585e-03
2.842512004582134315e-03
2.842267736440678289e-03
2.842023575545974973e-03
2.841779393673379058e-03
2.841535319080793539e-03
2.841291223521541683e-03
2.841047235275564412e-03
2.840803226074153139e-03
2.840559324219289750e-03
2.840315401420232498e-03
2.840071586001001198e-03
2.839827749648825717e-03
2.839584020709762496e-03
2.839340270849009980e-03
2.839096628434663837e-03
2.838852965109891959e-03
2.838609280869308464e-03
2.838365704114070246e-03
2.838122234871850915e-03
2.837878744741750316e-03
2.837635362157985269e-03
2.837391958697625931e-03
2.837148534355297264e-03
2.836905217598276012e-03
2.836662008454244027e-03
2.836418778456208187e-03
2.836175527598804296e-03
2.835932384393383653e-03
2.835689348867637648e-03
2.835446292510509017e-03
2.835203215316640501e-03
2.834960245841461422e-03
2.834717255540866732e-03
2.834474372992327584e-03
2.834231598223544910e-03
2.833988802657366312e-03
2.833745986288445807e-03
2.833503277738329967e-03
2.833260548396818613e-03
2.833017926907499279e-03
2.832775284638138630e-03
2.832532750254363428e-03
2.832290195101908482e-03
2.832047747868441084e-03
2.831805279877663319e-03
2.831562919839280407e-03
2.831320539054964312e-03
2.831078266256458181e-03
2.830835972723402556e-03
2.830593787209580246e-03
2.830351580972599503e-03
2.830109354007140365e-03
2.829867235100044700e-03
2.829625224279051169e-03
2.829383192757702146e-03
2.829141269355899425e-03
2.828899325265154824e-03
2.828657360480160091e-03
2.828415503853873910e-03
2.828173755414044484e-03
2.827931986308121655e-03
2.827690196530803675e-03
2.827448514979126817e-03
2.827206812767493575e-03
2.826965218814979884e-03
2.826723604213953345e-03
2.826482097905532159e-03
2.826240699917477537e-03
2.825999152340667037e-03
2.825757842075145645e-03
2.825516382210296103e-03
2.825275159712274144e-03
2.825033787604358700e-03
2.824792652918816684e-03
2.824551368612824524e-03
2.824310192739188773e-03
2.824069125325689728e-03
2.823828037332503857e-03
2.823587057832981691e-03
2.823346057765269146e-03
2.823105037124099166e-03
2.822864125015880910e-03
2.822623321468404212e-03
2.822382497375750410e-03
2.822141652732660256e-03
2.821900916689620495e-03
2.821660289274428770e-03
2.821419512159322254e-03
2.821178972872390427e-03
2.820938413074855836e-03
2.820697832761470941e-03
2.820457361148838004e-03
2.820216869031897181e-03
2.819976485649290827e-03
2.819736081773926376e-03
2.819495786666485846e-03
2.819255471077844379e-03
2.819015135002762677e-03
2.818775037033961761e-03
2.818534789302331971e-03
2.818294650411611989e-03
2.818054620389626348e-03
2.817814569921152021e-03
2.817574499000964020e-03
2.817334536988921976e-03
2.817094683912855189e-03
2.816854810413478658e-03
2.816614916485575201e-03
2.816375131533079001e-03
2.816135326163658574e-03
2.815895629803289064e-03
2.815655913037604964e-03
2.815416305314621514e-03
2.815176677197940916e-03
2.814937158157617639e-03
2.814697618735222465e-03
2.814458188422847354e-03
2.814218737740031666e-03
2.813979266681576434e-03
2.813739904772633114e-03
2.813500652041060063e-03
2.813261378962331194e-03
2.813022085531252745e-03
2.812782901317057230e-03
2.812543826347608210e-03
2.812304731054316321e-03
2.812065615431996474e-03
2.811826609093956170e-03
2.811587582438557827e-03
2.811348665101149474e-03
2.811109727458061674e-03
2.810870899166679950e-03
2.810632050581303443e-03
2.810393311381356035e-03
2.810154551899105447e-03
2.809915772129382202e-03
2.809677101784670544e-03
2.809438540892856585e-03
2.809199959742143902e-03
2.808961358327369956e-03
2.808722866405096146e-03
2.808484354230477396e-03
2.808245951582115200e-03
2.808007658487907381e-03
2.807769215364164760e-03
2.807531011623119396e-03
2.807292657842237141e-03
2.807054543499860368e-03
2.806816279107353287e-03
2.806578124348283083e-03
2.806340079250560591e-03
2.806102013959179287e-03
2.805864058362934638e-03
2.805626082584790001e-03
2.805388086619608427e-03
2.805150200389245740e-03
2.804912293983614045e-03
2.804674497346609265e-03
2.804436810506154374e-03
2.804198973548055474e-03
2.803961376380366757e-03
2.803723629084784851e-03
2.803485991631360450e-03
2.803248464048027806e-03
2.803010916336570301e-03
2.802773478529039467e-03
2.802536020605188999e-03
2.802298542559904064e-03
2.802061174458293953e-03
2.801823916328302459e-03
2.801586638105618265e-03
2.801349339785134777e-03
2.801112151476039310e-03
2.800874943080971895e-03
2.800637844731158638e-03
2.800400726307208585e-03
2.800163717962385335e-03
2.799926689555267811e-03
2.799689641080759829e-03
2.799452832916600725e-03
2.799215874516506816e-03
2.798979026269236836e-03
2.798742288202754960e-03
2.798505399874058521e-03
2.798268751984521983e-03
2.798032084080124150e-03
2.797795396155785749e-03
2.797558818485985054e-03
2.797322220808123178e-03
2.797085733418716320e-03
2.796849226033134607e-03
2.796612698646306575e-03
2.796376281587805747e-03
2.796139974885618849e-03
2.795903648211050131e-03
2.795667301559032897e-03
2.795431065303222596e-03
2.795194809081874825e-03
2.794958663290683393e-03
2.794722627957641967e-03
2.794486442265171639e-03
2.794250367042774505e-03
2.794014402318453771e-03
2.793778417664366867e-03
2.793542543542323984e-03
2.793306649502453297e-03
2.793070735539708496e-03
2.792834932148957530e-03
2.792599239358210545e-03
2.792363396151582421e-03
2.792127794089881241e-03
2.791892172146203787e-03
2.791656530315517193e-03
2.791420868592784255e-03
2.791185448127049638e-03
2.790949877215221503e-03
2.790714417017363044e-03
2.790479067561500454e-03
2.790243698254553546e-03
2.790008309091495959e-03
2.789773030710449540e-03
2.789537732485286321e-03
2.789302545076165207e-03
2.789067337834924207e-03
2.788832241443764924e-03
2.788597125232490908e-03
2.788362119905342124e-03
2.788127094770092001e-03
2.787892049821731090e-03
2.787657115797556682e-03
2.787422292725616653e-03
2.787187449869618985e-03
2.786952587224563772e-03
2.786717835571823291e-03
2.786483064142060342e-03
2.786248403738687731e-03
2.786013723570335103e-03
2.785779023632007755e-03
2.785544565601641952e-03
2.785309956982909285e-03
2.785075459464764983e-03
2.784840942200758618e-03
2.784606536071440076e-03
2.784372241104878486e-03
2.784137795514004393e-03
2.783903592016547229e-03
2.783669237884818948e-03
2.783434994962035499e-03
2.783200863276274681e-03
2.782966711892957343e-03
2.782732540807109599e-03
2.782498480998458080e-03
2.782264532495086658e-03
2.782030564318349868e-03
2.781796576463284234e-03
2.781562699953690071e-03
2.781328803777877168e-03
2.781094887930883348e-03
2.780861083469568420e-03
2.780627390422031435e-03
2.780393677732512833e-03
2.780159945396059977e-03
2.779926324513611133e-03
2.779692815113267955e-03
2.779459154967286148e-03
2.779225737454493056e-03
2.778992169186167340e-03
2.778758712446270044e-03
2.778525367262912361e-03
2.778292002481191816e-03
2.778058618096170516e-03
2.777825345307961737e-03
2.777592184144681443e-03
2.777359003407365180e-03
2.777125803091081563e-03
2.776892714440018419e-03
2.776659606222163946e-03
2.776426478432589794e-03
2.776193462348544583e-03
2.775960557998158589e-03
2.775727634105352396e-03
2.775494690665205894e-03
2.775261858999044859e-03
2.775029007797742090e-03
2.774796268404663892e-03
2.774563509488650343e-03
2.774330862415105240e-03
2.774098195830838106e-03
2.773865509730938372e-03
2.773632935513868896e-03
2.773400473207778601e-03
2.773167991415409397e-03
2.772935490131860255e-03
2.772703100799670320e-03
2.772470691988535452e-03
2.772238263693558528e-03
2.772005947390337316e-03
2.771773743107031583e-03
2.771541519369271744e-03
2.771309276172165877e-03
2.771077145035391945e-03
2.770844994451530409e-03
2.770612955962298458e-03
2.770380898038243833e-03
2.770148952243122950e-03
2.769916987025451693e-03
2.769685133971021805e-03
2.769453261506321217e-03
2.769221369626473188e-03
2.768989589950327217e-03
2.768757790871322587e-03
2.768526104030346290e-03
2.768294397798804884e-03
2.768062672171829434e-03
2.767831190502182716e-03
2.767599557781611191e-03
2.767368037373896597e-03
2.767136497595362819e-03
2.766905070164036532e-03
2.766673623374208465e-03
2.766442288965944088e-03
2.766210935211501406e-03
2.765979693872984684e-03
2.765748433200620939e-03
2.765517153189559450e-03
2.765285985634962675e-03
2.765054798754007243e-03
2.764823724363895275e-03
2.764592630659771979e-03
2.764361649480877835e-03
2.764130649000324461e-03
2.763899761079390265e-03
2.763668853869158479e-03
2.763437927364793129e-03
2.763207113460629076e-03
2.762976280274700470e-03
2.762745559723380102e-03
2.762514819902671566e-03
2.762284192750986012e-03
2.762053546342293445e-03
2.761822880671770467e-03
2.761592327710886419e-03
2.761361755500562221e-03
2.761131296034308614e-03
2.760900817331012926e-03
2.760670451406225124e-03
2.760440066256799382e-03
2.760209793920324027e-03
2.759979502371622678e-03
2.759749191605886682e-03
2.759518993693759088e-03
2.759288776577017033e-03
2.759058672348343230e-03
2.758828548927482090e-03
2.758598538429154687e-03
2.758368508751072711e-03
2.758138459888439219e-03
2.757908523989032606e-03
2.757678568917515047e-03
2.757448726843707634e-03
2.757218865610239385e-03
2.756989117408968886e-03
2.756759350060494166e-03
2.756529563560025653e-03
2.756299890132483162e-03
2.756070329806133146e-03
2.755840750357509052e-03
2.755611151781829984e-03
2.755381534074316345e-03
2.755152161799773094e-03
2.754922638132103942e-03
2.754693227647133681e-03
2.754463798055296724e-03
2.754234481680686158e-03
2.754005278551584050e-03
2.753775923994480294e-03
2.753546682695385411e-03
2.753317554682588406e-03
2.753088407600427258e-03
2.752859241444139283e-03
2.752630188614952483e-03
2.752401249141159332e-03
2.752172158195014158e-03
2.751943180616785167e-03
2.751714316434773506e-03
2.751485433216203057e-03
2.751256663428416037e-03
2.751027742133497524e-03
2.750799066776029103e-03
2.750570239901933313e-03
2.750341659021904653e-03
2.750112926615761420e-03
2.749884307722107093e-03
2.749655802369255827e-03
2.749427278025286855e-03
2.749198734685464815e-03
2.748970304927324162e-03
2.748741856185896344e-03
2.748513521060754611e-03
2.748285166964900723e-03
2.748056793893604525e-03
2.747828534479496588e-03
2.747600256102528289e-03
2.747372091417371164e-03
2.747143907781942566e-03
2.746915837872951956e-03
2.746687749026285267e-03
2.746459641237224483e-03
2.746231647215537693e-03
2.746003766989562039e-03
2.745775735114600914e-03
2.745547949795498852e-03
2.745320012817989604e-03
2.745092189683454899e-03
2.744864480420241854e-03
2.744636752265090882e-03
2.744409005213297847e-03
2.744181372073803242e-03
2.743953720050299697e-03
2.743726049138087413e-03
2.743498492179165943e-03
2.743271049201892377e-03
2.743043587365893900e-03
2.742816106666476350e-03
2.742588739989717736e-03
2.742361354462194423e-03
2.742134082992022347e-03
2.741906792683747752e-03
2.741679483532685150e-03
2.741452288480006935e-03
2.741225074597211132e-03
2.740997974847508064e-03
2.740770856280363033e-03
2.740543718891097925e-03
2.740316695675984286e-03
2.740089786663400459e-03
2.739862858858744567e-03
2.739635912257347167e-03
2.739409079899554362e-03
2.739182228757717358e-03
2.738955358827169749e-03
2.738728603181316695e-03
2.738501961848546513e-03
2.738275168657041542e-03
2.738048622902456916e-03
2.737821925279819001e-03
2.737595342017733364e-03
2.737368873144596995e-03
2.737142385533615583e-03
2.736915879180137467e-03
2.736689487256739346e-03
2.736463076603579125e-03
2.736236647216007747e-03
2.736010332299662270e-03
2.735784131882952261e-03
2.735557912761966710e-03
2.735331674932066099e-03
2.735105551642961607e-03
2.734879409657698778e-03
2.734653248971636794e-03
2.734427202867551095e-03
2.734201271373859488e-03
2.733975321209537734e-03
2.733749352369958460e-03
2.733523364850488652e-03
2.733297625331494035e-03
2.733071733813913391e-03
2.732845956989130975e-03
2.732620161510027415e-03
2.732394480758547958e-03
2.732168781365540509e-03
2.731943196734988675e-03
2.731717593475708507e-03
2.731491971583083905e-03
2.731266464494156668e-03
2.731040938784692895e-03
2.730815527913774046e-03
2.730590098435133062e-03
2.730364650344161218e-03
2.730139317132999465e-03
2.729914098830094234e-03
2.729688861945113888e-03
2.729463606473457506e-03
2.729238332410524170e-03
2.729013173303548347e-03
2.728788129180986441e-03
2.728563066497425010e-03
2.728337985248270939e-03
2.728113019024834985e-03
2.727888034248657223e-03
2.727663030915146707e-03
2.727438142648673687e-03
2.727213235837727852e-03
2.726988444128719113e-03
2.726763633888103569e-03
2.726538938784329492e-03
2.726314225161820693e-03
2.726089493015997935e-03
2.725864876048367681e-03
2.725640374287404116e-03
2.725415720305352819e-03
2.725191181542855473e-03
2.724966758028396236e-03
2.724742316029283955e-03
2.724517855540951970e-03
2.724293510342038621e-03
2.724069146666806707e-03
2.723844898315934664e-03
2.723620631501653001e-03
2.723396346219400695e-03
2.723172176302912639e-03
2.722947987931371560e-03
2.722723914960549409e-03
2.722499823547597491e-03
2.722275713687961288e-03
2.722051719270472681e-03
2.721827706419231285e-03
2.721603809045109509e-03
2.721379893250174247e-03
2.721156092967333667e-03
2.720932274276623673e-03
2.720708437173501460e-03
2.720484715623933385e-03
2.720260975674905837e-03
2.720037351314423969e-03
2.719813708567441878e-03
2.719590047429424132e-03
2.719366501921433206e-03
2.719142938035374549e-03
2.718919489814349000e-03
2.718696023228230584e-03
2.718472538272489504e-03
2.718249169023286525e-03
2.718025915509147440e-03
2.717802509553159714e-03
2.717579219345225925e-03
2.717356044913879238e-03
2.717132852151877415e-03
2.716909641054701501e-03
2.716686545775647606e-03
2.716463432174423976e-03
2.716240434426364213e-03
2.716017418369145574e-03
2.715794383998256043e-03
2.715571465522087849e-03
2.715348528745267862e-03
2.715125707898226239e-03
2.714902868763557561e-03
2.714680011336758920e-03
2.714457269881317796e-03
2.714234510146779251e-03
2.714011866418670864e-03
2.713789204424504973e-03
2.713566658471845347e-03
2.713344094266174206e-03
2.713121511802999916e-03
2.712899045422940969e-03
2.712676560798432668e-03
2.712454057924985982e-03
2.712231671176278894e-03
2.712009266191695890e-03
2.711786977366955047e-03
2.711564670319407261e-03
2.711342479466808970e-03
2.711120270404478345e-03
2.710898043127937199e-03
2.710675932087999729e-03
2.710453802846935888e-03
2.710231789877596501e-03
2.710009758720220100e-03
2.709787709370335869e-03
2.709565776333853690e-03
2.709343825117961277e-03
2.709121990250607306e-03
2.708900137216947637e-03
2.708678266012517957e-03
2.708456511198326002e-03
2.708234738226476812e-03
2.708013081680016049e-03
2.707791406989016898e-03
2.707569714149023719e-03
2.707348137776139502e-03
2.707126677898962462e-03
2.706905065260910726e-03
2.706683569131700193e-03
2.706462189539935587e-03
2.706240791838576427e-03
2.706019376023177919e-03
2.705798076786974492e-03
2.705576759449880055e-03
2.705355424007451111e-03
2.705134205185982885e-03
2.704912968272335863e-03
2.704691848014846231e-03
2.704470709678340017e-03
2.704249688033190033e-03
2.704028648322192620e-03
2.703807590540918161e-03
2.703586649492792891e-03
2.703365690387566668e-03
2.703144713220811610e-03
2.702923852829014744e-03
2.702702974388873809e-03
2.702482212758915928e-03
2.702261433093804815e-03
2.702040770274105955e-03
2.701820089432451638e-03
2.701599390564426127e-03
2.701378808583650062e-03
2.701158208589707517e-03
2.700937590578185790e-03
2.700717089495764580e-03
2.700496705371086339e-03
2.700276168286545875e-03
2.700055748172968274e-03
2.699835445059002061e-03
2.699615123967118082e-03
2.699394784892912742e-03
2.699174562860199786e-03
2.698954322858400975e-03
2.698734199933365812e-03
2.698513923991217780e-03
2.698293900211364265e-03
2.698073858488909352e-03
2.697853798819462891e-03
2.697633721198632994e-03
2.697413760738384680e-03
2.697193782340010122e-03
2.696973921137515301e-03
2.696754042010156630e-03
2.696534280113978884e-03
2.696314500306206188e-03
2.696094702582459233e-03
2.695875022131837516e-03
2.695655323778517812e-03
2.695435607518123847e-03
2.695216008572814178e-03
2.694996391733715194e-03
2.694776892245025115e-03
2.694557374875838473e-03
2.694337974892389246e-03
2.694118421760118703e-03
2.693899121319527374e-03
2.693679667721381697e-03
2.693460331557616383e-03
2.693241112856922890e-03
2.693021876311280354e-03
2.692802621916329416e-03
2.692583485026457928e-03
2.692364330300599413e-03
2.692145157734397980e-03
2.691926102715298807e-03
2.691707029869184597e-03
2.691488074605539755e-03
2.691269101528215128e-03
2.691050110632861331e-03
2.690831237362020529e-03
2.690612346286493615e-03
2.690393572870861116e-03
2.690174781663891204e-03
2.689955972661242731e-03
2.689737281360553983e-03
2.689518572277541878e-03
2.689299980931884795e-03
2.689081371817268664e-03
2.688862744929359713e-03
2.688644235820889742e-03
2.688425708952498199e-03
2.688207164319853480e-03
2.687988737508748179e-03
2.687770428547907580e-03
2.687551966241747900e-03
2.687333621799238050e-03
2.687115395249108953e-03
2.686897150974882926e-03
2.686678888972238773e-03
2.686460744904103567e-03
2.686242583120949674e-03
2.686024403618462834e-03
2.685806342092624411e-03
2.685588262860858985e-03
2.685370301641188881e-03
2.685152322729005524e-03
2.684934326119999427e-03
2.684716447565250672e-03
2.684498551327100732e-03
2.684280773178667184e-03
2.684062977360260512e-03
2.683845163867578168e-03
2.683627468506795486e-03
2.683409755485172132e-03
2.683192160630921367e-03
2.682974412285744469e-03
2.682756917975930629e-03
2.682539270166600306e-03
2.682321876450154303e-03
2.682104329225609707e-03
2.681886900252856715e-03
2.681669453651026706e-03
2.681452125336485949e-03
2.681234779406330929e-03
2.681017415856278181e-03
2.680800170635751732e-03
2.680582907808798983e-03
2.680365763346881890e-03
2.680148601292016430e-03
2.679931421639925211e-03
2.679714360395127511e-03
2.679497281566589791e-03
2.679280321180869257e-03
2.679063207183052155e-03
2.678846347694413543e-03
2.678629334585137453e-03
2.678412576042610554e-03
2.678195663870914806e-03
2.677978870226605749e-03
2.677762059030518518e-03
2.677545366397364630e-03
2.677328656225946932e-03
2.677111928512005811e-03
2.676895319403309673e-03
2.676678692765610545e-03
2.676462184768717365e-03
2.676245659256349437e-03
2.676029116224254954e-03
2.675812691875296707e-03
2.675596250020147084e-03
2.675379790654558616e-03
2.675163450014451418e-03
2.674947091877447926e-03
2.674730852501508785e-03
2.674514595642222409e-03
2.674298321295347832e-03
2.674082165751903023e-03
2.673865992734427311e-03
2.673649938555975724e-03
2.673433866917056603e-03
2.673217777813434622e-03
2.673001807591223866e-03
2.672785819917881858e-03
2.672569814789176740e-03
2.672353928584282091e-03
2.672138161332021210e-03
2.671922240250353218e-03
2.671706438134904913e-03
2.671490755014504798e-03
2.671274918041009055e-03
2.671059336525661437e-03
2.670843601148778761e-03
2.670627984816171824e-03
2.670412351074117740e-03
2.670196836411980156e-03
2.669981304354001727e-03
2.669765891411582728e-03
2.669550461086935694e-03
2.669335013375852619e-03
2.669119548274121595e-03
2.668904202337221351e-03
2.668688975593998605e-03
2.668473594909864192e-03
2.668258470025773686e-03
2.668043191192367210e-03
2.667828031601934737e-03
2.667612854657542415e-03
2.667397796991799984e-03
2.667182721985738702e-03
2.666967629635163140e-03
2.666752656605743399e-03
2.666537666245457749e-03
2.666322795242015951e-03
2.666107906921365289e-03
2.665893001279318140e-03
2.665678215036637686e-03
2.665463411486224295e-03
2.665248590623892511e-03
2.665033889203465879e-03
2.664819307253813233e-03
2.664604571243732543e-03
2.664389954718104567e-03
2.664175320903728467e-03
2.663960806609524772e-03
2.663746275040258186e-03
2.663531863026886298e-03
2.663317433752141958e-03
2.663102987211857925e-03
2.662888660270042607e-03
2.662674316076384974e-03
2.662459954626718219e-03
2.662245712818109809e-03
2.662031453767199629e-03
2.661817177469822607e-03
2.661603020856106571e-03
2.661388983954945074e-03
2.661174792882585634e-03
2.660960721536500661e-03
2.660746769945586745e-03
2.660532664159990200e-03
2.660318815143687850e-03
2.660104811924397447e-03
2.659890928509775834e-03
2.659677027895276848e-03
2.659463247121222288e-03
2.659249449161032400e-03
2.659035771077063442e-03
2.658821938743189100e-03
2.658608363387820941e-03
2.658394633774264961e-03
2.658181024086468409e-03
2.657967397231757699e-03
2.657753890338603302e-03
2.657540366292297177e-03
2.657326825088704610e-03
2.657113403889355130e-03
2.656899965546488142e-03
2.656686647243672404e-03
2.656473311811116764e-03
2.656259959244693016e-03
2.656046726761025073e-03
2.655833477157272700e-03
2.655620210429312893e-03
2.655407063826825155e-03
2.655193900113921035e-03
2.654980856562320565e-03
2.654767795914099535e-03
2.654554718165143181e-03
2.654341760620224956e-03
2.654128785988375469e-03
2.653915794265481690e-03
2.653702922789376566e-03
2.653490034236038152e-03
2.653277265965339488e-03
2.653064480631226341e-03
2.652851678229593488e-03
2.652638858756333970e-03
2.652426297023447767e-03
2.652213580835730694e-03
2.652000985016201261e-03
2.651788372152708798e-03
2.651575742241154155e-03
2.651363232740579310e-03
2.651150706205784510e-03
2.650938300117850963e-03
2.650725877009543156e-03
2.650513436876768877e-03
2.650301117233669259e-03
2.650088780579957105e-03
2.649876564451811040e-03
2.649664331326914615e-03
2.649452081201181686e-03
2.649239814070527416e-03
2.649027667515206283e-03
2.648815641564188170e-03
2.648603461033703643e-03
2.648391538738787028e-03
2.648179461856248196e-03
2.647967505627804585e-03
2.647755532431992926e-03
2.647543679926197407e-03
2.647331672794446620e-03
2.647119924050100621e-03
2.646908020671655259e-03
2.646696238033050767e-03
2.646484576163275673e-03
2.646272897363746539e-03
2.646061201630401944e-03
2.645849488959175697e-03
2.645637897106627862e-03
2.645426288330110856e-03
2.645214800408221805e-03
2.645003295576283005e-03
2.644791773830235202e-03
2.644580372981734148e-03
2.644368955233049583e-03
2.644157658417874320e-03
2.643946206867685625e-03
2.643735014124718678e-03
2.643523666638638008e-03
2.643312440135973766e-03
2.643101196752897526e-03
2.642890074389217178e-03
2.642678935159072009e-03
2.642467779058418811e-03
2.642256744020121065e-03
2.642045692125270274e-03
2.641834761328766112e-03
2.641623813689666922e-03
2.641412849203937738e-03
2.641202005859534258e-03
2.640991007679456114e-03
2.640780268668703728e-03
2.640569512839256901e-03
2.640358740187089340e-03
2.640147950708171282e-03
2.639937282456573074e-03
2.639726597392206674e-03
2.639515895511045790e-03
2.639305314900221560e-03
2.639094855588763281e-03
2.638884241379329480e-03
2.638673748483256511e-03
2.638463238794355563e-03
2.638252850454853027e-03
2.638042445336526067e-03
2.637832161603637267e-03
2.637621861105930634e-03
2.637411543839397222e-03
2.637201209800024183e-03
2.636990997196150821e-03
2.636780767833455698e-03
2.636570659942317346e-03
2.636360535306379871e-03
2.636150393921640397e-03
2.635940374051533482e-03
2.635730337446655011e-03
2.635520422392475300e-03
2.635310352317071433e-03
2.635100403806406744e-03
2.634890576889537851e-03
2.634680733261978835e-03
2.634470872919735928e-03
2.634261134214394961e-03
2.634051378808421797e-03
2.633841606697824838e-03
2.633631956267248973e-03
2.633422289146108378e-03
2.633212605330417528e-03
2.633003043237876900e-03
2.632793464464851588e-03
2.632584007451080430e-03
2.632374533770895798e-03
2.632165043420320403e-03
2.631955536395372188e-03
2.631746151179866714e-03
2.631536887802882283e-03
2.631327469273839984e-03
2.631118172597404249e-03
2.630908997802655549e-03
2.630699667832915069e-03
2.630490598312854641e-03
2.630281373609863905e-03
2.630072270838789122e-03
2.629863151441765457e-03
2.629654154012798541e-03
2.629445139971990381e-03
2.629236109315378871e-03
2.629027062039000599e-03
2.628818136780940087e-03
2.628609333570289513e-03
2.628400375107992331e-03
2.628191677382321449e-03
2.627982824397095355e-03
2.627774093509561894e-03
2.627565346040678859e-03
2.627356581986491947e-03
2.627147940073236519e-03
2.626939281588815209e-03
2.626730745281500440e-03
2.626522192417162123e-03
2.626313622991855497e-03
2.626105175786909874e-03
2.625896712035144347e-03
2.625688231732619358e-03
2.625479873693721544e-03
2.625271499118219613e-03
2.625063246842538993e-03
2.624854839193039528e-03
2.624646692719922233e-03
2.624438390865118688e-03
2.624230211360504585e-03
2.624022015339753933e-03
2.623813941705404641e-03
2.623605851569094961e-03
2.623397744926900081e-03
2.623189760714410897e-03
2.622981760010220046e-03
2.622773742810404450e-03
2.622565848083613631e-03
2.622357936875389407e-03
2.622150009181811302e-03
2.621942204004587898e-03
2.621734382356210626e-03
2.621526683260425126e-03
2.621318828669010233e-03
2.621111235694092469e-03
2.620903487215718673e-03
2.620695861340391949e-03
2.620488219014502958e-03
2.620280699327914593e-03
2.620073163204983489e-03
2.619865610641803483e-03
2.619658180761293923e-03
2.619450734454762363e-03
2.619243271718306107e-03
2.619035931707901829e-03
2.618828575281807128e-03
2.618621341618035305e-03
2.618414091552812972e-03
2.618206825082243505e-03
2.617999542202432018e-03
2.617792382135467229e-03
2.617585205673508136e-03
2.617378152060684422e-03
2.617171082067120628e-03
2.616963995688928804e-03
2.616757032203292921e-03
2.616550052347289303e-03
2.616343056117033904e-03
2.616136182822767584e-03
2.615929293168517151e-03
2.615722387150402027e-03
2.615515604111719964e-03
2.615308804723448684e-03
2.615102128350923864e-03
2.614895296262860058e-03
2.614688726596075402e-03
2.614482001206002749e-03
2.614275398882283212e-03
2.614068780229797211e-03
2.613862284679993337e-03
2.613655772815718856e-03
2.613449244633105333e-03
2.613242839596658252e-03
2.613036418256175358e-03
2.612829980607792556e-03
2.612623666149070482e-03
2.612417335396760402e-03
2.612210988346999087e-03
2.612004764530405799e-03
2.611798524430679249e-03
2.611592268043963147e-03
2.611386134933932780e-03
2.611179985551236905e-03
2.610973959481590039e-03
2.610767777553021918e-03
2.610561858563439485e-03
2.610355783707234926e-03
2.610149832214784475e-03
2.609943864470636553e-03
2.609738020126620324e-03
2.609532159545251920e-03
2.609326282722687629e-03
2.609120389655082868e-03
2.608914620038345258e-03
2.608708973901687541e-03
2.608503171830758686e-03
2.608297493254268032e-03
2.608091938201433525e-03
2.607886227191800327e-03
2.607680779486042360e-03
2.607475175815820827e-03
2.607269695720025159e-03
2.607064199428975153e-03
2.606858686938840538e-03
2.606653298066734931e-03
2.606447893009924705e-03
2.606242611607561838e-03
2.606037174180885711e-03
2.605832000288058406e-03
2.605626670363272047e-03
2.605421464143750036e-03
2.605216241760658410e-03
2.605011143119265096e-03
2.604806028328702106e-03
2.604600897385155218e-03
2.604395890226945780e-03
2.604190866930158454e-03
2.603985827490983354e-03
2.603780911880795683e-03
2.603575840156425233e-03
2.603371032272688585e-03
2.603166208275393100e-03
2.602961368160737129e-03
2.602756511924913391e-03
2.602551779605414336e-03
2.602347031179176508e-03
2.602142266642399129e-03
2.601937626065630241e-03
2.601732969392757302e-03
2.601528296619980835e-03
2.601323747850909675e-03
2.601119182996378728e-03
2.600914742182033456e-03
2.600710285296675608e-03
2.600505812336515246e-03
2.600301323297761133e-03
2.600096958350132850e-03
2.599892577338366699e-03
2.599688320454222792e-03
2.599484047520403841e-03
2.599279758533125980e-03
2.599075453488603176e-03
2.598871272622672694e-03
2.598667215964605825e-03
2.598463003020370053e-03
2.598258914298472860e-03
2.598054809544502863e-03
2.597850829049390409e-03
2.597646832536687489e-03
2.597442820002621080e-03
2.597238931771177987e-03
2.597035027532861549e-03
2.596831107283901346e-03
2.596627311381341507e-03
2.596423499482634987e-03
2.596219671584015266e-03
2.596015968075584667e-03
2.595812248581744891e-03
2.595608653514634018e-03
2.595404902049707873e-03
2.595201275026022460e-03
2.594997772472872923e-03
2.594794253959579588e-03
2.594590719482386780e-03
2.594387169037537522e-03
2.594183743114301336e-03
2.593980301237934407e-03
2.593776843404684094e-03
2.593573510136877678e-03
2.593370160926719657e-03
2.593166936318577840e-03
2.592963695782622268e-03
2.592760439315108106e-03
2.592557166912288352e-03
2.592354019162603634e-03
2.592150855492161149e-03
2.591947816511440319e-03
2.591744761624511714e-03
2.591541690827637873e-03
2.591338604117078732e-03
2.591135642147389135e-03
2.590932804947885908e-03
2.590729811187232785e-03
2.590526942211331639e-03
2.590324057347139809e-03
2.590121297304306090e-03
2.589918521387755100e-03
2.589715729593758051e-03
2.589512921918584853e-03
2.589310239115961889e-03
2.589107681215216394e-03
2.588904966686700684e-03
2.588702377074649733e-03
2.588499771606869292e-03
2.588297291092181863e-03
2.588094794736360039e-03
2.587892282535684575e-03
2.587689895332032693e-03
2.587487492298128338e-03
2.587285073430257033e-03
2.587082779603351156e-03
2.586880469957085569e-03
2.586678144487749697e-03
2.586475944103330642e-03
2.586273727910456347e-03
2.586071495905417107e-03
2.585869389029259082e-03
2.585667266355557228e-03
2.585465127880609212e-03
2.585263114578515049e-03
2.585061085489801912e-03
2.584859040610768769e-03
2.584657120948574260e-03
2.584455185510695172e-03
2.584253234293433510e-03
2.584051408337005671e-03
2.583849566615837191e-03
2.583647709126234409e-03
2.583445976941470181e-03
2.583244229002921392e-03
2.583042465306895682e-03
2.582840826959724098e-03
2.582639172869733574e-03
2.582437503033234785e-03
2.582235958589616971e-03
2.582034398414154511e-03
2.581832822503163719e-03
2.581631372029089422e-03
2.581429905834156917e-03
2.581228423914685988e-03
2.581027067476177918e-03
2.580825695327808485e-03
2.580624448697115599e-03
2.580423045129010863e-03
2.580221767093267542e-03
2.580020614619264914e-03
2.579819305185809906e-03
2.579618121328786963e-03
2.579417063077579265e-03
2.579215847844889067e-03
2.579014899552070118e-03
2.578813794270435559e-03
2.578612814646049495e-03
2.578411819355893100e-03
2.578210808396301339e-03
2.578009923138057345e-03
2.577809022225090174e-03
2.577608105653739993e-03
2.577407314827845526e-03
2.577206508358285443e-03
2.577005686241404248e-03
2.576804989914097989e-03
2.576604277954194083e-03
2.576403550358041371e-03
2.576202948595591059e-03
2.576002331211624079e-03
2.575801698202488839e-03
2.575601191071196037e-03
2.575400668329474486e-03
2.575200129973677799e-03
2.574999717539873563e-03
2.574799289506739773e-03
2.574598845870631775e-03
2.574398528200676651e-03
2.574198194942501142e-03
2.573997846092464931e-03
2.573797623252751122e-03
2.573597384835936506e-03
2.573397130838384669e-03
2.573197002895333870e-03
2.572996859386312250e-03
2.572796700307688166e-03
2.572596667327754164e-03
2.572396618792989302e-03
2.572196554699765405e-03
2.571996616749431478e-03
2.571796663255417493e-03
2.571596694214097877e-03
2.571396709621845758e-03
2.571196851224089464e-03
2.570997119050258579e-03
2.570797229587612909e-03
2.570597466363686370e-03
2.570397687614790500e-03
2.570198035141447145e-03
2.569998367157935119e-03
2.569798683660638391e-03
2.569599126483133964e-03
2.569399553806651568e-03
2.569199965627579508e-03
2.569000361942304356e-03
2.568800884628481135e-03
2.568601391823270661e-03
2.568402025426365452e-03
2.568202643552893166e-03
2.568003246199250349e-03
2.567803833361828776e-03
2.567604546984397686e-03
2.567405245138018859e-03
2.567206069788496858e-03
2.567006878984861174e-03
2.566807672723511388e-03
2.566608451000850118e-03
2.566409355826758647e-03
2.566210245206197119e-03
2.566011261171084745e-03
2.565812261704350245e-03
2.565613246802402742e-03
2.565414216461649622e-03
2.565215312758083351e-03
2.565016393630567201e-03
2.564817459075513333e-03
2.564618651201972833e-03
2.564419827915755991e-03
2.564220989213279300e-03
2.564022277236650740e-03
2.563823549858631080e-03
2.563624949243364058e-03
2.563426191062838453e-03
2.563227559659941607e-03
2.563029055064149943e-03
2.562830392881347129e-03
2.562631857520531690e-03
2.562433449011181780e-03
2.562234882893078564e-03
2.562036443641330877e-03
2.561837989018533705e-03
2.561639661299023457e-03
2.561441318223359794e-03
2.561242959787976125e-03
2.561044728300261412e-03
2.560846481467728836e-03
2.560648219286814839e-03
2.560449941753953698e-03
2.560251791220611965e-03
2.560053625350234771e-03
2.559855586516326161e-03
2.559657532360298544e-03
2.559459462878593567e-03
2.559261378067653747e-03
2.559063420345059417e-03
2.558865447308154070e-03
2.558667601396555531e-03
2.558469740185576307e-03
2.558271863671665418e-03
2.558073971851271885e-03
2.557876207208086353e-03
2.557678427273356748e-03
2.557480632043534260e-03
2.557282964035368592e-03
2.557085280747055118e-03
2.556887582175049797e-03
2.556690010869157488e-03
2.556492424294525348e-03
2.556294822447610637e-03
2.556097347911277275e-03
2.555899858117619862e-03
2.555702353063100864e-03
2.555504975363639790e-03
2.555307582418280855e-03
2.555110174223491730e-03
2.554912750775737047e-03
2.554715454735013037e-03
2.554518286130840789e-03
2.554320959621623598e-03
2.554123760563933605e-03
2.553926546279703096e-03
2.553729459484017916e-03
2.553532214747144397e-03
2.553335097513802481e-03
2.553138107813523235e-03
2.552941102913151503e-03
2.552744082809167529e-03
2.552547047498051561e-03
2.552350139772021752e-03
2.552153216853858802e-03
2.551956278740045558e-03
2.551759468255858365e-03
2.551562642591025803e-03
2.551365801742035491e-03
2.551169088567219363e-03
2.550972360223257348e-03
2.550775616706638799e-03
2.550579000908753408e-03
2.550382369953229852e-03
2.550185723836562255e-03
2.549989062555243439e-03
2.549792529044738517e-03
2.549595980384610286e-03
2.549399559532362219e-03
2.549203123545520488e-03
2.549006672420587455e-03
2.548810206154062015e-03
2.548613867747523062e-03
2.548417514214432189e-03
2.548221145551292626e-03
2.548024904792741459e-03
2.547828648919188161e-03
2.547632520987304708e-03
2.547436234884289247e-03
2.547240076737997995e-03
2.547044046577993243e-03
2.546847858225369764e-03
2.546651797874092786e-03
2.546455722427457252e-03
2.546259775019268749e-03
2.546063812530788197e-03
2.545867834958532271e-03
2.545671985469361281e-03
2.545475977730128798e-03
2.545280098089054699e-03
2.545084346575716451e-03
2.544888580005272467e-03
2.544692798374248964e-03
2.544497001679168688e-03
2.544301333164024261e-03
2.544105649599911253e-03
2.543909950983355879e-03
2.543714380591408086e-03
2.543518795162112191e-03
2.543323194691999179e-03
2.543127722491174587e-03
2.542932235264632346e-03
2.542736733008906912e-03
2.542541359067159411e-03
2.542345970111336423e-03
2.542150566137973706e-03
2.541955147143610053e-03
2.541759856515481576e-03
2.541564550881467242e-03
2.541369373650840223e-03
2.541174038005696023e-03
2.540978830779061157e-03
2.540783752000534343e-03
2.540588658242908839e-03
2.540393549502732978e-03
2.540198425776553793e-03
2.540003287060918317e-03
2.539808276853254467e-03
2.539613395183166165e-03
2.539418355034434895e-03
2.539223443438419405e-03
2.539028516879779460e-03
2.538833718911036059e-03
2.538638905994814506e-03
2.538444078127673545e-03
2.538249235306171050e-03
2.538054521126902573e-03
2.537859792008427106e-03
2.537665191569376828e-03
2.537470432573193848e-03
2.537275802271597106e-03
2.537081300694205704e-03
2.536886640538356212e-03
2.536692109121880048e-03
2.536497562786221242e-03
2.536303145227145148e-03
2.536108712764058304e-03
2.535914265393535497e-03
2.535719946844395070e-03
2.535525469659732391e-03
2.535331121311634826e-03
2.535136901829732753e-03
2.534942667467333238e-03
2.534748418221016708e-03
2.534554154087358818e-03
2.534360018872313259e-03
2.534165868785122518e-03
2.533971703822368755e-03
2.533777667823059517e-03
2.533583616963388206e-03
2.533389551239940887e-03
2.533195470649300587e-03
2.533001519074552874e-03
2.532807552647823104e-03
2.532613715274233904e-03
2.532419863063875305e-03
2.532225996013342043e-03
2.532032114119223652e-03
2.531838361330716013e-03
2.531644593713845877e-03
2.531450811265209717e-03
2.531257157967057702e-03
2.531063489852368367e-03
2.530869806917738184e-03
2.530676253178475513e-03
2.530482540604781123e-03
2.530289101282438401e-03
2.530095503118866447e-03
2.529902034203176421e-03
2.529708550491227993e-03
2.529515051979625440e-03
2.529321682760812470e-03
2.529128298757594897e-03
2.528934899966581770e-03
2.528741630513272384e-03
2.528548346287423036e-03
2.528355047285646244e-03
2.528161877666495593e-03
2.527968693286678295e-03
2.527775494142811639e-03
2.527582280231508143e-03
2.527389195755400716e-03
2.527196096527127220e-03
2.527003126771355020e-03
2.526809998039627157e-03
2.526616998795677867e-03
2.526424129069181762e-03
2.526231100345578077e-03
2.526038201154710491e-03
2.525845287232102339e-03
2.525652502879554596e-03
2.525459703810554405e-03
2.525266890021732064e-03
2.525074205847940238e-03
2.524881362620379124e-03
2.524688649023145316e-03
2.524496065085927304e-03
2.524303322073815845e-03
2.524110708737023478e-03
2.523918225105237396e-03
2.523725582377447582e-03
2.523533069369973854e-03
2.523340541675121642e-03
2.523148143737935414e-03
2.522955731128685708e-03
2.522763303844015835e-03
2.522570861880567370e-03
2.522378549727459333e-03
2.522186222910896385e-03
2.521994025942033302e-03
2.521801669799518097e-03
2.521609443520032943e-03
2.521417202585717054e-03
2.521225091551802366e-03
2.521032965878392765e-03
2.520840825562141105e-03
2.520648670599698500e-03
2.520456645590374040e-03
2.520264605950202699e-03
2.520072696300529758e-03
2.519880627399653881e-03
2.519688688504626538e-03
2.519496879645158772e-03
2.519304911513448042e-03
2.519113073432653963e-03
2.518921220741697411e-03
2.518729498139054244e-03
2.518537760941610450e-03
2.518346009146032755e-03
2.518154242748986589e-03
2.517962606493021060e-03
2.517770955650958011e-03
2.517579290219465037e-03
2.517387754974150741e-03
2.517196205154783543e-03
2.517004640758036243e-03
2.516813206592570431e-03
2.516621613042101160e-03
2.516430294572324054e-03
2.516238816710894294e-03
2.516047469133555342e-03
2.515856107002961087e-03
2.515664730315791270e-03
2.515473483957838922e-03
2.515282223058707550e-03
2.515090947615079928e-03
2.514899802545804679e-03
2.514708498014251847e-03
2.514517468816659072e-03
2.514326280150160769e-03
2.514135221910863624e-03
2.513944149151256611e-03
2.513753061868026842e-03
2.513562105057156552e-03
2.513371133738081294e-03
2.513180147907494253e-03
2.512989292594430650e-03
2.512798277741916820e-03
2.512607538476732856e-03
2.512416639665489369e-03
2.512225871424660605e-03
2.512035088696564552e-03
2.511844291477901333e-03
2.511653624874840215e-03
2.511462943796648369e-03
2.511272248240028950e-03
2.511081683344205950e-03
2.510890958831859827e-03
2.510700510160312690e-03
2.510509901865654384e-03
2.510319424284722378e-03
2.510128932249668880e-03
2.509938425757202683e-03
2.509748050023680524e-03
2.509557659848202487e-03
2.509367255227482572e-03
2.509176836158230877e-03
2.508986547900883025e-03
2.508796245210469320e-03
2.508606073369462012e-03
2.508415887110856946e-03
2.508225686431376795e-03
2.508035471327738162e-03
2.507845387126485248e-03
2.507655143175710130e-03
2.507465175494660425e-03
2.507275048057533862e-03
2.507085051575790990e-03
2.506895040694298062e-03
2.506705160805710892e-03
2.506515121125915679e-03
2.506325212454517306e-03
2.506135434821298805e-03
2.505945497376041702e-03
2.505755690984461624e-03
2.505565870214305959e-03
2.505376180535364133e-03
2.505186331009277671e-03
2.504996612589910441e-03
2.504807025307051981e-03
2.504617423673363968e-03
2.504427662157443068e-03
2.504238177340460669e-03
2.504048532634722390e-03
2.503859019126313153e-03
2.503669491272811527e-03
2.503480094654194840e-03
2.503290538111757006e-03
2.503101258424997311e-03
2.502911818807909954e-03
2.502722364851490359e-03
2.502533042190810669e-03
2.502343850855670397e-03
2.502154499555161483e-03
2.501965279595729473e-03
2.501776045324786719e-03
2.501586796739086252e-03
2.501397679539812263e-03
2.501208548041324118e-03
2.501019402240379184e-03
2.500830387871216375e-03
2.500641359215145972e-03
2.500452316268927076e-03
2.500263259029320093e-03
2.500074333274638922e-03
2.499885393242126663e-03
2.499696438928546323e-03
2.499507616145269125e-03
2.499318779096487350e-03
2.499129927778968342e-03
2.498941208037135878e-03
2.498752474042135758e-03
2.498563725790736191e-03
2.498374963279706689e-03
2.498186332397546883e-03
2.497997687271334959e-03
2.497809027897843464e-03
2.497620354273843209e-03
2.497431812331913584e-03
2.497243256155062558e-03
2.497054831697903977e-03
2.496866393021412653e-03
2.496677940122367639e-03
2.496489472997548854e-03
2.496301137645642095e-03
2.496112642070633190e-03
2.495924424308080484e-03
2.495736046315990674e-03
2.495547800150051555e-03
2.495359539783105311e-03
2.495171265211937502e-03
2.494983122512367969e-03
2.494794965624188079e-03
2.494606794544186861e-03
2.494418755381239312e-03
2.494230702042085981e-03
2.494042634523521099e-03
2.493854552822335428e-03
2.493666603091478952e-03
2.493478639193627642e-03
2.493290661125575729e-03
2.493102668884119612e-03
2.492914808666285998e-03
2.492726934290679774e-03
2.492539191976366007e-03
2.492351435519914692e-03
2.492163664918130035e-03
2.491975880167814506e-03
2.491788227532102523e-03
2.491600414486151195e-03
2.491412879858821792e-03
2.491225184814863623e-03
2.491037621938841339e-03
2.490850044939193174e-03
2.490662453812728973e-03
2.490474994899717631e-03
2.490287521875547000e-03
2.490100034737029958e-03
2.489912533480977651e-03
2.489725164491736562e-03
2.489537781400624761e-03
2.489350530614025791e-03
2.489163119320642308e-03
2.488975840347442282e-03
2.488788547281676599e-03
2.488601386573804225e-03
2.488414211789042457e-03
2.488227022924215451e-03
2.488039819976144325e-03
2.487852749439360429e-03
2.487665664835017349e-03
2.487478566159940108e-03
2.487291599941713911e-03
2.487104473126666281e-03
2.486917478784162437e-03
2.486730616944085592e-03
2.486543741061486828e-03
2.486356704547349177e-03
2.486169947156053554e-03
2.485983029126883400e-03
2.485796243661425858e-03
2.485609444159648032e-03
2.485422777259324763e-03
2.485235949686434229e-03
2.485049254730709208e-03
2.484862692422040286e-03
2.484675969420304439e-03
2.484489379081341286e-03
2.484302774728001668e-03
2.484116156357127087e-03
2.483929670694644092e-03
2.483743171030350534e-03
2.483556657361091387e-03
2.483370276445849654e-03
2.483183881541371936e-03
2.482997472644507542e-03
2.482811049752104478e-03
2.482624759667220737e-03
2.482438455602535305e-03
2.482252137554901827e-03
2.482065952360431281e-03
2.481879753198754437e-03
2.481693540066727977e-03
2.481507312961205546e-03
2.481321218762375276e-03
2.481135110605799891e-03
2.480948988488338672e-03
2.480762999323233610e-03
2.480576996212998341e-03
2.480390979154495183e-03
2.480204948144586457e-03
2.480019050140588269e-03
2.479833138200947078e-03
2.479647212322529971e-03
2.479461419495707346e-03
2.479275465741352571e-03
2.479089792069906917e-03
2.478903957464667195e-03
2.478718255964602359e-03
2.478532540551044768e-03
2.478346811220864983e-03
2.478161067970933995e-03
2.477975457879777379e-03
2.477789833884655110e-03
2.477604343086127221e-03
2.477418691284719466e-03
2.477233172695695977e-03
2.477047787348987673e-03
2.476862240979018671e-03
2.476676827867159945e-03
2.476491400873556507e-03
2.476305959995089324e-03
2.476120652420469703e-03
2.475935330976789667e-03
2.475749995660933653e-03
2.475564793694668125e-03
2.475379430636138935e-03
2.475194200943010066e-03
2.475009104645224580e-03
2.474823847234822356e-03
2.474638723235578555e-03
2.474453585386451708e-03
2.474268580986339287e-03
2.474083562752164497e-03
2.473898530680822619e-03
2.473713484769208496e-03
2.473528572360293287e-03
2.473343646126934751e-03
2.473158706066031203e-03
2.472973752174481826e-03
2.472788931839331461e-03
2.472604097689371557e-03
2.472419249721503030e-03
2.472234535355828048e-03
2.472049807188085938e-03
2.471865065215183253e-03
2.471680309434023080e-03
2.471495687308783440e-03
2.471311051391136045e-03
2.471126401677990053e-03
2.470941885666576038e-03
2.470757208364177115e-03
2.470572812301727490e-03
2.470388254942116474e-03
2.470203831337989143e-03
2.470019246408490347e-03
2.469834942816772749e-03
2.469650477893512840e-03
2.469466146779506106e-03
2.469281801905239514e-03
2.469097443267630893e-03
2.468913218485120284e-03
2.468728979955142969e-03
2.468544727674620246e-03
2.468360609295045579e-03
2.468176329515217940e-03
2.467992183652220617e-03
2.467808171736032667e-03
2.467623998399347957e-03
2.467439959025359217e-03
2.467255905923369970e-03
2.467071839090307587e-03
2.466887906265818973e-03
2.466703959726152494e-03
2.466519999468238990e-03
2.466336173264780957e-03
2.466152333358976375e-03
2.465968479747761722e-03
2.465784612428070441e-03
2.465600879216676977e-03
2.465417132312715167e-03
2.465233371713123223e-03
2.465049597414838058e-03
2.464865957278710839e-03
2.464682303459806486e-03
2.464498635955065381e-03
2.464315102658395581e-03
2.464131555691809455e-03
2.463947995052253020e-03
2.463764420736670128e-03
2.463580980683042088e-03
2.463397526969314955e-03
2.463214059592438217e-03
2.463030726523446606e-03
2.462847379807237523e-03
2.462664019440763061e-03
2.462480645420973575e-03
2.462297405762978349e-03
2.462114152467608473e-03
2.461930885531819942e-03
2.461747604952564412e-03
2.461564458789029190e-03
2.461381298997976017e-03
2.461198125576362621e-03
2.461015086616431032e-03
2.460832034041892172e-03
2.460648967849708105e-03
2.460465888036838730e-03
2.460282942739600194e-03
2.460099983837637540e-03
2.459917011327915001e-03
2.459734025207395511e-03
2.459551173656473241e-03
2.459368308510721714e-03
2.459185429767109937e-03
2.459002685639086801e-03
2.458819927929175447e-03
2.458637156634347915e-03
2.458454371751574077e-03
2.458271721538378245e-03
2.458089057753216813e-03
2.457906380393063989e-03
2.457723837748498376e-03
2.457541281544927281e-03
2.457358711779327517e-03
2.457176128448677194e-03
2.456993679887627298e-03
2.456811217777519259e-03
2.456628742115334659e-03
2.456446252898052910e-03
2.456263898504401286e-03
2.456081530571652734e-03
2.455899149096791873e-03
2.455716902491599830e-03
2.455534493934485429e-03
2.455352220263048741e-03
2.455170081507330841e-03
2.454987780779632842e-03
2.454805614983667297e-03
2.454623435668569324e-03
2.454441391323256699e-03
2.454259333474829215e-03
2.454077262120283199e-03
2.453895177256611507e-03
2.453713078880806996e-03
2.453531115536878356e-03
2.453349138696844442e-03
2.453167296926750569e-03
2.452985293096517951e-03
2.452803424352257688e-03
2.452621542121921454e-03
2.452439795015629118e-03
2.452257885815162328e-03
2.452076111754779991e-03
2.451894472864537926e-03
2.451712671860113973e-03
2.451531006041875183e-03
2.451349326760655228e-03
2.451167634013460411e-03
2.450986076498561875e-03
2.450804505533740740e-03
2.450622921116006776e-03
2.450441471976684549e-03
2.450259860655177105e-03
2.450078384628139733e-03
2.449896895158272612e-03
2.449715541020975294e-03
2.449534173456912201e-03
2.449352792463099608e-03
2.449171398036554658e-03
2.448990138996749288e-03
2.448808866540282906e-03
2.448627580664175258e-03
2.448446281365445221e-03
2.448265117507641021e-03
2.448083940243293583e-03
2.447902749569426124e-03
2.447721545483060555e-03
2.447540476891822258e-03
2.447359394904171509e-03
2.447178448449769013e-03
2.446997339671394978e-03
2.446816366442358757e-03
2.446635379827058216e-03
2.446454379822521775e-03
2.446273515413503654e-03
2.446092637631348300e-03
2.445911746473087602e-03
2.445730990956530501e-03
2.445550073048179812e-03
2.445369290797637894e-03
2.445188644234993092e-03
2.445007835260645714e-03
2.444827161990305395e-03
2.444646475367183523e-03
2.444465775388319356e-03
2.444285211159671380e-03
2.444104633591397992e-03
2.443924042680541923e-03
2.443743438424145903e-03
2.443562969972242968e-03
2.443382488190923903e-03
2.443201993077234908e-03
2.443021633814263741e-03
2.442841112037992882e-03
2.442660726128570610e-03
2.442480476116101317e-03
2.442300063570461074e-03
2.442119786937909341e-03
2.441939496996401674e-03
2.441759343006156841e-03
2.441579026448916986e-03
2.441398845859082435e-03
2.441218651970544166e-03
2.441038594087594632e-03
2.440858373603835545e-03
2.440678289141815470e-03
2.440498191391355601e-03
2.440318229700826850e-03
2.440138254738013351e-03
2.439958266499977352e-03
2.439778264983781964e-03
2.439598399581868315e-03
2.439418371511559852e-03
2.439238628989113221e-03
2.439058723792403207e-03
2.438878954764341165e-03
2.438699023034114014e-03
2.438519376950193385e-03
2.438339568158245148e-03
2.438159895589326730e-03
2.437980209779023761e-03
2.437800510724408894e-03
2.437620798422553484e-03
2.437441222398124049e-03
2.437261633142638172e-03
2.437082030653169376e-03
2.436902564487441938e-03
2.436723085103920453e-03
2.436543592499683213e-03
2.436364086671809377e-03
2.436184717222093874e-03
2.436005334564936720e-03
2.435825938697419243e-03
2.435646529616623205e-03
2.435467256968418953e-03
2.435287971123137590e-03
2.435108672077864779e-03
2.434929359829684885e-03
2.434750184068544543e-03
2.434570995120706374e-03
2.434391792983257776e-03
2.434212727379201843e-03
2.434033648601749943e-03
2.433854556647993377e-03
2.433675451515023447e-03
2.433496482969915199e-03
2.433317351480813583e-03
2.433138506387815848e-03
2.432959498345014723e-03
2.432780626944558173e-03
2.432601592566454619e-03
2.432422844683017164e-03
2.432243933816128321e-03
2.432065159646082993e-03
2.431886372333891874e-03
2.431707571876657106e-03
2.431528758271479101e-03
2.431350081417658297e-03
2.431171391432135169e-03
2.430992688312014031e-03
2.430814121989652212e-03
2.430635542548938936e-03
2.430456949986982418e-03
2.430278344300890007e-03
2.430099875467089682e-03
2.429921243535069098e-03
2.429742898472952647e-03
2.429564390306837574e-03
2.429386019047562531e-03
2.429207484656478212e-03
2.429029237233924863e-03
2.428850826673789511e-03
2.428672553075058183e-03
2.428494266389419863e-03
2.428315966613994476e-03
2.428137653745895876e-03
2.427959477893779604e-03
2.427781288965264427e-03
2.427603086957472438e-03
2.427425022012110866e-03
2.427246793848146164e-03
2.427068702762893125e-03
2.426890748786529432e-03
2.426712631571914698e-03
2.426534651482474460e-03
2.426356658337694427e-03
2.426178652134699729e-03
2.426000783103351467e-03
2.425822901030081063e-03
2.425645005912020584e-03
2.425467097746298629e-03
2.425289326806848687e-03
2.425111542836037165e-03
2.424933745830996999e-03
2.424755935788860690e-03
2.424578263027638448e-03
2.424400577245626031e-03
2.424222878439961145e-03
2.424045316961705252e-03
2.423867592111165342e-03
2.423690004604347765e-03
2.423512554471444948e-03
2.423334940946660077e-03
2.423157464812106775e-03
2.422979975677949909e-03
2.422802473541333258e-03
2.422625108841466521e-03
2.422447580702379293e-03
2.422270190016368330e-03
2.422092936813634301e-03
2.421915520152100390e-03
2.421738240990173666e-03
2.421560948849882898e-03
2.421383794247567497e-03
2.421206476153016721e-03
2.421029295612779804e-03
2.420852102104817469e-03
2.420674895626282602e-03
2.420497826748612465e-03
2.420320744916713927e-03
2.420143650127743774e-03
2.419966692986190958e-03
2.419789572285566039e-03
2.419612589248709093e-03
2.419435593265446480e-03
2.419258734984343004e-03
2.419081713110767060e-03
2.418904828955708262e-03
2.418728082549380723e-03
2.418551172531051632e-03
2.418374400277815278e-03
2.418197615102380890e-03
2.418020817001913497e-03
2.417844005973578125e-03
2.417667332765109818e-03
2.417490646645144552e-03
2.417313947610851693e-03
2.417137386443021004e-03
2.416960812377237644e-03
2.416784225410674447e-03
2.416607625540503814e-03
2.416431163591587026e-03
2.416254537916738120e-03
2.416078201029251728e-03
2.415901700410184958e-03
2.415725186895417622e-03
2.415548811364907553e-03
2.415372422955088319e-03
2.415196172567953513e-03
2.415019758402073367e-03
2.414843482275272520e-03
2.414667193279919528e-03
2.414491042362078635e-03
2.414314727632185277e-03
2.414138550996207996e-03
2.413962361502445999e-03
2.413786310141040684e-03
2.413610094934286621e-03
2.413434017876298424e-03
2.413257927971307251e-03
2.413081976253529919e-03
2.412905860657120136e-03
2.412729883264339448e-03
2.412553893035350970e-03
2.412378041048446938e-03
2.412202176241754273e-03
2.412026298612469661e-03
2.411850408157787187e-03
2.411674504874900503e-03
2.411498739897193194e-03
2.411322962107710806e-03
2.411147171503651328e-03
2.410971519251451332e-03
2.410795703020852335e-03
2.410620025158547591e-03
2.410444334492499972e-03
2.410268782233222773e-03
2.410093217186641372e-03
2.409917639349960696e-03
2.409742048720385239e-03
2.409566445295118191e-03
2.409390980339766800e-03
2.409215502605172466e-03
2.409040012088543153e-03
2.408864660088539961e-03
2.408689295322953908e-03
2.408513917788996424e-03
2.408338527483877209e-03
2.408163124404807259e-03
2.407987859905542059e-03
2.407812582648787350e-03
2.407637444010333940e-03
2.407462141241262146e-03
2.407286977106957212e-03
2.407111800226059868e-03
2.406936610595786750e-03
2.406761559647021317e-03
2.406586495965351742e-03
2.406411419547999867e-03
2.406236330392185364e-03
2.406061228495126603e-03
2.405886265342804461e-03
2.405711289465720104e-03
2.405536452371887131e-03
2.405361451047969331e-03
2.405186588523788860e-03
2.405011713285781436e-03
2.404836825331173669e-03
2.404662076223073978e-03
2.404487314414865528e-03
2.404312539903778832e-03
2.404137752687043536e-03
2.403963104371840010e-03
2.403788443367485973e-03
2.403613769671214540e-03
2.403439083280259694e-03
2.403264535845873323e-03
2.403089824068269532e-03
2.402915251263742277e-03
2.402740817462582432e-03
2.402566219298894658e-03
2.402391760155085827e-03
2.402217288341318164e-03
2.402042955585978034e-03
2.401868458435034003e-03
2.401694100359034242e-03
2.401519729624076397e-03
2.401345346227401825e-03
2.401171101952492143e-03
2.400996845032389842e-03
2.400822575464341482e-03
2.400648293245593191e-03
2.400474150203697667e-03
2.400299994527631091e-03
2.400125826214644792e-03
2.399951645261985764e-03
2.399777603541281695e-03
2.399603549197442016e-03
2.399429482227719793e-03
2.399255402629367224e-03
2.399081462318082211e-03
2.398907357465246241e-03
2.398733391916024055e-03
2.398559565700726474e-03
2.398385574924623807e-03
2.398211723498995009e-03
2.398037859469596186e-03
2.397864134829257553e-03
2.397690245595115489e-03
2.397516495766589383e-03
2.397342733345369896e-03
2.397168958328717899e-03
2.396995322764558425e-03
2.396821674621529147e-03
2.396648013896895274e-03
2.396474340587921581e-03
2.396300806786604617e-03
2.396127108311767607e-03
2.395953549361158706e-03
2.395780129965100445e-03
2.395606545876307475e-03
2.395433101358639995e-03
2.395259644281582355e-03
2.395086174642405401e-03
2.394912844621259126e-03
2.394739502054574025e-03
2.394566146939626581e-03
2.394392779273690243e-03
2.394219551280985653e-03
2.394046158515918208e-03
2.393872905440671672e-03
2.393699792085578117e-03
2.393526513938936534e-03
2.393353375529040997e-03
2.393180224593173880e-03
2.393007061128614704e-03
2.392834037447735384e-03
2.392661001254762707e-03
2.392487952546984431e-03
2.392314891321683980e-03
2.392141817576143911e-03
2.391968883677827486e-03
2.391795937275880985e-03
2.391622978367590868e-03
2.391450159353474686e-03
2.391277175435382180e-03
2.391104331428077490e-03
2.390931627361904833e-03
2.390758758372610142e-03
2.390586029341064834e-03
2.390413287828281261e-03
2.390240533831553254e-03
2.390067767348174211e-03
2.389895140877829321e-03
2.389722501937459852e-03
2.389549850524363538e-03
2.389377339171279424e-03
2.389204662815640288e-03
2.389032126536646313e-03
2.388859577796155226e-03
2.388687169170981492e-03
2.388514595510417022e-03
2.388342161981809805e-03
2.388169716002947352e-03
2.387997410194720414e-03
2.387824939318279605e-03
2.387652608629118982e-03
2.387480265500958876e-03
2.387308062598763291e-03
2.387135694595545008e-03
2.386963466834942423e-03
2.386791226646607818e-03
2.386619126739578881e-03
2.386446861698730999e-03
2.386274736955846468e-03
2.386102599796510390e-03
2.385930450218035244e-03
2.385758440984553971e-03
2.385586419348596950e-03
2.385414385307481865e-03
2.385242338858524231e-03
2.385070432809926772e-03
2.384898361548253021e-03
2.384726430703612739e-03
2.384554640306378332e-03
2.384382684677007359e-03
2.384210869511717724e-03
2.384039041963891686e-03
2.383867202030851701e-03
2.383695502608949163e-03
2.383523637908468475e-03
2.383351913735810238e-03
2.383180330121352063e-03
2.383008581209275847e-03
2.382836972872087733e-03
2.382665352175035185e-03
2.382493719115446294e-03
2.382322073690650455e-03
2.382150568896166266e-03
2.381979051753170540e-03
2.381807522258997441e-03
2.381635980410976364e-03
2.381464579248702192e-03
2.381293165749283260e-03
2.381121739910055900e-03
2.380950301728353841e-03
2.380779004287846088e-03
2.380607694521571626e-03
2.380436372426870690e-03
2.380265038001080479e-03
2.380093844371942383e-03
2.379922638428429507e-03
2.379751420167884688e-03
2.379580189587648595e-03
2.379408946685061896e-03
2.379237844642960367e-03
2.379066730295231833e-03
2.378895603639220434e-03
2.378724617890817534e-03
2.378553619850858405e-03
2.378382609516691091e-03
2.378211586885664499e-03
2.378040551955124936e-03
2.377869657996055548e-03
2.377698751754208934e-03
2.377527833226935738e-03
2.377357055718272091e-03
2.377186112623219660e-03
2.377015310563518162e-03
2.376844496229835787e-03
2.376673822970283654e-03
2.376502984091724297e-03
2.376332286304040902e-03
2.376161576253835780e-03
2.375990853938465212e-03
2.375820272761136002e-03
2.375649679335394004e-03
2.375479073658600705e-03
2.375308455728115855e-03
2.375137978991218209e-03
2.374967490017387307e-03
2.374796988803988540e-03
2.374626475348384693e-03
2.374455949647938553e-03
2.374285565205022826e-03
2.374115168534032209e-03
2.373944759632333392e-03
2.373774492035352502e-03
2.373604058675359355e-03
2.373433766636857175e-03
2.373263462379155819e-03
2.373093299481758567e-03
2.372922970788790466e-03
2.372752783472905150e-03
2.372582583949342690e-03
2.372412525841679620e-03
2.372242301905902722e-03
2.372072219402810832e-03
2.371902124703575542e-03
2.371732171475846637e-03
2.371562052387475236e-03
2.371392074787400175e-03
2.371222085002729334e-03
2.371052083030840679e-03
2.370882222594477076e-03
2.370712349987692119e-03
2.370542311460473520e-03
2.370372568252392120e-03
2.370202659118641249e-03
2.370032891584451015e-03
2.369863111888792766e-03
2.369693320029051843e-03
2.369523516002613583e-03
2.369353853631387188e-03
2.369184179110273795e-03
2.369014492436662209e-03
2.368844793607942107e-03
2.368675236490095943e-03
2.368505667233955937e-03
2.368336085836915666e-03
2.368166492296366974e-03
2.367997040522363834e-03
2.367827422697995395e-03
2.367657946656996724e-03
2.367488612429816987e-03
2.367319112133439360e-03
2.367149753667707485e-03
2.366980383084305462e-03
2.366811000380630772e-03
2.366641605554080461e-03
2.366472352613879608e-03
2.366303087567639060e-03
2.366133810412762370e-03
2.365964521146649187e-03
2.365795373822597841e-03
2.365626214404151998e-03
2.365457042888716947e-03
2.365287859273696672e-03
2.365118817656461456e-03
2.364949609845506430e-03
2.364780698171186583e-03
2.364611620297962704e-03
2.364442530334224905e-03
2.364273582432435249e-03
2.364104622456987548e-03
2.363935650405291425e-03
2.363766820462864099e-03
2.363597824261925908e-03
2.363428970187118460e-03
2.363260104047748555e-03
2.363091380073408399e-03
2.362922489808177463e-03
2.362753741724843860e-03
2.362584981588645040e-03
2.362416209397000168e-03
2.362247579434594968e-03
2.362078937433614335e-03
2.361910283391480472e-03
2.361741617305612977e-03
2.361572939173431883e-03
2.361404403334717295e-03
2.361235855466569701e-03
2.361067295566412604e-03
2.360898878007078230e-03
2.360730294046194631e-03
2.360561852443019554e-03
2.360393398819572112e-03
2.360225087592757350e-03
2.360056609932064189e-03
2.359888274684896446e-03
2.359719927429203452e-03
2.359551568162415215e-03
2.359383351356532030e-03
2.359214968070864893e-03
2.359046727263001183e-03
2.358878628963429099e-03
2.358710364165353228e-03
2.358542241892470394e-03
2.358374107634594267e-03
2.358205961389160492e-03
2.358037803153605581e-03
2.357869787499095298e-03
2.357701759871374397e-03
2.357533720267882861e-03
2.357365668686058936e-03
2.357197759741141638e-03
2.357029684205992712e-03
2.356861751324669605e-03
2.356693961127667453e-03
2.356526004321742897e-03
2.356358190217061523e-03
2.356190364160216065e-03
2.356022526148652142e-03
2.355854676179815373e-03
2.355686968968111108e-03
2.355519249816064031e-03
2.355351518721121931e-03
2.355183775680734764e-03
2.355016175453380264e-03
2.354848408525468326e-03
2.354680784427526895e-03
2.354513303190062384e-03
2.354345655233377414e-03
2.354178150154109805e-03
2.354010633155630052e-03
2.353843104235393315e-03
2.353675563390854319e-03
2.353508165479661039e-03
2.353340755661114184e-03
2.353173333932671515e-03
2.353005900291792532e-03
2.352838609640196289e-03
2.352671152177837361e-03
2.352503837721718963e-03
2.352336666302355314e-03
2.352169328053595014e-03
2.352002132858548554e-03
2.351834925777365054e-03
2.351667706807508782e-03
2.351500475946443139e-03
2.351333388195057852e-03
2.351166288569430090e-03
2.350999177067029759e-03
2.350832053685322862e-03
2.350665073469270644e-03
2.350498081390885261e-03
2.350331077447637487e-03
2.350164061636998529e-03
2.349997033956437859e-03
2.349830149506009370e-03
2.349663253202639943e-03
2.349496345043803822e-03
2.349329425026974380e-03
2.349162648296280066e-03
2.348995859724578410e-03
2.348829059309347125e-03
2.348662247048061754e-03
2.348495578128923997e-03
2.348328742178983856e-03
2.348162049588185113e-03
2.347995500387061070e-03
2.347828784136557056e-03
2.347662211292723695e-03
2.347495626629268230e-03
2.347329030143673143e-03
2.347162421833422219e-03
2.346995956985881322e-03
2.346829325029788169e-03
2.346662836553412273e-03
2.346496491587295175e-03
2.346329979494065580e-03
2.346163610928103747e-03
2.345997230563960992e-03
2.345830838399127170e-03
2.345664434431090836e-03
2.345498174046388960e-03
2.345331901875502209e-03
2.345165617915923907e-03
2.344999322165145644e-03
2.344833170053777643e-03
2.344667006168232523e-03
2.344500830506007945e-03
2.344334643064597667e-03
2.344168443841498049e-03
2.344002388322410663e-03
2.343836321038664152e-03
2.343670241987757911e-03
2.343504151167189603e-03
2.343338204106736218e-03
2.343172245293657485e-03
2.343006274725454967e-03
2.342840292399630663e-03
2.342674453890032215e-03
2.342508448052491900e-03
2.342342586048221098e-03
2.342176712298378767e-03
2.342010982420888402e-03
2.341845085183438813e-03
2.341679331835390485e-03
2.341513566753832595e-03
2.341347945600761888e-03
2.341182157055729778e-03
2.341016512456238919e-03
2.340850856135312172e-03
2.340685188090461076e-03
2.340519664038772426e-03
2.340353972549627081e-03
2.340188425070706488e-03
2.340022865879947799e-03
2.339857450738513662e-03
2.339691868127644504e-03
2.339526429583166107e-03
2.339360979338949743e-03
2.339195517392511723e-03
2.339030199560106042e-03
2.338864714212799973e-03
2.338699372996600259e-03
2.338534020090292029e-03
2.338368811354203831e-03
2.338203435071260338e-03
2.338038202975616965e-03
2.337872959201988191e-03
2.337707703747898130e-03
2.337542592528769718e-03
2.337377469646263577e-03
2.337212335097909027e-03
2.337047188881231918e-03
2.336882030993759404e-03
2.336717017406003162e-03
2.336551836180540687e-03
2.336386955266910037e-03
2.336221906710633962e-03
2.336056846493243973e-03
2.335891930640347433e-03
2.335727003143436148e-03
2.335562064000043774e-03
2.335397269268830664e-03
2.335232306836096915e-03
2.335067488832647670e-03
2.334902659194891192e-03
2.334737817920363740e-03
2.334573121122820484e-03
2.334408412705615832e-03
2.334243692666290813e-03
2.334078961002384288e-03
2.333914217711433817e-03
2.333749618962287220e-03
2.333585008603214928e-03
2.333420386631760140e-03
2.333255753045464752e-03
2.333091264057247233e-03
2.332926607244919636e-03
2.332762095047794665e-03
2.332597727496470673e-03
2.332433192102655907e-03
2.332268801371769479e-03
2.332104242771449853e-03
2.331939985143691337e-03
2.331775559641597294e-03
2.331611122544196505e-03
2.331446830174596641e-03
2.331282526226827363e-03
2.331118210698440978e-03
2.330954039945598577e-03
2.330789701259654290e-03
2.330625507366396523e-03
2.330461301904770098e-03
2.330297241275009357e-03
2.330133012680332769e-03
2.329968928934668306e-03
2.329804833632896643e-03
2.329640726772575290e-03
2.329476764809027770e-03
2.329312634835301998e-03
2.329148649775505172e-03
2.328984653169432258e-03
2.328820645014644235e-03
2.328656781821560311e-03
2.328492907096919862e-03
2.328329020838289503e-03
2.328165123043232382e-03
2.328001213709312081e-03
2.327837449402039589e-03
2.327673673573070739e-03
2.327509886219973449e-03
2.327346087340315638e-03
2.327182433543678510e-03
2.327018611614621070e-03
2.326854934785758510e-03
2.326691246442646761e-03
2.326527703238944183e-03
2.326363991871065011e-03
2.326200425659774411e-03
2.326036847946557663e-03
2.325873415429145080e-03
2.325709814715816101e-03
2.325546359215475891e-03
2.325382892225543417e-03
2.325219413743596138e-03
2.325055923767209345e-03
2.324892579060226262e-03
2.324729222875995208e-03
2.324565855212097111e-03
2.324402476066110730e-03
2.324239085435615259e-03
2.324075840139547006e-03
2.323912583376169013e-03
2.323749315143063942e-03
2.323586192292219355e-03
2.323422901123429248e-03
2.323259755354103746e-03
2.323096598127423213e-03
2.322933429440973783e-03
2.322770406201835666e-03
2.322607214599626668e-03
2.322444168461940475e-03
2.322281110876870443e-03
2.322118198795571336e-03
2.321955118319521828e-03
2.321792183364458639e-03
2.321629236974408813e-03
2.321466279146964119e-03
2.321303309879716760e-03
2.321140486189933547e-03
2.320977651077570873e-03
2.320814804540222674e-03
2.320651946575485059e-03
2.320489234244697656e-03
2.320326353428986757e-03
2.320163618264456211e-03
2.320001028781755979e-03
2.319838270795910717e-03
2.319675658509127644e-03
2.319512877692363802e-03
2.319350242591899664e-03
2.319187753238391263e-03
2.319025095336687062e-03
2.318862583199177846e-03
2.318700059671582273e-03
2.318537524751504257e-03
2.318374978436548144e-03
2.318212577942311246e-03
2.318050008841433980e-03
2.317887585578525152e-03
2.317725308184245565e-03
2.317562862165130095e-03
2.317400562031894391e-03
2.317238250531104219e-03
2.317075927660369999e-03
2.316913593417302582e-03
2.316751247799510652e-03
2.316589048132780288e-03
2.316426837108587211e-03
2.316264614724544875e-03
2.316102538339491479e-03
2.315940293239613420e-03
2.315778194155989570e-03
2.315616083725013409e-03
2.315453961944300559e-03
2.315291986227781870e-03
2.315129841751468413e-03
2.314967843356622191e-03
2.314805833624548372e-03
2.314643970013251922e-03
2.314481937610604785e-03
2.314320051346012430e-03
2.314158153756713278e-03
2.313996244840329890e-03
2.313834482109958148e-03
2.313672550543297707e-03
2.313510765179932396e-03
2.313348968502016659e-03
2.313187160507176529e-03
2.313025498763600536e-03
2.312863668138810409e-03
2.312701983782575275e-03
2.312540445725576321e-03
2.312378738769234506e-03
2.312217020503772816e-03
2.312055448563492266e-03
2.311893865331390938e-03
2.311732270805100502e-03
2.311570822651976258e-03
2.311409205541225913e-03
2.311247734820944758e-03
2.311086252819045169e-03
2.310924917246953963e-03
2.310763412685744485e-03
2.310602054571650726e-03
2.310440685188520915e-03
2.310279304533992360e-03
2.310117912605703667e-03
2.309956667181191966e-03
2.309795252709318653e-03
2.309633984758540075e-03
2.309472863359549565e-03
2.309311572895105143e-03
2.309150428999766965e-03
2.308989273858229069e-03
2.308828107468136569e-03
2.308666929827133708e-03
2.308505740932863433e-03
2.308344698673049471e-03
2.308183645177297981e-03
2.308022580443255378e-03
2.307861504468568942e-03
2.307700575185036955e-03
2.307539634678194059e-03
2.307378682945692306e-03
2.307217719985182013e-03
2.307056745794313062e-03
2.306895918359974217e-03
2.306735079712616578e-03
2.306574229849894797e-03
2.306413368769461795e-03
2.306252496468970924e-03
2.306091770990405330e-03
2.305931034309128668e-03
2.305770286422797761e-03
2.305609527329068563e-03
2.305448915113998774e-03
2.305288291708881832e-03
2.305127657111379763e-03
2.304967011319151125e-03
2.304806354329856210e-03
2.304645844284640595e-03
2.304485323059716345e-03
2.304324790652746788e-03
2.304164247061395252e-03
2.304003692283323329e-03
2.303843284514770981e-03
2.303682865576863695e-03
2.303522435467266968e-03
2.303361994183647597e-03
2.303201699966316192e-03
2.303041236338670018e-03
2.302880919794684633e-03
2.302720592089381284e-03
2.302560411507148606e-03
2.302400061483240827e-03
2.302239858599779143e-03
2.302079644567717621e-03
2.301919419384729562e-03
2.301759341390291046e-03
2.301599093909485749e-03
2.301438993634614093e-03
2.301278882221545301e-03
2.301118759667953977e-03
2.300958784368411884e-03
2.300798797945734827e-03
2.300638641978674463e-03
2.300478791721692010e-03
2.300318771915682396e-03
2.300158740977250541e-03
2.299998857367078955e-03
2.299838962641881802e-03
2.299679056799340190e-03
2.299519139837136097e-03
2.299359370260024849e-03
2.299199589580651262e-03
2.299039797796699914e-03
2.298879994905856251e-03
2.298720180905802248e-03
2.298560514356387616e-03
2.298400836715171029e-03
2.298241147979840100e-03
2.298081448148083308e-03
2.297921895823817114e-03
2.297762173803289971e-03
2.297602599307668747e-03
2.297443013728413079e-03
2.297283575713513545e-03
2.297123967971081201e-03
2.296964507810422915e-03
2.296805036578932879e-03
2.296645554274304342e-03
2.296486060894230991e-03
2.296326715152814581e-03
2.296167199625953354e-03
2.296007831755176101e-03
2.295848611571233398e-03
2.295689221583917510e-03
2.295529979300864505e-03
2.295370567187799467e-03
2.295211302796432151e-03
2.295052186157514867e-03
2.294892899670666724e-03
2.294733760953704751e-03
2.294574452362177410e-03
2.294415450406600207e-03
2.294256278571863220e-03
2.294097095693272467e-03
2.293938060650208520e-03
2.293779014580735621e-03
2.293619957482560465e-03
2.293460889353388446e-03
2.293301969116672522e-03
2.293142878929644961e-03
2.292983936652525246e-03
2.292825142316073494e-03
2.292666178011420336e-03
2.292507202684054054e-03
2.292348375323540952e-03
2.292189536957772548e-03
2.292030687584461612e-03
2.291871986226226999e-03
2.291713114841986091e-03
2.291554391490284968e-03
2.291395657143929874e-03
2.291236911800635309e-03
2.291078314538112781e-03
2.290919547205106516e-03
2.290760927970341820e-03
2.290602297751539226e-03
2.290443815670483059e-03
2.290285163487780582e-03
2.290126659460296667e-03
2.289968144461688570e-03
2.289809618489676429e-03
2.289651081541981686e-03
2.289492533616324481e-03
2.289334133911619280e-03
2.289175723246433727e-03
2.289017301618491863e-03
2.288858869025517297e-03
2.288700584710498184e-03
2.288542289447932816e-03
2.288383983235548272e-03
2.288225666071071630e-03
2.288067337952231269e-03
2.287909158177101922e-03
2.287750808153734324e-03
2.287592606491573293e-03
2.287434553221402798e-03
2.287276329685165865e-03
2.287118095202976455e-03
2.286960009139026983e-03
2.286801912146626224e-03
2.286643804223506896e-03
2.286485844766915701e-03
2.286327874397109296e-03
2.286169733690280627e-03
2.286011741476236432e-03
2.285853897785766319e-03
2.285695883740465270e-03
2.285538018236247301e-03
2.285380141827270898e-03
2.285222254511277019e-03
2.285064356286003583e-03
2.284906447149189813e-03
2.284748686619282772e-03
2.284590915195353067e-03
2.284433132875144691e-03
2.284275339656397733e-03
2.284117695101632942e-03
2.283959880090059760e-03
2.283802213759992920e-03
2.283644536544400094e-03
2.283487008049875713e-03
2.283329309067488790e-03
2.283171758823697960e-03
2.283014197707403711e-03
2.282856625716355673e-03
2.282699042848300441e-03
2.282541608775943195e-03
2.282384004158142295e-03
2.282226548353576134e-03
2.282069241393047763e-03
2.281911763869313471e-03
2.281754275477112896e-03
2.281596935955263264e-03
2.281439585582491041e-03
2.281282224356550627e-03
2.281125012049311802e-03
2.280967629121319340e-03
2.280810395129576496e-03
2.280653150297724894e-03
2.280495894623521969e-03
2.280338787933928416e-03
2.280181510579318022e-03
2.280024382226870233e-03
2.279867243045143130e-03
2.279710093031897620e-03
2.279553092069184876e-03
2.279395920397205531e-03
2.279238897793318692e-03
2.279081864370997596e-03
2.278924820128006186e-03
2.278767925001486984e-03
2.278610859121465732e-03
2.278453942375483366e-03
2.278297014821926980e-03
2.278140076458561817e-03
2.277983287277626084e-03
2.277826327298966731e-03
2.277669516520309124e-03
2.277512694944951611e-03
2.277355862570664639e-03
2.277199179444778631e-03
2.277042485537538515e-03
2.276885620775125942e-03
2.276728905287480394e-03
2.276572339105429211e-03
2.276415602050505319e-03
2.276259014318757646e-03
2.276102415814332085e-03
2.275945806535005587e-03
2.275789186478552936e-03
2.275632555642749348e-03
2.275476074196129510e-03
2.275319581987749265e-03
2.275163079015388602e-03
2.275006565276825772e-03
2.274850200984666112e-03
2.274693665718057010e-03
2.274537279915448979e-03
2.274380883359795793e-03
2.274224636307776905e-03
2.274068218250401875e-03
2.273911949714260781e-03
2.273755670438243684e-03
2.273599380420135343e-03
2.273443079657720516e-03
2.273286928473784631e-03
2.273130606227132238e-03
2.272974433576568833e-03
2.272818250194880672e-03
2.272662056079855115e-03
2.272506011609375012e-03
2.272349956423170159e-03
2.272193890519032256e-03
2.272037813894753865e-03
2.271881726548124515e-03
2.271725628476933736e-03
2.271569680125175555e-03
2.271413721066478566e-03
2.271257751298636635e-03
2.271101770819444060e-03
2.270945940116965087e-03
2.270790098720760260e-03
2.270634086116324248e-03
2.270478383838363257e-03
2.270322510347765749e-03
2.270166626154629125e-03
2.270010891813130545e-03
2.269855146786727614e-03
2.269699391073220704e-03
2.269543624670409751e-03
2.269388008176542130e-03
2.269232220399544035e-03
2.269076582549129240e-03
2.268920934022652849e-03
2.268765435462436787e-03
2.268609765588266818e-03
2.268454245698000183e-03
2.268298715144923938e-03
2.268143173926845391e-03
2.267987622041570117e-03
2.267832220197527320e-03
2.267676646982297751e-03
2.267521223825953204e-03
2.267365790015677795e-03
2.267210506303975279e-03
2.267055051190287711e-03
2.266899746192827751e-03
2.266744430554714501e-03
2.266589104273760476e-03
2.266433767347776889e-03
2.266278419774575385e-03
2.266123222383790731e-03
2.265968014363451549e-03
2.265812795711374256e-03
2.265657566425372665e-03
2.265502487379153496e-03
2.265347236829771526e-03
2.265192136537841436e-03
2.265037025625289344e-03
2.264881904089934266e-03
2.264726932860576438e-03
2.264571951026087687e-03
2.264416797631277432e-03
2.264261794568975337e-03
2.264106941870057746e-03
2.263951917593263249e-03
2.263797043697530521e-03
2.263642159205634091e-03
2.263487264115398613e-03
2.263332358424648312e-03
2.263177442131206109e-03
2.263022676285072598e-03
2.262867899853935726e-03
2.262713112835621019e-03
2.262558315227957903e-03
2.262403507028770602e-03
2.262248849343154525e-03
2.262094181083708008e-03
2.261939502248262214e-03
2.261784812834647870e-03
2.261630112840693971e-03
2.261475563426585973e-03
2.261321003449837368e-03
2.261166432908281922e-03
2.261011851799753399e-03
2.260857260122083393e-03
2.260702819090550011e-03
2.260548367507579735e-03
2.260393905371010665e-03
2.260239432678677867e-03
2.260084949428418574e-03
2.259930616890598772e-03
2.259776112529014985e-03
2.259621758897583516e-03
2.259467556027196754e-03
2.259313181315546985e-03
2.259158796055036385e-03
2.259004561582146024e-03
2.258850316578114598e-03
2.258696061040783680e-03
2.258541956339685589e-03
2.258387679740304563e-03
2.258233553994878299e-03
2.258079417729563255e-03
2.257925270942204039e-03
2.257771113630645688e-03
2.257617107230530402e-03
2.257462928875132637e-03
2.257308901448907678e-03
2.257154863511906875e-03
2.257000976543846113e-03
2.256846917589861150e-03
2.256693009622549439e-03
2.256539091157895582e-03
2.256385162193751560e-03
2.256231222727968482e-03
2.256077272758396594e-03
2.255923473841882354e-03
2.255769664439320754e-03
2.255615844548567242e-03
2.255462014167475965e-03
2.255308173293899768e-03
2.255154483539779063e-03
2.255000783310920961e-03
2.254847072605183946e-03
2.254693351420424766e-03
2.254539619754500606e-03
2.254386039274442356e-03
2.254232448330971417e-03
2.254078846921949309e-03
2.253925235045236685e-03
2.253771612698692462e-03
2.253618141604438446e-03
2.253464660058111628e-03
2.253311168057576565e-03
2.253157665600696077e-03
2.253004152685333418e-03
2.252850791088698706e-03
2.252697257260982602e-03
2.252543874769761482e-03
2.252390481833554340e-03
2.252237240273645413e-03
2.252083826452084929e-03
2.251930564024593167e-03
2.251777291165620639e-03
2.251624007873037105e-03
2.251470714144711022e-03
2.251317571868036507e-03
2.251164257272855740e-03
2.251011094147104853e-03
2.250857920599130552e-03
2.250704736626805633e-03
2.250551704172618159e-03
2.250398499356229785e-03
2.250245446075762375e-03
2.250092382384475190e-03
2.249939308280243192e-03
2.249786385760647097e-03
2.249633290835173233e-03
2.249480347512124428e-03
2.249327393789672929e-03
2.249174429665698038e-03
2.249021617192870082e-03
2.248868632270504403e-03
2.248715799017079152e-03
2.248562955375685637e-03
2.248410101344203594e-03
2.248257236920514490e-03
2.248104524223400267e-03
2.247951801151878547e-03
2.247798905560902376e-03
2.247646323877153674e-03
2.247493569669719530e-03
2.247340805079414607e-03
2.247188192291132026e-03
2.247035569137786470e-03
2.246882935617267648e-03
2.246730291727461800e-03
2.246577799697330093e-03
2.246425135073633079e-03
2.246272622327424081e-03
2.246120099225519182e-03
2.245967565765808090e-03
2.245815184232344622e-03
2.245662630061714005e-03
2.245510227835149659e-03
2.245357815264381520e-03
2.245205392347303635e-03
2.245052959081808314e-03
2.244900677818062289e-03
2.244748386223722244e-03
2.244596084296686129e-03
2.244443772034850591e-03
2.244291449436110978e-03
2.244139116498362636e-03
2.243986935637883907e-03
2.243834744456229408e-03
2.243682542951297952e-03
2.243530331120989225e-03
2.243378271425651351e-03
2.243226038949306094e-03
2.243073958625770286e-03
2.242921867990496036e-03
2.242769767041384327e-03
2.242617818293878539e-03
2.242465696721821639e-03
2.242313727369213590e-03
2.242161747716418622e-03
2.242009757761342491e-03
2.241857920074517754e-03
2.241705909519616392e-03
2.241554051250814993e-03
2.241402182693393377e-03
2.241250303845261638e-03
2.241098414704327264e-03
2.240946677907230955e-03
2.240794768185436214e-03
2.240643010825337216e-03
2.240491243186109975e-03
2.240339627948469744e-03
2.240187839755741761e-03
2.240036203982458899e-03
2.239884395227877047e-03
2.239732738910604499e-03
2.239581235061609971e-03
2.239429558214041209e-03
2.239278033852612482e-03
2.239126336466405656e-03
2.238974791584209985e-03
2.238823236444012401e-03
2.238671833847732419e-03
2.238520258196305835e-03
2.238368835106667974e-03
2.238217401772738587e-03
2.238065958192437740e-03
2.237914504363685501e-03
2.237763203154508225e-03
2.237611728833635832e-03
2.237460407150217764e-03
2.237309075232070399e-03
2.237157733077117707e-03
2.237006543608479128e-03
2.236855180984705354e-03
2.236703971065130692e-03
2.236552750922483207e-03
2.236401520554691207e-03
2.236250442939962443e-03
2.236099192126678355e-03
2.235948094084347706e-03
2.235796985830616757e-03
2.235645867363415112e-03
2.235494738680670647e-03
2.235343762826702725e-03
2.235192613717683005e-03
2.235041617455337404e-03
2.234890610991207942e-03
2.234739594323226393e-03
2.234588730550805639e-03
2.234437693479937679e-03
2.234286809322533294e-03
2.234135914975047058e-03
2.233985010435413348e-03
2.233834258858135528e-03
2.233683333939034173e-03
2.233532562000196259e-03
2.233381779882992382e-03
2.233230987585360823e-03
2.233080185105238997e-03
2.232929535663239276e-03
2.232778712822972890e-03
2.232628043038743966e-03
2.232477363085819729e-03
2.232326672962139762e-03
2.232176135943411254e-03
2.232025425483064908e-03
2.231874868145591450e-03
2.231724300651167191e-03
2.231573722997736917e-03
2.231423298516097432e-03
2.231272700549510185e-03
2.231122255772637758e-03
2.230971800850576389e-03
2.230821335781273031e-03
2.230670860562674641e-03
2.230520538591685732e-03
2.230370043079359273e-03
2.230219700832575432e-03
2.230069348450326640e-03
2.229918985930561155e-03
2.229768776725277873e-03
2.229618393935352706e-03
2.229468164477847215e-03
2.229317924896666390e-03
2.229167675189764556e-03
2.229017415355092572e-03
2.228867308910760514e-03
2.228717192356601852e-03
2.228566902148385910e-03
2.228416765357425430e-03
2.228266782014732064e-03
2.228116625000829340e-03
2.227966621453141612e-03
2.227816607805400712e-03
2.227666420447271724e-03
2.227516550201600123e-03
2.227366506241457329e-03
2.227216615814445622e-03
2.227066551646849496e-03
2.226916641030343182e-03
2.226766720321539210e-03
2.226616953203819534e-03
2.226467012315326479e-03
2.226317225035878179e-03
2.226167427678019117e-03
2.226017620239715330e-03
2.225867802718931119e-03
2.225717975113630353e-03
2.225568301184322959e-03
2.225418453414905722e-03
2.225268759339452725e-03
2.225119218988982992e-03
2.224969504781289503e-03
2.224819780498917942e-03
2.224670209968490284e-03
2.224520629381360193e-03
2.224371038735498043e-03
2.224221438028874207e-03
2.224071991132181743e-03
2.223922370308968957e-03
2.223772903313667518e-03
2.223623426271528584e-03
2.223473939180526000e-03
2.223324442038633175e-03
2.223175098782656078e-03
2.223025745493773485e-03
2.222876382169962275e-03
2.222727008809200194e-03
2.222577625409463253e-03
2.222428231968727030e-03
2.222278992489906506e-03
2.222129742988079686e-03
2.221980483461225182e-03
2.221831213907324645e-03
2.221681934324354520e-03
2.221532808770322869e-03
2.221383509134177477e-03
2.221234363544969184e-03
2.221085207940653658e-03
2.220936206423311347e-03
2.220787030793750037e-03
2.220638009269163167e-03
2.220488977743439226e-03
2.220339936214564200e-03
2.220190884680524075e-03
2.220041823139302668e-03
2.219892915770107968e-03
2.219743998411740585e-03
2.219594906858936983e-03
2.219446133719447326e-03
2.219297186381498192e-03
2.219148229046330727e-03
2.218999425959262365e-03
2.218850612892992076e-03
2.218701789845511484e-03
2.218552956814812214e-03
2.218404113798885021e-03
2.218255425098139555e-03
2.218106726430186040e-03
2.217958017793020872e-03
2.217809299184638275e-03
2.217660570603032042e-03
2.217511832046195532e-03
2.217363247880650007e-03
2.217214653757901884e-03
2.217066049675950161e-03
2.216917435632791231e-03
2.216768811626422357e-03
2.216620342078455281e-03
2.216471862585310711e-03
2.216323373144989811e-03
2.216174873755492880e-03
2.216026364414819781e-03
2.215878009599668401e-03
2.215729480361665858e-03
2.215581105667225725e-03
2.215432721035652443e-03
2.215284326464948914e-03
2.215136086486906974e-03
2.214987672042974514e-03
2.214839412209748670e-03
2.214691142451446007e-03
2.214542862766073761e-03
2.214394573151637867e-03
2.214246438206039173e-03
2.214098128738516223e-03
2.213949973957881571e-03
2.213801809262249710e-03
2.213653634649630046e-03
2.213505614773014774e-03
2.213357420331467547e-03
2.213209380643981015e-03
2.213061331053583960e-03
2.212913271558288389e-03
2.212765202156105875e-03
2.212617287566138492e-03
2.212469198355240980e-03
2.212321263974621841e-03
2.212173319701205617e-03
2.212025365533008218e-03
2.211877566244222198e-03
2.211729592291527841e-03
2.211581773236312443e-03
2.211433944300416569e-03
2.211286105481857864e-03
2.211138256778653974e-03
2.210990398188822977e-03
2.210842694563688871e-03
2.210694981070002174e-03
2.210547257705784002e-03
2.210399524469055035e-03
2.210251781357836388e-03
2.210104193278541237e-03
2.209956430423426835e-03
2.209808822618318687e-03
2.209661204952845411e-03
2.209513577425032023e-03
2.209366104996386953e-03
2.209218457748986057e-03
2.209070965618839706e-03
2.208923463640489072e-03
2.208775951811961773e-03
2.208628595149854119e-03
2.208481063626075314e-03
2.208333687286806717e-03
2.208186301111508560e-03
2.208038905098210630e-03
2.207891499244944451e-03
2.207744083549737640e-03
2.207596823106314048e-03
2.207449387732337773e-03
2.207302107628245254e-03
2.207154817696374387e-03
2.207007683074523139e-03
2.206860373492214311e-03
2.206713219238026942e-03
2.206565889997413616e-03
2.206418716103028792e-03
2.206271697585960884e-03
2.206124504065556501e-03
2.205977300723685995e-03
2.205830252786296873e-03
2.205683195045552575e-03
2.205536127499492429e-03
2.205389050146154897e-03
2.205242128255556402e-03
2.205095031292800614e-03
2.204948089810899580e-03
2.204801138535916836e-03
2.204654177465893011e-03
2.204507206598869604e-03
2.204360391270975949e-03
2.204213400815100300e-03
2.204066565916476192e-03
2.203919721235060320e-03
2.203772866768897651e-03
2.203626167909208868e-03
2.203479293878706034e-03
2.203332575472804079e-03
2.203185847296373120e-03
2.203039109347461593e-03
2.202892361624115333e-03
2.202745769583664467e-03
2.202599002316615179e-03
2.202452390750593483e-03
2.202305769424369158e-03
2.202159138335991941e-03
2.202012497483512438e-03
2.201866012390370653e-03
2.201719517551263550e-03
2.201572847416824810e-03
2.201426333068931627e-03
2.201279974538690194e-03
2.201133440696259515e-03
2.200986897098129117e-03
2.200840509344869581e-03
2.200694111854058135e-03
2.200547704623750586e-03
2.200401287652003178e-03
2.200255026583456709e-03
2.200108590134019874e-03
2.199962309605934824e-03
2.199816019350676281e-03
2.199669719366303088e-03
2.199523575352545224e-03
2.199377255915141698e-03
2.199231092466508684e-03
2.199084919303037795e-03
2.198938736422791345e-03
2.198792543823831647e-03
2.198646341504220149e-03
2.198500295240813501e-03
2.198354073485106041e-03
2.198208007803768588e-03
2.198061932416069553e-03
2.197916013142941008e-03
2.197769918347735989e-03
2.197623979685266182e-03
2.197477865474817445e-03
2.197331907415275582e-03
2.197185939659806065e-03
2.197040128095451711e-03
2.196894140953353173e-03
2.196748310020541460e-03
2.196602469406113995e-03
2.196456619108141765e-03
2.196310759124696626e-03
2.196164889453848263e-03
2.196019176059763999e-03
2.195873287019344151e-03
2.195727554273869606e-03
2.195581811855317617e-03
2.195436059761762641e-03
2.195290464012465085e-03
2.195144692574144303e-03
2.194999077498267781e-03
2.194853452761723160e-03
2.194707818362587499e-03
2.194562174298937424e-03
2.194416686656144085e-03
2.194271023268717057e-03
2.194125516320338375e-03
2.193979999721793611e-03
2.193834473471162425e-03
2.193689103708905581e-03
2.193543558159362101e-03
2.193398169116388043e-03
2.193252770435685870e-03
2.193107362115339146e-03
2.192961944153430133e-03
2.192816516548040228e-03
2.192671245516757735e-03
2.192525798629676136e-03
2.192380508334908305e-03
2.192235208411031332e-03
2.192089898856132250e-03
2.191944745942893315e-03
2.191799417131226613e-03
2.191654244979429882e-03
2.191509063210992769e-03
2.191363871824004040e-03
2.191218670816552465e-03
2.191073626527430609e-03
2.190928406284339044e-03
2.190783342777793095e-03
2.190638269665179036e-03
2.190493186944588236e-03
2.190348261009902441e-03
2.190203159078653403e-03
2.190058213951528738e-03
2.189913259230832476e-03
2.189768294914659023e-03
2.189623321001103219e-03
2.189478337488258170e-03
2.189333510847132729e-03
2.189188508141014840e-03
2.189043662324844600e-03
2.188898806923804136e-03
2.188753941935990890e-03
2.188609233887508099e-03
2.188464349731461880e-03
2.188319622532978494e-03
2.188174885762151321e-03
2.188030139417080407e-03
2.187885383495866663e-03
2.187740784590719734e-03
2.187596009522541161e-03
2.187451391488667851e-03
2.187306763893093284e-03
2.187162126733918806e-03
2.187017480009249230e-03
2.186872990377404079e-03
2.186728324527071644e-03
2.186583815787809890e-03
2.186439297497505020e-03
2.186294769654263150e-03
2.186150398971496017e-03
2.186005852027719625e-03
2.185861462262665960e-03
2.185717062959138552e-03
2.185572654115247419e-03
2.185428235729100846e-03
2.185283807798807116e-03
2.185139537114904208e-03
2.184995090101664317e-03
2.184850800353073212e-03
2.184706501074812086e-03
2.184562192264992691e-03
2.184418040769246089e-03
2.184273712901667417e-03
2.184129542366422105e-03
2.183985362314106934e-03
2.183841172742835828e-03
2.183696973650722708e-03
2.183552765035882363e-03
2.183408713821076864e-03
2.183264653101811212e-03
2.183120582876202798e-03
2.182976503142370749e-03
2.182832413898432022e-03
2.182688315142503142e-03
2.182544373863454321e-03
2.182400423090688924e-03
2.182256462822328245e-03
2.182112493056492710e-03
2.181968513791301880e-03
2.181824525024875314e-03
2.181680693812195707e-03
2.181536853116560013e-03
2.181393002936092562e-03
2.181249143268916817e-03
2.181105274113155808e-03
2.180961562578878805e-03
2.180817674451338353e-03
2.180673943963568496e-03
2.180530204001747754e-03
2.180386454564003061e-03
2.180242862815494603e-03
2.180099094431301766e-03
2.179955483754633921e-03
2.179811863616587346e-03
2.179668234015291577e-03
2.179524594948875280e-03
2.179380946415467122e-03
2.179237455657353530e-03
2.179093788195371386e-03
2.178950278526982105e-03
2.178806759406160063e-03
2.178663230831036097e-03
2.178519860098990582e-03
2.178376312620683344e-03
2.178232923003755456e-03
2.178089523947094285e-03
2.177946115448836737e-03
2.177802697507117118e-03
2.177659270120069299e-03
2.177516000662202064e-03
2.177372554389925361e-03
2.177229266065139248e-03
2.177085968309607888e-03
2.176942828541911581e-03
2.176799511930323314e-03
2.176656353324881842e-03
2.176513017849792102e-03
2.176369840399164802e-03
2.176226653528662465e-03
2.176083457236426336e-03
2.175940419018166424e-03
2.175797203887906272e-03
2.175654146849941017e-03
2.175511080404846174e-03
2.175368004550764719e-03
2.175224919285840500e-03
2.175081992171892104e-03
2.174938888090735024e-03
2.174795942178878953e-03
2.174652986870795595e-03
2.174510022164631833e-03
2.174367048058533682e-03
2.174224232180429171e-03
2.174081239279924450e-03
2.173938404625743760e-03
2.173795560586257170e-03
2.173652707159612861e-03
2.173509844343960318e-03
2.173367139833337451e-03
2.173224258245139325e-03
2.173081534980307334e-03
2.172938802341106441e-03
2.172796060325689598e-03
2.172653308932207157e-03
2.172510715920808206e-03
2.172367945776676294e-03
2.172225334032970405e-03
2.172082712925850392e-03
2.171940082453472243e-03
2.171797442613990648e-03
2.171654961233662837e-03
2.171512302665461278e-03
2.171369802574762975e-03
2.171227293131623975e-03
2.171084774334201568e-03
2.170942246180653911e-03
2.170799876563349849e-03
2.170657497608272177e-03
2.170514941397344317e-03
2.170372543750189679e-03
2.170230136759745011e-03
2.170087888373466601e-03
2.169945462701946149e-03
2.169803195652950534e-03
2.169660751293000372e-03
2.169518465573938831e-03
2.169376170522597114e-03
2.169234034152543560e-03
2.169091720442155313e-03
2.168949565431418577e-03
2.168807401103096943e-03
2.168665059395885955e-03
2.168523044486368474e-03
2.168380852194295733e-03
2.168238650577304551e-03
2.168096607737108900e-03
2.167954555590367698e-03
2.167812494135250810e-03
2.167670423369929406e-03
2.167528343292571182e-03
2.167386253901345140e-03
2.167244323364077296e-03
2.167102383531319294e-03
2.166960434401245337e-03
2.166818475972027893e-03
2.166676508241839865e-03
2.166534531208851987e-03
2.166392713107000156e-03
2.166250885720732208e-03
2.166109049048224513e-03
2.165967203087653444e-03
2.165825347837193639e-03
2.165683651585865403e-03
2.165541777761176637e-03
2.165400062954008376e-03
2.165258338871694794e-03
2.165116605512414430e-03
2.164974862874344524e-03
2.164833279312615693e-03
2.164691518122524756e-03
2.164549916027169903e-03
2.164408304667780197e-03
2.164266684042537650e-03
2.164125054149622970e-03
2.163983414987216431e-03
2.163841934987581830e-03
2.163700445736855583e-03
2.163558947233223170e-03
2.163417439474869201e-03
2.163275922459977421e-03
2.163134396186730708e-03
2.162993029153501001e-03
2.162851652880322210e-03
2.162710267365383285e-03
2.162568872606871005e-03
2.162427468602972584e-03
2.162286055351873067e-03
2.162144801418052539e-03
2.162003369678135774e-03
2.161862097273912521e-03
2.161720815637279292e-03
2.161579693376788121e-03
2.161438393280926823e-03
2.161297083947225431e-03
2.161155934017293737e-03
2.161014774867942977e-03
2.160873606497365571e-03
2.160732428903753503e-03
2.160591410772786346e-03
2.160450214738706375e-03
2.160309178185693645e-03
2.160168132424457321e-03
2.160027077453195461e-03
2.159886013270102215e-03
2.159744939873373040e-03
2.159604026025813747e-03
2.159462934207421504e-03
2.159322001956630148e-03
2.159181060507027374e-03
2.159040109856811673e-03
2.158899318823880639e-03
2.158758349778056550e-03
2.158617540367950734e-03
2.158476721772065610e-03
2.158335725124834684e-03
2.158195057015766579e-03
2.158054210851754421e-03
2.157913355494768624e-03
2.157772659850854587e-03
2.157631955032408757e-03
2.157491241037635260e-03
2.157350517864738658e-03
2.157209785511923512e-03
2.157069212940321799e-03
2.156928462233303079e-03
2.156787871325945277e-03
2.156647271253526402e-03
2.156506662014254921e-03
2.156366043606336262e-03
2.156225585057014449e-03
2.156084948317445790e-03
2.155944471454927097e-03
2.155803985438630409e-03
2.155663490266768092e-03
2.155522985937548177e-03
2.155382472449181297e-03
2.155242118906041619e-03
2.155101756222211999e-03
2.154961384395906541e-03
2.154821003425338045e-03
2.154680613308720179e-03
2.154540214044263578e-03
2.154399974802450549e-03
2.154259557247979046e-03
2.154119299734617247e-03
2.153979033088311047e-03
2.153838757307276718e-03
2.153698641617088350e-03
2.153558347572266836e-03
2.153418213636758716e-03
2.153278070581425910e-03
2.153137918404486421e-03
2.152997757104159991e-03
2.152857586678664191e-03
2.152717576430697617e-03
2.152577387760541260e-03
2.152437359286391537e-03
2.152297321701988030e-03
2.152157275005553080e-03
2.152017219195308164e-03
2.151877323640063056e-03
2.151737249607883762e-03
2.151597335849186020e-03
2.151457412991605606e-03
2.151317481033366598e-03
2.151177539972692638e-03
2.151037759244505115e-03
2.150897799984657216e-03
2.150758001075781835e-03
2.150618193079410941e-03
2.150478375993771212e-03
2.150338549817089329e-03
2.150198884050393520e-03
2.150059039697331965e-03
2.149919355772748203e-03
2.149779662772072133e-03
2.149639960693534337e-03
2.149500249535364962e-03
2.149360529295792424e-03
2.149220969552973794e-03
2.149081231156309973e-03
2.148941653274898285e-03
2.148802066327047591e-03
2.148662470310989340e-03
2.148523034859970652e-03
2.148383420713219274e-03
2.148243967150008284e-03
2.148104334865497383e-03
2.147964863183035068e-03
2.147825382443807867e-03
2.147686062347172343e-03
2.147546563500143425e-03
2.147407225314213516e-03
2.147267708352329496e-03
2.147128352070056586e-03
2.146988986742477505e-03
2.146849782135056960e-03
2.146710398722602702e-03
2.146571006259557438e-03
2.146431774544446669e-03
2.146292533797262633e-03
2.146153284016248056e-03
2.146014025199643929e-03
2.145874927190042497e-03
2.145735650308006406e-03
2.145596534251492486e-03
2.145457239296991430e-03
2.145318105186538090e-03
2.145179131951429913e-03
2.145039979802051185e-03
2.144900818625065236e-03
2.144761818351213854e-03
2.144622809068283398e-03
2.144483790774522666e-03
2.144344763468178719e-03
2.144205727147497752e-03
2.144066681810726828e-03
2.143927797454716309e-03
2.143788904101148318e-03
2.143650001748273384e-03
2.143511090394342473e-03
2.143372170037605249e-03
2.143233240676311376e-03
2.143094472373416760e-03
2.142955525008781881e-03
2.142816738721086550e-03
2.142677943443877658e-03
2.142539139175407038e-03
2.142400496033722811e-03
2.142261673788511001e-03
2.142123012688627610e-03
2.141984172459687578e-03
2.141845493394624496e-03
2.141706805349861617e-03
2.141568278509559976e-03
2.141429572511187578e-03
2.141291027735822781e-03
2.141152303776867275e-03
2.141013741059471370e-03
2.140875169373955816e-03
2.140736758970586320e-03
2.140598169354626309e-03
2.140459570765322096e-03
2.140321133485999748e-03
2.140182687251890401e-03
2.140044232061255863e-03
2.139905767912357940e-03
2.139767294803457138e-03
2.139628983072970007e-03
2.139490662401039803e-03
2.139352162423748243e-03
2.139213823852710496e-03
2.139075476335022038e-03
2.138937290264188162e-03
2.138798924859014374e-03
2.138660720919258445e-03
2.138522337619658698e-03
2.138384115804046592e-03
2.138245885053415094e-03
2.138107645366029916e-03
2.137969567212525627e-03
2.137831309657457421e-03
2.137693213654842054e-03
2.137555108730582448e-03
2.137416994882949083e-03
2.137278872110212873e-03
2.137140740410642132e-03
2.137002770331997668e-03
2.136864620784592172e-03
2.136726632876691841e-03
2.136588636057079431e-03
2.136450630324027589e-03
2.136312615675809833e-03
2.136174762726295549e-03
2.136036730253585477e-03
2.135898859498162970e-03
2.135760979842706540e-03
2.135623091285492308e-03
2.135485193824795958e-03
2.135347287458892740e-03
2.135209542878781317e-03
2.135071789412051457e-03
2.134933856342229215e-03
2.134796085086083147e-03
2.134658304938153069e-03
2.134520686644529423e-03
2.134382888718890786e-03
2.134245252666150047e-03
2.134107607736780276e-03
2.133969783137185626e-03
2.133832120438383662e-03
2.133694619671711729e-03
2.133556939218640355e-03
2.133419420716296550e-03
2.133281722502084529e-03
2.133144186257201948e-03
2.133006641143984916e-03
2.132869087160716055e-03
2.132731695196718458e-03
2.132594123479221882e-03
2.132456713799600612e-03
2.132319124341015490e-03
2.132181696938916220e-03
2.132044260678515706e-03
2.131906986515246048e-03
2.131769532544125489e-03
2.131632240688745468e-03
2.131494769000056178e-03
2.131357459445722309e-03
2.131220141044853390e-03
2.131082813795738985e-03
2.130945648730939602e-03
2.130808303791227078e-03
2.130671121054445328e-03
2.130533758417295972e-03
2.130396558001699647e-03
2.130259519839000203e-03
2.130122301759795021e-03
2.129985074840715694e-03
2.129848010202466634e-03
2.129710765609538810e-03
2.129573683316068281e-03
2.129436592197937999e-03
2.129299663419924760e-03
2.129162554658381706e-03
2.129025437067064066e-03
2.128888481843810299e-03
2.128751517809413744e-03
2.128614544962173505e-03
2.128477563300388686e-03
2.128340572822356655e-03
2.128203744781001147e-03
2.128066736676394004e-03
2.127929891027097349e-03
2.127793036576788692e-03
2.127656173323770605e-03
2.127519301266343060e-03
2.127382420402806895e-03
2.127245702063215987e-03
2.127108803593390132e-03
2.126972067666150438e-03
2.126835322948050343e-03
2.126698569437393289e-03
2.126561978519321463e-03
2.126425207429485410e-03
2.126288598950877660e-03
2.126151810275081142e-03
2.126015184229162070e-03
2.125878549402556317e-03
2.125741905793568625e-03
2.125605424864471325e-03
2.125468763696664216e-03
2.125332265227397946e-03
2.125195757991018338e-03
2.125059241985835772e-03
2.124922717210160628e-03
2.124786183662301549e-03
2.124649641340567614e-03
2.124513261795378527e-03
2.124376873494972402e-03
2.124240476437663089e-03
2.124104070621763568e-03
2.123967656045585954e-03
2.123831232707442795e-03
2.123694972223857599e-03
2.123558531367742992e-03
2.123422253384851539e-03
2.123285966655286561e-03
2.123149671177364511e-03
2.123013366949399669e-03
2.122877225654027158e-03
2.122740903931945484e-03
2.122604745161126103e-03
2.122468577655565927e-03
2.122332401413585742e-03
2.122196216433502002e-03
2.122060022713632890e-03
2.121923992013742370e-03
2.121787780820280807e-03
2.121651732665473435e-03
2.121515675786195265e-03
2.121379610180768819e-03
2.121243707664044638e-03
2.121107624612305568e-03
2.120971532829380585e-03
2.120835604163180590e-03
2.120699666784478087e-03
2.120563720691596900e-03
2.120427765882861287e-03
2.120291802356594202e-03
2.120156002015796595e-03
2.120020021060461338e-03
2.119884203309282435e-03
2.119748376855909618e-03
2.119612541698669746e-03
2.119476697835889680e-03
2.119341017236678511e-03
2.119205155968820198e-03
2.119069457983221126e-03
2.118933751307428524e-03
2.118798035939774022e-03
2.118662311878585780e-03
2.118526579122194126e-03
2.118391009716831357e-03
2.118255259576042396e-03
2.118119672804980470e-03
2.117984077354074374e-03
2.117848473221656171e-03
2.117712860406058793e-03
2.117577238905613436e-03
2.117441780843683837e-03
2.117306141979563312e-03
2.117170666572662768e-03
2.117035182496285629e-03
2.116899689748768295e-03
2.116764360508561951e-03
2.116628850424790657e-03
2.116493331664884032e-03
2.116357976440354054e-03
2.116222612558399906e-03
2.116087240017360156e-03
2.115951858815572940e-03
2.115816468951375526e-03
2.115681242691369070e-03
2.115545835508388095e-03
2.115410591948313143e-03
2.115275339741221929e-03
2.115140078885455622e-03
2.115004809379354526e-03
2.114869703555627076e-03
2.114734416754901914e-03
2.114599293655269364e-03
2.114464161920705070e-03
2.114329021549554970e-03
2.114193872540161973e-03
2.114058714890869415e-03
2.113923548600020203e-03
2.113788546088470142e-03
2.113653534954088899e-03
2.113518515195223716e-03
2.113383486810221402e-03
2.113248449797429200e-03
2.113113404155192183e-03
2.112978349881856292e-03
2.112843459475405306e-03
2.112708560456586990e-03
2.112573652823752056e-03
2.112438736575249915e-03
2.112303811709429543e-03
2.112168878224639484e-03
2.112034108684970359e-03
2.111899157968311156e-03
2.111764371215512671e-03
2.111629575859183539e-03
2.111494771897676637e-03
2.111360131950171769e-03
2.111225310784386935e-03
2.111090653651343484e-03
2.110955815274692671e-03
2.110821140949528229e-03
2.110686458031341660e-03
2.110551766518489747e-03
2.110417239107276795e-03
2.110282530411178737e-03
2.110147985835465496e-03
2.110013259949542353e-03
2.109878698202756822e-03
2.109744127873478502e-03
2.109609548960065042e-03
2.109475134235953495e-03
2.109340538160364709e-03
2.109206106292830195e-03
2.109071665856630806e-03
2.108937216850129397e-03
2.108802759271685354e-03
2.108668293119658928e-03
2.108533818392410806e-03
2.108399507951522374e-03
2.108265188954171112e-03
2.108130688513468187e-03
2.107996352387264769e-03
2.107862007699687085e-03
2.107727827367408737e-03
2.107593465563195687e-03
2.107459268133043441e-03
2.107324889205650347e-03
2.107190674671086464e-03
2.107056451587372477e-03
2.106922392937288831e-03
2.106788152761396044e-03
2.106653904031451693e-03
2.106519819763293545e-03
2.106385726959855709e-03
2.106251625619508412e-03
2.106117515740620581e-03
2.105983397321561142e-03
2.105849270360698154e-03
2.105715307939975793e-03
2.105581163901636219e-03
2.105447184422214353e-03
2.105313196416507340e-03
2.105179199882887143e-03
2.105045194819724422e-03
2.104911354375074966e-03
2.104777332258966818e-03
2.104643474780152484e-03
2.104509608787323571e-03
2.104375734278855943e-03
2.104241851253124164e-03
2.104107959708501931e-03
2.103974232870168670e-03
2.103840324293912521e-03
2.103706580442732399e-03
2.103572828088201476e-03
2.103439067228697786e-03
2.103305297862598060e-03
2.103171519988279899e-03
2.103037906908049835e-03
2.102904112023449169e-03
2.102770481951729727e-03
2.102636843387342778e-03
2.102503196328668524e-03
2.102369540774087168e-03
2.102235876721978477e-03
2.102102377551779561e-03
2.101968696510778806e-03
2.101835180370487458e-03
2.101701655748231413e-03
2.101568122642394343e-03
2.101434581051357317e-03
2.101301204420668624e-03
2.101167645865405567e-03
2.101034252289293077e-03
2.100900850243553244e-03
2.100767439726573208e-03
2.100634020736739244e-03
2.100500593272436323e-03
2.100367157332049418e-03
2.100233886449271586e-03
2.100100607109218510e-03
2.099967145752943895e-03
2.099833849482492763e-03
2.099700718329304810e-03
2.099567405144044715e-03
2.099434083493452452e-03
2.099300926988346017e-03
2.099167588413279779e-03
2.099034415002517650e-03
2.098901233142021552e-03
2.098768042830182097e-03
2.098635017732909495e-03
2.098501810524581058e-03
2.098368768549636887e-03
2.098235544438387546e-03
2.098102485579346390e-03
2.097969418281354741e-03
2.097836342542807545e-03
2.097703432106740387e-03
2.097570339493284603e-03
2.097437412201133642e-03
2.097304476484042248e-03
2.097171358551698853e-03
2.097038579768629660e-03
2.096905618767102696e-03
2.096772649334224196e-03
2.096639671468389539e-03
2.096506859011801512e-03
2.096374038141090787e-03
2.096241208854657517e-03
2.096108371150903153e-03
2.095975525028225244e-03
2.095842670485024376e-03
2.095709981429608876e-03
2.095577110051583241e-03
2.095444404180182504e-03
2.095311689903899075e-03
2.095178967221135707e-03
2.095046236130295586e-03
2.094913670605796484e-03
2.094780922705031818e-03
2.094648340389449869e-03
2.094515749681441410e-03
2.094383150579411795e-03
2.094250543081766815e-03
2.094117927186911823e-03
2.093985302893250876e-03
2.093852844263347814e-03
2.093720203178314754e-03
2.093587727775890819e-03
2.093455243990324614e-03
2.093322751820024530e-03
2.093190425382643587e-03
2.093057916449122917e-03
2.092925399126093541e-03
2.092793047564265804e-03
2.092660687631785806e-03
2.092528319327064974e-03
2.092395942648513432e-03
2.092263557594542609e-03
2.092131338370949861e-03
2.091998936572395454e-03
2.091866700623078168e-03
2.091734456314026536e-03
2.091602203643653287e-03
2.091469942610372883e-03
2.091337673212598919e-03
2.091205395448743690e-03
2.091073283612754526e-03
2.090941163429549214e-03
2.090808860579983133e-03
2.090676723686581227e-03
2.090544752780811814e-03
2.090412599192914295e-03
2.090280437249883785e-03
2.090148441322791251e-03
2.090016262675767952e-03
2.089884250063555986e-03
2.089752229111921118e-03
2.089620199819281279e-03
2.089488336611797920e-03
2.089356290643429141e-03
2.089224410779090199e-03
2.089092348128671582e-03
2.088960451601163098e-03
2.088828546745209042e-03
2.088696633559232983e-03
2.088564886546520442e-03
2.088432956706786151e-03
2.088301193059194805e-03
2.088169246559393524e-03
2.088037466270620257e-03
2.087905677664400432e-03
2.087773880739158920e-03
2.087642075493319725e-03
2.087510436518318774e-03
2.087378614637581693e-03
2.087246959046570524e-03
2.087115295150702120e-03
2.086983622948405254e-03
2.086851942438106532e-03
2.086720253618233427e-03
2.086588731157347672e-03
2.086457025724631955e-03
2.086325486669796895e-03
2.086193939321138741e-03
2.086062383677088870e-03
2.085930819736077357e-03
2.085799247496534711e-03
2.085667841704147603e-03
2.085536252873855349e-03
2.085404830509617578e-03
2.085273399862610805e-03
2.085141960931269009e-03
2.085010513714025300e-03
2.084879058209312356e-03
2.084747594415562854e-03
2.084616297166613005e-03
2.084484991647530747e-03
2.084353677856752227e-03
2.084222180924264010e-03
2.084091025453854457e-03
2.083959686838607068e-03
2.083828339945406703e-03
2.083697159685215378e-03
2.083565796242441669e-03
2.083434599451588955e-03
2.083303394398570551e-03
2.083172181081826072e-03
2.083041134467405412e-03
2.082909904629544860e-03
2.082778841512920084e-03
2.082647595147702358e-03
2.082516515522638001e-03
2.082385427646523627e-03
2.082254331517799286e-03
2.082123227134907630e-03
2.081992289552044625e-03
2.081861168667163524e-03
2.081730214601231702e-03
2.081599252296938065e-03
2.081468281752728734e-03
2.081337302967046360e-03
2.081206315938336198e-03
2.081075320665041334e-03
2.080944492289505104e-03
2.080813655688310004e-03
2.080682635693976556e-03
2.080551782625790491e-03
2.080420921327286524e-03
2.080290226995896302e-03
2.080159349243119928e-03
2.080028463255366618e-03
2.079897744263127079e-03
2.079767017054843809e-03
2.079636281628969435e-03
2.079505537983952681e-03
2.079374786118243137e-03
2.079244026030289960e-03
2.079113433016691135e-03
2.078982656490624067e-03
2.078852047057850195e-03
2.078721429418673751e-03
2.078590803571548230e-03
2.078460169514926258e-03
2.078329702611511794e-03
2.078199052142276366e-03
2.078068568845189892e-03
2.077937901957153683e-03
2.077807402260213512e-03
2.077676894366536648e-03
2.077546553704936062e-03
2.077416029424172632e-03
2.077285496942039497e-03
2.077155131720405650e-03
2.077024758316350916e-03
2.076894201242888375e-03
2.076763811458350734e-03
2.076633588994248377e-03
2.076503182845095778e-03
2.076372768505812313e-03
2.076242521515396251e-03
2.076112266353804213e-03
2.075981827456928244e-03
2.075851555937352662e-03
2.075721451826589587e-03
2.075591163964908385e-03
2.075460867924356408e-03
2.075330739321055561e-03
2.075200426929167501e-03
2.075070281993493266e-03
2.074940128894835287e-03
2.074809967631655733e-03
2.074679973875168722e-03
2.074549796289360589e-03
2.074419786229205961e-03
2.074289592314627461e-03
2.074159565944669499e-03
2.074029531423016506e-03
2.073899488748134554e-03
2.073769437918490579e-03
2.073639554693440003e-03
2.073509487560692630e-03
2.073379588051508290e-03
2.073249504609524837e-03
2.073119588810080124e-03
2.072989664868715980e-03
2.072859908610899873e-03
2.072729968392126188e-03
2.072600020026840826e-03
2.072470239373568578e-03
2.072340450592762093e-03
2.072210653682894383e-03
2.072080848642437589e-03
2.071951035469863853e-03
2.071821214163644016e-03
2.071691560648407111e-03
2.071561723081334801e-03
2.071432053324226766e-03
2.071302375449402596e-03
2.071172689455337036e-03
2.071042995340504397e-03
2.070913293103379422e-03
2.070783582742435989e-03
2.070654040270453536e-03
2.070524489693639607e-03
2.070394931010472849e-03
2.070265364219431477e-03
2.070135789318992836e-03
2.070006206307634274e-03
2.069876615183832268e-03
2.069747192037489462e-03
2.069617584695256779e-03
2.069488145349477649e-03
2.069358697907207594e-03
2.069229242366927429e-03
2.069099778727116236e-03
2.068970483143786534e-03
2.068841003311378164e-03
2.068711691554446942e-03
2.068582371713946315e-03
2.068452867586759517e-03
2.068323531563551372e-03
2.068194363675859588e-03
2.068065011485912489e-03
2.067935651204809606e-03
2.067806459087728928e-03
2.067677258898497662e-03
2.067548050635601830e-03
2.067418834297528318e-03
2.067289609882761846e-03
2.067160377389788868e-03
2.067031136817093669e-03
2.066902064496980041e-03
2.066772984116153292e-03
2.066643719317255885e-03
2.066514622799455001e-03
2.066385518216405995e-03
2.066256581955502273e-03
2.066127461248445756e-03
2.065998508882544923e-03
2.065869372045437118e-03
2.065740403568502772e-03
2.065611427039294734e-03
2.065482442456305096e-03
2.065353449818024215e-03
2.065224449122943316e-03
2.065095616857620404e-03
2.064966600055435572e-03
2.064837751702030405e-03
2.064708895307831513e-03
2.064580030871333589e-03
2.064451158391030026e-03
2.064322277865415084e-03
2.064193565858174744e-03
2.064064669248440956e-03
2.063935941176107784e-03
2.063807205074479935e-03
2.063678460942053837e-03
2.063549708777327654e-03
2.063420948578797813e-03
2.063292356987272199e-03
2.063163580727645895e-03
2.063034973094055469e-03
2.062906357442688063e-03
2.062777733772043574e-03
2.062649102080622333e-03
2.062520462366922939e-03
2.062391814629444854e-03
2.062263335597140299e-03
2.062134671818625659e-03
2.062006176764323139e-03
2.061877673702280315e-03
2.061749162631001421e-03
2.061620643548988090e-03
2.061492116454742389e-03
2.061363758154343643e-03
2.061235215042162266e-03
2.061106840742869904e-03
2.060978458447395266e-03
2.060850068154243455e-03
2.060721669861919139e-03
2.060593263568927854e-03
2.060464849273772967e-03
2.060336603870682910e-03
2.060208173577739860e-03
2.060079912195911071e-03
2.059951642827981353e-03
2.059823365472458843e-03
2.059695080127850811e-03
2.059566963754492098e-03
2.059438662438259002e-03
2.059310530112326391e-03
2.059182212818501216e-03
2.059054064534033331e-03
2.058925908273571449e-03
2.058797744035624575e-03
2.058669748857655524e-03
2.058541568671292885e-03
2.058413557563963572e-03
2.058285361423230729e-03
2.058157334380591921e-03
2.058029299373575257e-03
2.057901256400693647e-03
2.057773205460460865e-03
2.057645323678481460e-03
2.057517256810107494e-03
2.057389359119049781e-03
2.057261276316588866e-03
2.057133362710513586e-03
2.057005441150209449e-03
2.056877511634193703e-03
2.056749751365201471e-03
2.056621805944331034e-03
2.056494029789550891e-03
2.056366068457892143e-03
2.056238276411397406e-03
2.056110476422329421e-03
2.055982668489207167e-03
2.055854852610550058e-03
2.055727206077238422e-03
2.055599374314088373e-03
2.055471711915358816e-03
2.055344041587208251e-03
2.055216363328158692e-03
2.055088677136732590e-03
2.054960983011451092e-03
2.054833280950834912e-03
2.054705570953404333e-03
2.054578030409206883e-03
2.054450481947276991e-03
2.054322925566139709e-03
2.054195361264318353e-03
2.054067789040339275e-03
2.053940208892724925e-03
2.053812620819998620e-03
2.053685202289331959e-03
2.053557598372978462e-03
2.053430164017773073e-03
2.053302721753594729e-03
2.053175271578971083e-03
2.053047813492429353e-03
2.052920525027246250e-03
2.052793051123470280e-03
2.052665746860142700e-03
2.052538257133242235e-03
2.052410937065885996e-03
2.052283609099817257e-03
2.052156273233564105e-03
2.052028929465657663e-03
2.051901755417522878e-03
2.051774395852920020e-03
2.051647206027185089e-03
2.051520008315954515e-03
2.051392802717762458e-03
2.051265589231139608e-03
2.051138367854620122e-03
2.051011138586735123e-03
2.050884079137052594e-03
2.050756834093056709e-03
2.050629758886366068e-03
2.050502675804481006e-03
2.050375584845936551e-03
2.050248486009267727e-03
2.050121379293009995e-03
2.049994264695697514e-03
2.049867320015047369e-03
2.049740367472449153e-03
2.049613229245233082e-03
2.049486260963339582e-03
2.049359284815112630e-03
2.049232300799088986e-03
2.049105486779093880e-03
2.048978487034113904e-03
2.048851657304272614e-03
2.048724641824489420e-03
2.048597796378962433e-03
2.048470943078909822e-03
2.048344081922872685e-03
2.048217390851799890e-03
2.048090513990437258e-03
2.047963629268711224e-03
2.047836914660630149e-03
2.047710192211306662e-03
2.047583461919284895e-03
2.047456723783108549e-03
2.047329977801321324e-03
2.047203223972465184e-03
2.047076640336651862e-03
2.046949870820311858e-03
2.046823271516138264e-03
2.046696664381110649e-03
2.046570049413774881e-03
2.046443426612677696e-03
2.046316795976364528e-03
2.046190157503380812e-03
2.046063689321983483e-03
2.045937035182320875e-03
2.045810551353375185e-03
2.045684059703984682e-03
2.045557560232699138e-03
2.045431052938066589e-03
2.045304537818635939e-03
2.045178193079791231e-03
2.045051662317433089e-03
2.044925301954795323e-03
2.044798933783595167e-03
2.044672557802384126e-03
2.044546174009713706e-03
2.044419782404135414e-03
2.044293382984200755e-03
2.044167154043436806e-03
2.044040739001465930e-03
2.043914494457807571e-03
2.043788242116038965e-03
2.043661981974715519e-03
2.043535714032391776e-03
2.043409438287621411e-03
2.043283154738957663e-03
2.043157041768077151e-03
2.043030921012448965e-03
2.042904614065480223e-03
2.042778477725013062e-03
2.042652333595469227e-03
2.042526181675405426e-03
2.042400200412603818e-03
2.042274032918192650e-03
2.042148036100191986e-03
2.042021853025664194e-03
2.041895840646700856e-03
2.041769820490603547e-03
2.041643792555931144e-03
2.041517756841242526e-03
2.041391891882465490e-03
2.041265840614446981e-03
2.041139960121494869e-03
2.041013893294386754e-03
2.040887997261506357e-03
2.040762093462012219e-03
2.040636181894466689e-03
2.040510441171923799e-03
2.040384514074984959e-03
2.040258579205680902e-03
2.040132815210126457e-03
2.040007043461372020e-03
2.039881263957983408e-03
2.039755476698526439e-03
2.039629681681565630e-03
2.039503878905665497e-03
2.039378247083043806e-03
2.039252428795983608e-03
2.039126781481369680e-03
2.039001126424117624e-03
2.038875463622796293e-03
2.038749793075973239e-03
2.038624114782216449e-03
2.038498428740092606e-03
2.038372913749963381e-03
2.038247212217832692e-03
2.038121681756871386e-03
2.037996143563855934e-03
2.037870597637356923e-03
2.037745043975945809e-03
2.037619482578192313e-03
2.037493913442665720e-03
2.037368515457878542e-03
2.037243109754495636e-03
2.037117517419124654e-03
2.036992096263260006e-03
2.036866667384519634e-03
2.036741230781477594e-03
2.036615965408750204e-03
2.036490513363847701e-03
2.036365232568439817e-03
2.036239765075971344e-03
2.036114468852184833e-03
2.035989164917579360e-03
2.035863853270732018e-03
2.035738533910217730e-03
2.035613206834611857e-03
2.035488051097696614e-03
2.035362708598658244e-03
2.035237537457501751e-03
2.035112358617598236e-03
2.034987172077527828e-03
2.034861977835868054e-03
2.034736775891198609e-03
2.034611745374423179e-03
2.034486528030492007e-03
2.034361482133648265e-03
2.034236249384771544e-03
2.034111188102181306e-03
2.033986119130097928e-03
2.033861042467101105e-03
2.033736137321223800e-03
2.033611045283167679e-03
2.033485945549943271e-03
2.033361017362640428e-03
2.033236081499371819e-03
2.033111137958721476e-03
2.032986186739273865e-03
2.032861227839613451e-03
2.032736261258323400e-03
2.032611286993987309e-03
2.032486484364823872e-03
2.032361674071818652e-03
2.032236676771899137e-03
2.032111851135959962e-03
2.031987017831941508e-03
2.031862356233146011e-03
2.031737507599748731e-03
2.031612651294031641e-03
2.031487966722355168e-03
2.031363095078783394e-03
2.031238395188467334e-03
2.031113687642221999e-03
2.030988972438637057e-03
2.030864249576302179e-03
2.030739698527686803e-03
2.030614960354642628e-03
2.030490394014532619e-03
2.030365820032069279e-03
2.030241058887900102e-03
2.030116469605491858e-03
2.029991872676506666e-03
2.029867447650539770e-03
2.029742835435198629e-03
2.029618215569057357e-03
2.029493767634768953e-03
2.029369312068902888e-03
2.029244848870056205e-03
2.029120378036823342e-03
2.028995899567800042e-03
2.028871413461579877e-03
2.028746919716757722e-03
2.028622597993110215e-03
2.028498088977892001e-03
2.028373752003078279e-03
2.028249407406083026e-03
2.028125055185505884e-03
2.028000695339943465e-03
2.027876327867993676e-03
2.027752132506559397e-03
2.027627749788649732e-03
2.027503539200488456e-03
2.027379321002368943e-03
2.027255095192894308e-03
2.027130861770663327e-03
2.027006620734277380e-03
2.026882372082336545e-03
2.026758115813438732e-03
2.026634031763654021e-03
2.026509940116150849e-03
2.026385661010037410e-03
2.026261554151894198e-03
2.026137439691841867e-03
2.026013317628483097e-03
2.025889367863994376e-03
2.025765230600855369e-03
2.025641265655826230e-03
2.025517113187321177e-03
2.025393133056173182e-03
2.025269145335380130e-03
2.025145150023549036e-03
2.025021147119284749e-03
2.024897316612905059e-03
2.024773298530614836e-03
2.024649452865454665e-03
2.024525419599563537e-03
2.024401558770054857e-03
2.024277690361791279e-03
2.024153814373381120e-03
2.024029930803433134e-03
2.023906039650553903e-03
2.023782321004230153e-03
2.023658414692338856e-03
2.023534680906257602e-03
2.023410939553720207e-03
2.023287190633338891e-03
2.023163434143724140e-03
2.023039670083488176e-03
2.022916078619236158e-03
2.022792299424611660e-03
2.022668692845228707e-03
2.022544898510662392e-03
2.022421276810601725e-03
2.022297647553629799e-03
2.022174010738359701e-03
2.022050366363405387e-03
2.021926894683519389e-03
2.021803235196060946e-03
2.021679748422934055e-03
2.021556073817428606e-03
2.021432571945523584e-03
2.021309062527661213e-03
2.021185545562458052e-03
2.021062021048529792e-03
2.020938669328776766e-03
2.020815129724271714e-03
2.020691762933209904e-03
2.020568208232595593e-03
2.020444826364699471e-03
2.020321436961820729e-03
2.020198040022580261e-03
2.020074815967000306e-03
2.019951403961914131e-03
2.019827984416322844e-03
2.019704737783308609e-03
2.019581483629066376e-03
2.019458041475726516e-03
2.019334772263879380e-03
2.019211495526669967e-03
2.019088391772269186e-03
2.018965099991221635e-03
2.018841800680677527e-03
2.018718674381865530e-03
2.018595540572839728e-03
2.018472399252224051e-03
2.018349250418645033e-03
2.018226094070726603e-03
2.018102930207093561e-03
2.017979758826370269e-03
2.017856760546904698e-03
2.017733574138896868e-03
2.017610560851435149e-03
2.017487540063422034e-03
2.017364511773485792e-03
2.017241475980252521e-03
2.017118432682350922e-03
2.016995381878406227e-03
2.016872504274916378e-03
2.016749438465792726e-03
2.016626545876415780e-03
2.016503645797547168e-03
2.016380738227816459e-03
2.016257823165854089e-03
2.016134900610290059e-03
2.016011970559752637e-03
2.015889213808886703e-03
2.015766268775317539e-03
2.015643497060717795e-03
2.015520717867706063e-03
2.015397931194916250e-03
2.015275137040980092e-03
2.015152335404531061e-03
2.015029707157333337e-03
2.014906890562777938e-03
2.014784247376775247e-03
2.014661415818646065e-03
2.014538757688376196e-03
2.014416092089431776e-03
2.014293419020448880e-03
2.014170738480063581e-03
2.014048231428184395e-03
2.013925535951920608e-03
2.013802833000158301e-03
2.013680303565870688e-03
2.013557766675395932e-03
2.013435222327374010e-03
2.013312670520441862e-03
2.013190111253238598e-03
2.013067544524400725e-03
2.012945151393005696e-03
2.012822569747836632e-03
2.012700161719423956e-03
2.012577746245969735e-03
2.012455323326115247e-03
2.012332892958501335e-03
2.012210455141768412e-03
2.012088009874556885e-03
2.011965738304085944e-03
2.011843278142862179e-03
2.011720991697698181e-03
2.011598697818657751e-03
2.011476396504386505e-03
2.011354087753527021e-03
2.011231771564723179e-03
2.011109447936617559e-03
2.010987116867851872e-03
2.010864959604812940e-03
2.010742794920438760e-03
2.010620441543606654e-03
2.010498262001486798e-03
2.010376075033969406e-03
2.010253880639701392e-03
2.010131860131172520e-03
2.010009650890362976e-03
2.009887434218739655e-03
2.009765391461853980e-03
2.009643341293486721e-03
2.009521283712286960e-03
2.009399218716905085e-03
2.009277146305988877e-03
2.009155066478186986e-03
2.009032979232147197e-03
2.008911065990544569e-03
2.008788963914999535e-03
2.008667035863227757e-03
2.008545100409854945e-03
2.008423157553533220e-03
2.008301207292913400e-03
2.008179249626646304e-03
2.008057466054532364e-03
2.007935493583949509e-03
2.007813695226857206e-03
2.007691707946565336e-03
2.007569894799108787e-03
2.007448074259957776e-03
2.007326246327767027e-03
2.007204411001188658e-03
2.007082749868170472e-03
2.006960899759805197e-03
2.006839223864341840e-03
2.006717358968806379e-03
2.006595668305523241e-03
2.006473970261821345e-03
2.006352264836358448e-03
2.006230552027790139e-03
2.006109013512206822e-03
2.005987285944421227e-03
2.005865732688968863e-03
2.005743990356596146e-03
2.005622422355909668e-03
2.005500846986102252e-03
2.005379264245833390e-03
2.005257674133763008e-03
2.005136076648548864e-03
2.005014653565445094e-03
2.004893041340945637e-03
2.004771603537913033e-03
2.004650158378413864e-03
2.004528705861112394e-03
2.004407245984670717e-03
2.004285778747750494e-03
2.004164304149014687e-03
2.004042822187123655e-03
2.003921514736491799e-03
2.003800018055300336e-03
2.003678695904732333e-03
2.003557366407698447e-03
2.003436029562865543e-03
2.003314685368897015e-03
2.003193333824458862e-03
2.003072156881087820e-03
2.002950790642725638e-03
2.002829599024795720e-03
2.002708218087170464e-03
2.002587011789349128e-03
2.002465798155089044e-03
2.002344577183058812e-03
2.002223348871925296e-03
2.002102295261371737e-03
2.001981052279055984e-03
2.001859801953638843e-03
2.001738726357864782e-03
2.001617643438364028e-03
2.001496553193807780e-03
2.001375455622866808e-03
2.001254350724210578e-03
2.001133238496508992e-03
2.001012301078609022e-03
2.000891174199849291e-03
2.000770222150268906e-03
2.000649080615134103e-03
2.000528113928560277e-03
2.000407139927006667e-03
2.000286158609145340e-03
2.000165352190951245e-03
2.000044356247514862e-03
1.999923352983788271e-03
1.999802524648806781e-03
1.999681689012920184e-03
1.999560846074804020e-03
1.999439995833135562e-03
1.999319138286589480e-03
1.999198273433841749e-03
1.999077401273567037e-03
1.998956704131917353e-03
1.998835817363637732e-03
1.998715105633372575e-03
1.998594386612321822e-03
1.998473477927617363e-03
1.998352926692582160e-03
1.998232185791248231e-03
1.998111437593842570e-03
1.997990682099041581e-03
1.997870101732165775e-03
1.997749331649633156e-03
1.997628736714422096e-03
1.997508134498570537e-03
1.997387525000759220e-03
1.997266908219670623e-03
1.997146284153983320e-03
1.997025835306144061e-03
1.996905196678326177e-03
1.996784733287753147e-03
1.996664262629344478e-03
1.996543602153953798e-03
1.996423116944909260e-03
1.996302624464077816e-03
1.996182307291031587e-03
1.996061800273700535e-03
1.995941285980633913e-03
1.995820947024458131e-03
1.995700418186995007e-03
1.995580064705830374e-03
1.995459703965706683e-03
1.995339335965310313e-03
1.995218960703327212e-03
1.995098760858490632e-03
1.994978371080414342e-03
1.994857974036809162e-03
1.994737752439468704e-03
1.994617523596010477e-03
1.994497287505124766e-03
1.994377044165500552e-03
1.994256793575826820e-03
1.994136535734792118e-03
1.994016270641084127e-03
1.993896181083617495e-03
1.993775901491652743e-03
1.993655797455345675e-03
1.993535686183161779e-03
1.993415567673792205e-03
1.993295441925929407e-03
1.993175308938264102e-03
1.993055168709487440e-03
1.992935204116656669e-03
1.992815049412754048e-03
1.992695070364218415e-03
1.992574901179956608e-03
1.992454907670487656e-03
1.992334906934099988e-03
1.992214898969488224e-03
1.992095066730838020e-03
1.991975044316880890e-03
1.991855197648307284e-03
1.991735160779784571e-03
1.991615299676072551e-03
1.991495431358342085e-03
1.991375555825290397e-03
1.991255673075615143e-03
1.991135783108012678e-03
1.991015885921178490e-03
1.990896164579477028e-03
1.990776252961293496e-03
1.990656517207673760e-03
1.990536591152928907e-03
1.990416840982183692e-03
1.990297083606433655e-03
1.990177319024375151e-03
1.990057730377504507e-03
1.989937951389952712e-03
1.989818348357019415e-03
1.989698554958774061e-03
1.989578937534584781e-03
1.989459312918326946e-03
1.989339681108703416e-03
1.989220042104415751e-03
1.989100395904165510e-03
1.988980742506654686e-03
1.988861265163555363e-03
1.988741597378652654e-03
1.988622105667602492e-03
1.988502606776139381e-03
1.988382917405930213e-03
1.988263404138740798e-03
1.988144067006329153e-03
1.988024539380266707e-03
1.987905004567314723e-03
1.987785645918309450e-03
1.987666096738716342e-03
1.987546723742518364e-03
1.987427343576291059e-03
1.987307956238742492e-03
1.987188561728579425e-03
1.987069160044510358e-03
1.986949751185240320e-03
1.986830518589751630e-03
1.986711095387227143e-03
1.986591848467935458e-03
1.986472594390312988e-03
1.986353333153070833e-03
1.986234064754919225e-03
1.986114789194567097e-03
1.985995506470725550e-03
1.985876216582103081e-03
1.985757103066842708e-03
1.985637798855811962e-03
1.985518671037602139e-03
1.985399536071492423e-03
1.985280393956196515e-03
1.985161244690426385e-03
1.985042088272894866e-03
1.984922924702313927e-03
1.984803937604971355e-03
1.984684759735452515e-03
1.984565758358634770e-03
1.984446749845657741e-03
1.984327550523594299e-03
1.984208527723429517e-03
1.984089681476931388e-03
1.983970644406474627e-03
1.983851600193435767e-03
1.983732732563261558e-03
1.983613674072226378e-03
1.983494792183525517e-03
1.983375903169144402e-03
1.983257007027800639e-03
1.983138103758213134e-03
1.983019193359099059e-03
1.982900275829176020e-03
1.982781351167161189e-03
1.982662603197670684e-03
1.982543664278649687e-03
1.982424902071628324e-03
1.982306132749428722e-03
1.982187356310771958e-03
1.982068572754377804e-03
1.981949782078967770e-03
1.981831168186279878e-03
1.981712363280021139e-03
1.981593735175960717e-03
1.981474916033737141e-03
1.981356273713194560e-03
1.981237624288001778e-03
1.981118967756882471e-03
1.981000304118559451e-03
1.980881633371755091e-03
1.980763139517373317e-03
1.980644454560800613e-03
1.980525946516132306e-03
1.980407247344684665e-03
1.980288725104629739e-03
1.980170195770476933e-03
1.980051659340952095e-03
1.979933115814780202e-03
1.979814749281011248e-03
1.979696191568747383e-03
1.979577810868370438e-03
1.979459238964919720e-03
1.979340844092847707e-03
1.979222442138527278e-03
1.979104033100686881e-03
1.978985616978054529e-03
1.978867193769359104e-03
1.978748763473329054e-03
1.978630510289193598e-03
1.978512065825701206e-03
1.978393798493598664e-03
1.978275524091115817e-03
1.978157242616983280e-03
1.978038954069932537e-03
1.977920658448695072e-03
1.977802355752001934e-03
1.977684045978582005e-03
1.977565913426832141e-03
1.977447773817854210e-03
1.977329442828694613e-03
1.977211289090450783e-03
1.977093128291181143e-03
1.976974960429619347e-03
1.976856785504499479e-03
1.976738787891335961e-03
1.976620598846322470e-03
1.976502402733950996e-03
1.976384383962797621e-03
1.976266358143793662e-03
1.976148325275676240e-03
1.976030285357181608e-03
1.975912238387047323e-03
1.975794184364007902e-03
1.975676123286800902e-03
1.975558239641121705e-03
1.975440164462809872e-03
1.975322266735537145e-03
1.975204361971080649e-03
1.975086265637151627e-03
1.974968346783531701e-03
1.974850605442011846e-03
1.974732672516217938e-03
1.974614732546936709e-03
1.974496970119026407e-03
1.974379016070009537e-03
1.974261239581880534e-03
1.974143456067261031e-03
1.974025665524892052e-03
1.973907867953516790e-03
1.973790063351875835e-03
1.973672251718710646e-03
1.973554433052762680e-03
1.973436792038056522e-03
1.973318959313789811e-03
1.973201304260288353e-03
1.973083642191011348e-03
1.972965973104703723e-03
1.972848297000109972e-03
1.972730613875974589e-03
1.972612923731039899e-03
1.972495411337477859e-03
1.972377707158202639e-03
1.972260180749824815e-03
1.972142647337665321e-03
1.972025106920471688e-03
1.971907559496991445e-03
1.971790005065971688e-03
1.971672443626158212e-03
1.971554875176298547e-03
1.971437484587718839e-03
1.971319902125029649e-03
1.971202497543151234e-03
1.971084901062620468e-03
1.970967482482439102e-03
1.970850056906735953e-03
1.970732624334262453e-03
1.970615369713473158e-03
1.970497923154727014e-03
1.970380469595457013e-03
1.970263194017178934e-03
1.970145911457914754e-03
1.970028436911624905e-03
1.969911140375631229e-03
1.969793836854908352e-03
1.969676526348208140e-03
1.969559393903150182e-03
1.969442069431773332e-03
1.969324737970674748e-03
1.969207584600533942e-03
1.969090424260213495e-03
1.968973256948470911e-03
1.968855897549089563e-03
1.968738716279748446e-03
1.968621713172257186e-03
1.968504517962372906e-03
1.968387315774838831e-03
1.968270291778472739e-03
1.968153075642927515e-03
1.968036037718099308e-03
1.967918992832681877e-03
1.967801940985432294e-03
1.967684882175109364e-03
1.967567816400470591e-03
1.967450743660271745e-03
1.967333849211474073e-03
1.967216762547451328e-03
1.967099854194380958e-03
1.966982753601564764e-03
1.966865831339259085e-03
1.966748902125981489e-03
1.966631965960492952e-03
1.966515022841552711e-03
1.966398258114268952e-03
1.966281301095728056e-03
1.966164522488397879e-03
1.966047551565299357e-03
1.965930759072970994e-03
1.965813959641793396e-03
1.965697153270529705e-03
1.965580339957943064e-03
1.965463519702795748e-03
1.965346692503849597e-03
1.965230043816392023e-03
1.965113202737159195e-03
1.964996540188978288e-03
1.964879870714088175e-03
1.964763008810663583e-03
1.964646325467637230e-03
1.964529635194197602e-03
1.964413123522759218e-03
1.964296419395810973e-03
1.964179708334744517e-03
1.964063175905031260e-03
1.963946636560768341e-03
1.963829904711992223e-03
1.963713351523920826e-03
1.963596791417603505e-03
1.963480224391808172e-03
1.963363650445301874e-03
1.963247255220680956e-03
1.963130667440080197e-03
1.963014258400934669e-03
1.962897656781312835e-03
1.962781233922722586e-03
1.962664804158071544e-03
1.962548367486131092e-03
1.962431923905671310e-03
1.962315473415462714e-03
1.962199201757259745e-03
1.962082737454887062e-03
1.961966266239075808e-03
1.961849973884643387e-03
1.961733674636353952e-03
1.961617368492980622e-03
1.961501055453298246e-03
1.961384735516079076e-03
1.961268408680095793e-03
1.961152074944120648e-03
1.961035920160093815e-03
1.960919572631478897e-03
1.960803404074395150e-03
1.960687228634452970e-03
1.960571046310427643e-03
1.960454857101096623e-03
1.960338661005234760e-03
1.960222458021616907e-03
1.960106248149019650e-03
1.959990217338540824e-03
1.959873993695333480e-03
1.959757949133833499e-03
1.959641897700496651e-03
1.959525653397708924e-03
1.959409588206016944e-03
1.959293702157250718e-03
1.959177623224352214e-03
1.959061537413507147e-03
1.958945444723494272e-03
1.958829531215598892e-03
1.958713610848128971e-03
1.958597497535333534e-03
1.958481563434046144e-03
1.958365622469526984e-03
1.958249674640557842e-03
1.958133906074526528e-03
1.958017944524022627e-03
1.957901976105410648e-03
1.957786186979135722e-03
1.957670204831676256e-03
1.957554401996156653e-03
1.957438592309696229e-03
1.957322775771077640e-03
1.957206952379085714e-03
1.957091122132503542e-03
1.956975471268900327e-03
1.956859627320510237e-03
1.956743962774700613e-03
1.956628105119639308e-03
1.956512426886766048e-03
1.956396741814046391e-03
1.956281049900266029e-03
1.956165351144212392e-03
1.956049645544670739e-03
1.955933933100426764e-03
1.955818400159231498e-03
1.955702674032964560e-03
1.955587127429355646e-03
1.955471573998229014e-03
1.955355827345340875e-03
1.955240260244529068e-03
1.955124872727633575e-03
1.955009291974326401e-03
1.954893704387445155e-03
1.954778109965777701e-03
1.954662695167258199e-03
1.954547087083409549e-03
1.954431658642325539e-03
1.954316223383652500e-03
1.954200781306182199e-03
1.954085332408706400e-03
1.953969876690015567e-03
1.953854414148900598e-03
1.953739131331441291e-03
1.953623655152876212e-03
1.953508358717585651e-03
1.953393055477075507e-03
1.953277745430141016e-03
1.953162241973207137e-03
1.953046918298788738e-03
1.952931774438734693e-03
1.952816437154044097e-03
1.952701093056897737e-03
1.952585928803552903e-03
1.952470571088902283e-03
1.952355393237679201e-03
1.952240208591218135e-03
1.952125017148315404e-03
1.952009818907768628e-03
1.951894613868374127e-03
1.951779402028927784e-03
1.951664370133826673e-03
1.951549144701689772e-03
1.951434099233526499e-03
1.951318860203886266e-03
1.951203801157854996e-03
1.951088735326594664e-03
1.950973662708904623e-03
1.950858583303584229e-03
1.950743497109431969e-03
1.950628590970009081e-03
1.950513491205613584e-03
1.950398571515581060e-03
1.950283458176141045e-03
1.950168524930703676e-03
1.950053584911271964e-03
1.949938638116648949e-03
1.949823684545635939e-03
1.949708724197034239e-03
1.949593944013566869e-03
1.949478970117216091e-03
1.949363989439680976e-03
1.949249188956746854e-03
1.949134381712272620e-03
1.949019567705063049e-03
1.948904746933922266e-03
1.948789919397656348e-03
1.948675085095068118e-03
1.948560244024961701e-03
1.948445583240241297e-03
1.948330728642534834e-03
1.948216054349860126e-03
1.948101186219772284e-03
1.947986498414367796e-03
1.947871803856315604e-03
1.947757102544422437e-03
1.947642394477494586e-03
1.947527866796584491e-03
1.947413145227031841e-03
1.947298604063143557e-03
1.947183868986196269e-03
1.947069314334566462e-03
1.946954752942785900e-03
1.946840184809664562e-03
1.946725609934013080e-03
1.946611028314640130e-03
1.946496439950355043e-03
1.946381844839966497e-03
1.946267430245724253e-03
1.946152821650581812e-03
1.946038393591243343e-03
1.945923958803080127e-03
1.945809517284905182e-03
1.945695069035531088e-03
1.945580614053770210e-03
1.945466152338433830e-03
1.945351683888333879e-03
1.945237396064881030e-03
1.945122914152713029e-03
1.945008612886854789e-03
1.944894304903521448e-03
1.944779990201528190e-03
1.944665481362005746e-03
1.944551340636822660e-03
1.944437005771739672e-03
1.944322664183255550e-03
1.944208315870183746e-03
1.944094148304119363e-03
1.943979974033133639e-03
1.943865605561240174e-03
1.943751417865852019e-03
1.943637223461995231e-03
1.943523022348486945e-03
1.943408814524144081e-03
1.943294599987784423e-03
1.943180566299145245e-03
1.943066338346225623e-03
1.942952291260696728e-03
1.942838237480458592e-03
1.942723989399347973e-03
1.942609922215137027e-03
1.942495848332676054e-03
1.942381767750785224e-03
1.942267868117342460e-03
1.942153774144073563e-03
1.942039673467834456e-03
1.941925753769560385e-03
1.941811639694864021e-03
1.941697706617814215e-03
1.941583766855115847e-03
1.941469820405592123e-03
1.941355867268066034e-03
1.941241907441359051e-03
1.941128128683530926e-03
1.941014155485953777e-03
1.940900175595661886e-03
1.940786376803777099e-03
1.940672571338862779e-03
1.940558759199744951e-03
1.940444940385249858e-03
1.940331114894202008e-03
1.940217282725426561e-03
1.940103443877748022e-03
1.939989598349990902e-03
1.939875934021415742e-03
1.939762075141000667e-03
1.939648397479456013e-03
1.939534713155173940e-03
1.939421022166982209e-03
1.939307324513709664e-03
1.939193620194183416e-03
1.939079909207231441e-03
1.938966191551679333e-03
1.938852655205950499e-03
1.938738924220707090e-03
1.938625374564978453e-03
1.938511818258001253e-03
1.938398067274945411e-03
1.938284497650946897e-03
1.938170921372189609e-03
1.938057526494221892e-03
1.937943936913460357e-03
1.937830340674430701e-03
1.937716925865736427e-03
1.937603316317687303e-03
1.937489888219672430e-03
1.937376453480752500e-03
1.937263012099760696e-03
1.937149564075529764e-03
1.937036109406893103e-03
1.936922648092683245e-03
1.936809180131732070e-03
1.936695893711805729e-03
1.936582412464893897e-03
1.936469112778710757e-03
1.936355806463157820e-03
1.936242493517070871e-03
1.936129173939286126e-03
1.936015847728638720e-03
1.935902514883964436e-03
1.935789175404097539e-03
1.935676017575961626e-03
1.935562664833239722e-03
1.935449493761955261e-03
1.935336127751721485e-03
1.935222943432638549e-03
1.935109752493419316e-03
1.934996554932902390e-03
1.934883350749925070e-03
1.934770139943325093e-03
1.934657110899192824e-03
1.934543886852884906e-03
1.934430844588755274e-03
1.934317607298093825e-03
1.934204551809327096e-03
1.934091489712008336e-03
1.933978421004979402e-03
1.933865345687080196e-03
1.933752263757151056e-03
1.933639175214032536e-03
1.933526268553996180e-03
1.933413166792042996e-03
1.933300246932889493e-03
1.933187320477948055e-03
1.933074198884565404e-03
1.932961259223562505e-03
1.932848312963300489e-03
1.932735548677172585e-03
1.932622589225942936e-03
1.932509623171983640e-03
1.932396839121741780e-03
1.932283859869878342e-03
1.932171062641455063e-03
1.932058070187060109e-03
1.931945259775835842e-03
1.931832442776985730e-03
1.931719619189356182e-03
1.931606977696520740e-03
1.931494140938890079e-03
1.931381297589017257e-03
1.931268636363530754e-03
1.931155779836734405e-03
1.931043105454055119e-03
1.930930424496557236e-03
1.930817736963090633e-03
1.930705042852503021e-03
1.930592342163642543e-03
1.930479634895357561e-03
1.930366921046495782e-03
1.930254389432848987e-03
1.930141662430402217e-03
1.930029117682904426e-03
1.929916566372262728e-03
1.929803819636317051e-03
1.929691255184925146e-03
1.929578684166941569e-03
1.929466295475284554e-03
1.929353711331691654e-03
1.929241120618059753e-03
1.929128712260361374e-03
1.929016108414228093e-03
1.928903686943769053e-03
1.928791258920715609e-03
1.928678824343921759e-03
1.928566383212241284e-03
1.928453935524527315e-03
1.928341481279633200e-03
1.928229020476412070e-03
1.928116742139997361e-03
1.928004268227705544e-03
1.927891976801963253e-03
1.927779489776015875e-03
1.927667185256367851e-03
1.927554874193557113e-03
1.927442556586439829e-03
1.927330232433872165e-03
1.927218090849132761e-03
1.927105753613254186e-03
1.926993409828492432e-03
1.926881248641184761e-03
1.926769080924744170e-03
1.926656717508522547e-03
1.926544536719379096e-03
1.926432349397678165e-03
1.926320155542279172e-03
1.926207955152039368e-03
1.926095937450419873e-03
1.925983723998098487e-03
1.925871693254146587e-03
1.925759466735180430e-03
1.925647422944339873e-03
1.925535372633852080e-03
1.925423315802579074e-03
1.925311252449382442e-03
1.925199182573123120e-03
1.925087106172661397e-03
1.924975023246858208e-03
1.924863123140367876e-03
1.924751027171489170e-03
1.924639114041682472e-03
1.924527005025173298e-03
1.924415078867502222e-03
1.924303146199699954e-03
1.924191207020631549e-03
1.924079261329159247e-03
1.923967498558084525e-03
1.923855539849420081e-03
1.923743574624943008e-03
1.923631792350512107e-03
1.923520003580033366e-03
1.923408018823354699e-03
1.923296217046368412e-03
1.923184408769934009e-03
1.923072593992917632e-03
1.922960772714186290e-03
1.922849134476718952e-03
1.922737300202177237e-03
1.922625459422517679e-03
1.922513801713780909e-03
1.922402137519697808e-03
1.922290277239936630e-03
1.922178600060754422e-03
1.922066916392832113e-03
1.921955226235038880e-03
1.921843719229518292e-03
1.921732016099611008e-03
1.921620306476439248e-03
1.921508780035202386e-03
1.921397057433132721e-03
1.921285518032775320e-03
1.921173972156669596e-03
1.921062419803688630e-03
1.920950860972704200e-03
1.920839295662586351e-03
1.920727723872206645e-03
1.920616145600435995e-03
1.920504750621638808e-03
1.920393159394724256e-03
1.920281751480562701e-03
1.920170337102535679e-03
1.920058916259517138e-03
1.919947488950382542e-03
1.919836055174005190e-03
1.919724614929259679e-03
1.919613168215018222e-03
1.919501715030155200e-03
1.919390445259211431e-03
1.919278979140750423e-03
1.919167696455994273e-03
1.919056407318152010e-03
1.918945111726101270e-03
1.918833619737966454e-03
1.918722501174881636e-03
1.918611186213464975e-03
1.918499864793345600e-03
1.918388536913399195e-03
1.918277392568347537e-03
1.918166051776400236e-03
1.918054894539139793e-03
1.917943730859597963e-03
1.917832560736656066e-03
1.917721384169193471e-03
1.917610201156088245e-03
1.917499011696219106e-03
1.917387815788465857e-03
1.917276803526707287e-03
1.917165594730845055e-03
1.917054569600771564e-03
1.916943347912317607e-03
1.916832309909453176e-03
1.916721265474021592e-03
1.916610214604904825e-03
1.916499157300984631e-03
1.916388093561142330e-03
1.916277023384258590e-03
1.916166136974400969e-03
1.916055053931103565e-03
1.915944154674631330e-03
1.915833248998683467e-03
1.915722146652895251e-03
1.915611228123635006e-03
1.915500303171551117e-03
1.915389371795528373e-03
1.915278624287774980e-03
1.915167680071548292e-03
1.915056729428034517e-03
1.914945962682499184e-03
1.914835189529482317e-03
1.914724219619465435e-03
1.914613433637133702e-03
1.914502641243980875e-03
1.914391842438893914e-03
1.914281037220759126e-03
1.914170225588463685e-03
1.914059597955411387e-03
1.913948773502476648e-03
1.913838133068593208e-03
1.913727295790568087e-03
1.913616642551408059e-03
1.913505982913449440e-03
1.913395316875581790e-03
1.913284644436695102e-03
1.913173965595678502e-03
1.913063280351420250e-03
1.912952588702809473e-03
1.912842081184450756e-03
1.912731376734826474e-03
1.912620856435270217e-03
1.912510329748958035e-03
1.912399606094999883e-03
1.912289066620837278e-03
1.912178520756593718e-03
1.912068159113998727e-03
1.911957600477290223e-03
1.911847035447177250e-03
1.911736654668440803e-03
1.911626076859217595e-03
1.911515683321192080e-03
1.911405092728427069e-03
1.911294686426686555e-03
1.911184273746937244e-03
1.911073854688073032e-03
1.910963429248988031e-03
1.910853188162609960e-03
1.910742749970788809e-03
1.910632305395429430e-03
1.910522045202518596e-03
1.910411778645895470e-03
1.910301314935341577e-03
1.910191035636974594e-03
1.910080749971585900e-03
1.909970457938074597e-03
1.909860159535335450e-03
1.909749854762266691e-03
1.909639734472996829e-03
1.909529416966980996e-03
1.909419283964592599e-03
1.909308953721219806e-03
1.909198808001308627e-03
1.909088655926491265e-03
1.908978497495667902e-03
1.908868332707737425e-03
1.908758161561599585e-03
1.908647984056153048e-03
1.908537991155705551e-03
1.908427800939363744e-03
1.908317795347854286e-03
1.908207592416216649e-03
1.908097574129251177e-03
1.907987549498416481e-03
1.907877518522615133e-03
1.907767481200749052e-03
1.907657437531720158e-03
1.907547387514430589e-03
1.907437522223363836e-03
1.907327459517280891e-03
1.907217581557259928e-03
1.907107506157993890e-03
1.906997615524634636e-03
1.906887718558468057e-03
1.906777815258400193e-03
1.906667905623335131e-03
1.906557989652177612e-03
1.906448067343831723e-03
1.906338138697201553e-03
1.906228394907973122e-03
1.906118453592511039e-03
1.906008697154297667e-03
1.905898934395457546e-03
1.905788974074049558e-03
1.905679198659663339e-03
1.905569416921370877e-03
1.905459820131983131e-03
1.905350025753621990e-03
1.905240225048076847e-03
1.905130609321209478e-03
1.905020795969041437e-03
1.904911167615402695e-03
1.904801341612241336e-03
1.904691700627466656e-03
1.904582053330994718e-03
1.904472399721735248e-03
1.904362739798597321e-03
1.904253073560491314e-03
1.904143592412445773e-03
1.904033913552153701e-03
1.903924419801775354e-03
1.903814728314938941e-03
1.903705221957874500e-03
1.903595709301341083e-03
1.903486190344251235e-03
1.903376665085517935e-03
1.903267133524052428e-03
1.903157595658767258e-03
1.903048051488573237e-03
1.902938692539696665e-03
1.902829135767446309e-03
1.902719764236373602e-03
1.902610194857716442e-03
1.902500810740104286e-03
1.902391420333099945e-03
1.902282023635618567e-03
1.902172620646575300e-03
1.902063211364883990e-03
1.901953987415933587e-03
1.901844565556713197e-03
1.901735329050096516e-03
1.901625894609008938e-03
1.901516645540393072e-03
1.901407390194658409e-03
1.901297936878147037e-03
1.901188668963912313e-03
1.901079586483923455e-03
1.900970306018892391e-03
1.900861019271328891e-03
1.900751726240149835e-03
1.900642618682961329e-03
1.900533313092327061e-03
1.900424192995556552e-03
1.900315066632879630e-03
1.900205934003217512e-03
1.900096795105489901e-03
1.899987649938616498e-03
1.899878498501517870e-03
1.899769340793111983e-03
1.899660176812318106e-03
1.899551198426923521e-03
1.899442021909138016e-03
1.899333031006629133e-03
1.899224033849451375e-03
1.899115030436528129e-03
1.899006020766782132e-03
1.898897004839135904e-03
1.898787982652511098e-03
1.898678954205830667e-03
1.898569919498015179e-03
1.898461070507028326e-03
1.898352023284734236e-03
1.898243161799151096e-03
1.898134102058068699e-03
1.898025228073584774e-03
1.897916347843543608e-03
1.897807461366870976e-03
1.897698568642491130e-03
1.897589861736511015e-03
1.897480956524513675e-03
1.897372045061583622e-03
1.897263319446883603e-03
1.897154395489887221e-03
1.897045657401010346e-03
1.896936913078941340e-03
1.896828162522608361e-03
1.896719405730938916e-03
1.896610642702860512e-03
1.896501873437299790e-03
1.896393097933184472e-03
1.896284508388836488e-03
1.896175720415416285e-03
1.896067118421653755e-03
1.895958317974639562e-03
1.895849703527179670e-03
1.895741082856772057e-03
1.895632455962346398e-03
1.895523822842833236e-03
1.895415183497161597e-03
1.895306537924261589e-03
1.895198078432637186e-03
1.895089420413092335e-03
1.894980948494717982e-03
1.894872278024250243e-03
1.894763793674853099e-03
1.894655303113848988e-03
1.894546806340170839e-03
1.894438303352751147e-03
1.894329794150522838e-03
1.894221278732416457e-03
1.894112757097365148e-03
1.894004421675073895e-03
1.893895887613952648e-03
1.893787539785493071e-03
1.893679185757856688e-03
1.893570633055141530e-03
1.893462266614943284e-03
1.893353893972373088e-03
1.893245515126365606e-03
1.893137322594767987e-03
1.893028931349713005e-03
1.892920533898025375e-03
1.892812322790606971e-03
1.892703912933484155e-03
1.892595689440539552e-03
1.892487459758743001e-03
1.892379223887032851e-03
1.892270981824346584e-03
1.892162733569622331e-03
1.892054479121796709e-03
1.891946218479807198e-03
1.891837951642589980e-03
1.891729871271228538e-03
1.891621592051393385e-03
1.891513499317326033e-03
1.891405400405820562e-03
1.891297295315818574e-03
1.891188991329031477e-03
1.891080873867838396e-03
1.890972942964233485e-03
1.890864813149644970e-03
1.890756677151259274e-03
1.890648534968014313e-03
1.890540579382194797e-03
1.890432617631433027e-03
1.890324456909305397e-03
1.890216482814475584e-03
1.890108502551532009e-03
1.890000516119416489e-03
1.889892523517072362e-03
1.889784524743441880e-03
1.889676519797465560e-03
1.889568701560588810e-03
1.889460684277774558e-03
1.889352853723978839e-03
1.889244824100097617e-03
1.889136981225161263e-03
1.889029132193578101e-03
1.888921277004292770e-03
1.888813415656251425e-03
1.888705548148398271e-03
1.888597674479677944e-03
1.888489987641711609e-03
1.888382101659115886e-03
1.888274402527197237e-03
1.888166504226508136e-03
1.888058792796425914e-03
1.887951075221188778e-03
1.887843351499744401e-03
1.887735621631041324e-03
1.887627885614026136e-03
1.887520143447646726e-03
1.887412395130849468e-03
1.887304640662581384e-03
1.887197073166684480e-03
1.887089499539246554e-03
1.886981726632304054e-03
1.886874140727625706e-03
1.886766548688257814e-03
1.886658950513151085e-03
1.886551346201255580e-03
1.886443735751521140e-03
1.886336119162897390e-03
1.886228496434332871e-03
1.886121060799849248e-03
1.886013425799279268e-03
1.885905977912726711e-03
1.885798523904073281e-03
1.885690870493137621e-03
1.885583404226127318e-03
1.885475931833873690e-03
1.885368453315329831e-03
1.885261161992656757e-03
1.885153671229410901e-03
1.885046174336732581e-03
1.884938864669837098e-03
1.884831355526174913e-03
1.884724033628239464e-03
1.884616705618721855e-03
1.884509371496578215e-03
1.884401837849414806e-03
1.884294684910233246e-03
1.884187332443942224e-03
1.884079973860844706e-03
1.883972609159895737e-03
1.883865431806488544e-03
1.883758054877725328e-03
1.883650865316450389e-03
1.883543476155694627e-03
1.883436274382379932e-03
1.883329066506988060e-03
1.883221852528476009e-03
1.883114632445801644e-03
1.883007406257922829e-03
1.882900367529395224e-03
1.882793129139001802e-03
1.882685884640275358e-03
1.882578827630831909e-03
1.882471764533009311e-03
1.882364501725084091e-03
1.882257426436369750e-03
1.882150345056155709e-03
1.882043257583403302e-03
1.881936164017071695e-03
1.881829064356120703e-03
1.881722152286307214e-03
1.881615040444021289e-03
1.881508116212825439e-03
1.881400992185046665e-03
1.881294055788317911e-03
1.881187113312771803e-03
1.881080164757372060e-03
1.880973210121080234e-03
1.880866249402860261e-03
1.880759282601674343e-03
1.880652309716483814e-03
1.880545330746250876e-03
1.880438539508948268e-03
1.880331548376543019e-03
1.880224744997030430e-03
1.880117935550365636e-03
1.880010926172438540e-03
1.879904104577350635e-03
1.879797276912005370e-03
1.879690443175367981e-03
1.879583797273553592e-03
1.879476951402249017e-03
1.879370099456546730e-03
1.879263435375618310e-03
1.879156571289042647e-03
1.879049895087208820e-03
1.878943212828879409e-03
1.878836524513021822e-03
1.878729636143314447e-03
1.878623129704595210e-03
1.878516423209961863e-03
1.878409710653671048e-03
1.878302992034689952e-03
1.878196461402365262e-03
1.878089730665930424e-03
1.877983187936123431e-03
1.877876445078105992e-03
1.877769890246694775e-03
1.877663329368442144e-03
1.877556762442318759e-03
1.877450189467294627e-03
1.877343610442339756e-03
1.877237025366423505e-03
1.877130628399077423e-03
1.877024031229173034e-03
1.876917622187812855e-03
1.876811012919801444e-03
1.876704591800315873e-03
1.876598164645731665e-03
1.876491731455022082e-03
1.876385292227160167e-03
1.876278846961118314e-03
1.876172395655868264e-03
1.876065938310383062e-03
1.875959669205389847e-03
1.875853199787375254e-03
1.875746918629832543e-03
1.875640437135180300e-03
1.875534143920986338e-03
1.875427844682435148e-03
1.875321539418502159e-03
1.875215228128163233e-03
1.875108910810392281e-03
1.875002587464164950e-03
1.874896258088455149e-03
1.874790117085192113e-03
1.874683775658466745e-03
1.874577622624174324e-03
1.874471463578338210e-03
1.874365104072921954e-03
1.874258932989919654e-03
1.874152755892307103e-03
1.874046572779061249e-03
1.873940383649160338e-03
1.873834383003689747e-03
1.873728181848433082e-03
1.873621974673453719e-03
1.873515956012893708e-03
1.873409736806426126e-03
1.873303706134373187e-03
1.873197669460549986e-03
1.873091626783936073e-03
1.872985578103511864e-03
1.872879523418258425e-03
1.872773462727155089e-03
1.872667396029181188e-03
1.872561323323316705e-03
1.872455439253886602e-03
1.872349354540205069e-03
1.872243458482955158e-03
1.872137556435774040e-03
1.872031648397645817e-03
1.871925539667126286e-03
1.871819619633034379e-03
1.871713888327404584e-03
1.871607956315314005e-03
1.871502018307189029e-03
1.871396074302010938e-03
1.871290319065299634e-03
1.871184363073988320e-03
1.871078595871146673e-03
1.870972822689222345e-03
1.870866848716597110e-03
1.870761063562449006e-03
1.870655272426173131e-03
1.870549475306754238e-03
1.870443867057856131e-03
1.870338057980129197e-03
1.870232242916214805e-03
1.870126616752830831e-03
1.870020789724521687e-03
1.869915151616751477e-03
1.869809507540773569e-03
1.869703662563778051e-03
1.869598006537335436e-03
1.869492344539648706e-03
1.869386871534558722e-03
1.869281197602367176e-03
1.869175517695893796e-03
1.869069831814126155e-03
1.868964334964982269e-03
1.868858637140613857e-03
1.868753128368882488e-03
1.868647613639847892e-03
1.868542092952500677e-03
1.868436566305831017e-03
1.868331033698829302e-03
1.868225495130486141e-03
1.868119950599789972e-03
1.868014400105731405e-03
1.867909038766403127e-03
1.867803476353612499e-03
1.867698103115568702e-03
1.867592528780008011e-03
1.867487143639215896e-03
1.867381752551044473e-03
1.867276355514486084e-03
1.867170952528534374e-03
1.867065543592181034e-03
1.866960128704418407e-03
1.866854707864238185e-03
1.866749476310937753e-03
1.866644043573925053e-03
1.866538800143812803e-03
1.866433550779292207e-03
1.866328100194992274e-03
1.866222838947626927e-03
1.866117571762838066e-03
1.866012298639621071e-03
1.865907019576970669e-03
1.865801929913340172e-03
1.865696638979830657e-03
1.865591342103872135e-03
1.865486234656975025e-03
1.865380925904129876e-03
1.865275806600375256e-03
1.865170681372192805e-03
1.865065550218581586e-03
1.864960413138539580e-03
1.864855270131063900e-03
1.864750121195151442e-03
1.864644966329800620e-03
1.864539805534007463e-03
1.864434834289459232e-03
1.864329661640798429e-03
1.864224678563414055e-03
1.864119494057877094e-03
1.864014499143653268e-03
1.863909498315015952e-03
1.863804491570965512e-03
1.863699478910501445e-03
1.863594460332623900e-03
1.863489435836332810e-03
1.863384601013495312e-03
1.863279564688400010e-03
1.863174522441889223e-03
1.863069669898893485e-03
1.862964811454521571e-03
1.862859751459822232e-03
1.862754881198693761e-03
1.862650005033197149e-03
1.862545122962334498e-03
1.862440234985108774e-03
1.862335536803568512e-03
1.862230637021645811e-03
1.862125731330366990e-03
1.862021015464836822e-03
1.861916097962878179e-03
1.861811370306712919e-03
1.861706636759241987e-03
1.861601897319471602e-03
1.861497151986407118e-03
1.861392400759053455e-03
1.861287643636415964e-03
1.861182880617498481e-03
1.861078111701305925e-03
1.860973532733119044e-03
1.860868752030414618e-03
1.860764161295762114e-03
1.860659368802567879e-03
1.860554766297476369e-03
1.860450157911182865e-03
1.860345543642694457e-03
1.860240923491019317e-03
1.860136297455164314e-03
1.860031665534136970e-03
1.859927027726943722e-03
1.859822580000068280e-03
1.859717930428589740e-03
1.859613470957479590e-03
1.859509005618271114e-03
1.859404338398439743e-03
1.859299861309053614e-03
1.859195378348599747e-03
1.859090889516087832e-03
1.858986394810528426e-03
1.858881894230930785e-03
1.858777583853953074e-03
1.858673071534331549e-03
1.858568553337700425e-03
1.858464225373778443e-03
1.858359891552904819e-03
1.858255355741360911e-03
1.858151010192610154e-03
1.858046658783945714e-03
1.857942301514379667e-03
1.857837938382924520e-03
1.857733569388592782e-03
1.857629390729240160e-03
1.857525010017214550e-03
1.857420623439349008e-03
1.857316427226557648e-03
1.857212028925074370e-03
1.857107821008731037e-03
1.857003607244638770e-03
1.856899387631813980e-03
1.856795162169271995e-03
1.856690930856026408e-03
1.856586693691092763e-03
1.856482450673485086e-03
1.856378398133277322e-03
1.856274143418390216e-03
1.856170079200966617e-03
1.856065812784861175e-03
1.855961736886289556e-03
1.855857655151174884e-03
1.855753567578535520e-03
1.855649474167388527e-03
1.855545374916752052e-03
1.855441269825643157e-03
1.855337158893078471e-03
1.855233042118074188e-03
1.855129115962920973e-03
1.855024987511115237e-03
1.854921049699230886e-03
1.854816909566694115e-03
1.854712960094155767e-03
1.854609004795325930e-03
1.854505043669224702e-03
1.854401076714872398e-03
1.854297103931287598e-03
1.854193125317491050e-03
1.854089337445951561e-03
1.853985347179812945e-03
1.853881547676003438e-03
1.853777545753605097e-03
1.853673734613613556e-03
1.853569721031033931e-03
1.853465898250946384e-03
1.853362069654850789e-03
1.853258235241768545e-03
1.853154395010722785e-03
1.853050745644360458e-03
1.852946893785475816e-03
1.852843036105693807e-03
1.852739369320716969e-03
1.852635500007233363e-03
1.852531821608636520e-03
1.852428137407272340e-03
1.852324250641419973e-03
1.852220554820580879e-03
1.852116853194048403e-03
1.852013145760846111e-03
1.851909432519999741e-03
1.851805910286375128e-03
1.851702185438336553e-03
1.851598454779727638e-03
1.851494915158471760e-03
1.851391369746731254e-03
1.851287621672613199e-03
1.851184064665975125e-03
1.851080501865935484e-03
1.850976933271521099e-03
1.850873358881759004e-03
1.850769778695677539e-03
1.850666192712302656e-03
1.850562797878713009e-03
1.850459200308855919e-03
1.850355596938786304e-03
1.850252184748645131e-03
1.850148766778383653e-03
1.850045146023895481e-03
1.849941716479472451e-03
1.849838281152019768e-03
1.849734840040566201e-03
1.849631393144141826e-03
1.849527940461776062e-03
1.849424679061750960e-03
1.849321214815614857e-03
1.849217941871909897e-03
1.849114466058124177e-03
1.849011181566867024e-03
1.848907694181551979e-03
1.848804398138868344e-03
1.848701096324525516e-03
1.848597788737556171e-03
1.848494475376992550e-03
1.848391156241866243e-03
1.848288028521653803e-03
1.848184697845521932e-03
1.848081361391922797e-03
1.847978216383391794e-03
1.847875065617494853e-03
1.847771711847743734e-03
1.847668549553209156e-03
1.847565381498413820e-03
1.847462207682392353e-03
1.847359028104179381e-03
1.847255842762809313e-03
1.847152651657316775e-03
1.847049454786735094e-03
1.846946449483778023e-03
1.846843241091147619e-03
1.846740224286245319e-03
1.846637004367705131e-03
1.846533976057004563e-03
1.846430941997465958e-03
1.846327902188126110e-03
1.846224856628023549e-03
1.846121805316194202e-03
1.846018748251675732e-03
1.845915685433503848e-03
1.845812814315590279e-03
1.845709739998247206e-03
1.845606857401270928e-03
1.845503771580907530e-03
1.845400877501024613e-03
1.845297977683753267e-03
1.845195072128133756e-03
1.845092160833204827e-03
1.844989243798007394e-03
1.844886321021579987e-03
1.844783392502962220e-03
1.844680458241192839e-03
1.844577715822397473e-03
1.844474770082467656e-03
1.844372016205626406e-03
1.844269058983695692e-03
1.844166293644974820e-03
1.844063522579382497e-03
1.843960745785960722e-03
1.843857963263752578e-03
1.843755175011799414e-03
1.843652381029142794e-03
1.843549779012084323e-03
1.843446973576170090e-03
1.843344162406678399e-03
1.843241543232968394e-03
1.843138720604472602e-03
1.843036089991882806e-03
1.842933453663925377e-03
1.842830811619645135e-03
1.842728163858087112e-03
1.842625510378295478e-03
1.842522851179314398e-03
1.842420186260188041e-03
1.842317515619960140e-03
1.842215037098171452e-03
1.842112355023898650e-03
1.842009865088189155e-03
1.841907369449594448e-03
1.841804670222605550e-03
1.841702163164369134e-03
1.841599650400388031e-03
1.841497131929710094e-03
1.841394607751381226e-03
1.841292077864448628e-03
1.841189740218626648e-03
1.841087198922649985e-03
1.840984651915209252e-03
1.840882297179077852e-03
1.840779738756876489e-03
1.840677372626118094e-03
1.840575000802125404e-03
1.840472623283948440e-03
1.840370240070637008e-03
1.840267851161240262e-03
1.840165456554807575e-03
1.840063056250387883e-03
1.839960650247029908e-03
1.839858436637685198e-03
1.839756019244622939e-03
1.839653794265707579e-03
1.839551365479140475e-03
1.839449129126859974e-03
1.839346887091980335e-03
1.839244639373553312e-03
1.839142385970631097e-03
1.839040126882265881e-03
1.838937862107508769e-03
1.838835591645410867e-03
1.838733513710119095e-03
1.838631231881519921e-03
1.838528944362734143e-03
1.838426849400971643e-03
1.838324748769165715e-03
1.838222444196188979e-03
1.838120332210446814e-03
1.838018214551824514e-03
1.837916091219375788e-03
1.837813962212155863e-03
1.837712025854490666e-03
1.837609885505911466e-03
1.837507739479723057e-03
1.837405786133306526e-03
1.837303628760087815e-03
1.837201664086787192e-03
1.837099495362756046e-03
1.836997519358794838e-03
1.836895537693594141e-03
1.836793550366210698e-03
1.836691557375702772e-03
1.836589558721124504e-03
1.836487554401533941e-03
1.836385742884495296e-03
1.836283727243073023e-03
1.836181904424347795e-03
1.836079877457322306e-03
1.835978043333146579e-03
1.835876203560338248e-03
1.835774159603351888e-03
1.835672308519444148e-03
1.835570451784080976e-03
1.835468589396323019e-03
1.835366721355228105e-03
1.835265046249557339e-03
1.835163166909989417e-03
1.835061281914261710e-03
1.834959589884192863e-03
1.834857892218118248e-03
1.834755990270321453e-03
1.834654281318411724e-03
1.834552566727682939e-03
1.834450846497196396e-03
1.834349120626014261e-03
1.834247389113197613e-03
1.834145651957807968e-03
1.834043909158906841e-03
1.833942359448484513e-03
1.833840605370768047e-03
1.833739044401687867e-03
1.833637279041404724e-03
1.833535706809920991e-03
1.833434128951336693e-03
1.833332346665682505e-03
1.833230757539074367e-03
1.833129162782556930e-03
1.833027761227283559e-03
1.832926155219161655e-03
1.832824543578322803e-03
1.832722926303831336e-03
1.832621502270915604e-03
1.832519873737334989e-03
1.832418438465496053e-03
1.832316997578300197e-03
1.832215352154584025e-03
1.832113900022860507e-03
1.832012442272979141e-03
1.831910978904006428e-03
1.831809509915008870e-03
1.831708234280376166e-03
1.831606754059550641e-03
1.831505268215899342e-03
1.831403975756867343e-03
1.831302478675789474e-03
1.831201174999502702e-03
1.831099865718696477e-03
1.830998550832440121e-03
1.830897031276342794e-03
1.830795705165378208e-03
1.830694373446169502e-03
1.830593235214303914e-03
1.830491892286835627e-03
1.830390543748330314e-03
1.830289388727426468e-03
1.830188028975078800e-03
1.830086862760506566e-03
1.829985491790594044e-03
1.829884314378635692e-03
1.829783131372097419e-03
1.829681942770050281e-03
1.829580748571566634e-03
1.829479548775717317e-03
1.829378343381573169e-03
1.829277132388205896e-03
1.829176115045449795e-03
1.829074892861872956e-03
1.828973665076285508e-03
1.828872630971585143e-03
1.828771591285055292e-03
1.828670346709920661e-03
1.828569295845943387e-03
1.828468239397358685e-03
1.828367177363240644e-03
1.828266109742662923e-03
1.828165036534699396e-03
1.828064157110386020e-03
1.827963072735894505e-03
1.827861982771237072e-03
1.827761086620509606e-03
1.827660184899800380e-03
1.827559078181145887e-03
1.827458165306693151e-03
1.827357246859489170e-03
1.827256322838609988e-03
1.827155393243132080e-03
1.827054458072131706e-03
1.826953517324684693e-03
1.826852570999866867e-03
1.826751818611945313e-03
1.826650861140638590e-03
1.826549898089187881e-03
1.826449129004924753e-03
1.826348354360710037e-03
1.826247574155623245e-03
1.826146588807449908e-03
1.826045797466840925e-03
1.825945000562595368e-03
1.825844198093792316e-03
1.825743589684879166e-03
1.825642776095217539e-03
1.825541956938234569e-03
1.825441331871430857e-03
1.825340501588065085e-03
1.825239865415073139e-03
1.825139024001640447e-03
1.825038376718781351e-03
1.824937723885116563e-03
1.824837065499726897e-03
1.824736401561693816e-03
1.824635732070098567e-03
1.824535057024021531e-03
1.824434576191142320e-03
1.824333890044368967e-03
1.824233198340355832e-03
1.824132700879842238e-03
1.824031998069620486e-03
1.823931489523100647e-03
1.823830975437707629e-03
1.823730455812526147e-03
1.823629930646639835e-03
1.823529399939132324e-03
1.823428863689087681e-03
1.823328321895587804e-03
1.823227774557717191e-03
1.823127421586387235e-03
1.823026863168048049e-03
1.822926299202586422e-03
1.822825929633979094e-03
1.822725554538456470e-03
1.822624973948186759e-03
1.822524587785078485e-03
1.822424196092313183e-03
1.822323798868976438e-03
1.822223396114154266e-03
1.822123187848940108e-03
1.822022774039426703e-03
1.821922354695685491e-03
1.821822129871863765e-03
1.821721699467950028e-03
1.821621463604164654e-03
1.821521022136423978e-03
1.821420775229025749e-03
1.821320522803959382e-03
1.821220264860313499e-03
1.821120001397176719e-03
1.821019732413637661e-03
1.820919457908783210e-03
1.820819177881702637e-03
1.820719092507743810e-03
1.820618801444499066e-03
1.820518705054586031e-03
1.820418402951532897e-03
1.820318295542027072e-03
1.820218182626866721e-03
1.820117863962780877e-03
1.820017740022568560e-03
1.819917610573972997e-03
1.819817475616085410e-03
1.819717535434431811e-03
1.819617389466253671e-03
1.819517237986055871e-03
1.819417281312417194e-03
1.819317118816477690e-03
1.819217151147314209e-03
1.819116977631997237e-03
1.819016998963680128e-03
1.818917014799931219e-03
1.818817025139844983e-03
1.818717029982513944e-03
1.818617029327031709e-03
1.818517023172491016e-03
1.818417011517985040e-03
1.818316994362605436e-03
1.818217172157155078e-03
1.818117144008334074e-03
1.818017310829663771e-03
1.817917472168531544e-03
1.817817427528266262e-03
1.817717577888485923e-03
1.817617722763530987e-03
1.817517862152497228e-03
1.817417996054480856e-03
1.817318124468576780e-03
1.817218247393880123e-03
1.817118565402385880e-03
1.817018677358415556e-03
1.816918984417870185e-03
1.816819085401010815e-03
1.816719381507805658e-03
1.816619471514440559e-03
1.816519756664965223e-03
1.816420036341507725e-03
1.816320310543166443e-03
1.816220579269039103e-03
1.816120842518223651e-03
1.816021100289818462e-03
1.815921553288032866e-03
1.815821800112764469e-03
1.815722041457199735e-03
1.815622478058607700e-03
1.815522909199952274e-03
1.815423134120141679e-03
1.815323554327651035e-03
1.815223969072399289e-03
1.815124378353487420e-03
1.815024782170015540e-03
1.814925180521084628e-03
1.814825573405794363e-03
1.814725960823244857e-03
1.814626543620881556e-03
1.814526920112139374e-03
1.814427492003817428e-03
1.814327857565286488e-03
1.814228418547416972e-03
1.814128974078932019e-03
1.814029524158936079e-03
1.813929867861068966e-03
1.813830407024343049e-03
1.813731141680913813e-03
1.813631669945904318e-03
1.813532192754897408e-03
1.813432710106996229e-03
1.813333422992876708e-03
1.813233929439519521e-03
1.813134631440185612e-03
1.813035126977785658e-03
1.812935818089656675e-03
1.812836503761293709e-03
1.812737183991801641e-03
1.812637858780286873e-03
1.812538528125855371e-03
1.812439192027610717e-03
1.812339850484659095e-03
1.812240503496104086e-03
1.812141352184842673e-03
1.812041994313423176e-03
1.811942832139541715e-03
1.811843463381680296e-03
1.811744290341608509e-03
1.811645111872607714e-03
1.811545927973787782e-03
1.811446738644254461e-03
1.811347543883117840e-03
1.811248343689484319e-03
1.811149138062461599e-03
1.811049927001156298e-03
1.810950911760677564e-03
1.810851689839155457e-03
1.810752663758709346e-03
1.810653430973403625e-03
1.810554394049428747e-03
1.810455351707859328e-03
1.810356102625703236e-03
1.810257049435262319e-03
1.810157990824557122e-03
1.810058926792697948e-03
1.809960058704972521e-03
1.809860983839157653e-03
1.809761903549519284e-03
1.809663019234397261e-03
1.809563928105467840e-03
1.809465032971310262e-03
1.809365930999531219e-03
1.809267025042786674e-03
1.809168113678922499e-03
1.809069196907052033e-03
1.808970274726287315e-03
1.808871347135742550e-03
1.808772414134528477e-03
1.808673475721758218e-03
1.808574531896543162e-03
1.808475784189441391e-03
1.808376829547699623e-03
1.808278071044330327e-03
1.808179105582513472e-03
1.808080336279334994e-03
1.807981561580428815e-03
1.807882781484911744e-03
1.807783995991897987e-03
1.807685205100503486e-03
1.807586408809842881e-03
1.807487607119030379e-03
1.807388800027180621e-03
1.807289987533408030e-03
1.807191371311505507e-03
1.807092548022257508e-03
1.806993921025144834e-03
1.806895288644608201e-03
1.806796449161027001e-03
1.806697805999982372e-03
1.806599157452865295e-03
1.806500503518793880e-03
1.806401844196885587e-03
1.806303179486257226e-03
1.806204509386026688e-03
1.806106035691179643e-03
1.806007354820118697e-03
1.805908668556806002e-03
1.805810178729289539e-03
1.805711683529793521e-03
1.805612981106486693e-03
1.805514475149381680e-03
1.805415963817657296e-03
1.805317447110433389e-03
1.805218925026830235e-03
1.805120397565967896e-03
1.805021864726964916e-03
1.804923326508941573e-03
1.804824984850119654e-03
1.804726435882438420e-03
1.804628083494230588e-03
1.804529523773371709e-03
1.804431160652266017e-03
1.804332792168899125e-03
1.804234216317190985e-03
1.804135837095655276e-03
1.804037452509224624e-03
1.803939062557021258e-03
1.803840667238166976e-03
1.803742468612081970e-03
1.803644062568316060e-03
1.803545651155265923e-03
1.803447436465405391e-03
1.803349014322178957e-03
1.803250788922424082e-03
1.803152558171913777e-03
1.803054119932357563e-03
1.802955878466697354e-03
1.802857631647654694e-03
1.802759379474355066e-03
1.802661121945922868e-03
1.802562859061482064e-03
1.802464793023684847e-03
1.802366519435623978e-03
1.802268240488928350e-03
1.802170158419306393e-03
1.802071868763740125e-03
1.801973776005536204e-03
1.801875677907235429e-03
1.801777574467966535e-03
1.801679263395191766e-03
1.801581149260352141e-03
1.801483029781924313e-03
1.801385107283756714e-03
1.801286977126554832e-03
1.801188841623146183e-03
1.801090700772657333e-03
1.800992756943012134e-03
1.800894605406769136e-03
1.800796650911660199e-03
1.800698691088018291e-03
1.800600523522114405e-03
1.800502553027782037e-03
1.800404577202305290e-03
1.800306596044813114e-03
1.800208609554434678e-03
1.800110617730299369e-03
1.800012620571536355e-03
1.799914820567267461e-03
1.799816812747660928e-03
1.799719002102838491e-03
1.799620983618908151e-03
1.799523162330059038e-03
1.799425133178322866e-03
1.799327301241970692e-03
1.799229463986070547e-03
1.799131621409754203e-03
1.799033773512153864e-03
1.798935920292401517e-03
1.798838061749628067e-03
1.798740400505166202e-03
1.798642531324770024e-03
1.798544656818746972e-03
1.798446979641488358e-03
1.798349094492635372e-03
1.798251406692848728e-03
1.798153713586003906e-03
1.798056015171236362e-03
1.797958108737340204e-03
1.797860399693113325e-03
1.797762685338365326e-03
1.797664965672229713e-03
1.797567443448257847e-03
1.797469713167772123e-03
1.797371977573301470e-03
1.797274439451451537e-03
1.797176693237439614e-03
1.797079144516352048e-03
1.796981387679336128e-03
1.796883828355556227e-03
1.796786263734639899e-03
1.796688693815724552e-03
1.796591118597947161e-03
1.796493538080443401e-03
1.796395952262350463e-03
1.796298361142804022e-03
1.796200967629605315e-03
1.796103365915586092e-03
1.796005758897522122e-03
1.795908349516275003e-03
1.795810934851293714e-03
1.795713311937973278e-03
1.795615886691931656e-03
1.795518456159573509e-03
1.795421020340038417e-03
1.795323579232465305e-03
1.795226132835993967e-03
1.795128681149762246e-03
1.795031224172908635e-03
1.794933964956464852e-03
1.794836497406809058e-03
1.794739024563947504e-03
1.794641749511973134e-03
1.794544469187108566e-03
1.794446980481520949e-03
1.794349689597290499e-03
1.794252393437595306e-03
1.794155092001576465e-03
1.794057785288375719e-03
1.793960473297134166e-03
1.793863156026992683e-03
1.793765833477092581e-03
1.793668708841700613e-03
1.793571375740731378e-03
1.793474037357425726e-03
1.793376896919113804e-03
1.793279751218786883e-03
1.793182397005379895e-03
1.793085240767444861e-03
1.792988079264926570e-03
1.792890912496969587e-03
1.792793740462717391e-03
1.792696563161313462e-03
1.792599380591902150e-03
1.792502396080963454e-03
1.792405202983990246e-03
1.792308004616439878e-03
1.792211004337851193e-03
1.792113795437604148e-03
1.792016784646644541e-03
1.791919768603723526e-03
1.791822543903527458e-03
1.791725517343109196e-03
1.791628485528167771e-03
1.791531448457849484e-03
1.791434406131300417e-03
1.791337562007219459e-03
1.791240509176669077e-03
1.791143451087326161e-03
1.791046591230943024e-03
1.790949522632478974e-03
1.790852652287303276e-03
1.790755573176303940e-03
1.790658692338926950e-03
1.790561806259677487e-03
1.790464914937704884e-03
1.790368018372157392e-03
1.790271116562184347e-03
1.790174209506933348e-03
1.790077297205552647e-03
1.789980379657190711e-03
1.789883660485815488e-03
1.789786732451960653e-03
1.789690002815423273e-03
1.789593064292671143e-03
1.789496324187572849e-03
1.789399578852425739e-03
1.789302624595460198e-03
1.789205868786653605e-03
1.789109107745250754e-03
1.789012341470401848e-03
1.788915569961258174e-03
1.788818996962983267e-03
1.788722214993725048e-03
1.788625427787623751e-03
1.788528839122897852e-03
1.788432041451590597e-03
1.788335442341996637e-03
1.788238634202088135e-03
1.788142024644236898e-03
1.788045409866492351e-03
1.787948789868007947e-03
1.787852164647937576e-03
1.787755534205434475e-03
1.787658898539651450e-03
1.787562257649741738e-03
1.787465611534857926e-03
1.787369164105436078e-03
1.787272507549088601e-03
1.787176049698542719e-03
1.787079382697346914e-03
1.786982914422298625e-03
1.786886440939236846e-03
1.786789758269935338e-03
1.786693274357301423e-03
1.786596785234121536e-03
1.786500290899550652e-03
1.786403791352744394e-03
1.786307490625334629e-03
1.786210980662547576e-03
1.786114465484992886e-03
1.786018149157354764e-03
1.785921623558756272e-03
1.785825296830421786e-03
1.785728760807403720e-03
1.785632423675003171e-03
1.785536081344811640e-03
1.785439733815988002e-03
1.785343381087690483e-03
1.785247023159077309e-03
1.785150660029306054e-03
1.785054291697535161e-03
1.784957918162920687e-03
1.784861743622364640e-03
1.784765359690564015e-03
1.784669174773170124e-03
1.784572780440816901e-03
1.784476585143225658e-03
1.784380180406952522e-03
1.784283974725802465e-03
1.784187763857119280e-03
1.784091547800064010e-03
1.783995326553796399e-03
1.783899100117477491e-03
1.783802868490267464e-03
1.783706836001282010e-03
1.783610594000794008e-03
1.783514346806894984e-03
1.783418298781759039e-03
1.783322041209546354e-03
1.783225982826456548e-03
1.783129919268638258e-03
1.783033850535255347e-03
1.782937572207378115e-03
1.782841493109339238e-03
1.782745408833223211e-03
1.782649319378193029e-03
1.782553429205580237e-03
1.782457329401232297e-03
1.782361224415458106e-03
1.782265318742641547e-03
1.782169203402530176e-03
1.782073287395736019e-03
1.781977161697939887e-03
1.781881235353827706e-03
1.781785303845309512e-03
1.781689162610223826e-03
1.781593220759373824e-03
1.781497273741612436e-03
1.781401321556104174e-03
1.781305568807416053e-03
1.781209606294933056e-03
1.781113638612199330e-03
1.781017870396831406e-03
1.780921892382117616e-03
1.780826113855134632e-03
1.780730125505102738e-03
1.780634336663172506e-03
1.780538542668025012e-03
1.780442538814272198e-03
1.780346734499178418e-03
1.780250925028369589e-03
1.780155110401012829e-03
1.780059290616276338e-03
1.779963670432977655e-03
1.779867840342005698e-03
1.779772005091155573e-03
1.779676369472300628e-03
1.779580523910223372e-03
1.779484878000513453e-03
1.779389226949634794e-03
1.779293365919992591e-03
1.779197704573275748e-03
1.779102038082900402e-03
1.779006366448036489e-03
1.778910689667854809e-03
1.778815007741524432e-03
1.778719320668214858e-03
1.778623833360992420e-03
1.778528136002258640e-03
1.778432433494054384e-03
1.778336930782505043e-03
1.778241217983897926e-03
1.778145705002324170e-03
1.778050186890001074e-03
1.777954663646102258e-03
1.777858930267764729e-03
1.777763396747215072e-03
1.777667858092605571e-03
1.777572314303108112e-03
1.777476970424005966e-03
1.777381416373271985e-03
1.777285857185167007e-03
1.777190497938026205e-03
1.777094928483722094e-03
1.776999558990761258e-03
1.776903979266948380e-03
1.776808599524864812e-03
1.776713214662486431e-03
1.776617824678988376e-03
1.776522224417262114e-03
1.776426824178032899e-03
1.776331418815207041e-03
1.776236213517301326e-03
1.776140797915828516e-03
1.776045377188283396e-03
1.775950156556232269e-03
1.775854725585091463e-03
1.775759289485400946e-03
1.775664053511792585e-03
1.775568812430023367e-03
1.775473360961791558e-03
1.775378109650221177e-03
1.775282853228022295e-03
1.775187591694371136e-03
1.775092325048445224e-03
1.774997053289421650e-03
1.774901776416476637e-03
1.774806699783398195e-03
1.774711412691165309e-03
1.774616325859182647e-03
1.774521028544372853e-03
1.774425931510203221e-03
1.774330623969526182e-03
1.774235516729884667e-03
1.774140404391781568e-03
1.774045286954396578e-03
1.773949958963144278e-03
1.773854831313716922e-03
1.773759904038347624e-03
1.773664766195630913e-03
1.773569623249528606e-03
1.773474475199220178e-03
1.773379527563759229e-03
1.773284369313600723e-03
1.773189411498683537e-03
1.773094243045394806e-03
1.772999275047746010e-03
1.772904301963009344e-03
1.772809323790367321e-03
1.772714134932006427e-03
1.772619146570081827e-03
1.772524153117795284e-03
1.772429360204380491e-03
1.772334356579937644e-03
1.772239347862679306e-03
1.772144334051785819e-03
1.772049520820566729e-03
1.771954496830974645e-03
1.771859673441456440e-03
1.771764844977068674e-03
1.771669805718810919e-03
1.771574967091226697e-03
1.771480123386325869e-03
1.771385274603293116e-03
1.771290420741312901e-03
1.771195561799568385e-03
1.771100697777243816e-03
1.771005828673523005e-03
1.770911160293927450e-03
1.770816281035990196e-03
1.770721602522577895e-03
1.770626713107163568e-03
1.770532024456679746e-03
1.770437124880525331e-03
1.770342426089713478e-03
1.770247722233022269e-03
1.770153013309638552e-03
1.770058299318750259e-03
1.769963580259542070e-03
1.769868856131201701e-03
1.769774126932914266e-03
1.769679392663866179e-03
1.769584859283832501e-03
1.769490114881846739e-03
1.769395571389281588e-03
1.769300816851106630e-03
1.769206263242763906e-03
1.769111704580819764e-03
1.769016934837777276e-03
1.768922366055185541e-03
1.768827792216558789e-03
1.768733213321086470e-03
1.768638629367957384e-03
1.768544040356359679e-03
1.768449652378282317e-03
1.768355053258337077e-03
1.768260449077490269e-03
1.768166045960784926e-03
1.768071431666726418e-03
1.767977018457224467e-03
1.767882600205615161e-03
1.767787970741173690e-03
1.767693542391912285e-03
1.767599108998116645e-03
1.767504670558979257e-03
1.767410227073691088e-03
1.767315778541442457e-03
1.767221324961425200e-03
1.767127072579876418e-03
1.767032608912917895e-03
1.766938140195763000e-03
1.766843872707707895e-03
1.766749393898761665e-03
1.766655116339335089e-03
1.766560833748518061e-03
1.766466339801335680e-03
1.766372047134305567e-03
1.766277749433464847e-03
1.766183446698007739e-03
1.766089138927128032e-03
1.765994826120018211e-03
1.765900714666150412e-03
1.765806391795184593e-03
1.765712063885569371e-03
1.765617937359831606e-03
1.765523599381524844e-03
1.765429462807518437e-03
1.765335114757294850e-03
1.765240968131801241e-03
1.765146816484862999e-03
1.765052659815676949e-03
1.764958498123438612e-03
1.764864331407344162e-03
1.764770159666589769e-03
1.764675982900370307e-03
1.764581801107881730e-03
1.764487820843862846e-03
1.764393629007447858e-03
1.764299432142350105e-03
1.764205436836370272e-03
1.764111436522135777e-03
1.764017224588224205e-03
1.763923214244069674e-03
1.763829198889256588e-03
1.763735178522984589e-03
1.763641153144451584e-03
1.763547122752856565e-03
1.763453087347396789e-03
1.763359046927271030e-03
1.763265001491676112e-03
1.763170951039809723e-03
1.763077102291687537e-03
1.762983041815899569e-03
1.762889183064286725e-03
1.762795319315233269e-03
1.762701243803067560e-03
1.762607370045725201e-03
1.762513491288544626e-03
1.762419607530726776e-03
1.762325718771472595e-03
1.762231825009982593e-03
1.762137926245457061e-03
1.762044022477096726e-03
1.761950113704100797e-03
1.761856406789713038e-03
1.761762488016073566e-03
1.761668771121476223e-03
1.761574842343996980e-03
1.761481115465999897e-03
1.761387176681484439e-03
1.761293439816896591e-03
1.761199697963323173e-03
1.761105951119967946e-03
1.761012199286033373e-03
1.760918442460723430e-03
1.760824680643238846e-03
1.760730913832784248e-03
1.760637349035835617e-03
1.760543572248071675e-03
1.760449790464944670e-03
1.760356210725991808e-03
1.760262626012117429e-03
1.760168829260177125e-03
1.760075234583069600e-03
1.759981634928658133e-03
1.759888030296148436e-03
1.759794420684746659e-03
1.759700806093657212e-03
1.759607186522086242e-03
1.759513561969238381e-03
1.759419932434318472e-03
1.759326297916531364e-03
1.759232865587620790e-03
1.759139221112739505e-03
1.759045778847179338e-03
1.758952124412027597e-03
1.758858672206647196e-03
1.758765215035672236e-03
1.758671545659671589e-03
1.758578078544118049e-03
1.758484606460593161e-03
1.758391129408304375e-03
1.758297647386458922e-03
1.758204160394264250e-03
1.758110875735680815e-03
1.758017378811434651e-03
1.757923876914461612e-03
1.757830577381777962e-03
1.757737065548001373e-03
1.757643756098965912e-03
1.757550441696074115e-03
1.757456914956668061e-03
1.757363590632682153e-03
1.757270261352469626e-03
1.757176927115240749e-03
1.757083587920205787e-03
1.756990243766574358e-03
1.756896894653556512e-03
1.756803540580361431e-03
1.756710389016219063e-03
1.756617025031323833e-03
1.756523863575932404e-03
1.756430489676180260e-03
1.756337318326387995e-03
1.756243934508618272e-03
1.756150753261272526e-03
1.756057567069473080e-03
1.755964375932433236e-03
1.755871179849365429e-03
1.755777978819481880e-03
1.755684772841994805e-03
1.755591561916116641e-03
1.755498346041058522e-03
1.755405125216032884e-03
1.755312107075541550e-03
1.755218876359241698e-03
1.755125848347935478e-03
1.755032607737213755e-03
1.754939569851949547e-03
1.754846527034033179e-03
1.754753479282679688e-03
1.754660218884696943e-03
1.754567161253097743e-03
1.754474098685704798e-03
1.754381238927194171e-03
1.754288166496878031e-03
1.754195089128413043e-03
1.754102006821012293e-03
1.754009127363425095e-03
1.753916035186822969e-03
1.753823145880498060e-03
1.753730043831555141e-03
1.753637144673358310e-03
1.753544240593555821e-03
1.753451123735729400e-03
1.753358209799353237e-03
1.753265290939022168e-03
1.753172367153953397e-03
1.753079438443362831e-03
1.752986504806468109e-03
1.752893774164235698e-03
1.752800830683406497e-03
1.752707882273923240e-03
1.752615136889807768e-03
1.752522178631694787e-03
1.752429423419420412e-03
1.752336663297399165e-03
1.752243690265986630e-03
1.752150920311119475e-03
1.752058145444164005e-03
1.751965365664340029e-03
1.751872580970866488e-03
1.751779791362962540e-03
1.751686996839847991e-03
1.751594197400740700e-03
1.751501601131875974e-03
1.751408791869466788e-03
1.751315977688722332e-03
1.751223366708936973e-03
1.751130750831291936e-03
1.751037921912916443e-03
1.750945296226208339e-03
1.750852665639306052e-03
1.750760030151432209e-03
1.750667389761808137e-03
1.750574744469656245e-03
1.750482094274197643e-03
1.750389439174654307e-03
1.750296779170247129e-03
1.750204114260197003e-03
1.750111652696003956e-03
1.750018977983358462e-03
1.749926298362733347e-03
1.749833822118693986e-03
1.749741340987157534e-03
1.749648646659984156e-03
1.749556155740116317e-03
1.749463659930423605e-03
1.749371159230130816e-03
1.749278653638462093e-03
1.749186143154641149e-03
1.749093627777892346e-03
1.749001107507438309e-03
1.748908790738014536e-03
1.748816260688847287e-03
1.748723725743647024e-03
1.748631394330205698e-03
1.748538849601637525e-03
1.748446508425315375e-03
1.748354162371896017e-03
1.748261602967974681e-03
1.748169247147029126e-03
1.748076886446665520e-03
1.747984520866110612e-03
1.747892150404590714e-03
1.747799775061331922e-03
1.747707603374299996e-03
1.747615218276265007e-03
1.747522828294170282e-03
1.747430433427240833e-03
1.747338242257523259e-03
1.747245837629630505e-03
1.747153636719440397e-03
1.747061430943360697e-03
1.746969220300621187e-03
1.746876796152555845e-03
1.746784575763169270e-03
1.746692350504808547e-03
1.746600120376701941e-03
1.746507885378078368e-03
1.746415645508165877e-03
1.746323609470203835e-03
1.746231359866423334e-03
1.746139105389039577e-03
1.746047054774346871e-03
1.745954790558469248e-03
1.745862730225777133e-03
1.745770665038435566e-03
1.745678386214551082e-03
1.745586311304592924e-03
1.745494231537678565e-03
1.745402146913039741e-03
1.745310057429906667e-03
1.745217963087510862e-03
1.745125863885082758e-03
1.745033759821853440e-03
1.744941859766327213e-03
1.744849745990211367e-03
1.744757627350986039e-03
1.744665712750215463e-03
1.744573584393491195e-03
1.744481660095722857e-03
1.744389730953809685e-03
1.744297796966985800e-03
1.744205649177073833e-03
1.744113705487114301e-03
1.744021756949943594e-03
1.743929803564794748e-03
1.743837845330901233e-03
1.743746091260001737e-03
1.743654123337340855e-03
1.743562150563634193e-03
1.743470381983674511e-03
1.743378399516604116e-03
1.743286621263781446e-03
1.743194629100281194e-03
1.743102841171536134e-03
1.743011048409187722e-03
1.742919041700810665e-03
1.742827239257949568e-03
1.742735431979192248e-03
1.742643619863773908e-03
1.742551802910929752e-03
1.742460190286649214e-03
1.742368363667683205e-03
1.742276532208999161e-03
1.742184695909830983e-03
1.742093063980246562e-03
1.742001218008844884e-03
1.741909576427534646e-03
1.741817930024721619e-03
1.741726069544755236e-03
1.741634413485642144e-03
1.741542752602740331e-03
1.741451086895289121e-03
1.741359416362526320e-03
1.741267741003689517e-03
1.741176060818016950e-03
1.741084375804745560e-03
1.740992895306150848e-03
1.740901200646420262e-03
1.740809501156804270e-03
1.740718006212636131e-03
1.740626297071990597e-03
1.740534792497306672e-03
1.740443283111729311e-03
1.740351559494342573e-03
1.740260040473688187e-03
1.740168516639861588e-03
1.740076987992102966e-03
1.739985454529652947e-03
1.739893916251751289e-03
1.739802373157638181e-03
1.739711034743839655e-03
1.739619482026047957e-03
1.739527924489764734e-03
1.739436571664572254e-03
1.739345004500054623e-03
1.739253642067144527e-03
1.739162065271353686e-03
1.739070693227694328e-03
1.738979316383028589e-03
1.738887934736599913e-03
1.738796548287651093e-03
1.738705157035425357e-03
1.738613760979164412e-03
1.738522360118111270e-03
1.738430954451507639e-03
1.738339543978595879e-03
1.738248338372191341e-03
1.738156918295415869e-03
1.738065703105664628e-03
1.737974273421997919e-03
1.737883048645878521e-03
1.737791609352291097e-03
1.737700374986780351e-03
1.737609135830946519e-03
1.737517891884034779e-03
1.737426643145290311e-03
1.737335389613958291e-03
1.737244131289283032e-03
1.737152868170509495e-03
1.737061600256881774e-03
1.736970537375464663e-03
1.736879259880888277e-03
1.736787977589191508e-03
1.736696900360498860e-03
1.736605608483324280e-03
1.736514521689682755e-03
1.736423430117941657e-03
1.736332333767349198e-03
1.736241022721195064e-03
1.736149916799627083e-03
1.736058806096948699e-03
1.735967690612406824e-03
1.735876570345249240e-03
1.735785655265774689e-03
1.735694525442148641e-03
1.735603390833648056e-03
1.735512461443624232e-03
1.735421317274141867e-03
1.735330378343665197e-03
1.735239224610191523e-03
1.735148276136258333e-03
1.735057322894975650e-03
1.734966154815387402e-03
1.734875192026141388e-03
1.734784224467293993e-03
1.734693252138095167e-03
1.734602275037794208e-03
1.734511293165640197e-03
1.734420516657200718e-03
1.734329525250112667e-03
1.734238529068919893e-03
1.734147738282243402e-03
1.734056732561616715e-03
1.733965932256040666e-03
1.733874916992978995e-03
1.733784107165508388e-03
1.733693292581472848e-03
1.733602473240125142e-03
1.733511438894225513e-03
1.733420610024992599e-03
1.733329776396202136e-03
1.733238938007104941e-03
1.733148305147521294e-03
1.733057457246589637e-03
1.732966604583107383e-03
1.732875957479943895e-03
1.732785095300142051e-03
1.732694228355543143e-03
1.732603567002082533e-03
1.732512900904367888e-03
1.732422019682951621e-03
1.732331344083482992e-03
1.732240663737523185e-03
1.732149978644327354e-03
1.732059288803149567e-03
1.731968594213244110e-03
1.731877894873864836e-03
1.731787190784265596e-03
1.731696481943699809e-03
1.731605978829293220e-03
1.731515260495582013e-03
1.731424747908568915e-03
1.731334020078730950e-03
1.731243498016136074e-03
1.731152760687189145e-03
1.731062229146036139e-03
1.730971692869993786e-03
1.730881151858318541e-03
1.730790606110267508e-03
1.730700055625097357e-03
1.730609500402064327e-03
1.730518940440424654e-03
1.730428375739434792e-03
1.730337806298350113e-03
1.730247442759559129e-03
1.730156863847079427e-03
1.730066280192273185e-03
1.729975902470591012e-03
1.729885309339929556e-03
1.729794922162945607e-03
1.729704530262702981e-03
1.729614133638461169e-03
1.729523732289479877e-03
1.729433115472726271e-03
1.729342704661024441e-03
1.729252499886686214e-03
1.729162079631334312e-03
1.729071654647535827e-03
1.728981224934549163e-03
1.728890790491632509e-03
1.728800562137468473e-03
1.728710118243494045e-03
1.728619880458824804e-03
1.728529427110828175e-03
1.728439179892695809e-03
1.728348927962227452e-03
1.728258671318685198e-03
1.728168409961330487e-03
1.728077932981866415e-03
1.727987662183653019e-03
1.727897597599004726e-03
1.727807317379012001e-03
1.727717032441512075e-03
1.727626742785764655e-03
1.727536659384696152e-03
1.727446360301263320e-03
1.727356056497365367e-03
1.727265958978991232e-03
1.727175856760712136e-03
1.727085538813045128e-03
1.726995427181737298e-03
1.726905310848315337e-03
1.726815189812043070e-03
1.726725064072184108e-03
1.726634933628001410e-03
1.726544798478759019e-03
1.726454658623719678e-03
1.726364514062145913e-03
1.726274364793301116e-03
1.726184421955382926e-03
1.726094263280810847e-03
1.726004311057724666e-03
1.725914142974480613e-03
1.725824181363286953e-03
1.725734003868425147e-03
1.725644032866184953e-03
1.725554057172824438e-03
1.725464076787610029e-03
1.725374091709807938e-03
1.725284101938683295e-03
1.725194107473502093e-03
1.725104108313529460e-03
1.725014104458031175e-03
1.724924095906271498e-03
1.724834293961722111e-03
1.724744276026262671e-03
1.724654464718576715e-03
1.724564437396482360e-03
1.724474616722730756e-03
1.724384791370352091e-03
1.724294749968316096e-03
1.724204915245476860e-03
1.724115075841814405e-03
1.724025231756597326e-03
1.723935382989093788e-03
1.723845529538571304e-03
1.723755671404297819e-03
1.723665808585540414e-03
1.723576152540016960e-03
1.723486280361120806e-03
1.723396403495544137e-03
1.723306733434062585e-03
1.723216847203956148e-03
1.723127167798519516e-03
1.723037483725513384e-03
1.722947583448641460e-03
1.722857890027298770e-03
1.722768191936198878e-03
1.722678489174611681e-03
1.722588781741807946e-03
1.722499069637057354e-03
1.722409352859630887e-03
1.722319631408797142e-03
1.722230116907545435e-03
1.722140386118733817e-03
1.722050650654325049e-03
1.721961122170365989e-03
1.721871377363602424e-03
1.721781839557866506e-03
1.721692297095655079e-03
1.721602538275404746e-03
1.721512986487049295e-03
1.721423430040035837e-03
1.721333868933637087e-03
1.721244303167126415e-03
1.721154732739775669e-03
1.721065157650857784e-03
1.720975577899643959e-03
1.720886205274391482e-03
1.720796616207428964e-03
1.720707022475988007e-03
1.720617635901382139e-03
1.720528032849829659e-03
1.720438636975694545e-03
1.720349236456210655e-03
1.720259619424553341e-03
1.720170209601186483e-03
1.720080795130296157e-03
1.719991376011157248e-03
1.719901952243044424e-03
1.719812523825232789e-03
1.719723090756997011e-03
1.719633653037611325e-03
1.719544210666350183e-03
1.719454975607759761e-03
1.719365523941597399e-03
1.719276279608685865e-03
1.719186818644723776e-03
1.719097565034598913e-03
1.719008094769937075e-03
1.718918831879704930e-03
1.718829564353839545e-03
1.718740292191618625e-03
1.718651015392319657e-03
1.718561733955220128e-03
1.718472447879596660e-03
1.718383157164726739e-03
1.718293861809886986e-03
1.718204561814354022e-03
1.718115257177404032e-03
1.718026160039868829e-03
1.717936846128942287e-03
1.717847739738018230e-03
1.717758416550225304e-03
1.717669300903028416e-03
1.717580180632117788e-03
1.717490843529122973e-03
1.717401713997613114e-03
1.717312579840227834e-03
1.717223441056247224e-03
1.717134297644950939e-03
1.717045149605617984e-03
1.716955996937527366e-03
1.716866839639958524e-03
1.716777890007993362e-03
1.716688723460330123e-03
1.716599764598858695e-03
1.716510588798221635e-03
1.716421620704370156e-03
1.716332435647877682e-03
1.716243458318771065e-03
1.716154476376463567e-03
1.716065277436302572e-03
1.715976286254426763e-03
1.715887290457194679e-03
1.715798290043888579e-03
1.715709285013790287e-03
1.715620275366180978e-03
1.715531473550389180e-03
1.715442454676626175e-03
1.715353431183196976e-03
1.715264615552482665e-03
1.715175582828593320e-03
1.715086545482881518e-03
1.714997716030794992e-03
1.714908881977489103e-03
1.714819830784062660e-03
1.714730987515161037e-03
1.714642139642892681e-03
1.714553287166542452e-03
1.714464430085393910e-03
1.714375568398731264e-03
1.714286702105838290e-03
1.714197831205998765e-03
1.714108955698495813e-03
1.714020288219969069e-03
1.713931403506016495e-03
1.713842726841638235e-03
1.713753832918374397e-03
1.713665147065288833e-03
1.713576243929851002e-03
1.713487548885200829e-03
1.713398849249202520e-03
1.713310145021142887e-03
1.713221223463802382e-03
1.713132510038463093e-03
1.713043792018920531e-03
1.712955069404460424e-03
1.712866554974951149e-03
1.712777823179537735e-03
1.712689086787065476e-03
1.712600345796820751e-03
1.712511813032747141e-03
1.712423062855842519e-03
1.712334520925716226e-03
1.712245761559297655e-03
1.712157210460270697e-03
1.712068654781230938e-03
1.711980094521466707e-03
1.711891316778494385e-03
1.711802747344133742e-03
1.711714173326914050e-03
1.711625594726124073e-03
1.711537224486897775e-03
1.711448636727854215e-03
1.711360044383106226e-03
1.711271447451941921e-03
1.711183058923568517e-03
1.711094452828463121e-03
1.711006055156758660e-03
1.710917439894868311e-03
1.710829033076995218e-03
1.710740408645474104e-03
1.710651992678592637e-03
1.710563572141648092e-03
1.710475147033932268e-03
1.710386717354735447e-03
1.710298283103348993e-03
1.710209844279064056e-03
1.710121400881170267e-03
1.710032952908958556e-03
1.709944713505886235e-03
1.709856256393935429e-03
1.709767794705538196e-03
1.709679541617210473e-03
1.709591070784820819e-03
1.709502808573120248e-03
1.709414541804175989e-03
1.709326057255998281e-03
1.709237781359437608e-03
1.709149500903512980e-03
1.709061215887518583e-03
1.708972926310747082e-03
1.708884632172492229e-03
1.708796333472046474e-03
1.708708030208702698e-03
1.708619722381753353e-03
1.708531623310945288e-03
1.708443306365689572e-03
1.708354984854706504e-03
1.708266872130803507e-03
1.708178754861795334e-03
1.708090419671449717e-03
1.708002293299111475e-03
1.707914162379555161e-03
1.707825813503488803e-03
1.707737673476370779e-03
1.707649528899921141e-03
1.707561379773434940e-03
1.707473226096207879e-03
1.707385067867534358e-03
1.707297118561411971e-03
1.707208951238756373e-03
1.707120779362540555e-03
1.707032816439813579e-03
1.706944635465391198e-03
1.706856663465081353e-03
1.706768473389634784e-03
1.706680492308932035e-03
1.706592293129643003e-03
1.706504302965734278e-03
1.706416308264674300e-03
1.706328309025761155e-03
1.706240305248293149e-03
1.706152296931567067e-03
1.706064284074880781e-03
1.705976266677531944e-03
1.705888244738817125e-03
1.705800431920040253e-03
1.705712400907512119e-03
1.705624365351510532e-03
1.705536538946397177e-03
1.705448494312369933e-03
1.705360658849864154e-03
1.705272818863115417e-03
1.705184760612300570e-03
1.705096911563956392e-03
1.705009057989269371e-03
1.704921199887539764e-03
1.704833337258068043e-03
1.704745470100153815e-03
1.704657598413096683e-03
1.704569722196196688e-03
1.704482055276022043e-03
1.704394170008359521e-03
1.704306280208753386e-03
1.704218599736826356e-03
1.704130700882259880e-03
1.704043011376008346e-03
1.703955103463682119e-03
1.703867404920312526e-03
1.703779701862841167e-03
1.703691994290571334e-03
1.703604068265363470e-03
1.703516351650388250e-03
1.703428630518520311e-03
1.703340904869061643e-03
1.703253388682830338e-03
1.703165654007119051e-03
1.703077914811723876e-03
1.702990171095946368e-03
1.702902636884679171e-03
1.702814884137070607e-03
1.702727340914609276e-03
1.702639579132380005e-03
1.702552026895941609e-03
1.702464256076300676e-03
1.702376694823100334e-03
1.702289129065980402e-03
1.702201558804246340e-03
1.702113984037202307e-03
1.702026404764152897e-03
1.701938820984402918e-03
1.701851232697256314e-03
1.701763639902017459e-03
1.701676256777826055e-03
1.701588654975339345e-03
1.701501048662673078e-03
1.701413652052024064e-03
1.701326036727939450e-03
1.701238631126517900e-03
1.701151006788233309e-03
1.701063592193263665e-03
1.700976173105984502e-03
1.700888749525703665e-03
1.700801321451727265e-03
1.700713888883363147e-03
1.700626451819917638e-03
1.700539010260697717e-03
1.700451564205009711e-03
1.700364113652159948e-03
1.700276658601454103e-03
1.700189413419338864e-03
1.700101949381867261e-03
1.700014480844459211e-03
1.699927222206623059e-03
1.699839959089500824e-03
1.699752477070183825e-03
1.699665204981409394e-03
1.699577928411276535e-03
1.699490647359095047e-03
1.699403147357879309e-03
1.699315857328512289e-03
1.699228562815022344e-03
1.699141263816718404e-03
1.699054174843281752e-03
1.698966866884300125e-03
1.698879554438431508e-03
1.698792237504985264e-03
1.698705130637717014e-03
1.698617804738067772e-03
1.698530688925249058e-03
1.698443354056634706e-03
1.698356229295509270e-03
1.698269100064700964e-03
1.698181966363522186e-03
1.698094613559723897e-03
1.698007470904723927e-03
1.697920323777286564e-03
1.697833172176723120e-03
1.697746016102344912e-03
1.697659070240114957e-03
1.697571905227063162e-03
1.697484735738130331e-03
1.697397561772627126e-03
1.697310598060592854e-03
1.697223415150909400e-03
1.697136442515351966e-03
1.697049250658735041e-03
1.696962269096906426e-03
1.696875283076416940e-03
1.696788077799752607e-03
1.696701082848869587e-03
1.696614083437266362e-03
1.696527079564256199e-03
1.696440071229152365e-03
1.696353058431268991e-03
1.696266041169918696e-03
1.696179234318371263e-03
1.696092208139051523e-03
1.696005177494205743e-03
1.695918357290155396e-03
1.695831317723224324e-03
1.695744488617750107e-03
1.695657440125989410e-03
1.695570602116352413e-03
1.695483544697016240e-03
1.695396697780476901e-03
1.695309846414965555e-03
1.695222990599797421e-03
1.695136130334289450e-03
1.695049265617756644e-03
1.694962396449515088e-03
1.694875522828880434e-03
1.694788644755167682e-03
1.694701977288952301e-03
1.694615090318055779e-03
1.694528198892027897e-03
1.694441518104501014e-03
1.694354617777185873e-03
1.694267928109040311e-03
1.694181234005065657e-03
1.694094320326207338e-03
1.694007617337519840e-03
1.693920909910957579e-03
1.693834198045839892e-03
1.693747481741484599e-03
1.693660760997209736e-03
1.693574035812333341e-03
1.693487306186172801e-03
1.693400572118046368e-03
1.693313833607271212e-03
1.693227305901726532e-03
1.693140558514633727e-03
1.693053806682845224e-03
1.692967265687301453e-03
1.692880720267734901e-03
1.692793955119828008e-03
1.692707400839169691e-03
1.692620842132449644e-03
1.692534063662291463e-03
1.692447496090397196e-03
1.692360924090402464e-03
1.692274347661627473e-03
1.692187766803392645e-03
1.692101181515017535e-03
1.692014807198631869e-03
1.691928213058961194e-03
1.691841614487111286e-03
1.691755011482401700e-03
1.691668619491041485e-03
1.691582007629601012e-03
1.691495606802186514e-03
1.691409201561231085e-03
1.691322576415116687e-03
1.691236162334040349e-03
1.691149743837392369e-03
1.691063320924495340e-03
1.690976893594672500e-03
1.690890461847246009e-03
1.690804025681539105e-03
1.690717585096873296e-03
1.690631140092571606e-03
1.690544690667955324e-03
1.690458236822347041e-03
1.690371994167219442e-03
1.690285531488620180e-03
1.690199280021179072e-03
1.690112808506880710e-03
1.690026548224424045e-03
1.689940067871718030e-03
1.689853798771541590e-03
1.689767525266997871e-03
1.689681247357411632e-03
1.689594965042108283e-03
1.689508678320412799e-03
1.689422387191649505e-03
1.689336091655143594e-03
1.689249791710219824e-03
1.689163487356201655e-03
1.689077178592413627e-03
1.688991081206615581e-03
1.688904763632288232e-03
1.688818657456631588e-03
1.688732331069066556e-03
1.688646216100858372e-03
1.688559880897355561e-03
1.688473757133902029e-03
1.688387628977320708e-03
1.688301496426939394e-03
1.688215143594496391e-03
1.688129002243480593e-03
1.688042856496645150e-03
1.687956922273959031e-03
1.687870767744485776e-03
1.687784608817174741e-03
1.687698445491352204e-03
1.687612277766344657e-03
1.687526321617216106e-03
1.687440145102846309e-03
1.687354180185042952e-03
1.687267994878620999e-03
1.687182021189457919e-03
1.687096043119112789e-03
1.687009844625084014e-03
1.686923857779352434e-03
1.686837866550426742e-03
1.686751870937637119e-03
1.686665870940311793e-03
1.686579866557781594e-03
1.686493857789374533e-03
1.686407844634419707e-03
1.686321827092246428e-03
1.686236021303184505e-03
1.686149994995586642e-03
1.686063964298756745e-03
1.685978145386084551e-03
1.685892105919807680e-03
1.685806278258384630e-03
1.685720446227086458e-03
1.685634393607128318e-03
1.685548552823065791e-03
1.685462707667124320e-03
1.685376858138634736e-03
1.685291004236929169e-03
1.685205145961339319e-03
1.685119283311196665e-03
1.685033416285832471e-03
1.684947544884577569e-03
1.684861885424044584e-03
1.684776005280027742e-03
1.684690120758114418e-03
1.684604448207973476e-03
1.684518554939289916e-03
1.684432873663077677e-03
1.684346971644950673e-03
1.684261281640000432e-03
1.684175587275186159e-03
1.684089888549841936e-03
1.684003969035845595e-03
1.683918261576428880e-03
1.683832549754483163e-03
1.683746833569341661e-03
1.683661113020338673e-03
1.683575604589358917e-03
1.683489875321656773e-03
1.683404141688093873e-03
1.683318403688003652e-03
1.683232877847349283e-03
1.683147131123233220e-03
1.683061596579254983e-03
1.682975841128449409e-03
1.682890297878489923e-03
1.682804750280047276e-03
1.682719198332458801e-03
1.682633425431319081e-03
1.682547864772433299e-03
1.682462299762409142e-03
1.682376730400582648e-03
1.682291156686290066e-03
1.682205578618866564e-03
1.682120212867503411e-03
1.682034626102850124e-03
1.681949034983074454e-03
1.681863656210418057e-03
1.681778056389432062e-03
1.681692668936269914e-03
1.681607060411419467e-03
1.681521664275103731e-03
1.681436047043732970e-03
1.681350642221614289e-03
1.681265233061105717e-03
1.681179819561546109e-03
1.681094401722274751e-03
1.681008979542629629e-03
1.680923553021948730e-03
1.680838122159570474e-03
1.680752686954832846e-03
1.680667247407073833e-03
1.680581803515630553e-03
1.680496572159035501e-03
1.680411119589265284e-03
1.680325879575050255e-03
1.680240418324308298e-03
1.680155169649834778e-03
1.680069699715474327e-03
1.679984442378102284e-03
1.679899180713795596e-03
1.679813914721895937e-03
1.679728427423397581e-03
1.679643152763318032e-03
1.679557873773665977e-03
1.679472590453781784e-03
1.679387519825425610e-03
1.679302227854120692e-03
1.679216931550605620e-03
1.679131630914220763e-03
1.679046543010796928e-03
1.678961233717719522e-03
1.678875920089792145e-03
1.678790819225910299e-03
1.678705714047897587e-03
1.678620387433525608e-03
1.678535273614271527e-03
1.678450155478915500e-03
1.678365033026800934e-03
1.678279689091622274e-03
1.678194557993002971e-03
1.678109422575652099e-03
1.678024282838912412e-03
1.677939355991849750e-03
1.677854207625382923e-03
1.677769054937555985e-03
1.677683897927710827e-03
1.677598953848986755e-03
1.677513788204160194e-03
1.677428835511172740e-03
1.677343661228737756e-03
1.677258699918865968e-03
1.677173516996194238e-03
1.677088547066814782e-03
1.677003572832203807e-03
1.676918594291706890e-03
1.676833611444668738e-03
1.676748624290435577e-03
1.676663632828351465e-03
1.676578637057761761e-03
1.676493636978011173e-03
1.676408632588443975e-03
1.676323623888404659e-03
1.676238828307317951e-03
1.676153810995395076e-03
1.676068789371034208e-03
1.675983980896721083e-03
1.675899168130695572e-03
1.675814133587151186e-03
1.675729312224737101e-03
1.675644486568653646e-03
1.675559439100034837e-03
1.675474604843642549e-03
1.675389766291622172e-03
1.675304923443321449e-03
1.675220076298087257e-03
1.675135224855266907e-03
1.675050369114207058e-03
1.674965726669598674e-03
1.674880862341126143e-03
1.674795993712455177e-03
1.674711338411329293e-03
1.674626461191331458e-03
1.674541579669175818e-03
1.674456911505671887e-03
1.674372239060743783e-03
1.674287344650262103e-03
1.674202663629526184e-03
1.674117978325415828e-03
1.674033288737279647e-03
1.673948594864468203e-03
1.673863896706331194e-03
1.673779194262217879e-03
1.673694487531477305e-03
1.673609776513459166e-03
1.673525061207511641e-03
1.673440341612984208e-03
1.673355835533911658e-03
1.673271107371298531e-03
1.673186592744869364e-03
1.673101856011570410e-03
1.673017332835190782e-03
1.672932587528604565e-03
1.672848055799679113e-03
1.672763519799012714e-03
1.672678979525956799e-03
1.672594217076028280e-03
1.672509668245235163e-03
1.672425115140107471e-03
1.672340557759996417e-03
1.672255996104253864e-03
1.672171648131161228e-03
1.672087077933233487e-03
1.672002503457729189e-03
1.671917924703999548e-03
1.671833559674402048e-03
1.671748972373304082e-03
1.671664598817074708e-03
1.671580002966016306e-03
1.671495620880569452e-03
1.671411234535048534e-03
1.671326625859705746e-03
1.671242230981087639e-03
1.671157831840456914e-03
1.671073428437167821e-03
1.670989020770575042e-03
1.670904608840031525e-03
1.670820192644891736e-03
1.670735772184508841e-03
1.670651347458236438e-03
1.670567136633698468e-03
1.670482703384733531e-03
1.670398265867940098e-03
1.670314042283999869e-03
1.670229596240639181e-03
1.670145364150875736e-03
1.670061127812738286e-03
1.669976668980201629e-03
1.669892424132375566e-03
1.669808175034244967e-03
1.669723921685165383e-03
1.669639664084493881e-03
1.669555183931107842e-03
1.669471136125799497e-03
1.669386865766488799e-03
1.669302591153010336e-03
1.669218312284719442e-03
1.669134029160971883e-03
1.669049960147710177e-03
1.668965668522143795e-03
1.668881372639187833e-03
1.668797290897846468e-03
1.668712986509209321e-03
1.668628896282938400e-03
1.668544801818743232e-03
1.668460484672274835e-03
1.668376381719297507e-03
1.668292274526471473e-03
1.668208163093155534e-03
1.668124047418708062e-03
1.668039927502487640e-03
1.667955803343852857e-03
1.667871674942160778e-03
1.667787542296770209e-03
1.667703623949912985e-03
1.667619482826224707e-03
1.667535337456912178e-03
1.667451406417263257e-03
1.667367252565804970e-03
1.667283313064763222e-03
1.667199150728594171e-03
1.667115202763599360e-03
1.667031250571172993e-03
1.666947294150676042e-03
1.666863114848424806e-03
1.666779149958855406e-03
1.666695180839296818e-03
1.666611207489109578e-03
1.666527229907654008e-03
1.666443248094291079e-03
1.666359480767538913e-03
1.666275490499465094e-03
1.666191495997565528e-03
1.666107716013408074e-03
1.666023713052964530e-03
1.665939705856774901e-03
1.665855913209473476e-03
1.665772116347185184e-03
1.665688096461985122e-03
1.665604291156805045e-03
1.665520481634727087e-03
1.665436667895115038e-03
1.665352631085967707e-03
1.665268808898361184e-03
1.665184982491307820e-03
1.665101151864170539e-03
1.665017535911750496e-03
1.664933696853555930e-03
1.664849853573366432e-03
1.664766006070543839e-03
1.664682373283960827e-03
1.664598517344987585e-03
1.664514657181468717e-03
1.664431011765339207e-03
1.664347143161847226e-03
1.664263489326510545e-03
1.664179831286121108e-03
1.664096169040044440e-03
1.664012283559999136e-03
1.663928612889631472e-03
1.663844938011671418e-03
1.663761258925484281e-03
1.663677575630435369e-03
1.663593888125889124e-03
1.663510196411210201e-03
1.663426719590542285e-03
1.663343019464717017e-03
1.663259315126854130e-03
1.663175825714148992e-03
1.663092112961332908e-03
1.663008615154437696e-03
1.662924893984130082e-03
1.662841387780512100e-03
1.662757658190173321e-03
1.662674143587299438e-03
1.662590624789352014e-03
1.662507101795699608e-03
1.662423574605709914e-03
1.662340043218749975e-03
1.662256507634187050e-03
1.662172967851388832e-03
1.662089423869721715e-03
1.662005875688552523e-03
1.661922323307248083e-03
1.661838766725175004e-03
1.661755425266840842e-03
1.661671860292358817e-03
1.661588510462381867e-03
1.661504937092961450e-03
1.661421578888818557e-03
1.661338216502149375e-03
1.661254630541095711e-03
1.661171259776474769e-03
1.661087884827436691e-03
1.661004505693352206e-03
1.660921122373589876e-03
1.660837734867519778e-03
1.660754343174511123e-03
1.660670947293933558e-03
1.660587547225155641e-03
1.660504142967546802e-03
1.660420734520475601e-03
1.660337541395749640e-03
1.660254124578888551e-03
1.660170923105142114e-03
1.660087497915970368e-03
1.660004288090688972e-03
1.659920854526686015e-03
1.659837636347353878e-03
1.659754413995558151e-03
1.659670967870097895e-03
1.659587737160477753e-03
1.659504502276508593e-03
1.659421263217562012e-03
1.659338019983010257e-03
1.659254772572224708e-03
1.659171520984576310e-03
1.659088484897137386e-03
1.659005224964902464e-03
1.658921960853919917e-03
1.658838692563560256e-03
1.658755639814975561e-03
1.658672363175005184e-03
1.658589302097587641e-03
1.658506017105494668e-03
1.658422947696738033e-03
1.658339874126876345e-03
1.658256796395284234e-03
1.658173494702444789e-03
1.658090408634500671e-03
1.658007318402947424e-03
1.657924224007158382e-03
1.657841125446508608e-03
1.657758022720370785e-03
1.657674915828118460e-03
1.657592024645149469e-03
1.657508909429814253e-03
1.657425790046486262e-03
1.657342886403614804e-03
1.657259758693449981e-03
1.657176846744522376e-03
1.657093710705017731e-03
1.657010790447536845e-03
1.656927646076188088e-03
1.656844717507655702e-03
1.656761784788166178e-03
1.656678847917095881e-03
1.656595906893821180e-03
1.656512961717718441e-03
1.656430012388164031e-03
1.656347058904533882e-03
1.656264101266203713e-03
1.656181139472549238e-03
1.656098173522945957e-03
1.656015203416769154e-03
1.655932449249778154e-03
1.655849470839609525e-03
1.655766708389409553e-03
1.655683721672755217e-03
1.655600950936858681e-03
1.655517955911223887e-03
1.655435176887141676e-03
1.655352393723538056e-03
1.655269606419791780e-03
1.655186594779748353e-03
1.655103799182837962e-03
1.655020999443919220e-03
1.654938195562370229e-03
1.654855387537569307e-03
1.654772795619520454e-03
1.654689979317373275e-03
1.654607158870108905e-03
1.654524334277105444e-03
1.654441725832440360e-03
1.654358892957120443e-03
1.654276276250927179e-03
1.654193435090805381e-03
1.654110810120604583e-03
1.654027960673195045e-03
1.653945327436506709e-03
1.653862690071148962e-03
1.653780048576503157e-03
1.653697182558096440e-03
1.653614532792002005e-03
1.653531878894760106e-03
1.653449220865751230e-03
1.653366779142281806e-03
1.653284112858902435e-03
1.653201442441898199e-03
1.653118767890648716e-03
1.653036089204534256e-03
1.652953626875958235e-03
1.652870939929282053e-03
1.652788469360938223e-03
1.652705774151224218e-03
1.652623295340641466e-03
1.652540812413516320e-03
1.652458104810118579e-03
1.652375613637048274e-03
1.652293118345584408e-03
1.652210618935109855e-03
1.652128115405007919e-03
1.652045607754660823e-03
1.651963095983451438e-03
1.651880580090762420e-03
1.651798060075975990e-03
1.651715535938474153e-03
1.651633007677639131e-03
1.651550695973177420e-03
1.651468159474850546e-03
1.651385839553692631e-03
1.651303294815406478e-03
1.651220966675090570e-03
1.651138413694377277e-03
1.651056077332440936e-03
1.650973736864275350e-03
1.650891171520810176e-03
1.650808822827330279e-03
1.650726470025776042e-03
1.650644113115532071e-03
1.650561752095984058e-03
1.650479386966516174e-03
1.650397017726513461e-03
1.650314644375360526e-03
1.650232487769046031e-03
1.650150106204771074e-03
1.650067720527500365e-03
1.649985551626274903e-03
1.649903157732194149e-03
1.649820980634961664e-03
1.649738578521612329e-03
1.649656393225920354e-03
1.649573982890841731e-03
1.649491789394235634e-03
1.649409591801757023e-03
1.649327390112794193e-03
1.649245184326734136e-03
1.649162974442964060e-03
1.649080760460871608e-03
1.648998542379843555e-03
1.648916320199266894e-03
1.648834093918527966e-03
1.648751863537013329e-03
1.648669629054109976e-03
1.648587611546167842e-03
1.648505368869674151e-03
1.648423343188945784e-03
1.648341092316412326e-03
1.648259058460454802e-03
1.648176799389430413e-03
1.648094757355798422e-03
1.648012711237916783e-03
1.647930439870078654e-03
1.647848385570854692e-03
1.647766327185548997e-03
1.647684264713550947e-03
1.647602198154249700e-03
1.647520127507035069e-03
1.647438052771295781e-03
1.647355973946420344e-03
1.647274112285044114e-03
1.647192025291089549e-03
1.647109934206166535e-03
1.647028060315962545e-03
1.646945961058298834e-03
1.646864079016165843e-03
1.646781971583319596e-03
1.646700081386821835e-03
1.646617965776350778e-03
1.646536067423051393e-03
1.646454164995943010e-03
1.646372258494417174e-03
1.646290347917866081e-03
1.646208433265681278e-03
1.646126514537254310e-03
1.646044591731976939e-03
1.645962664849239627e-03
1.645880733888434137e-03
1.645798798848951364e-03
1.645716859730182204e-03
1.645635138005120245e-03
1.645553190736978848e-03
1.645471460883357650e-03
1.645389505463411934e-03
1.645307767478805701e-03
1.645225803904622718e-03
1.645144057786603487e-03
1.645062307606472282e-03
1.644980331801888579e-03
1.644898573484703192e-03
1.644816811103586322e-03
1.644735044657932117e-03
1.644653274147134725e-03
1.644571499570586992e-03
1.644489720927683283e-03
1.644407938217816011e-03
1.644326373090259415e-03
1.644244582255671196e-03
1.644162787352300556e-03
1.644080988379540342e-03
1.643999407030746068e-03
1.643917599928416354e-03
1.643836010470875117e-03
1.643754416963556656e-03
1.643672597667845221e-03
1.643590996048153357e-03
1.643509390376872784e-03
1.643427558882325440e-03
1.643345945095042423e-03
1.643264327254357693e-03
1.643182705359667352e-03
1.643101079410367281e-03
1.643019449405853363e-03
1.642938037182702484e-03
1.642856399076970736e-03
1.642774756914212137e-03
1.642693110693822572e-03
1.642611682296453478e-03
1.642530027970017046e-03
1.642448591487423839e-03
1.642366929052524720e-03
1.642285484482298953e-03
1.642203813936521763e-03
1.642122361276252820e-03
1.642040904575563318e-03
1.641959443833851959e-03
1.641877757070108997e-03
1.641796288233533883e-03
1.641714815354130630e-03
1.641633338431297074e-03
1.641551857464430830e-03
1.641470372452930168e-03
1.641389105442715582e-03
1.641307612351163318e-03
1.641226115213170137e-03
1.641144836107706704e-03
1.641063330886053696e-03
1.640981821616153058e-03
1.640900530410038197e-03
1.640819013052866255e-03
1.640737713780316505e-03
1.640656410479152507e-03
1.640574880992079314e-03
1.640493569620878707e-03
1.640412254219264943e-03
1.640330934786638460e-03
1.640249611322399910e-03
1.640168283825949730e-03
1.640086952296687705e-03
1.640005616734014704e-03
1.639924277137329430e-03
1.639842933506032536e-03
1.639761808106404923e-03
1.639680456415110047e-03
1.639599100687403124e-03
1.639517963222622814e-03
1.639436599431321395e-03
1.639355453923782568e-03
1.639274304399470283e-03
1.639192928513799087e-03
1.639111770943141528e-03
1.639030609353918757e-03
1.638949221368482360e-03
1.638868051729324305e-03
1.638786878069807985e-03
1.638705700389335787e-03
1.638624518687310750e-03
1.638543332963134178e-03
1.638462365659368054e-03
1.638381171900119308e-03
1.638299974116927274e-03
1.638218772309193690e-03
1.638137788963552922e-03
1.638056579115969953e-03
1.637975365242050861e-03
1.637894369861495579e-03
1.637813370475446227e-03
1.637732144540998344e-03
1.637651137131169868e-03
1.637570125714062075e-03
1.637488887713710577e-03
1.637407868269247311e-03
1.637326844815718396e-03
1.637245817352529255e-03
1.637164785879084228e-03
1.637083750394787438e-03
1.637002710899043874e-03
1.636921667391257659e-03
1.636840842534352698e-03
1.636759791011718583e-03
1.636678735475255051e-03
1.636597898620939864e-03
1.636516835066059239e-03
1.636435990214168360e-03
1.636354918638490601e-03
1.636274065786650495e-03
1.636192986187794476e-03
1.636112125333629439e-03
1.636031260482916734e-03
1.635950391635063086e-03
1.635869518789475870e-03
1.635788641945562028e-03
1.635707761102728501e-03
1.635626876260382013e-03
1.635545987417929724e-03
1.635465094574777272e-03
1.635384197730331600e-03
1.635303296883998348e-03
1.635222614919053805e-03
1.635141706078192770e-03
1.635060793233663896e-03
1.634980099301802528e-03
1.634899178459187953e-03
1.634818476550091394e-03
1.634737547707018450e-03
1.634656837818320102e-03
1.634576123944438478e-03
1.634495406084782469e-03
1.634414461244715214e-03
1.634333735400724874e-03
1.634253005569186830e-03
1.634172271749510406e-03
1.634091533941103413e-03
1.634010792143376044e-03
1.633930269415894126e-03
1.633849519648774250e-03
1.633768765890560026e-03
1.633688008140660348e-03
1.633607469502717114e-03
1.633526703778700193e-03
1.633446157187490007e-03
1.633365383486993149e-03
1.633284828940159174e-03
1.633204270420132980e-03
1.633123484756003781e-03
1.633042918276817997e-03
1.632962347822673830e-03
1.632881773392982775e-03
1.632801194987156326e-03
1.632720612604605763e-03
1.632640026244742146e-03
1.632559435906976320e-03
1.632478841590719997e-03
1.632398243295382937e-03
1.632317641020376202e-03
1.632237034765109769e-03
1.632156647831546495e-03
1.632076033625022137e-03
1.631995638761052532e-03
1.631915016600916446e-03
1.631834613804193429e-03
1.631753983688091162e-03
1.631673572956265916e-03
1.631593158261513245e-03
1.631512516212564557e-03
1.631432093579186001e-03
1.631351666981119492e-03
1.631271236417779127e-03
1.631190801888578136e-03
1.631110363392929532e-03
1.631029920930246978e-03
1.630949474499942837e-03
1.630869024101430555e-03
1.630788793223973254e-03
1.630708334898309199e-03
1.630627872602676042e-03
1.630547629859391843e-03
1.630467159633088893e-03
1.630386908979995601e-03
1.630306430820677513e-03
1.630226172255435204e-03
1.630145909738744785e-03
1.630065419681023860e-03
1.629985149248674645e-03
1.629904874863123947e-03
1.629824596523787817e-03
1.629744314230081436e-03
1.629664027981421286e-03
1.629583737777222114e-03
1.629503443616899319e-03
1.629423145499868516e-03
1.629342843425544019e-03
1.629262537393341226e-03
1.629182451112882362e-03
1.629102137174195291e-03
1.629021819275875251e-03
1.628941721160604610e-03
1.628861395352294850e-03
1.628781289347902561e-03
1.628701179403578125e-03
1.628620841731419702e-03
1.628540723894477283e-03
1.628460602115856934e-03
1.628380476394976437e-03
1.628300346731253578e-03
1.628220213124107005e-03
1.628140075572953420e-03
1.628059934077211255e-03
1.627979788636297644e-03
1.627899639249629936e-03
1.627819485916625264e-03
1.627739328636700544e-03
1.627659391328814455e-03
1.627579226164329327e-03
1.627499057051176199e-03
1.627419107941374329e-03
1.627338930940167927e-03
1.627258973963185192e-03
1.627179013057244820e-03
1.627098824225111338e-03
1.627018855448506994e-03
1.626938882741204868e-03
1.626858906102624912e-03
1.626778701491453849e-03
1.626698716977563247e-03
1.626618728530653587e-03
1.626538736150144821e-03
1.626458963920264468e-03
1.626378963681838043e-03
1.626298959508072585e-03
1.626218951398387394e-03
1.626139163481077820e-03
1.626059147508837838e-03
1.625979127598936678e-03
1.625899327912730266e-03
1.625819300136794893e-03
1.625739492605432100e-03
1.625659456961142755e-03
1.625579641582308591e-03
1.625499822284375440e-03
1.625419999066765857e-03
1.625340171928902613e-03
1.625260116620137925e-03
1.625180281629017573e-03
1.625100442715908620e-03
1.625020599880232751e-03
1.624940977415555241e-03
1.624861126744033251e-03
1.624781272148210923e-03
1.624701413627509510e-03
1.624621551181350482e-03
1.624541909158395666e-03
1.624462038870614754e-03
1.624382389026913500e-03
1.624302510895200271e-03
1.624222853228447999e-03
1.624142967250491150e-03
1.624063301758382196e-03
1.623983632358234853e-03
1.623903959049473626e-03
1.623824057383133892e-03
1.623744376244405305e-03
1.623664691195334615e-03
1.623585002235346329e-03
1.623505309363864734e-03
1.623425612580313687e-03
1.623346136398615830e-03
1.623266431800221175e-03
1.623186723288029499e-03
1.623107010861464658e-03
1.623027519078523197e-03
1.622947798832511659e-03
1.622868299251002634e-03
1.622788571183242639e-03
1.622709063800870577e-03
1.622629327909059713e-03
1.622549812723527623e-03
1.622470293641058072e-03
1.622390546014371550e-03
1.622311019125296377e-03
1.622231488337563116e-03
1.622151953650598439e-03
1.622072415063828153e-03
1.621992872576679366e-03
1.621913326188577668e-03
1.621833775898949299e-03
1.621754221707219848e-03
1.621674888358692413e-03
1.621595326372065422e-03
1.621515760481615854e-03
1.621436415465700442e-03
1.621356841776913161e-03
1.621277488983546324e-03
1.621197907494128457e-03
1.621118546921022745e-03
1.621038957628679472e-03
1.620959589273545916e-03
1.620880217032045004e-03
1.620800840903606011e-03
1.620721460887657563e-03
1.620642076983628719e-03
1.620562689190947888e-03
1.620483297509043479e-03
1.620403901937344116e-03
1.620324502475277992e-03
1.620245099122273082e-03
1.620165691877757143e-03
1.620086280741157717e-03
1.620007090689155969e-03
1.619927671777703082e-03
1.619848473971734161e-03
1.619769047283143833e-03
1.619689841720929179e-03
1.619610407252915696e-03
1.619531193932176750e-03
1.619451976736824284e-03
1.619372530600909996e-03
1.619293305643613231e-03
1.619214076809995543e-03
1.619134844099487727e-03
1.619055607511520360e-03
1.618976367045524452e-03
1.618897122700929930e-03
1.618817874477168021e-03
1.618738622373668435e-03
1.618659366389861316e-03
1.618580331700744668e-03
1.618501067965640548e-03
1.618421800348520193e-03
1.618342754057437195e-03
1.618263478685605036e-03
1.618184424660706281e-03
1.618105141531886795e-03
1.618026079770901963e-03
1.617947014146525753e-03
1.617867719383474061e-03
1.617788646019605644e-03
1.617709568790644953e-03
1.617630487696024950e-03
1.617551402735178815e-03
1.617472313907539292e-03
1.617393221212539561e-03
1.617314124649611934e-03
1.617235024218188722e-03
1.617155919917702238e-03
1.617076811747585226e-03
1.616997925103195446e-03
1.616918809203141518e-03
1.616839689431753780e-03
1.616760791217449920e-03
1.616681663712723474e-03
1.616602757785982371e-03
1.616523848007677452e-03
1.616444708904209290e-03
1.616365791410074877e-03
1.616286870062682256e-03
1.616207719355370340e-03
1.616128790288754022e-03
1.616049857367184454e-03
1.615970920590095467e-03
1.615891979956923059e-03
1.615813035467101710e-03
1.615734087120066116e-03
1.615655360498475168e-03
1.615576404446339345e-03
1.615497444535294235e-03
1.615418480764773887e-03
1.615339738761513259e-03
1.615260767281375678e-03
1.615182017589399284e-03
1.615103038397385426e-03
1.615024281014440293e-03
1.614945294108290899e-03
1.614866529032123405e-03
1.614787760114003764e-03
1.614708987353369709e-03
1.614629985023209504e-03
1.614551204564845192e-03
1.614472420262277495e-03
1.614393632114943713e-03
1.614314840122280277e-03
1.614236044283724704e-03
1.614157244598713424e-03
1.614078666870265300e-03
1.613999859501678456e-03
1.613921048284946503e-03
1.613842459056138252e-03
1.613763640152456481e-03
1.613684817398939979e-03
1.613606216664720738e-03
1.613527386220877562e-03
1.613448777817244389e-03
1.613370165583565777e-03
1.613291323605531031e-03
1.613212703699071606e-03
1.613134079960884927e-03
1.613055452390411114e-03
1.612976820987089199e-03
1.612898185750359084e-03
1.612819546679659368e-03
1.612740903774429737e-03
1.612662257034109224e-03
1.612583606458136429e-03
1.612504952045950386e-03
1.612426293796989695e-03
1.612347857756668513e-03
1.612269191843502614e-03
1.612190748159882895e-03
1.612112074580271176e-03
1.612033623251117945e-03
1.611954942002818709e-03
1.611876483025896341e-03
1.611797794106665941e-03
1.611719327479737510e-03
1.611640857032471371e-03
1.611562382764310025e-03
1.611483904674695326e-03
1.611405196584889425e-03
1.611326710839675698e-03
1.611248221271331356e-03
1.611169954090533110e-03
1.611091456885273363e-03
1.611012955855208127e-03
1.610934450999778169e-03
1.610855942318424258e-03
1.610777656076914886e-03
1.610699139753064314e-03
1.610620619601612962e-03
1.610542321921390550e-03
1.610463794124092352e-03
1.610385488818943424e-03
1.610307179705998838e-03
1.610228640441260578e-03
1.610150323700048616e-03
1.610072003149372625e-03
1.609993678788675759e-03
1.609915350617402907e-03
1.609837018634997221e-03
1.609758456431348642e-03
1.609680343234562569e-03
1.609601999815420126e-03
1.609523652582918983e-03
1.609445301536501860e-03
1.609366946675612562e-03
1.609288587999692724e-03
1.609210451994873411e-03
1.609132085698251760e-03
1.609053942093647280e-03
1.608975568174099901e-03
1.608897416967491976e-03
1.608819035422793869e-03
1.608740876611963570e-03
1.608662714003693695e-03
1.608584321022616184e-03
1.608506150806794785e-03
1.608427976791871076e-03
1.608349798977290815e-03
1.608271617362500190e-03
1.608193431946944741e-03
1.608115242730070223e-03
1.608037049711321959e-03
1.607958852890145921e-03
1.607880652265986565e-03
1.607802447838288995e-03
1.607724466302523332e-03
1.607646254277113806e-03
1.607568265164553917e-03
1.607490045539216976e-03
1.607411822107568649e-03
1.607333821620174092e-03
1.607255817347398238e-03
1.607177582515558140e-03
1.607099570659358163e-03
1.607021555016121313e-03
1.606943308779103631e-03
1.606865285549125650e-03
1.606787258530454135e-03
1.606709227722537226e-03
1.606631193124822849e-03
1.606553154736758277e-03
1.606475112557791867e-03
1.606397066587370893e-03
1.606319243719282752e-03
1.606241190175319942e-03
1.606163132838245473e-03
1.606085298634896911e-03
1.606007233720970753e-03
1.605929165012275842e-03
1.605851319468712055e-03
1.605773243179853000e-03
1.605695390077059928e-03
1.605617533199329896e-03
1.605539445541603622e-03
1.605461581101341392e-03
1.605383712884492263e-03
1.605305840890506762e-03
1.605227965118834763e-03
1.605150085568927010e-03
1.605072202240233597e-03
1.604994315132203964e-03
1.604916424244287555e-03
1.604838529575934895e-03
1.604760631126594993e-03
1.604682728895717508e-03
1.604605050019481879e-03
1.604527140234905409e-03
1.604449226667139464e-03
1.604371536485424063e-03
1.604293615360660556e-03
1.604215917642882886e-03
1.604137988958922187e-03
1.604060283702889124e-03
1.603982574682409623e-03
1.603904861896935947e-03
1.603826918099022190e-03
1.603749197770906439e-03
1.603671473676152644e-03
1.603593745814213718e-03
1.603516014184541705e-03
1.603438278786588431e-03
1.603360539619805725e-03
1.603282796683645848e-03
1.603205049977560193e-03
1.603127526847071592e-03
1.603049772610515549e-03
1.602972014602389644e-03
1.602894480201270348e-03
1.602816714659389356e-03
1.602739172745452217e-03
1.602661399667626267e-03
1.602583850238685969e-03
1.602506069622723238e-03
1.602428512676595329e-03
1.602350951976558345e-03
1.602273387522067149e-03
1.602195819312576168e-03
1.602118019858248541e-03
1.602040444126106656e-03
1.601962864637326758e-03
1.601885281391362843e-03
1.601807694387670207e-03
1.601730331170088091e-03
1.601652736660321352e-03
1.601575138391188530e-03
1.601497536362142537e-03
1.601420158161095432e-03
1.601342548621613590e-03
1.601264935320580131e-03
1.601187545878970074e-03
1.601109925064226908e-03
1.601032528129853931e-03
1.600955127453786066e-03
1.600877495369906235e-03
1.600800087197811567e-03
1.600722675282391805e-03
1.600645259623103764e-03
1.600567840219404691e-03
1.600490189350083992e-03
1.600412762444914771e-03
1.600335331793702577e-03
1.600258125149625708e-03
1.600180687015716760e-03
1.600103245134134418e-03
1.600025799504334193e-03
1.599948350125772467e-03
1.599871124806718885e-03
1.599793667940029203e-03
1.599716207322945212e-03
1.599638970796799517e-03
1.599561502688327591e-03
1.599484258691743566e-03
1.599407010964629767e-03
1.599329531620518685e-03
1.599252276419715684e-03
1.599175017486760076e-03
1.599097754821109541e-03
1.599020260492220935e-03
1.598942990348544606e-03
1.598865716470549000e-03
1.598788438857692449e-03
1.598711157509433503e-03
1.598633872425230494e-03
1.598556811600658316e-03
1.598479519053965913e-03
1.598402222769705096e-03
1.598324922747333546e-03
1.598247847026500494e-03
1.598170539537310982e-03
1.598093456370607186e-03
1.598016141412435644e-03
1.597939050797702893e-03
1.597861728368384169e-03
1.597784630303462948e-03
1.597707528518141655e-03
1.597630194883560735e-03
1.597553085644811809e-03
1.597475972684044530e-03
1.597398856000719833e-03
1.597321735594298868e-03
1.597244611464242138e-03
1.597167483610010359e-03
1.597090352031063816e-03
1.597013216726863010e-03
1.596936077696867792e-03
1.596859163179042062e-03
1.596782016706865641e-03
1.596704866507276527e-03
1.596627940851291175e-03
1.596550783206287117e-03
1.596473621832250351e-03
1.596396685033264849e-03
1.596319744526205784e-03
1.596242571983902837e-03
1.596165624048080656e-03
1.596088672402574873e-03
1.596011488687154806e-03
1.595934529609658453e-03
1.595857566820866290e-03
1.595780600320241419e-03
1.595703630107246293e-03
1.595626656181344232e-03
1.595549678541997472e-03
1.595472697188668682e-03
1.595395712120820314e-03
1.595318723337914172e-03
1.595241959309297210e-03
1.595164963105690946e-03
1.595087963185414263e-03
1.595011188050869709e-03
1.594934180706671306e-03
1.594857398169163528e-03
1.594780383398895383e-03
1.594703593456282646e-03
1.594626799815816905e-03
1.594549773907935359e-03
1.594472972859151518e-03
1.594396168110910053e-03
1.594319359662676452e-03
1.594242547513915554e-03
1.594165731664092846e-03
1.594088912112673166e-03
1.594012088859120919e-03
1.593935261902901593e-03
1.593858431243479375e-03
1.593781596880318452e-03
1.593704758812883445e-03
1.593627917040638543e-03
1.593551300275324479e-03
1.593474451102881500e-03
1.593397826958328073e-03
1.593320970383549405e-03
1.593244338857623989e-03
1.593167474878369417e-03
1.593090835968938735e-03
1.593013964583068478e-03
1.592937318287997736e-03
1.592860668304811210e-03
1.592784014632976555e-03
1.592707357271961211e-03
1.592630696221232186e-03
1.592554031480256918e-03
1.592477363048502197e-03
1.592400690925435030e-03
1.592324015110522639e-03
1.592247335603230946e-03
1.592170652403026958e-03
1.592093965509376596e-03
1.592017503854371461e-03
1.591940809583257442e-03
1.591864111617096551e-03
1.591787638921040096e-03
1.591710933574219103e-03
1.591634453518471666e-03
1.591557740788858812e-03
1.591481253371294707e-03
1.591404762277529115e-03
1.591328038475251340e-03
1.591251540016481092e-03
1.591175037879916446e-03
1.591098532065027445e-03
1.591022022571283046e-03
1.590945509398153076e-03
1.590868992545105840e-03
1.590792472011610731e-03
1.590715947797136706e-03
1.590639419901152289e-03
1.590562888323126221e-03
1.590486582215510508e-03
1.590410043282834565e-03
1.590333500666523412e-03
1.590257183552085075e-03
1.590180633577940829e-03
1.590104309126640905e-03
1.590027751792541565e-03
1.589951420002263475e-03
1.589875084547205967e-03
1.589798516174711820e-03
1.589722173377501602e-03
1.589645826913925128e-03
1.589569476783455476e-03
1.589492893689355233e-03
1.589416536212496459e-03
1.589340175067156802e-03
1.589263810252807387e-03
1.589187671109199614e-03
1.589111298966265412e-03
1.589034923152736131e-03
1.588958543668082465e-03
1.588882160511774239e-03
1.588806003078655719e-03
1.588729612588480689e-03
1.588653218425064260e-03
1.588577050016310842e-03
1.588500648515856102e-03
1.588424472791043684e-03
1.588348293412913384e-03
1.588271880908456246e-03
1.588195694211105412e-03
1.588119503858857881e-03
1.588043080345641952e-03
1.587966882671009968e-03
1.587890681339901170e-03
1.587814476351788635e-03
1.587738267706146310e-03
1.587662055402447705e-03
1.587585839440165247e-03
1.587509619818772665e-03
1.587433626131433883e-03
1.587357399201264670e-03
1.587281168610405000e-03
1.587204934358327733e-03
1.587128926082273950e-03
1.587052684517209662e-03
1.586976668949147086e-03
1.586900420068991123e-03
1.586824397206820737e-03
1.586748141009467145e-03
1.586672110851088417e-03
1.586596077049321797e-03
1.586520039603643399e-03
1.586443768776617117e-03
1.586367724030530611e-03
1.586291675638958282e-03
1.586215623601376461e-03
1.586139567917259742e-03
1.586063508586084891e-03
1.585987445607325852e-03
1.585911378980458522e-03
1.585835308704957713e-03
1.585759464616382864e-03
1.585683387053066738e-03
1.585607305839543089e-03
1.585531450844423693e-03
1.585455362339940541e-03
1.585379500074843339e-03
1.585303404277304054e-03
1.585227534740138704e-03
1.585151431647445572e-03
1.585075554836120216e-03
1.584999674392434388e-03
1.584923560358596998e-03
1.584847672637613265e-03
1.584771781282701738e-03
1.584695886293340482e-03
1.584619987669007128e-03
1.584544085409179525e-03
1.584468179513334653e-03
1.584392269980950578e-03
1.584316356811504281e-03
1.584240440004472525e-03
1.584164519559333375e-03
1.584088825554041133e-03
1.584012897842144692e-03
1.583936966490572668e-03
1.583861261610336035e-03
1.583785322988874242e-03
1.583709610859737127e-03
1.583633664966298043e-03
1.583557945586177912e-03
1.583482222585288080e-03
1.583406265785484209e-03
1.583330535530486907e-03
1.583254801653159738e-03
1.583179064152982502e-03
1.583103323029435433e-03
1.583027578281998330e-03
1.582951829910150994e-03
1.582876077913373441e-03
1.582800322291144385e-03
1.582724563042944062e-03
1.582648800168251404e-03
1.582573033666545342e-03
1.582497263537305677e-03
1.582421720100879621e-03
1.582345942726038051e-03
1.582270392064997208e-03
1.582194607442475101e-03
1.582118819189815354e-03
1.582043257682463682e-03
1.581967692565972982e-03
1.581891893441848482e-03
1.581816321094520542e-03
1.581740745136499694e-03
1.581665165567268773e-03
1.581589351944259758e-03
1.581513765140041272e-03
1.581438174723057751e-03
1.581362580692790730e-03
1.581286983048722176e-03
1.581211381790333624e-03
1.581135776917106826e-03
1.581060168428523099e-03
1.580984786854268062e-03
1.580909171144440550e-03
1.580833551817701146e-03
1.580758159436785638e-03
1.580682532885696427e-03
1.580606902716139494e-03
1.580531499523914456e-03
1.580455862126898875e-03
1.580380451728217702e-03
1.580305037731035908e-03
1.580229389494467764e-03
1.580153968287730968e-03
1.580078543480946613e-03
1.580003115073598400e-03
1.579927683065171333e-03
1.579852016759685949e-03
1.579776577536536790e-03
1.579701134710759019e-03
1.579625688281836122e-03
1.579550468988791256e-03
1.579475015363052516e-03
1.579399558132621928e-03
1.579324097296981892e-03
1.579248632855616329e-03
1.579173395602641696e-03
1.579097923959303824e-03
1.579022679525353976e-03
1.578947200677981643e-03
1.578871949060999197e-03
1.578796463007529167e-03
1.578721204205457392e-03
1.578645710943825126e-03
1.578570444954605339e-03
1.578495175376543654e-03
1.578419902209127245e-03
1.578344625451841982e-03
1.578269114177338573e-03
1.578193830227759458e-03
1.578118542686768886e-03
1.578043251553852945e-03
1.577968187799405706e-03
1.577892889492117992e-03
1.577817587591363608e-03
1.577742282096627775e-03
1.577666973007396146e-03
1.577591891349155008e-03
1.577516575080416825e-03
1.577441255215640027e-03
1.577366162813371043e-03
1.577290835766005086e-03
1.577215736202155529e-03
1.577140401970145416e-03
1.577065295242665709e-03
1.576990184938105747e-03
1.576915071055954220e-03
1.576839722459530370e-03
1.576764601409650409e-03
1.576689476780643003e-03
1.576614348571996841e-03
1.576539216783200397e-03
1.576464081413740843e-03
1.576388942463107521e-03
1.576313799930787385e-03
1.576238653816268692e-03
1.576163504119038614e-03
1.576088582084944493e-03
1.576013425231782101e-03
1.575938264794372662e-03
1.575863332051616068e-03
1.575788164455205588e-03
1.575713224574455673e-03
1.575638049816998048e-03
1.575563102796215210e-03
1.575487920875663465e-03
1.575412966712805935e-03
1.575338008983649023e-03
1.575262816320137371e-03
1.575187851445843980e-03
1.575112883003722481e-03
1.575037910993262865e-03
1.574962935413955992e-03
1.574887956265292070e-03
1.574812973546761089e-03
1.574737987257853042e-03
1.574662997398058569e-03
1.574588003966866795e-03
1.574513238441495105e-03
1.574438237877004822e-03
1.574363233739587429e-03
1.574288226028732482e-03
1.574213446265739511e-03
1.574138431417510106e-03
1.574063644538155815e-03
1.573988622550514301e-03
1.573913828552766896e-03
1.573839031000563065e-03
1.573763998305500057e-03
1.573689193631854768e-03
1.573614385402230184e-03
1.573539573616120199e-03
1.573464526641044038e-03
1.573389707729425536e-03
1.573314885259797678e-03
1.573240059231652190e-03
1.573165229644481666e-03
1.573090396497778265e-03
1.573015791489119127e-03
1.572940951232849535e-03
1.572866107415524413e-03
1.572791260036635053e-03
1.572716640837830328e-03
1.572641786345317476e-03
1.572566928289716214e-03
1.572492298445736644e-03
1.572417433273467016e-03
1.572342796333840026e-03
1.572268155851132493e-03
1.572193280005573356e-03
1.572118632424183721e-03
1.572043981298197396e-03
1.571969094774782741e-03
1.571894436547076595e-03
1.571819774773257176e-03
1.571745109452819030e-03
1.571670440585257351e-03
1.571595768170065384e-03
1.571521092206738324e-03
1.571446412694770065e-03
1.571371729633654719e-03
1.571297274974377397e-03
1.571222584824475462e-03
1.571147891123909207e-03
1.571073193872172527e-03
1.570998725064329856e-03
1.570924020719764681e-03
1.570849544840113811e-03
1.570774833400699188e-03
1.570700350447224803e-03
1.570625631910939129e-03
1.570551141881625697e-03
1.570476648319139596e-03
1.570402151222978840e-03
1.570327418497926251e-03
1.570252914321894084e-03
1.570178406610676751e-03
1.570103895363769665e-03
1.570029380580670840e-03
1.569954862260875689e-03
1.569880340403881141e-03
1.569805815009183694e-03
1.569731286076278759e-03
1.569656985798543493e-03
1.569582449798738542e-03
1.569507910259215593e-03
1.569433367179470492e-03
1.569359052796959935e-03
1.569284502646289391e-03
1.569210181213878024e-03
1.569135623990269542e-03
1.569061295505950939e-03
1.568986731207390939e-03
1.568912395669157158e-03
1.568838056608716329e-03
1.568763714025567767e-03
1.568689135582106153e-03
1.568614785941027179e-03
1.568540432775736683e-03
1.568466076085732680e-03
1.568391715870514052e-03
1.568317352129579463e-03
1.568242984862427362e-03
1.568168614068555762e-03
1.568094239747463764e-03
1.568020094334921215e-03
1.567945712968907279e-03
1.567871328074167854e-03
1.567796939650200738e-03
1.567722780176857055e-03
1.567648384703959922e-03
1.567574218202715192e-03
1.567499815678883570e-03
1.567425642147739174e-03
1.567351232570968374e-03
1.567277052007925043e-03
1.567202867933686471e-03
1.567128680347753275e-03
1.567054256670128961e-03
1.566980062048298509e-03
1.566905863913275933e-03
1.566831662264561416e-03
1.566757457101656224e-03
1.566683248424060758e-03
1.566609036231275849e-03
1.566534820522801682e-03
1.566460601298138439e-03
1.566386611235452133e-03
1.566312384987938056e-03
1.566238155222736753e-03
1.566163921939348405e-03
1.566089917860018351e-03
1.566015677549786921e-03
1.565941666464647523e-03
1.565867419125577427e-03
1.565793401032637873e-03
1.565719146662732228e-03
1.565645121560001705e-03
1.565571092957132853e-03
1.565497060853628455e-03
1.565422792427103226e-03
1.565348753309826020e-03
1.565274710690422273e-03
1.565200664568394554e-03
1.565126614943245648e-03
1.565052561814478339e-03
1.564978505181595196e-03
1.564904445044098787e-03
1.564830381401491246e-03
1.564756547174330848e-03
1.564682476531034649e-03
1.564608402381136108e-03
1.564534324724136489e-03
1.564460476524673176e-03
1.564386391863009347e-03
1.564312536679919033e-03
1.564238445011604303e-03
1.564164582842905065e-03
1.564090484165950572e-03
1.564016615009659840e-03
1.563942742364333874e-03
1.563868633176211274e-03
1.563794753540319413e-03
1.563720870413906963e-03
1.563646983796478226e-03
1.563573093687539023e-03
1.563499200086594090e-03
1.563425302993148164e-03
1.563351402406706198e-03
1.563277498326772494e-03
1.563203590752851790e-03
1.563129679684449038e-03
1.563055998295532654e-03
1.562982080247704401e-03
1.562908158703907877e-03
1.562834466871164266e-03
1.562760538344974345e-03
1.562686606321328844e-03
1.562612904040315597e-03
1.562539198282892651e-03
1.562465255785978413e-03
1.562391543063255386e-03
1.562317593578008059e-03
1.562243873888009317e-03
1.562170150719137136e-03
1.562096424070898420e-03
1.562022693942800725e-03
1.561948960334351606e-03
1.561874989894312558e-03
1.561801249312663210e-03
1.561727738621963455e-03
1.561653991087177040e-03
1.561580240069572858e-03
1.561506485568658247e-03
1.561432727583938812e-03
1.561358966114921240e-03
1.561285434600006737e-03
1.561211666171941027e-03
1.561137894258097028e-03
1.561064352329935871e-03
1.560990573454086681e-03
1.560917024584969684e-03
1.560843472250139077e-03
1.560769682933105511e-03
1.560696123654371987e-03
1.560622560908453155e-03
1.560548761145801478e-03
1.560475191453030482e-03
1.560401618291601183e-03
1.560328041661023304e-03
1.560254461560805703e-03
1.560180877990457885e-03
1.560107290949488490e-03
1.560033700437406592e-03
1.559960106453721048e-03
1.559886508997940062e-03
1.559812908069572275e-03
1.559739537338388935e-03
1.559665929474401101e-03
1.559592318136352818e-03
1.559518937027068539e-03
1.559445318750456817e-03
1.559371696998310564e-03
1.559298305506520233e-03
1.559224910560250577e-03
1.559151278400622807e-03
1.559077876532924227e-03
1.559004237428842764e-03
1.558930828637756756e-03
1.558857416389747416e-03
1.558784000684326201e-03
1.558710581521004571e-03
1.558637158899294417e-03
1.558563732818706114e-03
1.558490303278751337e-03
1.558416870278940677e-03
1.558343433818786027e-03
1.558269993897796893e-03
1.558196550515484518e-03
1.558123103671359491e-03
1.558049887288601686e-03
1.557976433530411202e-03
1.557902976308940275e-03
1.557829749580424798e-03
1.557756285441957165e-03
1.557683051817499321e-03
1.557609580760080381e-03
1.557536340237732075e-03
1.557462862259406580e-03
1.557389614837217549e-03
1.557316363969881139e-03
1.557242875612050229e-03
1.557169617841949001e-03
1.557096356625239757e-03
1.557023091961436123e-03
1.556949823850051077e-03
1.556876552290598244e-03
1.556803277282590384e-03
1.556729998825540908e-03
1.556656716918962359e-03
1.556583431562367711e-03
1.556510142755269943e-03
1.556437084663245957e-03
1.556363788964706778e-03
1.556290489814203407e-03
1.556217421410365301e-03
1.556144115365502064e-03
1.556071040088361467e-03
1.555997727147192438e-03
1.555924644994809061e-03
1.555851325155387880e-03
1.555778236125820784e-03
1.555704909386200008e-03
1.555631813477507388e-03
1.555558714134028459e-03
1.555485611355278798e-03
1.555412505140774202e-03
1.555339395490030249e-03
1.555266282402561866e-03
1.555192931524523262e-03
1.555120045915514776e-03
1.555046922514966143e-03
1.554973795675753659e-03
1.554900665397392469e-03
1.554827531679397285e-03
1.554754394521282819e-03
1.554681488353056159e-03
1.554608344324276198e-03
1.554535196853921520e-03
1.554462280405057842e-03
1.554389126061131140e-03
1.554316202759759968e-03
1.554243041540322471e-03
1.554170111384511757e-03
1.554097177806258809e-03
1.554024006275441091e-03
1.553951065839849878e-03
1.553878121980368805e-03
1.553805174696515834e-03
1.553732223987809146e-03
1.553659035269031171e-03
1.553586077698152412e-03
1.553513116700970141e-03
1.553440152277001888e-03
1.553367419054573536e-03
1.553294447786606608e-03
1.553221473090406505e-03
1.553148494965489457e-03
1.553075513411372342e-03
1.553002763111472825e-03
1.552929774708535372e-03
1.552856782874948490e-03
1.552784022327189989e-03
1.552711023641887948e-03
1.552638256263484022e-03
1.552565250724536943e-03
1.552492476513563134e-03
1.552419698891085390e-03
1.552346683073572119e-03
1.552273898615638345e-03
1.552201110744759515e-03
1.552128319460455326e-03
1.552055524762245261e-03
1.551982726649649450e-03
1.551909925122187161e-03
1.551837120179377656e-03
1.551764311820740634e-03
1.551691500045794493e-03
1.551618684854059365e-03
1.551545866245052996e-03
1.551473044218295086e-03
1.551400453699590572e-03
1.551327624846913708e-03
1.551254792575042663e-03
1.551182191842837748e-03
1.551109352742166374e-03
1.551036745202231731e-03
1.550963899270839039e-03
1.550891284921259751e-03
1.550818432157223016e-03
1.550745810996082864e-03
1.550673186433946865e-03
1.550600323422861261e-03
1.550527692046289527e-03
1.550455057267286028e-03
1.550382419085373931e-03
1.550309777500073153e-03
1.550237132510906210e-03
1.550164484117394752e-03
1.550091832319059563e-03
1.550019177115422074e-03
1.549946518506003720e-03
1.549873856490325283e-03
1.549801191067907112e-03
1.549728757417972742e-03
1.549656085191667690e-03
1.549583409557186769e-03
1.549510965726808454e-03
1.549438283285571203e-03
1.549365832669511497e-03
1.549293143419604299e-03
1.549220686015956088e-03
1.549147989955465977e-03
1.549075525762320634e-03
1.549003058179215103e-03
1.548930587205672987e-03
1.548857877529317278e-03
1.548785399762463155e-03
1.548712918603742817e-03
1.548640434052679865e-03
1.548567946108798552e-03
1.548495454771622480e-03
1.548422960040674382e-03
1.548350461915478076e-03
1.548277960395556515e-03
1.548205455480432865e-03
1.548133182591718802e-03
1.548060670895787033e-03
1.547988155803223329e-03
1.547915872768689752e-03
1.547843350892461924e-03
1.547770825618171014e-03
1.547698532433543564e-03
1.547626000372730572e-03
1.547553700422665086e-03
1.547481397094670587e-03
1.547408854856021591e-03
1.547336544759740640e-03
1.547264231284108419e-03
1.547191678863337567e-03
1.547119358616568527e-03
1.547047034989024444e-03
1.546974707980231303e-03
1.546902377589714226e-03
1.546830043816999414e-03
1.546757706661611989e-03
1.546685366123077719e-03
1.546613022200921507e-03
1.546540674894668690e-03
1.546468559879342385e-03
1.546396205814498269e-03
1.546323848364134206e-03
1.546251723236321748e-03
1.546179359024522524e-03
1.546106991425778713e-03
1.546034856181225259e-03
1.545962481818200689e-03
1.545890339830455077e-03
1.545817958701253261e-03
1.545745809968423774e-03
1.545673657867845715e-03
1.545601502399048324e-03
1.545529107742841905e-03
1.545456945525178075e-03
1.545384779937877427e-03
1.545312610980467466e-03
1.545240438652476997e-03
1.545168262953432658e-03
1.545096083882862171e-03
1.545023901440293257e-03
1.544951715625253203e-03
1.544879526437269732e-03
1.544807333875869047e-03
1.544735373880503368e-03
1.544663174581878623e-03
1.544590971908419612e-03
1.544519001832630242e-03
1.544446792419115018e-03
1.544374579629346740e-03
1.544302599468895748e-03
1.544230615953283339e-03
1.544158393053991600e-03
1.544086402815643324e-03
1.544014173170629332e-03
1.543942176207661497e-03
1.543870175887181694e-03
1.543798172208720246e-03
1.543726165171807043e-03
1.543653918670788612e-03
1.543581904904546944e-03
1.543509887778441673e-03
1.543437867292002472e-03
1.543365843444759232e-03
1.543293816236241192e-03
1.543222021837275170e-03
1.543149987915820283e-03
1.543077950631679181e-03
1.543005909984382189e-03
1.542934102188825906e-03
1.542862054824832921e-03
1.542790004096271763e-03
1.542718186251098959e-03
1.542646128803021582e-03
1.542574304259427230e-03
1.542502240089953193e-03
1.542430408846062273e-03
1.542358574256822183e-03
1.542286500007247546e-03
1.542214658714899118e-03
1.542142814075797260e-03
1.542070966089474681e-03
1.541999114755463656e-03
1.541927023703683992e-03
1.541855165661875022e-03
1.541783304270971395e-03
1.541711439530505171e-03
1.541639807853691741e-03
1.541567936423716327e-03
1.541496061642773623e-03
1.541424183510395687e-03
1.541352302026112626e-03
1.541280653658230748e-03
1.541208765479761466e-03
1.541136873947981500e-03
1.541065215564254914e-03
1.540993317335480643e-03
1.540921652275856809e-03
1.540849747348216683e-03
1.540778075610828822e-03
1.540706163982449991e-03
1.540634485565431540e-03
1.540562803813401351e-03
1.540491118725893218e-03
1.540419193701461891e-03
1.540347501930589610e-03
1.540275806822840980e-03
1.540204108377750229e-03
1.540132406594850499e-03
1.540060701473676668e-03
1.539988993013761444e-03
1.539917281214638837e-03
1.539845566075842423e-03
1.539773847596905346e-03
1.539702362488530726e-03
1.539630637338939385e-03
1.539558908847808759e-03
1.539487413758891489e-03
1.539415678594311960e-03
1.539343940086793225e-03
1.539272435013151969e-03
1.539200689829388173e-03
1.539129178100606937e-03
1.539057663049060243e-03
1.538985907852954147e-03
1.538914386143480856e-03
1.538842861109851077e-03
1.538771095897209203e-03
1.538699564202864042e-03
1.538628029182969627e-03
1.538556490837062135e-03
1.538484949164677096e-03
1.538413404165351337e-03
1.538341855838620169e-03
1.538270304184019338e-03
1.538198749201084587e-03
1.538127190889351011e-03
1.538055629248354355e-03
1.537984301253226844e-03
1.537912732963337380e-03
1.537841161342791852e-03
1.537769823399773739e-03
1.537698245127553124e-03
1.537626663523282596e-03
1.537555315628210762e-03
1.537483964422195612e-03
1.537412372841059395e-03
1.537341015000771253e-03
1.537269416762392354e-03
1.537198052285980053e-03
1.537126684496315518e-03
1.537055313392937097e-03
1.536983701845548271e-03
1.536912324102344659e-03
1.536840943044040248e-03
1.536769558670173386e-03
1.536698170980281986e-03
1.536626779973903744e-03
1.536555385650576790e-03
1.536483988009838385e-03
1.536412587051226228e-03
1.536341420003283333e-03
1.536270012418562226e-03
1.536198601514581104e-03
1.536127424552930333e-03
1.536056007020070559e-03
1.535984586166562775e-03
1.535913399287059874e-03
1.535841971801902434e-03
1.535770778311861028e-03
1.535699344193206450e-03
1.535628144090784696e-03
1.535556940686984458e-03
1.535485496620139171e-03
1.535414286601196037e-03
1.535343073279494446e-03
1.535271856654575563e-03
1.535200636725978819e-03
1.535129413493244947e-03
1.535057949528596420e-03
1.534986719675190871e-03
1.534915723965620720e-03
1.534844487511737845e-03
1.534773247751417165e-03
1.534702004684198109e-03
1.534630758309620327e-03
1.534559508627223031e-03
1.534488493152010198e-03
1.534417236863621324e-03
1.534345977266031880e-03
1.534274951907303166e-03
1.534203685700963500e-03
1.534132653754597666e-03
1.534061380937668754e-03
1.533990342401832414e-03
1.533919062972474365e-03
1.533848017845333049e-03
1.533776969427354513e-03
1.533705917718081657e-03
1.533634625069389560e-03
1.533563566765143871e-03
1.533492505168229311e-03
1.533421440278188996e-03
1.533350372094564309e-03
1.533279300616897283e-03
1.533208225844729733e-03
1.533137147777603911e-03
1.533066066415061631e-03
1.532994981756643843e-03
1.532923893801892579e-03
1.532853040319226944e-03
1.532781945781460731e-03
1.532710847945985841e-03
1.532639984614275232e-03
1.532568880193039976e-03
1.532498010296682320e-03
1.532426899287856348e-03
1.532356022825027368e-03
1.532284905226778812e-03
1.532214022195652926e-03
1.532142898006149919e-03
1.532072008404900465e-03
1.532001115523408397e-03
1.531930219361217916e-03
1.531859319917874091e-03
1.531788179258788659e-03
1.531717273240756124e-03
1.531646363940200898e-03
1.531575451356667833e-03
1.531504535489700263e-03
1.531433616338842606e-03
1.531362693903637979e-03
1.531292006194895578e-03
1.531221077200653783e-03
1.531150144920697407e-03
1.531079209354569782e-03
1.531008508557152271e-03
1.530937566428343258e-03
1.530866621011993866e-03
1.530795910396046469e-03
1.530724958414281332e-03
1.530654241254041266e-03
1.530583282705036755e-03
1.530512558998686681e-03
1.530441832024101749e-03
1.530370863626340444e-03
1.530300130102919603e-03
1.530229393309903013e-03
1.530158653246837261e-03
1.530087909913268934e-03
1.530017163308744618e-03
1.529946175212213138e-03
1.529875422053397641e-03
1.529804665622262229e-03
1.529734144172006840e-03
1.529663381205892490e-03
1.529592614966097767e-03
1.529521845452168176e-03
1.529451072663649217e-03
1.529380534908826323e-03
1.529309755580794293e-03
1.529238972976810487e-03
1.529168425438215493e-03
1.529097636291996834e-03
1.529026843868463124e-03
1.528956286542023334e-03
1.528885725959397640e-03
1.528814923723265931e-03
1.528744356615911130e-03
1.528673547832099270e-03
1.528602974198204961e-03
1.528532397305866139e-03
1.528461817154631560e-03
1.528391233744049978e-03
1.528320647073669065e-03
1.528249818658016781e-03
1.528179225455666675e-03
1.528108628992160900e-03
1.528038029267047345e-03
1.527967664808971412e-03
1.527897058570308825e-03
1.527826449068683638e-03
1.527755836303642872e-03
1.527685220274734197e-03
1.527614839565694582e-03
1.527544217018722908e-03
1.527473591206526772e-03
1.527403200745900899e-03
1.527332568412932126e-03
1.527262171452662765e-03
1.527191532597114857e-03
1.527121129135401364e-03
1.527050722427792566e-03
1.526980073790507389e-03
1.526909660578753061e-03
1.526839244119754246e-03
1.526768585696667777e-03
1.526698162730820733e-03
1.526627736516378937e-03
1.526557307052893529e-03
1.526486874339914564e-03
1.526416438376991883e-03
1.526345999163675974e-03
1.526275556699517111e-03
1.526205110984064266e-03
1.526134662016867928e-03
1.526064448624054291e-03
1.525993993163045955e-03
1.525923534448943861e-03
1.525853072481297848e-03
1.525782846130312133e-03
1.525712377665258256e-03
1.525642144837994043e-03
1.525571669873734262e-03
1.525501430568399147e-03
1.525430949103135422e-03
1.525360703317937003e-03
1.525290215349869340e-03
1.525219963083013696e-03
1.525149707580160212e-03
1.525079448840861978e-03
1.525008947872833398e-03
1.524938682648290965e-03
1.524868414185959805e-03
1.524798142485392577e-03
1.524727867546140855e-03
1.524657589367757081e-03
1.524587307949793694e-03
1.524517023291802270e-03
1.524446735393335034e-03
1.524376683344945112e-03
1.524306388975206657e-03
1.524236091363648411e-03
1.524165790509822383e-03
1.524095725548355821e-03
1.524025418219679190e-03
1.523955107647389498e-03
1.523885032999177606e-03
1.523814715949351742e-03
1.523744634844743885e-03
1.523674311315590963e-03
1.523604223752802111e-03
1.523534132965755376e-03
1.523463799719775285e-03
1.523393702471870226e-03
1.523323601998370679e-03
1.523253498298831688e-03
1.523183391372807428e-03
1.523113281219852294e-03
1.523043167839520894e-03
1.522973051231367187e-03
1.522902931394945784e-03
1.522832808329810427e-03
1.522762682035514858e-03
1.522692552511613687e-03
1.522622419757659572e-03
1.522552283773207340e-03
1.522482383946292643e-03
1.522412241510532390e-03
1.522342095842935464e-03
1.522272186364593324e-03
1.522202034243016252e-03
1.522132118331833307e-03
1.522061959754494528e-03
1.521992037408694638e-03
1.521921872373811291e-03
1.521851943591617665e-03
1.521781772097406237e-03
1.521711836877041434e-03
1.521641898442428103e-03
1.521571956793123020e-03
1.521502011928682965e-03
1.521431824294920254e-03
1.521361872987865528e-03
1.521291918464343562e-03
1.521221960723910700e-03
1.521151999766123504e-03
1.521082035590538102e-03
1.521012307816564310e-03
1.520942337215072876e-03
1.520872363394451619e-03
1.520802386354256882e-03
1.520732406094043492e-03
1.520662662288318253e-03
1.520592675597765963e-03
1.520522685685863186e-03
1.520452932260175785e-03
1.520382935915272392e-03
1.520313176077731521e-03
1.520243173298053974e-03
1.520173407046891299e-03
1.520103637593756083e-03
1.520033625164109994e-03
1.519963849294700582e-03
1.519894070221993951e-03
1.519824287945549263e-03
1.519754262646751900e-03
1.519684473950493530e-03
1.519614682049171776e-03
1.519544886942344065e-03
1.519475088629569561e-03
1.519405287110405693e-03
1.519335482384410975e-03
1.519265674451143050e-03
1.519196103216481370e-03
1.519126288878366740e-03
1.519056471331653793e-03
1.518986650575899957e-03
1.518917066561056850e-03
1.518847239396926146e-03
1.518777409022427924e-03
1.518707815420574595e-03
1.518637978635050366e-03
1.518568378643321646e-03
1.518498535445004160e-03
1.518428929061639955e-03
1.518359319487298971e-03
1.518289466672001313e-03
1.518219850703383944e-03
1.518150231542472056e-03
1.518080609188825897e-03
1.518010743548388851e-03
1.517941114796943734e-03
1.517871482851444872e-03
1.517801847711452512e-03
1.517732209376527336e-03
1.517662567846229374e-03
1.517592923120118656e-03
1.517523275197754998e-03
1.517453864260464615e-03
1.517384209955300635e-03
1.517314552452565107e-03
1.517244891751816979e-03
1.517175468078454416e-03
1.517105800991391850e-03
1.517036130704996775e-03
1.516966697477727501e-03
1.516897020802380775e-03
1.516827581207314587e-03
1.516757898141258719e-03
1.516688452176643762e-03
1.516619003032098961e-03
1.516549310382202210e-03
1.516479854865480318e-03
1.516410396167516047e-03
1.516340934287872247e-03
1.516271228857051607e-03
1.516201760601723972e-03
1.516132289163403622e-03
1.516062814541652322e-03
1.515993336736033139e-03
1.515923855746107839e-03
1.515854371571438621e-03
1.515784884211587467e-03
1.515715634123323673e-03
1.515646140402819629e-03
1.515576643495820681e-03
1.515507143401889027e-03
1.515437880621863962e-03
1.515368374163781348e-03
1.515298864517450892e-03
1.515229592216773983e-03
1.515160076203667930e-03
1.515090797557373846e-03
1.515021275175742945e-03
1.514951990182087423e-03
1.514882702019599084e-03
1.514813170087419029e-03
1.514743875574953288e-03
1.514674577892348483e-03
1.514605036405682319e-03
1.514535732370482198e-03
1.514466425163835030e-03
1.514397114785306269e-03
1.514327801234459847e-03
1.514258484510860349e-03
1.514189164614071926e-03
1.514119841543659162e-03
1.514050515299185558e-03
1.513981185880215264e-03
1.513912094029978969e-03
1.513842758271733216e-03
1.513773419337683876e-03
1.513704077227394232e-03
1.513634972728170828e-03
1.513565624275123485e-03
1.513496272644527640e-03
1.513427158656752581e-03
1.513357800680785892e-03
1.513288680368804701e-03
1.513219556899570188e-03
1.513150189407801291e-03
1.513081059611757258e-03
1.513011926657159729e-03
1.512942549645671401e-03
1.512873410361659449e-03
1.512804267917793391e-03
1.512735122313640197e-03
1.512665973548766186e-03
1.512596821622738544e-03
1.512527666535122724e-03
1.512458508285485477e-03
1.512389346873393341e-03
1.512320182298411983e-03
1.512251014560107723e-03
1.512181843658046447e-03
1.512112669591793822e-03
1.512043492360915301e-03
1.511974553017148481e-03
1.511905369466746496e-03
1.511836182750417139e-03
1.511767233952953596e-03
1.511698040914499991e-03
1.511629085816077129e-03
1.511559886453766504e-03
1.511490925052656319e-03
1.511421719364753734e-03
1.511352751659227793e-03
1.511283780806348814e-03
1.511214565632327958e-03
1.511145588472440461e-03
1.511076608163904305e-03
1.511007624706289278e-03
1.510938638099163216e-03
1.510869648342095042e-03
1.510800655434653460e-03
1.510731659376406523e-03
1.510662660166922720e-03
1.510593657805769886e-03
1.510524652292516293e-03
1.510455643626729995e-03
1.510386631807978828e-03
1.510317616835831064e-03
1.510248840037467163e-03
1.510179818768257569e-03
1.510110794344355321e-03
1.510042008125996038e-03
1.509972977402444403e-03
1.509904184905603262e-03
1.509835147880677275e-03
1.509766349103634732e-03
1.509697305775608341e-03
1.509628500716643550e-03
1.509559692521575403e-03
1.509490639741182822e-03
1.509421825261612025e-03
1.509353007644649190e-03
1.509284186889864321e-03
1.509215121503959620e-03
1.509146294461230411e-03
1.509077464279390485e-03
1.509008630958009415e-03
1.508939794496658073e-03
1.508870954894906899e-03
1.508802112152325898e-03
1.508733266268485074e-03
1.508664658823975248e-03
1.508595806667350266e-03
1.508526951368176564e-03
1.508458092926023494e-03
1.508389472965555563e-03
1.508320608247184884e-03
1.508251740384545288e-03
1.508183111035360556e-03
1.508114236893926853e-03
1.508045601287123349e-03
1.507976720865177294e-03
1.507908078999042629e-03
1.507839434008102211e-03
1.507770544167687764e-03
1.507701892914847927e-03
1.507633238535919943e-03
1.507564581030476853e-03
1.507495678629776044e-03
1.507427014859007673e-03
1.507358347960440935e-03
1.507289677933647785e-03
1.507221004778201267e-03
1.507152328493673119e-03
1.507083649079636167e-03
1.507014966535662149e-03
1.506946280861322590e-03
1.506877833923673604e-03
1.506809141998346254e-03
1.506740446941371402e-03
1.506671748752320137e-03
1.506603289342321825e-03
1.506534584898864713e-03
1.506466119255631770e-03
1.506397408556060542e-03
1.506328694722272252e-03
1.506260219720495204e-03
1.506191741605684238e-03
1.506123018388755416e-03
1.506054534035598889e-03
1.505985804557425072e-03
1.505917313964217968e-03
1.505848820255849957e-03
1.505780323431895815e-03
1.505711823491930100e-03
1.505643078369732447e-03
1.505574572185454591e-03
1.505506062883887539e-03
1.505437550464606283e-03
1.505369034927184733e-03
1.505300516271197448e-03
1.505232236628123140e-03
1.505163711744749626e-03
1.505095183741534054e-03
1.505026652618049682e-03
1.504958118373870635e-03
1.504889823195568709e-03
1.504821282719752060e-03
1.504752739121962462e-03
1.504684434621830769e-03
1.504615884789851791e-03
1.504547574076711041e-03
1.504479018008840919e-03
1.504410701080996504e-03
1.504342138775533041e-03
1.504273815631287968e-03
1.504205489383708899e-03
1.504136917724185158e-03
1.504068585257661026e-03
1.504000249686531995e-03
1.503931911010375228e-03
1.503863569228767452e-03
1.503795224341285611e-03
1.503726876347505348e-03
1.503658525247003825e-03
1.503590171039357335e-03
1.503521813724141738e-03
1.503453453300933112e-03
1.503385089769307967e-03
1.503316723128841946e-03
1.503248353379110910e-03
1.503180222982133420e-03
1.503111847023628871e-03
1.503043467954587754e-03
1.502975328270082485e-03
1.502906942989728437e-03
1.502838797115092729e-03
1.502770405621733094e-03
1.502702253555279711e-03
1.502633855847220314e-03
1.502565697587261370e-03
1.502497293662807820e-03
1.502429129207654129e-03
1.502360961659772757e-03
1.502292791018743469e-03
1.502224374667464725e-03
1.502156197827863400e-03
1.502088017893848894e-03
1.502019834864999018e-03
1.501951648740892887e-03
1.501883459521109179e-03
1.501815267205225705e-03
1.501747071792820928e-03
1.501678873283472443e-03
1.501610671676758928e-03
1.501542466972258195e-03
1.501474501907435789e-03
1.501406291017121910e-03
1.501338077027755766e-03
1.501270102709850902e-03
1.501201882532144337e-03
1.501133659254119158e-03
1.501065675679352091e-03
1.500997446210458348e-03
1.500929456466014097e-03
1.500861220804566073e-03
1.500793224888765211e-03
1.500725225892157472e-03
1.500656980944238116e-03
1.500588975773753430e-03
1.500520967521203975e-03
1.500452956186169948e-03
1.500384698854072057e-03
1.500316681341800056e-03
1.500248660745784291e-03
1.500180637065605827e-03
1.500112610300844860e-03
1.500044580451081588e-03
1.499976547515896423e-03
1.499908511494869780e-03
1.499840472387581206e-03
1.499772673206939324e-03
1.499704627936893596e-03
1.499636579579327177e-03
1.499568528133819831e-03
1.499500716657353652e-03
1.499432659045735281e-03
1.499364598344916141e-03
1.499296777644939117e-03
1.499228710775492518e-03
1.499160883928083322e-03
1.499092810888331571e-03
1.499024977891817928e-03
1.498957141825626527e-03
1.498889059532792535e-03
1.498821217314988928e-03
1.498753372026255526e-03
1.498685523666175344e-03
1.498617429033709649e-03
1.498549574518671847e-03
1.498481716931033929e-03
1.498413856270377825e-03
1.498345992536287202e-03
1.498278125728343558e-03
1.498210255846129258e-03
1.498142382889226885e-03
1.498074506857218153e-03
1.498006627749685210e-03
1.497938988877019857e-03
1.497871103628211275e-03
1.497803215302625146e-03
1.497735323899843183e-03
1.497667672774335426e-03
1.497599775226939565e-03
1.497532117978010377e-03
1.497464214284332249e-03
1.497396550910318246e-03
1.497328641068687962e-03
1.497260971567926195e-03
1.497193055576673216e-03
1.497125379947498352e-03
1.497057701258995305e-03
1.496989776045699275e-03
1.496922091226286647e-03
1.496854403346299005e-03
1.496786712405321317e-03
1.496719018402938549e-03
1.496651321338735019e-03
1.496583621212295261e-03
1.496515918023204024e-03
1.496448211771044976e-03
1.496380502455402868e-03
1.496312790075861581e-03
1.496245074632005217e-03
1.496177356123417875e-03
1.496109634549683005e-03
1.496042153529689341e-03
1.495974425835440652e-03
1.495906695074797170e-03
1.495839204899699964e-03
1.495771468016050950e-03
1.495703728064758792e-03
1.495636228730830991e-03
1.495568482654040070e-03
1.495500977215820284e-03
1.495433468730333415e-03
1.495365713467700086e-03
1.495298198875437759e-03
1.495230681234669323e-03
1.495162916782455040e-03
1.495095393032425503e-03
1.495027866232649097e-03
1.494960336382712305e-03
1.494892803482202048e-03
1.494825267530704594e-03
1.494757728527806211e-03
1.494690186473093818e-03
1.494622641366153033e-03
1.494555093206570559e-03
1.494487541993932446e-03
1.494419987727824530e-03
1.494352430407832428e-03
1.494284870033542193e-03
1.494217550521330286e-03
1.494149984048231093e-03
1.494082414519592138e-03
1.494015085884844172e-03
1.493947510254915820e-03
1.493880175540081984e-03
1.493812593807212130e-03
1.493745253010644652e-03
1.493677665173179020e-03
1.493610318293229914e-03
1.493542724349514010e-03
1.493475371384533987e-03
1.493408015381923705e-03
1.493340656341271815e-03
1.493273050191137744e-03
1.493205685062157879e-03
1.493138316893901285e-03
1.493070945685956614e-03
1.493003571437912088e-03
1.492936194149356360e-03
1.492868813819877433e-03
1.492801430449064177e-03
1.492734044036504379e-03
1.492666654581785825e-03
1.492599262084496519e-03
1.492532110736458171e-03
1.492464712163819223e-03
1.492397310547374182e-03
1.492330150111991025e-03
1.492262742417728915e-03
1.492195331678425156e-03
1.492128162152008084e-03
1.492060745332418744e-03
1.491993569746926122e-03
1.491926146845406033e-03
1.491858965199198330e-03
1.491791536214100806e-03
1.491724348505537407e-03
1.491657157770683202e-03
1.491589964009129446e-03
1.491522522862983929e-03
1.491455323035793465e-03
1.491388120180674398e-03
1.491320914297217769e-03
1.491253705385013530e-03
1.491186493443652289e-03
1.491119278472724432e-03
1.491052060471820782e-03
1.490984839440530644e-03
1.490917615378444840e-03
1.490850388285152673e-03
1.490783158160245182e-03
1.490715925003311022e-03
1.490648933314668838e-03
1.490581694103480792e-03
1.490514451859037241e-03
1.490447451114707217e-03
1.490380202813554062e-03
1.490312951477914833e-03
1.490245941674224559e-03
1.490178684279418707e-03
1.490111668437779213e-03
1.490044649582053342e-03
1.489977383100947418e-03
1.489910358204825066e-03
1.489843330293394007e-03
1.489776054722304543e-03
1.489709020768028224e-03
1.489641983797220653e-03
1.489574943809475254e-03
1.489507900804384151e-03
1.489440610082499138e-03
1.489373561030478584e-03
1.489306508959888911e-03
1.489239453870321809e-03
1.489172395761369184e-03
1.489105579386759606e-03
1.489038515248836472e-03
1.488971448090305703e-03
1.488904377910758988e-03
1.488837304709788017e-03
1.488770473296212489e-03
1.488703394062198745e-03
1.488636311805537115e-03
1.488569471368102887e-03
1.488502383075954475e-03
1.488435536624249352e-03
1.488368442294985038e-03
1.488301589827384884e-03
1.488234489459374027e-03
1.488167630974254491e-03
1.488100769485268052e-03
1.488033660061602315e-03
1.487966792552659640e-03
1.487899922038633371e-03
1.487833048519118231e-03
1.487765927019225540e-03
1.487699047476503727e-03
1.487632164927075486e-03
1.487565279370535540e-03
1.487498390806477533e-03
1.487431499234496621e-03
1.487364604654186229e-03
1.487297707065140867e-03
1.487230806466954174e-03
1.487164147932872570e-03
1.487097241326211343e-03
1.487030331709192094e-03
1.486963419081408248e-03
1.486896748560179041e-03
1.486829829920678463e-03
1.486762908269194860e-03
1.486696228756108698e-03
1.486629301090476064e-03
1.486562615584462177e-03
1.486495681903058762e-03
1.486428990402501689e-03
1.486362295909567435e-03
1.486295353206986769e-03
1.486228652717085270e-03
1.486161949233596622e-03
1.486094997506190365e-03
1.486028288023308677e-03
1.485961575545628136e-03
1.485894860072746069e-03
1.485828141604259153e-03
1.485761420139763631e-03
1.485694695678855745e-03
1.485627968221132173e-03
1.485561237766188291e-03
1.485494504313620559e-03
1.485427767863025435e-03
1.485361028413998731e-03
1.485294285966135388e-03
1.485227785912198589e-03
1.485161037476479201e-03
1.485094286040712338e-03
1.485027777030710049e-03
1.484961019604667202e-03
1.484894259177364523e-03
1.484827741207677462e-03
1.484760974787677559e-03
1.484694450846521302e-03
1.484627678432210232e-03
1.484561148517976690e-03
1.484494615622102606e-03
1.484427834218819209e-03
1.484361295347454840e-03
1.484294753493245380e-03
1.484228208655789458e-03
1.484161415265244834e-03
1.484094864449080498e-03
1.484028310648464067e-03
1.483961753862993952e-03
1.483895194092269216e-03
1.483828631335887402e-03
1.483762065593447355e-03
1.483695496864546404e-03
1.483628925148782959e-03
1.483562350445754999e-03
1.483496018434687751e-03
1.483429437766950595e-03
1.483362854110743508e-03
1.483296267465664033e-03
1.483229923555013036e-03
1.483163330942013610e-03
1.483096735338935513e-03
1.483030382502141488e-03
1.482963780928734559e-03
1.482897422142842331e-03
1.482830814597500433e-03
1.482764449860909505e-03
1.482698082153870037e-03
1.482631465653135505e-03
1.482565091992996695e-03
1.482498715361211519e-03
1.482432335757379906e-03
1.482365707314183814e-03
1.482299321754051210e-03
1.482232933220672608e-03
1.482166541713649021e-03
1.482100147232580378e-03
1.482033749777067477e-03
1.481967349346710247e-03
1.481900945941109051e-03
1.481834539559863384e-03
1.481768130202573610e-03
1.481701717868839441e-03
1.481635548546385208e-03
1.481569130269589241e-03
1.481502709015149102e-03
1.481436284782664935e-03
1.481370103603938228e-03
1.481303673425196903e-03
1.481237486321440632e-03
1.481171050194844685e-03
1.481104857164467241e-03
1.481038415088418991e-03
1.480972216129828331e-03
1.480905768102729015e-03
1.480839563214331363e-03
1.480773355365934928e-03
1.480706898414783576e-03
1.480640684634191217e-03
1.480574467892407237e-03
1.480508248189034166e-03
1.480441779337236330e-03
1.480375553698479564e-03
1.480309325096940002e-03
1.480243093532219957e-03
1.480176859003921310e-03
1.480110621511646378e-03
1.480044381054997690e-03
1.479978137633576260e-03
1.479912137521571065e-03
1.479845888180435914e-03
1.479779635873335834e-03
1.479713380599871403e-03
1.479647368678300079e-03
1.479581107481943913e-03
1.479514843318029691e-03
1.479448822537870242e-03
1.479382552448679257e-03
1.479316279390734991e-03
1.479250249748420391e-03
1.479184217158593983e-03
1.479117935214078767e-03
1.479051896717041440e-03
1.478985608842478105e-03
1.478919564436644105e-03
1.478853517081319844e-03
1.478787466776110889e-03
1.478721167047724943e-03
1.478655110830548892e-03
1.478589051662300077e-03
1.478522989542583200e-03
1.478456924471002092e-03
1.478390856447161453e-03
1.478324785470665334e-03
1.478258711541118216e-03
1.478192634658123282e-03
1.478126554821284798e-03
1.478060472030206813e-03
1.477994386284492943e-03
1.477928544188869845e-03
1.477862452543723341e-03
1.477796357942753316e-03
1.477730507023734428e-03
1.477664406520959751e-03
1.477598303061173051e-03
1.477532443315209996e-03
1.477466333951244892e-03
1.477400468322345988e-03
1.477334353052620411e-03
1.477268481539209229e-03
1.477202360362140244e-03
1.477136482962639052e-03
1.477070602625003750e-03
1.477004719348840771e-03
1.476938586363382017e-03
1.476872697197975084e-03
1.476806805092859129e-03
1.476740910047640801e-03
1.476675012061926537e-03
1.476609111135322771e-03
1.476543207267435069e-03
1.476477300457870300e-03
1.476411390706234249e-03
1.476345478012132915e-03
1.476279562375172084e-03
1.476213643794957540e-03
1.476147722271095282e-03
1.476081797803190446e-03
1.476016117315490138e-03
1.475950186969347084e-03
1.475884253677979888e-03
1.475818564398687560e-03
1.475752625226721187e-03
1.475686930088070939e-03
1.475620985033931996e-03
1.475555284034355420e-03
1.475489333096469211e-03
1.475423626234397684e-03
1.475357669411189298e-03
1.475291956685052461e-03
1.475226241031797440e-03
1.475160275383174697e-03
1.475094553863500347e-03
1.475028829415532105e-03
1.474963102038878140e-03
1.474897371733147272e-03
1.474831638497948105e-03
1.474765655198919485e-03
1.474699916092590563e-03
1.474634174055616115e-03
1.474568676254627486e-03
1.474502928366206757e-03
1.474437177545966093e-03
1.474371423793513014e-03
1.474305667108455255e-03
1.474239907490399685e-03
1.474174392172085141e-03
1.474108626697887827e-03
1.474042858289516559e-03
1.473977334212762729e-03
1.473911559945900685e-03
1.473845782743687894e-03
1.473780249904981096e-03
1.473714466841926762e-03
1.473648928163631168e-03
1.473583139238168185e-03
1.473517594718722545e-03
1.473452047283617871e-03
1.473386249567125786e-03
1.473320696288528539e-03
1.473255140093103271e-03
1.473189580980460321e-03
1.473124018950210026e-03
1.473058206581537213e-03
1.472992638703890349e-03
1.472927067907465852e-03
1.472861494191873627e-03
1.472795917556724444e-03
1.472730338001627991e-03
1.472664755526193522e-03
1.472599170130031807e-03
1.472533829321327368e-03
1.472468238093565043e-03
1.472402643943905185e-03
1.472337046871957482e-03
1.472271446877331837e-03
1.472206091523311491e-03
1.472140485693189697e-03
1.472075124524918578e-03
1.472009512857742853e-03
1.471943898265937190e-03
1.471878528367880730e-03
1.471812907936682078e-03
1.471747532220491232e-03
1.471682153600151460e-03
1.471616524412462266e-03
1.471551139971659025e-03
1.471485752625543725e-03
1.471420114677857030e-03
1.471354721508947227e-03
1.471289325433561800e-03
1.471223926451313471e-03
1.471158524561814096e-03
1.471093119764675964e-03
1.471027712059511799e-03
1.470962301445933023e-03
1.470896887923551924e-03
1.470831471491980142e-03
1.470766052150829966e-03
1.470700629899712383e-03
1.470635204738240118e-03
1.470569776666023724e-03
1.470504593532802416e-03
1.470439159648962053e-03
1.470373722853214214e-03
1.470308531028346110e-03
1.470243088418649122e-03
1.470177642895878272e-03
1.470112442375886338e-03
1.470046991036840509e-03
1.469981784721831547e-03
1.469916327564959029e-03
1.469851115453387836e-03
1.469785900448457045e-03
1.469720434567457421e-03
1.469655213763646157e-03
1.469589990065318236e-03
1.469524515456702108e-03
1.469459285957174389e-03
1.469394053561971650e-03
1.469328818270707916e-03
1.469263580082998078e-03
1.469198338998455727e-03
1.469133095016695537e-03
1.469067848137330882e-03
1.469002598359976002e-03
1.468937345684244488e-03
1.468872090109750580e-03
1.468806831636107436e-03
1.468741570262928646e-03
1.468676554148450140e-03
1.468611286986069115e-03
1.468546016922994300e-03
1.468480743958838850e-03
1.468415716295919105e-03
1.468350437539475998e-03
1.468285404105524163e-03
1.468220119555251014e-03
1.468155080348730558e-03
1.468089790003084764e-03
1.468024745022458288e-03
1.467959448879895511e-03
1.467894398123624749e-03
1.467829344484457158e-03
1.467764039649147555e-03
1.467698980232028496e-03
1.467633917930860968e-03
1.467568852745260730e-03
1.467503536317904360e-03
1.467438465351275688e-03
1.467373391499062017e-03
1.467308314760879103e-03
1.467243235136343358e-03
1.467178152625070973e-03
1.467113067226677057e-03
1.467047978940777585e-03
1.466983136212073784e-03
1.466918042161034861e-03
1.466852945221339176e-03
1.466787845392600754e-03
1.466722742674436437e-03
1.466657885566641619e-03
1.466592777079501510e-03
1.466527665701781698e-03
1.466462799966336637e-03
1.466397682817338621e-03
1.466332811331878946e-03
1.466267688410067931e-03
1.466202811173064266e-03
1.466137682476904153e-03
1.466072799486826039e-03
1.466007913625138291e-03
1.465942776270098358e-03
1.465877884653041122e-03
1.465812990163228901e-03
1.465748092800279621e-03
1.465682943898376179e-03
1.465618040776996492e-03
1.465553134781333311e-03
1.465488225911004781e-03
1.465423314165628828e-03
1.465358399544823597e-03
1.465293482048207014e-03
1.465228561675395924e-03
1.465163638426009336e-03
1.465098712299663661e-03
1.465034032071597806e-03
1.464969100201214073e-03
1.464904165452725684e-03
1.464839227825749483e-03
1.464774536139595894e-03
1.464709592765528305e-03
1.464644646511826034e-03
1.464579946230857481e-03
1.464514994227772903e-03
1.464450288218689970e-03
1.464385330464695661e-03
1.464320618725976344e-03
1.464255655219544447e-03
1.464190937749666743e-03
1.464126217419140039e-03
1.464061245286709355e-03
1.463996519222740718e-03
1.463931790296983367e-03
1.463867058509058265e-03
1.463802074873633277e-03
1.463737337349220067e-03
1.463672596961497442e-03
1.463607853710086363e-03
1.463543107594606060e-03
1.463478358614676194e-03
1.463413606769917077e-03
1.463348852059947938e-03
1.463284094484389088e-03
1.463219334042859541e-03
1.463154819830115834e-03
1.463090053666529994e-03
1.463025284635832875e-03
1.462960512737644355e-03
1.462895987110792708e-03
1.462831209487509962e-03
1.462766428995593932e-03
1.462701894806932822e-03
1.462637108587643573e-03
1.462572568692880855e-03
1.462507776744699202e-03
1.462443231142321332e-03
1.462378433463726573e-03
1.462313882152218702e-03
1.462249327991079276e-03
1.462184521719537634e-03
1.462119961846996587e-03
1.462055399123689909e-03
1.461990833549240299e-03
1.461926015818801024e-03
1.461861444529919665e-03
1.461796870388759780e-03
1.461732293394944066e-03
1.461667713548093703e-03
1.461603130847830955e-03
1.461538545293777653e-03
1.461473956885555193e-03
1.461409365622785188e-03
1.461344771505089469e-03
1.461280423946741992e-03
1.461215824129084720e-03
1.461151221455366574e-03
1.461086615925209385e-03
1.461022256996959059e-03
1.460957645763818428e-03
1.460893031673102509e-03
1.460828664216217137e-03
1.460764044420250493e-03
1.460699671279389262e-03
1.460635045776660082e-03
1.460570666950317250e-03
1.460506035739313506e-03
1.460441651225982251e-03
1.460377263874093048e-03
1.460312624103363675e-03
1.460248231062226355e-03
1.460183835181402866e-03
1.460119436460517207e-03
1.460054785275213037e-03
1.459990380862064962e-03
1.459925973607725845e-03
1.459861563511820120e-03
1.459797150573970918e-03
1.459732734793802236e-03
1.459668316170938509e-03
1.459603894705002215e-03
1.459539470395617789e-03
1.459475043242408360e-03
1.459410862979160315e-03
1.459346430148196830e-03
1.459281994472279905e-03
1.459217555951032239e-03
1.459153364362311515e-03
1.459088920160303733e-03
1.459024473111835687e-03
1.458960273027822604e-03
1.458895820296338651e-03
1.458831614550587996e-03
1.458767156134584998e-03
1.458702944725598404e-03
1.458638480623571489e-03
1.458574263549850805e-03
1.458509793760295100e-03
1.458445571020340224e-03
1.458381345452208636e-03
1.458317117055526720e-03
1.458252635897446838e-03
1.458188401831532911e-03
1.458124164935945422e-03
1.458059925210310540e-03
1.457995682654253779e-03
1.457931437267401958e-03
1.457867189049379944e-03
1.457802937999813468e-03
1.457738684118328482e-03
1.457674427404550502e-03
1.457610167858104828e-03
1.457545905478616760e-03
1.457481640265711597e-03
1.457417622294727164e-03
1.457353351424891998e-03
1.457289077720516288e-03
1.457224801181224898e-03
1.457160771926436496e-03
1.457096489727223356e-03
1.457032454833790888e-03
1.456968166973160450e-03
1.456903876275740832e-03
1.456839832916050721e-03
1.456775786740861041e-03
1.456711487552906758e-03
1.456647435734601545e-03
1.456583130880739632e-03
1.456519073417827026e-03
1.456455013137553925e-03
1.456390950039548882e-03
1.456326633860428963e-03
1.456262565114833669e-03
1.456198493550388837e-03
1.456134419166723020e-03
1.456070341963463036e-03
1.456006261940237653e-03
1.455942179096674123e-03
1.455878093432399698e-03
1.455814004947041844e-03
1.455749913640228465e-03
1.455685819511587029e-03
1.455621722560744135e-03
1.455557873182558712e-03
1.455493770597222946e-03
1.455429665188568561e-03
1.455365556956222375e-03
1.455301696339120687e-03
1.455237582469305927e-03
1.455173716236015519e-03
1.455109596727244227e-03
1.455045474392917823e-03
1.454981599727067643e-03
1.454917471751550817e-03
1.454853591465805028e-03
1.454789708375054747e-03
1.454725571940482850e-03
1.454661683227612395e-03
1.454597791708628091e-03
1.454533646811652240e-03
1.454469749668321895e-03
1.454405849717766179e-03
1.454341946959615160e-03
1.454278041393498692e-03
1.454214133019046196e-03
1.454150221835888391e-03
1.454086307843653831e-03
1.454022391041972801e-03
1.453958471430474939e-03
1.453894549008788797e-03
1.453830623776544446e-03
1.453766695733370220e-03
1.453702764878896624e-03
1.453638831212751776e-03
1.453575145471344525e-03
1.453511206191774371e-03
1.453447264099421441e-03
1.453383319193914504e-03
1.453319622255746287e-03
1.453255671733852871e-03
1.453191969200586268e-03
1.453128013060826004e-03
1.453064304930986065e-03
1.453000343171878149e-03
1.452936629443989710e-03
1.452872662064053121e-03
1.452808942736639932e-03
1.452745220614413101e-03
1.452681244805977944e-03
1.452617517082012855e-03
1.452553786562128238e-03
1.452490053245956763e-03
1.452426317133130021e-03
1.452362578223280031e-03
1.452298585558906572e-03
1.452234841042889142e-03
1.452171093728742363e-03
1.452107343616096955e-03
1.452043590704584289e-03
1.451980086006060848e-03
1.451916327506731080e-03
1.451852566207429253e-03
1.451788802107787171e-03
1.451725035207435338e-03
1.451661265506004909e-03
1.451597744081465496e-03
1.451533968787801360e-03
1.451470190691952090e-03
1.451406660904943106e-03
1.451342877214650958e-03
1.451279341854491743e-03
1.451215552568284805e-03
1.451152011633507783e-03
1.451088216749913057e-03
1.451024670239051302e-03
1.450960869756594490e-03
1.450897317668179342e-03
1.450833762795938940e-03
1.450769953917949162e-03
1.450706393465953353e-03
1.450642830229032258e-03
1.450579264206821152e-03
1.450515695398952708e-03
1.450452123805061116e-03
1.450388298137115194e-03
1.450324720959062430e-03
1.450261140993885835e-03
1.450197558241218300e-03
1.450133972700693797e-03
1.450070635714702152e-03
1.450007044608385681e-03
1.449943450713113294e-03
1.449879854028517448e-03
1.449816254554231248e-03
1.449752652289887801e-03
1.449689298643991580e-03
1.449625690809463194e-03
1.449562080183776878e-03
1.449498718208492264e-03
1.449435102010423332e-03
1.449371734484052434e-03
1.449308112712136779e-03
1.449244739633219828e-03
1.449181112285991826e-03
1.449117733653069486e-03
1.449054100729062862e-03
1.448990716540674061e-03
1.448927329579506726e-03
1.448863688293107075e-03
1.448800295774282975e-03
1.448736900481586163e-03
1.448673502414652781e-03
1.448610101573118538e-03
1.448546446349438088e-03
1.448483039946595269e-03
1.448419630768056762e-03
1.448356218813458057e-03
1.448292804082434646e-03
1.448229386574621802e-03
1.448165966289654584e-03
1.448102794911477510e-03
1.448039369082131100e-03
1.447975940474537440e-03
1.447912509088330503e-03
1.447849074923145563e-03
1.447785889718017621e-03
1.447722450004811871e-03
1.447659007511534158e-03
1.447595814010272037e-03
1.447532365966787546e-03
1.447468915142135397e-03
1.447405713341471311e-03
1.447342256964425549e-03
1.447279049632675674e-03
1.447215839540337383e-03
1.447152374837490200e-03
1.447089159211888609e-03
1.447025940824612014e-03
1.446962467792685218e-03
1.446899243869966293e-03
1.446836017184485127e-03
1.446772787735878946e-03
1.446709303597094745e-03
1.446646068610139921e-03
1.446582830858971760e-03
1.446519590343227921e-03
1.446456347062545630e-03
1.446393101016561896e-03
1.446329852204914380e-03
1.446266600627239872e-03
1.446203346283176034e-03
1.446140089172359006e-03
1.446077081331303494e-03
1.446013818696918318e-03
1.445950553294692497e-03
1.445887285124262392e-03
1.445824266266212705e-03
1.445760992569316379e-03
1.445697716103127228e-03
1.445634688981286414e-03
1.445571406986456567e-03
1.445508374357280064e-03
1.445445086832360376e-03
1.445382048694403808e-03
1.445318755637944050e-03
1.445255711989763261e-03
1.445192413400312771e-03
1.445129364240461869e-03
1.445066312329736785e-03
1.445003005443603727e-03
1.444939948019041426e-03
1.444876887842522044e-03
1.444813824913685624e-03
1.444750759232171777e-03
1.444687690797619899e-03
1.444624367319387835e-03
1.444561293366662365e-03
1.444498216659815312e-03
1.444435137198485852e-03
1.444372054982313381e-03
1.444309222356311272e-03
1.444246134640392309e-03
1.444183044168548735e-03
1.444119950940419509e-03
1.444056854955642509e-03
1.443993756213856911e-03
1.443930907126190957e-03
1.443867802880335503e-03
1.443804695876388117e-03
1.443741838558532413e-03
1.443678726048352404e-03
1.443615863245570818e-03
1.443552745227716632e-03
1.443489876938573464e-03
1.443426753411603111e-03
1.443363879634661793e-03
1.443300750597131983e-03
1.443237871330954863e-03
1.443174989325122452e-03
1.443111852024571515e-03
1.443048964527347908e-03
1.442986074289392615e-03
1.442923181310347414e-03
1.442860285589853868e-03
1.442797134517759348e-03
1.442734233302280476e-03
1.442671329344275997e-03
1.442608422643387256e-03
1.442545513199255600e-03
1.442482601011521723e-03
1.442419686079826754e-03
1.442356768403811823e-03
1.442294100681060058e-03
1.442231177526352758e-03
1.442168251626248883e-03
1.442105322980389128e-03
1.442042391588414406e-03
1.441979710203002444e-03
1.441916773328750763e-03
1.441853833707306418e-03
1.441791144124403810e-03
1.441728199018531666e-03
1.441665503972512988e-03
1.441602553380778862e-03
1.441539852870215351e-03
1.441476896791184410e-03
1.441414190814647089e-03
1.441351229246884717e-03
1.441288517802943522e-03
1.441225803630266037e-03
1.441162833832238454e-03
1.441100114190012977e-03
1.441037391817980885e-03
1.440974666715785692e-03
1.440911938883070696e-03
1.440849208319479411e-03
1.440786222062292055e-03
1.440723486024862591e-03
1.440660747255485428e-03
1.440598005753802998e-03
1.440535261519458165e-03
1.440472514552094876e-03
1.440410017879830687e-03
1.440347265456381294e-03
1.440284510298842470e-03
1.440221752406856430e-03
1.440158991780066469e-03
1.440096481501679541e-03
1.440033715415239054e-03
1.439970946592922588e-03
1.439908428150991166e-03
1.439845653866885476e-03
1.439782876845831748e-03
1.439720350237155919e-03
1.439657567752171885e-03
1.439595035700887453e-03
1.439532247750546301e-03
1.439469710255231226e-03
1.439407170042868427e-03
1.439344373897337957e-03
1.439281828238812974e-03
1.439219279862175363e-03
1.439156475518245902e-03
1.439093921693313264e-03
1.439031365149203096e-03
1.438968805885561513e-03
1.438906243902033765e-03
1.438843679198264667e-03
1.438781111773899685e-03
1.438718541628583201e-03
1.438655968761961548e-03
1.438593393173678240e-03
1.438530814863378960e-03
1.438468233830708090e-03
1.438405650075310445e-03
1.438343063596830840e-03
1.438280474394913007e-03
1.438218135883300277e-03
1.438155541244470238e-03
1.438092943881136634e-03
1.438030343792944497e-03
1.437967994437718000e-03
1.437905388909775867e-03
1.437843034136115873e-03
1.437780423167004740e-03
1.437718062973499184e-03
1.437655446561800481e-03
1.437593080947035347e-03
1.437530459091329420e-03
1.437468088053890690e-03
1.437405714310085363e-03
1.437343084291230026e-03
1.437280705122630188e-03
1.437218323246605570e-03
1.437155685061407631e-03
1.437093297758466068e-03
1.437030907747040027e-03
1.436968515026777141e-03
1.436906119597323962e-03
1.436843721458328556e-03
1.436781320609437041e-03
1.436718917050296401e-03
1.436656510780553618e-03
1.436594101799855893e-03
1.436531690107849127e-03
1.436469275704180086e-03
1.436406858588495971e-03
1.436344692505071505e-03
1.436282269975323444e-03
1.436219844732499959e-03
1.436157416776248034e-03
1.436095239894918680e-03
1.436032806521781065e-03
1.435970370434154009e-03
1.435908185453450185e-03
1.435845743946820643e-03
1.435783553568439723e-03
1.435721106641396280e-03
1.435658910863932703e-03
1.435596458515063728e-03
1.435534257337110851e-03
1.435472053463887100e-03
1.435409592985154806e-03
1.435347383709332332e-03
1.435285171737186224e-03
1.435222957068364984e-03
1.435160485748559209e-03
1.435098265674326174e-03
1.435036042902364598e-03
1.434973817432323197e-03
1.434911589263851775e-03
1.434849358396598617e-03
1.434787124830212875e-03
1.434724888564343267e-03
1.434662649598638512e-03
1.434600407932746678e-03
1.434538163566316917e-03
1.434475916498997514e-03
1.434413920816615933e-03
1.434351668357490171e-03
1.434289413196420705e-03
1.434227155333056255e-03
1.434165148897297752e-03
1.434102885639320377e-03
1.434040619677993738e-03
1.433978605176277179e-03
1.433916333818232094e-03
1.433854313941125948e-03
1.433792037184959027e-03
1.433730011931065107e-03
1.433667729775372525e-03
1.433605699143292210e-03
1.433543411586668840e-03
1.433481375575002860e-03
1.433419336878521185e-03
1.433357295496875570e-03
1.433294997145226736e-03
1.433232950381197780e-03
1.433170900930956677e-03
1.433108848794154531e-03
1.433046793970442663e-03
1.432984736459471742e-03
1.432922676260892439e-03
1.432860613374356074e-03
1.432798547799512883e-03
1.432736479536013971e-03
1.432674408583509140e-03
1.432612334941649277e-03
1.432550258610085052e-03
1.432488179588466701e-03
1.432426097876444027e-03
1.432364267923432995e-03
1.432302180840582841e-03
1.432240091066280590e-03
1.432177998600175396e-03
1.432116157935766233e-03
1.432054060096041737e-03
1.431992214079341481e-03
1.431930110864602316e-03
1.431868259494220152e-03
1.431806150903070299e-03
1.431744294177616714e-03
1.431682180208658853e-03
1.431620318126742598e-03
1.431558198778579843e-03
1.431496331338809021e-03
1.431434461225090547e-03
1.431372588437078344e-03
1.431310458337365548e-03
1.431248580188715846e-03
1.431186699364730714e-03
1.431124815865062339e-03
1.431062929689363777e-03
1.431001040837287866e-03
1.430939149308487228e-03
1.430877255102615134e-03
1.430815358219323340e-03
1.430753458658264466e-03
1.430691556419091568e-03
1.430629651501456618e-03
1.430567743905011803e-03
1.430505833629409527e-03
1.430443920674301763e-03
1.430382259841684418e-03
1.430320341537552262e-03
1.430258420552872048e-03
1.430196751722689419e-03
1.430134825386903362e-03
1.430072896369525811e-03
1.430011219538665154e-03
1.429949285168098791e-03
1.429887603005387288e-03
1.429825663280243466e-03
1.429763975784298542e-03
1.429702285626717516e-03
1.429640337872626179e-03
1.429578642379736786e-03
1.429516689267595940e-03
1.429454988438014305e-03
1.429393284945070517e-03
1.429331578788419150e-03
1.429269869967715427e-03
1.429207903470949576e-03
1.429146189310093705e-03
1.429084472484148764e-03
1.429022752992769327e-03
1.428961030835609967e-03
1.428899306012325040e-03
1.428837578522569552e-03
1.428775848365997428e-03
1.428714115542263022e-03
1.428652380051020909e-03
1.428590897013774655e-03
1.428529156197505447e-03
1.428467412712692251e-03
1.428405666558988339e-03
1.428343917736048501e-03
1.428282421420476109e-03
1.428220667269058377e-03
1.428159165646339553e-03
1.428097406165064172e-03
1.428035644012823346e-03
1.427974134421311578e-03
1.427912366937141627e-03
1.427850852035045205e-03
1.427789079217564204e-03
1.427727559003507925e-03
1.427666036138455470e-03
1.427604255323941312e-03
1.427542727144865548e-03
1.427481196313763832e-03
1.427419407499110060e-03
1.427357871351920280e-03
1.427296332551674339e-03
1.427234791098029197e-03
1.427173246990640944e-03
1.427111700229167189e-03
1.427050150813263590e-03
1.426988598742587539e-03
1.426927044016794693e-03
1.426865486635542227e-03
1.426803926598485799e-03
1.426742363905281934e-03
1.426680798555586722e-03
1.426619230549056256e-03
1.426557659885346625e-03
1.426496086564113487e-03
1.426434766092492690e-03
1.426373187466211268e-03
1.426311606181375263e-03
1.426250277778170258e-03
1.426188691186226851e-03
1.426127101934696918e-03
1.426065765596829437e-03
1.426004171036132119e-03
1.425942829410443025e-03
1.425881229539204854e-03
1.425819882624326535e-03
1.425758533069840066e-03
1.425696925235737586e-03
1.425635570390010581e-03
1.425573957241933146e-03
1.425512597103596041e-03
1.425451234323943167e-03
1.425389868902633868e-03
1.425328500839325970e-03
1.425266874416877567e-03
1.425205501057538477e-03
1.425144125055176217e-03
1.425082746409449047e-03
1.425021365120015008e-03
1.424959981186533445e-03
1.424898594608661534e-03
1.424837205386058400e-03
1.424775813518381869e-03
1.424714419005289768e-03
1.424653021846440572e-03
1.424591877879502391e-03
1.424530475439139687e-03
1.424469070351994235e-03
1.424407662617724292e-03
1.424346508118071002e-03
1.424285095099557530e-03
1.424223679432893696e-03
1.424162517032877967e-03
1.424101096079922763e-03
1.424039928414961870e-03
1.423978502174349202e-03
1.423917329243083773e-03
1.423855897713448412e-03
1.423794719514517556e-03
1.423733282694492975e-03
1.423672099226535584e-03
1.423610913129055725e-03
1.423549468376409137e-03
1.423488277007861624e-03
1.423427083008772494e-03
1.423365886378803258e-03
1.423304687117614127e-03
1.423243229144471661e-03
1.423182024608811566e-03
1.423120817440911776e-03
1.423059607640432718e-03
1.422998395207034387e-03
1.422937180140377211e-03
1.422875962440121400e-03
1.422814742105926733e-03
1.422753775305989673e-03
1.422692549713921659e-03
1.422631321486896071e-03
1.422570090624572904e-03
1.422508857126611502e-03
1.422447877216297292e-03
1.422386638457070291e-03
1.422325397061184821e-03
1.422264153028300875e-03
1.422203162625791011e-03
1.422141913328924890e-03
1.422080917683782092e-03
1.422019663121575723e-03
1.421958662232447991e-03
1.421897402403543955e-03
1.421836396269077771e-03
1.421775131172117127e-03
1.421714119790959624e-03
1.421653105791449755e-03
1.421591832795380227e-03
1.421530813547149412e-03
1.421469791679553368e-03
1.421408767192254476e-03
1.421347740084915766e-03
1.421286453924243366e-03
1.421225421564799698e-03
1.421164386584301397e-03
1.421103348982411712e-03
1.421042308758792370e-03
1.420981265913105317e-03
1.420920220445012717e-03
1.420859172354176515e-03
1.420798121640258873e-03
1.420737068302921303e-03
1.420676268884967083e-03
1.420615210310801615e-03
1.420554149112203141e-03
1.420493085288832957e-03
1.420432018840352573e-03
1.420371206364663989e-03
1.420310134675980803e-03
1.420249060361173038e-03
1.420188240051200885e-03
1.420127160494164811e-03
1.420066334963317927e-03
1.420005250162703712e-03
1.419944419409637903e-03
1.419883329364094414e-03
1.419822493387464619e-03
1.419761654804047859e-03
1.419700556894101231e-03
1.419639713085102568e-03
1.419578866668310150e-03
1.419517760890921581e-03
1.419456909246528476e-03
1.419396054993333524e-03
1.419335198131001707e-03
1.419274338659197139e-03
1.419213219770022174e-03
1.419152355067251122e-03
1.419091487753998144e-03
1.419030617829928004e-03
1.418969745294704600e-03
1.418908870147991613e-03
1.418847992389453156e-03
1.418787112018752693e-03
1.418726485931267375e-03
1.418665600346260061e-03
1.418604712148083084e-03
1.418543821336400342e-03
1.418482927910874863e-03
1.418422288821978182e-03
1.418361390178790246e-03
1.418300488920751267e-03
1.418239842031386415e-03
1.418178935553671182e-03
1.418118283465985823e-03
1.418057371767251877e-03
1.417996714479908974e-03
1.417935797558813205e-03
1.417875135070474852e-03
1.417814212925674151e-03
1.417753545235003092e-03
1.417692874948163961e-03
1.417631944970809861e-03
1.417571269479630733e-03
1.417510591391282163e-03
1.417449653578353209e-03
1.417388970283656483e-03
1.417328284390788297e-03
1.417267595899414064e-03
1.417206904809200935e-03
1.417146211119814760e-03
1.417085514830921170e-03
1.417024815942186230e-03
1.416964114453276441e-03
1.416903410363857000e-03
1.416842703673593541e-03
1.416781994382152344e-03
1.416721282489198609e-03
1.416660567994397968e-03
1.416599850897415618e-03
1.416539388490270848e-03
1.416478666198951785e-03
1.416417941304448126e-03
1.416357213806426155e-03
1.416296741040983832e-03
1.416236008345954324e-03
1.416175530404861944e-03
1.416114792511490679e-03
1.416054309393418578e-03
1.415993566300370685e-03
1.415933078003989414e-03
1.415872329709929158e-03
1.415811836233908617e-03
1.415751082737499609e-03
1.415690584080509049e-03
1.415630082838035229e-03
1.415569321541122272e-03
1.415508815115682200e-03
1.415448306103762920e-03
1.415387794505032883e-03
1.415327022806458189e-03
1.415266506022099533e-03
1.415205986649933304e-03
1.415145464689627087e-03
1.415084940140848898e-03
1.415024413003266972e-03
1.414963883276548458e-03
1.414903350960361374e-03
1.414842816054373087e-03
1.414782278558251831e-03
1.414721738471664539e-03
1.414661453428182371e-03
1.414600908170692310e-03
1.414540360321739614e-03
1.414479809880991867e-03
1.414419514526088061e-03
1.414358958911783636e-03
1.414298400704686693e-03
1.414238097615490948e-03
1.414177534232846298e-03
1.414116968256410797e-03
1.414056657429945893e-03
1.413996086275970138e-03
1.413935770293336123e-03
1.413875193960492400e-03
1.413814872820366329e-03
1.413754549106498041e-03
1.413693965008384120e-03
1.413633636135040554e-03
1.413573304686964027e-03
1.413512712820593582e-03
1.413452376211056603e-03
1.413392037025797002e-03
1.413331695264484315e-03
1.413271350926788295e-03
1.413211004012379559e-03
1.413150396611587926e-03
1.413090044531747740e-03
1.413029689874202577e-03
1.412969332638622623e-03
1.412908972824676547e-03
1.412848610432034966e-03
1.412788503435818315e-03
1.412728135895816766e-03
1.412667765776127885e-03
1.412607393076422291e-03
1.412547017796368870e-03
1.412486639935636289e-03
1.412426517535461581e-03
1.412366134523410609e-03
1.412305748929688866e-03
1.412245618828586588e-03
1.412185228081566700e-03
1.412125092848531783e-03
1.412064696946893844e-03
1.412004298461931942e-03
1.411944155523036336e-03
1.411884010022193114e-03
1.411823603807358263e-03
1.411763453170637858e-03
1.411703041797223715e-03
1.411642886023310554e-03
1.411582727685809164e-03
1.411522308577572039e-03
1.411462145100904429e-03
1.411401979059663265e-03
1.411341810453520902e-03
1.411281639282149260e-03
1.411221207283308620e-03
1.411161030969480638e-03
1.411100852089437188e-03
1.411040670642849538e-03
1.410980486629390259e-03
1.410920300048729972e-03
1.410860110900541029e-03
1.410799919184493835e-03
1.410739983250315849e-03
1.410679786408591428e-03
1.410619586998024732e-03
1.410559385018286165e-03
1.410499180469047429e-03
1.410439231755122782e-03
1.410379022076926891e-03
1.410318809828244643e-03
1.410258595008746871e-03
1.410198636067334747e-03
1.410138416116254751e-03
1.410078452064631544e-03
1.410018226980656788e-03
1.409958257817514951e-03
1.409898027599333333e-03
1.409838053323365535e-03
1.409777817969663219e-03
1.409717838579562128e-03
1.409657856637403731e-03
1.409597613583481830e-03
1.409537626525228602e-03
1.409477636913939033e-03
1.409417386156843746e-03
1.409357391427496289e-03
1.409297394144133023e-03
1.409237394306428253e-03
1.409177391914054984e-03
1.409117386966687521e-03
1.409057379463999303e-03
1.408997369405663334e-03
1.408937356791353703e-03
1.408877341620743849e-03
1.408817323893506342e-03
1.408757303609315271e-03
1.408697280767843207e-03
1.408637255368763372e-03
1.408577227411748770e-03
1.408517455654183844e-03
1.408457422591348094e-03
1.408397386969597676e-03
1.408337348788604943e-03
1.408277566849832144e-03
1.408217523560408805e-03
1.408157477710762816e-03
1.408097688135416352e-03
1.408037637175381688e-03
1.407977842511023764e-03
1.407917786439295046e-03
1.407857986684626569e-03
1.407797925499898418e-03
1.407738120653619215e-03
1.407678313266546698e-03
1.407618244415394628e-03
1.407558431934761338e-03
1.407498616912361122e-03
1.407438540391848679e-03
1.407378720273936776e-03
1.407318897613284332e-03
1.407259072409567388e-03
1.407199244662461768e-03
1.407139155360524318e-03
1.407079322514653320e-03
1.407019487124418732e-03
1.406959649189495508e-03
1.406899808709559472e-03
1.406839965684285364e-03
1.406780120113348791e-03
1.406720531084668623e-03
1.406660680432455721e-03
1.406600827233606089e-03
1.406540971487795551e-03
1.406481113194698197e-03
1.406421252353989631e-03
1.406361648119703808e-03
1.406301782193827713e-03
1.406241913719365275e-03
1.406182301883403653e-03
1.406122428321827976e-03
1.406062811420129895e-03
1.406002932770143840e-03
1.405943051569946006e-03
1.405883427061724008e-03
1.405823540771167918e-03
1.405763911193977237e-03
1.405704279087317300e-03
1.405644385164313368e-03
1.405584747986746846e-03
1.405525108278742876e-03
1.405465206720371996e-03
1.405405561939522020e-03
1.405345914627266620e-03
1.405286264783284006e-03
1.405226353043566041e-03
1.405166698124149863e-03
1.405107040672037627e-03
1.405047380686906457e-03
1.404987718168433913e-03
1.404928053116296684e-03
1.404868385530172546e-03
1.404808715409738189e-03
1.404749042754670956e-03
1.404689367564647537e-03
1.404629689839345273e-03
1.404570269063324522e-03
1.404510586277520762e-03
1.404450900955469747e-03
1.404391213096847736e-03
1.404331522701331852e-03
1.404272089308580525e-03
1.404212393849338944e-03
1.404152695852234215e-03
1.404093254889980788e-03
1.404033551827215710e-03
1.403974105820684787e-03
1.403914397690969162e-03
1.403854946638875964e-03
1.403795233440919806e-03
1.403735777341979336e-03
1.403676059074492012e-03
1.403616597927419057e-03
1.403557134261297547e-03
1.403497408392616894e-03
1.403437939676434754e-03
1.403378468440242589e-03
1.403318734967465113e-03
1.403259258679282872e-03
1.403199779870128051e-03
1.403140298539679292e-03
1.403080814687616105e-03
1.403021328313618001e-03
1.402961839417364055e-03
1.402902347998533561e-03
1.402842854056805160e-03
1.402783357591858363e-03
1.402723858603371811e-03
1.402664357091024366e-03
1.402604853054494885e-03
1.402545346493462228e-03
1.402485837407604604e-03
1.402426325796601305e-03
1.402367071552679647e-03
1.402307554901449866e-03
1.402248035724110988e-03
1.402188773945937678e-03
1.402129249726449594e-03
1.402069722979888342e-03
1.402010453664588293e-03
1.401950921873953808e-03
1.401891647535968800e-03
1.401832110699978689e-03
1.401772831338031315e-03
1.401713289455402750e-03
1.401654005068215603e-03
1.401594458137664671e-03
1.401535168723959477e-03
1.401475876802016742e-03
1.401416322302700317e-03
1.401357025352322448e-03
1.401297725892750338e-03
1.401238423923665448e-03
1.401178859331856427e-03
1.401119552331779421e-03
1.401060242821231851e-03
1.401000930799895612e-03
1.400941616267450647e-03
1.400882299223579069e-03
1.400822979667961255e-03
1.400763657600277799e-03
1.400704333020210378e-03
1.400645005927439153e-03
1.400585676321645153e-03
1.400526344202508537e-03
1.400467009569710333e-03
1.400407932679064186e-03
1.400348593029012226e-03
1.400289250864341110e-03
1.400229906184731433e-03
1.400170819290069224e-03
1.400111469590656615e-03
1.400052117375346792e-03
1.399993022977084195e-03
1.399933665740058690e-03
1.399874566341470852e-03
1.399815204081454644e-03
1.399756099681272398e-03
1.399696732396990247e-03
1.399637622993942909e-03
1.399578250684119143e-03
1.399519136276936243e-03
1.399460019372709323e-03
1.399400639527704311e-03
1.399341517617436670e-03
1.399282393209174379e-03
1.399223005826118237e-03
1.399163876409908113e-03
1.399104744494751411e-03
1.399045610080331108e-03
1.398986473166331053e-03
1.398927333752433355e-03
1.398868191838321430e-03
1.398809047423678256e-03
1.398749900508186161e-03
1.398690751091528342e-03
1.398631599173387344e-03
1.398572444753445497e-03
1.398513287831385779e-03
1.398454128406890302e-03
1.398394966479641613e-03
1.398335802049322039e-03
1.398276895768389531e-03
1.398217726342004981e-03
1.398158554411597834e-03
1.398099640662671221e-03
1.398040463734299141e-03
1.397981284300951234e-03
1.397922363081190123e-03
1.397863178647975593e-03
1.397804252449742638e-03
1.397745063015393835e-03
1.397686131837426807e-03
1.397626937400675432e-03
1.397568001241712102e-03
1.397508801801289856e-03
1.397449860660066262e-03
1.397390917032739549e-03
1.397331710089956807e-03
1.397272761478475945e-03
1.397213810379946105e-03
1.397154595931950115e-03
1.397095639847370291e-03
1.397036681274795413e-03
1.396977720213911280e-03
1.396918756664402173e-03
1.396859790625952806e-03
1.396800822098248542e-03
1.396741851080973663e-03
1.396682877573813099e-03
1.396623901576451348e-03
1.396564923088572906e-03
1.396505942109862054e-03
1.396446958640003505e-03
1.396387972678681108e-03
1.396328984225579791e-03
1.396270254307754345e-03
1.396211260881175670e-03
1.396152264961871784e-03
1.396093266549526318e-03
1.396034526715269914e-03
1.395975523326927837e-03
1.395916517444597020e-03
1.395857770172467599e-03
1.395798759312249756e-03
1.395740007083631773e-03
1.395680991244266627e-03
1.395622234057905878e-03
1.395563213238132719e-03
1.395504451092773480e-03
1.395445425291331597e-03
1.395386658185718363e-03
1.395327888605007310e-03
1.395268855334221925e-03
1.395210080791373618e-03
1.395151303772487706e-03
1.395092524277251507e-03
1.395033481046614818e-03
1.394974696586729051e-03
1.394915909649552341e-03
1.394857120234771356e-03
1.394798328342072759e-03
1.394739533971143218e-03
1.394680737121669180e-03
1.394621937793337528e-03
1.394563135985834494e-03
1.394504331698846527e-03
1.394445524932059642e-03
1.394386715685160720e-03
1.394327903957834911e-03
1.394269089749769746e-03
1.394210534473646658e-03
1.394151715314188031e-03
1.394092893673048745e-03
1.394034069549914380e-03
1.393975504401542657e-03
1.393916675324510324e-03
1.393857843764542042e-03
1.393799271211453288e-03
1.393740434695707464e-03
1.393681857208243753e-03
1.393623015735468351e-03
1.393564433312382200e-03
1.393505586881323881e-03
1.393446999521367807e-03
1.393388148130772801e-03
1.393329555832698453e-03
1.393270961070597076e-03
1.393212102243870931e-03
1.393153502541779080e-03
1.393094900374725834e-03
1.393036295742399811e-03
1.392977427000132188e-03
1.392918817425318990e-03
1.392860205384298215e-03
1.392801590876758481e-03
1.392742973902388621e-03
1.392684354460877036e-03
1.392625732551912559e-03
1.392567108175182941e-03
1.392508481330376581e-03
1.392449852017181881e-03
1.392391220235287457e-03
1.392332585984380408e-03
1.392273949264150219e-03
1.392215310074283556e-03
1.392156668414469035e-03
1.392098286094036299e-03
1.392039639504419552e-03
1.391980990443919281e-03
1.391922600754910309e-03
1.391863946762740816e-03
1.391805290298752350e-03
1.391746893238376840e-03
1.391688231840850854e-03
1.391629567970569577e-03
1.391571163536034841e-03
1.391512494730347098e-03
1.391454085381818671e-03
1.391395673581326481e-03
1.391336997375716049e-03
1.391278580659370762e-03
1.391219899515239817e-03
1.391161477881799804e-03
1.391103053794848438e-03
1.391044627254076288e-03
1.390985936240216828e-03
1.390927504779868864e-03
1.390869070864771172e-03
1.390810634494613887e-03
1.390752195669088444e-03
1.390693492313827863e-03
1.390635048565622318e-03
1.390576602361117721e-03
1.390518153700004639e-03
1.390459702581973208e-03
1.390401249006713346e-03
1.390342792973915404e-03
1.390284596634454176e-03
1.390226135696673564e-03
1.390167672300426363e-03
1.390109206445402056e-03
1.390050738131290127e-03
1.389992267357780713e-03
1.389934056341862387e-03
1.389875580659658211e-03
1.389817102517126955e-03
1.389758884164307576e-03
1.389700401111225187e-03
1.389641915596884821e-03
1.389583689904389484e-03
1.389525199477640964e-03
1.389466968894149815e-03
1.389408473553755199e-03
1.389350238078035718e-03
1.389291737822756414e-03
1.389233497453575212e-03
1.389175254642700461e-03
1.389116747018295447e-03
1.389058499312109327e-03
1.389000249163306784e-03
1.388941734166990963e-03
1.388883479121026752e-03
1.388825221631521728e-03
1.388766961698169062e-03
1.388708699320661275e-03
1.388650434498690453e-03
1.388591904761251813e-03
1.388533635038416989e-03
1.388475362870194522e-03
1.388417088256276499e-03
1.388358811196355007e-03
1.388300531690121698e-03
1.388242512274073890e-03
1.388184227885316075e-03
1.388125941049323572e-03
1.388067651765787815e-03
1.388009360034400891e-03
1.387951065854854020e-03
1.387893031829752662e-03
1.387834732763992395e-03
1.387776431249147790e-03
1.387718127284910717e-03
1.387660083517969212e-03
1.387601774665056954e-03
1.387543726030849786e-03
1.387485412288032858e-03
1.387427358785335097e-03
1.387369040151382495e-03
1.387310981778968992e-03
1.387252658252650581e-03
1.387194595009295537e-03
1.387136266589379446e-03
1.387078198473856629e-03
1.387020127927290382e-03
1.386961792170193731e-03
1.386903716749621554e-03
1.386845638897088060e-03
1.386787295800041148e-03
1.386729213071661183e-03
1.386671127910402016e-03
1.386613040315957902e-03
1.386554950288023096e-03
1.386496857826291637e-03
1.386438762930457345e-03
1.386380665600214909e-03
1.386322565835257934e-03
1.386264463635280240e-03
1.386206358999975217e-03
1.386148251929037551e-03
1.386090142422160198e-03
1.386032030479036978e-03
1.385973916099361497e-03
1.385915799282827141e-03
1.385857943017665362e-03
1.385799821337523659e-03
1.385741697219604546e-03
1.385683570663601410e-03
1.385625704701823726e-03
1.385567573279767066e-03
1.385509439418707413e-03
1.385451566184013952e-03
1.385393427455066089e-03
1.385335549373902832e-03
1.385277405775843127e-03
1.385219522846991864e-03
1.385161374378597555e-03
1.385103486600839425e-03
1.385045596403670486e-03
1.384987440633003459e-03
1.384929545585100773e-03
1.384871648116875464e-03
1.384813485041183796e-03
1.384755582720396993e-03
1.384697677978374668e-03
1.384639770814813679e-03
1.384581597998492050e-03
1.384523685979930979e-03
1.384465771538917912e-03
1.384407854675148838e-03
1.384349935388319748e-03
1.384292013678126414e-03
1.384234089544264827e-03
1.384176162986430108e-03
1.384118234004318680e-03
1.384060302597625667e-03
1.384002368766046407e-03
1.383944432509277107e-03
1.383886493827012239e-03
1.383828816093109681e-03
1.383770872569969283e-03
1.383712926620421285e-03
1.383654978244160377e-03
1.383597290859115954e-03
1.383539337639548951e-03
1.383481381992355923e-03
1.383423687368520770e-03
1.383365726876198019e-03
1.383308027428651775e-03
1.383250062089983910e-03
1.383192357817516604e-03
1.383134387631287801e-03
1.383076678532688380e-03
1.383018703497682599e-03
1.382960989571740441e-03
1.382903009686739905e-03
1.382845290932243308e-03
1.382787569768515476e-03
1.382729582611767500e-03
1.382671856617668322e-03
1.382614128213431083e-03
1.382556397398754158e-03
1.382498664173335921e-03
1.382440664898300234e-03
1.382382926839481390e-03
1.382325186369013107e-03
1.382267443486593760e-03
1.382209698191919989e-03
1.382151950484690819e-03
1.382094200364603108e-03
1.382036447831354146e-03
1.381978692884642309e-03
1.381920935524163585e-03
1.381863175749616784e-03
1.381805413560698330e-03
1.381747912727906936e-03
1.381690145720365116e-03
1.381632376297544599e-03
1.381574604459142458e-03
1.381517094019726975e-03
1.381459317360285866e-03
1.381401538284355440e-03
1.381344020639557616e-03
1.381286236740775870e-03
1.381228450424596245e-03
1.381170925571707092e-03
1.381113134430862711e-03
1.381055604774738058e-03
1.380997808808020469e-03
1.380940274347456634e-03
1.380882737489720494e-03
1.380824934287450036e-03
1.380767392623469952e-03
1.380709584592303531e-03
1.380652038120875388e-03
1.380594489250772886e-03
1.380536937981696136e-03
1.380479120300163705e-03
1.380421564221230449e-03
1.380364005742421756e-03
1.380306444863436651e-03
1.380248881583975460e-03
1.380191315903737427e-03
1.380133747822422444e-03
1.380076177339729536e-03
1.380018604455358596e-03
1.379961029169009517e-03
1.379903451480380457e-03
1.379845871389171310e-03
1.379788288895081533e-03
1.379730703997809936e-03
1.379673116697055762e-03
1.379615526992518035e-03
1.379558199073369030e-03
1.379500604571390864e-03
1.379443007664727088e-03
1.379385408353076513e-03
1.379328070869689001e-03
1.379270466758196478e-03
1.379212860240814666e-03
1.379155515583852919e-03
1.379097904264826998e-03
1.379040554827649966e-03
1.378982938705779291e-03
1.378925584487191531e-03
1.378867963561274806e-03
1.378810604560079360e-03
1.378752978828915073e-03
1.378695615043915848e-03
1.378638248872065706e-03
1.378580615936301221e-03
1.378523244978852513e-03
1.378465871633657771e-03
1.378408495900418623e-03
1.378350853358000991e-03
1.378293472836770225e-03
1.378236089926598417e-03
1.378178704627187629e-03
1.378121316938239489e-03
1.378063926859455189e-03
1.378006534390536142e-03
1.377949139531184190e-03
1.377891742281099879e-03
1.377834342639984834e-03
1.377776940607540685e-03
1.377719536183467323e-03
1.377662129367466810e-03
1.377604720159239689e-03
1.377547308558486937e-03
1.377489894564909749e-03
1.377432742775341282e-03
1.377375324006247306e-03
1.377317902843431825e-03
1.377260479286595597e-03
1.377203317976651107e-03
1.377145889641911113e-03
1.377088723575487124e-03
1.377031290461650740e-03
1.376973854952298496e-03
1.376916681743433355e-03
1.376859241453192752e-03
1.376802063484876965e-03
1.376744618412554296e-03
1.376687435683598927e-03
1.376630250579376474e-03
1.376572798337215298e-03
1.376515608470570400e-03
1.376458416227769157e-03
1.376400956813083687e-03
1.376343759806076270e-03
1.376286560422021943e-03
1.376229093832125961e-03
1.376171889682080212e-03
1.376114683154097424e-03
1.376057474247880091e-03
1.376000262963132008e-03
1.375943049299556756e-03
1.375885833256857045e-03
1.375828614834736239e-03
1.375771394032897915e-03
1.375714170851044570e-03
1.375656945288879131e-03
1.375599717346104962e-03
1.375542487022424556e-03
1.375485254317541277e-03
1.375428019231157185e-03
1.375371046756742374e-03
1.375313806917494381e-03
1.375256564695854795e-03
1.375199320091526978e-03
1.375142338142052540e-03
1.375085088782488371e-03
1.375027837039344541e-03
1.374970847983218464e-03
1.374913591483059106e-03
1.374856332598427353e-03
1.374799336432990307e-03
1.374742072789562983e-03
1.374685071886771115e-03
1.374627803483361235e-03
1.374570797842032980e-03
1.374513789836491950e-03
1.374456514296407139e-03
1.374399501550557920e-03
1.374342486439611866e-03
1.374285203760183469e-03
1.374228183907156555e-03
1.374171161688147666e-03
1.374114137102863198e-03
1.374056844903841570e-03
1.373999815574111598e-03
1.373942783877220254e-03
1.373885749812872202e-03
1.373828713380773406e-03
1.373771674580628530e-03
1.373714633412142236e-03
1.373657589875020273e-03
1.373600543968966870e-03
1.373543495693687342e-03
1.373486445048886133e-03
1.373429392034268342e-03
1.373372336649538198e-03
1.373315278894400799e-03
1.373258218768559939e-03
1.373201421684171631e-03
1.373144356827068297e-03
1.373087289598376361e-03
1.373030219997800269e-03
1.372973413481572320e-03
1.372916339147376048e-03
1.372859527918958260e-03
1.372802448849963931e-03
1.372745367407608762e-03
1.372688549103212282e-03
1.372631462924289638e-03
1.372574639904769250e-03
1.372517548988099302e-03
1.372460721252281033e-03
1.372403625596684386e-03
1.372346793143393393e-03
1.372289958336425468e-03
1.372232855575751228e-03
1.372176016049549184e-03
1.372119174168790704e-03
1.372062329933183703e-03
1.372005217698631400e-03
1.371948368741441032e-03
1.371891517428522203e-03
1.371834663759581964e-03
1.371777807734327146e-03
1.371720949352465231e-03
1.371663822903783272e-03
1.371606959796811730e-03
1.371550094332352719e-03
1.371493226510111770e-03
1.371436356329796798e-03
1.371379749556124895e-03
1.371322874669803071e-03
1.371265997424527070e-03
1.371209117820004807e-03
1.371152235855941379e-03
1.371095351532044052e-03
1.371038464848018355e-03
1.370981841645717162e-03
1.370924950251586330e-03
1.370868056496447190e-03
1.370811426255200615e-03
1.370754527788199065e-03
1.370697626959309053e-03
1.370640989676491376e-03
1.370584084133981244e-03
1.370527442158986798e-03
1.370470531901684741e-03
1.370413885233347142e-03
1.370356970260081355e-03
1.370300318897233784e-03
1.370243399206831593e-03
1.370186743148306581e-03
1.370130084747004772e-03
1.370073157984224741e-03
1.370016494885494939e-03
1.369959829443114906e-03
1.369903161656793860e-03
1.369846225463760376e-03
1.369789552977676399e-03
1.369732878146776890e-03
1.369676200970771284e-03
1.369619521449367931e-03
1.369562839582275614e-03
1.369506155369203549e-03
1.369449468809860303e-03
1.369392779903954010e-03
1.369336088651194102e-03
1.369279395051288279e-03
1.369222699103945107e-03
1.369166000808873370e-03
1.369109300165780984e-03
1.369052597174376515e-03
1.368995891834368095e-03
1.368939184145463641e-03
1.368882740357171054e-03
1.368826027980630253e-03
1.368769313254319117e-03
1.368712862460790079e-03
1.368656143045097031e-03
1.368599421278758480e-03
1.368542963477384833e-03
1.368486237019917286e-03
1.368429508210928852e-03
1.368373043399099837e-03
1.368316309897234890e-03
1.368259840413982254e-03
1.368203102218075928e-03
1.368146628062240008e-03
1.368090151575175779e-03
1.368033406341547702e-03
1.367976925180161129e-03
1.367920441686678885e-03
1.367863689412709624e-03
1.367807201243165108e-03
1.367750710740656041e-03
1.367694217904894243e-03
1.367637456243412297e-03
1.367580958729267167e-03
1.367524458880999992e-03
1.367467956698321290e-03
1.367411452180942013e-03
1.367354945328572028e-03
1.367298436140922720e-03
1.367241924617703741e-03
1.367185410758626042e-03
1.367128894563399708e-03
1.367072376031735039e-03
1.367015855163342120e-03
1.366959331957931251e-03
1.366902806415212302e-03
1.366846545181328153e-03
1.366790014974152232e-03
1.366733482428799350e-03
1.366676947544980024e-03
1.366620677012905837e-03
1.366564137462315852e-03
1.366507595572389461e-03
1.366451318066392966e-03
1.366394771507960758e-03
1.366338222609322613e-03
1.366281938126810182e-03
1.366225384557929329e-03
1.366169095426628165e-03
1.366112537186348411e-03
1.366056243405106225e-03
1.365999680492269207e-03
1.365943382059933925e-03
1.365887081307118897e-03
1.365830511388799748e-03
1.365774205983163190e-03
1.365717898256184077e-03
1.365661321329779410e-03
1.365605008948249464e-03
1.365548694244514156e-03
1.365492377218286606e-03
1.365436057869278850e-03
1.365379469264316322e-03
1.365323145257874623e-03
1.365266818927789476e-03
1.365210490273772699e-03
1.365154159295536764e-03
1.365097825992794356e-03
1.365041490365257078e-03
1.364985152412637832e-03
1.364928812134648005e-03
1.364872469531000282e-03
1.364816124601405832e-03
1.364760044399669940e-03
1.364703694828345564e-03
1.364647342930211870e-03
1.364590988704980461e-03
1.364534632152363588e-03
1.364478540381260270e-03
1.364422179184039685e-03
1.364365815658569311e-03
1.364309716946801370e-03
1.364253348775003186e-03
1.364197245438356423e-03
1.364140872619081174e-03
1.364084497470115665e-03
1.364028387188509538e-03
1.363972007390340481e-03
1.363915892480993238e-03
1.363859775262842890e-03
1.363803388494236801e-03
1.363747266646628611e-03
1.363690875225943453e-03
1.363634748747731421e-03
1.363578619959288172e-03
1.363522221563853460e-03
1.363466088143087691e-03
1.363409952411233968e-03
1.363353814368006064e-03
1.363297674013118832e-03
1.363241263994722629e-03
1.363185119004648631e-03
1.363128971702056618e-03
1.363072822086661227e-03
1.363016670158176446e-03
1.362960515916316478e-03
1.362904359360795530e-03
1.362848200491327154e-03
1.362792039307625771e-03
1.362735875809404935e-03
1.362679709996378417e-03
1.362623809341023543e-03
1.362567638908553525e-03
1.362511466160420438e-03
1.362455291096337836e-03
1.362399113716019489e-03
1.362343201547034071e-03
1.362287019544417303e-03
1.362230835224705885e-03
1.362174916148519961e-03
1.362118727204797083e-03
1.362062535943120651e-03
1.362006609957173769e-03
1.361950414069771102e-03
1.361894483479556732e-03
1.361838282965285515e-03
1.361782347769666330e-03
1.361726142627383597e-03
1.361670202825221616e-03
1.361613993053783535e-03
1.361558048643940998e-03
1.361502101935330947e-03
1.361445885223541794e-03
1.361389933905543569e-03
1.361333980287926298e-03
1.361278024370405921e-03
1.361221798404501065e-03
1.361165837875316338e-03
1.361109875045376106e-03
1.361053909914396957e-03
1.360997942482094613e-03
1.360941972748185447e-03
1.360886000712385399e-03
1.360830026374409973e-03
1.360774049733975977e-03
1.360718070790798481e-03
1.360662089544593858e-03
1.360606105995077397e-03
1.360550120141965037e-03
1.360494131984972283e-03
1.360438141523814641e-03
1.360382148758207833e-03
1.360326153687866930e-03
1.360270424248021708e-03
1.360214424578390022e-03
1.360158422603171841e-03
1.360102418322082021e-03
1.360046679714429010e-03
1.359990670831778088e-03
1.359934659642402692e-03
1.359878914158670548e-03
1.359822898366030769e-03
1.359767148300494504e-03
1.359711127903455398e-03
1.359655373254985491e-03
1.359599348252411031e-03
1.359543589019876876e-03
1.359487559410631685e-03
1.359431795592902243e-03
1.359376029487650199e-03
1.359319992971793657e-03
1.359264222279650634e-03
1.359208449299138897e-03
1.359152405874116190e-03
1.359096628305016697e-03
1.359040848446701946e-03
1.358985066298889826e-03
1.358929281861298664e-03
1.358873495133646348e-03
1.358817437893685299e-03
1.358761646574051024e-03
1.358705852963507750e-03
1.358650057061773150e-03
1.358594258868565550e-03
1.358538458383601755e-03
1.358482655606599874e-03
1.358426850537277361e-03
1.358371043175351893e-03
1.358315501841674249e-03
1.358259689904720057e-03
1.358203875674316363e-03
1.358148059150179540e-03
1.358092240332027913e-03
1.358036687595800141e-03
1.357980864199801515e-03
1.357925038508939804e-03
1.357869210522932900e-03
1.357813648661803122e-03
1.357757816095692778e-03
1.357702249675918956e-03
1.357646412528578034e-03
1.357590573084678119e-03
1.357534999819338300e-03
1.357479155792514500e-03
1.357423577965722336e-03
1.357367997863280018e-03
1.357312146965478257e-03
1.357256562299899829e-03
1.357200706816353306e-03
1.357145117586514666e-03
1.357089526079624650e-03
1.357033663720870259e-03
1.356978067648034313e-03
1.356922469297306300e-03
1.356866868668406279e-03
1.356810997142443445e-03
1.356755391945349077e-03
1.356699784469240491e-03
1.356644174713837747e-03
1.356588562678860254e-03
1.356532948364027637e-03
1.356477331769059521e-03
1.356421712893675748e-03
1.356366091737595510e-03
1.356310468300538433e-03
1.356254842582223490e-03
1.356199214582369875e-03
1.356143584300697645e-03
1.356087951736925125e-03
1.356032585663631378e-03
1.355976948545844574e-03
1.355921309145116356e-03
1.355865667461165483e-03
1.355810023493711144e-03
1.355754646070431993e-03
1.355698997546162226e-03
1.355643346737546136e-03
1.355587962505318180e-03
1.355532307138205281e-03
1.355476918368944683e-03
1.355421258442214560e-03
1.355365865134806327e-03
1.355310200647338132e-03
1.355254802800666186e-03
1.355199133751338637e-03
1.355143731364287334e-03
1.355088057751978499e-03
1.355032650823431110e-03
1.354977241629216249e-03
1.354921561175858637e-03
1.354866147438473249e-03
1.354810731434585120e-03
1.354755044137655792e-03
1.354699623588921827e-03
1.354644200772849418e-03
1.354588775689159709e-03
1.354533348337574926e-03
1.354477918717816214e-03
1.354422217737236101e-03
1.354366783569280284e-03
1.354311347132313749e-03
1.354255908426058291e-03
1.354200467450234618e-03
1.354145024204563659e-03
1.354089578688767422e-03
1.354034130902566401e-03
1.353978950026200759e-03
1.353923497709378634e-03
1.353868043121316455e-03
1.353812586261735149e-03
1.353757127130355425e-03
1.353701665726897993e-03
1.353646471297717448e-03
1.353591005360300003e-03
1.353535537149968063e-03
1.353480335946125523e-03
1.353424863200163681e-03
1.353369388180450557e-03
1.353314180199450406e-03
1.353258700642436842e-03
1.353203488145607791e-03
1.353148004050179877e-03
1.353092787036413655e-03
1.353037298401457483e-03
1.352982076869645384e-03
1.352926583694046610e-03
1.352871357643079062e-03
1.352816129337616963e-03
1.352760629354490558e-03
1.352705396528209843e-03
1.352650161446604729e-03
1.352594654653444450e-03
1.352539415049356470e-03
1.352484173189113159e-03
1.352428929072438694e-03
1.352373682699056171e-03
1.352318164557643042e-03
1.352262913659003397e-03
1.352207660502824111e-03
1.352152405088829362e-03
1.352097147416741595e-03
1.352041887486284122e-03
1.351986625297180254e-03
1.351931360849152651e-03
1.351876094141924844e-03
1.351820825175219492e-03
1.351765553948758823e-03
1.351710550094515836e-03
1.351655274358740588e-03
1.351599996362380391e-03
1.351544716105157473e-03
1.351489433586794712e-03
1.351434418494356238e-03
1.351379131463914182e-03
1.351323842171500700e-03
1.351268820337230307e-03
1.351213526531078917e-03
1.351158230462124084e-03
1.351103201883543286e-03
1.351047901299190198e-03
1.350992868226686587e-03
1.350937563125829141e-03
1.350882525558302254e-03
1.350827215939833697e-03
1.350772173876181332e-03
1.350716859738994042e-03
1.350661813178114651e-03
1.350606764373707630e-03
1.350551443461891956e-03
1.350496390158605368e-03
1.350441334610965639e-03
1.350386006922032252e-03
1.350330946873859548e-03
1.350275884580509492e-03
1.350220820041707565e-03
1.350165753257178813e-03
1.350110684226648065e-03
1.350055342987068830e-03
1.350000269452697422e-03
1.349945193671498074e-03
1.349890115643196048e-03
1.349835035367517042e-03
1.349779952844184583e-03
1.349724868072923935e-03
1.349669781053460362e-03
1.349614691785517824e-03
1.349559870330761411e-03
1.349504776576061120e-03
1.349449680572057438e-03
1.349394582318474978e-03
1.349339481815037918e-03
1.349284379061470654e-03
1.349229544185555092e-03
1.349174436941933666e-03
1.349119327447356308e-03
1.349064485862655092e-03
1.349009371876375585e-03
1.348954255638313551e-03
1.348899407342363591e-03
1.348844286610950119e-03
1.348789433843127633e-03
1.348734308617263776e-03
1.348679451376475673e-03
1.348624321655061183e-03
1.348569459940212418e-03
1.348514325722148348e-03
1.348459459532144310e-03
1.348404591109650906e-03
1.348349450150074756e-03
1.348294577250784164e-03
1.348239702118185631e-03
1.348184824752005507e-03
1.348129674803584749e-03
1.348074792958418215e-03
1.348019908878850433e-03
1.347965022564609049e-03
1.347910134015420846e-03
1.347854972827526978e-03
1.347800079796612586e-03
1.347745184529930852e-03
1.347690287027208771e-03
1.347635387288172691e-03
1.347580485312549177e-03
1.347525581100065010e-03
1.347470674650446754e-03
1.347415765963420973e-03
1.347361125541365109e-03
1.347306212389728789e-03
1.347251296999865287e-03
1.347196379371501168e-03
1.347141459504362562e-03
1.347086537398175599e-03
1.347031883621434105e-03
1.346976957047362096e-03
1.346922028233421423e-03
1.346867367781154345e-03
1.346812434497691264e-03
1.346757498973538344e-03
1.346702831843299289e-03
1.346647891847985948e-03
1.346593220268068204e-03
1.346538275800501783e-03
1.346483599769818977e-03
1.346428650828907902e-03
1.346373970346372365e-03
1.346319016931023325e-03
1.346264331995547818e-03
1.346209644838693197e-03
1.346154684715163922e-03
1.346099993103738474e-03
1.346045299270119894e-03
1.345990332435953582e-03
1.345935634146131800e-03
1.345880933633303083e-03
1.345826230897196165e-03
1.345771525937540210e-03
1.345716547920890356e-03
1.345661838502310720e-03
1.345607126859366945e-03
1.345552412991787980e-03
1.345497696899301474e-03
1.345442978581636593e-03
1.345388258038521419e-03
1.345333535269685118e-03
1.345278810274855557e-03
1.345224083053761250e-03
1.345169353606130063e-03
1.345114621931690945e-03
1.345060158995565764e-03
1.345005422877721367e-03
1.344950684532254370e-03
1.344895943958893071e-03
1.344841201157364685e-03
1.344786727147886550e-03
1.344731979900242380e-03
1.344677230423616454e-03
1.344622749771276493e-03
1.344567995846907829e-03
1.344513239692741438e-03
1.344458752395108654e-03
1.344403991791572354e-03
1.344349500066055947e-03
1.344294735012064451e-03
1.344240238857584988e-03
1.344185469352053011e-03
1.344130968767530410e-03
1.344076194809372014e-03
1.344021689793725759e-03
1.343967182567611151e-03
1.343912401934003933e-03
1.343857890275145656e-03
1.343803376405010644e-03
1.343748589093513197e-03
1.343694070789012551e-03
1.343639550272426788e-03
1.343585027543486160e-03
1.343530502601920917e-03
1.343475704162554879e-03
1.343421174783921953e-03
1.343366643191855813e-03
1.343312109386085628e-03
1.343257573366342730e-03
1.343203035132357155e-03
1.343148494683859369e-03
1.343093952020579405e-03
1.343039407142247298e-03
1.342984860048593515e-03
1.342930310739347440e-03
1.342876030620347629e-03
1.342821476890134272e-03
1.342766920943520240e-03
1.342712362780235785e-03
1.342657802400009856e-03
1.342603511263769757e-03
1.342548946459884256e-03
1.342494379438247381e-03
1.342439810198589817e-03
1.342385510245922529e-03
1.342330936580449566e-03
1.342276632223449910e-03
1.342222054131084284e-03
1.342167473819347269e-03
1.342113162848344865e-03
1.342058578108097774e-03
1.342004262730081337e-03
1.341949673560245606e-03
1.341895353774142209e-03
1.341841031789090108e-03
1.341786435978375124e-03
1.341732109583627323e-03
1.341677780989127856e-03
1.341623178535109777e-03
1.341568845529304572e-03
1.341514510322944958e-03
1.341459901223197772e-03
1.341405561603921512e-03
1.341351219783287014e-03
1.341296875761026916e-03
1.341242529536873637e-03
1.341188181110559595e-03
1.341133830481816992e-03
1.341079477650378247e-03
1.341024850835267597e-03
1.340970493586616163e-03
1.340916134134462591e-03
1.340862044292301988e-03
1.340807680443362963e-03
1.340753314390119490e-03
1.340698946132304207e-03
1.340644575669648012e-03
1.340590203001883326e-03
1.340535828128741700e-03
1.340481451049954252e-03
1.340427343667164326e-03
1.340372962187312078e-03
1.340318578501010615e-03
1.340264192607990837e-03
1.340210076453974761e-03
1.340155686157749751e-03
1.340101293654001732e-03
1.340047170921511996e-03
1.339992774012952826e-03
1.339938646897143211e-03
1.339884245582702131e-03
1.339830114082507951e-03
1.339775708361114204e-03
1.339721572475469687e-03
1.339667162346052515e-03
1.339613022073891241e-03
1.339558879613570157e-03
1.339504462875634998e-03
1.339450316027198610e-03
1.339396166989804873e-03
1.339341743640943064e-03
1.339287590213834606e-03
1.339233434596971044e-03
1.339179276790086097e-03
1.339124844626593406e-03
1.339070682427860896e-03
1.339016518038308595e-03
1.338962351457671091e-03
1.338908182685681668e-03
1.338854011722074916e-03
1.338799838566584769e-03
1.338745663218944733e-03
1.338691485678888743e-03
1.338637305946151169e-03
1.338583124020465732e-03
1.338528939901565285e-03
1.338474753589184198e-03
1.338420565083055756e-03
1.338366374382913681e-03
1.338312181488491258e-03
1.338258258742139415e-03
1.338204061469386611e-03
1.338149862001555271e-03
1.338095660338378245e-03
1.338041728866278196e-03
1.337987522822644670e-03
1.337933314582866618e-03
1.337879376566420775e-03
1.337825163944591795e-03
1.337770949125818365e-03
1.337717004562643218e-03
1.337662785360223131e-03
1.337608836434900405e-03
1.337554612847769624e-03
1.337500659559241354e-03
1.337446431586336495e-03
1.337392473933543199e-03
1.337338514103718345e-03
1.337284279555682421e-03
1.337230315360005053e-03
1.337176076423534201e-03
1.337122107860944835e-03
1.337068137120002703e-03
1.337014164200444125e-03
1.336959916494967785e-03
1.336905939206378896e-03
1.336851959738380360e-03
1.336797978090708498e-03
1.336743994263099198e-03
1.336690008255288350e-03
1.336636020067011625e-03
1.336582029698005127e-03
1.336527764452822122e-03
1.336473769710545649e-03
1.336419772786744684e-03
1.336366046409393112e-03
1.336312045132771308e-03
1.336258041673833545e-03
1.336204036032314409e-03
1.336150028207949789e-03
1.336096018200474706e-03
1.336042006009624614e-03
1.335987991635134101e-03
1.335934247893127893e-03
1.335880229161595092e-03
1.335826208245628668e-03
1.335772457994396142e-03
1.335718432719804061e-03
1.335664405259984287e-03
1.335610648497160147e-03
1.335556616677130264e-03
1.335502582671078834e-03
1.335448819394295834e-03
1.335394781026448541e-03
1.335341013409373744e-03
1.335286970678674790e-03
1.335233198720257169e-03
1.335179151625649025e-03
1.335125375324836688e-03
1.335071596857930008e-03
1.335017543221002443e-03
1.334963760410123748e-03
1.334909975432364230e-03
1.334855915250741324e-03
1.334802125927431844e-03
1.334748334436454409e-03
1.334694540777546642e-03
1.334640471869650994e-03
1.334586673863088612e-03
1.334532873687807901e-03
1.334479071343547350e-03
1.334425266830043932e-03
1.334371460147035487e-03
1.334317651294259421e-03
1.334263840271453358e-03
1.334210027078354486e-03
1.334156211714700646e-03
1.334102394180228593e-03
1.334048574474675950e-03
1.333994752597780125e-03
1.333940928549277871e-03
1.333887102328907030e-03
1.333833273936403489e-03
1.333779443371505306e-03
1.333725883902062669e-03
1.333672049002615923e-03
1.333618211929986320e-03
1.333564372683909965e-03
1.333510804576313767e-03
1.333456960993591569e-03
1.333403115236634837e-03
1.333349540650424769e-03
1.333295690555248150e-03
1.333242111652318141e-03
1.333188257217872994e-03
1.333134400607878609e-03
1.333080815222417075e-03
1.333026954271578600e-03
1.332973364566785932e-03
1.332919772707432879e-03
1.332865905248885752e-03
1.332812309068635544e-03
1.332758437266620992e-03
1.332704836764428240e-03
1.332651234106372977e-03
1.332597355792714986e-03
1.332543748811149641e-03
1.332490139672939207e-03
1.332436528377823259e-03
1.332382914925541156e-03
1.332329025761271740e-03
1.332275407982867277e-03
1.332221788046514515e-03
1.332168165951952594e-03
1.332114541698920657e-03
1.332060915287158493e-03
1.332007286716404594e-03
1.331953655986399185e-03
1.331900023096880973e-03
1.331846388047588665e-03
1.331792750838261836e-03
1.331739111468639410e-03
1.331685469938460094e-03
1.331631826247463247e-03
1.331578180395387142e-03
1.331524806101811549e-03
1.331471155937822854e-03
1.331417503611973625e-03
1.331363849124001051e-03
1.331310466237553168e-03
1.331256807435585686e-03
1.331203146470712282e-03
1.331149757139631594e-03
1.331096091859200296e-03
1.331042424415079849e-03
1.330989028637031635e-03
1.330935356875789441e-03
1.330881956802128100e-03
1.330828280722722674e-03
1.330774876352410407e-03
1.330721195953799398e-03
1.330667787285799274e-03
1.330614102566939462e-03
1.330560689600214118e-03
1.330507274489235248e-03
1.330453583293573485e-03
1.330400163882313348e-03
1.330346742326022963e-03
1.330293044651214554e-03
1.330239618793085552e-03
1.330186190789150015e-03
1.330132760639149469e-03
1.330079054325516812e-03
1.330025619871600968e-03
1.329972183270842958e-03
1.329918744522983441e-03
1.329865303627763510e-03
1.329811860584924690e-03
1.329758415394208075e-03
1.329704968055354106e-03
1.329651518568104526e-03
1.329598066932199778e-03
1.329544613147380736e-03
1.329491157213387844e-03
1.329437699129962843e-03
1.329384238896845309e-03
1.329330776513776551e-03
1.329277311980497228e-03
1.329224119490355488e-03
1.329170650666906166e-03
1.329117179692468689e-03
1.329063706566783716e-03
1.329010505527270913e-03
1.328957028109347066e-03
1.328903548539397917e-03
1.328850341087896552e-03
1.328796857224156169e-03
1.328743371207612243e-03
1.328690157341802991e-03
1.328636667029914819e-03
1.328583448890273844e-03
1.328529954282006882e-03
1.328476731867504626e-03
1.328423232961822593e-03
1.328370006271428847e-03
1.328316777448199960e-03
1.328263272099980451e-03
1.328210038999315086e-03
1.328156529351091865e-03
1.328103291971958078e-03
1.328050052458704154e-03
1.327996810811073354e-03
1.327943292570792511e-03
1.327890046642632221e-03
1.327836798579323753e-03
1.327783548380609283e-03
1.327730296046232723e-03
1.327676767062823922e-03
1.327623510445339640e-03
1.327570251691420665e-03
1.327516990800809609e-03
1.327463727773249298e-03
1.327410462608482776e-03
1.327357195306252437e-03
1.327303925866301325e-03
1.327250654288371617e-03
1.327197380572206140e-03
1.327144104717547504e-03
1.327091101358453826e-03
1.327037821237062173e-03
1.326984538976405626e-03
1.326931254576226363e-03
1.326877968036267209e-03
1.326824954045675029e-03
1.326771663236414600e-03
1.326718370286602113e-03
1.326665075195978876e-03
1.326612052697775631e-03
1.326558753335795688e-03
1.326505726587742405e-03
1.326452422953378583e-03
1.326399117176916631e-03
1.326346084046678203e-03
1.326292773996289335e-03
1.326239736613643670e-03
1.326186422288300063e-03
1.326133380652223673e-03
1.326080336894544911e-03
1.326027016160366253e-03
1.325973968147722620e-03
1.325920643136018363e-03
1.325867590867386373e-03
1.325814536475875688e-03
1.325761205051481173e-03
1.325708146402446034e-03
1.325655085629766318e-03
1.325602022733187455e-03
1.325548957712453140e-03
1.325495615602475781e-03
1.325442546321657861e-03
1.325389474915918608e-03
1.325336401385002368e-03
1.325283325728654135e-03
1.325230247946618473e-03
1.325177168038639943e-03
1.325124086004463323e-03
1.325071001843832310e-03
1.325017915556492331e-03
1.324964827142187298e-03
1.324911736600661340e-03
1.324858643931658801e-03
1.324805549134923811e-03
1.324752452210201147e-03
1.324699628287346557e-03
1.324646527116909002e-03
1.324593423817717244e-03
1.324540318389514542e-03
1.324487210832045242e-03
1.324434376330267281e-03
1.324381264524531745e-03
1.324328150588762430e-03
1.324275309740970911e-03
1.324222191555404467e-03
1.324169346479328341e-03
1.324116224042944752e-03
1.324063099475247590e-03
1.324010248049346718e-03
1.323957119229299999e-03
1.323904263572574019e-03
1.323851405805550642e-03
1.323798270610589221e-03
1.323745408611217648e-03
1.323692269161353590e-03
1.323639402928617273e-03
1.323586534584316344e-03
1.323533388755709916e-03
1.323480516176519638e-03
1.323427641485003855e-03
1.323374489275357850e-03
1.323321610347426812e-03
1.323268729306409592e-03
1.323215846152052920e-03
