4.990841216251471792e-03
3.520864555777032945e-01
9.386577163036380345e-01
1.441693129091354386e+00
1.833247364806658730e+00
2.137418761654567678e+00
2.377681666230656354e+00
2.571099577406439796e+00
2.729374392936664506e+00
2.860614104460596607e+00
2.970912026634706660e+00
3.065250753298675690e+00
3.147745316198078847e+00
3.221624205483170300e+00
3.289243724364018462e+00
3.352204048504727307e+00
3.411522594699073707e+00
3.467809219050250302e+00
3.521411703916940805e+00
3.572522604128501200e+00
3.621251018407335653e+00
3.667667294170540160e+00
3.711828808298275106e+00
3.753793435181956628e+00
3.793625487812699149e+00
3.831397350034059013e+00
3.867188846160470650e+00
3.901085585206906181e+00
3.933176988242906624e+00
3.963554376484180519e+00
3.992309298900523551e+00
4.019532163848065665e+00
4.045311177350884968e+00
4.069731560132153092e+00
4.092875003099812226e+00
4.114819318543492699e+00
4.135638246932228590e+00
4.155401384094804307e+00
4.174174199110902705e+00
4.192018118652234726e+00
4.208990658352233183e+00
4.225145585966702200e+00
4.240533104538989129e+00
4.255200046613650144e+00
4.269190072798706659e+00
4.282543869762474920e+00
4.295299344142102349e+00
4.307491809919240744e+00
4.319154167638692421e+00
4.330317074468906569e+00
4.341009104572340682e+00
4.351256899582740978e+00
4.361085309257461518e+00
4.370517522521527809e+00
4.379575189261989188e+00
4.388278533296461781e+00
4.396646456990499274e+00
4.404696638027478350e+00
4.412445618830783012e+00
4.419908889138385533e+00
4.427100962224148617e+00
4.434035445223574179e+00
4.440725104014307867e+00
4.447181923066603204e+00
4.453417160658980301e+00
4.459441399823568020e+00
4.465264595361808198e+00
4.470896117247267654e+00
4.476344790703523202e+00
4.481618933229688295e+00
4.486726388819104905e+00
4.491674559596869010e+00
4.496470435085202055e+00
4.501120619293752512e+00
4.505631355799916804e+00
4.510008550992839815e+00
4.514257795614117441e+00
4.518384384745610660e+00
4.522393336354881832e+00
4.526289408521041224e+00
4.530077115439490321e+00
4.533760742300744440e+00
4.537344359136440630e+00
4.540831833705545328e+00
4.544226843495460244e+00
4.547532886910986782e+00
4.550753293704946856e+00
4.553891234711992198e+00
4.556949730936823428e+00
4.559931662043287481e+00
4.562839774292065442e+00
4.565676687960440461e+00
4.568444904288934794e+00
4.571146811983574310e+00
4.573784693311977456e+00
4.576360729811856487e+00
4.578877007649058584e+00
4.581335522642019598e+00
4.583738184987100617e+00
4.586086823686821745e+00
4.588383190722336025e+00
4.590628964968758829e+00
4.592825755884892835e+00
4.594975106987024382e+00
4.597078499113716354e+00
4.599137353510505122e+00
4.601153034735696146e+00
4.603126853395556495e+00
4.605060068736229972e+00
4.606953891080717511e+00
4.608809484136044077e+00
4.610627967174118602e+00
4.612410417090923254e+00
4.614157870353178481e+00
4.615871324848021651e+00
4.617551741624606798e+00
4.619200046547609517e+00
4.620817131867743122e+00
4.622403857704085794e+00
4.623961053452346093e+00
4.625489519123980209e+00
4.626990026611886186e+00
4.628463320893857258e+00
4.629910121180472515e+00
4.631331121996680622e+00
4.632726994218939076e+00
4.634098386055359953e+00
4.635445923982722150e+00
4.636770213632927629e+00
4.638071840639862664e+00
4.639351371449215833e+00
4.640609354082545934e+00
4.641846318872485888e+00
4.643062779158203313e+00
4.644259231951972211e+00
4.645436158574922203e+00
4.646594025259908278e+00
4.647733283736345200e+00
4.648854371775017036e+00
4.649957713719624408e+00
4.651043720991302699e+00
4.652112792568803279e+00
4.653165315451306405e+00
4.654201665096021401e+00
4.655222205841834437e+00
4.656227291314397831e+00
4.657217264809010437e+00
4.658192459660977391e+00
4.659153199603162321e+00
4.660099799100159146e+00
4.661032563679462726e+00
4.661951790236754434e+00
4.662857767341239246e+00
4.663750775517016223e+00
4.664631087522560726e+00
4.665498968611591302e+00
4.666354676788205147e+00
4.667198463049024859e+00
4.668030571618060343e+00
4.668851240170211803e+00
4.669660700050416224e+00
4.670459176473364060e+00
4.671246888729612579e+00
4.672024050377705962e+00
4.672790869421509896e+00
4.673547548495704973e+00
4.674294285030983431e+00
4.675031271419677559e+00
4.675758695174643265e+00
4.676476739082154666e+00
4.677185581347073295e+00
4.677885395733369478e+00
4.678576351701980052e+00
4.679258614543277517e+00
4.679932345499083546e+00
4.680597701889122497e+00
4.681254837223965737e+00
4.681903901325446427e+00
4.682545040426891347e+00
4.683178397286263284e+00
4.683804111286934635e+00
4.684422318530416796e+00
4.685033151939101081e+00
4.685636741342015910e+00
4.686233213566504574e+00
4.686822692520973277e+00
4.687405299284494120e+00
4.687981152177065347e+00
4.688550366842570760e+00
4.689113056323228612e+00
4.689669331131484320e+00
4.690219299319222657e+00
4.690763066545363458e+00
4.691300736139180749e+00
4.691832409170730855e+00
4.692358184501257412e+00
4.692878158853371673e+00
4.693392426859525735e+00
4.693901081122357155e+00
4.694404212269971843e+00
4.694901909003263540e+00
4.695394258147046251e+00
4.695881344703646043e+00
4.696363251895558477e+00
4.696840061214349937e+00
4.697311852460977377e+00
4.697778703794997845e+00
4.698240691772300970e+00
4.698697891386127701e+00
4.699150376105903248e+00
4.699598217917911214e+00
4.700041487362295101e+00
4.700480253563435795e+00
4.700914584275867725e+00
4.701344545902598426e+00
4.701770203545665439e+00
4.702191621021805545e+00
4.702608860903415788e+00
4.703021984549722312e+00
4.703431052127927003e+00
4.703836122645552287e+00
4.704237253982750389e+00
4.704634502909996741e+00
4.705027925124283250e+00
4.705417575266268138e+00
4.705803506947155768e+00
4.706185772775270948e+00
4.706564424376384004e+00
4.706939512417976701e+00
4.707311086631536412e+00
4.707679195832903396e+00
4.708043887940468686e+00
4.708405210004833918e+00
4.708763208213844642e+00
4.709117927926964597e+00
4.709469413683474492e+00
4.709817709226458149e+00
4.710162857515500789e+00
4.710504900749235446e+00
4.710843880379490756e+00
4.711179837126104886e+00
4.711512810995515110e+00
4.711842841295393214e+00
4.712169966649931041e+00
4.712494225014189020e+00
4.712815653687480122e+00
4.713134289330517035e+00
4.713450167975246075e+00
4.713763325038383023e+00
4.714073795340286033e+00
4.714381613110060876e+00
4.714686812002296001e+00
4.714989425103090603e+00
4.715289484954286792e+00
4.715587023550786405e+00
4.715882072359255162e+00
4.716174662329268408e+00
4.716464823899942260e+00
4.716752587015194287e+00
4.717037981127917945e+00
4.717321035216059499e+00
4.717601777787578499e+00
4.717880236890698242e+00
4.718156440127906137e+00
4.718430414655275129e+00
4.718702187200511489e+00
4.718971784067992559e+00
4.719239231144074509e+00
4.719504553909469990e+00
4.719767777446919332e+00
4.720028926445722917e+00
4.720288025211674565e+00
4.720545097673917390e+00
4.720800167395457159e+00
4.721053257571983686e+00
4.721304391048107618e+00
4.721553590318372962e+00
4.721800877535459406e+00
4.722046274513313158e+00
4.722289802744644938e+00
4.722531483390530305e+00
4.722771337300111227e+00
4.723009385011212480e+00
4.723245646752843641e+00
4.723480142458640785e+00
4.723712891764449751e+00
4.723943914020416024e+00
4.724173228290747595e+00
4.724400853360801733e+00
4.724626807746242108e+00
4.724851109689679696e+00
4.725073777173804501e+00
4.725294827918341767e+00
4.725514279395442330e+00
4.725732148819584033e+00
4.725948453167013064e+00
4.726163209167761892e+00
4.726376433316209713e+00
4.726588141878201199e+00
4.726798350885222710e+00
4.727007076149257969e+00
4.727214333257199641e+00
4.727420137582305948e+00
4.727624504286387364e+00
4.727827448316446635e+00
4.728028984416541292e+00
4.728229127130392229e+00
4.728427890800237066e+00
4.728625289573432866e+00
4.728821337407312697e+00
4.729016048064477395e+00
4.729209435129460459e+00
4.729401512000393382e+00
4.729592291892321221e+00
4.729781787852346930e+00
4.729970012743716090e+00
4.730156979269001027e+00
4.730342699954330321e+00
4.730527187164957681e+00
4.730710453103404767e+00
4.730892509813481972e+00
4.731073369176515442e+00
4.731253042923525776e+00
4.731431542633624865e+00
4.731608879736443285e+00
4.731785065508605115e+00
4.731960111088355347e+00
4.732134027470253024e+00
4.732306825503815872e+00
4.732478515906473504e+00
4.732649109256362507e+00
4.732818615997295808e+00
4.732987046441825996e+00
4.733154410774364607e+00
4.733320719052351855e+00
4.733485981201239312e+00
4.733650207032296109e+00
4.733813406227383780e+00
4.733975588352792307e+00
4.734136762852353186e+00
4.734296939057290210e+00
4.734456126185732749e+00
4.734614333338019065e+00
4.734771569508901656e+00
4.734927843578724094e+00
4.735083164323672378e+00
4.735237540411260326e+00
4.735390980406461559e+00
4.735543492773700791e+00
4.735695085870268883e+00
4.735845767956920582e+00
4.735995547195714472e+00
4.736144431649969455e+00
4.736292429292967121e+00
4.736439547999378163e+00
4.736585795549672184e+00
4.736731179636827882e+00
4.736875707859971030e+00
4.737019387735564635e+00
4.737162226686719713e+00
4.737304232052284902e+00
4.737445411087174207e+00
4.737585770960578202e+00
4.737725318763008175e+00
4.737864061497874424e+00
4.738002006095324070e+00
4.738139159399377576e+00
4.738275528181906893e+00
4.738411119134252836e+00
4.738545938874591634e+00
4.738679993946343316e+00
4.738813290814316126e+00
4.738945835879018631e+00
4.739077635463808669e+00
4.739208695824748574e+00
4.739339023142287388e+00
4.739468623535800340e+00
4.739597503050728022e+00
4.739725667670931841e+00
4.739853123312730787e+00
4.739979875825836686e+00
4.740105930996616479e+00
4.740231294549126950e+00
4.740355972143784236e+00
4.740479969383110337e+00
4.740603291801098074e+00
4.740725944883056542e+00
4.740847934048000312e+00
4.740969264654445681e+00
4.741089942011037728e+00
4.741209971363585574e+00
4.741329357903372177e+00
4.741448106770780768e+00
4.741566223047072981e+00
4.741683711758009068e+00
4.741800577882363754e+00
4.741916826343685720e+00
4.742032462009229121e+00
4.742147489705776486e+00
4.742261914201779227e+00
4.742375740213542024e+00
4.742488972418815507e+00
4.742601615438855944e+00
4.742713673847148925e+00
4.742825152175820236e+00
4.742936054902484599e+00
4.743046386466470032e+00
4.743156151258120623e+00
4.743265353620347291e+00
4.743373997857624147e+00
4.743482088227736426e+00
4.743589628943383651e+00
4.743696624178794785e+00
4.743803078063956846e+00
4.743908994686256264e+00
4.744014378092201056e+00
4.744119232294146116e+00
4.744223561254481858e+00
4.744327368904940556e+00
4.744430659130756567e+00
4.744533435782529729e+00
4.744635702675498834e+00
4.744737463583788006e+00
4.744838722242168849e+00
4.744939482353028204e+00
4.745039747583142287e+00
4.745139521560438389e+00
4.745238807875836962e+00
4.745337610092912328e+00
4.745435931731791790e+00
4.745533776286530170e+00
4.745631147211619272e+00
4.745728047929035576e+00
4.745824481832902286e+00
4.745920452278432400e+00
4.746015962594375637e+00
4.746111016071963284e+00
4.746205615974799841e+00
4.746299765535659354e+00
4.746393467958585966e+00
4.746486726410370061e+00
4.746579544035868459e+00
4.746671923946878202e+00
4.746763869221570786e+00
4.746855382919930477e+00
4.746946468064595415e+00
4.747037127653659816e+00
4.747127364654824433e+00
4.747217182012933634e+00
4.747306582638739059e+00
4.747395569424544881e+00
4.747484145227570451e+00
4.747572312885645296e+00
4.747660075208664843e+00
4.747747434975366332e+00
4.747834394949210335e+00
4.747920957861585300e+00
4.748007126416789347e+00
4.748092903302551626e+00
4.748178291175893406e+00
4.748263292676451641e+00
4.748347910409507655e+00
4.748432146967629386e+00
4.748516004916469413e+00
4.748599486794357283e+00
4.748682595122948769e+00
4.748765332398536820e+00
4.748847701097216323e+00
4.748929703671708857e+00
4.749011342553773218e+00
4.749092620151021293e+00
4.749173538852148546e+00
4.749254101026591179e+00
4.749334309021348233e+00
4.749414165163435619e+00
4.749493671753855395e+00
4.749572831084267754e+00
4.749651645419628920e+00
4.749730117006368602e+00
4.749808248069182781e+00
4.749886040816430288e+00
4.749963497439813054e+00
4.750040620108322287e+00
4.750117410970770671e+00
4.750193872164115483e+00
4.750270005801639606e+00
4.750345813978375631e+00
4.750421298773713552e+00
4.750496462251116547e+00
4.750571306452011200e+00
4.750645833404196772e+00
4.750720045118685952e+00
4.750793943586461232e+00
4.750867530781118120e+00
4.750940808667404092e+00
4.751013779183312913e+00
4.751086444257448527e+00
4.751158805799930107e+00
4.751230865705077022e+00
4.751302625854105344e+00
4.751374088108948790e+00
4.751445254317919087e+00
4.751516126315472377e+00
4.751586705915987530e+00
4.751656994925462563e+00
4.751726995129303965e+00
4.751796708304090622e+00
4.751866136208315439e+00
4.751935280585147581e+00
4.752004143165217798e+00
4.752072725663366803e+00
4.752141029787512849e+00
4.752209057223270250e+00
4.752276809645844757e+00
4.752344288716782827e+00
4.752411496083771780e+00
4.752478433383450884e+00
4.752545102241242603e+00
4.752611504258841713e+00
4.752677641038571821e+00
4.752743514161679173e+00
4.752809125197341444e+00
4.752874475708659396e+00
4.752939567240106911e+00
4.753004401326595740e+00
4.753068979487085954e+00
4.753133303236830365e+00
4.753197374068509617e+00
4.753261193473862889e+00
4.753324762924783897e+00
4.753388083882478021e+00
4.753451157806745542e+00
4.753513986130657898e+00
4.753576570285508396e+00
4.753638911694402225e+00
4.753701011759416062e+00
4.753762871880390151e+00
4.753824493442134980e+00
4.753885877820561490e+00
4.753947026379365504e+00
4.754007940476232541e+00
4.754068621449901499e+00
4.754129070639184107e+00
4.754189289366824944e+00
4.754249278942507928e+00
4.754309040675584797e+00
4.754368575855608015e+00
4.754427885771518980e+00
4.754486971688884012e+00
4.754545834882094368e+00
4.754604476601853591e+00
4.754662898094465184e+00
4.754721100595191707e+00
4.754779085334646993e+00
4.754836853528862761e+00
4.754894406388951111e+00
4.754951745111136496e+00
4.755008870889740891e+00
4.755065784907215765e+00
4.755122488337280906e+00
4.755178982344800964e+00
4.755235268085642453e+00
4.755291346709870304e+00
4.755347219354989718e+00
4.755402887152436975e+00
4.755458351224157276e+00
4.755513612689121317e+00
4.755568672649907569e+00
4.755623532209209969e+00
4.755678192453062891e+00
4.755732654467415443e+00
4.755786919328000906e+00
4.755840988100187516e+00
4.755894861842238974e+00
4.755948541611937586e+00
4.756002028446236984e+00
4.756055323388174827e+00
4.756108427463075827e+00
4.756161341698790679e+00
4.756214067101804055e+00
4.756266604687741761e+00
4.756318955454046815e+00
4.756371120393463769e+00
4.756423100493983647e+00
4.756474896731866409e+00
4.756526510085285153e+00
4.756577941513596031e+00
4.756629191981327942e+00
4.756680262440876383e+00
4.756731153832363113e+00
4.756781867097384264e+00
4.756832403172026602e+00
4.756882762976328394e+00
4.756932947435032588e+00
4.756982957460133221e+00
4.757032793954218519e+00
4.757082457824377109e+00
4.757131949957625672e+00
4.757181271248828835e+00
4.757230422576080642e+00
4.757279404818167023e+00
4.757328218840400247e+00
4.757376865512162212e+00
4.757425345692726459e+00
4.757473660227603318e+00
4.757521809966148929e+00
4.757569795750892006e+00
4.757617618417439687e+00
4.757665278794386055e+00
4.757712777703228646e+00
4.757760115961854552e+00
4.757807294388062047e+00
4.757854313785160549e+00
4.757901174956217893e+00
4.757947878696806576e+00
4.757994425798537819e+00
4.758040817048981630e+00
4.758087053224373086e+00
4.758133135107619260e+00
4.758179063459266445e+00
4.758224839050025246e+00
4.758270462642611776e+00
4.758315934984358009e+00
4.758361256832628783e+00
4.758406428929266241e+00
4.758451452015096450e+00
4.758496326826210598e+00
4.758541054090246192e+00
4.758585634533623043e+00
4.758630068881540609e+00
4.758674357846842895e+00
4.758718502137290862e+00
4.758762502470312405e+00
4.758806359535963537e+00
4.758850074041262701e+00
4.758893646676806810e+00
4.758937078131532772e+00
4.758980369088940066e+00
4.759023520227024129e+00
4.759066532225695312e+00
4.759109405751767774e+00
4.759152141477613007e+00
4.759194740062379303e+00
4.759237202163149050e+00
4.759279528434920081e+00
4.759321719530539063e+00
4.759363776093122667e+00
4.759405698767298354e+00
4.759447488187834807e+00
4.759489144990928011e+00
4.759530669802774838e+00
4.759572063250910645e+00
4.759613325960373231e+00
4.759654458542209809e+00
4.759695461616291645e+00
4.759736335788389283e+00
4.759777081669205323e+00
4.759817699859040907e+00
4.759858190955378099e+00
4.759898555556692834e+00
4.759938794247027261e+00
4.759978907622869571e+00
4.760018896266172916e+00
4.760058760751965323e+00
4.760098501659922654e+00
4.760138119566593495e+00
4.760177615037601839e+00
4.760216988639219160e+00
4.760256240938343986e+00
4.760295372486877064e+00
4.760334383848970674e+00
4.760373275569737217e+00
4.760412048202589119e+00
4.760450702293536729e+00
4.760489238381131472e+00
4.760527657004264945e+00
4.760565958702154710e+00
4.760604144010375904e+00
4.760642213448962323e+00
4.760680167549976360e+00
4.760718006837776350e+00
4.760755731828923309e+00
4.760793343036088920e+00
4.760830840983952150e+00
4.760868226173355033e+00
4.760905499113076367e+00
4.760942660311875407e+00
4.760979710266454390e+00
4.761016649477397777e+00
4.761053478437141884e+00
4.761090197645973632e+00
4.761126807583890397e+00
4.761163308742707656e+00
4.761199701605923096e+00
4.761235986652684993e+00
4.761272164361802339e+00
4.761308235207674322e+00
4.761344199660238807e+00
4.761380058197116405e+00
4.761415811279234411e+00
4.761451459371075501e+00
4.761487002932511814e+00
4.761522442426951329e+00
4.761557778309051692e+00
4.761593011028756095e+00
4.761628141039444095e+00
4.761663168789727507e+00
4.761698094723406882e+00
4.761732919283533150e+00
4.761767642908282028e+00
4.761802266043266840e+00
4.761836789116793867e+00
4.761871212564559031e+00
4.761905536813102913e+00
4.761939762292184852e+00
4.761973889430650253e+00
4.762007918648064830e+00
4.762041850367160656e+00
4.762075685001305736e+00
4.762109422971166239e+00
4.762143064687982097e+00
4.762176610561885681e+00
4.762210061006080686e+00
4.762243416420018249e+00
4.762276677214567044e+00
4.762309843782576380e+00
4.762342916532476877e+00
4.762375895858824038e+00
4.762408782154875730e+00
4.762441575812562888e+00
4.762474277226716346e+00
4.762506886782349902e+00
4.762539404867304427e+00
4.762571831863776417e+00
4.762604168156768125e+00
4.762636414121307560e+00
4.762668570139459767e+00
4.762700636583228508e+00
4.762732613831659911e+00
4.762764502249378751e+00
4.762796302207998878e+00
4.762828014077524763e+00
4.762859638222046499e+00
4.762891174999682953e+00
4.762922624779801772e+00
4.762953987917135201e+00
4.762985264769012517e+00
4.763016455691006179e+00
4.763047561036923838e+00
4.763078581158781688e+00
4.763109516406790256e+00
4.763140367124964136e+00
4.763171133659808376e+00
4.763201816360309593e+00
4.763232415560477051e+00
4.763262931609847151e+00
4.763293364838537158e+00
4.763323715587813645e+00
4.763353984188194445e+00
4.763384170976967091e+00
4.763414276280592219e+00
4.763444300432280620e+00
4.763474243758771820e+00
4.763504106580292330e+00
4.763533889228189544e+00
4.763563592022861393e+00
4.763593215282537763e+00
4.763622759327699185e+00
4.763652224476636832e+00
4.763681611040984087e+00
4.763710919339032124e+00
4.763740149677897939e+00
4.763769302371359871e+00
4.763798377726422117e+00
4.763827376052251594e+00
4.763856297655687300e+00
4.763885142836733699e+00
4.763913911897489584e+00
4.763942605137666320e+00
4.763971222863579769e+00
4.763999765365588779e+00
4.764028232945148211e+00
4.764056625892206576e+00
4.764084944498738317e+00
4.764113189063274412e+00
4.764141359868237835e+00
4.764169457202566349e+00
4.764197481357186348e+00
4.764225432620468936e+00
4.764253311264512014e+00
4.764281117581586678e+00
4.764308851847654402e+00
4.764336514345156814e+00
4.764364105353892320e+00
4.764391625141790598e+00
4.764419073997021137e+00
4.764446452182094838e+00
4.764473759970533351e+00
4.764500997642347357e+00
4.764528165456342279e+00
4.764555263686980346e+00
4.764582292601310165e+00
4.764609252458937405e+00
4.764636143535144974e+00
4.764662966079193929e+00
4.764689720360658853e+00
4.764716406636956059e+00
4.764743025167235579e+00
4.764769576212401603e+00
4.764796060025760838e+00
4.764822476862328848e+00
4.764848826974149354e+00
4.764875110614966935e+00
4.764901328035525019e+00
4.764927479483545447e+00
4.764953565213120079e+00
4.764979585465892065e+00
4.765005540494565039e+00
4.765031430534619972e+00
4.765057255837318984e+00
4.765083016646099345e+00
4.765108713191807510e+00
4.765134345725816623e+00
4.765159914482148373e+00
4.765185419696374325e+00
4.765210861605641668e+00
4.765236240448654570e+00
4.765261556456145797e+00
4.765286809865155071e+00
4.765312000899924350e+00
4.765337129800549576e+00
4.765362196789516780e+00
4.765387202095579866e+00
4.765412145948995537e+00
4.765437028571898992e+00
4.765461850197526772e+00
4.765486611041330534e+00
4.765511311329843736e+00
4.765535951281400173e+00
4.765560531125446531e+00
4.765585051068686795e+00
4.765609511338579907e+00
4.765633912154351393e+00
4.765658253726920535e+00
4.765682536268575298e+00
4.765706760002735187e+00
4.765730925139619600e+00
4.765755031885923643e+00
4.765779080459461525e+00
4.765803071064767416e+00
4.765827003917495475e+00
4.765850879219961200e+00
4.765874697185614295e+00
4.765898458014515171e+00
4.765922161917861111e+00
4.765945809093411256e+00
4.765969399745141111e+00
4.765992934083255861e+00
4.766016412299517668e+00
4.766039834596834446e+00
4.766063201179404629e+00
4.766086512242782014e+00
4.766109767983784273e+00
4.766132968595506725e+00
4.766156114282227740e+00
4.766179205229576610e+00
4.766202241639342141e+00
4.766225223699589897e+00
4.766248151604584038e+00
4.766271025539813522e+00
4.766293845701944143e+00
4.766316612278860276e+00
4.766339325459615139e+00
4.766361985429437453e+00
4.766384592374716789e+00
4.766407146488049307e+00
4.766429647943054349e+00
4.766452096929609361e+00
4.766474493633712228e+00
4.766496838232395561e+00
4.766519130913938085e+00
4.766541371852579978e+00
4.766563561228717383e+00
4.766585699223879757e+00
4.766607786015629955e+00
4.766629821782631282e+00
4.766651806699560900e+00
4.766673740937082293e+00
4.766695624682240506e+00
4.766717458097645022e+00
4.766739241362303758e+00
4.766760974651173655e+00
4.766782658124912864e+00
4.766804291970856866e+00
4.766825876346617363e+00
4.766847411421101022e+00
4.766868897374542335e+00
4.766890334362480885e+00
4.766911722556918640e+00
4.766933062125733755e+00
4.766954353232650377e+00
4.766975596037225316e+00
4.766996790715539944e+00
4.767017937423975837e+00
4.767039036325071422e+00
4.767060087577156047e+00
4.767081091349936628e+00
4.767102047798495335e+00
4.767122957078877121e+00
4.767143819358509838e+00
4.767164634790145961e+00
4.767185403532695709e+00
4.767206125740798051e+00
4.767226801575261241e+00
4.767247431192608964e+00
4.767268014739803661e+00
4.767288552375207544e+00
4.767309044247614480e+00
4.767329490522520530e+00
4.767349891334736078e+00
4.767370246851601934e+00
4.767390557214993940e+00
4.767410822572941242e+00
4.767431043079662700e+00
4.767451218884976250e+00
4.767471350134294461e+00
4.767491436968586349e+00
4.767511479550925912e+00
4.767531478008073975e+00
4.767551432499558928e+00
4.767571343164476616e+00
4.767591210148101943e+00
4.767611033596568682e+00
4.767630813646166033e+00
4.767650550444709978e+00
4.767670244130157720e+00
4.767689894846649068e+00
4.767709502733799454e+00
4.767729067932040543e+00
4.767748590577244983e+00
4.767768070811482239e+00
4.767787508772250327e+00
4.767806904597847506e+00
4.767826258421985486e+00
4.767845570379150466e+00
4.767864840615464672e+00
4.767884069250753143e+00
4.767903256432723502e+00
4.767922402288180983e+00
4.767941506950111652e+00
4.767960570557732147e+00
4.767979593234697333e+00
4.767998575121758620e+00
4.768017516338630912e+00
4.768036417027604834e+00
4.768055277309882989e+00
4.768074097318334204e+00
4.768092877181115519e+00
4.768111617027118498e+00
4.768130316985978112e+00
4.768148977177066428e+00
4.768167597736980845e+00
4.768186178786543827e+00
4.768204720452808409e+00
4.768223222858019916e+00
4.768241686130660462e+00
4.768260110394415108e+00
4.768278495768123904e+00
4.768296842376867239e+00
4.768315150346436049e+00
4.768333419797775363e+00
4.768351650846955003e+00
4.768369843616287795e+00
4.768387998234355329e+00
4.768406114813707575e+00
4.768424193473145500e+00
4.768442234337724628e+00
4.768460237516416456e+00
4.768478203135623872e+00
4.768496131305640873e+00
4.768514022154219489e+00
4.768531875781736318e+00
4.768549692317276545e+00
4.768567471873739194e+00
4.768585214564668107e+00
4.768602920504246612e+00
4.768620589801654930e+00
4.768638222577997077e+00
4.768655818943726921e+00
4.768673379015590186e+00
4.768690902893975903e+00
4.768708390702538047e+00
4.768725842548579230e+00
4.768743258545680597e+00
4.768760638796678109e+00
4.768777983416386590e+00
4.768795292508848149e+00
4.768812566195803626e+00
4.768829804571105946e+00
4.768847007752010647e+00
4.768864175844965025e+00
4.768881308951287146e+00
4.768898407184322785e+00
4.768915470652304478e+00
4.768932499452565921e+00
4.768949493700243458e+00
4.768966453488069135e+00
4.768983378932355244e+00
4.769000270132730535e+00
4.769017127189380645e+00
4.769033950214606854e+00
4.769050739303958508e+00
4.769067494559315001e+00
4.769084216088902650e+00
4.769100903989940576e+00
4.769117558365983278e+00
4.769134179315341449e+00
4.769150766942684250e+00
4.769167321341599930e+00
4.769183842617856328e+00
4.769200330866112836e+00
4.769216786187399748e+00
4.769233208683285596e+00
4.769249598450042704e+00
4.769265955578612548e+00
4.769282280178019029e+00
4.769298572334399466e+00
4.769314832151981598e+00
4.769331059723797672e+00
4.769347255143387976e+00
4.769363418510682351e+00
4.769379549920255812e+00
4.769395649461294795e+00
4.769411717235276349e+00
4.769427753332403874e+00
4.769443757843363940e+00
4.769459730865254876e+00
4.769475672495683050e+00
4.769491582815001962e+00
4.769507461927731562e+00
4.769523309915185472e+00
4.769539126876949808e+00
4.769554912895294763e+00
4.769570668070794994e+00
4.769586392486671045e+00
4.769602086232558769e+00
4.769617749404551077e+00
4.769633382087279827e+00
4.769648984371812617e+00
4.769664556343716555e+00
4.769680098095006038e+00
4.769695609706177564e+00
4.769711091270178116e+00
4.769726542880436959e+00
4.769741964612814300e+00
4.769757356555635930e+00
4.769772718797686828e+00
4.769788051428216491e+00
4.769803354530904649e+00
4.769818628183821296e+00
4.769833872483617121e+00
4.769849087503200025e+00
4.769864273334070148e+00
4.769879430062120562e+00
4.769894557761556797e+00
4.769909656525212149e+00
4.769924726428147466e+00
4.769939767557988652e+00
4.769954779996743000e+00
4.769969763820725461e+00
4.769984719124984451e+00
4.769999645974479563e+00
4.770014544465124295e+00
4.770029414662689149e+00
4.770044256663950932e+00
4.770059070535502599e+00
4.770073856362710529e+00
4.770088614225233670e+00
4.770103344196995110e+00
4.770118046370774856e+00
4.770132720809001192e+00
4.770147367599119725e+00
4.770161986816669142e+00
4.770176578543752655e+00
4.770191142850532806e+00
4.770205679819916611e+00
4.770220189522835774e+00
4.770234672043002888e+00
4.770249127452135696e+00
4.770263555828533342e+00
4.770277957244682732e+00
4.770292331779661055e+00
4.770306679506724379e+00
4.770321000499503583e+00
4.770335294832003470e+00
4.770349562584854652e+00
4.770363803832840865e+00
4.770378018638615103e+00
4.770392207083941294e+00
4.770406369238463284e+00
4.770420505178451620e+00
4.770434614974281118e+00
4.770448698702971058e+00
4.770462756429348694e+00
4.770476788231161613e+00
4.770490794173953830e+00
4.770504774336209231e+00
4.770518728784185036e+00
4.770532657590790926e+00
4.770546560822977789e+00
4.770560438554372951e+00
4.770574290858961675e+00
4.770588117804762440e+00
4.770601919453794970e+00
4.770615695881099683e+00
4.770629447155728897e+00
4.770643173347074217e+00
4.770656874524886071e+00
4.770670550746517691e+00
4.770684202095122117e+00
4.770697828635108273e+00
4.770711430424822375e+00
4.770725007542091944e+00
4.770738560045921339e+00
4.770752088008437752e+00
4.770765591495692348e+00
4.770779070574077352e+00
4.770792525303896525e+00
4.770805955758606665e+00
4.770819361999157238e+00
4.770832744093242539e+00
4.770846102108885489e+00
4.770859436108001894e+00
4.770872746152811317e+00
4.770886032305849511e+00
4.770899294642885202e+00
4.770912533214167972e+00
4.770925748089645424e+00
4.770938939339590235e+00
4.770952107015161481e+00
4.770965251187257117e+00
4.770978371914122107e+00
4.770991469260791540e+00
4.771004543292613143e+00
4.771017594062239020e+00
4.771030621648649550e+00
4.771043626092053458e+00
4.771056607472057287e+00
4.771069565842494420e+00
4.771082501264008791e+00
4.771095413797544538e+00
4.771108303504339787e+00
4.771121170445929316e+00
4.771134014684148106e+00
4.771146836274556158e+00
4.771159635273002131e+00
4.771172411755326692e+00
4.771185165764813441e+00
4.771197897371324714e+00
4.771210606625266415e+00
4.771223293590500347e+00
4.771235958317976866e+00
4.771248600878739587e+00
4.771261221324298418e+00
4.771273819713050202e+00
4.771286396103670668e+00
4.771298950555117990e+00
4.771311483113355401e+00
4.771323993851150469e+00
4.771336482821658009e+00
4.771348950071637063e+00
4.771361395668062499e+00
4.771373819664885829e+00
4.771386222116322351e+00
4.771398603076840494e+00
4.771410962607864903e+00
4.771423300764406683e+00
4.771435617595056300e+00
4.771447913162035093e+00
4.771460187514449558e+00
4.771472440715056607e+00
4.771484672813482319e+00
4.771496883859589033e+00
4.771509073916932131e+00
4.771521243029162918e+00
4.771533391260371459e+00
4.771545518661439722e+00
4.771557625283505466e+00
4.771569711184697304e+00
4.771581776409896669e+00
4.771593821017739323e+00
4.771605845053587203e+00
4.771617848583349364e+00
4.771629831652889564e+00
4.771641794308299822e+00
4.771653736616253028e+00
4.771665658609759220e+00
4.771677560355996661e+00
4.771689441902026374e+00
4.771701303295131424e+00
4.771713144596460232e+00
4.771724965840137500e+00
4.771736767094618692e+00
4.771748548401316015e+00
4.771760309808684042e+00
4.771772051379098656e+00
4.771783773147809882e+00
4.771795475170815592e+00
4.771807157504373009e+00
4.771818820184380527e+00
4.771830463274422840e+00
4.771842086817719597e+00
4.771853690864585218e+00
4.771865275458675448e+00
4.771876840650748797e+00
4.771888386498702062e+00
4.771899913039961305e+00
4.771911420332884290e+00
4.771922908415322517e+00
4.771934377339169586e+00
4.771945827149625785e+00
4.771957257905962813e+00
4.771968669639958804e+00
4.771980062411333989e+00
4.771991436259223285e+00
4.772002791236852559e+00
4.772014127390730387e+00
4.772025444760612523e+00
4.772036743400385639e+00
4.772048023350221158e+00
4.772059284664448953e+00
4.772070527383659666e+00
4.772081751548636674e+00
4.772092957221349074e+00
4.772104144429014205e+00
4.772115313234037259e+00
4.772126463671032326e+00
4.772137595781797970e+00
4.772148709622389795e+00
4.772159805235027363e+00
4.772170882662138069e+00
4.772181941946334938e+00
4.772192983137481193e+00
4.772204006271548060e+00
4.772215011398802886e+00
4.772225998569727068e+00
4.772236967813815234e+00
4.772247919181939579e+00
4.772258852725190792e+00
4.772269768473625717e+00
4.772280666478718736e+00
4.772291546785088379e+00
4.772302409423322622e+00
4.772313254452614117e+00
4.772324081911047067e+00
4.772334891836891302e+00
4.772345684268589849e+00
4.772356459266154260e+00
4.772367216854163097e+00
4.772377957078753674e+00
4.772388679986259596e+00
4.772399385616070688e+00
4.772410074007749081e+00
4.772420745208203030e+00
4.772431399257373918e+00
4.772442036195378989e+00
4.772452656062521115e+00
4.772463258899282579e+00
4.772473844746325966e+00
4.772484413651685742e+00
4.772494965649204168e+00
4.772505500772878939e+00
4.772516019078505423e+00
4.772526520600449906e+00
4.772537005366015883e+00
4.772547473438793375e+00
4.772557924839211374e+00
4.772568359616772504e+00
4.772578777806695705e+00
4.772589179444365115e+00
4.772599564579837583e+00
4.772609933248846303e+00
4.772620285487292335e+00
4.772630621338509016e+00
4.772640940838739354e+00
4.772651244024382677e+00
4.772661530939297236e+00
4.772671801612933251e+00
4.772682056096783754e+00
4.772692294413325875e+00
4.772702516621709634e+00
4.772712722737422197e+00
4.772722912812652929e+00
4.772733086885149412e+00
4.772743244985484523e+00
4.772753387151720261e+00
4.772763513429422844e+00
4.772773623849646540e+00
4.772783718443589507e+00
4.772793797264676563e+00
4.772803860337075932e+00
4.772813907699826608e+00
4.772823939392123904e+00
4.772833955445957343e+00
4.772843955908230740e+00
4.772853940803861050e+00
4.772863910172678636e+00
4.772873864054688831e+00
4.772883802482652982e+00
4.772893725496892614e+00
4.772903633123051215e+00
4.772913525401754953e+00
4.772923402373799640e+00
4.772933264072702464e+00
4.772943110532143152e+00
4.772952941785930214e+00
4.772962757868032924e+00
4.772972558820019806e+00
4.772982344668704968e+00
4.772992115455961581e+00
4.773001871216361991e+00
4.773011611977147517e+00
4.773021337780648743e+00
4.773031048654398312e+00
4.773040744641035893e+00
4.773050425768370353e+00
4.773060092071855109e+00
4.773069743587076808e+00
4.773079380349783740e+00
4.773089002388343438e+00
4.773098609738784859e+00
4.773108202437283509e+00
4.773117780512623476e+00
4.773127344001268035e+00
4.773136892939825238e+00
4.773146427349941767e+00
4.773155947276067401e+00
4.773165452747669235e+00
4.773174943801937076e+00
4.773184420461038080e+00
4.773193882770012664e+00
4.773203330751298878e+00
4.773212764442633649e+00
4.773222183874304747e+00
4.773231589076729620e+00
4.773240980088077734e+00
4.773250356931415972e+00
4.773259719652815924e+00
4.773269068267978810e+00
4.773278402823253330e+00
4.773287723342234834e+00
4.773297029856275131e+00
4.773306322404506474e+00
4.773315601003247366e+00
4.773324865699550834e+00
4.773334116517647274e+00
4.773343353489542196e+00
4.773352576639704026e+00
4.773361786008072372e+00
4.773370981627056864e+00
4.773380163521503405e+00
4.773389331724068541e+00
4.773398486259834428e+00
4.773407627169424572e+00
4.773416754478174262e+00
4.773425868219259627e+00
4.773434968418261093e+00
4.773444055108599926e+00
4.773453128316102578e+00
4.773462188074444335e+00
4.773471234409683461e+00
4.773480267355751039e+00
4.773489286946713150e+00
4.773498293201231313e+00
4.773507286161382979e+00
4.773516265846062367e+00
4.773525232282041841e+00
4.773534185511788763e+00
4.773543125554533972e+00
4.773552052445207750e+00
4.773560966203267419e+00
4.773569866871686607e+00
4.773578754470156227e+00
4.773587629026277313e+00
4.773596490575594764e+00
4.773605339138120129e+00
4.773614174749639005e+00
4.773622997430383208e+00
4.773631807224228751e+00
4.773640604143789545e+00
4.773649388217469536e+00
4.773658159489522212e+00
4.773666917965005752e+00
4.773675663696281823e+00
4.773684396688612885e+00
4.773693116986735596e+00
4.773701824603983290e+00
4.773710519585351975e+00
4.773719201944384594e+00
4.773727871710514492e+00
4.773736528913291366e+00
4.773745173582380374e+00
4.773753805739641365e+00
4.773762425422889422e+00
4.773771032638327583e+00
4.773779627439876272e+00
4.773788209833935703e+00
4.773796779850835392e+00
4.773805337521006109e+00
4.773813882875008296e+00
4.773822415935545571e+00
4.773830936725415697e+00
4.773839445275500637e+00
4.773847941608807766e+00
4.773856425756431321e+00
4.773864897741593616e+00
4.773873357587611110e+00
4.773881805325904892e+00
4.773890240979997479e+00
4.773898664573517081e+00
4.773907076138204530e+00
4.773915475697894095e+00
4.773923863268485945e+00
4.773932238890070678e+00
4.773940602578750081e+00
4.773948954366796116e+00
4.773957294270490870e+00
4.773965622330384129e+00
4.773973938554890495e+00
4.773982242976699375e+00
4.773990535620544762e+00
4.773998816511254795e+00
4.774007085673762418e+00
4.774015343133093836e+00
4.774023588914379168e+00
4.774031823034730948e+00
4.774040045535689281e+00
4.774048256426454806e+00
4.774056455740660176e+00
4.774064643503929339e+00
4.774072819733849116e+00
4.774080984456226417e+00
4.774089137688821260e+00
4.774097279473926037e+00
4.774105409821345347e+00
4.774113528757274239e+00
4.774121636308000127e+00
4.774129732499909906e+00
4.774137817351323143e+00
4.774145890888805255e+00
4.774153953130849004e+00
4.774162004112403324e+00
4.774170043843947830e+00
4.774178072360629521e+00
4.774186089681305312e+00
4.774194095824896955e+00
4.774202090826867639e+00
4.774210074698107320e+00
4.774218047466033177e+00
4.774226009149929340e+00
4.774233959785644466e+00
4.774241899376145959e+00
4.774249827965729942e+00
4.774257745565782862e+00
4.774265652196016951e+00
4.774273547884495983e+00
4.774281432659392976e+00
4.774289306532414123e+00
4.774297169531890539e+00
4.774305021677982097e+00
4.774312862990916173e+00
4.774320693499301882e+00
4.774328513223552228e+00
4.774336322184156600e+00
4.774344120410005665e+00
4.774351907913440662e+00
4.774359684723527231e+00
4.774367450852758488e+00
4.774375206330374155e+00
4.774382951185716095e+00
4.774390685423169245e+00
4.774398409080596650e+00
4.774406122170879563e+00
4.774413824715349364e+00
4.774421516743782234e+00
4.774429198260918383e+00
4.774436869313470666e+00
4.774444529897943212e+00
4.774452180052855432e+00
4.774459819791623261e+00
4.774467449127747898e+00
4.774475068100017872e+00
4.774482676722090702e+00
4.774490275016118446e+00
4.774497862995901620e+00
4.774505440692164981e+00
4.774513008118871582e+00
4.774520565298479902e+00
4.774528112253534573e+00
4.774535648998211812e+00
4.774543175572131481e+00
4.774550691972704541e+00
4.774558198231249939e+00
4.774565694370717317e+00
4.774573180405652373e+00
4.774580656359157516e+00
4.774588122245911670e+00
4.774595578097676096e+00
4.774603023929294920e+00
4.774610459764179637e+00
4.774617885617328916e+00
4.774625301503782282e+00
4.774632707455710445e+00
4.774640103479783626e+00
4.774647489608346618e+00
4.774654865865277209e+00
4.774662232248914506e+00
4.774669588800378506e+00
4.774676935526681376e+00
4.774684272443444399e+00
4.774691599592063795e+00
4.774698916971172657e+00
4.774706224605186122e+00
4.774713522518590381e+00
4.774720810727377085e+00
4.774728089256192298e+00
4.774735358112552674e+00
4.774742617329864380e+00
4.774749866915781737e+00
4.774757106895241243e+00
4.774764337284651106e+00
4.774771558100468383e+00
4.774778769367864939e+00
4.774785971103447935e+00
4.774793163332546442e+00
4.774800346063254430e+00
4.774807519312376236e+00
4.774814683114112057e+00
4.774821837468084418e+00
4.774828982408643618e+00
4.774836117952886205e+00
4.774843244109280072e+00
4.774850360903730717e+00
4.774857468353527423e+00
4.774864566476024308e+00
4.774871655288638550e+00
4.774878734808858383e+00
4.774885805062954347e+00
4.774892866059835761e+00
4.774899917817180039e+00
4.774906960361471775e+00
4.774913993710542037e+00
4.774921017873536400e+00
4.774928032868397842e+00
4.774935038721903169e+00
4.774942035452133027e+00
4.774949023068482568e+00
4.774956001589160337e+00
4.774962971041218474e+00
4.774969931434228876e+00
4.774976882786598154e+00
4.774983825125595160e+00
4.774990758452172024e+00
4.774997682793727272e+00
4.775004598168930414e+00
4.775011504587699740e+00
4.775018402077653157e+00
4.775025290648830634e+00
4.775032170320153924e+00
4.775039041110614946e+00
4.775045903030421535e+00
4.775052756107533547e+00
4.775059600352285827e+00
4.775066435783915431e+00
4.775073262412863784e+00
4.775080080267362526e+00
4.775086889357982756e+00
4.775093689704210220e+00
4.775100481325608826e+00
4.775107264224014436e+00
4.775114038436895747e+00
4.775120803966199645e+00
4.775127560831731621e+00
4.775134309053351345e+00
4.775141048642071340e+00
4.775147779617881838e+00
4.775154502000830803e+00
4.775161215811045246e+00
4.775167921050823772e+00
4.775174617740387539e+00
4.775181305900034090e+00
4.775187985550124026e+00
4.775194656702120177e+00
4.775201319367530672e+00
4.775207973575874121e+00
4.775214619329790189e+00
4.775221256649944124e+00
4.775227885548060769e+00
4.775234506053916306e+00
4.775241118170360011e+00
4.775247721918288057e+00
4.775254317309650887e+00
4.775260904365466352e+00
4.775267483097789700e+00
4.775274053527767570e+00
4.775280615658526351e+00
4.775287169520355590e+00
4.775293715125539684e+00
4.775300252486406549e+00
4.775306781615329399e+00
4.775313302533798598e+00
4.775319815254301936e+00
4.775326319789376051e+00
4.775332816169766126e+00
4.775339304389959239e+00
4.775345784471726418e+00
4.775352256446011801e+00
4.775358720307423255e+00
4.775365176077913887e+00
4.775371623779499863e+00
4.775378063416026997e+00
4.775384495009618924e+00
4.775390918573341636e+00
4.775397334120300208e+00
4.775403741672804792e+00
4.775410141244078588e+00
4.775416532838235639e+00
4.775422916477744195e+00
4.775429292185132901e+00
4.775435659964673007e+00
4.775442019829822193e+00
4.775448371803287628e+00
4.775454715898640679e+00
4.775461052120324013e+00
4.775467380500391990e+00
4.775473701034177232e+00
4.775480013753861108e+00
4.775486318654856177e+00
4.775492615769459270e+00
4.775498905111603243e+00
4.775505186676819669e+00
4.775511460497584793e+00
4.775517726587981571e+00
4.775523984952904755e+00
4.775530235606514573e+00
4.775536478572293575e+00
4.775542713855257304e+00
4.775548941478994003e+00
4.775555161448608921e+00
4.775561373778519858e+00
4.775567578492475818e+00
4.775573775595715276e+00
4.775579965102806135e+00
4.775586147028358930e+00
4.775592321387043704e+00
4.775598488202881242e+00
4.775604647472014186e+00
4.775610799209244028e+00
4.775616943448071083e+00
4.775623080184758784e+00
4.775629209434256950e+00
4.775635331220903446e+00
4.775641445541062069e+00
4.775647552428527121e+00
4.775653651879736117e+00
4.775659743919242750e+00
4.775665828552918768e+00
4.775671905805425332e+00
4.775677975673347397e+00
4.775684038190824765e+00
4.775690093345126286e+00
4.775696141179907706e+00
4.775702181682494718e+00
4.775708214877858460e+00
4.775714240781615771e+00
4.775720259400015877e+00
4.775726270748762659e+00
4.775732274843613290e+00
4.775738271700374682e+00
4.775744261316013706e+00
4.775750243725308763e+00
4.775756218925305774e+00
4.775762186941446608e+00
4.775768147780309114e+00
4.775774101448499565e+00
4.775780047971612596e+00
4.775785987346865546e+00
4.775791919609432057e+00
4.775797844747119214e+00
4.775803762795215235e+00
4.775809673741572503e+00
4.775815577621587593e+00
4.775821474442202508e+00
4.775827364210389447e+00
4.775833246942673860e+00
4.775839122655637148e+00
4.775844991346841262e+00
4.775850853042471478e+00
4.775856707759251307e+00
4.775862555494842177e+00
4.775868396266028881e+00
4.775874230089656614e+00
4.775880056982621191e+00
4.775885876942707498e+00
4.775891689996471179e+00
4.775897496151350730e+00
4.775903295414821059e+00
4.775909087803989372e+00
4.775914873336014388e+00
4.775920652008881717e+00
4.775926423849433000e+00
4.775932188855729343e+00
4.775937947054704757e+00
4.775943698444488739e+00
4.775949443052120102e+00
4.775955180875785189e+00
4.775960911932978448e+00
4.775966636241246732e+00
4.775972353808523252e+00
4.775978064633120468e+00
4.775983768752029235e+00
4.775989466153960805e+00
4.775995156866342128e+00
4.776000840897296484e+00
4.776006518254980016e+00
4.776012188947578174e+00
4.776017852993016177e+00
4.776023510409265427e+00
4.776029161194929706e+00
4.776034805377768144e+00
4.776040442946725584e+00
4.776046073929651747e+00
4.776051698335005646e+00
4.776057316171262279e+00
4.776062927456695029e+00
4.776068532199862382e+00
4.776074130409361018e+00
4.776079722093813373e+00
4.776085307271652702e+00
4.776090885951581377e+00
4.776096458142336409e+00
4.776102023852689449e+00
4.776107583111016908e+00
4.776113135906593143e+00
4.776118682258085890e+00
4.776124222184209067e+00
4.776129755693927947e+00
4.776135282796229120e+00
4.776140803490313225e+00
4.776146317804876418e+00
4.776151825749021640e+00
4.776157327322041013e+00
4.776162822552783460e+00
4.776168311430750713e+00
4.776173793984878735e+00
4.776179270214582218e+00
4.776184740129152395e+00
4.776190203757662900e+00
4.776195661089754019e+00
4.776201112154573991e+00
4.776206556941806625e+00
4.776211995480692529e+00
4.776217427780752978e+00
4.776222853841637139e+00
4.776228273672908919e+00
4.776233687304005215e+00
4.776239094724743062e+00
4.776244495964648173e+00
4.776249891013580218e+00
4.776255279901145734e+00
4.776260662627196396e+00
4.776266039211496839e+00
4.776271409643991994e+00
4.776276773964427846e+00
4.776282132152843474e+00
4.776287484249083448e+00
4.776292830243193066e+00
4.776298170145186539e+00
4.776303503985074528e+00
4.776308831752978712e+00
4.776314153468999457e+00
4.776319469133289530e+00
4.776324778776039892e+00
4.776330082387451270e+00
4.776335379987785679e+00
4.776340671587324671e+00
4.776345957186361346e+00
4.776351236805266964e+00
4.776356510454415449e+00
4.776361778144235792e+00
4.776367039875123233e+00
4.776372295667601797e+00
4.776377545532195512e+00
4.776382789469373336e+00
4.776388027489709920e+00
4.776393259613883835e+00
4.776398485842459074e+00
4.776403706196197696e+00
4.776408920665613067e+00
4.776414129281636001e+00
4.776419332044938848e+00
4.776424528966320082e+00
4.776429720046494687e+00
4.776434905316564894e+00
4.776440084767186178e+00
4.776445258409274253e+00
4.776450426263920690e+00
4.776455588331988800e+00
4.776460744624484001e+00
4.776465895152468555e+00
4.776471039927024265e+00
4.776476178959266683e+00
4.776481312250179911e+00
4.776486439821114871e+00
4.776491561673102737e+00
4.776496677817384295e+00
4.776501788265229642e+00
4.776506893027947065e+00
4.776511992106668991e+00
4.776517085512745453e+00
4.776522173267792049e+00
4.776527255373026470e+00
4.776532331829675293e+00
4.776537402659452702e+00
4.776542467873885478e+00
4.776547527464039433e+00
4.776552581461984026e+00
4.776557629858832144e+00
4.776562672676477384e+00
4.776567709906066383e+00
4.776572741579825809e+00
4.776577767699228261e+00
4.776582788265759660e+00
4.776587803291199918e+00
4.776592812797668230e+00
4.776597816776431138e+00
4.776602815239358257e+00
4.776607808208676254e+00
4.776612795675699630e+00
4.776617777673032528e+00
4.776622754181721220e+00
4.776627725234441790e+00
4.776632690822594007e+00
4.776637650968604376e+00
4.776642605674254582e+00
4.776647554951691355e+00
4.776652498802738123e+00
4.776657437239602011e+00
4.776662370284886272e+00
4.776667297919749977e+00
4.776672220187608175e+00
4.776677137059274436e+00
4.776682048578251738e+00
4.776686954736154789e+00
4.776691855534989095e+00
4.776696750997595053e+00
4.776701641126042119e+00
4.776706525932828740e+00
4.776711405420067891e+00
4.776716279600302428e+00
4.776721148486132051e+00
4.776726012079738126e+00
4.776730870393756767e+00
4.776735723440869386e+00
4.776740571212869213e+00
4.776745413743403113e+00
4.776750251013834436e+00
4.776755083057892648e+00
4.776759909867448251e+00
4.776764731444853140e+00
4.776769547823950468e+00
4.776774358996669356e+00
4.776779164965433644e+00
4.776783965753701899e+00
4.776788761363957470e+00
4.776793551798695248e+00
4.776798337070958134e+00
4.776803117193811232e+00
4.776807892169828484e+00
4.776812662001593601e+00
4.776817426712798742e+00
4.776822186306091567e+00
4.776826940773567287e+00
4.776831690149573539e+00
4.776836434426259714e+00
4.776841173606337421e+00
4.776845907713703099e+00
4.776850636751123425e+00
4.776855360721395272e+00
4.776860079637909706e+00
4.776864793514105756e+00
4.776869502342239393e+00
4.776874206146398905e+00
4.776878904918866020e+00
4.776883598683800081e+00
4.776888287433515679e+00
4.776892971192237880e+00
4.776897649962957182e+00
4.776902323738040579e+00
4.776906992552447662e+00
4.776911656387929028e+00
4.776916315268866953e+00
4.776920969198353184e+00
4.776925618190182021e+00
4.776930262236808389e+00
4.776934901362741570e+00
4.776939535560484451e+00
4.776944164854604935e+00
4.776948789248338656e+00
4.776953408734221362e+00
4.776958023336922210e+00
4.776962633059731900e+00
4.776967237905952679e+00
4.776971837889631090e+00
4.776976433024852753e+00
4.776981023293515705e+00
4.776985608731219024e+00
4.776990189330634351e+00
4.776994765105941454e+00
4.776999336049831513e+00
4.777003902198057261e+00
4.777008463532588678e+00
4.777013020067698790e+00
4.777017571828483966e+00
4.777022118796939942e+00
4.777026660987417017e+00
4.777031198414302793e+00
4.777035731092015958e+00
4.777040259013404899e+00
4.777044782182106708e+00
4.777049300623428252e+00
4.777053814330256998e+00
4.777058323317127098e+00
4.777062827598614447e+00
4.777067327156804488e+00
4.777071822027992631e+00
4.777076312205142727e+00
4.777080797692065062e+00
4.777085278503453658e+00
4.777089754643166764e+00
4.777094226125956133e+00
4.777098692955725312e+00
4.777103155125507428e+00
4.777107612661006364e+00
4.777112065566186949e+00
4.777116513834125833e+00
4.777120957490621933e+00
4.777125396539698698e+00
4.777129830974482516e+00
4.777134260809933863e+00
4.777138686061059403e+00
4.777143106721021937e+00
4.777147522815809566e+00
4.777151934338622397e+00
4.777156341293606445e+00
4.777160743695885614e+00
4.777165141549652994e+00
4.777169534859117661e+00
4.777173923639479014e+00
4.777178307884009989e+00
4.777182687618942047e+00
4.777187062837579212e+00
4.777191433555223909e+00
4.777195799765205031e+00
4.777200161482861418e+00
4.777204518723570992e+00
4.777208871480706165e+00
4.777213219758660756e+00
4.777217563583906923e+00
4.777221902949861487e+00
4.777226237860981328e+00
4.777230568332783811e+00
4.777234894358717732e+00
4.777239215954343976e+00
4.777243533135258069e+00
4.777247845894954104e+00
4.777252154249072014e+00
4.777256458191128985e+00
4.777260757747884945e+00
4.777265052901805475e+00
4.777269343679706459e+00
4.777273630086261491e+00
4.777277912115051706e+00
4.777282189781878685e+00
4.777286463102583092e+00
4.777290732059663370e+00
4.777294996680117478e+00
4.777299256968725594e+00
4.777303512919148787e+00
4.777307764547327196e+00
4.777312011858092511e+00
4.777316254867446155e+00
4.777320493569100712e+00
4.777324727967938500e+00
4.777328958080018673e+00
4.777333183910270620e+00
4.777337405463629949e+00
4.777341622745057137e+00
4.777345835759517101e+00
4.777350044523201333e+00
4.777354249029924560e+00
4.777358449284703212e+00
4.777362645303786515e+00
4.777366837103466324e+00
4.777371024666386745e+00
4.777375208008860952e+00
4.777379387147242085e+00
4.777383562064188460e+00
4.777387732798577424e+00
4.777391899321836277e+00
4.777396061672915195e+00
4.777400219834500028e+00
4.777404373811805272e+00
4.777408523632606929e+00
4.777412669290900915e+00
4.777416810791957680e+00
4.777420948141067214e+00
4.777425081343535496e+00
4.777429210415990113e+00
4.777433335352474053e+00
4.777437456158335927e+00
4.777441572850279705e+00
4.777445685433696632e+00
4.777449793902673214e+00
4.777453898273969379e+00
4.777457998553034990e+00
4.777462094745335897e+00
4.777466186856355712e+00
4.777470274880234236e+00
4.777474358845198665e+00
4.777478438745426992e+00
4.777482514586467666e+00
4.777486586373880684e+00
4.777490654113255353e+00
4.777494717821570092e+00
4.777498777481661740e+00
4.777502833121953785e+00
4.777506884748103033e+00
4.777510932354372741e+00
4.777514975946442810e+00
4.777519015530006463e+00
4.777523051122203768e+00
4.777527082728778574e+00
4.777531110344051868e+00
4.777535133973776382e+00
4.777539153635188107e+00
4.777543169322635563e+00
4.777547181053385827e+00
4.777551188821818506e+00
4.777555192645247750e+00
4.777559192529543530e+00
4.777563188469113875e+00
4.777567180469854513e+00
4.777571168549162195e+00
4.777575152701482253e+00
4.777579132944257623e+00
4.777583109271948736e+00
4.777587081690532145e+00
4.777591050217521840e+00
4.777595014858940559e+00
4.777598975597757480e+00
4.777602932463078211e+00
4.777606885460971675e+00
4.777610834574433696e+00
4.777614779832645375e+00
4.777618721230163956e+00
4.777622658773117870e+00
4.777626592467647093e+00
4.777630522319905815e+00
4.777634448336068651e+00
4.777638370522328870e+00
4.777642288884887734e+00
4.777646203429971372e+00
4.777650114163817463e+00
4.777654021081075619e+00
4.777657924199618655e+00
4.777661823525735763e+00
4.777665719054109417e+00
4.777669610791044796e+00
4.777673498754503534e+00
4.777677382950846763e+00
4.777681263363150244e+00
4.777685140021081800e+00
4.777689012919387856e+00
4.777692882064481061e+00
4.777696747462783833e+00
4.777700609109063912e+00
4.777704467033129454e+00
4.777708321218095300e+00
4.777712171670441599e+00
4.777716018408359133e+00
4.777719861438377791e+00
4.777723700755329261e+00
4.777727536365758532e+00
4.777731368276232793e+00
4.777735196493326342e+00
4.777739021023635679e+00
4.777742841862038681e+00
4.777746659026888665e+00
4.777750472524837200e+00
4.777754282362550065e+00
4.777758088523180291e+00
4.777761891036933939e+00
4.777765689898749280e+00
4.777769485103569025e+00
4.777773276681678283e+00
4.777777064616262059e+00
4.777780848925874402e+00
4.777784629605487332e+00
4.777788406661898080e+00
4.777792180113715759e+00
4.777795949955963017e+00
4.777799716183657175e+00
4.777803478815464189e+00
4.777807237858247902e+00
4.777810993307067378e+00
4.777814745180658740e+00
4.777818493474089045e+00
4.777822238182436010e+00
4.777825979336340012e+00
4.777829716919049119e+00
4.777833450937517767e+00
4.777837181410609091e+00
4.777840908333445213e+00
4.777844631724928348e+00
4.777848351568320773e+00
4.777852067870652419e+00
4.777855780662773277e+00
4.777859489916060909e+00
4.777863195661407048e+00
4.777866897894008424e+00
4.777870596609060883e+00
4.777874291837539644e+00
4.777877983550808949e+00
4.777881671779886652e+00
4.777885356520011229e+00
4.777889037778375148e+00
4.777892715562183312e+00
4.777896389866692850e+00
4.777900060699130869e+00
4.777903728078711332e+00
4.777907391988754249e+00
4.777911052460486196e+00
4.777914709477238731e+00
4.777918363046311789e+00
4.777922013175007976e+00
4.777925659870665420e+00
4.777929303140633799e+00
4.777932942980255504e+00
4.777936579408926576e+00
4.777940212422015165e+00
4.777943842014894749e+00
4.777947468206999559e+00
4.777951091005776085e+00
4.777954710406620897e+00
4.777958326404942113e+00
4.777961939032314476e+00
4.777965548272117502e+00
4.777969154131840313e+00
4.777972756631073459e+00
4.777976355753192905e+00
4.777979951517820290e+00
4.777983543920424125e+00
4.777987132968569028e+00
4.777990718681947691e+00
4.777994301031835533e+00
4.777997880062168079e+00
4.778001455744244730e+00
4.778005028097804363e+00
4.778008597130504853e+00
4.778012162850020950e+00
4.778015725239749933e+00
4.778019284331674221e+00
4.778022840109208857e+00
4.778026392592222393e+00
4.778029941764135202e+00
4.778033487657014966e+00
4.778037030254295381e+00
4.778040569563739126e+00
4.778044105605324887e+00
4.778047638374671280e+00
4.778051167867401361e+00
4.778054694091339982e+00
4.778058217054326207e+00
4.778061736764216860e+00
4.778065253228893638e+00
4.778068766444017790e+00
4.778072276405252339e+00
4.778075783132737619e+00
4.778079286634399736e+00
4.778082786905943458e+00
4.778086283943062895e+00
4.778089777765971213e+00
4.778093268370393609e+00
4.778096755764314807e+00
4.778100239955741735e+00
4.778103720940421795e+00
4.778107198726375238e+00
4.778110673321654289e+00
4.778114144722017009e+00
4.778117612947832882e+00
4.778121077982582676e+00
4.778124539846669627e+00
4.778127998535888210e+00
4.778131454058357264e+00
4.778134906422216055e+00
4.778138355623288369e+00
4.778141801669725908e+00
4.778145244557367555e+00
4.778148684306735561e+00
4.778152120913688350e+00
4.778155554386438020e+00
4.778158984733219761e+00
4.778162411937531218e+00
4.778165836019995893e+00
4.778169256988879177e+00
4.778172674840078571e+00
4.778176089569491580e+00
4.778179501197811874e+00
4.778182909733364347e+00
4.778186315159670627e+00
4.778189717485063603e+00
4.778193116730313328e+00
4.778196512891375036e+00
4.778199905964201299e+00
4.778203295957178298e+00
4.778206682878712641e+00
4.778210066737226924e+00
4.778213447528711910e+00
4.778216825249145039e+00
4.778220199919441136e+00
4.778223571535608727e+00
4.778226940106131693e+00
4.778230305627027441e+00
4.778233668106797616e+00
4.778237027553966954e+00
4.778240383977070849e+00
4.778243737359658461e+00
4.778247087722790276e+00
4.778250435062519230e+00
4.778253779387432232e+00
4.778257120706125960e+00
4.778260459014685324e+00
4.778263794321730984e+00
4.778267126623356731e+00
4.778270455928200100e+00
4.778273782244923495e+00
4.778277105569639360e+00
4.778280425923597363e+00
4.778283743290366203e+00
4.778287057678649141e+00
4.778290369097152102e+00
4.778293677542036377e+00
4.778296983034631573e+00
4.778300285558509941e+00
4.778303585135037501e+00
4.778306881760399527e+00
4.778310175430775075e+00
4.778313466167585233e+00
4.778316753954410245e+00
4.778320038812699622e+00
4.778323320726033607e+00
4.778326599728540458e+00
4.778329875791163417e+00
4.778333148948073372e+00
4.778336419182861228e+00
4.778339686504427419e+00
4.778342950921686594e+00
4.778346212430900408e+00
4.778349471041003937e+00
4.778352726748267720e+00
4.778355979561646372e+00
4.778359229502822991e+00
4.778362476542692860e+00
4.778365720702947961e+00
4.778368961992604191e+00
4.778372200407979165e+00
4.778375435945383387e+00
4.778378668626587888e+00
4.778381898435194231e+00
4.778385125393004529e+00
4.778388349496370147e+00
4.778391570741633565e+00
4.778394789137897725e+00
4.778398004707042901e+00
4.778401217419919966e+00
4.778404427311199854e+00
4.778407634364494783e+00
4.778410838576186315e+00
4.778414039981015549e+00
4.778417238562607139e+00
4.778420434317357746e+00
4.778423627267283536e+00
4.778426817408806038e+00
4.778430004738351222e+00
4.778433189265159697e+00
4.778436370998496940e+00
4.778439549934804909e+00
4.778442726070530888e+00
4.778445899427805621e+00
4.778449070003098598e+00
4.778452237805733027e+00
4.778455402819332676e+00
4.778458565066086905e+00
4.778461724529615928e+00
4.778464881245022333e+00
4.778468035183067286e+00
4.778471186378891566e+00
4.778474334816127822e+00
4.778477480491290841e+00
4.778480623426689888e+00
4.778483763618870839e+00
4.778486901064358250e+00
4.778490035785527112e+00
4.778493167766013627e+00
4.778496297015285776e+00
4.778499423542837299e+00
4.778502547345237161e+00
4.778505668419047225e+00
4.778508786786741958e+00
4.778511902444908088e+00
4.778515015390135900e+00
4.778518125631982194e+00
4.778521233180022421e+00
4.778524338017888340e+00
4.778527440168147677e+00
4.778530539627420026e+00
4.778533636405327911e+00
4.778536730485499540e+00
4.778539821890569250e+00
4.778542910630196872e+00
4.778545996688016828e+00
4.778549080073698718e+00
4.778552160796921910e+00
4.778555238854353071e+00
4.778558314255699102e+00
4.778561386997639104e+00
4.778564457076839744e+00
4.778567524529155008e+00
4.778570589312104211e+00
4.778573651474634865e+00
4.778576710987324283e+00
4.778579767859945981e+00
4.778582822115380324e+00
4.778585873724176203e+00
4.778588922722327936e+00
4.778591969093477942e+00
4.778595012847467238e+00
4.778598053981033544e+00
4.778601092504036529e+00
4.778604128426353626e+00
4.778607161731621034e+00
4.778610192442852345e+00
4.778613220556827912e+00
4.778616246070324536e+00
4.778619268993261393e+00
4.778622289335588746e+00
4.778625307080935691e+00
4.778628322252420624e+00
4.778631334846855871e+00
4.778634344861045768e+00
4.778637352304983210e+00
4.778640357188677079e+00
4.778643359495761800e+00
4.778646359249453468e+00
4.778649356433388284e+00
4.778652351070816096e+00
4.778655343145373102e+00
4.778658332680343790e+00
4.778661319672590224e+00
4.778664304118974471e+00
4.778667286029604000e+00
4.778670265401344430e+00
4.778673242231073814e+00
4.778676216542168120e+00
4.778679188331527605e+00
4.778682157582784917e+00
4.778685124319358657e+00
4.778688088551441560e+00
4.778691050262663609e+00
4.778694009463219317e+00
4.778696966150027592e+00
4.778699920346598518e+00
4.778702872023266934e+00
4.778705821216876259e+00
4.778708767911063582e+00
4.778711712129413591e+00
4.778714653842229154e+00
4.778717593073113612e+00
4.778720529819029395e+00
4.778723464103623364e+00
4.778726395897184176e+00
4.778729325223377344e+00
4.778732252079185727e+00
4.778735176461591294e+00
4.778738098394319067e+00
4.778741017860997253e+00
4.778743934872006882e+00
4.778746849424345022e+00
4.778749761541805086e+00
4.778752671194618884e+00
4.778755578406596705e+00
4.778758483188171979e+00
4.778761385522973804e+00
4.778764285421444491e+00
4.778767182894047671e+00
4.778770077924402671e+00
4.778772970549853838e+00
4.778775860740593018e+00
4.778778748507109597e+00
4.778781633859919609e+00
4.778784516796093840e+00
4.778787397326164310e+00
4.778790275447214242e+00
4.778793151169801412e+00
4.778796024491018812e+00
4.778798895407958547e+00
4.778801763931204150e+00
4.778804630057859271e+00
4.778807493798528760e+00
4.778810355150326927e+00
4.778813214110368968e+00
4.778816070702803565e+00
4.778818924911247379e+00
4.778821776746352334e+00
4.778824626218792559e+00
4.778827473312177609e+00
4.778830318037186942e+00
4.778833160404517777e+00
4.778836000411328833e+00
4.778838838054781490e+00
4.778841673359165654e+00
4.778844506294521288e+00
4.778847336898738085e+00
4.778850165141841799e+00
4.778852991048178289e+00
4.778855814614940911e+00
4.778858635852921921e+00
4.778861454745720216e+00
4.778864271317745605e+00
4.778867085552596983e+00
4.778869897461098581e+00
4.778872707054090618e+00
4.778875514328799312e+00
4.778878319282449993e+00
4.778881121925909525e+00
4.778883922256413896e+00
4.778886720284853951e+00
4.778889516008481664e+00
4.778892309424534801e+00
4.778895100530261786e+00
4.778897889350265160e+00
4.778900675881811111e+00
4.778903460122172930e+00
4.778906242068615029e+00
4.778909021732104634e+00
4.778911799109922143e+00
4.778914574213056987e+00
4.778917347038799335e+00
4.778920117584439353e+00
4.778922885860993119e+00
4.778925651879493586e+00
4.778928415623520998e+00
4.778931177104112749e+00
4.778933936318583875e+00
4.778936693291750970e+00
4.778939448007196944e+00
4.778942200462239498e+00
4.778944950667972869e+00
4.778947698635507280e+00
4.778950444348403437e+00
4.778953187831573857e+00
4.778955929068579245e+00
4.778958668084363204e+00
4.778961404848683259e+00
4.778964139400314615e+00
4.778966871709004138e+00
4.778969601813567891e+00
4.778972329683746523e+00
4.778975055330736410e+00
4.778977778765748141e+00
4.778980499986173136e+00
4.778983219003251293e+00
4.778985935800523777e+00
4.778988650403098504e+00
4.778991362794527298e+00
4.778994072986072261e+00
4.778996780989023030e+00
4.778999486786921658e+00
4.779002190404946226e+00
4.779004891826643231e+00
4.779007591063331617e+00
4.779010288112440996e+00
4.779012982985313407e+00
4.779015675679394448e+00
4.779018366192126166e+00
4.779021054534876356e+00
4.779023740705101275e+00
4.779026424700250075e+00
4.779029106531723414e+00
4.779031786210929944e+00
4.779034463721394843e+00
4.779037139074547191e+00
4.779039812281819621e+00
4.779042483326737312e+00
4.779045152220744441e+00
4.779047818975311834e+00
4.779050483587939269e+00
4.779053146042135047e+00
4.779055806363372128e+00
4.779058464563164854e+00
4.779061120611025615e+00
4.779063774532469999e+00
4.779066426325023542e+00
4.779069075986204673e+00
4.779071723527561488e+00
4.779074368946623963e+00
4.779077012240927402e+00
4.779079653422044771e+00
4.779082292501572127e+00
4.779084929448953467e+00
4.779087564303898361e+00
4.779090197049908895e+00
4.779092827684537248e+00
4.779095456219414118e+00
4.779098082652104118e+00
4.779100706994255710e+00
4.779103329243452158e+00
4.779105949397266961e+00
4.779108567467378776e+00
4.779111183451377087e+00
4.779113797346845161e+00
4.779116409165492740e+00
4.779119018904919969e+00
4.779121626562718106e+00
4.779124232150627094e+00
4.779126835666252404e+00
4.779129437121355295e+00
4.779132036499400549e+00
4.779134633812152089e+00
4.779137229071396931e+00
4.779139822260597192e+00
4.779142413405718770e+00
4.779145002490228222e+00
4.779147589525940987e+00
4.779150174496301418e+00
4.779152757441534227e+00
4.779155338330903113e+00
4.779157917176253711e+00
4.779160493989451197e+00
4.779163068768164990e+00
4.779165641510053852e+00
4.779168212212782763e+00
4.779170780888250647e+00
4.779173347534131366e+00
4.779175912162348716e+00
4.779178474756332839e+00
4.779181035342274342e+00
4.779183593903609584e+00
4.779186150452288118e+00
4.779188704986010450e+00
4.779191257502470869e+00
4.779193808013651790e+00
4.779196356531552503e+00
4.779198903025292822e+00
4.779201447535479375e+00
4.779203990031232863e+00
4.779206530538875342e+00
4.779209069056141068e+00
4.779211605580761635e+00
4.779214140110465081e+00
4.779216672657313758e+00
4.779219203219049916e+00
4.779221731793414030e+00
4.779224258378141243e+00
4.779226782999686840e+00
4.779229305641456094e+00
4.779231826315562870e+00
4.779234345019775176e+00
4.779236861737469866e+00
4.779239376509556436e+00
4.779241889305035684e+00
4.779244400136063220e+00
4.779246909014817746e+00
4.779249415939081480e+00
4.779251920906639306e+00
4.779254423915273442e+00
4.779256924977191012e+00
4.779259424090188446e+00
4.779261921266497737e+00
4.779264416489477085e+00
4.779266909771372696e+00
4.779269401109988991e+00
4.779271890532040601e+00
4.779274377991979961e+00
4.779276863545462994e+00
4.779279347146911050e+00
4.779281828837563140e+00
4.779284308600782794e+00
4.779286786434388645e+00
4.779289262336209987e+00
4.779291736333075136e+00
4.779294208422836476e+00
4.779296678588832670e+00
4.779299146828902778e+00
4.779301613169922192e+00
4.779304077609758394e+00
4.779306540146277094e+00
4.779309000762788529e+00
4.779311459486235591e+00
4.779313916314494648e+00
4.779316371245430517e+00
4.779318824276916011e+00
4.779321275421393622e+00
4.779323724676744156e+00
4.779326172040847531e+00
4.779328617526169332e+00
4.779331061116018020e+00
4.779333502837460834e+00
4.779335942673804460e+00
4.779338380622944804e+00
4.779340816711989071e+00
4.779343250924243058e+00
4.779345683257607114e+00
4.779348113739239068e+00
4.779350542337806651e+00
4.779352969080483682e+00
4.779355393965198928e+00
4.779357816989880270e+00
4.779360238152451146e+00
4.779362657450840324e+00
4.779365074912305111e+00
4.779367490505449290e+00
4.779369904257547930e+00
4.779372316166557333e+00
4.779374726230424031e+00
4.779377134447095443e+00
4.779379540829215678e+00
4.779381945360046124e+00
4.779384348066945343e+00
4.779386748933173834e+00
4.779389147971413898e+00
4.779391545179628054e+00
4.779393940555794806e+00
4.779396334112614220e+00
4.779398725848073681e+00
4.779401115745404383e+00
4.779403503832078570e+00
4.779405890106091626e+00
4.779408274565436265e+00
4.779410657193341905e+00
4.779413038032100047e+00
4.779415417050174142e+00
4.779417794260338859e+00
4.779420169675390184e+00
4.779422543278543323e+00
4.779424915082609360e+00
4.779427285085598776e+00
4.779429653285522051e+00
4.779432019695213363e+00
4.779434384312698292e+00
4.779436747150835885e+00
4.779439108192824470e+00
4.779441467436692292e+00
4.779443824910149630e+00
4.779446180596395699e+00
4.779448534493470291e+00
4.779450886629129869e+00
4.779453236971698438e+00
4.779455585548957330e+00
4.779457932344085336e+00
4.779460277370015220e+00
4.779462620639695736e+00
4.779464962136300343e+00
4.779467301872789342e+00
4.779469639832324646e+00
4.779471976042785286e+00
4.779474310487335842e+00
4.779476643178968587e+00
4.779478974115761503e+00
4.779481303295795236e+00
4.779483630732090482e+00
4.779485956422739434e+00
4.779488280365835173e+00
4.779490602559461010e+00
4.779492923001718019e+00
4.779495241705653541e+00
4.779497558684344227e+00
4.779499873920928898e+00
4.779502187413511294e+00
4.779504499175176058e+00
4.779506809204038476e+00
4.779509117513208061e+00
4.779511424085806759e+00
4.779513728949973839e+00
4.779516032073807708e+00
4.779518333485463621e+00
4.779520633168049315e+00
4.779522931134719599e+00
4.779525227383615515e+00
4.779527521927900757e+00
4.779529814750689276e+00
4.779532105880217152e+00
4.779534395284524173e+00
4.779536682991873064e+00
4.779538968985352909e+00
4.779541253293259295e+00
4.779543535883599148e+00
4.779545816784689372e+00
4.779548095979609279e+00
4.779550373496711302e+00
4.779552649303959733e+00
4.779554923429738977e+00
4.779557195857108809e+00
4.779559466614477614e+00
4.779561735669787481e+00
4.779564003051464560e+00
4.779566268742563295e+00
4.779568532756401922e+00
4.779570795106319991e+00
4.779573055760216072e+00
4.779575314746578485e+00
4.779577572063609558e+00
4.779579827709518725e+00
4.779582081697671292e+00
4.779584334011105717e+00
4.779586584648021663e+00
4.779588833636996270e+00
4.779591080961065330e+00
4.779593326618430282e+00
4.779595570622516831e+00
4.779597812971546844e+00
4.779600053663740411e+00
4.779602292712547218e+00
4.779604530100969306e+00
4.779606765842468796e+00
4.779608999950514914e+00
4.779611232408110588e+00
4.779613463213489233e+00
4.779615692380135172e+00
4.779617919906299583e+00
4.779620145805491660e+00
4.779622370060696568e+00
4.779624592685435935e+00
4.779626813677968045e+00
4.779629033036544072e+00
4.779631250774718509e+00
4.779633466875458758e+00
4.779635681352321086e+00
4.779637894218888405e+00
4.779640105458120125e+00
4.779642315068280745e+00
4.779644523062970052e+00
4.779646729455794052e+00
4.779648934229706825e+00
4.779651137382985304e+00
4.779653338929254147e+00
4.779655538866801834e+00
4.779657737193920397e+00
4.779659933924263804e+00
4.779662129040758600e+00
4.779664322557069411e+00
4.779666514471497152e+00
4.779668704797727763e+00
4.779670893518686903e+00
4.779673080648062289e+00
4.779675266184170823e+00
4.779677450140734862e+00
4.779679632485239082e+00
4.779681813262251389e+00
4.779683992439248463e+00
4.779686170029974868e+00
4.779688346048184933e+00
4.779690520476774118e+00
4.779692693329506525e+00
4.779694864604720372e+00
4.779697034316205517e+00
4.779699202431380023e+00
4.779701368994967225e+00
4.779703533974377194e+00
4.779705697383421104e+00
4.779707859235928780e+00
4.779710019514766373e+00
4.779712178233771702e+00
4.779714335391299862e+00
4.779716490985707722e+00
4.779718645015345935e+00
4.779720797494086959e+00
4.779722948420304540e+00
4.779725097792358213e+00
4.779727245608616393e+00
4.779729391867441279e+00
4.779731536582743523e+00
4.779733679752903086e+00
4.779735821391858153e+00
4.779737961466863361e+00
4.779740100007425774e+00
4.779742237011932460e+00
4.779744372463189173e+00
4.779746506390746497e+00
4.779748638777402192e+00
4.779750769637150398e+00
4.779752898952784435e+00
4.779755026753909064e+00
4.779757153023320271e+00
4.779759277759415781e+00
4.779761400960593321e+00
4.779763522656503838e+00
4.779765642814306936e+00
4.779767761463678433e+00
4.779769878587394771e+00
4.779771994199512264e+00
4.779774108282798473e+00
4.779776220866986947e+00
4.779778331934835478e+00
4.779780441484773768e+00
4.779782549530893654e+00
4.779784656071629279e+00
4.779786761105413007e+00
4.779788864630673650e+00
4.779790966661543017e+00
4.779793067180762911e+00
4.779795166218180569e+00
4.779797263740824143e+00
4.779799359778561296e+00
4.779801454314123177e+00
4.779803547345945702e+00
4.779805638903951603e+00
4.779807728970864034e+00
4.779809817545134010e+00
4.779811904625213437e+00
4.779813990225317610e+00
4.779816074343909094e+00
4.779818156995230716e+00
4.779820238146196054e+00
4.779822317826829092e+00
4.779824396019812127e+00
4.779826472739400423e+00
4.779828547999877664e+00
4.779830621783922595e+00
4.779832694090007550e+00
4.779834764916604861e+00
4.779836834293840653e+00
4.779838902188549454e+00
4.779840968630877818e+00
4.779843033603478730e+00
4.779845097120689168e+00
4.779847159181002780e+00
4.779849219782918546e+00
4.779851278909070800e+00
4.779853336605542680e+00
4.779855392823241012e+00
4.779857447608282683e+00
4.779859500927419624e+00
4.779861552810925396e+00
4.779863603241426340e+00
4.779865652233329598e+00
4.779867699769250855e+00
4.779869745863605246e+00
4.779871790514913954e+00
4.779873833737613431e+00
4.779875875498383664e+00
4.779877915843524505e+00
4.779879954755644533e+00
4.779881992217331010e+00
4.779884028258994277e+00
4.779886062863225149e+00
4.779888096044514256e+00
4.779890127785432874e+00
4.779892158100481403e+00
4.779894187004178896e+00
4.779896214479098404e+00
4.779898240523777098e+00
4.779900265168741669e+00
4.779902288380560194e+00
4.779904310173774817e+00
4.779906330546941362e+00
4.779908349514619736e+00
4.779910367059354570e+00
4.779912383195724424e+00
4.779914397938323845e+00
4.779916411253654296e+00
4.779918423172348163e+00
4.779920433676935865e+00
4.779922442782025271e+00
4.779924450486203291e+00
4.779926456788031963e+00
4.779928461686092867e+00
4.779930465195025846e+00
4.779932467297342669e+00
4.779934468007699166e+00
4.779936467324684024e+00
4.779938465246877044e+00
4.779940461772863358e+00
4.779942456917334326e+00
4.779944450678891954e+00
4.779946443040009818e+00
4.779948434031517479e+00
4.779950423635897394e+00
4.779952411851746241e+00
4.779954398677652705e+00
4.779956384144505854e+00
4.779958368218627740e+00
4.779960350930921642e+00
4.779962332247680301e+00
4.779964312199835419e+00
4.779966290786005878e+00
4.779968268004809673e+00
4.779970243838683963e+00
4.779972218318607524e+00
4.779974191427019292e+00
4.779976163162532821e+00
4.779978133539971807e+00
4.779980102557969346e+00
4.779982070215149648e+00
4.779984036510147583e+00
4.779986001441583809e+00
4.779987965024320218e+00
4.779989927240764658e+00
4.779991888122029131e+00
4.779993847634267823e+00
4.779995805808618492e+00
4.779997762627472113e+00
4.779999718089467109e+00
4.780001672209514219e+00
4.780003625002542833e+00
4.780005576434651182e+00
4.780007526520762440e+00
4.780009475275826425e+00
4.780011422682200362e+00
4.780013368754843839e+00
4.780015313476100758e+00
4.780017256877257203e+00
4.780019198940666847e+00
4.780021139664989427e+00
4.780023079065218283e+00
4.780025017140023813e+00
4.780026953871742812e+00
4.780028889291727090e+00
4.780030823382311667e+00
4.780032756142167827e+00
4.780034687569963303e+00
4.780036617697115631e+00
4.780038546489568496e+00
4.780040473962370307e+00
4.780042400114210110e+00
4.780044324960162072e+00
4.780046248482523019e+00
4.780048170696375109e+00
4.780050091584015171e+00
4.780052011176941562e+00
4.780053929457449335e+00
4.780055846424231980e+00
4.780057762075981209e+00
4.780059676427827142e+00
4.780061589478475703e+00
4.780063501226634592e+00
4.780065411671010622e+00
4.780067320810303499e+00
4.780069228659687752e+00
4.780071135201409582e+00
4.780073040467121892e+00
4.780074944406115023e+00
4.780076847066537127e+00
4.780078748447116332e+00
4.780080648513588493e+00
4.780082547297659801e+00
4.780084444798061050e+00
4.780086341013517703e+00
4.780088235942760555e+00
4.780090129567991397e+00
4.780092021937511149e+00
4.780093913000469819e+00
4.780095802805201188e+00
4.780097691317364728e+00
4.780099578552244211e+00
4.780101464508569542e+00
4.780103349185078621e+00
4.780105232597083642e+00
4.780107114726757978e+00
4.780108995589419152e+00
4.780110875183814834e+00
4.780112753508696244e+00
4.780114630562816380e+00
4.780116506344917582e+00
4.780118380870360006e+00
4.780120254121287715e+00
4.780122126113070635e+00
4.780123996861091129e+00
4.780125866330870998e+00
4.780127734537778394e+00
4.780129601497223213e+00
4.780131467191331751e+00
4.780133331652160145e+00
4.780135194828532441e+00
4.780137056769170556e+00
4.780138917456196346e+00
4.780140776888382348e+00
4.780142635081168656e+00
4.780144492016664692e+00
4.780146347710328314e+00
4.780148202160933835e+00
4.780150055367273332e+00
4.780151907328125560e+00
4.780153758058984792e+00
4.780155607525208517e+00
4.780157455775736253e+00
4.780159302775918384e+00
4.780161148541265170e+00
4.780162993070573130e+00
4.780164836379376503e+00
4.780166678449736750e+00
4.780168519280442396e+00
4.780170358887047222e+00
4.780172197251588706e+00
4.780174034406402761e+00
4.780175870316750064e+00
4.780177705014994949e+00
4.780179538483150914e+00
4.780181370736825919e+00
4.780183201758037903e+00
4.780185031562385056e+00
4.780186860148695871e+00
4.780188687532591629e+00
4.780190513679261954e+00
4.780192338621159998e+00
4.780194162340283270e+00
4.780195984852280588e+00
4.780197806139137029e+00
4.780199626233359922e+00
4.780201445100081159e+00
4.780203262771839157e+00
4.780205079230597676e+00
4.780206894492062375e+00
4.780208708538189022e+00
4.780210521384683275e+00
4.780212333030388727e+00
4.780214143474133870e+00
4.780215952731659002e+00
4.780217760768011637e+00
4.780219567615823451e+00
4.780221373273946917e+00
4.780223177724314709e+00
4.780224980999608242e+00
4.780226783064830620e+00
4.780228583935747899e+00
4.780230383628153668e+00
4.780232182123960172e+00
4.780233979438967218e+00
4.780235775555077282e+00
4.780237570505060596e+00
4.780239364253855427e+00
4.780241156817279347e+00
4.780242948211173903e+00
4.780244738417422035e+00
4.780246527451875949e+00
4.780248315296409700e+00
4.780250101966880827e+00
4.780251887462160454e+00
4.780253671781117042e+00
4.780255454922625269e+00
4.780257236902571094e+00
4.780259017702816138e+00
4.780260797339259682e+00
4.780262575793742030e+00
4.780264353082179341e+00
4.780266129203448067e+00
4.780267904173491900e+00
4.780269677957077690e+00
4.780271450604280048e+00
4.780273222062779048e+00
4.780274992365599829e+00
4.780276761511636607e+00
4.780278529499781826e+00
4.780280296346021807e+00
4.780282062015066558e+00
4.780283826522892632e+00
4.780285589885500563e+00
4.780287352101801446e+00
4.780289113153575187e+00
4.780290873073964164e+00
4.780292631827624206e+00
4.780294389430581603e+00
4.780296145881733239e+00
4.780297901197137378e+00
4.780299655375706891e+00
4.780301408399197705e+00
4.780303160266511142e+00
4.780304911010887281e+00
4.780306660614085601e+00
4.780308409057829166e+00
4.780310156375395358e+00
4.780311902565714810e+00
4.780313647610511474e+00
4.780315391508699108e+00
4.780317134293611048e+00
4.780318875929752132e+00
4.780320616433258785e+00
4.780322355803050094e+00
4.780324094055286466e+00
4.780325831171667872e+00
4.780327567168361824e+00
4.780329302027057636e+00
4.780331035763927261e+00
4.780332768377911989e+00
4.780334499867943343e+00
4.780336230232963501e+00
4.780337959489179056e+00
4.780339687618260669e+00
4.780341414619140750e+00
4.780343140508043653e+00
4.780344865283921330e+00
4.780346588945718622e+00
4.780348311492383928e+00
4.780350032922866532e+00
4.780351753236106838e+00
4.780353472431055906e+00
4.780355190523979836e+00
4.780356907513854559e+00
4.780358623399628470e+00
4.780360338162911837e+00
4.780362051820006286e+00
4.780363764387224101e+00
4.780365475846175549e+00
4.780367186195817908e+00
4.780368895452479450e+00
4.780370603597752677e+00
4.780372310647978296e+00
4.780374016602126019e+00
4.780375721441767922e+00
4.780377425200659225e+00
4.780379127860382660e+00
4.780380829437315349e+00
4.780382529913021372e+00
4.780384229286465114e+00
4.780385927574045901e+00
4.780387624774739663e+00
4.780389320887537430e+00
4.780391015911407138e+00
4.780392709862788081e+00
4.780394402705754331e+00
4.780396094474204105e+00
4.780397785149650858e+00
4.780399474748551647e+00
4.780401163269895726e+00
4.780402850695190331e+00
4.780404537058397629e+00
4.780406222341021305e+00
4.780407906542053276e+00
4.780409589660484571e+00
4.780411271712813992e+00
4.780412952680531902e+00
4.780414632580143319e+00
4.780416311410655261e+00
4.780417989171073856e+00
4.780419665842853938e+00
4.780421341460074025e+00
4.780423016004200498e+00
4.780424689491793444e+00
4.780426361904301480e+00
4.780428033258292686e+00
4.780429703535209462e+00
4.780431372751627883e+00
4.780433040924144450e+00
4.780434708016609413e+00
4.780436374045613057e+00
4.780438039027772312e+00
4.780439702944500269e+00
4.780441365812421850e+00
4.780443027612949258e+00
4.780444688362710970e+00
4.780446348060731765e+00
4.780448006706039976e+00
4.780449664297652390e+00
4.780451320834595563e+00
4.780452976315894276e+00
4.780454630758220524e+00
4.780456284160616853e+00
4.780457936504452832e+00
4.780459587788744358e+00
4.780461238047871930e+00
4.780462887263196237e+00
4.780464535416070859e+00
4.780466182540900277e+00
4.780467828636728811e+00
4.780469473667197988e+00
4.780471117666748704e+00
4.780472760634425278e+00
4.780474402569276471e+00
4.780476043452619450e+00
4.780477683318952842e+00
4.780479322131856001e+00
4.780480959925855089e+00
4.780482596664503703e+00
4.780484232400095124e+00
4.780485867096187391e+00
4.780487500751823937e+00
4.780489133383813538e+00
4.780490764991213837e+00
4.780492395573086029e+00
4.780494025128484203e+00
4.780495653656466004e+00
4.780497281173885504e+00
4.780498907644202156e+00
4.780500533119890427e+00
4.780502157546583142e+00
4.780503780976784078e+00
4.780505403373923379e+00
4.780507024754887979e+00
4.780508645136578139e+00
4.780510264482398242e+00
4.780511882809241442e+00
4.780513500134029314e+00
4.780515116455842595e+00
4.780516731738035929e+00
4.780518346033265864e+00
4.780519959304879052e+00
4.780521571569818384e+00
4.780523182827163708e+00
4.780524793075992207e+00
4.780526402333279634e+00
4.780528010562317576e+00
4.780529617797978581e+00
4.780531224021441261e+00
4.780532829249706239e+00
4.780534433481859580e+00
4.780536036699063018e+00
4.780537638918326948e+00
4.780539240156683078e+00
4.780540840377342171e+00
4.780542439615281580e+00
4.780544037851647943e+00
4.780545635085531764e+00
4.780547231333987845e+00
4.780548826578140620e+00
4.780550420835054659e+00
4.780552014103841785e+00
4.780553606383590726e+00
4.780555197673413304e+00
4.780556787954401088e+00
4.780558377279661819e+00
4.780559965594289196e+00
4.780561552933395575e+00
4.780563139278082296e+00
4.780564724645468999e+00
4.780566309034667505e+00
4.780567892444796740e+00
4.780569474856918077e+00
4.780571056306230027e+00
4.780572636755748839e+00
4.780574216240692564e+00
4.780575794742116358e+00
4.780577372277205583e+00
4.780578948827009178e+00
4.780580524390626529e+00
4.780582099003358287e+00
4.780583672628144321e+00
4.780585245282195750e+00
4.780586816964633279e+00
4.780588387674579387e+00
4.780589957429275394e+00
4.780591526191610541e+00
4.780593093996944987e+00
4.780594660844417199e+00
4.780596226715022823e+00
4.780597791626022719e+00
4.780599355576557130e+00
4.780600918547602163e+00
4.780602480574594360e+00
4.780604041638522261e+00
4.780605601720341546e+00
4.780607160855524285e+00
4.780608719043221377e+00
4.780610276264389391e+00
4.780611832518157911e+00
4.780613387821857074e+00
4.780614942174633342e+00
4.780616495575634950e+00
4.780618048024001254e+00
4.780619599500659511e+00
4.780621150041188372e+00
4.780622699626517758e+00
4.780624248274025767e+00
4.780625795946385814e+00
4.780627342697470361e+00
4.780628888489942163e+00
4.780630433322945017e+00
4.780631977232146390e+00
4.780633520180185059e+00
4.780635062184465767e+00
4.780636603244150962e+00
4.780638143376679139e+00
4.780639682562931370e+00
4.780641220802057667e+00
4.780642758093212485e+00
4.780644294453858301e+00
4.780645829883162889e+00
4.780647364380294029e+00
4.780648897926097263e+00
4.780650430538048390e+00
4.780651962215314299e+00
4.780653492975409868e+00
4.780655022780814889e+00
4.780656551667386012e+00
4.780658079615949241e+00
4.780659606644023896e+00
4.780661132732431540e+00
4.780662657898702150e+00
4.780664182123636863e+00
4.780665705424782530e+00
4.780667227819710874e+00
4.780668749270819973e+00
4.780670269795671778e+00
4.780671789411853112e+00
4.780673308100142016e+00
4.780674825859714261e+00
4.780676342708169102e+00
4.780677858626262378e+00
4.780679373631611995e+00
4.780680887704965798e+00
4.780682400882382055e+00
4.780683913126170914e+00
4.780685424453956500e+00
4.780686934883391359e+00
4.780688444376743007e+00
4.780689952970129220e+00
4.780691460644272972e+00
4.780692967416845462e+00
4.780694473268559896e+00
4.780695978217097242e+00
4.780697482243156493e+00
4.780698985382930033e+00
4.780700487598616988e+00
4.780701988907916977e+00
4.780703489310027976e+00
4.780704988804146183e+00
4.780706487408007632e+00
4.780707985102284674e+00
4.780709481886177947e+00
4.780710977777427928e+00
4.780712472756698084e+00
4.780713966841740437e+00
4.780715460031772501e+00
4.780716952325999358e+00
4.780718443705057830e+00
4.780719934205309052e+00
4.780721423788796720e+00
4.780722912491907728e+00
4.780724400295267351e+00
4.780725887216683567e+00
4.780727373236774547e+00
4.780728858354750699e+00
4.780730342588435988e+00
4.780731825937055035e+00
4.780733308381196700e+00
4.780734789957342912e+00
4.780736270627446771e+00
4.780737750409359776e+00
4.780739229320959183e+00
4.780740707324159011e+00
4.780742184455496258e+00
4.780743660714204424e+00
4.780745136062167333e+00
4.780746610554632348e+00
4.780748084153479738e+00
4.780749556857915472e+00
4.780751028704565364e+00
4.780752499655263499e+00
4.780753969727940422e+00
4.780755438940539115e+00
4.780756907254870569e+00
4.780758374707598790e+00
4.780759841279239808e+00
4.780761306969026236e+00
4.780762771794925037e+00
4.780764235737438916e+00
4.780765698814548159e+00
4.780767161025499590e+00
4.780768622350771047e+00
4.780770082827129563e+00
4.780771542416287545e+00
4.780773001136251033e+00
4.780774458986259745e+00
4.780775915984353475e+00
4.780777372110986079e+00
4.780778827365406158e+00
4.780780281765657946e+00
4.780781735292185530e+00
4.780783187944231294e+00
4.780784639758679511e+00
4.780786090697146662e+00
4.780787540777704514e+00
4.780788989999606997e+00
4.780790438362113370e+00
4.780791885864471347e+00
4.780793332505936633e+00
4.780794778304626291e+00
4.780796223222070651e+00
4.780797667295251685e+00
4.780799110523445528e+00
4.780800552887023436e+00
4.780801994404133559e+00
4.780803435055146267e+00
4.780804874877112809e+00
4.780806313831503118e+00
4.780807751936476890e+00
4.780809189191299602e+00
4.780810625614162923e+00
4.780812061166484384e+00
4.780813495885379183e+00
4.780814929751192821e+00
4.780816362763186333e+00
4.780817794939571819e+00
4.780819226279628076e+00
4.780820656763670407e+00
4.780822086409930449e+00
4.780823515217682562e+00
4.780824943186202880e+00
4.780826370295785388e+00
4.780827796583669631e+00
4.780829222030152259e+00
4.780830646634505854e+00
4.780832070396004774e+00
4.780833493332939277e+00
4.780834915425577591e+00
4.780836336692218858e+00
4.780837757113123310e+00
4.780839176706596305e+00
4.780840595452890085e+00
4.780842013389362322e+00
4.780843430477216494e+00
4.780844846734786380e+00
4.780846262161349891e+00
4.780847676775262123e+00
4.780849090537687474e+00
4.780850503486040459e+00
4.780851915600546675e+00
4.780853326899577205e+00
4.780854737363339879e+00
4.780856147010215551e+00
4.780857555820404947e+00
4.780858963812296025e+00
4.780860370985192453e+00
4.780861777319269201e+00
4.780863182852057136e+00
4.780864587563748103e+00
4.780865991434495754e+00
4.780867394501868262e+00
4.780868796746032601e+00
4.780870198185432685e+00
4.780871598800227495e+00
4.780872998589714484e+00
4.780874397572357992e+00
4.780875795728283251e+00
4.780877193075979470e+00
4.780878589614746765e+00
4.780879985343906569e+00
4.780881380243558354e+00
4.780882774351411513e+00
4.780884167628368431e+00
4.780885560112150934e+00
4.780886951782860272e+00
4.780888342639809885e+00
4.780889732682306104e+00
4.780891121928888765e+00
4.780892510378880189e+00
4.780893897993113484e+00
4.780895284828631908e+00
4.780896670846258800e+00
4.780898056064560642e+00
4.780899440482863305e+00
4.780900824100480229e+00
4.780902206897458484e+00
4.780903588911667335e+00
4.780904970123154740e+00
4.780906350531236804e+00
4.780907730154535074e+00
4.780909108953771636e+00
4.780910486966872597e+00
4.780911864193170047e+00
4.780913240612674642e+00
4.780914616244031912e+00
4.780915991067238302e+00
4.780917365100956218e+00
4.780918738344510643e+00
4.780920110797235445e+00
4.780921482458468041e+00
4.780922853327522759e+00
4.780924223403745899e+00
4.780925592705834504e+00
4.780926961194380098e+00
4.780928328907459779e+00
4.780929695825033576e+00
4.780931061965819850e+00
4.780932427309767974e+00
4.780933791875606076e+00
4.780935155643269319e+00
4.780936518631507148e+00
4.780937880839653431e+00
4.780939242267056244e+00
4.780940602913055670e+00
4.780941962776992682e+00
4.780943321858214468e+00
4.780944680156056670e+00
4.780946037669862037e+00
4.780947394418427976e+00
4.780948750381652346e+00
4.780950105558869012e+00
4.780951459968895811e+00
4.780952813591607509e+00
4.780954166445829046e+00
4.780955518530911164e+00
4.780956869826717082e+00
4.780958220371589462e+00
4.780959570125876468e+00
4.780960919108433238e+00
4.780962267318608738e+00
4.780963614755759039e+00
4.780964961438768590e+00
4.780966307327928710e+00
4.780967652461661110e+00
4.780968996839330742e+00
4.780970340421197839e+00
4.780971683265277328e+00
4.780973025312255764e+00
4.780974366620178273e+00
4.780975707149270448e+00
4.780977046918467366e+00
4.780978385927135754e+00
4.780979724155037580e+00
4.780981061640726892e+00
4.780982398344373330e+00
4.780983734304541599e+00
4.780985069500997220e+00
4.780986403933098039e+00
4.780987737600217002e+00
4.780989070521338924e+00
4.780990402676206230e+00
4.780991734083825051e+00
4.780993064723920938e+00
4.780994394615511567e+00
4.780995723738314496e+00
4.780997052111352730e+00
4.780998379734002768e+00
4.780999706605634003e+00
4.781001032725635369e+00
4.781002358073682679e+00
4.781003682688520939e+00
4.781005006549845504e+00
4.781006329657031095e+00
4.781007652029154897e+00
4.781008973645893612e+00
4.781010294506629954e+00
4.781011614610722660e+00
4.781012933977279999e+00
4.781014252605690018e+00
4.781015570475600107e+00
4.781016887606126531e+00
4.781018203996652005e+00
4.781019519646571680e+00
4.781020834535505415e+00
4.781022148702358976e+00
4.781023462106987587e+00
4.781024774788316556e+00
4.781026086706184230e+00
4.781027397899530129e+00
4.781028708347963452e+00
4.781030018070673293e+00
4.781031327047251978e+00
4.781032635277075116e+00
4.781033942779354007e+00
4.781035249533656106e+00
4.781036555559197154e+00
4.781037860855374078e+00
4.781039165401743674e+00
4.781040469237383128e+00
4.781041772321998451e+00
4.781043074674830251e+00
4.781044376295274567e+00
4.781045677202593325e+00
4.781046977356455230e+00
4.781048276795996088e+00
4.781049575500743387e+00
4.781050873470094942e+00
4.781052170703441462e+00
4.781053467220075959e+00
4.781054763019413123e+00
4.781056058080951132e+00
4.781057352423999873e+00
4.781058646028045978e+00
4.781059938912411766e+00
4.781061231076502160e+00
4.781062522519729185e+00
4.781063813221555492e+00
4.781065103221272317e+00
4.781066392498345863e+00
4.781067681052187268e+00
4.781068968882201453e+00
4.781070255987795115e+00
4.781071542368374949e+00
4.781072828043325451e+00
4.781074112992088843e+00
4.781075397234055835e+00
4.781076680748652663e+00
4.781077963555287802e+00
4.781079245653380383e+00
4.781080527022337989e+00
4.781081807681582418e+00
4.781083087630534578e+00
4.781084366848584288e+00
4.781085645375204862e+00
4.781086923169748815e+00
4.781088200271713440e+00
4.781089476660477011e+00
4.781090752315403591e+00
4.781092027276020673e+00
4.781093301541759821e+00
4.781094575091982435e+00
4.781095847926103204e+00
4.781097120043538595e+00
4.781098391483887156e+00
4.781099662186306887e+00
4.781100932210502918e+00
4.781102201515711414e+00
4.781103470101340847e+00
4.781104738007047494e+00
4.781106005192029329e+00
4.781107271695956840e+00
4.781108537478010234e+00
4.781109802577877765e+00
4.781111066954720101e+00
4.781112330648249475e+00
4.781113593637749126e+00
4.781114855922655060e+00
4.781116117502390850e+00
4.781117378396557704e+00
4.781118638584423763e+00
4.781119898085597342e+00
4.781121156879333256e+00
4.781122414985254920e+00
4.781123672402798341e+00
4.781124929111205901e+00
4.781126185130110784e+00
4.781127440458957878e+00
4.781128695097186743e+00
4.781129949044240490e+00
4.781131202279320647e+00
4.781132454842336621e+00
4.781133706712496156e+00
4.781134957889240589e+00
4.781136208392263498e+00
4.781137458180498179e+00
4.781138707293902002e+00
4.781139955711656953e+00
4.781141203453478816e+00
4.781142450498538921e+00
4.781143696866566373e+00
4.781144942557006949e+00
4.781146187549024873e+00
4.781147431862353692e+00
4.781148675476137200e+00
4.781149918430450896e+00
4.781151160684109946e+00
4.781152402256883427e+00
4.781153643168551959e+00
4.781154883377914722e+00
4.781156122904739014e+00
4.781157361768836545e+00
4.781158599949310251e+00
4.781159837445611238e+00
4.781161074257194166e+00
4.781162310403878735e+00
4.781163545864752784e+00
4.781164780659644897e+00
4.781166014767633143e+00
4.781167248208562981e+00
4.781168480961499156e+00
4.781169713046289793e+00
4.781170944462405537e+00
4.781172175209303710e+00
4.781173405266027743e+00
4.781174634672881396e+00
4.781175863388477332e+00
4.781177091453134409e+00
4.781178318825450191e+00
4.781179545545763077e+00
4.781180771593096956e+00
4.781181996966917147e+00
4.781183221666680971e+00
4.781184445712322706e+00
4.781185669082836043e+00
4.781186891798169469e+00
4.781188113837315790e+00
4.781189335199726109e+00
4.781190555905362238e+00
4.781191775953697487e+00
4.781192995344206942e+00
4.781194214055854985e+00
4.781195432108615861e+00
4.781196649501965545e+00
4.781197866235377347e+00
4.781199082308321024e+00
4.781200297720277881e+00
4.781201512470717674e+00
4.781202726559111937e+00
4.781203939984933982e+00
4.781205152747657117e+00
4.781206364867322200e+00
4.781207576322840325e+00
4.781208787134267446e+00
4.781209997259918687e+00
4.781211206761017074e+00
4.781212415595881282e+00
4.781213623763974851e+00
4.781214831285375944e+00
4.781216038159573856e+00
4.781217244386055221e+00
4.781218449943681392e+00
4.781219654852543854e+00
4.781220859112135457e+00
4.781222062721939281e+00
4.781223265681439294e+00
4.781224467990120353e+00
4.781225669647463761e+00
4.781226870652957928e+00
4.781228071026749404e+00
4.781229270726997882e+00
4.781230469794518712e+00
4.781231668228816289e+00
4.781232865988010339e+00
4.781234063133646295e+00
4.781235259603147547e+00
4.781236455437383626e+00
4.781237650635852710e+00
4.781238845198054754e+00
4.781240039102762296e+00
4.781241232370184058e+00
4.781242424979083694e+00
4.781243616970420440e+00
4.781244808302218097e+00
4.781245998994704927e+00
4.781247189068128733e+00
4.781248378480484895e+00
4.781249567252011445e+00
4.781250755402986385e+00
4.781251942912130737e+00
4.781253129778945343e+00
4.781254316002925719e+00
4.781255501604355196e+00
4.781256686561945024e+00
4.781257870875190719e+00
4.781259054564394262e+00
4.781260237608248254e+00
4.781261420027065334e+00
4.781262601820357006e+00
4.781263782966797216e+00
4.781264963486717257e+00
4.781266143379621525e+00
4.781267322624172422e+00
4.781268501261566328e+00
4.781269679249608551e+00
4.781270856608655251e+00
4.781272033359080353e+00
4.781273209458657192e+00
4.781274384948638989e+00
4.781275559786769769e+00
4.781276734014330287e+00
4.781277907609938538e+00
4.781279080573098916e+00
4.781280252924229757e+00
4.781281424641932176e+00
4.781282595746631614e+00
4.781283766216926523e+00
4.781284936052315082e+00
4.781286105273244047e+00
4.781287273879226696e+00
4.781288441848836612e+00
4.781289609223481563e+00
4.781290775939824655e+00
4.781291942060236444e+00
4.781293107563292288e+00
4.781294272427524916e+00
4.781295436673422827e+00
4.781296600321484291e+00
4.781297763329265926e+00
4.781298925738258099e+00
4.781300087526994425e+00
4.781301248673977433e+00
4.781302409220741900e+00
4.781303569166814427e+00
4.781304728490703759e+00
4.781305887191926729e+00
4.781307045269997502e+00
4.781308202745472080e+00
4.781309359596834341e+00
4.781310515844650055e+00
4.781311671488453818e+00
4.781312826506710856e+00
4.781313980920001150e+00
4.781315134727854854e+00
4.781316287908725648e+00
4.781317440483208614e+00
4.781318592471919260e+00
4.781319743832222358e+00
4.781320894584720094e+00
4.781322044728948839e+00
4.781323194264430754e+00
4.781324343190697768e+00
4.781325491507274705e+00
4.781326639234819709e+00
4.781327786330606067e+00
4.781328932836426127e+00
4.781330078751818924e+00
4.781331224034031990e+00
4.781332368724880766e+00
4.781333512823909615e+00
4.781334656309498499e+00
4.781335799202336645e+00
4.781336941480795133e+00
4.781338083165580066e+00
4.781339224235043872e+00
4.781340364709903312e+00
4.781341504589700975e+00
4.781342643873975895e+00
4.781343782562268885e+00
4.781344920632905726e+00
4.781346058127847520e+00
4.781347195004204131e+00
4.781348331303956201e+00
4.781349466984185170e+00
4.781350602086900992e+00
4.781351736590408130e+00
4.781352870494249174e+00
4.781354003797957830e+00
4.781355136522339677e+00
4.781356268645675200e+00
4.781357400167504323e+00
4.781358531108643284e+00
4.781359661447360132e+00
4.781360791204484428e+00
4.781361920358270012e+00
4.781363048929554438e+00
4.781364176917895392e+00
4.781365304301523622e+00
4.781366431101301551e+00
4.781367557316775319e+00
4.781368682926168567e+00
4.781369807950350825e+00
4.781370932410215602e+00
4.781372056262633841e+00
4.781373179528496387e+00
4.781374302207348492e+00
4.781375424320106760e+00
4.781376545823598612e+00
4.781377666760104006e+00
4.781378787086433491e+00
4.781379906844886563e+00
4.781381026013639790e+00
4.781382144613638197e+00
4.781383262623042363e+00
4.781384380041400206e+00
4.781385496889676290e+00
4.781386613146013431e+00
4.781387728831383299e+00
4.781388843945354239e+00
4.781389958466045975e+00
4.781391072393009978e+00
4.781392185768686964e+00
4.781393298549749815e+00
4.781394410757203062e+00
4.781395522369146001e+00
4.781396633428059317e+00
4.781397743890575924e+00
4.781398853799198712e+00
4.781399963110536611e+00
4.781401071867112051e+00
4.781402180025514426e+00
4.781403287628289256e+00
4.781404394631998400e+00
4.781405501079212250e+00
4.781406606969506257e+00
4.781407712259410303e+00
4.781408816991524091e+00
4.781409921143892738e+00
4.781411024737609594e+00
4.781412127750708230e+00
4.781413230182748109e+00
4.781414332054843008e+00
4.781415433366564827e+00
4.781416534095924042e+00
4.781417634264050420e+00
4.781418733848940228e+00
4.781419832871732112e+00
4.781420931332004187e+00
4.781422029229323023e+00
4.781423126563267623e+00
4.781424223311802280e+00
4.781425319517707884e+00
4.781426415137337571e+00
4.781427510213492660e+00
4.781428604702505858e+00
4.781429698647199800e+00
4.781430792003884100e+00
4.781431884815401823e+00
4.781432977059691503e+00
4.781434068757980604e+00
4.781435159866532558e+00
4.781436250428232171e+00
4.781437340421001991e+00
4.781438429866081030e+00
4.781439518741376737e+00
4.781440607068145887e+00
4.781441694824280830e+00
4.781442782031051664e+00
4.781443868666335639e+00
4.781444954751416176e+00
4.781446040264158093e+00
4.781447125247574981e+00
4.781448209657812143e+00
4.781449293516171650e+00
4.781450376800499669e+00
4.781451459553848871e+00
4.781452541732324590e+00
4.781453623378997264e+00
4.781454704449954463e+00
4.781455784988285274e+00
4.781456864950055063e+00
4.781457944378376013e+00
4.781459023251070306e+00
4.781460101567717835e+00
4.781461179327898492e+00
4.781462256531197497e+00
4.781463333198999521e+00
4.781464409309093000e+00
4.781465484882870598e+00
4.781466559898114532e+00
4.781467634354403806e+00
4.781468708273148849e+00
4.781469781632111449e+00
4.781470854452711805e+00
4.781471926712701936e+00
4.781472998455361889e+00
4.781474069614734645e+00
4.781475140255970757e+00
4.781476210334948185e+00
4.781477279873113773e+00
4.781478348870067840e+00
4.781479417325402714e+00
4.781480485238716049e+00
4.781481552587703021e+00
4.781482619415748481e+00
4.781483685700550268e+00
4.781484751419793788e+00
4.781485816616891427e+00
4.781486881269531253e+00
4.781487945377302928e+00
4.781489008961735898e+00
4.781490071978562462e+00
4.781491134471245630e+00
4.781492196417444163e+00
4.781493257838708821e+00
4.781494318690721279e+00
4.781495379038959825e+00
4.781496438839105245e+00
4.781497498090748977e+00
4.781498556815463985e+00
4.781499614990869951e+00
4.781500672638552274e+00
4.781501729758116603e+00
4.781502786327166632e+00
4.781503842367301971e+00
4.781504897878130933e+00
4.781505952859257391e+00
4.781507007288261057e+00
4.781508061186765524e+00
4.781509114554375550e+00
4.781510167412736934e+00
4.781511219717380357e+00
4.781512271489944510e+00
4.781513322730035043e+00
4.781514373437253163e+00
4.781515423633283746e+00
4.781516473273585532e+00
4.781517522401912856e+00
4.781518570995801021e+00
4.781519619054851233e+00
4.781520666600767910e+00
4.781521713611063262e+00
4.781522760085342938e+00
4.781523806045324676e+00
4.781524851468504700e+00
4.781525896354490435e+00
4.781526940725010277e+00
4.781527984579687640e+00
4.781529027895995654e+00
4.781530070695686696e+00
4.781531112978377074e+00
4.781532154721523042e+00
4.781533195946892967e+00
4.781534236654105818e+00
4.781535276820600089e+00
4.781536316468160130e+00
4.781537355618588059e+00
4.781538394227133892e+00
4.781539432315593530e+00
4.781540469883583278e+00
4.781541506930722107e+00
4.781542543456621885e+00
4.781543579460902471e+00
4.781544614943176619e+00
4.781545649925289965e+00
4.781546684362404598e+00
4.781547718298598149e+00
4.781548751711259371e+00
4.781549784600000130e+00
4.781550816986693597e+00
4.781551848848705433e+00
4.781552880207920353e+00
4.781553911019418734e+00
4.781554941349638099e+00
4.781555971131370875e+00
4.781557000431082116e+00
4.781558029203827331e+00
4.781559057449219274e+00
4.781560085189177300e+00
4.781561112423332816e+00
4.781562139151310120e+00
4.781563165350417144e+00
4.781564191042594558e+00
4.781565216205136970e+00
4.781566240882329843e+00
4.781567265051482885e+00
4.781568288689868496e+00
4.781569311819448664e+00
4.781570334439855685e+00
4.781571356573081744e+00
4.781572378174028692e+00
4.781573399264681612e+00
4.781574419867049563e+00
4.781575439958391627e+00
4.781576459515934019e+00
4.781577478584084773e+00
4.781578497162492170e+00
4.781579515205974573e+00
4.781580532758971991e+00
4.781581549798704422e+00
4.781582566347228003e+00
4.781583582381746744e+00
4.781584597901886724e+00
4.781585612929720064e+00
4.781586627442430348e+00
4.781587641462103022e+00
4.781588654988376597e+00
4.781589667998426663e+00
4.781590680491874856e+00
4.781591692513300629e+00
4.781592704017392670e+00
4.781593715026261293e+00
4.781594725517058997e+00
4.781595735534398983e+00
4.781596745032931750e+00
4.781597754034787151e+00
4.781598762539609027e+00
4.781599770547026118e+00
4.781600778056686707e+00
4.781601785068224864e+00
4.781602791581279988e+00
4.781603797572942405e+00
4.781604803110481861e+00
4.781605808125906520e+00
4.781606812641401305e+00
4.781607816679158240e+00
4.781608820193697262e+00
4.781609823229787892e+00
4.781610825787084629e+00
4.781611827820064775e+00
4.781612829373531603e+00
4.781613830447141389e+00
4.781614830995337684e+00
4.781615831085566093e+00
4.781616830649653593e+00
4.781617829755071547e+00
4.781618828333619398e+00
4.781619826452810251e+00
4.781620824067031705e+00
4.781621821175921383e+00
4.781622817801761904e+00
4.781623813944205104e+00
4.781624809602895709e+00
4.781625804754826348e+00
4.781626799444968157e+00
4.781627793627635015e+00
4.781628787325144181e+00
4.781629780514457195e+00
4.781630773240589605e+00
4.781631765480518048e+00
4.781632757211173868e+00
4.781633748477615242e+00
4.781634739256794830e+00
4.781635729548359137e+00
4.781636719351955556e+00
4.781637708667235032e+00
4.781638697493844070e+00
4.781639685831429176e+00
4.781640673702382216e+00
4.781641661083622097e+00
4.781642647974793547e+00
4.781643634398308862e+00
4.781644620331056750e+00
4.781645605772693486e+00
4.781646590745633141e+00
4.781647575226762648e+00
4.781648559215727623e+00
4.781649542757762106e+00
4.781650525784145955e+00
4.781651508340119427e+00
4.781652490425345903e+00
4.781653472039485209e+00
4.781654453159375429e+00
4.781655433807495470e+00
4.781656413960668317e+00
4.781657393664220379e+00
4.781658372872137797e+00
4.781659351606915465e+00
4.781660329868214099e+00
4.781661307632836255e+00
4.781662284946156305e+00
4.781663261762107098e+00
4.781664238126091426e+00
4.781665213992011054e+00
4.781666189405292755e+00
4.781667164319825858e+00
4.781668138781045130e+00
4.781669112765733587e+00
4.781670086273539511e+00
4.781671059304126281e+00
4.781672031857153726e+00
4.781673003932278121e+00
4.781673975552092060e+00
4.781674946693328820e+00
4.781675917378595209e+00
4.781676887561667755e+00
4.781677857288094025e+00
4.781678826557546280e+00
4.781679795346741813e+00
4.781680763655326238e+00
4.781681731505943667e+00
4.781682698898260142e+00
4.781683665808966310e+00
4.781684632237719335e+00
4.781685598230168033e+00
4.781686563739995677e+00
4.781687528766863871e+00
4.781688493333433598e+00
4.781689457462408477e+00
4.781690421084388909e+00
4.781691384268118128e+00
4.781692346967204799e+00
4.781693309227390998e+00
4.781694271002269403e+00
4.781695232314546296e+00
4.781696193163895714e+00
4.781697153549987256e+00
4.781698113472491407e+00
4.781699072931081318e+00
4.781700031925422145e+00
4.781700990455194145e+00
4.781701948520060697e+00
4.781702906119691399e+00
4.781703863276866251e+00
4.781704819945039375e+00
4.781705776170110944e+00
4.781706731951754108e+00
4.781707687243409666e+00
4.781708642090991113e+00
4.781709596471050538e+00
4.781710550406388371e+00
4.781711503850406331e+00
4.781712456872211803e+00
4.781713409425186967e+00
4.781714361509004085e+00
4.781715313146497337e+00
4.781716264314177955e+00
4.781717215034895219e+00
4.781718165285143485e+00
4.781719115087785354e+00
4.781720064442501972e+00
4.781721013325779701e+00
4.781721961783693686e+00
4.781722909746309647e+00
4.781723857282933920e+00
4.781724804370037774e+00
4.781725750984076484e+00
4.781726697147954397e+00
4.781727642861349992e+00
4.781728588123946189e+00
4.781729532912178726e+00
4.781730477272220448e+00
4.781731421180512420e+00
4.781732364636736676e+00
4.781733307617297868e+00
4.781734250168422129e+00
4.781735192266517664e+00
4.781736133911271835e+00
4.781737075102362233e+00
4.781738015862771363e+00
4.781738956145584751e+00
4.781739895997089818e+00
4.781740835393664568e+00
4.781741774358317265e+00
4.781742712844083698e+00
4.781743650897293030e+00
4.781744588517644168e+00
4.781745525681490250e+00
4.781746462388509755e+00
4.781747398661736703e+00
4.781748334477506468e+00
4.781749269835497529e+00
4.781750204782132307e+00
4.781751139246996019e+00
4.781752073299891492e+00
4.781753006893759483e+00
4.781753940028273142e+00
4.781754872726516226e+00
4.781755804988178760e+00
4.781756736812956987e+00
4.781757668177125886e+00
4.781758599103791418e+00
4.781759529592640945e+00
4.781760459643376038e+00
4.781761389255675176e+00
4.781762318405808010e+00
4.781763247140336404e+00
4.781764175412066109e+00
4.781765103267590078e+00
4.781766030659691857e+00
4.781766957611513824e+00
4.781767884146230330e+00
4.781768810216582288e+00
4.781769735869218607e+00
4.781770661056872207e+00
4.781771585826203541e+00
4.781772510153421862e+00
4.781773434038226078e+00
4.781774357480293780e+00
4.781775280502845504e+00
4.781776203082060306e+00
4.781777125217637092e+00
4.781778046932795512e+00
4.781778968180159239e+00
4.781779889030046249e+00
4.781780809411523059e+00
4.781781729371379797e+00
4.781782648909322475e+00
4.781783568001490181e+00
4.781784486671144307e+00
4.781785404894415059e+00
4.781786322670990685e+00
4.781787240047739473e+00
4.781788156953602709e+00
4.781789073459051131e+00
4.781789989516596506e+00
4.781790905149543747e+00
4.781791820333967102e+00
4.781792735116816573e+00
4.781793649450549744e+00
4.781794563334854864e+00
4.781795476816703250e+00
4.781796389872169151e+00
4.781797302477303724e+00
4.781798214655455403e+00
4.781799126406327538e+00
4.781800037729622588e+00
4.781800948648717409e+00
4.781801859115978104e+00
4.781802769154773536e+00
4.781803678764808829e+00
4.781804587945787333e+00
4.781805496697410618e+00
4.781806405043091068e+00
4.781807312935122845e+00
4.781808220420623812e+00
4.781809127475598942e+00
4.781810034099743589e+00
4.781810940316496783e+00
4.781811846078097616e+00
4.781812751431720798e+00
4.781813656377089217e+00
4.781814560866406438e+00
4.781815464946882699e+00
4.781816368618227564e+00
4.781817271832626837e+00
4.781818174661088605e+00
4.781819077032007037e+00
4.781819979016423972e+00
4.781820880542696273e+00
4.781821781681905748e+00
4.781822682386175138e+00
4.781823582655205129e+00
4.781824482512513796e+00
4.781825381957816923e+00
4.781826280967003129e+00
4.781827179563605590e+00
4.781828077747345418e+00
4.781828975517930402e+00
4.781829872851232288e+00
4.781830769770805567e+00
4.781831666276366022e+00
4.781832562367628547e+00
4.781833458020437355e+00
4.781834353282246042e+00
4.781835248105018366e+00
4.781836142512347010e+00
4.781837036527833540e+00
4.781837930103415957e+00
4.781838823262701155e+00
4.781839716005391594e+00
4.781840608355125255e+00
4.781841500263793954e+00
4.781842391778939216e+00
4.781843282852439536e+00
4.781844173531856867e+00
4.781845063792980355e+00
4.781845953635531110e+00
4.781846843083172871e+00
4.781847732087709524e+00
4.781848620696774077e+00
4.781849508886129030e+00
4.781850396679456772e+00
4.781851284052510032e+00
4.781852171005000152e+00
4.781853057560629949e+00
4.781853943695132614e+00
4.781854829408223040e+00
4.781855714723619144e+00
4.781856599617034576e+00
4.781857484112203238e+00
4.781858368208849797e+00
4.781859251882680795e+00
4.781860135133396916e+00
4.781861018008799036e+00
4.781861900436489954e+00
4.781862782488323305e+00
4.781863664115920010e+00
4.781864545343060158e+00
4.781865426145404108e+00
4.781866306570806913e+00
4.781867186570853967e+00
4.781868066145260165e+00
4.781868945341910759e+00
4.781869824112359169e+00
4.781870702504519066e+00
4.781871580469924332e+00
4.781872458032384365e+00
4.781873335191634489e+00
4.781874211947400255e+00
4.781875088299406329e+00
4.781875964247379152e+00
4.781876839791044276e+00
4.781877714930127254e+00
4.781878589664352752e+00
4.781879463993447210e+00
4.781880337917138846e+00
4.781881211459311665e+00
4.781882084571369873e+00
4.781882957301373693e+00
4.781883829624882232e+00
4.781884701541618377e+00
4.781885573051309457e+00
4.781886444177877671e+00
4.781887314896859920e+00
4.781888185207978204e+00
4.781889055135172484e+00
4.781889924653964563e+00
4.781890793764075553e+00
4.781891662489464068e+00
4.781892530805628816e+00
4.781893398736536405e+00
4.781894266257682879e+00
4.781895133368784911e+00
4.781896000093830423e+00
4.781896866432553850e+00
4.781897732360425479e+00
4.781898597901450998e+00
4.781899463031078490e+00
4.781900327773318082e+00
4.781901192127915756e+00
4.781902056070304496e+00
4.781902919624512194e+00
4.781903782790276836e+00
4.781904645543027854e+00
4.781905507931117683e+00
4.781906369905656540e+00
4.781907231466361097e+00
4.781908092661629084e+00
4.781908953466871282e+00
4.781909813857478042e+00
4.781910673857522553e+00
4.781911533466744579e+00
4.781912392684877666e+00
4.781913251511661578e+00
4.781914109946829861e+00
4.781914968014504552e+00
4.781915825665663533e+00
4.781916682924419071e+00
4.781917539790507377e+00
4.781918396263664661e+00
4.781919252343628912e+00
4.781920108054546148e+00
4.781920963371752542e+00
4.781921818270559399e+00
4.781922672799545637e+00
4.781923526958461679e+00
4.781924380698181487e+00
4.781925234067308850e+00
4.781926087041151519e+00
4.781926939619444816e+00
4.781927791826379170e+00
4.781928643637246346e+00
4.781929495051777224e+00
4.781930346094182660e+00
4.781931196739730439e+00
4.781932047012647402e+00
4.781932896888186235e+00
4.781933746366086702e+00
4.781934595495088480e+00
4.781935444201425689e+00
4.781936292533851329e+00
4.781937140492114935e+00
4.781937988051437216e+00
4.781938835236086760e+00
4.781939682021274507e+00
4.781940528431276149e+00
4.781941374465843886e+00
4.781942220124727250e+00
4.781943065383111424e+00
4.781943910265297859e+00
4.781944754746464632e+00
4.781945598875496195e+00
4.781946442602994729e+00
4.781947285953277671e+00
4.781948128926103436e+00
4.781948971496609246e+00
4.781949813713740838e+00
4.781950655552654972e+00
4.781951496988481765e+00
4.781952338045575956e+00
4.781953178748310052e+00
4.781954019047184978e+00
4.781954858966570576e+00
4.781955698506211938e+00
4.781956537690508213e+00
4.781957376469915921e+00
4.781958214893481163e+00
4.781959052911640029e+00
4.781959890573464378e+00
4.781960727854040805e+00
4.781961564753113514e+00
4.781962401270433816e+00
4.781963237405745915e+00
4.781964073183496033e+00
4.781964908578741458e+00
4.781965743591228168e+00
4.781966578220707476e+00
4.781967412491638036e+00
4.781968246379062037e+00
4.781969079882724571e+00
4.781969913027104724e+00
4.781970745787224253e+00
4.781971578187578231e+00
4.781972410203175095e+00
4.781973241833757271e+00
4.781974073103837597e+00
4.781974904013174488e+00
4.781975734536756839e+00
4.781976564674327079e+00
4.781977394450417584e+00
4.781978223864789435e+00
4.781979052892404880e+00
4.781979881533009014e+00
4.781980709835965015e+00
4.781981537751420319e+00
4.781982365303938387e+00
4.781983192468453936e+00
4.781984019269543751e+00
4.781984845706966247e+00
4.781985671780481617e+00
4.781986497465001484e+00
4.781987322785123951e+00
4.781988147740610096e+00
4.781988972331215670e+00
4.781989796531833647e+00
4.781990620391955993e+00
4.781991443861596913e+00
4.781992266990271467e+00
4.781993089727974322e+00
4.781993912099341770e+00
4.781994734104134892e+00
4.781995555742112103e+00
4.781996377013030930e+00
4.781997197916651565e+00
4.781998018477656487e+00
4.781998838645957761e+00
4.781999658446236978e+00
4.782000477903189939e+00
4.782001296966701176e+00
4.782002115686408317e+00
4.782002934037143937e+00
4.782003752018652243e+00
4.782004569630695201e+00
4.782005386898002364e+00
4.782006203770390762e+00
4.782007020297569966e+00
4.782007836454326366e+00
4.782008652265405502e+00
4.782009467705588435e+00
4.782010282774625587e+00
4.782011097497287366e+00
4.782011911823316197e+00
4.782012725827510913e+00
4.782013539434590399e+00
4.782014352719381911e+00
4.782015165606566143e+00
4.782015978145965462e+00
4.782016790337356937e+00
4.782017602155455016e+00
4.782018413600018114e+00
4.782019224720931660e+00
4.782020035442772432e+00
4.782020845840508905e+00
4.782021655838676111e+00
4.782022465512293152e+00
4.782023274810942581e+00
4.782024083759492505e+00
4.782024892332595201e+00
4.782025700555129433e+00
4.782026508426861611e+00
4.782027315947562585e+00
4.782028123091875749e+00
4.782028929884687862e+00
4.782029736325773328e+00
4.782030542414897667e+00
4.782031348151834393e+00
4.782032153511202921e+00
4.782032958517909549e+00
4.782033763171728680e+00
4.782034567472432940e+00
4.782035371419787850e+00
4.782036175013565149e+00
4.782036978253537463e+00
4.782037781139469423e+00
4.782038583671135434e+00
4.782039385848301016e+00
4.782040187670740572e+00
4.782040989138219622e+00
4.782041790250509905e+00
4.782042591007376942e+00
4.782043391408596911e+00
4.782044191453927340e+00
4.782044991168390879e+00
4.782045790501271654e+00
4.782046589502829903e+00
4.782047388147590894e+00
4.782048186435321924e+00
4.782048984365798283e+00
4.782049781964054169e+00
4.782050579204597085e+00
4.782051376087197880e+00
4.782052172636914733e+00
4.782052968828232054e+00
4.782053764660919803e+00
4.782054560134752386e+00
4.782055355274795971e+00
4.782056150080842727e+00
4.782056944502030227e+00
4.782057738614097886e+00
4.782058532340836443e+00
4.782059325732682886e+00
4.782060118789412506e+00
4.782060911485467081e+00
4.782061703820607690e+00
4.782062495845327277e+00
4.782063287483319769e+00
4.782064078810457808e+00
4.782064869750403346e+00
4.782065660379061001e+00
4.782066450645445777e+00
4.782067240574724210e+00
4.782068030141275017e+00
4.782068819370270951e+00
4.782069608261496185e+00
4.782070396789313449e+00
4.782071185004332037e+00
4.782071972855498565e+00
4.782072760342577666e+00
4.782073547516210610e+00
4.782074334325307596e+00
4.782075120795083123e+00
4.782075906925319586e+00
4.782076692715797606e+00
4.782077478166299578e+00
4.782078263276604346e+00
4.782079048021018686e+00
4.782079832450273571e+00
4.782080616513185944e+00
4.782081400235017377e+00
4.782082183641047202e+00
4.782082966680063052e+00
4.782083749377335380e+00
4.782084531758163948e+00
4.782085313771303525e+00
4.782086095467573905e+00
4.782086876795700547e+00
4.782087657806527226e+00
4.782088438474307424e+00
4.782089218798814656e+00
4.782089998779840201e+00
4.782090778417154020e+00
4.782091557710538510e+00
4.782092336685345835e+00
4.782093115315797505e+00
4.782093893601665258e+00
4.782094671542733266e+00
4.782095449164375900e+00
4.782096226440784470e+00
4.782097003371739596e+00
4.782097779982634300e+00
4.782098556247644794e+00
4.782099332166549033e+00
4.782100107739126749e+00
4.782100882990792279e+00
4.782101657921333349e+00
4.782102432504905742e+00
4.782103206741287416e+00
4.782103980655906916e+00
4.782104754222908483e+00
4.782105527467722439e+00
4.782106300364484142e+00
4.782107072938640790e+00
4.782107845164306426e+00
4.782108617066943346e+00
4.782109388620659374e+00
4.782110159850920361e+00
4.782110930757531797e+00
4.782111701314569530e+00
4.782112471547526944e+00
4.782113241456197095e+00
4.782114011014650501e+00
4.782114780248393870e+00
4.782115549131482624e+00
4.782116317715179754e+00
4.782117085947795943e+00
4.782117853854865430e+00
4.782118621410418768e+00
4.782119388665760695e+00
4.782120155569165476e+00
4.782120922146177122e+00
4.782121688396592241e+00
4.782122454320204774e+00
4.782123219891013299e+00
4.782123985160389168e+00
4.782124750076532038e+00
4.782125514690836354e+00
4.782126278951484011e+00
4.782127042884066093e+00
4.782127806514203883e+00
4.782128569790041972e+00
4.782129332737192762e+00
4.782130095355446642e+00
4.782130857670440882e+00
4.782131619630280994e+00
4.782132381260598919e+00
4.782133142587046137e+00
4.782133903583563495e+00
4.782134664224070519e+00
4.782135424560097547e+00
4.782136184565568549e+00
4.782136944240269472e+00
4.782137703609891766e+00
4.782138462622440578e+00
4.782139221329497758e+00
4.782139979704962407e+00
4.782140737748624915e+00
4.782141495486196270e+00
4.782142252891555145e+00
4.782143009964492819e+00
4.782143766704797905e+00
4.782144523138206260e+00
4.782145279238571689e+00
4.782146035005684581e+00
4.782146790465296782e+00
4.782147545591247884e+00
4.782148300409295061e+00
4.782149054893271689e+00
4.782149809068946489e+00
4.782150562910139513e+00
4.782151316416639375e+00
4.782152069614231671e+00
4.782152822476716914e+00
4.782153575029901127e+00
4.782154327273577366e+00
4.782155079181542590e+00
4.782155830753575643e+00
4.782156582015502977e+00
4.782157332967123864e+00
4.782158083582203290e+00
4.782158833886577476e+00
4.782159583880053688e+00
4.782160333536372931e+00
4.782161082881388303e+00
4.782161831914906180e+00
4.782162580610653357e+00
4.782163328994497142e+00
4.782164077066246577e+00
4.782164824825702709e+00
4.782165572246571905e+00
4.782166319354741013e+00
4.782167066150020851e+00
4.782167812632209802e+00
4.782168558774991141e+00
4.782169304630410345e+00
4.782170050146014262e+00
4.782170795347735037e+00
4.782171540235368390e+00
4.782172284808722473e+00
4.782173029067601000e+00
4.782173773011805906e+00
4.782174516614971616e+00
4.782175259929230648e+00
4.782176002928221870e+00
4.782176745585567268e+00
4.782177487953428674e+00
4.782178230005431629e+00
4.782178971741374518e+00
4.782179713134864230e+00
4.782180454238097234e+00
4.782181195024680420e+00
4.782181935494419278e+00
4.782182675673332106e+00
4.782183415508782787e+00
4.782184155026793171e+00
4.782184894253401986e+00
4.782185633162182370e+00
4.782186371752935372e+00
4.782187110025466481e+00
4.782187848005833075e+00
4.782188585641320877e+00
4.782189322984261359e+00
4.782190060034469781e+00
4.782190796739197225e+00
4.782191533150808915e+00
4.782192269242824700e+00
4.782193005015044740e+00
4.782193740493576151e+00
4.782194475651927235e+00
4.782195210516210437e+00
4.782195945059926068e+00
4.782196679282872509e+00
4.782197413211176418e+00
4.782198146818327444e+00
4.782198880130462904e+00
4.782199613121051129e+00
4.782200345789892282e+00
4.782201078163145880e+00
4.782201810240628959e+00
4.782202541995784983e+00
4.782203273454793013e+00
4.782204004591086743e+00
4.782204735430848785e+00
4.782205465947508394e+00
4.782206196167257062e+00
4.782206926063510721e+00
4.782207655662477741e+00
4.782208384963972492e+00
4.782209113967809344e+00
4.782209842647382025e+00
4.782210571002484478e+00
4.782211299085789236e+00
4.782212026844249841e+00
4.782212754304106639e+00
4.782213481465174887e+00
4.782214208300813674e+00
4.782214934837283771e+00
4.782215661074398660e+00
4.782216387011973602e+00
4.782217112623343702e+00
4.782217837961281859e+00
4.782218562972630593e+00
4.782219287683687980e+00
4.782220012094266615e+00
4.782220736204182643e+00
4.782221460013251324e+00
4.782222183494760692e+00
4.782222906701564469e+00
4.782223629580427904e+00
4.782224352184224259e+00
4.782225074459701020e+00
4.782225796433199783e+00
4.782226518131086124e+00
4.782227239500073779e+00
4.782227960593090188e+00
4.782228681356823330e+00
4.782229401844221073e+00
4.782230122001954520e+00
4.782230841882989303e+00
4.782231561460560165e+00
4.782232280734486807e+00
4.782232999704578269e+00
4.782233718370649811e+00
4.782234436732510474e+00
4.782235154816594225e+00
4.782235872569482460e+00
4.782236590044227853e+00
4.782237307214027844e+00
4.782238024078689698e+00
4.782238740664675802e+00
4.782239456945162281e+00
4.782240172919959065e+00
4.782240888588881411e+00
4.782241603951741027e+00
4.782242319035020728e+00
4.782243033838549096e+00
4.782243748308787623e+00
4.782244462498911552e+00
4.782245176382050822e+00
4.782245889984719334e+00
4.782246603280036368e+00
4.782247316267817183e+00
4.782248028974589005e+00
4.782248741373456014e+00
4.782249453490956981e+00
4.782250165300187206e+00
4.782250876827695230e+00
4.782251588046564805e+00
4.782252298983357797e+00
4.782253009611141970e+00
4.782253719929733471e+00
4.782254429992472744e+00
4.782255139718886383e+00
4.782255849189102292e+00
4.782256558322615092e+00
4.782257267199585549e+00
4.782257975766265545e+00
4.782258684049265796e+00
4.782259392021605215e+00
4.782260099709912282e+00
4.782260807114004919e+00
4.782261514206892272e+00
4.782262221015209924e+00
4.782262927538784680e+00
4.782263633750602594e+00
4.782264339677321452e+00
4.782265045318760066e+00
4.782265750674751459e+00
4.782266455718257703e+00
4.782267160475953460e+00
4.782267864947664648e+00
4.782268569133217184e+00
4.782269273032437873e+00
4.782269976618263030e+00
4.782270679944285341e+00
4.782271382956553296e+00
4.782272085681780638e+00
4.782272788119788842e+00
4.782273490270402938e+00
4.782274192106531707e+00
4.782274893681830008e+00
4.782275594969211063e+00
4.782276295941562338e+00
4.782276996652577772e+00
4.782277697048200160e+00
4.782278397182145646e+00
4.782279097000336598e+00
4.782279796556510476e+00
4.782280495796569220e+00
4.782281194774272493e+00
4.782281893462476674e+00
4.782282591834019492e+00
4.782283289942694360e+00
4.782283987761343447e+00
4.782284685289791781e+00
4.782285382527862616e+00
4.782286079502391374e+00
4.782286776159183184e+00
4.782287472552093632e+00
4.782288168626900315e+00
4.782288864437483689e+00
4.782289559983681215e+00
4.782290255211242069e+00
4.782290950174076016e+00
4.782291644817910026e+00
4.782292339196671627e+00
4.782293033310204500e+00
4.782293727131273542e+00
4.782294420632621446e+00
4.782295113895309591e+00
4.782295806837922214e+00
4.782296499514457011e+00
4.782297191897653121e+00
4.782297884014438338e+00
4.782298575837536703e+00
4.782299267366781237e+00
4.782299958629106840e+00
4.782300649597225117e+00
4.782301340298094949e+00
4.782302030704414619e+00
4.782302720816008268e+00
4.782303410659845433e+00
4.782304100235763578e+00
4.782304789516442334e+00
4.782305478501704066e+00
4.782306167218539628e+00
4.782306855639611776e+00
4.782307543791924687e+00
4.782308231675316712e+00
4.782308919262429292e+00
4.782309606553086567e+00
4.782310293574315807e+00
4.782310980325952698e+00
4.782311666807833817e+00
4.782312352992574844e+00
4.782313038880001699e+00
4.782313724524396292e+00
4.782314409871136540e+00
4.782315094920045695e+00
4.782315779725440308e+00
4.782316464232664543e+00
4.782317148441540766e+00
4.782317832406419278e+00
4.782318516072612269e+00
4.782319199467217175e+00
4.782319882590068794e+00
4.782320565413719748e+00
4.782321247965279021e+00
4.782321930244585850e+00
4.782322612251476812e+00
4.782323293985785817e+00
4.782323975420039730e+00
4.782324656608692770e+00
4.782325337496950546e+00
4.782326018111962895e+00
4.782326698453564617e+00
4.782327378521594063e+00
4.782328058288538131e+00
4.782328737808921204e+00
4.782329417055244392e+00
4.782330095999966169e+00
4.782330774697653553e+00
4.782331453093406459e+00
4.782332131241814110e+00
4.782332809087939118e+00
4.782333486659005928e+00
4.782334163982241648e+00
4.782334841002692016e+00
4.782335517774995104e+00
4.782336194244175331e+00
4.782336870464884981e+00
4.782337546409555884e+00
4.782338222078022838e+00
4.782338897442683034e+00
4.782339572558235830e+00
4.782340247424535562e+00
4.782340921986527604e+00
4.782341596271487916e+00
4.782342270306715548e+00
4.782342944064591705e+00
4.782343617544950298e+00
4.782344290747625237e+00
4.782344963672453986e+00
4.782345636346761353e+00
4.782346308715399452e+00
4.782346980833196426e+00
4.782347652700000395e+00
4.782348324260635941e+00
4.782348995569956074e+00
4.782349666600288707e+00
4.782350337378996841e+00
4.782351007850861535e+00
4.782351678070780210e+00
4.782352348038602763e+00
4.782353017726628686e+00
4.782353687134691889e+00
4.782354356262621842e+00
4.782355025137823290e+00
4.782355693732571744e+00
4.782356362074282607e+00
4.782357030135214515e+00
4.782357697942791752e+00
4.782358365469276507e+00
4.782359032714494695e+00
4.782359699705883926e+00
4.782360366415686848e+00
4.782361032871350837e+00
4.782361699045102554e+00
4.782362364964404478e+00
4.782363030629101175e+00
4.782363696011406873e+00
4.782364361111156370e+00
4.782365025955825466e+00
4.782365690545264947e+00
4.782366354851663282e+00
4.782367018902521139e+00
4.782367682670013664e+00
4.782368346181650409e+00
4.782369009437279495e+00
4.782369672409060080e+00
4.782370335124520366e+00
4.782370997583505812e+00
4.782371659758162252e+00
4.782372321676029436e+00
4.782372983336961703e+00
4.782373644713076466e+00
4.782374305831936567e+00
4.782374966693388352e+00
4.782375627269548346e+00
4.782376287615725197e+00
4.782376947676292289e+00
4.782377607478832893e+00
4.782378266995432448e+00
4.782378926281456444e+00
4.782379585281224976e+00
4.782380244022347071e+00
4.782380902504665521e+00
4.782381560728034664e+00
4.782382218664502638e+00
4.782382876369502434e+00
4.782383533787284868e+00
4.782384190945494495e+00
4.782384847871785638e+00
4.782385504510388685e+00
4.782386160888958848e+00
4.782386817007338919e+00
4.782387472837542397e+00
4.782388128435082209e+00
4.782388783771974516e+00
4.782389438848065666e+00
4.782390093663201114e+00
4.782390748189366825e+00
4.782391402482125464e+00
4.782392056513471879e+00
4.782392710283248860e+00
4.782393363791300978e+00
4.782394017037476353e+00
4.782394670021622218e+00
4.782395322743582255e+00
4.782395975203204586e+00
4.782396627400332889e+00
4.782397279362731624e+00
4.782397931034416239e+00
4.782398582471077297e+00
4.782399233644635927e+00
4.782399884554941139e+00
4.782400535201841052e+00
4.782401185585174019e+00
4.782401835704796156e+00
4.782402485588504781e+00
4.782403135208200595e+00
4.782403784563723725e+00
4.782404433654924958e+00
4.782405082509626482e+00
4.782405731099705015e+00
4.782406379425006016e+00
4.782407027485374051e+00
4.782407675308657069e+00
4.782408322866708694e+00
4.782408970159372608e+00
4.782409617214513631e+00
4.782410264003964073e+00
4.782410910527572945e+00
4.782411556813221942e+00
4.782412202832727388e+00
4.782412848585933851e+00
4.782413494100740792e+00
4.782414139348945881e+00
4.782414784358464566e+00
4.782415429101082971e+00
4.782416073576644777e+00
4.782416717813076090e+00
4.782417361782153264e+00
4.782418005511807735e+00
4.782418648973806086e+00
4.782419292196093963e+00
4.782419935150418411e+00
4.782420577864747280e+00
4.782421220310814292e+00
4.782421862516589961e+00
4.782422504453801793e+00
4.782423146150430959e+00
4.782423787578195196e+00
4.782424428765084556e+00
4.782425069682805230e+00
4.782425710359364146e+00
4.782426350794614756e+00
4.782426990960249036e+00
4.782427630884287240e+00
4.782428270566585482e+00
4.782428909978821530e+00
4.782429549149024517e+00
4.782430188048859776e+00
4.782430826706373317e+00
4.782431465121422143e+00
4.782432103293867698e+00
4.782432741195346004e+00
4.782433378853929717e+00
4.782434016269474064e+00
4.782434653413599968e+00
4.782435290314399623e+00
4.782435926971723816e+00
4.782436563385433104e+00
4.782437199527130645e+00
4.782437835424920181e+00
4.782438471078659603e+00
4.782439106488209468e+00
4.782439741653425003e+00
4.782440376545882721e+00
4.782441011193713898e+00
4.782441645625072901e+00
4.782442279783229111e+00
4.782442913668027984e+00
4.782443547335935463e+00
4.782444180758504082e+00
4.782444813907276604e+00
4.782445446838741177e+00
4.782446079496112112e+00
4.782446711907567760e+00
4.782447344101312225e+00
4.782447976020514524e+00
4.782448607693376097e+00
4.782449239119753059e+00
4.782449870299503303e+00
4.782450501232482942e+00
4.782451131918553422e+00
4.782451762357568192e+00
4.782452392549384257e+00
4.782453022493859507e+00
4.782453652219253115e+00
4.782454281668626628e+00
4.782454910870230336e+00
4.782455539823923907e+00
4.782456168557984277e+00
4.782456797015429473e+00
4.782457425252970573e+00
4.782458053242036655e+00
4.782458680954039032e+00
4.782459308445724311e+00
4.782459935716959265e+00
4.782460562710699747e+00
4.782461189455251116e+00
4.782461815978940045e+00
4.782462442253162749e+00
4.782463068277776230e+00
4.782463694052634828e+00
4.782464319577599987e+00
4.782464944881023250e+00
4.782465569934272409e+00
4.782466194737202692e+00
4.782466819289670212e+00
4.782467443620057601e+00
4.782468067671176826e+00
4.782468691528470650e+00
4.782469315106204988e+00
4.782469938461314740e+00
4.782470561565119738e+00
4.782471184417476984e+00
4.782471807046799306e+00
4.782472429424395877e+00
4.782473051550121923e+00
4.782473673452407148e+00
4.782474295102543849e+00
4.782474916500387252e+00
4.782475537674384825e+00
4.782476158595811988e+00
4.782476779293120650e+00
4.782477399737581791e+00
4.782478019957663307e+00
4.782478639924606867e+00
4.782479259638282798e+00
4.782479879127166988e+00
4.782480498362499333e+00
4.782481117372771706e+00
4.782481736129210681e+00
4.782482354660324120e+00
4.782482972937322607e+00
4.782483590988730882e+00
4.782484208785743540e+00
4.782484826356891539e+00
4.782485443702046979e+00
4.782486060792394689e+00
4.782486677627789895e+00
4.782487294236779540e+00
4.782487910619240168e+00
4.782488526746329072e+00
4.782489142646619840e+00
4.782489758291259108e+00
4.782490373708825793e+00
4.782490988899193773e+00
4.782491603833493699e+00
4.782492218540323137e+00
4.782492833019552414e+00
4.782493447242296192e+00
4.782494061237172467e+00
4.782494675004046236e+00
4.782495288514017950e+00
4.782495901795719817e+00
4.782496514849020386e+00
4.782497127673781989e+00
4.782497740241097084e+00
4.782498352579604983e+00
4.782498964689182230e+00
4.782499576540885755e+00
4.782500188163383292e+00
4.782500799556546056e+00
4.782501410720240820e+00
4.782502021654339686e+00
4.782502632329878267e+00
4.782503242804384769e+00
4.782503853020056539e+00
4.782504463005598616e+00
4.782505072732024409e+00
4.782505682256908308e+00
4.782506291522402364e+00
4.782506900586102283e+00
4.782507509390142353e+00
4.782508117963253369e+00
4.782508726305307434e+00
4.782509334416170432e+00
4.782509942295717131e+00
4.782510549943808087e+00
4.782511157331406082e+00
4.782511764516199193e+00
4.782512371469142209e+00
4.782512978161182815e+00
4.782513584650037508e+00
4.782514190877712679e+00
4.782514796901951470e+00
4.782515402693684692e+00
4.782516008223829829e+00
4.782516613550157558e+00
4.782517218614616539e+00
4.782517823475016527e+00
4.782518428102248365e+00
4.782519032467204667e+00
4.782519636627711179e+00
4.782520240554657853e+00
4.782520844247917680e+00
4.782521447707355655e+00
4.782522050932838553e+00
4.782522653953248160e+00
4.782523256710430992e+00
4.782523859262290955e+00
4.782524461550643480e+00
4.782525063633420004e+00
4.782525665481456301e+00
4.782526267094624473e+00
4.782526868501842721e+00
4.782527469644876739e+00
4.782528070581711255e+00
4.782528671283153621e+00
4.782529271749075050e+00
4.782529871979340541e+00
4.782530472002904709e+00
4.782531071790558030e+00
4.782531671342169943e+00
4.782532270657605444e+00
4.782532869765839578e+00
4.782533468637643281e+00
4.782534067272881551e+00
4.782534665671423824e+00
4.782535263862264685e+00
4.782535861816153755e+00
4.782536459532956030e+00
4.782537057041684747e+00
4.782537654313069986e+00
4.782538251346982960e+00
4.782538848172445789e+00
4.782539444760177894e+00
4.782540041110044271e+00
4.782540637251091908e+00
4.782541233183201790e+00
4.782541828847875820e+00
4.782542424303356299e+00
4.782543019549525987e+00
4.782543614527853038e+00
4.782544209325824802e+00
4.782544803884903217e+00
4.782545398204955056e+00
4.782545992285847092e+00
4.782546586156676938e+00
4.782547179817328242e+00
4.782547773238439603e+00
4.782548366449124622e+00
4.782548959420011236e+00
4.782549552150963557e+00
4.782550144671114722e+00
4.782550736980347494e+00
4.782551329049264943e+00
4.782551920907014420e+00
4.782552512524192778e+00
4.782553103929952698e+00
4.782553695094888369e+00
4.782554286048157799e+00
4.782554876789649967e+00
4.782555467289926199e+00
4.782556057578174702e+00
4.782556647624949697e+00
4.782557237459449162e+00
4.782557827081554080e+00
4.782558416461801798e+00
4.782559005629410720e+00
4.782559594584254725e+00
4.782560183296857836e+00
4.782560771796453558e+00
4.782561360082918434e+00
4.782561948126758722e+00
4.782562535957217698e+00
4.782563123574187003e+00
4.782563710948145363e+00
4.782564298108353817e+00
4.782564885054700454e+00
4.782565471787061817e+00
4.782566058275902421e+00
4.782566644550509949e+00
4.782567230610761833e+00
4.782567816456548826e+00
4.782568402058299917e+00
4.782568987474769884e+00
4.782569572646962364e+00
4.782570157604195238e+00
4.782570742316884171e+00
4.782571326843827464e+00
4.782571911125979902e+00
4.782572495192679796e+00
4.782573079043807240e+00
4.782573662679244109e+00
4.782574246098869608e+00
4.782574829302562058e+00
4.782575412260702485e+00
4.782575995032168237e+00
4.782576577557828834e+00
4.782577159867067884e+00
4.782577741989287645e+00
4.782578323865323000e+00
4.782578905524578872e+00
4.782579486966929139e+00
4.782580068192254785e+00
4.782580649200435019e+00
4.782581229961793134e+00
4.782581810535319278e+00
4.782582390891340296e+00
4.782582971029733621e+00
4.782583550950379347e+00
4.782584130653156684e+00
4.782584710108356063e+00
4.782585289375030690e+00
4.782585868423472775e+00
4.782586447253566853e+00
4.782587025865186803e+00
4.782587604258213609e+00
4.782588182432526480e+00
4.782588760417629814e+00
4.782589338154160430e+00
4.782589915671610292e+00
4.782590492999506893e+00
4.782591070078444417e+00
4.782591646967597754e+00
4.782592223637198714e+00
4.782592800087124729e+00
4.782593376317258560e+00
4.782593952327478526e+00
4.782594528147341428e+00
4.782595103717368623e+00
4.782595679096810493e+00
4.782596254255864210e+00
4.782596829194403654e+00
4.782597403912308032e+00
4.782597978439173225e+00
4.782598552715447759e+00
4.782599126800453959e+00
4.782599700664345477e+00
4.782600274336743951e+00
4.782600847787798592e+00
4.782601420987640850e+00
4.782601994025391434e+00
4.782602566811685385e+00
4.782603139405910753e+00
4.782603711778193656e+00
4.782604283928409750e+00
4.782604855886222417e+00
4.782605427621735572e+00
4.782605999134828423e+00
4.782606570425375736e+00
4.782607141523062211e+00
4.782607712397969557e+00
4.782608283079791356e+00
4.782608853538602212e+00
4.782609423774276891e+00
4.782609993816528515e+00
4.782610563635406820e+00
4.782611133230799005e+00
4.782611702632422634e+00
4.782612271810315896e+00
4.782612840794224773e+00
4.782613409554168804e+00
4.782613978090028972e+00
4.782614546431555702e+00
4.782615114578646853e+00
4.782615682471417884e+00
4.782616250199407837e+00
4.782616817672832532e+00
4.782617384981262987e+00
4.782617952034879494e+00
4.782618518893376525e+00
4.782619085556643057e+00
4.782619651994647114e+00
4.782620218237197740e+00
4.782620784254247859e+00
4.782621350075621613e+00
4.782621915671259494e+00
4.782622481070992748e+00
4.782623046244754761e+00
4.782623611222388327e+00
4.782624176003782424e+00
4.782624740558858001e+00
4.782625304887488049e+00
4.782625869049525136e+00
4.782626432954899087e+00
4.782626996693463362e+00
4.782627560205124695e+00
4.782628123519755192e+00
4.782628686607247381e+00
4.782629249497490243e+00
4.782629812160350546e+00
4.782630374655766126e+00
4.782630936893539797e+00
4.782631498963650252e+00
4.782632060805916296e+00
4.782632622450264215e+00
4.782633183896590978e+00
4.782633745114713619e+00
4.782634306134586843e+00
4.782634866956097852e+00
4.782635427549061902e+00
4.782635987943438138e+00
4.782636548139116428e+00
4.782637108135986637e+00
4.782637667903850698e+00
4.782638227472679304e+00
4.782638786842364986e+00
4.782639346012803827e+00
4.782639904953761345e+00
4.782640463695241095e+00
4.782641022237136497e+00
4.782641580579336527e+00
4.782642138721733716e+00
4.782642696634067825e+00
4.782643254376529818e+00
4.782643811888699581e+00
4.782644369200619749e+00
4.782644926282012321e+00
4.782645483193103786e+00
4.782646039903618806e+00
4.782646596383262505e+00
4.782647152662102386e+00
4.782647708740027426e+00
4.782648264616931044e+00
4.782648820292701330e+00
4.782649375767229927e+00
4.782649931040412028e+00
4.782650486112138388e+00
4.782651040952056398e+00
4.782651595620524887e+00
4.782652150056962981e+00
4.782652704321745496e+00
4.782653258354265802e+00
4.782653812184659792e+00
4.782654365843082012e+00
4.782654919268901850e+00
4.782655472492262305e+00
4.782656025513061238e+00
4.782656578361472732e+00
4.782657130976819104e+00
4.782657683389267333e+00
4.782658235629019927e+00
4.782658787635357456e+00
4.782659339438473545e+00
4.782659891068579583e+00
4.782660442464922390e+00
4.782660993688044648e+00
4.782661544677178966e+00
4.782662095492880461e+00
4.782662646104711257e+00
4.782663196512556780e+00
4.782663746716311337e+00
4.782664296715861241e+00
4.782664846511098133e+00
4.782665396101910993e+00
4.782665945518570716e+00
4.782666494700212212e+00
4.782667043707487409e+00
4.782667592509911358e+00
4.782668141107369486e+00
4.782668689499748993e+00
4.782669237686947739e+00
4.782669785699263265e+00
4.782670333475755875e+00
4.782670881077167202e+00
4.782671428472959008e+00
4.782671975663020270e+00
4.782672522677689386e+00
4.782673069486417461e+00
4.782673616089097024e+00
4.782674162485614389e+00
4.782674708675857644e+00
4.782675254690195388e+00
4.782675800498046748e+00
4.782676346099304254e+00
4.782676891493855109e+00
4.782677436712087449e+00
4.782677981723399974e+00
4.782678526527686103e+00
4.782679071124831260e+00
4.782679615545244012e+00
4.782680159758307958e+00
4.782680703794432553e+00
4.782681247622996068e+00
4.782681791243884817e+00
4.782682334656987777e+00
4.782682877892743711e+00
4.782683420920500694e+00
4.782683963770707258e+00
4.782684506412705261e+00
4.782685048846380127e+00
4.782685591071621722e+00
4.782686133118900784e+00
4.782686674988120501e+00
4.782687216648591644e+00
4.782687758100204967e+00
4.782688299373450747e+00
4.782688840437624656e+00
4.782689381292613007e+00
4.782689921968927393e+00
4.782690462435842171e+00
4.782691002723882256e+00
4.782691542802309570e+00
4.782692082701657910e+00
4.782692622391181203e+00
4.782693161901420353e+00
4.782693701201623071e+00
4.782694240322340917e+00
4.782694779232807392e+00
4.782695317932907919e+00
4.782695856483895724e+00
4.782696394793626737e+00
4.782696932923363065e+00
4.782697470873003454e+00
4.782698008611749430e+00
4.782698546170200515e+00
4.782699083548253682e+00
4.782699620684376818e+00
4.782700157670618069e+00
4.782700694445434664e+00
4.782701231039450107e+00
4.782701767421825068e+00
4.782702303623196372e+00
4.782702839612710477e+00
4.782703375421018421e+00
4.782703911048019840e+00
4.782704446462849646e+00
4.782704981696169533e+00
4.782705516717097538e+00
4.782706051556322002e+00
4.782706586213723909e+00
4.782707120658427513e+00
4.782707654921113161e+00
4.782708189001688481e+00
4.782708722900054887e+00
4.782709256585292223e+00
4.782709790088119028e+00
4.782710323377602712e+00
4.782710856484468032e+00
4.782711389408614622e+00
4.782711922149950112e+00
4.782712454677523262e+00
4.782712987022076589e+00
4.782713519183515061e+00
4.782714051130868782e+00
4.782714582925775559e+00
4.782715114506398635e+00
4.782715645872616328e+00
4.782716177086100195e+00
4.782716708084979729e+00
4.782717238900037415e+00
4.782717769531177332e+00
4.782718299978303556e+00
4.782718830210400007e+00
4.782719360289199528e+00
4.782719890152760556e+00
4.782720419831906433e+00
4.782720949295597102e+00
4.782721478605608922e+00
4.782722007699963918e+00
4.782722536609498754e+00
4.782723065365078519e+00
4.782723593873720702e+00
4.782724122228211527e+00
4.782724650397494948e+00
4.782725178350482942e+00
4.782725706149044242e+00
4.782726233731105836e+00
4.782726761127554127e+00
4.782727288369296836e+00
4.782727815394230753e+00
4.782728342233252050e+00
4.782728868855247839e+00
4.782729395322155241e+00
4.782729921602858703e+00
4.782730447697261411e+00
4.782730973574219391e+00
4.782731499295715949e+00
4.782732024799563497e+00
4.782732550147763106e+00
4.782733075278103207e+00
4.782733600252613293e+00
4.782734125009051596e+00
4.782734649609472477e+00
4.782735173991618183e+00
4.782735698217558173e+00
4.782736222225012490e+00
4.782736746076075462e+00
4.782737269708444927e+00
4.782737793184235642e+00
4.782738316441124127e+00
4.782738839541247344e+00
4.782739362453392040e+00
4.782739885146319203e+00
4.782740407682201322e+00
4.782740930029807380e+00
4.782741452189036124e+00
4.782741974159790743e+00
4.782742495941970873e+00
4.782743017535477037e+00
4.782743538971388375e+00
4.782744060187255286e+00
4.782744581245339077e+00
4.782745102083166167e+00
4.782745622763026283e+00
4.782746143253628013e+00
4.782746663554869215e+00
4.782747183666653079e+00
4.782747703620099600e+00
4.782748223352675687e+00
4.782748742926726138e+00
4.782749262310932004e+00
4.782749781505192033e+00
4.782750300509408525e+00
4.782750819323480229e+00
4.782751337978565331e+00
4.782751856443320904e+00
4.782752374717642141e+00
4.782752892801430455e+00
4.782753410694587259e+00
4.782753928428296497e+00
4.782754445971184154e+00
4.782754963323150754e+00
4.782755480484095933e+00
4.782755997485228505e+00
4.782756514295148698e+00
4.782757030913757035e+00
4.782757547340955817e+00
4.782758063607973398e+00
4.782758579683390465e+00
4.782759095567105767e+00
4.782759611290365420e+00
4.782760126821735014e+00
4.782760642161115072e+00
4.782761157308401678e+00
4.782761672294865818e+00
4.782762187089049100e+00
4.782762701722226950e+00
4.782763216162935649e+00
4.782763730411073055e+00
4.782764244466534365e+00
4.782764758360625201e+00
4.782765272061853423e+00
4.782765785601529096e+00
4.782766298948150308e+00
4.782766812101618470e+00
4.782767325093258748e+00
4.782767837891554130e+00
4.782768350496403365e+00
4.782768862939152044e+00
4.782769375219712238e+00
4.782769887275090781e+00
4.782770399168091657e+00
4.782770910898627825e+00
4.782771422435146746e+00
4.782771933809023324e+00
4.782772444957205771e+00
4.782772955974043505e+00
4.782773466796479411e+00
4.782773977424411349e+00
4.782774487889243531e+00
4.782774998159382562e+00
4.782775508266237985e+00
4.782776018178211075e+00
4.782776527895195251e+00
4.782777037480154370e+00
4.782777546838405947e+00
4.782778056032920944e+00
4.782778565063610543e+00
4.782779073898839606e+00
4.782779582570062082e+00
4.782780091077196261e+00
4.782780599357016271e+00
4.782781107504125551e+00
4.782781615455301782e+00
4.782782123210433944e+00
4.782782630801021284e+00
4.782783138226974096e+00
4.782783645456597732e+00
4.782784152521412757e+00
4.782784659389704096e+00
4.782785166093001195e+00
4.782785672631217011e+00
4.782786178972625812e+00
4.782786685148774808e+00
4.782787191127925830e+00
4.782787696973278990e+00
4.782788202589803639e+00
4.782788708072354567e+00
4.782789213325871813e+00
4.782789718445245697e+00
4.782790223367057614e+00
4.782790728122883195e+00
4.782791232712638063e+00
4.782791737104546748e+00
4.782792241330199978e+00
4.782792745389513378e+00
4.782793249250694601e+00
4.782793752945353027e+00
4.782794256473402505e+00
4.782794759803032036e+00
4.782795262965869654e+00
4.782795765961830980e+00
4.782796268790824534e+00
4.782796771421023330e+00
4.782797273884072276e+00
4.782797776179888771e+00
4.782798278276621851e+00
4.782798780205936851e+00
4.782799281967745841e+00
4.782799783561966223e+00
4.782800284988508288e+00
4.782800786215498867e+00
4.782801287274624613e+00
4.782801788165803814e+00
4.782802288888949427e+00
4.782802789412157196e+00
4.782803289767151078e+00
4.782803789985662135e+00
4.782804289972135692e+00
4.782804789821949676e+00
4.782805289503200719e+00
4.782805788983955253e+00
4.782806288295957664e+00
4.782806787439122687e+00
4.782807286413365944e+00
4.782807785218597729e+00
4.782808283854727449e+00
4.782808782289798444e+00
4.782809280555585296e+00
4.782809778683890123e+00
4.782810276610854672e+00
4.782810774368277507e+00
4.782811271956064481e+00
4.782811769374134769e+00
4.782812266590483752e+00
4.782812763668849776e+00
4.782813260545307088e+00
4.782813757283620681e+00
4.782814253819841710e+00
4.782814750217751154e+00
4.782815246413382404e+00
4.782815742438581985e+00
4.782816238293269961e+00
4.782816733977353962e+00
4.782817229490746058e+00
4.782817724833361872e+00
4.782818220005111698e+00
4.782818715005905830e+00
4.782819209835659890e+00
4.782819704494285951e+00
4.782820198981695192e+00
4.782820693297801462e+00
4.782821187442513278e+00
4.782821681415748039e+00
4.782822175217412486e+00
4.782822668847422243e+00
4.782823162305689380e+00
4.782823655592125078e+00
4.782824148706641409e+00
4.782824641649150443e+00
4.782825134419564250e+00
4.782825627017794901e+00
4.782826119475823035e+00
4.782826611729429800e+00
4.782827103842667071e+00
4.782827595751295569e+00
4.782828087519392035e+00
4.782828579082688769e+00
4.782829070505288271e+00
4.782829561755010950e+00
4.782830052831767098e+00
4.782830543735468787e+00
4.782831034466028974e+00
4.782831525023355290e+00
4.782832015439499429e+00
4.782832505650103982e+00
4.782832995719362934e+00
4.782833485615043401e+00
4.782833975337061894e+00
4.782834464885333148e+00
4.782834954259761240e+00
4.782835443492435168e+00
4.782835932551104285e+00
4.782836421403492189e+00
4.782836910113877238e+00
4.782837398649988359e+00
4.782837887043943859e+00
4.782838375231249550e+00
4.782838863276230867e+00
4.782839351146595419e+00
4.782839838842254387e+00
4.782840326395346509e+00
4.782840813741332298e+00
4.782841300944590479e+00
4.782841787972792247e+00
4.782842274825856776e+00
4.782842761535948561e+00
4.782843248070733466e+00
4.782843734430124449e+00
4.782844220614029140e+00
4.782844706654637790e+00
4.782845192519594058e+00
4.782845678208811790e+00
4.782846163722195065e+00
4.782846649091959890e+00
4.782847134285725055e+00
4.782847619303401743e+00
4.782848104177216619e+00
4.782848588874780482e+00
4.782849073395995632e+00
4.782849557740777691e+00
4.782850041941372865e+00
4.782850525965365307e+00
4.782851009845014545e+00
4.782851493547894073e+00
4.782851977073915073e+00
4.782852460422981622e+00
4.782852943627380782e+00
4.782853426654662066e+00
4.782853909537116088e+00
4.782854392242284369e+00
4.782854874770075426e+00
4.782855357152797637e+00
4.782855839357976535e+00
4.782856321417926715e+00
4.782856803267748091e+00
4.782857285004596726e+00
4.782857766531133592e+00
4.782858247944551167e+00
4.782858729147477561e+00
4.782859210204692957e+00
4.782859691083678477e+00
4.782860171816793127e+00
4.782860652371502930e+00
4.782861132780189095e+00
4.782861613010304325e+00
4.782862093094232492e+00
4.782862572999419193e+00
4.782863052725775610e+00
4.782863532305700716e+00
4.782864011739126120e+00
4.782864490993468998e+00
4.782864970068642307e+00
4.782865448997069890e+00
4.782865927746152046e+00
4.782866406348333044e+00
4.782866884803533836e+00
4.782867363079142287e+00
4.782867841175072243e+00
4.782868319123775969e+00
4.782868796892629781e+00
4.782869274514100155e+00
4.782869751988113372e+00
4.782870229282024432e+00
4.782870706428322016e+00
4.782871183394343362e+00
4.782871660180005868e+00
4.782872136850393474e+00
4.782872613340263257e+00
4.782873089649516629e+00
4.782873565810675132e+00
4.782874041791050246e+00
4.782874517655788971e+00
4.782874993306958089e+00
4.782875468842341604e+00
4.782875944196608664e+00
4.782876419369671339e+00
4.782876894394084921e+00
4.782877369269769474e+00
4.782877843963999176e+00
4.782878318509339977e+00
4.782878792905720822e+00
4.782879267120394573e+00
4.782879741185945832e+00
4.782880215102300880e+00
4.782880688836693928e+00
4.782881162421733556e+00
4.782881635824639766e+00
4.782882109078027355e+00
4.782882582181822606e+00
4.782883055135950023e+00
4.782883527907611843e+00
4.782884000529445068e+00
4.782884472968641276e+00
4.782884945257849907e+00
4.782885417396993688e+00
4.782885889385991796e+00
4.782886361192023372e+00
4.782886832847752956e+00
4.782887304353106828e+00
4.782887775708009492e+00
4.782888246879605454e+00
4.782888717900588560e+00
4.782889188770882427e+00
4.782889659457617348e+00
4.782890129993505823e+00
4.782890600378466139e+00
4.782891070612423690e+00
4.782891540695306531e+00
4.782892010594215648e+00
4.782892480341885744e+00
4.782892949938240434e+00
4.782893419350367381e+00
4.782893888643863001e+00
4.782894357752966563e+00
4.782894826710442970e+00
4.782895295483355902e+00
4.782895764137345296e+00
4.782896232606608677e+00
4.782896700956806413e+00
4.782897169122118264e+00
4.782897637102444754e+00
4.782898104963487995e+00
4.782898572672283244e+00
4.782899040195854212e+00
4.782899507567019093e+00
4.782899974785700614e+00
4.782900441851820617e+00
4.782900908765307157e+00
4.782901375493150198e+00
4.782901842101132672e+00
4.782902308523304669e+00
4.782902774792528788e+00
4.782903240941679179e+00
4.782903706904776620e+00
4.782904172681732291e+00
4.782904638338391301e+00
4.782905103841717853e+00
4.782905569191635564e+00
4.782906034355084657e+00
4.782906499364962372e+00
4.782906964254188154e+00
4.782907428956697515e+00
4.782907893505404573e+00
4.782908357900236496e+00
4.782908822174134045e+00
4.782909286260985660e+00
4.782909750193734766e+00
4.782910213939262078e+00
4.782910677563561919e+00
4.782911141033521218e+00
4.782911604349074253e+00
4.782912067510135756e+00
4.782912530516626681e+00
4.782912993335409091e+00
4.782913456032535926e+00
4.782913918574866585e+00
4.782914380962323797e+00
4.782914843161739427e+00
4.782915305239216153e+00
4.782915767161588505e+00
4.782916228928778324e+00
4.782916690507601487e+00
4.782917151964195313e+00
4.782917613265381007e+00
4.782918074411075082e+00
4.782918535401206483e+00
4.782918996235695275e+00
4.782919456914465961e+00
4.782919917437439494e+00
4.782920377804540379e+00
4.782920838015690457e+00
4.782921298070809790e+00
4.782921758003004342e+00
4.782922217745846361e+00
4.782922677332431149e+00
4.782923136795867336e+00
4.782923596102901520e+00
4.782924055220253656e+00
4.782924514214247580e+00
4.782924973051602358e+00
4.782925431732251376e+00
4.782925890256104040e+00
4.782926348656324045e+00
4.782926806866373504e+00
4.782927264919401900e+00
4.782927722848575591e+00
4.782928180620585223e+00
4.782928638235350860e+00
4.782929095692796118e+00
4.782929552992842837e+00
4.782930010135412857e+00
4.782930467153705401e+00
4.782930924014379137e+00
4.782931380684067868e+00
4.782931837262557551e+00
4.782932293649905908e+00
4.782932749879322820e+00
4.782933205984036817e+00
4.782933661897362576e+00
4.782934117685845088e+00
4.782934573349420404e+00
4.782935028821367673e+00
4.782935484134926973e+00
4.782935939323367691e+00
4.782936394353267673e+00
4.782936849224562970e+00
4.782937303970527410e+00
4.782937758524376193e+00
4.782938212952746682e+00
4.782938667255582033e+00
4.782939121366057478e+00
4.782939575350851236e+00
4.782940029143118110e+00
4.782940482842957586e+00
4.782940936350113859e+00
4.782941389731307780e+00
4.782941842953066569e+00
4.782942296015308514e+00
4.782942748917958120e+00
4.782943201694366486e+00
4.782943654311035964e+00
4.782944106767885728e+00
4.782944559098289972e+00
4.782945011268727065e+00
4.782945463279127729e+00
4.782945915162866157e+00
4.782946366886420719e+00
4.782946818449707038e+00
4.782947269886124175e+00
4.782947721128648411e+00
4.782948172277654564e+00
4.782948623232604390e+00
4.782949074060406147e+00
4.782949524727491131e+00
4.782949975267295706e+00
4.782950425646236958e+00
4.782950875864235840e+00
4.782951325954745592e+00
4.782951775884164647e+00
4.782952225652421063e+00
4.782952675292975186e+00
4.782953124772217457e+00
4.782953574090066162e+00
4.782954023280005629e+00
4.782954472308406757e+00
4.782954921208763643e+00
4.782955369947433866e+00
4.782955818557923955e+00
4.782956267006579054e+00
4.782956715293321892e+00
4.782957163451675875e+00
4.782957611447969271e+00
4.782958059315735255e+00
4.782958507021294992e+00
4.782958954564568543e+00
4.782959401979105074e+00
4.782959849231207983e+00
4.782960296354440644e+00
4.782960743315086027e+00
4.782961190146725272e+00
4.782961636815633355e+00
4.782962083355396743e+00
4.782962529732285084e+00
4.782962975979886622e+00
4.782963422064465675e+00
4.782963867985939643e+00
4.782964313777923415e+00
4.782964759440344160e+00
4.782965204939447545e+00
4.782965650275150082e+00
4.782966095481085311e+00
4.782966540557187507e+00
4.782966985469671251e+00
4.782967430252188734e+00
4.782967874870941216e+00
4.782968319325853201e+00
4.782968763684322333e+00
4.782969207845060744e+00
4.782969651875482953e+00
4.782970095775521457e+00
4.782970539545116750e+00
4.782970983116663355e+00
4.782971426591391406e+00
4.782971869901693651e+00
4.782972313047486601e+00
4.782972756096276257e+00
4.782973198946624649e+00
4.782973641699840961e+00
4.782974084254457914e+00
4.782974526711817553e+00
4.782974969004230914e+00
4.782975411165450552e+00
4.782975853161573809e+00
4.782976295026362124e+00
4.782976736725911948e+00
4.782977178293983833e+00
4.782977619730519159e+00
4.782978061001593950e+00
4.782978502140992738e+00
4.782978943114780890e+00
4.782979383990629607e+00
4.782979824666849566e+00
4.782980265245003082e+00
4.782980705657257303e+00
4.782981145937430512e+00
4.782981586051556100e+00
4.782982026033461231e+00
4.782982465883081957e+00
4.782982905566436571e+00
4.782983345117369112e+00
4.782983784535813854e+00
4.782984223787771327e+00
4.782984662907103335e+00
4.782985101893745927e+00
4.782985540747632491e+00
4.782985979434742241e+00
4.782986417954999681e+00
4.782986856376257201e+00
4.782987294630518527e+00
4.782987732751680099e+00
4.782988170739682410e+00
4.782988608560468258e+00
4.782989046247951848e+00
4.782989483802074560e+00
4.782989921222761787e+00
4.782990358475950110e+00
4.782990795595567057e+00
4.782991232581548680e+00
4.782991669399802248e+00
4.782992106118319597e+00
4.782992542668969449e+00
4.782992979051671867e+00
4.782993415334446219e+00
4.782993851449137246e+00
4.782994287429717772e+00
4.782994723276127402e+00
4.782995158988303075e+00
4.782995594532096995e+00
4.782996029941516625e+00
4.782996465216493576e+00
4.782996900356968339e+00
4.782997335362870750e+00
4.782997770200030807e+00
4.782998204902485284e+00
4.782998639470161351e+00
4.782999073902995946e+00
4.782999508200926897e+00
4.782999942329753118e+00
4.783000376357673389e+00
4.783000810216350374e+00
4.783001243939851932e+00
4.783001677528113227e+00
4.783002110946908303e+00
4.783002544264486566e+00
4.783002977412458279e+00
4.783003410424921498e+00
4.783003843301804281e+00
4.783004276043050673e+00
4.783004708648586067e+00
4.783005141118350068e+00
4.783005573418074974e+00
4.783006005616099010e+00
4.783006437643936515e+00
4.783006869535733507e+00
4.783007301291421598e+00
4.783007732910935061e+00
4.783008164394209949e+00
4.783008595741179647e+00
4.783009026917532047e+00
4.783009457991694191e+00
4.783009888895095152e+00
4.783010319696185064e+00
4.783010750326375238e+00
4.783011180819856101e+00
4.783011611210845615e+00
4.783012041430724004e+00
4.783012471513695019e+00
4.783012901459699151e+00
4.783013331268669788e+00
4.783013760940537651e+00
4.783014190475241456e+00
4.783014619838393600e+00
4.783015049098561455e+00
4.783015478221368078e+00
4.783015907206751294e+00
4.783016336020294190e+00
4.783016764730614767e+00
4.783017193303309433e+00
4.783017621703956834e+00
4.783018050001198951e+00
4.783018478126251694e+00
4.783018906147776583e+00
4.783019334031350489e+00
4.783019761742517417e+00
4.783020189349978857e+00
4.783020616784892098e+00
4.783021044115978171e+00
4.783021471308783745e+00
4.783021898328827071e+00
4.783022325244860262e+00
4.783022752022413115e+00
4.783023178626988781e+00
4.783023605127377564e+00
4.783024031489083505e+00
4.783024457712045319e+00
4.783024883796196391e+00
4.783025309741470998e+00
4.783025735547801638e+00
4.783026161215120808e+00
4.783026586743364561e+00
4.783027012132468059e+00
4.783027437416846439e+00
4.783027862527470475e+00
4.783028287533246825e+00
4.783028712365130275e+00
4.783029137092046135e+00
4.783029561679430941e+00
4.783029986092707020e+00
4.783030410400832544e+00
4.783030834569228951e+00
4.783031258632363780e+00
4.783031682521114547e+00
4.783032106269932804e+00
4.783032529913309183e+00
4.783032953382082120e+00
4.783033376745287057e+00
4.783033799968313460e+00
4.783034223051091161e+00
4.783034645993553546e+00
4.783035068795633116e+00
4.783035491491852476e+00
4.783035914012974565e+00
4.783036336428114765e+00
4.783036758702616353e+00
4.783037180836415381e+00
4.783037602829443458e+00
4.783038024681633971e+00
4.783038446427548607e+00
4.783038868032501334e+00
4.783039289461792798e+00
4.783039710784621867e+00
4.783040132000936140e+00
4.783040553041383092e+00
4.783040973975193566e+00
4.783041394767657550e+00
4.783041815418700438e+00
4.783042235928263608e+00
4.783042656296275119e+00
4.783043076557353501e+00
4.783043496676760320e+00
4.783043916654426297e+00
4.783044336490283044e+00
4.783044756218975735e+00
4.783045175771023061e+00
4.783045595215783763e+00
4.783046014553203662e+00
4.783046433713768586e+00
4.783046852766869250e+00
4.783047271677719259e+00
4.783047690446244005e+00
4.783048109072380427e+00
4.783048527590815446e+00
4.783048945966740462e+00
4.783049364200083531e+00
4.783049782325552890e+00
4.783050200308316846e+00
4.783050618148311450e+00
4.783051035845463872e+00
4.783051453434508993e+00
4.783051870845790532e+00
4.783052288183643697e+00
4.783052705343598276e+00
4.783053122395204859e+00
4.783053539303590895e+00
4.783053956068688883e+00
4.783054372725263903e+00
4.783054789238428306e+00
4.783055205642956054e+00
4.783055621869095830e+00
4.783056037986477271e+00
4.783056453995045310e+00
4.783056869825019319e+00
4.783057285546060022e+00
4.783057701123233585e+00
4.783058116591362818e+00
4.783058531915499678e+00
4.783058947095582880e+00
4.783059362166439676e+00
4.783059777093119358e+00
4.783060191910458947e+00
4.783060606548575677e+00
4.783061021112155586e+00
4.783061435496374081e+00
4.783061849771018004e+00
4.783062263901098454e+00
4.783062677921487094e+00
4.783063091797184363e+00
4.783063505528127202e+00
4.783063919149200593e+00
4.783064332625388104e+00
4.783064745991596922e+00
4.783065159212798179e+00
4.783065572323906167e+00
4.783065985254891572e+00
4.783066398110650042e+00
4.783066810786150924e+00
4.783067223351318731e+00
4.783067635806101059e+00
4.783068048115432624e+00
4.783068460279241485e+00
4.783068872332488120e+00
4.783069284240090369e+00
4.783069696037016705e+00
4.783070107688164541e+00
4.783070519228528994e+00
4.783070930622993266e+00
4.783071341871492521e+00
4.783071753009021876e+00
4.783072164000460980e+00
4.783072574880816497e+00
4.783072985650036024e+00
4.783073396237893959e+00
4.783073806749583490e+00
4.783074217079776425e+00
4.783074627333693485e+00
4.783075037405978946e+00
4.783075447401884617e+00
4.783075857216016580e+00
4.783076266918546260e+00
4.783076676509415925e+00
4.783077085953438612e+00
4.783077495285684044e+00
4.783077904470962594e+00
4.783078313544348426e+00
4.783078722470635924e+00
4.783079131284917018e+00
4.783079539951974546e+00
4.783079948506911094e+00
4.783080356949676926e+00
4.783080765209843932e+00
4.783081173392907282e+00
4.783081581428429985e+00
4.783081989316349869e+00
4.783082397091802385e+00
4.783082804754734241e+00
4.783083212269878537e+00
4.783083619672387599e+00
4.783084026926979426e+00
4.783084434068821444e+00
4.783084841097858586e+00
4.783085247978793753e+00
4.783085654711560331e+00
4.783086061331344396e+00
4.783086467838090883e+00
4.783086874196483151e+00
4.783087280441725042e+00
4.783087686573759711e+00
4.783088092557253646e+00
4.783088498427432000e+00
4.783088904148938170e+00
4.783089309757010632e+00
4.783089715216286564e+00
4.783090120562007996e+00
4.783090525794126080e+00
4.783090930912583971e+00
4.783091335882003747e+00
4.783091740702313466e+00
4.783092145408787133e+00
4.783092550001367016e+00
4.783092954480002490e+00
4.783093358809286322e+00
4.783093763024508505e+00
4.783094167090248483e+00
4.783094571041814014e+00
4.783094974879147365e+00
4.783095378566812883e+00
4.783095782175519339e+00
4.783096185599049477e+00
4.783096588943513083e+00
4.783096992138066383e+00
4.783097395182637435e+00
4.783097798147991853e+00
4.783098200963241453e+00
4.783098603663757054e+00
4.783099006214042603e+00
4.783099408649471584e+00
4.783099810969989818e+00
4.783100213175542237e+00
4.783100615230623021e+00
4.783101017170621638e+00
4.783101418995485687e+00
4.783101820669689808e+00
4.783102222228641232e+00
4.783102623672285780e+00
4.783103024965086547e+00
4.783103426177955697e+00
4.783103827204362446e+00
4.783104228150730997e+00
4.783104628981517337e+00
4.783105029661149921e+00
4.783105430225084831e+00
4.783105830637738975e+00
4.783106230970100903e+00
4.783106631151065713e+00
4.783107031216107252e+00
4.783107431129621112e+00
4.783107830962643803e+00
4.783108230644020686e+00
4.783108630209243373e+00
4.783109029622696795e+00
4.783109428955454767e+00
4.783109828136320907e+00
4.783110227200809916e+00
4.783110626148864952e+00
4.783111024944844303e+00
4.783111423659876849e+00
4.783111822222707588e+00
4.783112220668882308e+00
4.783112618998352161e+00
4.783113017175431914e+00
4.783113415271312618e+00
4.783113813214688648e+00
4.783114211041123554e+00
4.783114608750576480e+00
4.783115006307331996e+00
4.783115403782637109e+00
4.783115801105126685e+00
4.783116198310399803e+00
4.783116595398404947e+00
4.783116992333409812e+00
4.783117389186705815e+00
4.783117785886882523e+00
4.783118182505256222e+00
4.783118578970392498e+00
4.783118975317922406e+00
4.783119371547792653e+00
4.783119767624235408e+00
4.783120163618622023e+00
4.783120559459459464e+00
4.783120955182409872e+00
4.783121350787422621e+00
4.783121746274440866e+00
4.783122141643407765e+00
4.783122536894278021e+00
4.783122932026990348e+00
4.783123327005718295e+00
4.783123721866175515e+00
4.783124116644080104e+00
4.783124511267828005e+00
4.783124905773138202e+00
4.783125300159953852e+00
4.783125694428221664e+00
4.783126088577888346e+00
4.783126482573089255e+00
4.783126876485384038e+00
4.783127270243094031e+00
4.783127663917800199e+00
4.783128057437799008e+00
4.783128450838857404e+00
4.783128844120927425e+00
4.783129237319796445e+00
4.783129630363717411e+00
4.783130023288485688e+00
4.783130416094039106e+00
4.783130808744457951e+00
4.783131201311419112e+00
4.783131593759008204e+00
4.783131986087168386e+00
4.783132378259949746e+00
4.783132770349078022e+00
4.783133162318615739e+00
4.783133554132597887e+00
4.783133945862775960e+00
4.783134337437279449e+00
4.783134728927885604e+00
4.783135120262693718e+00
4.783135511513506799e+00
4.783135902608399270e+00
4.783136293619199009e+00
4.783136684473960010e+00
4.783137075208567346e+00
4.783137465858935400e+00
4.783137856353080863e+00
4.783138246726911902e+00
4.783138637016352668e+00
4.783139027149392319e+00
4.783139417197942223e+00
4.783139807089970219e+00
4.783140196897412544e+00
4.783140586548210393e+00
4.783140976114321319e+00
4.783141365523669641e+00
4.783141754848229787e+00
4.783142144015907427e+00
4.783142533098700078e+00
4.783142922024484989e+00
4.783143310865288989e+00
4.783143699585014730e+00
4.783144088183615139e+00
4.783144476624963559e+00
4.783144864981131228e+00
4.783145253216002146e+00
4.783145641329524800e+00
4.783146029321641457e+00
4.783146417192296163e+00
4.783146804977530309e+00
4.783147192605103015e+00
4.783147580111050345e+00
4.783147967531427014e+00
4.783148354793961943e+00
4.783148741970825846e+00
4.783149129025852986e+00
4.783149515922854533e+00
4.783149902734034953e+00
4.783150289423216961e+00
4.783150675990338385e+00
4.783151062435345935e+00
4.783151448794347615e+00
4.783151834994967544e+00
4.783152221073307508e+00
4.783152607065490614e+00
4.783152992935294279e+00
4.783153378682661661e+00
4.783153764307540357e+00
4.783154149809871747e+00
4.783154535189600765e+00
4.783154920446671454e+00
4.783155305617246889e+00
4.783155690628841938e+00
4.783156075553838704e+00
4.783156460355971973e+00
4.783156845035174243e+00
4.783157229591401993e+00
4.783157614060838725e+00
4.783157998370941577e+00
4.783158382594154823e+00
4.783158766694182162e+00
4.783159150670957871e+00
4.783159534524430434e+00
4.783159918254543008e+00
4.783160301861242303e+00
4.783160685380763333e+00
4.783161068776767166e+00
4.783161452049201401e+00
4.783161835198006528e+00
4.783162218259445986e+00
4.783162601160833916e+00
4.783162983974753146e+00
4.783163366664832772e+00
4.783163749231016837e+00
4.783164131709590983e+00
4.783164514027821390e+00
4.783164896258341514e+00
4.783165278364750250e+00
4.783165660346994308e+00
4.783166042241389526e+00
4.783166423975142578e+00
4.783166805620943762e+00
4.783167187142367105e+00
4.783167568575747985e+00
4.783167949848251332e+00
4.783168331032610965e+00
4.783168712092378705e+00
4.783169093027499486e+00
4.783169473874335331e+00
4.783169854596422965e+00
4.783170235193702879e+00
4.783170615666122671e+00
4.783170996050066570e+00
4.783171376272600028e+00
4.783171756406554564e+00
4.783172136451891987e+00
4.783172516335643998e+00
4.783172896130676754e+00
4.783173275800475466e+00
4.783173655381466993e+00
4.783174034800634189e+00
4.783174414130892060e+00
4.783174793335699171e+00
4.783175172451505475e+00
4.783175551441760653e+00
4.783175930306408752e+00
4.783176309045395591e+00
4.783176687695186224e+00
4.783177066219210793e+00
4.783177444617414231e+00
4.783177822926281131e+00
4.783178201109222094e+00
4.783178579166185607e+00
4.783178957133667808e+00
4.783179334938505889e+00
4.783179712690326824e+00
4.783180090279394392e+00
4.783180467778787026e+00
4.783180845151880689e+00
4.783181222435208824e+00
4.783181599555544672e+00
4.783181976586011963e+00
4.783182353526570729e+00
4.783182730340571176e+00
4.783183107027954684e+00
4.783183483625289334e+00
4.783183860059276427e+00
4.783184236439744552e+00
4.783184612656750545e+00
4.783184988783514058e+00
4.783185364783345328e+00
4.783185740692834642e+00
4.783186116475288685e+00
4.783186492167316395e+00
4.783186867695530253e+00
4.783187243169892966e+00
4.783187618480324588e+00
4.783187993700137142e+00
4.783188368792591127e+00
4.783188743794331010e+00
4.783189118668610185e+00
4.783189493452084662e+00
4.783189868071276329e+00
4.783190242636283784e+00
4.783190617036896519e+00
4.783190991383240664e+00
4.783191365565073738e+00
4.783191739655816122e+00
4.783192113618674135e+00
4.783192487490346423e+00
4.783192861234030424e+00
4.783193234886436329e+00
4.783193608410751807e+00
4.783193981806920902e+00
4.783194355111663576e+00
4.783194728288158615e+00
4.783195101373138414e+00
4.783195474329763108e+00
4.783195847194780193e+00
4.783196219931340920e+00
4.783196592539384895e+00
4.783196965055673822e+00
4.783197337443347408e+00
4.783197709739173575e+00
4.783198081906279597e+00
4.783198453981443166e+00
4.783198825927787112e+00
4.783199197782096235e+00
4.783199569507477378e+00
4.783199941140733102e+00
4.783200312644955154e+00
4.783200684020087579e+00
4.783201055302951588e+00
4.783201426493503661e+00
4.783201797554817780e+00
4.783202168486827333e+00
4.783202539326385505e+00
4.783202910073447001e+00
4.783203280691060044e+00
4.783203651179165128e+00
4.783204021574626097e+00
4.783204391840478742e+00
4.783204762013594902e+00
4.783205132093940826e+00
4.783205502044515001e+00
4.783205871865274794e+00
4.783206241593110697e+00
4.783206611227988958e+00
4.783206980732892966e+00
4.783207350107767653e+00
4.783207719389535484e+00
4.783208088578152939e+00
4.783208457636590083e+00
4.783208826601786257e+00
4.783209195436695538e+00
4.783209564178267925e+00
4.783209932789453056e+00
4.783210301307207146e+00
4.783210669694465622e+00
4.783211037988200687e+00
4.783211406188370596e+00
4.783211774257893900e+00
4.783212142196713756e+00
4.783212510078872270e+00
4.783212877793177498e+00
4.783213245450737006e+00
4.783213612977395890e+00
4.783213980373092866e+00
4.783214347674848099e+00
4.783214714882621621e+00
4.783215081959282244e+00
4.783215448904771350e+00
4.783215815793231407e+00
4.783216182550426687e+00
4.783216549176299459e+00
4.783216915707906303e+00
4.783217282145206362e+00
4.783217648451030257e+00
4.783218014662453221e+00
4.783218380779433510e+00
4.783218746764786644e+00
4.783219112618455782e+00
4.783219478414682868e+00
4.783219844079134475e+00
4.783220209611745766e+00
4.783220575049632828e+00
4.783220940392750364e+00
4.783221305641058407e+00
4.783221670757324517e+00
4.783222035741498068e+00
4.783222400667909824e+00
4.783222765462129544e+00
4.783223130124102163e+00
4.783223494690980182e+00
4.783223859162719194e+00
4.783224223539283670e+00
4.783224587783395876e+00
4.783224951932236735e+00
4.783225315948518741e+00
4.783225679869437030e+00
4.783226043694942753e+00
4.783226407387738632e+00
4.783226770985031351e+00
4.783227134486778276e+00
4.783227497892934998e+00
4.783227861166180261e+00
4.783228224306458998e+00
4.783228587388288489e+00
4.783228950337057306e+00
4.783229313190002330e+00
4.783229675909777434e+00
4.783230038533635486e+00
4.783230401061535630e+00
4.783230763493435234e+00
4.783231125791963301e+00
4.783231487994396680e+00
4.783231850063348389e+00
4.783232212073456502e+00
4.783232573949989686e+00
4.783232935730246993e+00
4.783233297376821902e+00
4.783233658927030341e+00
4.783234020380821683e+00
4.783234381738158625e+00
4.783234742961612440e+00
4.783235104088513268e+00
4.783235465118821139e+00
4.783235826015091341e+00
4.783236186814673552e+00
4.783236547517521586e+00
4.783236908123593700e+00
4.783237268595430081e+00
4.783237628970395505e+00
4.783237989248447342e+00
4.783238349429543845e+00
4.783238709476200334e+00
4.783239069425798462e+00
4.783239429278308918e+00
4.783239789033682854e+00
4.783240148654408053e+00
4.783240508177906136e+00
4.783240867604124702e+00
4.783241226933028223e+00
4.783241586127081391e+00
4.783241945261216266e+00
4.783242304222906860e+00
4.783242663124593896e+00
4.783243021928737626e+00
4.783243380597785865e+00
4.783243739169188657e+00
4.783244097642914916e+00
4.783244456018918456e+00
4.783244814259617783e+00
4.783245172402496692e+00
4.783245530447515215e+00
4.783245888394627165e+00
4.783246246243791688e+00
4.783246603957400644e+00
4.783246961572963585e+00
4.783247319090442318e+00
4.783247676509787993e+00
4.783248033830963308e+00
4.783248391016329037e+00
4.783248748141023299e+00
4.783249105129813827e+00
4.783249462020250142e+00
4.783249818774670814e+00
4.783250175468261922e+00
4.783250532025742352e+00
4.783250888484682939e+00
4.783251244882682052e+00
4.783251601106782047e+00
4.783251957269851751e+00
4.783252313334213746e+00
4.783252669262166634e+00
4.783253025091307009e+00
4.783253380821598455e+00
4.783253736452997451e+00
4.783254091985466694e+00
4.783254447418949340e+00
4.783254802715722676e+00
4.783255157951114001e+00
4.783255513049699204e+00
4.783255868049115733e+00
4.783256222949331615e+00
4.783256577750297112e+00
4.783256932451971366e+00
4.783257287016579262e+00
4.783257641519533365e+00
4.783257995885325187e+00
4.783258350151642802e+00
4.783258704318442689e+00
4.783259058385677776e+00
4.783259412353307205e+00
4.783259766221290121e+00
4.783260119989580339e+00
4.783260473620355668e+00
4.783260827189127262e+00
4.783261180620285380e+00
4.783261533951566058e+00
4.783261887182930217e+00
4.783262240314330782e+00
4.783262593345721569e+00
4.783262946277068828e+00
4.783263299108320155e+00
4.783263651839434694e+00
4.783264004470369812e+00
4.783264356963242925e+00
4.783264709393679759e+00
4.783265061685956887e+00
4.783265413877872518e+00
4.783265766007237296e+00
4.783266117998299372e+00
4.783266469888863170e+00
4.783266821678886060e+00
4.783267173368328962e+00
4.783267524957146577e+00
4.783267876445296274e+00
4.783268227832728314e+00
4.783268579119407171e+00
4.783268930305283106e+00
4.783269281352399815e+00
4.783269632336540234e+00
4.783269983219750721e+00
4.783270333964050991e+00
4.783270684645263060e+00
4.783271035187468101e+00
4.783271385666504116e+00
4.783271736006434516e+00
4.783272086283123059e+00
4.783272436420610951e+00
4.783272786494773499e+00
4.783273136429635919e+00
4.783273486263119878e+00
4.783273836033170134e+00
4.783274185663768385e+00
4.783274535192857613e+00
4.783274884658395898e+00
4.783275233984336516e+00
4.783275583208633996e+00
4.783275932369265959e+00
4.783276281390153706e+00
4.783276630309268640e+00
4.783276979164602594e+00
4.783277327880043117e+00
4.783277676493571384e+00
4.783278025043212089e+00
4.783278373452809262e+00
4.783278721798431832e+00
4.783279070003915834e+00
4.783279418145347961e+00
4.783279766146539380e+00
4.783280114045519227e+00
4.783280461880331735e+00
4.783280809612856288e+00
4.783281157204939404e+00
4.783281504732743272e+00
4.783281852120008892e+00
4.783282199442917992e+00
4.783282546663313539e+00
4.783282893781154677e+00
4.783283240796398772e+00
4.783283587708995199e+00
4.783283934480757615e+00
4.783284281187932585e+00
4.783284627830488134e+00
4.783284974332070227e+00
4.783285320730787937e+00
4.783285667026596855e+00
4.783286013219453459e+00
4.783286359347499683e+00
4.783286705334321098e+00
4.783287051256255751e+00
4.783287397036863453e+00
4.783287742752513338e+00
4.783288088364951562e+00
4.783288433874137269e+00
4.783288779280026048e+00
4.783289124582577045e+00
4.783289469781740522e+00
4.783289814877475621e+00
4.783290159869736158e+00
4.783290504796730680e+00
4.783290849581914195e+00
4.783291194301756200e+00
4.783291538879688609e+00
4.783291883392198685e+00
4.783292227800979290e+00
4.783292572105982465e+00
4.783292916307171794e+00
4.783293260442796679e+00
4.783293604436216206e+00
4.783293948325693101e+00
4.783294292149476767e+00
4.783294635869232536e+00
4.783294979446591988e+00
4.783295322958150741e+00
4.783295666403876822e+00
4.783296009707068919e+00
4.783296352906007520e+00
4.783296696038997986e+00
4.783297039029301700e+00
4.783297381953582672e+00
4.783297724773435178e+00
4.783298067488830796e+00
4.783298410099712683e+00
4.783298752644425278e+00
4.783299095046158911e+00
4.783299437381643315e+00
4.783299779612450564e+00
4.783300121738535360e+00
4.783300463759851517e+00
4.783300805676355516e+00
4.783301147488004723e+00
4.783301489233179993e+00
4.783301830873418758e+00
4.783302172408675723e+00
4.783302513838909142e+00
4.783302855164073719e+00
4.783303196422576065e+00
4.783303537575929631e+00
4.783303878585629221e+00
4.783304219528541346e+00
4.783304560404652683e+00
4.783304901136964382e+00
4.783305241802390029e+00
4.783305582362408437e+00
4.783305922816973421e+00
4.783306263166043237e+00
4.783306603409570812e+00
4.783306943586027593e+00
4.783307283656862197e+00
4.783307623622031102e+00
4.783307963481489011e+00
4.783308303235188852e+00
4.783308642921633158e+00
4.783308982502239459e+00
4.783309321976968675e+00
4.783309661345774622e+00
4.783310000647167826e+00
4.783310339803989564e+00
4.783310678893323953e+00
4.783311017915148788e+00
4.783311356792259161e+00
4.783311695601770275e+00
4.783312034305065019e+00
4.783312372902095433e+00
4.783312711392816219e+00
4.783313049815796525e+00
4.783313388132385491e+00
4.783313726342544037e+00
4.783314064446220648e+00
4.783314402482012895e+00
4.783314740411238830e+00
4.783315078233862927e+00
4.783315415949843441e+00
4.783315753597777942e+00
4.783316091138987147e+00
4.783316428573422208e+00
4.783316765901039602e+00
4.783317103160467987e+00
4.783317440312996105e+00
4.783317777358581324e+00
4.783318114297177459e+00
4.783318451167435370e+00
4.783318787930624261e+00
4.783319124625411867e+00
4.783319461174331266e+00
4.783319797654772998e+00
4.783320134027964521e+00
4.783320470332609098e+00
4.783320806491194510e+00
4.783321142581143270e+00
4.783321478602435839e+00
4.783321814477523581e+00
4.783322150283871643e+00
4.783322486021448938e+00
4.783322821612681075e+00
4.783323157135066062e+00
4.783323492549785172e+00
4.783323827895584301e+00
4.783324163094849091e+00
4.783324498225111299e+00
4.783324833286346056e+00
4.783325168239711545e+00
4.783325503085164243e+00
4.783325837822655302e+00
4.783326172490967032e+00
4.783326507051240739e+00
4.783326841503427573e+00
4.783327175886324056e+00
4.783327510161056395e+00
4.783327844327574851e+00
4.783328178424699928e+00
4.783328512413527633e+00
4.783328846294018000e+00
4.783329180105000411e+00
4.783329513807569100e+00
4.783329847401666335e+00
4.783330180926150810e+00
4.783330514342083895e+00
4.783330847649434503e+00
4.783331180887050671e+00
4.783331514015996433e+00
4.783331847075145582e+00
4.783332180025539948e+00
4.783332512867140451e+00
4.783332845599892913e+00
4.783333178262700436e+00
4.783333510855531046e+00
4.783333843300447086e+00
4.783334175675302724e+00
4.783334507980073980e+00
4.783334840175756497e+00
4.783335172262305868e+00
4.783335504239680347e+00
4.783335836146810571e+00
4.783336167983677001e+00
4.783336499672248721e+00
4.783336831329477512e+00
4.783337162838319223e+00
4.783337494276742596e+00
4.783337825605698868e+00
4.783338156864165747e+00
4.783338488013082035e+00
4.783338819091440541e+00
4.783339150060166745e+00
4.783339480919218012e+00
4.783339811707600475e+00
4.783340142386221849e+00
4.783340472955041278e+00
4.783340803453079104e+00
4.783341133880306018e+00
4.783341464197611081e+00
4.783341794404951663e+00
4.783342124502279802e+00
4.783342454528643373e+00
4.783342784484014842e+00
4.783343114329258405e+00
4.783343444064323435e+00
4.783343773728286230e+00
4.783344103281993220e+00
4.783344432764525145e+00
4.783344762136715111e+00
4.783345091437663399e+00
4.783345420628189792e+00
4.783345749708248995e+00
4.783346078716951055e+00
4.783346407615106877e+00
4.783346736441835390e+00
4.783347065157933287e+00
4.783347393802531045e+00
4.783347722336420027e+00
4.783348050798737816e+00
4.783348379150265117e+00
4.783348707390947752e+00
4.783349035559953499e+00
4.783349363657248610e+00
4.783349691604363407e+00
4.783350019518912255e+00
4.783350347322422813e+00
4.783350675014844455e+00
4.783351002635375160e+00
4.783351330144737013e+00
4.783351657582134209e+00
4.783351984908279952e+00
4.783352312162393538e+00
4.783352639305172183e+00
4.783352966375843174e+00
4.783353293335101952e+00
4.783353620222180247e+00
4.783353946997764616e+00
4.783354273701099224e+00
4.783354600292854641e+00
4.783354926772983795e+00
4.783355253220062053e+00
4.783355579516127776e+00
4.783355905739760772e+00
4.783356231890932619e+00
4.783356557930275699e+00
4.783356883897083911e+00
4.783357209751983419e+00
4.783357535534283222e+00
4.783357861204583727e+00
4.783358186802209921e+00
4.783358512287764874e+00
4.783358837700569133e+00
4.783359163040593387e+00
4.783359488268426496e+00
4.783359813384023163e+00
4.783360138426725250e+00
4.783360463357108294e+00
4.783360788214526593e+00
4.783361112998950837e+00
4.783361437670935246e+00
4.783361762269853656e+00
4.783362086756249631e+00
4.783362411169508555e+00
4.783362735470161553e+00
4.783363059697605557e+00
4.783363383812361036e+00
4.783363707853837354e+00
4.783364031782539882e+00
4.783364355637892196e+00
4.783364679419857879e+00
4.783365003088935197e+00
4.783365326684557495e+00
4.783365650167205274e+00
4.783365973576327868e+00
4.783366296872394230e+00
4.783366620094857247e+00
4.783366943243692937e+00
4.783367266279356045e+00
4.783367589241313667e+00
4.783367912090015217e+00
4.783368234864942004e+00
4.783368557526526565e+00
4.783368880114266197e+00
4.783369202628127148e+00
4.783369525028525970e+00
4.783369847354976834e+00
4.783370169567883856e+00
4.783370491706769201e+00
4.783370813771601782e+00
4.783371135722772394e+00
4.783371457599816523e+00
4.783371779363115195e+00
4.783372101052215442e+00
4.783372422667088841e+00
4.783372744168095991e+00
4.783373065594803464e+00
4.783373386907555869e+00
4.783373708145943759e+00
4.783374029309920950e+00
4.783374350359830274e+00
4.783374671335265838e+00
4.783374992196545605e+00
4.783375312983278782e+00
4.783375633695430729e+00
4.783375954293310528e+00
4.783376274816536267e+00
4.783376595265078635e+00
4.783376915599228951e+00
4.783377235858623955e+00
4.783377556003542530e+00
4.783377876073628521e+00
4.783378196068859722e+00
4.783378515989197055e+00
4.783378835794900752e+00
4.783379155485925516e+00
4.783379475141663839e+00
4.783379794682653952e+00
4.783380114108840786e+00
4.783380433499654139e+00
4.783380752775596712e+00
4.783381071936615214e+00
4.783381391022427209e+00
4.783381710032987399e+00
4.783382028968271804e+00
4.783382347788482036e+00
4.783382666533340100e+00
4.783382985202820237e+00
4.783383303757100080e+00
4.783383622235929167e+00
4.783383940599474471e+00
4.783384258887492635e+00
4.783384577099953461e+00
4.783384895236824974e+00
4.783385213258258162e+00
4.783385531204029206e+00
4.783385849074106133e+00
4.783386166828621278e+00
4.783386484507373027e+00
4.783386802110324965e+00
4.783387119597596993e+00
4.783387437008995491e+00
4.783387754344492038e+00
4.783388071564186106e+00
4.783388388747779274e+00
4.783388705815497133e+00
4.783389022767289056e+00
4.783389339643001392e+00
4.783389656442602167e+00
4.783389973166061182e+00
4.783390289773437942e+00
4.783390606304594783e+00
4.783390922759505948e+00
4.783391239138136797e+00
4.783391555400529960e+00
4.783391871586567312e+00
4.783392187696220432e+00
4.783392503689512409e+00
4.783392819606346436e+00
4.783393135446690536e+00
4.783393451210516290e+00
4.783393766857818363e+00
4.783394082428526595e+00
4.783394397922604568e+00
4.783394713300048728e+00
4.783395028600788912e+00
4.783395343824798474e+00
4.783395658972042774e+00
4.783395974002489837e+00
4.783396288996109469e+00
4.783396603872856367e+00
4.783396918632679018e+00
4.783397233355588085e+00
4.783397547961500074e+00
4.783397862490405217e+00
4.783398176902232457e+00
4.783398491277027098e+00
4.783398805534665676e+00
4.783399119715161518e+00
4.783399433818486202e+00
4.783399747804530477e+00
4.783400061713326323e+00
4.783400375544844429e+00
4.783400689299049269e+00
4.783401002975907979e+00
4.783401316535297099e+00
4.783401630017263706e+00
4.783401943421784708e+00
4.783402256748821912e+00
4.783402569958227879e+00
4.783402883090078106e+00
4.783403196144337954e+00
4.783403509120985220e+00
4.783403821979830717e+00
4.783404134801137353e+00
4.783404447504575607e+00
4.783404760130255617e+00
4.783405072637982869e+00
4.783405385108048691e+00
4.783405697460085371e+00
4.783406009734228803e+00
4.783406321930445237e+00
4.783406634048703587e+00
4.783406946048774699e+00
4.783407258011017404e+00
4.783407569854993824e+00
4.783407881620873603e+00
4.783408193268404496e+00
4.783408504877991518e+00
4.783408816369153271e+00
4.783409127782080716e+00
4.783409439116740103e+00
4.783409750373101232e+00
4.783410061551132131e+00
4.783410372610541472e+00
4.783410683591545975e+00
4.783410994534381011e+00
4.783411305318206352e+00
4.783411616063802718e+00
4.783411926730859243e+00
4.783412237279065948e+00
4.783412547748662647e+00
4.783412858179919347e+00
4.783413168451899011e+00
4.783413478685476505e+00
4.783413788840317871e+00
4.783414098876065168e+00
4.783414408873332135e+00
4.783414718751430428e+00
4.783415028550654036e+00
4.783415338230621039e+00
4.783415647871989584e+00
4.783415957434386634e+00
4.783416266877416057e+00
4.783416576241398488e+00
4.783416885526301954e+00
4.783417194732093591e+00
4.783417503858741426e+00
4.783417812906215261e+00
4.783418121834078107e+00
4.783418430723101800e+00
4.783418739492442562e+00
4.783419048182466327e+00
4.783419356793142008e+00
4.783419665324438519e+00
4.783419973776322109e+00
4.783420282148762581e+00
4.783420590401287420e+00
4.783420898614734185e+00
4.783421206708193374e+00
4.783421514722062007e+00
4.783421822656321432e+00
4.783422130510929016e+00
4.783422438285853673e+00
4.783422745981066981e+00
4.783423053556049354e+00
4.783423361091731607e+00
4.783423668507110094e+00
4.783423975883135171e+00
4.783424283138778321e+00
4.783424590314502289e+00
4.783424897410277765e+00
4.783425204426067445e+00
4.783425511361842908e+00
4.783425818217570402e+00
4.783426124952675274e+00
4.783426431648207355e+00
4.783426738223040431e+00
4.783427044758239433e+00
4.783427351172670150e+00
4.783427657506844177e+00
4.783427963760733093e+00
4.783428269934306698e+00
4.783428576027524137e+00
4.783428882040360541e+00
4.783429187972781271e+00
4.783429493824753465e+00
4.783429799596243370e+00
4.783430105246613273e+00
4.783430410857035575e+00
4.783430716346263267e+00
4.783431021795493621e+00
4.783431327123447652e+00
4.783431632370714226e+00
4.783431937577906190e+00
4.783432242663706369e+00
4.783432547668722279e+00
4.783432852592919282e+00
4.783433157436267180e+00
4.783433462198733999e+00
4.783433766880279769e+00
4.783434071480880512e+00
4.783434376000502475e+00
4.783434680398414685e+00
4.783434984755970731e+00
4.783435289032444970e+00
4.783435593227809868e+00
4.783435897301315798e+00
4.783436201334352766e+00
4.783436505245456161e+00
4.783436809116035526e+00
4.783437112864604934e+00
4.783437416572597023e+00
4.783437720158499218e+00
4.783438023703772579e+00
4.783438327126882328e+00
4.783438630509300182e+00
4.783438933769479817e+00
4.783439236948144213e+00
4.783439540086042108e+00
4.783439843101580102e+00
4.783440146035507823e+00
4.783440448887787966e+00
4.783440751699190585e+00
4.783441054388084979e+00
4.783441356995231430e+00
4.783441659520599742e+00
4.783441962004983949e+00
4.783442264366703611e+00
4.783442566646545657e+00
4.783442868844478113e+00
4.783443171001314553e+00
4.783443473035335458e+00
4.783443774987347297e+00
4.783444076857317206e+00
4.783444378686080967e+00
4.783444680391876425e+00
4.783444982015527813e+00
4.783445283557006711e+00
4.783445585057170213e+00
4.783445886434209093e+00
4.783446187728973342e+00
4.783446488982345812e+00
4.783446790112471092e+00
4.783447091160233811e+00
4.783447392166506162e+00
4.783447693049426519e+00
4.783447993890810324e+00
4.783448294608763085e+00
4.783448595285122451e+00
4.783448895837975279e+00
4.783449196349176979e+00
4.783449496777760324e+00
4.783449797082711008e+00
4.783450097345934182e+00
4.783450397526434195e+00
4.783450697624175518e+00
4.783450997639126179e+00
4.783451297530258550e+00
4.783451597379525744e+00
4.783451897145900134e+00
4.783452196829351522e+00
4.783452496470861348e+00
4.783452795988370809e+00
4.783453095422860457e+00
4.783453394774289436e+00
4.783453694042633764e+00
4.783453993268896198e+00
4.783454292370966421e+00
4.783454591430900571e+00
4.783454890366567014e+00
4.783455189260036100e+00
4.783455488070229578e+00
4.783455786756038108e+00
4.783456085399572899e+00
4.783456383959728164e+00
4.783456682436473706e+00
4.783456980829773997e+00
4.783457279139597951e+00
4.783457577365907376e+00
4.783457875549791183e+00
4.783458173608988062e+00
4.783458471625696262e+00
4.783458769517641151e+00
4.783459067367043183e+00
4.783459365091605520e+00
4.783459662773573484e+00
4.783459960371767572e+00
4.783460257886164690e+00
4.783460555316726648e+00
4.783460852663421470e+00
4.783461149967392245e+00
4.783461447146258649e+00
4.783461744282342387e+00
4.783462041293244482e+00
4.783462338261309732e+00
4.783462635145318664e+00
4.783462931904026050e+00
4.783463228619812213e+00
4.783463525292661167e+00
4.783463821840105545e+00
4.783464118303327517e+00
4.783464414723522573e+00
4.783464711018196702e+00
4.783465007269791514e+00
4.783465303437038685e+00
4.783465599519907130e+00
4.783465895518360433e+00
4.783466191432362180e+00
4.783466487261880395e+00
4.783466783006887546e+00
4.783467078708628861e+00
4.783467374325796051e+00
4.783467669817063950e+00
4.783467965264982524e+00
4.783468260628225721e+00
4.783468555948076073e+00
4.783468851141881473e+00
4.783469146250905801e+00
4.783469441316460014e+00
4.783469736297180752e+00
4.783470031193037819e+00
4.783470326003994799e+00
4.783470620730022382e+00
4.783470915371085042e+00
4.783471209968510607e+00
4.783471504439543942e+00
4.783471798866886893e+00
4.783472093209141462e+00
4.783472387466272124e+00
4.783472681679635130e+00
4.783472975766419388e+00
4.783473269809388029e+00
4.783473563725699762e+00
4.783473857598130152e+00
4.783474151385245676e+00
4.783474445128437225e+00
4.783474738744827093e+00
4.783475032317236142e+00
4.783475325762765351e+00
4.783475619164259562e+00
4.783475912480240844e+00
4.783476205752140942e+00
4.783476498897015539e+00
4.783476791997747668e+00
4.783477084971378801e+00
4.783477377900806182e+00
4.783477670786021818e+00
4.783477963544025435e+00
4.783478256257756023e+00
4.783478548844198208e+00
4.783478841386309632e+00
4.783479133842561737e+00
4.783479426254439559e+00
4.783479718538879766e+00
4.783480010778887959e+00
4.783480302932910710e+00
4.783480595000923152e+00
4.783480886982881763e+00
4.783481178878754569e+00
4.783481470730063911e+00
4.783481762495229717e+00
4.783482054174220899e+00
4.783482345767002819e+00
4.783482637315116470e+00
4.783482928776963128e+00
4.783483220152508153e+00
4.783483511441716907e+00
4.783483802644560079e+00
4.783484093802599979e+00
4.783484384832607184e+00
4.783484675817755161e+00
4.783484966758028811e+00
4.783485257570159632e+00
4.783485548337359283e+00
4.783485839017971308e+00
4.783486129611964621e+00
4.783486420119301918e+00
4.783486710581605017e+00
4.783487000915537912e+00
4.783487291204377989e+00
4.783487581448103931e+00
4.783487871563355753e+00
4.783488161633436597e+00
4.783488451616647374e+00
4.783488741512954334e+00
4.783489031364015709e+00
4.783489321086412005e+00
4.783489610763506761e+00
4.783489900353570690e+00
4.783490189898286005e+00
4.783490479314187027e+00
4.783490768684682592e+00
4.783491058009756713e+00
4.783491347205909072e+00
4.783491636356581367e+00
4.783491925420001678e+00
4.783492214396137143e+00
4.783492503284959341e+00
4.783492792128191340e+00
4.783493080884047011e+00
4.783493369552497043e+00
4.783493658175285823e+00
4.783493946668812669e+00
4.783494235116623194e+00
4.783494523518695196e+00
4.783494811791403123e+00
4.783495100018315682e+00
4.783495388157599670e+00
4.783495676251042994e+00
4.783495964214968588e+00
4.783496252132998450e+00
4.783496539963270955e+00
4.783496827747598878e+00
4.783497115444111714e+00
4.783497403052775709e+00
4.783497690573558003e+00
4.783497978048290911e+00
4.783498265435081720e+00
4.783498552733896680e+00
4.783498839944702929e+00
4.783499127109351434e+00
4.783499414185935272e+00
4.783499701174415364e+00
4.783499988116662216e+00
4.783500274970750255e+00
4.783500561736643064e+00
4.783500848456226251e+00
4.783501135087560030e+00
4.783501421630602657e+00
4.783501708085326598e+00
4.783501994493633447e+00
4.783502280813561214e+00
4.783502567087029256e+00
4.783502853230098495e+00
4.783503139326647613e+00
4.783503425376661511e+00
4.783503711296166472e+00
4.783503997169077593e+00
4.783504282953384035e+00
4.783504568691051340e+00
4.783504854340057122e+00
4.783505139900372072e+00
4.783505425413966172e+00
4.783505710838809932e+00
4.783505996174862496e+00
4.783506281422098105e+00
4.783506566622506284e+00
4.783506851734032672e+00
4.783507136798690773e+00
4.783507421774406687e+00
4.783507706661152881e+00
4.783507991458888498e+00
4.783508276209645693e+00
4.783508560871337245e+00
4.783508845486002414e+00
4.783509130011541544e+00
4.783509414447919994e+00
4.783509698795107568e+00
4.783509983095161289e+00
4.783510267305962849e+00
4.783510551469579042e+00
4.783510835543888007e+00
4.783511119528849775e+00
4.783511403466553347e+00
4.783511687314851102e+00
4.783511971073710178e+00
4.783512254785232898e+00
4.783512538407255654e+00
4.783512821939748250e+00
4.783513105424826328e+00
4.783513388820314738e+00
4.783513672168341557e+00
4.783513955384545824e+00
4.783514238595406809e+00
4.783514521674375075e+00
4.783514804705776058e+00
4.783515087689591994e+00
4.783515370541405076e+00
4.783515653345571828e+00
4.783515936102079813e+00
4.783516218768685491e+00
4.783516501345362215e+00
4.783516783832070018e+00
4.783517066271008034e+00
4.783517348662157609e+00
4.783517630921013897e+00
4.783517913132022237e+00
4.783518195295164865e+00
4.783518477368161825e+00
4.783518759350978478e+00
4.783519041285853923e+00
4.783519323130489553e+00
4.783519604884850729e+00
4.783519886591190762e+00
4.783520168207197720e+00
4.783520449775140015e+00
4.783520731252681735e+00
4.783521012639799785e+00
4.783521293978771460e+00
4.783521575227255518e+00
4.783521856427544350e+00
4.783522137537287833e+00
4.783522418556448663e+00
4.783522699527337885e+00
4.783522980407585834e+00
4.783523261239510660e+00
4.783523541980739147e+00
4.783523822631233102e+00
4.783524103233325775e+00
4.783524383744623520e+00
4.783524664207473798e+00
4.783524944579471416e+00
4.783525224902970052e+00
4.783525505135556521e+00
4.783525785277196185e+00
4.783526065370256930e+00
4.783526345372314914e+00
4.783526625325746018e+00
4.783526905188113076e+00
4.783527184959375234e+00
4.783527464681936792e+00
4.783527744313335717e+00
4.783528023895984305e+00
4.783528303387412528e+00
4.783528582830038900e+00
4.783528862181387176e+00
4.783529141483886526e+00
4.783529420695042944e+00
4.783529699814826230e+00
4.783529978885683320e+00
4.783530257865103330e+00
4.783530536795547405e+00
4.783530815634497557e+00
4.783531094424423813e+00
4.783531373122794861e+00
4.783531651729576062e+00
4.783531930287251654e+00
4.783532208795808316e+00
4.783532487170155889e+00
4.783532765537864329e+00
4.783533043813832819e+00
4.783533321998035603e+00
4.783533600132988894e+00
4.783533878176111642e+00
4.783534156127366543e+00
4.783534434029297344e+00
4.783534711881879176e+00
4.783534989642510560e+00
4.783535267311158634e+00
4.783535544930379579e+00
4.783535822500156520e+00
4.783536099977863998e+00
4.783536377363465597e+00
4.783536654699544144e+00
4.783536931943456416e+00
4.783537209137795898e+00
4.783537486239910486e+00
4.783537763292403433e+00
4.783538040252608425e+00
4.783538317163146480e+00
4.783538593981335296e+00
4.783538870749805660e+00
4.783539147425868165e+00
4.783539424009491725e+00
4.783539700543315121e+00
4.783539977027318812e+00
4.783540253418797406e+00
4.783540529760409221e+00
4.783540806009431989e+00
4.783541082165834624e+00
4.783541358272293209e+00
4.783541634328778436e+00
4.783541910292560040e+00
4.783542186206325653e+00
4.783542462027323694e+00
4.783542737755519525e+00
4.783543013433618540e+00
4.783543289061603865e+00
4.783543564596701714e+00
4.783543840038875672e+00
4.783544115430855115e+00
4.783544390772620503e+00
4.783544666021378511e+00
4.783544941219874502e+00
4.783545216325299165e+00
4.783545491380412962e+00
4.783545766342395034e+00
4.783546041211214295e+00
4.783546316072446736e+00
4.783546590797652875e+00
4.783546865472414922e+00
4.783547140096716888e+00
4.783547414627708605e+00
4.783547689108187839e+00
4.783547963538138603e+00
4.783548237831842798e+00
4.783548512117810070e+00
4.783548786310321432e+00
4.783549060409339582e+00
4.783549334457696034e+00
4.783549608455374802e+00
4.783549882359476868e+00
4.783550156169960488e+00
4.783550429929684711e+00
4.783550703638635326e+00
4.783550977253879566e+00
4.783551250818297795e+00
4.783551524288954582e+00
4.783551797708733844e+00
4.783552071034690378e+00
4.783552344309720539e+00
4.783552617533802120e+00
4.783552890663974821e+00
4.783553163700205779e+00
4.783553436685408222e+00
4.783553709619563499e+00
4.783553982459687326e+00
4.783554255248718690e+00
4.783554527943655543e+00
4.783554800587445754e+00
4.783555073180070671e+00
4.783555345678518478e+00
4.783555618082752758e+00
4.783555890435741809e+00
4.783556162737461648e+00
4.783556434944884472e+00
4.783556707100991012e+00
4.783556979162737477e+00
4.783557251173117031e+00
4.783557523132111911e+00
4.783557794996657009e+00
4.783558066809766807e+00
4.783558338528373532e+00
4.783558610195488114e+00
4.783558881768037452e+00
4.783559153289049348e+00
4.783559424715431163e+00
4.783559696133303341e+00
4.783559967413416381e+00
4.783560238684977151e+00
4.783560509818704176e+00
4.783560780943844293e+00
4.783561051974181133e+00
4.783561322952792239e+00
4.783561593836542336e+00
4.783561864668508079e+00
4.783562135405552418e+00
4.783562406090770658e+00
4.783562676681001768e+00
4.783562947262500309e+00
4.783563217705810722e+00
4.783563488140348596e+00
4.783563758479787431e+00
4.783564028724094364e+00
4.783564298916403779e+00
4.783564569056690807e+00
4.783564839144942127e+00
4.783565109137946969e+00
4.783565379035669807e+00
4.783565648881273447e+00
4.783565918674738349e+00
4.783566188372833317e+00
4.783566458018738921e+00
4.783566727612434732e+00
4.783566997110675345e+00
4.783567266556654651e+00
4.783567535950354888e+00
4.783567805248511995e+00
4.783568074451089558e+00
4.783568343644559739e+00
4.783568612742401527e+00
4.783568881744576728e+00
4.783569150694317429e+00
4.783569419591610306e+00
4.783569688436429601e+00
4.783569957185471289e+00
4.783570225838697176e+00
4.783570494482667357e+00
4.783570763030772000e+00
4.783571031482974689e+00
4.783571299882552808e+00
4.783571568229488591e+00
4.783571836523761611e+00
4.783572104722017215e+00
4.783572372867559430e+00
4.783572640917023833e+00
4.783572908913723332e+00
4.783573176857638387e+00
4.783573444705389477e+00
4.783573712500303721e+00
4.783573980242359802e+00
4.783574247888166653e+00
4.783574515481066491e+00
4.783574782977651374e+00
4.783575050421281283e+00
4.783575317811927796e+00
4.783575585149577591e+00
4.783575852390803185e+00
4.783576119578976993e+00
4.783576386670664427e+00
4.783576653709251225e+00
4.783576920694716961e+00
4.783577187583606616e+00
4.783577454419323693e+00
4.783577721201849542e+00
4.783577987931165509e+00
4.783578254563789933e+00
4.783578521099689951e+00
4.783578787625763162e+00
4.783579054055059565e+00
4.783579320431023518e+00
4.783579586710147602e+00
4.783579852935885057e+00
4.783580119108217232e+00
4.783580385183622496e+00
4.783580651205572742e+00
4.783580917174043989e+00
4.783581183045501284e+00
4.783581448906951472e+00
4.783581714627810122e+00
4.783581980338621698e+00
4.783582245952302969e+00
4.783582511512367574e+00
4.783582776975241480e+00
4.783583042427998144e+00
4.783583307739950108e+00
4.783583573041748416e+00
4.783583838246243225e+00
4.783584103396971265e+00
4.783584368493917438e+00
4.783584633493472182e+00
4.783584898439189992e+00
4.783585163331053103e+00
4.783585428125435968e+00
4.783585692865912620e+00
4.783585957552460854e+00
4.783586222185060244e+00
4.783586486720068365e+00
4.783586751201077902e+00
4.783587015628064876e+00
4.783587279957370875e+00
4.783587544232605460e+00
4.783587808453748202e+00
4.783588072577122041e+00
4.783588336646350747e+00
4.783588600661416557e+00
4.783588864622299042e+00
4.783589128485296271e+00
4.783589392294057774e+00
4.783589656048564009e+00
4.783589919705097948e+00
4.783590183307321553e+00
4.783590446855219724e+00
4.783590710348768482e+00
4.783590973744229480e+00
4.783591237085289549e+00
4.783591500371930039e+00
4.783591763560393950e+00
4.783592026694384991e+00
4.783592289773883621e+00
4.783592552798869413e+00
4.783592815725563163e+00
4.783593078597694337e+00
4.783593341415237177e+00
4.783593604134401822e+00
4.783593866842706710e+00
4.783594129452581889e+00
4.783594392007776364e+00
4.783594654464478069e+00
4.783594916866448443e+00
4.783595179213668835e+00
4.783595441506116153e+00
4.783595703699956125e+00
4.783595965838973285e+00
4.783596227923144539e+00
4.783596489952452124e+00
4.783596751883035125e+00
4.783597013802547870e+00
4.783597275579431596e+00
4.783597537345204209e+00
4.783597799055998578e+00
4.783598060667925367e+00
4.783598322224825061e+00
4.783598583682795002e+00
4.783598845129563237e+00
4.783599106477354646e+00
4.783599367770022148e+00
4.783599628963641770e+00
4.783599890145995737e+00
4.783600151229250308e+00
4.783600412257289491e+00
4.783600673230091971e+00
4.783600934103707125e+00
4.783601194922032285e+00
4.783601455685048798e+00
4.783601716392732683e+00
4.783601977045064402e+00
4.783602237598069351e+00
4.783602498095673283e+00
4.783602758537848665e+00
4.783603018880608460e+00
4.783603279211868120e+00
4.783603539443658015e+00
4.783603799619932317e+00
4.783604059740664383e+00
4.783604319761838752e+00
4.783604579727422035e+00
4.783604839637392914e+00
4.783605099491730073e+00
4.783605359290412196e+00
4.783605618989398067e+00
4.783605878632673836e+00
4.783606138220225290e+00
4.783606397752024897e+00
4.783606657228061110e+00
4.783606916604251857e+00
4.783607175924620591e+00
4.783607435189149548e+00
4.783607694397814747e+00
4.783607953506521682e+00
4.783608212559311568e+00
4.783608471556167530e+00
4.783608730497066475e+00
4.783608989381988863e+00
4.783609248166809103e+00
4.783609506939705547e+00
4.783609765612450104e+00
4.783610024229122182e+00
4.783610282745574871e+00
4.783610541250036263e+00
4.783610799654224977e+00
4.783611058002247063e+00
4.783611316294084759e+00
4.783611574529713195e+00
4.783611832664953489e+00
4.783612090743933898e+00
4.783612348810800441e+00
4.783612606777203347e+00
4.783612864643099982e+00
4.783613122496827685e+00
4.783613380249999381e+00
4.783613637946772634e+00
4.783613895587128795e+00
4.783614153171043881e+00
4.783614410698502795e+00
4.783614668125259151e+00
4.783614925539728446e+00
4.783615182853442782e+00
4.783615440110604133e+00
4.783615697311188519e+00
4.783615954410930016e+00
4.783616211498295634e+00
4.783616468484765960e+00
4.783616725414563398e+00
4.783616982287668407e+00
4.783617239104062335e+00
4.783617495819441956e+00
4.783617752522340894e+00
4.783618009124173120e+00
4.783618265669198344e+00
4.783618522157396136e+00
4.783618778588738962e+00
4.783619034918904056e+00
4.783619291236482773e+00
4.783619547452823362e+00
4.783619803612220167e+00
4.783620059714648320e+00
4.783620315760092723e+00
4.783620571748525840e+00
4.783620827635579609e+00
4.783621083465571466e+00
4.783621339282842833e+00
4.783621594998655802e+00
4.783621850657340246e+00
4.783622106214501457e+00
4.783622361758867569e+00
4.783622617201658933e+00
4.783622872631622336e+00
4.783623127959955923e+00
4.783623383231025095e+00
4.783623638444812087e+00
4.783623893601292032e+00
4.783624148656024033e+00
4.783624403697828598e+00
4.783624658637828375e+00
4.783624913520427846e+00
4.783625168345607470e+00
4.783625423113340602e+00
4.783625677823610367e+00
4.783625932476395448e+00
4.783626187027207877e+00
4.783626441564949872e+00
4.783626696000667700e+00
4.783626950378804921e+00
4.783627204699337554e+00
4.783627458962246060e+00
4.783627713167510898e+00
4.783627967315108975e+00
4.783628221360507915e+00
4.783628475392703194e+00
4.783628729322647821e+00
4.783628983194829765e+00
4.783629237009226820e+00
4.783629490765817671e+00
4.783629744464585443e+00
4.783629998105502601e+00
4.783630251643998577e+00
4.783630505169153224e+00
4.783630758591829846e+00
4.783631011956563484e+00
4.783631265307902503e+00
4.783631518556689777e+00
4.783631771747467454e+00
4.783632024835623220e+00
4.783632277910315977e+00
4.783632530926937854e+00
4.783632783840854330e+00
4.783633036741260725e+00
4.783633289538911981e+00
4.783633542278393769e+00
4.783633794959684771e+00
4.783634047582766335e+00
4.783634300147613594e+00
4.783634552654205230e+00
4.783634805102521703e+00
4.783635057447886751e+00
4.783635309779582734e+00
4.783635562008272224e+00
4.783635814223260674e+00
4.783636066335189341e+00
4.783636318388697184e+00
4.783636570383776210e+00
4.783636822320394444e+00
4.783637074198528794e+00
4.783637326018164160e+00
4.783637577779279226e+00
4.783637829481850012e+00
4.783638081081130977e+00
4.783638332666543036e+00
4.783638584148610207e+00
4.783638835572037173e+00
4.783639086981549049e+00
4.783639338287637877e+00
4.783639589535016334e+00
4.783639840723669323e+00
4.783640091853575527e+00
4.783640342924708300e+00
4.783640593937052543e+00
4.783640844890582500e+00
4.783641095740487792e+00
4.783641346576319009e+00
4.783641597308475824e+00
4.783641848026526588e+00
4.783642098640846108e+00
4.783642349241024050e+00
4.783642599737418344e+00
4.783642850174818051e+00
4.783643100553196525e+00
4.783643350917373915e+00
4.783643601177656635e+00
4.783643851378855061e+00
4.783644101520951430e+00
4.783644351559057206e+00
4.783644601582870415e+00
4.783644851547516730e+00
4.783645101452971282e+00
4.783645351254326883e+00
4.783645601041325079e+00
4.783645850769072005e+00
4.783646100392637379e+00
4.783646350001797387e+00
4.783646599506726105e+00
4.783646848952300523e+00
4.783647098383418061e+00
4.783647347710227038e+00
4.783647596977614214e+00
4.783647846185561825e+00
4.783648095378986831e+00
4.783648344467994029e+00
4.783648593497491497e+00
4.783648842467464135e+00
4.783649091377886187e+00
4.783649340228736335e+00
4.783649589019995041e+00
4.783649837751636547e+00
4.783650086378657740e+00
4.783650334991001785e+00
4.783650583543663792e+00
4.783650832036624223e+00
4.783651080469859984e+00
4.783651328798337765e+00
4.783651577112058462e+00
4.783651825365990540e+00
4.783652073515078484e+00
4.783652321649360495e+00
4.783652569723790826e+00
4.783652817693291759e+00
4.783653065647940572e+00
4.783653313497609361e+00
4.783653561332393167e+00
4.783653809062139217e+00
4.783654056776963870e+00
4.783654304386707246e+00
4.783654551981491032e+00
4.783654799471132257e+00
4.783655046900692653e+00
4.783655294315249051e+00
4.783655541624580287e+00
4.783655788918879104e+00
4.783656036107892362e+00
4.783656283236717321e+00
4.783656530350454794e+00
4.783656777358832102e+00
4.783657024306950056e+00
4.783657271239934339e+00
4.783657518067474079e+00
4.783657764834690518e+00
4.783658011586721770e+00
4.783658258233227656e+00
4.783658504819345403e+00
4.783658751390230002e+00
4.783658997855503081e+00
4.783659244260321408e+00
4.783659490649858625e+00
4.783659736933703499e+00
4.783659983202234400e+00
4.783660229365020555e+00
4.783660475467238271e+00
4.783660721554094053e+00
4.783660967535119823e+00
4.783661213455515870e+00
4.783661459360493140e+00
4.783661705159564903e+00
4.783661950943185914e+00
4.783662196620844576e+00
4.783662442283019622e+00
4.783662687839177252e+00
4.783662933379819293e+00
4.783663178814386185e+00
4.783663424233407291e+00
4.783663669546298181e+00
4.783663914843606868e+00
4.783664160034732937e+00
4.783664405210245718e+00
4.783664650324825907e+00
4.783664895333140876e+00
4.783665140325792819e+00
4.783665385257444669e+00
4.783665630128082213e+00
4.783665874937680584e+00
4.783666119640875181e+00
4.783666364328318821e+00
4.783666608954658450e+00
4.783666853519868312e+00
4.783667098023927977e+00
4.783667342466814354e+00
4.783667586848506126e+00
4.783667831168985529e+00
4.783668075428218813e+00
4.783668319626193544e+00
4.783668563808282315e+00
4.783668807883673324e+00
4.783669051897735613e+00
4.783669295850451419e+00
4.783669539787210212e+00
4.783669783617161997e+00
4.783670027431127458e+00
4.783670271138232621e+00
4.783670514829315934e+00
4.783670758413480328e+00
4.783671001981591786e+00
4.783671245442727482e+00
4.783671488887777379e+00
4.783671732271267629e+00
4.783671975593175141e+00
4.783672218853475933e+00
4.783672462052149577e+00
4.783672705189172980e+00
4.783672948264523939e+00
4.783673191278180248e+00
4.783673434230120591e+00
4.783673677120320988e+00
4.783673919994280155e+00
4.783674162760942039e+00
4.783674405465799140e+00
4.783674648154362607e+00
4.783674890781083988e+00
4.783675133300398841e+00
4.783675375803369434e+00
4.783675618244439320e+00
4.783675860578013861e+00
4.783676102895195292e+00
4.783676345150398745e+00
4.783676587343615338e+00
4.783676829474807768e+00
4.783677071589552021e+00
4.783677313596649938e+00
4.783677555541661519e+00
4.783677797470171633e+00
4.783678039290951922e+00
4.783678281095198770e+00
4.783678522791657173e+00
4.783678764471549272e+00
4.783679006089231578e+00
4.783679247644682775e+00
4.783679489137881546e+00
4.783679730568804800e+00
4.783679971937437436e+00
4.783680213243741264e+00
4.783680454487704736e+00
4.783680695714975784e+00
4.783680936834192821e+00
4.783681177936683682e+00
4.783681418976751587e+00
4.783681659908678441e+00
4.783681900823832933e+00
4.783682141676500521e+00
4.783682382466654559e+00
4.783682623194275507e+00
4.783682863859339385e+00
4.783683104507554518e+00
4.783683345047444746e+00
4.783683585570449814e+00
4.783683825985077576e+00
4.783684066382786426e+00
4.783684306717814749e+00
4.783684546990140340e+00
4.783684787199740995e+00
4.783685027346594509e+00
4.783685267430678678e+00
4.783685507451968633e+00
4.783685747456232207e+00
4.783685987351878666e+00
4.783686227230464105e+00
4.783686467046172730e+00
4.783686706753182527e+00
4.783686946443078014e+00
4.783687186115854750e+00
4.783687425679853611e+00
4.783687665180871740e+00
4.783687904618881603e+00
4.783688144039699885e+00
4.783688383397485033e+00
4.783688622646349309e+00
4.783688861877975818e+00
4.783689101046492809e+00
4.783689340151878078e+00
4.783689579239986500e+00
4.783689818219047041e+00
4.783690057180796984e+00
4.783690296033440426e+00
4.783690534868741295e+00
4.783690773640786986e+00
4.783691012349549965e+00
4.783691250995010691e+00
4.783691489577149625e+00
4.783691728141866939e+00
4.783691966597295675e+00
4.783692205035268152e+00
4.783692443363895208e+00
4.783692681675031366e+00
4.783692919922717834e+00
4.783693158152893865e+00
4.783693396273620557e+00
4.783693634330833611e+00
4.783693872370477607e+00
4.783694110346573325e+00
4.783694348213107794e+00
4.783694586062026133e+00
4.783694823893321235e+00
4.783695061614981370e+00
4.783695299272976875e+00
4.783695536913299406e+00
4.783695774489921781e+00
4.783696011956799943e+00
4.783696249405951839e+00
4.783696486837365924e+00
4.783696724158962077e+00
4.783696961416749716e+00
4.783697198656748917e+00
4.783697435832899636e+00
4.783697672899120512e+00
4.783697909993573028e+00
4.783698146978043297e+00
4.783698383898576267e+00
4.783698620801233758e+00
4.783698857593827292e+00
4.783699094368508042e+00
4.783699331079171557e+00
4.783699567725789414e+00
4.783699804308346515e+00
4.783700040872929549e+00
4.783700277327297634e+00
4.783700513763657014e+00
4.783700750135868596e+00
4.783700986443914616e+00
4.783701222733916403e+00
4.783701458913563798e+00
4.783701695075129656e+00
4.783701931126291385e+00
4.783702167159333385e+00
4.783702403128080149e+00
4.783702639078690311e+00
4.783702874918787096e+00
4.783703110740715303e+00
4.783703346452067962e+00
4.783703582145213851e+00
4.783703817820144977e+00
4.783704053384433941e+00
4.783704288884257139e+00
4.783704524365813171e+00
4.783704759782867910e+00
4.783704995135396487e+00
4.783705230423380250e+00
4.783705465646794330e+00
4.783705700851865750e+00
4.783705935992334624e+00
4.783706171068173418e+00
4.783706406079360818e+00
4.783706641025876394e+00
4.783706875907693501e+00
4.783707110771078241e+00
4.783707345569727210e+00
4.783707580303623530e+00
4.783707814972744110e+00
4.783708049623365710e+00
4.783708284162864643e+00
4.783708518683839728e+00
4.783708753139947589e+00
4.783708987531177570e+00
4.783709221857504801e+00
4.783709456165238905e+00
4.783709690408036508e+00
4.783709924585868301e+00
4.783710158698720960e+00
4.783710392746561624e+00
4.783710626775734553e+00
4.783710860739866177e+00
4.783711094592555391e+00
4.783711328472902480e+00
4.783711562241766302e+00
4.783711795991885118e+00
4.783712029630459384e+00
4.783712263250253116e+00
4.783712496804853664e+00
4.783712730340650587e+00
4.783712963764800818e+00
4.783713197170111897e+00
4.783713430510148079e+00
4.783713663784885384e+00
4.783713897040741791e+00
4.783714130184821833e+00
4.783714363309982787e+00
4.783714596369764038e+00
4.783714829410605773e+00
4.783715062339566337e+00
4.783715295249553634e+00
4.783715528094073299e+00
4.783715760873112011e+00
4.783715993586644011e+00
4.783716226281139683e+00
4.783716458910094005e+00
4.783716691473482996e+00
4.783716923971279122e+00
4.783717156403469062e+00
4.783717388816542737e+00
4.783717621163970257e+00
4.783717853445725865e+00
4.783718085708329681e+00
4.783718317858680180e+00
4.783718549989841584e+00
4.783718782055252028e+00
4.783719014054883978e+00
4.783719246035285089e+00
4.783719477949875731e+00
4.783719709798631037e+00
4.783719941581529689e+00
4.783720173298548595e+00
4.783720404996254061e+00
4.783720636628045142e+00
4.783720868193900522e+00
4.783721099693790890e+00
4.783721331174311864e+00
4.783721562588833187e+00
4.783721793937333544e+00
4.783722025219789842e+00
4.783722256482814572e+00
4.783722487679762381e+00
4.783722718810603070e+00
4.783722949875318875e+00
4.783723180920544493e+00
4.783723411852942142e+00
4.783723642765815853e+00
4.783723873659156745e+00
4.783724104439590619e+00
4.783724335200457034e+00
4.783724565895056458e+00
4.783724796523368461e+00
4.783725027132067709e+00
4.783725257674438680e+00
4.783725488150460059e+00
4.783725718560109641e+00
4.783725948950085183e+00
4.783726179226921005e+00
4.783726409484050812e+00
4.783726639721469276e+00
4.783726869845669860e+00
4.783727099950120021e+00
4.783727329988057164e+00
4.783727560006218127e+00
4.783727789911056405e+00
4.783728019796090969e+00
4.783728249614524586e+00
4.783728479413123402e+00
4.783728709098295617e+00
4.783728938763601946e+00
4.783729168362224726e+00
4.783729397940954087e+00
4.783729627452966149e+00
4.783729856898238708e+00
4.783730086276749560e+00
4.783730315635303043e+00
4.783730544880224755e+00
4.783730774105151795e+00
4.783731003310079721e+00
4.783731232401303046e+00
4.783731461472483737e+00
4.783731690476767717e+00
4.783731919460983306e+00
4.783732148378261329e+00
4.783732377228576027e+00
4.783732606011903421e+00
4.783732834775108245e+00
4.783733063424397081e+00
4.783733292100427192e+00
4.783733520662491578e+00
4.783733749204373886e+00
4.783733977679150762e+00
4.783734206086796448e+00
4.783734434427289628e+00
4.783734662747537669e+00
4.783734891000601230e+00
4.783735119233393007e+00
4.783735347352007672e+00
4.783735575450320354e+00
4.783735803528319508e+00
4.783736031492068719e+00
4.783736259435467097e+00
4.783736487311537111e+00
4.783736715167234976e+00
4.783736942908572765e+00
4.783737170629502877e+00
4.783737398330017321e+00
4.783737625916098857e+00
4.783737853481725644e+00
4.783738080979881957e+00
4.783738308457558652e+00
4.783738535867724906e+00
4.783738763210356737e+00
4.783738990485426612e+00
4.783739217739960026e+00
4.783739444926899509e+00
4.783739672046219304e+00
4.783739899144955565e+00
4.783740126176039276e+00
4.783740353139445567e+00
4.783740580082226579e+00
4.783740806910208754e+00
4.783741033764618678e+00
4.783741260504184467e+00
4.783741487223062805e+00
4.783741713874147372e+00
4.783741940457401753e+00
4.783742167019929603e+00
4.783742393514600622e+00
4.783742619941389052e+00
4.783742846347406541e+00
4.783743072685500586e+00
4.783743298955656087e+00
4.783743525204993574e+00
4.783743751386351661e+00
4.783743977499708144e+00
4.783744203545040818e+00
4.783744429569498635e+00
4.783744655525882905e+00
4.783744881461370113e+00
4.783745107328757129e+00
4.783745333128022637e+00
4.783745558859141767e+00
4.783745784569298110e+00
4.783746010211266331e+00
4.783746235832243343e+00
4.783746461337783806e+00
4.783746686869521092e+00
4.783746912285772979e+00
4.783747137680969708e+00
4.783747363007862852e+00
4.783747588266430206e+00
4.783747813503899771e+00
4.783748038673004466e+00
4.783748263773725640e+00
4.783748488853304615e+00
4.783748713864461877e+00
4.783748938854445854e+00
4.783749163728685971e+00
4.783749388629015442e+00
4.783749613413547763e+00
4.783749838176857061e+00
4.783750062871618525e+00
4.783750287497813503e+00
4.783750512102731278e+00
4.783750736639047929e+00
4.783750961154064285e+00
4.783751185553104079e+00
4.783751409978148850e+00
4.783751634287169097e+00
4.783751858574829541e+00
4.783752082793761851e+00
4.783752306991308600e+00
4.783752531120090801e+00
4.783752755180088911e+00
4.783752979171277175e+00
4.783753203141014154e+00
4.783753427089293631e+00
4.783753650921320322e+00
4.783753874731850431e+00
4.783754098520879516e+00
4.783754322193578545e+00
4.783754545844737471e+00
4.783754769474351853e+00
4.783754992987556243e+00
4.783755216526611953e+00
4.783755439949212374e+00
4.783755663350201637e+00
4.783755886682126146e+00
4.783756109992418182e+00
4.783756333233606384e+00
4.783756556405668547e+00
4.783756779508580692e+00
4.783757002589791085e+00
4.783757225649303280e+00
4.783757448639612164e+00
4.783757671560696423e+00
4.783757894412533851e+00
4.783758117242607355e+00
4.783758340003390508e+00
4.783758562742379539e+00
4.783758785412052461e+00
4.783759008012372860e+00
4.783759230590857392e+00
4.783759453099960979e+00
4.783759675539655198e+00
4.783759897957469143e+00
4.783760120305838193e+00
4.783760342584739256e+00
4.783760564841712970e+00
4.783760787076754895e+00
4.783761009194699376e+00
4.783761231290672988e+00
4.783761453364670402e+00
4.783761675369086142e+00
4.783761897303899779e+00
4.783762119169086446e+00
4.783762341012229413e+00
4.783762562833324239e+00
4.783762784537120893e+00
4.783763006218832103e+00
4.783763227878451652e+00
4.783763449468324325e+00
4.783763670988442129e+00
4.783763892438768650e+00
4.783764113914595661e+00
4.783764335272944201e+00
4.783764556609114038e+00
4.783764777875420648e+00
4.783764999071840940e+00
4.783765220246038119e+00
4.783765441397994422e+00
4.783765662432324817e+00
4.783765883492080206e+00
4.783766104434160837e+00
4.783766325353938420e+00
4.783766546203697345e+00
4.783766767031130129e+00
4.783766987788505176e+00
4.783767208523529213e+00
4.783767429188455544e+00
4.783767649783262854e+00
4.783767870355672969e+00
4.783768090857927646e+00
4.783768311290000241e+00
4.783768531699632121e+00
4.783768752039041949e+00
4.783768972355987970e+00
4.783769192602677300e+00
4.783769412826871736e+00
4.783769632980769515e+00
4.783769853064355537e+00
4.783770073125397815e+00
4.783770293116087480e+00
4.783770513036397887e+00
4.783770732934127246e+00
4.783770952809256016e+00
4.783771172613960232e+00
4.783771392348211471e+00
4.783771612011983088e+00
4.783771831653099049e+00
4.783772051271554027e+00
4.783772270819472539e+00
4.783772490296843927e+00
4.783772709751504593e+00
4.783772929135572838e+00
4.783773148449032675e+00
4.783773367739734717e+00
4.783773587007672745e+00
4.783773806157051389e+00
4.783774025283632270e+00
4.783774244387405616e+00
4.783774463420449763e+00
4.783774682430657954e+00
4.783774901322180639e+00
4.783775120238759726e+00
4.783775339084539446e+00
4.783775557859489602e+00
4.783775776563591542e+00
4.783775995244766044e+00
4.783776213903008667e+00
4.783776432490349784e+00
4.783776651006765412e+00
4.783776869500201201e+00
4.783777087922677751e+00
4.783777306274161312e+00
4.783777524602625064e+00
4.783777742908054798e+00
4.783777961142444468e+00
4.783778179305776312e+00
4.783778397446024400e+00
4.783778615515176469e+00
4.783778833513203210e+00
4.783779051536131810e+00
4.783779269439879300e+00
4.783779487320474644e+00
4.783779705129869164e+00
4.783779922916089333e+00
4.783780140631071376e+00
4.783780358322847981e+00
4.783780575943349156e+00
4.783780793540621801e+00
4.783781011066581712e+00
4.783781228521203133e+00
4.783781445952548061e+00
4.783781663312518084e+00
4.783781880649184082e+00
4.783782097962540725e+00
4.783782315156360987e+00
4.783782532326833703e+00
4.783782749473949991e+00
4.783782966549577687e+00
4.783783183553692808e+00
4.783783400534402652e+00
4.783783617491703666e+00
4.783783834377441480e+00
4.783784051191589448e+00
4.783784267982280625e+00
4.783784484701344653e+00
4.783784701396925243e+00
4.783784918020843158e+00
4.783785134573071751e+00
4.783785351101769834e+00
4.783785567606930300e+00
4.783785784040350819e+00
4.783786000402007410e+00
4.783786216740078423e+00
4.783786433006350869e+00
4.783786649249007539e+00
4.783786865419825673e+00
4.783787081567007604e+00
4.783787297642310143e+00
4.783787513693949833e+00
4.783787729673668387e+00
4.783787945629700999e+00
4.783788161513776949e+00
4.783788377325872254e+00
4.783788593114230103e+00
4.783788808878844279e+00
4.783789024571426296e+00
4.783789240191953063e+00
4.783789455788689082e+00
4.783789671313328995e+00
4.783789886814153292e+00
4.783790102242845066e+00
4.783790317647690138e+00
4.783790532980367161e+00
4.783790748289169059e+00
4.783790963525765605e+00
4.783791178738459493e+00
4.783791393878908060e+00
4.783791608947088214e+00
4.783791823991320413e+00
4.783792039011596664e+00
4.783792253959553875e+00
4.783792468883528493e+00
4.783792683735141438e+00
4.783792898514370506e+00
4.783793113269569908e+00
4.783793327952347241e+00
4.783793542611070038e+00
4.783793757245728528e+00
4.783793971807912548e+00
4.783794186297596340e+00
4.783794400763168753e+00
4.783794615156207186e+00
4.783794829525104930e+00
4.783795043869860208e+00
4.783795258093588743e+00
4.783795472341575206e+00
4.783795686468485187e+00
4.783795900619638886e+00
4.783796114698124491e+00
4.783796328703920686e+00
4.783796542685470499e+00
4.783796756594290933e+00
4.783796970478836563e+00
4.783797184290614624e+00
4.783797398078091234e+00
4.783797611792761195e+00
4.783797825483105726e+00
4.783798039100604527e+00
4.783798252693745923e+00
4.783798466214005174e+00
4.783798679709883039e+00
4.783798893132837904e+00
4.783799106531380296e+00
4.783799319856965937e+00
4.783799533158114237e+00
4.783799746386261376e+00
4.783799959589943640e+00
4.783800172720591881e+00
4.783800385826745050e+00
4.783800598859823339e+00
4.783800811868379910e+00
4.783801024803823410e+00
4.783801237714721211e+00
4.783801450552465084e+00
4.783801663365634838e+00
4.783801876154218036e+00
4.783802088820987564e+00
4.783802301511751232e+00
4.783802514129273042e+00
4.783802726673526351e+00
4.783802939193120274e+00
4.783803151639409279e+00
4.783803364061012253e+00
4.783803576457922091e+00
4.783803788781472832e+00
4.783804001031638720e+00
4.783804213257065285e+00
4.783804425457744536e+00
4.783804637584984754e+00
4.783804849638767287e+00
4.783805061667750991e+00
4.783805273671930536e+00
4.783805485602596441e+00
4.783805697508432431e+00
4.783805909340715701e+00
4.783806121148138857e+00
4.783806332881971102e+00
4.783806544590915699e+00
4.783806756226234747e+00
4.783806967836635060e+00
4.783807179373367191e+00
4.783807390885158384e+00
4.783807602323243202e+00
4.783807813736357772e+00
4.783808025124490548e+00
4.783808236438866324e+00
4.783808447679458453e+00
4.783808658895022603e+00
4.783808870085552556e+00
4.783809081202247349e+00
4.783809292245077671e+00
4.783809503311636568e+00
4.783809714255492729e+00
4.783809925223049042e+00
4.783810136067865315e+00
4.783810346936368418e+00
4.783810557730904023e+00
4.783810768451447260e+00
4.783810979146818632e+00
4.783811189768158556e+00
4.783811400364295530e+00
4.783811610935223335e+00
4.783811821432071731e+00
4.783812031903674544e+00
4.783812242301159756e+00
4.783812452673379845e+00
4.783812662971436147e+00
4.783812873244199793e+00
4.783813083442765013e+00
4.783813293616005602e+00
4.783813503715009574e+00
4.783813713788664046e+00
4.783813923836961024e+00
4.783814133810963654e+00
4.783814343759580368e+00
4.783814553633870759e+00
4.783814763482743260e+00
4.783814973257248582e+00
4.783815183006311145e+00
4.783815392680963896e+00
4.783815602330147243e+00
4.783815811953851416e+00
4.783816021503094262e+00
4.783816230977850914e+00
4.783816440476067910e+00
4.783816649850778369e+00
4.783816859248931408e+00
4.783817068523526395e+00
4.783817277821550640e+00
4.783817487044980332e+00
4.783817696193793267e+00
4.783817905316986696e+00
4.783818114414551737e+00
4.783818323437447617e+00
4.783818532434686688e+00
4.783818741357217519e+00
4.783818950254062230e+00
4.783819159125216380e+00
4.783819367921608112e+00
4.783819576643209004e+00
4.783819785388146784e+00
4.783819994009188115e+00
4.783820202653546794e+00
4.783820411223047131e+00
4.783820619717668698e+00
4.783820828186487795e+00
4.783821036629490209e+00
4.783821244997557898e+00
4.783821453339785812e+00
4.783821661607041698e+00
4.783821869848425834e+00
4.783822078014798862e+00
4.783822286155274384e+00
4.783822494269842629e+00
4.783822702309345587e+00
4.783822910322912847e+00
4.783823118261376628e+00
4.783823326173877177e+00
4.783823534011232503e+00
4.783823741822596176e+00
4.783823949607961090e+00
4.783824157318128378e+00
4.783824365002265822e+00
4.783824572660367203e+00
4.783824780194013471e+00
4.783824987750792346e+00
4.783825195232282113e+00
4.783825402687676309e+00
4.783825610067744094e+00
4.783825817421687887e+00
4.783826024749501471e+00
4.783826232001930912e+00
4.783826439178954004e+00
4.783826646329797150e+00
4.783826853454452355e+00
4.783827060552911625e+00
4.783827267575893494e+00
4.783827474523376644e+00
4.783827681444615010e+00
4.783827888339599710e+00
4.783828095208321862e+00
4.783828302001478683e+00
4.783828508719037309e+00
4.783828715410285426e+00
4.783828922075219481e+00
4.783829128664503827e+00
4.783829335227437696e+00
4.783829541764019311e+00
4.783829748224896150e+00
4.783829954659392314e+00
4.783830161018144622e+00
4.783830367350484281e+00
4.783830573607045444e+00
4.783830779837163760e+00
4.783830986040833011e+00
4.783831192218041650e+00
4.783831398270023350e+00
4.783831604344889854e+00
4.783831810343871282e+00
4.783832016316333480e+00
4.783832222212869745e+00
4.783832428082861910e+00
4.783832633926299316e+00
4.783832839693756611e+00
4.783833045434630726e+00
4.783833251099482986e+00
4.783833456737726308e+00
4.783833662349350035e+00
4.783833867884898616e+00
4.783834073393800068e+00
4.783834278826585518e+00
4.783834484232695416e+00
4.783834689612117330e+00
4.783834894915372615e+00
4.783835100191913270e+00
4.783835305392247328e+00
4.783835510565836557e+00
4.783835715712674741e+00
4.783835920783251261e+00
4.783836125827046537e+00
4.783836330844051687e+00
4.783836535784741884e+00
4.783836740698612644e+00
4.783836945536129370e+00
4.783837150346799127e+00
4.783837355130612146e+00
4.783837559838014286e+00
4.783837764518536595e+00
4.783837969172162197e+00
4.783838173749323630e+00
4.783838378299564376e+00
4.783838582773300097e+00
4.783838787220084043e+00
4.783838991639906446e+00
4.783839195983178527e+00
4.783839400299456202e+00
4.783839604539138257e+00
4.783839808751801925e+00
4.783840012937440100e+00
4.783840217096043901e+00
4.783840421177977476e+00
4.783840625183221285e+00
4.783840829211015944e+00
4.783841033162088863e+00
4.783841237036415173e+00
4.783841440883619178e+00
4.783841644703695550e+00
4.783841848496629190e+00
4.783842052212746943e+00
4.783842255852028380e+00
4.783842459513795831e+00
4.783842663098692327e+00
4.783842866606699218e+00
4.783843070137171694e+00
4.783843273590719036e+00
4.783843476967319042e+00
4.783843680316651970e+00
4.783843883638715155e+00
4.783844086933492612e+00
4.783844290151254341e+00
4.783844493291973698e+00
4.783844696455096468e+00
4.783844899541150220e+00
4.783845102550102091e+00
4.783845305581441387e+00
4.783845508535654822e+00
4.783845711412714863e+00
4.783845914312133019e+00
4.783846117134377351e+00
4.783846319879411446e+00
4.783846522597002604e+00
4.783846725287139279e+00
4.783846927949809036e+00
4.783847130535206382e+00
4.783847333043299344e+00
4.783847535573696241e+00
4.783847738026762997e+00
4.783847940452297109e+00
4.783848142800462888e+00
4.783848345121068490e+00
4.783848547414105035e+00
4.783848749629716401e+00
4.783848951817732953e+00
4.783849153978136926e+00
4.783849356061067759e+00
4.783849558116354928e+00
4.783849760144000207e+00
4.783849962094106623e+00
4.783850164016548945e+00
4.783850365911299640e+00
4.783850567728464398e+00
4.783850769517915325e+00
4.783850971229738569e+00
4.783851172963732523e+00
4.783851374620066821e+00
4.783851576198717481e+00
4.783851777749586809e+00
4.783851979272670363e+00
4.783852180767953044e+00
4.783852382185481922e+00
4.783852583575187722e+00
4.783852784937049130e+00
4.783852986221106107e+00
4.783853187477297375e+00
4.783853388655639804e+00
4.783853589806088102e+00
4.783853790928630723e+00
4.783853992023260560e+00
4.783854193039972280e+00
4.783854394028740131e+00
4.783854594989557008e+00
4.783854795872398036e+00
4.783854996727262332e+00
4.783855197504111700e+00
4.783855398302978124e+00
4.783855599023802085e+00
4.783855799666557829e+00
4.783856000331306646e+00
4.783856200867911745e+00
4.783856401426492155e+00
4.783856601906936845e+00
4.783856802359282234e+00
4.783857002783518553e+00
4.783857203129567637e+00
4.783857403447479228e+00
4.783857603737244446e+00
4.783857803998858849e+00
4.783858004182206969e+00
4.783858204287271043e+00
4.783858404414238485e+00
4.783858604462889907e+00
4.783858804483317684e+00
4.783859004425390360e+00
4.783859204339208304e+00
4.783859404224766187e+00
4.783859604082055128e+00
4.783859803860915250e+00
4.783860003611476230e+00
4.783860203333729189e+00
4.783860402977500925e+00
4.783860602592928224e+00
4.783860802180012861e+00
4.783861001688557657e+00
4.783861201168726041e+00
4.783861400620510018e+00
4.783861599993697311e+00
4.783861799338471776e+00
4.783861998654818315e+00
4.783862197942730710e+00
4.783862397151980694e+00
4.783862596332769002e+00
4.783862795434847826e+00
4.783862994558673698e+00
4.783863193603763442e+00
4.783863392570094852e+00
4.783863591558147554e+00
4.783863790467412613e+00
4.783863989297858055e+00
4.783864188150005248e+00
4.783864386923307066e+00
4.783864585668019309e+00
4.783864784384132207e+00
4.783864983021345552e+00
4.783865181629928465e+00
4.783865380159570968e+00
4.783865578710866373e+00
4.783865777183188506e+00
4.783865975626833134e+00
4.783866173991469850e+00
4.783866372327398864e+00
4.783866570634609516e+00
4.783866768913096479e+00
4.783866967112501811e+00
4.783867165283151479e+00
4.783867363425036601e+00
4.783867561487786801e+00
4.783867759572109968e+00
4.783867957526893200e+00
4.783868155503229858e+00
4.783868353400361428e+00
4.783868551268652070e+00
4.783868749108082241e+00
4.783868946868258476e+00
4.783869144649955274e+00
4.783869342301949601e+00
4.783869539975448504e+00
4.783869737569615310e+00
4.783869935134850593e+00
4.783870132671145470e+00
4.783870330128051407e+00
4.783870527555990293e+00
4.783870724954947917e+00
4.783870922324914510e+00
4.783871119615428213e+00
4.783871316876918911e+00
4.783871514109382161e+00
4.783871711262331239e+00
4.783871908386222671e+00
4.783872105481047576e+00
4.783872302546794408e+00
4.783872499532956013e+00
4.783872696490012899e+00
4.783872893417952632e+00
4.783873090316763665e+00
4.783873287135921970e+00
4.783873483925924930e+00
4.783873680686760110e+00
4.783873877367887495e+00
4.783874074019818678e+00
4.783874270642544779e+00
4.783874467236058692e+00
4.783874663749788425e+00
4.783874860234273996e+00
4.783875056689508298e+00
4.783875253064900690e+00
4.783875449411014280e+00
4.783875645727834858e+00
4.783875842015354429e+00
4.783876038273557896e+00
4.783876234451838627e+00
4.783876430600777496e+00
4.783876626669751886e+00
4.783876822759974168e+00
4.783877018770201772e+00
4.783877214751038665e+00
4.783877410651838247e+00
4.783877606523221360e+00
4.783877802415814173e+00
4.783877998177679558e+00
4.783878193960737768e+00
4.783878389663676067e+00
4.783878585337133060e+00
4.783878780981105194e+00
4.783878976544896133e+00
4.783879172129854140e+00
4.783879367634605195e+00
4.783879563059119988e+00
4.783879758504779645e+00
4.783879953870175505e+00
4.783880149205987031e+00
4.783880344512219551e+00
4.783880539738127879e+00
4.783880734934419010e+00
4.783880930101082285e+00
4.783881125238111487e+00
4.783881320294748107e+00
4.783881515321716904e+00
4.783881710319009883e+00
4.783881905286618164e+00
4.783882100173761920e+00
4.783882295081965275e+00
4.783882489858891418e+00
4.783882684656861173e+00
4.783882879425081391e+00
4.783883074112758038e+00
4.783883268770656727e+00
4.783883463347962994e+00
4.783883657946276458e+00
4.783883852463970854e+00
4.783884046951838442e+00
4.783884241409873894e+00
4.783884435787231659e+00
4.783884630134724425e+00
4.783884824452344198e+00
4.783885018740080319e+00
4.783885212947065924e+00
4.783885407175000104e+00
4.783885601322154457e+00
4.783885795388505890e+00
4.783885989475779255e+00
4.783886183482216836e+00
4.783886377458683725e+00
4.783886571405165711e+00
4.783886765321657464e+00
4.783886959157239716e+00
4.783887152962800648e+00
4.783887346738327828e+00
4.783887540483815037e+00
4.783887734148322579e+00
4.783887927782759064e+00
4.783888121387112058e+00
4.783888314961373567e+00
4.783888508454585242e+00
4.783888701917674346e+00
4.783888895350632886e+00
4.783889088753448426e+00
4.783889282126112974e+00
4.783889475417641535e+00
4.783889668678988905e+00
4.783889861910145314e+00
4.783890055111098327e+00
4.783890248230841635e+00
4.783890441320356679e+00
4.783890634379629248e+00
4.783890827408651347e+00
4.783891020356392687e+00
4.783891213273850695e+00
4.783891406161019155e+00
4.783891599017890073e+00
4.783891791844448349e+00
4.783891984589637936e+00
4.783892177304485571e+00
4.783892369988984150e+00
4.783892562643122126e+00
4.783892755215817694e+00
4.783892947809200713e+00
4.783893140321112014e+00
4.783893332751526728e+00
4.783893525202604025e+00
4.783893717572150983e+00
4.783893909962353419e+00
4.783894102219889533e+00
4.783894294498054478e+00
4.783894486745744246e+00
4.783894678911814857e+00
4.783894871047378317e+00
4.783895063152421301e+00
4.783895255226931376e+00
4.783895447219757457e+00
4.783895639182022208e+00
4.783895831113715857e+00
4.783896023014830412e+00
4.783896214885350773e+00
4.783896406674102764e+00
4.783896598432230363e+00
4.783896790159729129e+00
4.783896981856587516e+00
4.783897173471598485e+00
4.783897365107140587e+00
4.783897556660806849e+00
4.783897748183782106e+00
4.783897939624838891e+00
4.783898131086398386e+00
4.783898322466007436e+00
4.783898513814874853e+00
4.783898705132995310e+00
4.783898896420351932e+00
4.783899087625687940e+00
4.783899278800231691e+00
4.783899469995238185e+00
4.783899661056908670e+00
4.783899852139020581e+00
4.783900043190301155e+00
4.783900234159458975e+00
4.783900425097753484e+00
4.783900616005176687e+00
4.783900806830417629e+00
4.783900997676065359e+00
4.783901188439502405e+00
4.783901379172013080e+00
4.783901569873592052e+00
4.783901760544230441e+00
4.783901951132584429e+00
4.783902141689967635e+00
4.783902332216367626e+00
4.783902522711774630e+00
4.783902713176180654e+00
4.783902903609573265e+00
4.783903093960578445e+00
4.783903284280542678e+00
4.783903474569452641e+00
4.783903664827299451e+00
4.783903855002687777e+00
4.783904045198374533e+00
4.783904235311569941e+00
4.783904425393652460e+00
4.783904615393202775e+00
4.783904805413024874e+00
4.783904995350280132e+00
4.783905185307799179e+00
4.783905375182719411e+00
4.783905565026464579e+00
4.783905754787568299e+00
4.783905944568905610e+00
4.783906134267576604e+00
4.783906323935012139e+00
4.783906513571202446e+00
4.783906703176139530e+00
4.783906892698332136e+00
4.783907082240727249e+00
4.783907271700346797e+00
4.783907461128660721e+00
4.783907650525662802e+00
4.783907839839834253e+00
4.783908029174164689e+00
4.783908218425640513e+00
4.783908407645748539e+00
4.783908596834479887e+00
4.783908785991825674e+00
4.783908975066240465e+00
4.783909164160777827e+00
4.783909353172347778e+00
4.783909542152486871e+00
4.783909731101176455e+00
4.783909920018408535e+00
4.783910108852604814e+00
4.783910297655311616e+00
4.783910486478101909e+00
4.783910675217806663e+00
4.783910863874405450e+00
4.783911052551060195e+00
4.783911241196176611e+00
4.783911429758136435e+00
4.783911618288525958e+00
4.783911806787338961e+00
4.783911995254559457e+00
4.783912183690179454e+00
4.783912372042558481e+00
4.783912560363307698e+00
4.783912748652414670e+00
4.783912936909871405e+00
4.783913125135667244e+00
4.783913313329790640e+00
4.783913501440566485e+00
4.783913689571313022e+00
4.783913877618680921e+00
4.783914065634325752e+00
4.783914253618235968e+00
4.783914441518714256e+00
4.783914629439127708e+00
4.783914817276071929e+00
4.783915005081233573e+00
4.783915192854601983e+00
4.783915380596166500e+00
4.783915568305917354e+00
4.783915755932108382e+00
4.783915943578197272e+00
4.783916131140697026e+00
4.783916318671330714e+00
4.783916506170090344e+00
4.783916693585202218e+00
4.783916881020173761e+00
4.783917068371471792e+00
4.783917255742616170e+00
4.783917443030055949e+00
4.783917630285545286e+00
4.783917817509077075e+00
4.783918004648846534e+00
4.783918191808430365e+00
4.783918378884216338e+00
4.783918565927995914e+00
4.783918752939754881e+00
4.783918939919484359e+00
4.783919126867173688e+00
4.783919313782818428e+00
4.783919500614558729e+00
4.783919687414218913e+00
4.783919874181790988e+00
4.783920060917257189e+00
4.783920247620617516e+00
4.783920434291855095e+00
4.783920620930961043e+00
4.783920807486044424e+00
4.783920994008966865e+00
4.783921180499713266e+00
4.783921366958281851e+00
4.783921553384654857e+00
4.783921739778823401e+00
4.783921926088866350e+00
4.783922112418593997e+00
4.783922298664161410e+00
4.783922484877474623e+00
4.783922671058523868e+00
4.783922857207299373e+00
4.783923043323786928e+00
4.783923229356028095e+00
4.783923415407907775e+00
4.783923601375510870e+00
4.783923787310776277e+00
4.783923973213691561e+00
4.783924159084252281e+00
4.783924344922444227e+00
4.783924530676265441e+00
4.783924716449685199e+00
4.783924902138704915e+00
4.783925087795303455e+00
4.783925273419473712e+00
4.783925459011203252e+00
4.783925644570481417e+00
4.783925830097301102e+00
4.783926015539612386e+00
4.783926201001470702e+00
4.783926386378797524e+00
4.783926571723608134e+00
4.783926757035894539e+00
4.783926942315649633e+00
4.783927127510794186e+00
4.783927312725444025e+00
4.783927497907533244e+00
4.783927683004964848e+00
4.783927868069798528e+00
4.783928053102028066e+00
4.783928238101641028e+00
4.783928423068627644e+00
4.783928608002976368e+00
4.783928792852565337e+00
4.783928977721605413e+00
4.783929162505849320e+00
4.783929347257405595e+00
4.783929531976264471e+00
4.783929716662412623e+00
4.783929901315842947e+00
4.783930085936542120e+00
4.783930270524501260e+00
4.783930455027541662e+00
4.783930639497814497e+00
4.783930823987480707e+00
4.783931008392181994e+00
4.783931192764081075e+00
4.783931377103168181e+00
4.783931561357231743e+00
4.783931745630656707e+00
4.783931929871235944e+00
4.783932114026744564e+00
4.783932298149380813e+00
4.783932482239127815e+00
4.783932666295981129e+00
4.783932850319925656e+00
4.783933034310956067e+00
4.783933218269058152e+00
4.783933402194221252e+00
4.783933586034180507e+00
4.783933769841167027e+00
4.783933953667444783e+00
4.783934137408468956e+00
4.783934321116488420e+00
4.783934504791504061e+00
4.783934688433494564e+00
4.783934871990157767e+00
4.783935055566068684e+00
4.783935239056623878e+00
4.783935422566415241e+00
4.783935605990815354e+00
4.783935789382121939e+00
4.783935972740322562e+00
4.783936156065406564e+00
4.783936339357367729e+00
4.783936522616192732e+00
4.783936705841870918e+00
4.783936888982033508e+00
4.783937072141383418e+00
4.783937255215187534e+00
4.783937438255791541e+00
4.783937621263186557e+00
4.783937804237361924e+00
4.783937987178308759e+00
4.783938170086013741e+00
4.783938352960467100e+00
4.783938535749252097e+00
4.783938718557170233e+00
4.783938901279384481e+00
4.783939084020720323e+00
4.783939266676325630e+00
4.783939449298602042e+00
4.783939631887547783e+00
4.783939814443149530e+00
4.783939996965391295e+00
4.783940179401813708e+00
4.783940361857309753e+00
4.783940544279417395e+00
4.783940726615655947e+00
4.783940908918475010e+00
4.783941091240349941e+00
4.783941273476305156e+00
4.783941455678813348e+00
4.783941637847856754e+00
4.783941819983430044e+00
4.783942002033011676e+00
4.783942184101606543e+00
4.783942366136699320e+00
4.783942548085750701e+00
4.783942730053801107e+00
4.783942911935778142e+00
4.783943093784200684e+00
4.783943275599058076e+00
4.783943457432892288e+00
4.783943639180591845e+00
4.783943820842125660e+00
4.783944002522613204e+00
4.783944184169484970e+00
4.783944365782724084e+00
4.783944547309737949e+00
4.783944728855684225e+00
4.783944910315369725e+00
4.783945091741373723e+00
4.783945273186297698e+00
4.783945454544912934e+00
4.783945635869815582e+00
4.783945817160992320e+00
4.783945998418437817e+00
4.783946179589498193e+00
4.783946360779434137e+00
4.783946541935606867e+00
4.783946723005349178e+00
4.783946904093951957e+00
4.783947085096091456e+00
4.783947266117083430e+00
4.783947447051580149e+00
4.783947627952238157e+00
4.783947808819043246e+00
4.783947989651990085e+00
4.783948170451061799e+00
4.783948351216253059e+00
4.783948531947551430e+00
4.783948712592231090e+00
4.783948893255706381e+00
4.783949073885255920e+00
4.783949254428140563e+00
4.783949434989805738e+00
4.783949615464773153e+00
4.783949795905760638e+00
4.783949976312760199e+00
4.783950156738522530e+00
4.783950337077517823e+00
4.783950517382494105e+00
4.783950697653439832e+00
4.783950877837564342e+00
4.783951058040411652e+00
4.783951238209198209e+00
4.783951418343908912e+00
4.783951598391735338e+00
4.783951778458264137e+00
4.783951958437872243e+00
4.783952138383357422e+00
4.783952318347528987e+00
4.783952498224734562e+00
4.783952678067780795e+00
4.783952857876657028e+00
4.783953037651357043e+00
4.783953217391864854e+00
4.783953397098173355e+00
4.783953576770268334e+00
4.783953756408143576e+00
4.783953936011784869e+00
4.783954115528303852e+00
4.783954295063440831e+00
4.783954474564318105e+00
4.783954653978021554e+00
4.783954833357427994e+00
4.783955012755434666e+00
4.783955192066222217e+00
4.783955371342680785e+00
4.783955550637722709e+00
4.783955729845497551e+00
4.783955909018910546e+00
4.783956088157955477e+00
4.783956267262615469e+00
4.783956446332884305e+00
4.783956625368746884e+00
4.783956804317238465e+00
4.783956983284258335e+00
4.783957162216846193e+00
4.783957341062007096e+00
4.783957519925683854e+00
4.783957698754893961e+00
4.783957877496631816e+00
4.783958056256871316e+00
4.783958234929604814e+00
4.783958413567815704e+00
4.783958592224513140e+00
4.783958770793656612e+00
4.783958949328249943e+00
4.783959127828275371e+00
4.783959306293727565e+00
4.783959484724594979e+00
4.783959663120866068e+00
4.783959841482531061e+00
4.783960019809578412e+00
4.783960198101997463e+00
4.783960376359779332e+00
4.783960554529831377e+00
4.783960732718298026e+00
4.783960910872092853e+00
4.783961088938112560e+00
4.783961267022528219e+00
4.783961445019135006e+00
4.783961623034128863e+00
4.783961800961280986e+00
4.783961978906809520e+00
4.783962156764466123e+00
4.783962334587352316e+00
4.783962512428597158e+00
4.783962690181923882e+00
4.783962867900450000e+00
4.783963045584165741e+00
4.783963223233057782e+00
4.783963400900284491e+00
4.783963578479507817e+00
4.783963756023878133e+00
4.783963933533383006e+00
4.783964110954826765e+00
4.783964288394565223e+00
4.783964465799406263e+00
4.783964643169341002e+00
4.783964820504356119e+00
4.783964997804443620e+00
4.783965175016371418e+00
4.783965352246561942e+00
4.783965529441790210e+00
4.783965706548812591e+00
4.783965883674079933e+00
4.783966060711109414e+00
4.783966237766370533e+00
4.783966414733365369e+00
4.783966591718582961e+00
4.783966768615492526e+00
4.783966945530621295e+00
4.783967122357409174e+00
4.783967299149118446e+00
4.783967475959024718e+00
4.783967652680546578e+00
4.783967829366954305e+00
4.783968006018237240e+00
4.783968182634387389e+00
4.783968359268709669e+00
4.783968535814564049e+00
4.783968712325251005e+00
4.783968888800760766e+00
4.783969065241078233e+00
4.783969241646201631e+00
4.783969418016112307e+00
4.783969594350802268e+00
4.783969770650259079e+00
4.783969946914474747e+00
4.783970123143435060e+00
4.783970299337132914e+00
4.783970475495554986e+00
4.783970651618689729e+00
4.783970827653131863e+00
4.783971003705658198e+00
4.783971179722864342e+00
4.783971355704740525e+00
4.783971531597861038e+00
4.783971707509039994e+00
4.783971883384857016e+00
4.783972059225300555e+00
4.783972234976922699e+00
4.783972410746581971e+00
4.783972586480835787e+00
4.783972762126219358e+00
4.783972937789622293e+00
4.783973113364124785e+00
4.783973288956635983e+00
4.783973464513687546e+00
4.783973639981786263e+00
4.783973815467879476e+00
4.783973990864985204e+00
4.783974166280076545e+00
4.783974341606148428e+00
4.783974516950194378e+00
4.783974692205188894e+00
4.783974867478145043e+00
4.783975042662017785e+00
4.783975217863840612e+00
4.783975392976548946e+00
4.783975568053651983e+00
4.783975743148691784e+00
4.783975918154566465e+00
4.783976093178363698e+00
4.783976268112962060e+00
4.783976443011905388e+00
4.783976617928754393e+00
4.783976792756357455e+00
4.783976967548269954e+00
4.783977142358073031e+00
4.783977317078582203e+00
4.783977491763366174e+00
4.783977666466025624e+00
4.783977841079338766e+00
4.783978015656897398e+00
4.783978190252314633e+00
4.783978364758334045e+00
4.783978539228566973e+00
4.783978713716644293e+00
4.783978888115274053e+00
4.783979062478083577e+00
4.783979236858718842e+00
4.783979411149859473e+00
4.783979585405147894e+00
4.783979759678241628e+00
4.783979933861795431e+00
4.783980108009461496e+00
4.783980282174919552e+00
4.783980456250787050e+00
4.783980630290731284e+00
4.783980804348455074e+00
4.783980978316534127e+00
4.783981152248662383e+00
4.783981326198550654e+00
4.783981500058745340e+00
4.783981673882954588e+00
4.783981847724907865e+00
4.783982021477119595e+00
4.783982195193312137e+00
4.783982368927232720e+00
4.783982542571362906e+00
4.783982716179439265e+00
4.783982889805228567e+00
4.783983063341175068e+00
4.783983236894821189e+00
4.783983410358594313e+00
4.783983583786260319e+00
4.783983757231611733e+00
4.783983930587035971e+00
4.783984103960134071e+00
4.783984277243276573e+00
4.783984450544079614e+00
4.783984623754891530e+00
4.783984796983354215e+00
4.783984970121794689e+00
4.783985143277872609e+00
4.783985316343894567e+00
4.783985489427546867e+00
4.783985662421108565e+00
4.783985835432286393e+00
4.783986008407214108e+00
4.783986181292004147e+00
4.783986354194394330e+00
4.783986527006611311e+00
4.783986699836419554e+00
4.783986872629921727e+00
4.783987045333200960e+00
4.783987218054052803e+00
4.783987390738569268e+00
4.783987563386732589e+00
4.783987735944609909e+00
4.783987908520036747e+00
4.783988081059080244e+00
4.783988253561732407e+00
4.783988426027976359e+00
4.783988598403851711e+00
4.783988770797248158e+00
4.783988943154205309e+00
4.783989115474716058e+00
4.783989287758767084e+00
4.783989460006342398e+00
4.783989632217439336e+00
4.783989804392039247e+00
4.783989976530135912e+00
4.783990148631718675e+00
4.783990320696771548e+00
4.783990492725287424e+00
4.783990664771275547e+00
4.783990836726687235e+00
4.783991008645527288e+00
4.783991180527785048e+00
4.783991352373449857e+00
4.783991524236557602e+00
4.783991696009007200e+00
4.783991867744829207e+00
4.783992039498079052e+00
4.783992211160618346e+00
4.783992382840573931e+00
4.783992554429786992e+00
4.783992725982319172e+00
4.783992897552248102e+00
4.783993069085484606e+00
4.783993240527912860e+00
4.783993411987721878e+00
4.783993583356687118e+00
4.783993754743026017e+00
4.783993926092612980e+00
4.783994097351309094e+00
4.783994268627360213e+00
4.783994439866624759e+00
4.783994611069097402e+00
4.783994782234763044e+00
4.783994953363613689e+00
4.783995124455636017e+00
4.783995295510817591e+00
4.783995466529151308e+00
4.783995637510622956e+00
4.783995808455220100e+00
4.783995979362937412e+00
4.783996150233757128e+00
4.783996321067672142e+00
4.783996491918877325e+00
4.783996662678951850e+00
4.783996833402087034e+00
4.783997004142493736e+00
4.783997174791721818e+00
4.783997345403975032e+00
4.783997516033486441e+00
4.783997686626012324e+00
4.783997857127290310e+00
4.783998027645807838e+00
4.783998198073044605e+00
4.783998368517509370e+00
4.783998538924933541e+00
4.783998709295304685e+00
4.783998879574328456e+00
4.783999049870559794e+00
4.783999220129700802e+00
4.783999390351747927e+00
4.783999560536690510e+00
4.783999730684509899e+00
4.783999900795200766e+00
4.784000070923068115e+00
4.784000240959469963e+00
4.784000410958705984e+00
4.784000580920768186e+00
4.784000750899985555e+00
4.784000920787668143e+00
4.784001090692497904e+00
4.784001260505757358e+00
4.784001430336151550e+00
4.784001600074943461e+00
4.784001769830855899e+00
4.784001939549515470e+00
4.784002109176519468e+00
4.784002278820633336e+00
4.784002448427454368e+00
4.784002617996979900e+00
4.784002787529193057e+00
4.784002957024084957e+00
4.784003126481644053e+00
4.784003295901858799e+00
4.784003465284717649e+00
4.784003634684646400e+00
4.784003803992766812e+00
4.784003973263497578e+00
4.784004142551281369e+00
4.784004311747203531e+00
4.784004480960167172e+00
4.784004650081238985e+00
4.784004819219338955e+00
4.784004988319992435e+00
4.784005157328703461e+00
4.784005326354425769e+00
4.784005495342666947e+00
4.784005664293419002e+00
4.784005833206668612e+00
4.784006002082402453e+00
4.784006170920612533e+00
4.784006339721285528e+00
4.784006508538942271e+00
4.784006677264514451e+00
4.784006845952514908e+00
4.784007014657480461e+00
4.784007183270313490e+00
4.784007351900098293e+00
4.784007520437715044e+00
4.784007688992275575e+00
4.784007857509205763e+00
4.784008025988498503e+00
4.784008194375557466e+00
4.784008362779532675e+00
4.784008531145834908e+00
4.784008699529056940e+00
4.784008867819986577e+00
4.784009036073209487e+00
4.784009204288713235e+00
4.784009372521111914e+00
4.784009540661153359e+00
4.784009708763440116e+00
4.784009876882605816e+00
4.784010044964006170e+00
4.784010212952980012e+00
4.784010380958814146e+00
4.784010548926849182e+00
4.784010716857076240e+00
4.784010884749481107e+00
4.784011052604054903e+00
4.784011220420786081e+00
4.784011388199662207e+00
4.784011555940671734e+00
4.784011723698505136e+00
4.784011891363753044e+00
4.784012059045815057e+00
4.784012226635256937e+00
4.784012394241499599e+00
4.784012561809817932e+00
4.784012729285468168e+00
4.784012896777899648e+00
4.784013064232376600e+00
4.784013231648880371e+00
4.784013399027406521e+00
4.784013566422702368e+00
4.784013733725238637e+00
4.784013900989760870e+00
4.784014068271035036e+00
4.784014235459498110e+00
4.784014402664702459e+00
4.784014569777064629e+00
4.784014736906152088e+00
4.784014903997168666e+00
4.784015071050102819e+00
4.784015238064941222e+00
4.784015405041674107e+00
4.784015571980286374e+00
4.784015738880773583e+00
4.784015905743117969e+00
4.784016072622155669e+00
4.784016239408191318e+00
4.784016406210906069e+00
4.784016572920587684e+00
4.784016739646934191e+00
4.784016906335082808e+00
4.784017072985023766e+00
4.784017239596743742e+00
4.784017406170231190e+00
4.784017572705472787e+00
4.784017739202460540e+00
4.784017905716083874e+00
4.784018072136532851e+00
4.784018238518693344e+00
4.784018404917470768e+00
4.784018571277946386e+00
4.784018737545179256e+00
4.784018903829011293e+00
4.784019070074508662e+00
4.784019236281660703e+00
4.784019402450449654e+00
4.784019568635828890e+00
4.784019734727873008e+00
4.784019900781524726e+00
4.784020066851745412e+00
4.784020232828582131e+00
4.784020398821976272e+00
4.784020564776941598e+00
4.784020730693466561e+00
4.784020896571541392e+00
4.784021062411154546e+00
4.784021228212292698e+00
4.784021393974943415e+00
4.784021559699101367e+00
4.784021725439776773e+00
4.784021891086908340e+00
4.784022056750548479e+00
4.784022222375657662e+00
4.784022387907172380e+00
4.784022553455177018e+00
4.784022718964615173e+00
4.784022884435475298e+00
4.784023049922820015e+00
4.784023215316493882e+00
4.784023380671555969e+00
4.784023546043083996e+00
4.784023711320892325e+00
4.784023876615154158e+00
4.784024041870767796e+00
4.784024207087720804e+00
4.784024372266005187e+00
4.784024537405607624e+00
4.784024702506513904e+00
4.784024867568716033e+00
4.784025032647341469e+00
4.784025197632104209e+00
4.784025362633276934e+00
4.784025527595708205e+00
4.784025692519388251e+00
4.784025857349136324e+00
4.784026022250444932e+00
4.784026187057800250e+00
4.784026351826355494e+00
4.784026516556102671e+00
4.784026681302219863e+00
4.784026845954318041e+00
4.784027010622776466e+00
4.784027175252390407e+00
4.784027339843146542e+00
4.784027504395034214e+00
4.784027668908043651e+00
4.784027833382159756e+00
4.784027997817375422e+00
4.784028162268919360e+00
4.784028326626299510e+00
4.784028490999993721e+00
4.784028655334748414e+00
4.784028819575296687e+00
4.784028983832135040e+00
4.784029148105282125e+00
4.784029312284170388e+00
4.784029476424064065e+00
4.784029640580240716e+00
4.784029804642113248e+00
4.784029968720258097e+00
4.784030132704062410e+00
4.784030296704127494e+00
4.784030460665137596e+00
4.784030624587080283e+00
4.784030788525279299e+00
4.784030952369059619e+00
4.784031116229085612e+00
4.784031279994657382e+00
4.784031443776457948e+00
4.784031607519136031e+00
4.784031771222677420e+00
4.784031934887069681e+00
4.784032098512303044e+00
4.784032262098365962e+00
4.784032425645244224e+00
4.784032589208320196e+00
4.784032752732199967e+00
4.784032916161470972e+00
4.784033079606919259e+00
4.784033243013138481e+00
4.784033406380115316e+00
4.784033569763264104e+00
4.784033733051729520e+00
4.784033896300916133e+00
4.784034059566256936e+00
4.784034222792307389e+00
4.784034385979057724e+00
4.784034549126495506e+00
4.784034712234612741e+00
4.784034875303388112e+00
4.784035038332820733e+00
4.784035201378367574e+00
4.784035364329080053e+00
4.784035527295895207e+00
4.784035690223327641e+00
4.784035853111366698e+00
4.784036015959997279e+00
4.784036178769212277e+00
4.784036341594513964e+00
4.784036504324863159e+00
4.784036667071285720e+00
4.784036829722723816e+00
4.784036992390223730e+00
4.784037155018245890e+00
4.784037317606781414e+00
4.784037480211370763e+00
4.784037642720899264e+00
4.784037805190902048e+00
4.784037967676943559e+00
4.784038130123449584e+00
4.784038292530407688e+00
4.784038454897806325e+00
4.784038617225632173e+00
4.784038779513875461e+00
4.784038941818128166e+00
4.784039104027180578e+00
4.784039266252227307e+00
4.784039428437656838e+00
4.784039590583454071e+00
4.784039752689611014e+00
4.784039914756112566e+00
4.784040076782950734e+00
4.784040238825761904e+00
4.784040400828893702e+00
4.784040562736674218e+00
4.784040724660407307e+00
4.784040886544429938e+00
4.784041048444405142e+00
4.784041210248970444e+00
4.784041372013787097e+00
4.784041533794539447e+00
4.784041695535529826e+00
4.784041857236747575e+00
4.784042018898181148e+00
4.784042180519819887e+00
4.784042342101653134e+00
4.784042503643659572e+00
4.784042665201570621e+00
4.784042826719650421e+00
4.784042988197885649e+00
4.784043149636268311e+00
4.784043311034779755e+00
4.784043472393414653e+00
4.784043633712158794e+00
4.784043795046769354e+00
4.784043956341477610e+00
4.784044117596270240e+00
4.784044278811136586e+00
4.784044439986065989e+00
4.784044601121044238e+00
4.784044762216059787e+00
4.784044923326909782e+00
4.784045084397786418e+00
4.784045245428677262e+00
4.784045406419567215e+00
4.784045567370450058e+00
4.784045728281311582e+00
4.784045889207977353e+00
4.784046050038766040e+00
4.784046210885350092e+00
4.784046371691874633e+00
4.784046532458329892e+00
4.784046693184704324e+00
4.784046853870984606e+00
4.784047014573038936e+00
4.784047175179106048e+00
4.784047335800932110e+00
4.784047496382630271e+00
4.784047656924188097e+00
4.784047817481497766e+00
4.784047977942742946e+00
4.784048138419727536e+00
4.784048298800614774e+00
4.784048459197228098e+00
4.784048619553640691e+00
4.784048779869842782e+00
4.784048940201763855e+00
4.784049100437509416e+00
4.784049260688963301e+00
4.784049420844205258e+00
4.784049581015143104e+00
4.784049741145809165e+00
4.784049901292168450e+00
4.784050061342257187e+00
4.784050221408028492e+00
4.784050381377494610e+00
4.784050541362632636e+00
4.784050701307434927e+00
4.784050861211893491e+00
4.784051021132015968e+00
4.784051180955752436e+00
4.784051340795140383e+00
4.784051500594147299e+00
4.784051660352760749e+00
4.784051820070970962e+00
4.784051979748763728e+00
4.784052139442184881e+00
4.784052299039114331e+00
4.784052458651659734e+00
4.784052618223750386e+00
4.784052777755377406e+00
4.784052937246527470e+00
4.784053096753277501e+00
4.784053256163444345e+00
4.784053415589200497e+00
4.784053574974439726e+00
4.784053734319156703e+00
4.784053893623333664e+00
4.784054052943088386e+00
4.784054212166164888e+00
4.784054371404799610e+00
4.784054530602860567e+00
4.784054689760338874e+00
4.784054848877217658e+00
4.784055008009642229e+00
4.784055167045299761e+00
4.784055326096487093e+00
4.784055485107042038e+00
4.784055644076950387e+00
4.784055803006201479e+00
4.784055961894784659e+00
4.784056120798880762e+00
4.784056279662289413e+00
4.784056438485007945e+00
4.784056597267019484e+00
4.784056756008313371e+00
4.784056914708876285e+00
4.784057073424926365e+00
4.784057232100230372e+00
4.784057390734782977e+00
4.784057549328568193e+00
4.784057707881574473e+00
4.784057866393790270e+00
4.784058024921463037e+00
4.784058183408332887e+00
4.784058341854386498e+00
4.784058500259614988e+00
4.784058658624005034e+00
4.784058817003829844e+00
4.784058975286510140e+00
4.784059133584612766e+00
4.784059291841840533e+00
4.784059450058181895e+00
4.784059608289934040e+00
4.784059766424467952e+00
4.784059924574406431e+00
4.784060082683418536e+00
4.784060240751493609e+00
4.784060398778621881e+00
4.784060556764789141e+00
4.784060714766336098e+00
4.784060872726911384e+00
4.784061030646500789e+00
4.784061188525093655e+00
4.784061346362676659e+00
4.784061504215618932e+00
4.784061661971153789e+00
4.784061819742035482e+00
4.784061977471870897e+00
4.784062135160648488e+00
4.784062292864764032e+00
4.784062450471395778e+00
4.784062608093353930e+00
4.784062765674214290e+00
4.784062923213968865e+00
4.784063080712608773e+00
4.784063238226551107e+00
4.784063395699366339e+00
4.784063553074586750e+00
4.784063710465098040e+00
4.784063867870901099e+00
4.784064025179070256e+00
4.784064182502520524e+00
4.784064339728298698e+00
4.784064496969348212e+00
4.784064654169179143e+00
4.784064811384276972e+00
4.784064968501644088e+00
4.784065125634264781e+00
4.784065282725633139e+00
4.784065439775735840e+00
4.784065596784563112e+00
4.784065753808624422e+00
4.784065910734867089e+00
4.784066067676330469e+00
4.784066224576482007e+00
4.784066381435304827e+00
4.784066538309347472e+00
4.784066695085489762e+00
4.784066851876832338e+00
4.784067008626814221e+00
4.784067165335418537e+00
4.784067322002636402e+00
4.784067478685043895e+00
4.784067635326049839e+00
4.784067791925640911e+00
4.784067948483811783e+00
4.784068105000543802e+00
4.784068261532441468e+00
4.784068417966270026e+00
4.784068574415250907e+00
4.784068730822758297e+00
4.784068887188780650e+00
4.784069043569946444e+00
4.784069199909614767e+00
4.784069356151118058e+00
4.784069512464404816e+00
4.784069668679502563e+00
4.784069824853053987e+00
4.784069981041723096e+00
4.784070137188829897e+00
4.784070293294365506e+00
4.784070449358317489e+00
4.784070605380672525e+00
4.784070761418122153e+00
4.784070917413960622e+00
4.784071073368178162e+00
4.784071229280763227e+00
4.784071385151702493e+00
4.784071541037714148e+00
4.784071696882065794e+00
4.784071852684747661e+00
4.784072008445745539e+00
4.784072164221801593e+00
4.784072319899403070e+00
4.784072475592047624e+00
4.784072631242972662e+00
4.784072786852167525e+00
4.784072942476396584e+00
4.784073098002093793e+00
4.784073253542813653e+00
4.784073409041763369e+00
4.784073564498932285e+00
4.784073719971114080e+00
4.784073875401499976e+00
4.784074030733260763e+00
4.784074186080015778e+00
4.784074341441766798e+00
4.784074496704852741e+00
4.784074651982922255e+00
4.784074807219135472e+00
4.784074962413479071e+00
4.784075117565942392e+00
4.784075272733375961e+00
4.784075427802045866e+00
4.784075582885674471e+00
4.784075737927382832e+00
4.784075892984045453e+00
4.784076047941885790e+00
4.784076202914667064e+00
4.784076357845492566e+00
4.784076512734348086e+00
4.784076667638138325e+00
4.784076822443029897e+00
4.784076977262838426e+00
4.784077132040641445e+00
4.784077286776428295e+00
4.784077441527122332e+00
4.784077596178843983e+00
4.784077750845458610e+00
4.784077905470020653e+00
4.784078060052513237e+00
4.784078214649893468e+00
4.784078369205193582e+00
4.784078523718399367e+00
4.784078678189502831e+00
4.784078832618487986e+00
4.784078987062337696e+00
4.784079141407056923e+00
4.784079295766630047e+00
4.784079450141056178e+00
4.784079604416312748e+00
4.784079758706411667e+00
4.784079912954329217e+00
4.784080067160053851e+00
4.784080221323575799e+00
4.784080375444882627e+00
4.784080529581004271e+00
4.784080683674900136e+00
4.784080837726552460e+00
4.784080991793016047e+00
4.784081145760152864e+00
4.784081299742085847e+00
4.784081453681743312e+00
4.784081607579105722e+00
4.784081761491256302e+00
4.784081915304005506e+00
4.784082069131528669e+00
4.784082222973831122e+00
4.784082376716686902e+00
4.784082530417190782e+00
4.784082684132453522e+00
4.784082837805348376e+00
4.784082991492998538e+00
4.784083145081128308e+00
4.784083298683999175e+00
4.784083452244465740e+00
4.784083605762517344e+00
4.784083759238134448e+00
4.784083912728482879e+00
4.784084066119211442e+00
4.784084219524653570e+00
4.784084372944814589e+00
4.784084526265315773e+00
4.784084679600521639e+00
4.784084832893235273e+00
4.784084986143442464e+00
4.784085139351133442e+00
4.784085292573510451e+00
4.784085445753360588e+00
4.784085598890665203e+00
4.784085751985414525e+00
4.784085905094835667e+00
4.784086058104444206e+00
4.784086211128710353e+00
4.784086364167642103e+00
4.784086517106715064e+00
4.784086670060440305e+00
4.784086822971542752e+00
4.784086975840015299e+00
4.784087128665845512e+00
4.784087281506309353e+00
4.784087434304116648e+00
4.784087587059254965e+00
4.784087739771710979e+00
4.784087892441473144e+00
4.784088045125845845e+00
4.784088197767513151e+00
4.784088350366459963e+00
4.784088502980008428e+00
4.784088655493486719e+00
4.784088808021552452e+00
4.784088960506859500e+00
4.784089113006752214e+00
4.784089265406514357e+00
4.784089417820846180e+00
4.784089570192387342e+00
4.784089722578495518e+00
4.784089874864411840e+00
4.784090027164882741e+00
4.784090179422523015e+00
4.784090331637314897e+00
4.784090483866655141e+00
4.784090635995724483e+00
4.784090788139325312e+00
4.784090940297469174e+00
4.784091092355295949e+00
4.784091244427647993e+00
4.784091396457089473e+00
4.784091548443610620e+00
4.784091700387198109e+00
4.784091852345288665e+00
4.784092004260434905e+00
4.784092156132619955e+00
4.784092307961832269e+00
4.784092459805536990e+00
4.784092611606253875e+00
4.784092763363973155e+00
4.784092915078683284e+00
4.784093066807866279e+00
4.784093218436520800e+00
4.784093370079639307e+00
4.784093521737220911e+00
4.784093673294234073e+00
4.784093824865697009e+00
4.784093976394085068e+00
4.784094127879392033e+00
4.784094279379135450e+00
4.784094430835780010e+00
4.784094582249310612e+00
4.784094733619713935e+00
4.784094884946985538e+00
4.784095036288670499e+00
4.784095187587205089e+00
4.784095338842577760e+00
4.784095490112356686e+00
4.784095641281373545e+00
4.784095792464780672e+00
4.784095943662588724e+00
4.784096094759586748e+00
4.784096245870971487e+00
4.784096396939127693e+00
4.784096547964046486e+00
4.784096698945707438e+00
4.784096849941741780e+00
4.784097000894507623e+00
4.784097151803995196e+00
4.784097302727844614e+00
4.784097453550741896e+00
4.784097604387988589e+00
4.784097755181920597e+00
4.784097905990189581e+00
4.784098056755132333e+00
4.784098207419045679e+00
4.784098358154973418e+00
4.784098508789847770e+00
4.784098659439045775e+00
4.784098810044860706e+00
4.784098960607280127e+00
4.784099111126293380e+00
4.784099261659610747e+00
4.784099412149506847e+00
4.784099562595973687e+00
4.784099713056733982e+00
4.784099863474046366e+00
4.784100013847901955e+00
4.784100164178285652e+00
4.784100314465185022e+00
4.784100464766357419e+00
4.784100615024028613e+00
4.784100765238195940e+00
4.784100915466623860e+00
4.784101065651526596e+00
4.784101215792892603e+00
4.784101365890708557e+00
4.784101516002777110e+00
4.784101666013468979e+00
4.784101816038389465e+00
4.784101966077547452e+00
4.784102116015290562e+00
4.784102265967253409e+00
4.784102415875604919e+00
4.784102565798170836e+00
4.784102715619266810e+00
4.784102865454564757e+00
4.784103015246211399e+00
4.784103165052060014e+00
4.784103314756371184e+00
4.784103464474871004e+00
4.784103614149676886e+00
4.784103763838674972e+00
4.784103913483964909e+00
4.784104063085539593e+00
4.784104212643382148e+00
4.784104362157489021e+00
4.784104511685755234e+00
4.784104661170265338e+00
4.784104810611010450e+00
4.784104960065904244e+00
4.784105109477017059e+00
4.784105258844337349e+00
4.784105408167851792e+00
4.784105557505498929e+00
4.784105706799327784e+00
4.784105856049321481e+00
4.784106005255472027e+00
4.784106154475746386e+00
4.784106303652152725e+00
4.784106452784691932e+00
4.784106601931339853e+00
4.784106750976103939e+00
4.784106900034962528e+00
4.784107049107920950e+00
4.784107198078952905e+00
4.784107347064068705e+00
4.784107496005248095e+00
4.784107644960508665e+00
4.784107793813785037e+00
4.784107942681128378e+00
4.784108091504496230e+00
4.784108240341927498e+00
4.784108389077312395e+00
4.784108537826747387e+00
4.784108686590239579e+00
4.784108835251640102e+00
4.784108983927080949e+00
4.784109132558482358e+00
4.784109281145828341e+00
4.784109429747207543e+00
4.784109578304521548e+00
4.784109726817752595e+00
4.784109875286894464e+00
4.784110023770049125e+00
4.784110172209099510e+00
4.784110320604028743e+00
4.784110469012961886e+00
4.784110617377763219e+00
4.784110765698420309e+00
4.784110913974920720e+00
4.784111062265405501e+00
4.784111210511721168e+00
4.784111358713853512e+00
4.784111506871789210e+00
4.784111655043694178e+00
4.784111803171390065e+00
4.784111951254862660e+00
4.784112099352295644e+00
4.784112247405491125e+00
4.784112395414432228e+00
4.784112543379123395e+00
4.784112691357748304e+00
4.784112839292101960e+00
4.784112987182164822e+00
4.784113135086160540e+00
4.784113282887616059e+00
4.784113430702992886e+00
4.784113578532285693e+00
4.784113726258993005e+00
4.784113873999613631e+00
4.784114021754149348e+00
4.784114169406056050e+00
4.784114317071860079e+00
4.784114464693283608e+00
4.784114612270313316e+00
4.784114759861232358e+00
4.784114907407746031e+00
4.784115054909838349e+00
4.784115202367499542e+00
4.784115349839030529e+00
4.784115497266117956e+00
4.784115644648744059e+00
4.784115792045231075e+00
4.784115939397245221e+00
4.784116086704777615e+00
4.784116233967807830e+00
4.784116381244684746e+00
4.784116528477050601e+00
4.784116675664887630e+00
4.784116822866560703e+00
4.784116970023696069e+00
4.784117117136277741e+00
4.784117264262684799e+00
4.784117411286137767e+00
4.784117558323393915e+00
4.784117705374463903e+00
4.784117852322535391e+00
4.784117999284406508e+00
4.784118146201658206e+00
4.784118293132706867e+00
4.784118439960693969e+00
4.784118586802462936e+00
4.784118733658013767e+00
4.784118880410463959e+00
4.784119027176685357e+00
4.784119173956678850e+00
4.784119320633528183e+00
4.784119467324135400e+00
4.784119613970036156e+00
4.784119760571211799e+00
4.784119907186139997e+00
4.784120053756331536e+00
4.784120200281771318e+00
4.784120346820955660e+00
4.784120493256867057e+00
4.784120639765017557e+00
4.784120786169873796e+00
4.784120932588450614e+00
4.784121078962228601e+00
4.784121225291189106e+00
4.784121371633863085e+00
4.784121517873163754e+00
4.784121664184712408e+00
4.784121810392861107e+00
4.784121956614702853e+00
4.784122102791680042e+00
4.784122248923772247e+00
4.784122395069552169e+00
4.784122541170435561e+00
4.784122687226410875e+00
4.784122833296061472e+00
4.784122979320788005e+00
4.784123125300579815e+00
4.784123271235428021e+00
4.784123417183930194e+00
4.784123563087472775e+00
4.784123708946037112e+00
4.784123854818252752e+00
4.784124000645475938e+00
4.784124146427698676e+00
4.784124292223560282e+00
4.784124437915748373e+00
4.784124583680221754e+00
4.784124729340996751e+00
4.784124875015391076e+00
4.784125020644730775e+00
4.784125166229003412e+00
4.784125311826880278e+00
4.784125457379682089e+00
4.784125602887384865e+00
4.784125748408685652e+00
4.784125893826169929e+00
4.784126039315951040e+00
4.784126184701890772e+00
4.784126330101408087e+00
4.784126475455775740e+00
4.784126620764986626e+00
4.784126766087765326e+00
4.784126911365367718e+00
4.784127056597782257e+00
4.784127201843758392e+00
4.784127347044530687e+00
4.784127492200088483e+00
4.784127637310418457e+00
4.784127782434289600e+00
4.784127927512918710e+00
4.784128072605088100e+00
4.784128217593200283e+00
4.784128362594838535e+00
4.784128507610004633e+00
4.784128652521071778e+00
4.784128797445653447e+00
4.784128942383749639e+00
4.784129087217705134e+00
4.784129232065165382e+00
4.784129376867291228e+00
4.784129521682913833e+00
4.784129666394335345e+00
4.784129811178098990e+00
4.784129955857635785e+00
4.784130100550653353e+00
4.784130245198280562e+00
4.784130389800506755e+00
4.784130534416200398e+00
4.784130678986484142e+00
4.784130823511334896e+00
4.784130968049645993e+00
4.784131112542513442e+00
4.784131256989925696e+00
4.784131401391868543e+00
4.784131545807248642e+00
4.784131690177155782e+00
4.784131834560495733e+00
4.784131978898336968e+00
4.784132123190668828e+00
4.784132267437478880e+00
4.784132411697710197e+00
4.784132555912401941e+00
4.784132700081544343e+00
4.784132844264098239e+00
4.784132988401086806e+00
4.784133132492497609e+00
4.784133276597310136e+00
4.784133420656526248e+00
4.784133564670141503e+00
4.784133708697145160e+00
4.784133852678530197e+00
4.784133996614284179e+00
4.784134140504392008e+00
4.784134284407871363e+00
4.784134428265693018e+00
4.784134572136881758e+00
4.784134715962396811e+00
4.784134859742226631e+00
4.784135003476357895e+00
4.784135147223839368e+00
4.784135290925605410e+00
4.784135434581647139e+00
4.784135578251026644e+00
4.784135721874667624e+00
4.784135865511641938e+00
4.784136009043768567e+00
4.784136152589216984e+00
4.784136296088883356e+00
4.784136439601869739e+00
4.784136583069058091e+00
4.784136726490440417e+00
4.784136869925129432e+00
4.784137013313997322e+00
4.784137156657028100e+00
4.784137300013356686e+00
4.784137443323832173e+00
4.784137586588451896e+00
4.784137729807197204e+00
4.784137873039213673e+00
4.784138016225343293e+00
4.784138159424747627e+00
4.784138302578248236e+00
4.784138445685833574e+00
4.784138588747488541e+00
4.784138731822400459e+00
4.784138874851366907e+00
4.784139017893585866e+00
4.784139160889847808e+00
4.784139303840137636e+00
4.784139446744443802e+00
4.784139589661983827e+00
4.784139732533526868e+00
4.784139875359056049e+00
4.784140018197810207e+00
4.784140160990538071e+00
4.784140303796489135e+00
4.784140446497133325e+00
4.784140589270251098e+00
4.784140731938041569e+00
4.784140874619032147e+00
4.784141017253942252e+00
4.784141159842757673e+00
4.784141302444767874e+00
4.784141445000666515e+00
4.784141587510447380e+00
4.784141730033405260e+00
4.784141872510231153e+00
4.784142014940904630e+00
4.784142157384751570e+00
4.784142299782434549e+00
4.784142442133941131e+00
4.784142584498606965e+00
4.784142726817081304e+00
4.784142869148711341e+00
4.784143011374773380e+00
4.784143153613974242e+00
4.784143295866321033e+00
4.784143438013054528e+00
4.784143580172917076e+00
4.784143722345912231e+00
4.784143864413250569e+00
4.784144006493709966e+00
4.784144148587292200e+00
4.784144290575169656e+00
4.784144432576157513e+00
4.784144574590252219e+00
4.784144716558039079e+00
4.784144858479494111e+00
4.784145000354611099e+00
4.784145142242818949e+00
4.784145284084672767e+00
4.784145425880160118e+00
4.784145567688725897e+00
4.784145709450910111e+00
4.784145851166700325e+00
4.784145992895560084e+00
4.784146134578008969e+00
4.784146276273525622e+00
4.784146417863123446e+00
4.784146559465773052e+00
4.784146701081478881e+00
4.784146842650731202e+00
4.784146984173519357e+00
4.784147125649830024e+00
4.784147267139176485e+00
4.784147408582032135e+00
4.784147550037920027e+00
4.784147691387758528e+00
4.784147832810162981e+00
4.784147974126487846e+00
4.784148115455834294e+00
4.784148256738632199e+00
4.784148398034438365e+00
4.784148539224104546e+00
4.784148680486353555e+00
4.784148821642435045e+00
4.784148962811510586e+00
4.784149103933981628e+00
4.784149245069440504e+00
4.784149386158285999e+00
4.784149527200501240e+00
4.784149668255690990e+00
4.784149809264236275e+00
4.784149950226123771e+00
4.784150091200977784e+00
4.784150232129164237e+00
4.784150373010656487e+00
4.784150513905109037e+00
4.784150654752860277e+00
4.784150795553898661e+00
4.784150936367881357e+00
4.784151077135133434e+00
4.784151217855650451e+00
4.784151358589097569e+00
4.784151499275789199e+00
4.784151639975410042e+00
4.784151780568557832e+00
4.784151921234327531e+00
4.784152061793600197e+00
4.784152202365781648e+00
4.784152342891152543e+00
4.784152483429430447e+00
4.784152623920882696e+00
4.784152764365495969e+00
4.784152904823004704e+00
4.784153045173909824e+00
4.784153185597451063e+00
4.784153325914361155e+00
4.784153466244148944e+00
4.784153606586815322e+00
4.784153746822806141e+00
4.784153887131449068e+00
4.784154027333392456e+00
4.784154167548194891e+00
4.784154307716061538e+00
4.784154447836977297e+00
4.784154587970745887e+00
4.784154728057547601e+00
4.784154868157198592e+00
4.784155008209869386e+00
4.784155148215549325e+00
4.784155288234061665e+00
4.784155428145723477e+00
4.784155568130055158e+00
4.784155708007510555e+00
4.784155847897782365e+00
4.784155987800873255e+00
4.784156127656914670e+00
4.784156267465894175e+00
4.784156407227797558e+00
4.784156547002503146e+00
4.784156686730117514e+00
4.784156826410634444e+00
4.784156966103932263e+00
4.784157105810030508e+00
4.784157245409086379e+00
4.784157385020920472e+00
4.784157524585613608e+00
4.784157664163079637e+00
4.784157803693384281e+00
4.784157943176515104e+00
4.784158082672409051e+00
4.784158222121114079e+00
4.784158361582581342e+00
4.784158500936875669e+00
4.784158640303916243e+00
4.784158779683703955e+00
4.784158919016260114e+00
4.784159058301568734e+00
4.784159197599620938e+00
4.784159336850409616e+00
4.784159476053926774e+00
4.784159615270169752e+00
4.784159754439126111e+00
4.784159893560779864e+00
4.784160032695147891e+00
4.784160171782201765e+00
4.784160310881963696e+00
4.784160449874355514e+00
4.784160588939489145e+00
4.784160727897224241e+00
4.784160866867647854e+00
4.784161005790704024e+00
4.784161144726445158e+00
4.784161283614799309e+00
4.784161422515839313e+00
4.784161561309389299e+00
4.784161700115607374e+00
4.784161838934497091e+00
4.784161977705958080e+00
4.784162116429977019e+00
4.784162255166656053e+00
4.784162393855878825e+00
4.784162532497631126e+00
4.784162671152031976e+00
4.784162809758947255e+00
4.784162948318366304e+00
4.784163086890422356e+00
4.784163225414965304e+00
4.784163363891982712e+00
4.784163502381622912e+00
4.784163640883894786e+00
4.784163779278447493e+00
4.784163917685615885e+00
4.784164056105400853e+00
4.784164194417422244e+00
4.784164332742048664e+00
4.784164471079277448e+00
4.784164609368908749e+00
4.784164747610931023e+00
4.784164885865544115e+00
4.784165024072532191e+00
4.784165162231880153e+00
4.784165300403808274e+00
4.784165438528083847e+00
4.784165576604692660e+00
4.784165714693870974e+00
4.784165852735366542e+00
4.784165990789428946e+00
4.784166128795794393e+00
4.784166266754448671e+00
4.784166404665379346e+00
4.784166542649139764e+00
4.784166680524885251e+00
4.784166818413171818e+00
4.784166956253704583e+00
4.784167094046472890e+00
4.784167231851771618e+00
4.784167369669606984e+00
4.784167507379334161e+00
4.784167645101580213e+00
4.784167782836350469e+00
4.784167920523310968e+00
4.784168058162443948e+00
4.784168195753738750e+00
4.784168333357537328e+00
4.784168470913483517e+00
4.784168608481933482e+00
4.784168746002510630e+00
4.784168883535583561e+00
4.784169020960391983e+00
4.784169158397680199e+00
4.784169295847453540e+00
4.784169433249315873e+00
4.784169570603252097e+00
4.784169707969663676e+00
4.784169845288132272e+00
4.784169982558651668e+00
4.784170119841626878e+00
4.784170257076636013e+00
4.784170394324102737e+00
4.784170531523586511e+00
4.784170668675074900e+00
4.784170805839006668e+00
4.784170942954928840e+00
4.784171080083289951e+00
4.784171217103155627e+00
4.784171354195919434e+00
4.784171491180165603e+00
4.784171628176830282e+00
4.784171765185918801e+00
4.784171902086442607e+00
4.784172039059877868e+00
4.784172175924718218e+00
4.784172312801966420e+00
4.784172449631103774e+00
4.784172586472640987e+00
4.784172723266052252e+00
4.784172860071860711e+00
4.784172996768985442e+00
4.784173133539041167e+00
4.784173270200385630e+00
4.784173406874108636e+00
4.784173543560211961e+00
4.784173680137563167e+00
4.784173816727278705e+00
4.784173953329363016e+00
4.784174089883235226e+00
4.784174226388881124e+00
4.784174362906883360e+00
4.784174499376644185e+00
4.784174635798152941e+00
4.784174772232006490e+00
4.784174908617588429e+00
4.784175045015513383e+00
4.784175181365154295e+00
4.784175317666495175e+00
4.784175453980166637e+00
4.784175590245525633e+00
4.784175726523208105e+00
4.784175862752563901e+00
4.784175998933577922e+00
4.784176135126903873e+00
4.784176271271875613e+00
4.784176407368475381e+00
4.784176543477375532e+00
4.784176679537891275e+00
4.784176815610706512e+00
4.784176951635118691e+00
4.784177087671823259e+00
4.784177223599407114e+00
4.784177359599979695e+00
4.784177495491401366e+00
4.784177631395094998e+00
4.784177767311065921e+00
4.784177903117837083e+00
4.784178038997614735e+00
4.784178174768168645e+00
4.784178310550979418e+00
4.784178446346050606e+00
4.784178582031852756e+00
4.784178717729900221e+00
4.784178853440195667e+00
4.784178989101958379e+00
4.784179124715182141e+00
4.784179260340633455e+00
4.784179395917531608e+00
4.784179531445854394e+00
4.784179666986403845e+00
4.784179802539176407e+00
4.784179937982543152e+00
4.784180073438121461e+00
4.784180208905913112e+00
4.784180344325086764e+00
4.784180479695631760e+00
4.784180615078376775e+00
4.784180750412481586e+00
4.784180885697915109e+00
4.784181020995545985e+00
4.784181156244502020e+00
4.784181291505644751e+00
4.784181426718095764e+00
4.784181561881842626e+00
4.784181697057769966e+00
4.784181832184970062e+00
4.784181967324344420e+00
4.784182102414986204e+00
4.784182237517794256e+00
4.784182372510930037e+00
4.784182507577142474e+00
4.784182642533659546e+00
4.784182777502324235e+00
4.784182912483139205e+00
4.784183047415160317e+00
4.784183182298373360e+00
4.784183317132765900e+00
4.784183451979290069e+00
4.784183586837947644e+00
4.784183721647766063e+00
4.784183856408736446e+00
4.784183991181826912e+00
4.784184125906051577e+00
4.784184260581396231e+00
4.784184395268852086e+00
4.784184529907410166e+00
4.784184664558075895e+00
4.784184799159830526e+00
4.784184933712660737e+00
4.784185068277585273e+00
4.784185202793570291e+00
4.784185337321645193e+00
4.784185471800763700e+00
4.784185606230914267e+00
4.784185740673144949e+00
4.784185875127453969e+00
4.784186009471713241e+00
4.784186143828034865e+00
4.784186278196417064e+00
4.784186412515790465e+00
4.784186546786138194e+00
4.784186681068539393e+00
4.784186815301900708e+00
4.784186949486206153e+00
4.784187083682553521e+00
4.784187217890947252e+00
4.784187351989147352e+00
4.784187486160504932e+00
4.784187620221644899e+00
4.784187754294804584e+00
4.784187888318852444e+00
4.784188022354925351e+00
4.784188156341860676e+00
4.784188290340818384e+00
4.784188424290630515e+00
4.784188558191283747e+00
4.784188692103939822e+00
4.784188825967423675e+00
4.784188959842907707e+00
4.784189093669202641e+00
4.784189227507492426e+00
4.784189361235373639e+00
4.784189495036445194e+00
4.784189628727079757e+00
4.784189762429693182e+00
4.784189896144283694e+00
4.784190029809625599e+00
4.784190163425705578e+00
4.784190297053751095e+00
4.784190430632520474e+00
4.784190564223250952e+00
4.784190697764689304e+00
4.784190831256823984e+00
4.784190964760901110e+00
4.784191098215657689e+00
4.784191231682365597e+00
4.784191365099731641e+00
4.784191498467746939e+00
4.784191631847696691e+00
4.784191765178280598e+00
4.784191898520793629e+00
4.784192031813923940e+00
4.784192165118976270e+00
4.784192298313310054e+00
4.784192431580881255e+00
4.784192564799044867e+00
4.784192697967775132e+00
4.784192831087064945e+00
4.784192964218259014e+00
4.784193097361354674e+00
4.784193230454993895e+00
4.784193363499160689e+00
4.784193496555217529e+00
4.784193629561793060e+00
4.784193762518863302e+00
4.784193895487818260e+00
4.784194028407253718e+00
4.784194161338564122e+00
4.784194294220344368e+00
4.784194427113993342e+00
4.784194559958095283e+00
4.784194692752639533e+00
4.784194825559040964e+00
4.784194958377302243e+00
4.784195091084546547e+00
4.784195223803632935e+00
4.784195356534567622e+00
4.784195489215900210e+00
4.784195621847609381e+00
4.784195754491154418e+00
4.784195887085066268e+00
4.784196019690807766e+00
4.784196152246899203e+00
4.784196284753324591e+00
4.784196417271570745e+00
4.784196549801637666e+00
4.784196682220517971e+00
4.784196814712714740e+00
4.784196947093695584e+00
4.784197079486480320e+00
4.784197211891069834e+00
4.784197344184396350e+00
4.784197476551053541e+00
4.784197608806421087e+00
4.784197741073577426e+00
4.784197873352519892e+00
4.784198005581689728e+00
4.784198137761077163e+00
4.784198269952237403e+00
4.784198402093601921e+00
4.784198534246733914e+00
4.784198666350050644e+00
4.784198798465134850e+00
4.784198930530386917e+00
4.784199062545799741e+00
4.784199194572956060e+00
4.784199326550262477e+00
4.784199458539311500e+00
4.784199590478483088e+00
4.784199722367768359e+00
4.784199854268790020e+00
4.784199986119905823e+00
4.784200117982756240e+00
4.784200249795684812e+00
4.784200381620340892e+00
4.784200513395060028e+00
4.784200645119831563e+00
4.784200776856315507e+00
4.784200908604518965e+00
4.784201040241066849e+00
4.784201171951009357e+00
4.784201303549269646e+00
4.784201435159229021e+00
4.784201566780885706e+00
4.784201698352531729e+00
4.784201829874154654e+00
4.784201961407463344e+00
4.784202092890730285e+00
4.784202224385684765e+00
4.784202355830577957e+00
4.784202487225403644e+00
4.784202618631899995e+00
4.784202749988308412e+00
4.784202881356383941e+00
4.784203012674359989e+00
4.784203144003994268e+00
4.784203275283512191e+00
4.784203406574686568e+00
4.784203537815726825e+00
4.784203669006624970e+00
4.784203800209164470e+00
4.784203931361540540e+00
4.784204062525557966e+00
4.784204193639396863e+00
4.784204324703044797e+00
4.784204455778319875e+00
4.784204586865223874e+00
4.784204717840077059e+00
4.784204848888392370e+00
4.784204979824628445e+00
4.784205110834332864e+00
4.784205241731934066e+00
4.784205372641138432e+00
4.784205503561949513e+00
4.784205634370612081e+00
4.784205765252750098e+00
4.784205896084604781e+00
4.784206026866160144e+00
4.784206157597403752e+00
4.784206288340229207e+00
4.784206419094639173e+00
4.784206549798719621e+00
4.784206680452455451e+00
4.784206811117766023e+00
4.784206941732716878e+00
4.784207072359232704e+00
4.784207202935375491e+00
4.784207333523079697e+00
4.784207464060395765e+00
4.784207594547305042e+00
4.784207725045764192e+00
4.784207855493805894e+00
4.784207985953391251e+00
4.784208116362543173e+00
4.784208246783231644e+00
4.784208377153469804e+00
4.784208507473244332e+00
4.784208637804546527e+00
4.784208768147379054e+00
4.784208898439728408e+00
4.784209028681581266e+00
4.784209158934952022e+00
4.784209289137810295e+00
4.784209419290141874e+00
4.784209549453980692e+00
4.784209679629327638e+00
4.784209809754130127e+00
4.784209939828374836e+00
4.784210069914117014e+00
4.784210199949282760e+00
4.784210329995943312e+00
4.784210459992012332e+00
4.784210589937480052e+00
4.784210719894423924e+00
4.784210849862851944e+00
4.784210979780657347e+00
4.784211109647827698e+00
4.784211239526468873e+00
4.784211369354458121e+00
4.784211499193911088e+00
4.784211628982701470e+00
4.784211758782946688e+00
4.784211888532508894e+00
4.784212018231380981e+00
4.784212147941696358e+00
4.784212277601300300e+00
4.784212407272345757e+00
4.784212536892664680e+00
4.784212666524419788e+00
4.784212796105432375e+00
4.784212925697874041e+00
4.784213055239558976e+00
4.784213184730472079e+00
4.784213314232804493e+00
4.784213443684347311e+00
4.784213573147304110e+00
4.784213702621677555e+00
4.784213831983017862e+00
4.784213961355760603e+00
4.784214090739906666e+00
4.784214220073216950e+00
4.784214349417926115e+00
4.784214478711783514e+00
4.784214607954774934e+00
4.784214737209154578e+00
4.784214866412651368e+00
4.784214995627530165e+00
4.784215124791513674e+00
4.784215253966871195e+00
4.784215383091316554e+00
4.784215512164836426e+00
4.784215641249717876e+00
4.784215770345968011e+00
4.784215899391272231e+00
4.784216028385618991e+00
4.784216157391319335e+00
4.784216286346046232e+00
4.784216415312119608e+00
4.784216544227204437e+00
4.784216673153633081e+00
4.784216802029055415e+00
4.784216930853459004e+00
4.784217059689192197e+00
4.784217188536258547e+00
4.784217317269916947e+00
4.784217446077270175e+00
4.784217574833567355e+00
4.784217703538799604e+00
4.784217832192952713e+00
4.784217960920813972e+00
4.784218089535180241e+00
4.784218218160852132e+00
4.784218346797830534e+00
4.784218475383692493e+00
4.784218603918425572e+00
4.784218732464453616e+00
4.784218860959333242e+00
4.784218989465505167e+00
4.784219117920514464e+00
4.784219246386808955e+00
4.784219374801923941e+00
4.784219503228317016e+00
4.784219631603518152e+00
4.784219759927514026e+00
4.784219888262774667e+00
4.784220016609303627e+00
4.784220144904608674e+00
4.784220273148675595e+00
4.784220401403996625e+00
4.784220529608063543e+00
4.784220657823379241e+00
4.784220785987428393e+00
4.784220914162720106e+00
4.784221042286727510e+00
4.784221170359434616e+00
4.784221298443371850e+00
4.784221426538548094e+00
4.784221554582403613e+00
4.784221682574926859e+00
4.784221810578674017e+00
4.784221938531075580e+00
4.784222066494689507e+00
4.784222194406941853e+00
4.784222322330404786e+00
4.784222450202488375e+00
4.784222578085779887e+00
4.784222705917674290e+00
4.784222833698164479e+00
4.784222961489843051e+00
4.784223089292720665e+00
4.784223217044171861e+00
4.784223344744177986e+00
4.784223472455368054e+00
4.784223600115104169e+00
4.784223727786018898e+00
4.784223855405456582e+00
4.784223983036070216e+00
4.784224110615194370e+00
4.784224238205486479e+00
4.784224365744274010e+00
4.784224493294221503e+00
4.784224620792651983e+00
4.784224748239547687e+00
4.784224875697590917e+00
4.784225003104083385e+00
4.784225130521722491e+00
4.784225257950508237e+00
4.784225385265003183e+00
4.784225512653357271e+00
4.784225639927393914e+00
4.784225767275295915e+00
4.784225894508851162e+00
4.784226021753529068e+00
4.784226149009331408e+00
4.784226276213503937e+00
4.784226403428792906e+00
4.784226530592432525e+00
4.784226657704420127e+00
4.784226784827509071e+00
4.784226911898918466e+00
4.784227038981431868e+00
4.784227166075048387e+00
4.784227293054166275e+00
4.784227420107179718e+00
4.784227547045669660e+00
4.784227674058060487e+00
4.784227800955900278e+00
4.784227927927645396e+00
4.784228054784811945e+00
4.784228181653050527e+00
4.784228308532364693e+00
4.784228435359905163e+00
4.784228562135660390e+00
4.784228688922476991e+00
4.784228815720357630e+00
4.784228942466433487e+00
4.784229069160686798e+00
4.784229195865995266e+00
4.784229322519466088e+00
4.784229449183985849e+00
4.784229575796654643e+00
4.784229702420361718e+00
4.784229828992200950e+00
4.784229955575079352e+00
4.784230082106070370e+00
4.784230208648094340e+00
4.784230335138219381e+00
4.784230461576430393e+00
4.784230588025659259e+00
4.784230714485907754e+00
4.784230840894223569e+00
4.784230967250594269e+00
4.784231093617972164e+00
4.784231219996359918e+00
4.784231346259807616e+00
4.784231472597229029e+00
4.784231598882670689e+00
4.784231725116120160e+00
4.784231851360559951e+00
4.784231977552989790e+00
4.784232103756404619e+00
4.784232229907794398e+00
4.784232356070163839e+00
4.784232482180492241e+00
4.784232608238762730e+00
4.784232734308000445e+00
4.784232860388211606e+00
4.784232986416347089e+00
4.784233112455447134e+00
4.784233238442456404e+00
4.784233364377358910e+00
4.784233490323213545e+00
4.784233616216951646e+00
4.784233742121632993e+00
4.784233868037263804e+00
4.784233993900755877e+00
4.784234119712094113e+00
4.784234245534368490e+00
4.784234371304475708e+00
4.784234497085510185e+00
4.784234622814356186e+00
4.784234748554137440e+00
4.784234874241709790e+00
4.784234999940206734e+00
4.784235125586482340e+00
4.784235251243673659e+00
4.784235376848631205e+00
4.784235502401338991e+00
4.784235627964950943e+00
4.784235753539466174e+00
4.784235879061714769e+00
4.784236004594863090e+00
4.784236130075727900e+00
4.784236255504296764e+00
4.784236380943752032e+00
4.784236506394094590e+00
4.784236631792122552e+00
4.784236757137820817e+00
4.784236882494394827e+00
4.784237007798622265e+00
4.784237133113720120e+00
4.784237258439691054e+00
4.784237383650057573e+00
4.784237508934528371e+00
4.784237634103364556e+00
4.784237759346309460e+00
4.784237884536860719e+00
4.784238009674997016e+00
4.784238134823984190e+00
4.784238259920543967e+00
4.784238384964663027e+00
4.784238510082909457e+00
4.784238635085412916e+00
4.784238760098745935e+00
4.784238885122914731e+00
4.784239010094606392e+00
4.784239135077124061e+00
4.784239260007153050e+00
4.784239384948004492e+00
4.784239509836345050e+00
4.784239634672163177e+00
4.784239759518791324e+00
4.784239884376233043e+00
4.784240009181131903e+00
4.784240133933476358e+00
4.784240258696619286e+00
4.784240383470562463e+00
4.784240508191931696e+00
4.784240632860718101e+00
4.784240757540287881e+00
4.784240882167257070e+00
4.784241006805007856e+00
4.784241131453543794e+00
4.784241256049453384e+00
4.784241380592730408e+00
4.784241505146778373e+00
4.784241629648172456e+00
4.784241754160333926e+00
4.784241878619829968e+00
4.784242003090082740e+00
4.784242127507650544e+00
4.784242251935975077e+00
4.784242376375056338e+00
4.784242500697970080e+00
4.784242625095096457e+00
4.784242749376025117e+00
4.784242873731169077e+00
4.784242997970095779e+00
4.784243122283239558e+00
4.784243246480135880e+00
4.784243370751260827e+00
4.784243494906107230e+00
4.784243619071673059e+00
4.784243743247962755e+00
4.784243867371455572e+00
4.784243991505661597e+00
4.784244115587052093e+00
4.784244239679159350e+00
4.784244363718430648e+00
4.784244487768408050e+00
4.784244611765537947e+00
4.784244735709807017e+00
4.784244859664768867e+00
4.784244983630426162e+00
4.784245107543202202e+00
4.784245231466668358e+00
4.784245355337236383e+00
4.784245479154894731e+00
4.784245603046832329e+00
4.784245726822241807e+00
4.784245850608326300e+00
4.784245974405087587e+00
4.784246098148896564e+00
4.784246221839747015e+00
4.784246345541259160e+00
4.784246469253434775e+00
4.784246592912629659e+00
4.784246716582481795e+00
4.784246840199338102e+00
4.784246963763186145e+00
4.784247087337677229e+00
4.784247210922817573e+00
4.784247334454927447e+00
4.784247457933993530e+00
4.784247581423692885e+00
4.784247704924029065e+00
4.784247828371305467e+00
4.784247951765505213e+00
4.784248075170326686e+00
4.784248198585771661e+00
4.784248321948127547e+00
4.784248445257373028e+00
4.784248568577228689e+00
4.784248691907700746e+00
4.784248815185041970e+00
4.784248938409243479e+00
4.784249061644046286e+00
4.784249184889451278e+00
4.784249308081697905e+00
4.784249431220768400e+00
4.784249554370430424e+00
4.784249677530682199e+00
4.784249800637742744e+00
4.784249923691597850e+00
4.784250046756027608e+00
4.784250169831041788e+00
4.784250292852830100e+00
4.784250415821377445e+00
4.784250538800491448e+00
4.784250661790177439e+00
4.784250784726603811e+00
4.784250907609756354e+00
4.784251030503467561e+00
4.784251153407737434e+00
4.784251276258716601e+00
4.784251399056386411e+00
4.784251521864604229e+00
4.784251644683372717e+00
4.784251767448811421e+00
4.784251890160914122e+00
4.784252012883548844e+00
4.784252135616725354e+00
4.784252258296540106e+00
4.784252380922983328e+00
4.784252503559954128e+00
4.784252626207447179e+00
4.784252748801550936e+00
4.784252871406176055e+00
4.784252993957391453e+00
4.784253116455187360e+00
4.784253238963491306e+00
4.784253361482303291e+00
4.784253483947674468e+00
4.784253606359591515e+00
4.784253728845968112e+00
4.784253851214916864e+00
4.784253973594355003e+00
4.784254095984286081e+00
4.784254218320728391e+00
4.784254340667654759e+00
4.784254462961079035e+00
4.784254585200979903e+00
4.784254707451355948e+00
4.784254829712207169e+00
4.784254951919518106e+00
4.784255074137301555e+00
4.784255196301530511e+00
4.784255318476220431e+00
4.784255440597341646e+00
4.784255562728921163e+00
4.784255684806910658e+00
4.784255806895354901e+00
4.784255928930190471e+00
4.784256050975479901e+00
4.784256172967141119e+00
4.784256294969251755e+00
4.784256416917719079e+00
4.784256538876622500e+00
4.784256660781874615e+00
4.784256782697555721e+00
4.784256904559564205e+00
4.784257026432001680e+00
4.784257148250747882e+00
4.784257270079915081e+00
4.784257391855378572e+00
4.784257513641254178e+00
4.784257635373412754e+00
4.784257757115978116e+00
4.784257878868953817e+00
4.784258000568191171e+00
4.784258122213672415e+00
4.784258243869550675e+00
4.784258365471660390e+00
4.784258487084157352e+00
4.784258608707053995e+00
4.784258730276158111e+00
4.784258851791458156e+00
4.784258973317140118e+00
4.784259094853203997e+00
4.784259216335444265e+00
4.784259337763847597e+00
4.784259459202619524e+00
4.784259580651765376e+00
4.784259702047053864e+00
4.784259823452710947e+00
4.784259944804491127e+00
4.784260066102383746e+00
4.784260187410632525e+00
4.784260308729232136e+00
4.784260429993927310e+00
4.784260551268975981e+00
4.784260672490097122e+00
4.784260793721560212e+00
4.784260914899088668e+00
4.784261036086953744e+00
4.784261157220858429e+00
4.784261278365100623e+00
4.784261399455368213e+00
4.784261520555962655e+00
4.784261641602565618e+00
4.784261762659492767e+00
4.784261883662410675e+00
4.784262004675644775e+00
4.784262125699197732e+00
4.784262246668725460e+00
4.784262367584215525e+00
4.784262488510006683e+00
4.784262609381737086e+00
4.784262730263774799e+00
4.784262851156109164e+00
4.784262971994368563e+00
4.784263092778537008e+00
4.784263213572995888e+00
4.784263334377746091e+00
4.784263455128381359e+00
4.784263575889305287e+00
4.784263696596100957e+00
4.784263817313174627e+00
4.784263937976106718e+00
4.784264058584882129e+00
4.784264179268357786e+00
4.784264299833229650e+00
4.784264420472805313e+00
4.784264540993754089e+00
4.784264661589411105e+00
4.784264782066410149e+00
4.784264902618126314e+00
4.784265023115628068e+00
4.784265143558903866e+00
4.784265264012426577e+00
4.784265384411702016e+00
4.784265504821218151e+00
4.784265625240977649e+00
4.784265745606472997e+00
4.784265865917691762e+00
4.784265986239137014e+00
4.784266106570814081e+00
4.784266226848195025e+00
4.784266347071263858e+00
4.784266467369093334e+00
4.784266587548059668e+00
4.784266707737233837e+00
4.784266827936622946e+00
4.784266948081665305e+00
4.784267068236914611e+00
4.784267188337801180e+00
4.784267308448890255e+00
4.784267428505597941e+00
4.784267548572501916e+00
4.784267668649606620e+00
4.784267788607708738e+00
4.784267908640599032e+00
4.784268028619072410e+00
4.784268148543117327e+00
4.784268268477341657e+00
4.784268388421744511e+00
4.784268508311700252e+00
4.784268628147192004e+00
4.784268747992848958e+00
4.784268867848677331e+00
4.784268987650022176e+00
4.784269107461528669e+00
4.784269227218537424e+00
4.784269346985705162e+00
4.784269466698354734e+00
4.784269586421157072e+00
4.784269706089424368e+00
4.784269825767841766e+00
4.784269945391707246e+00
4.784270065025712171e+00
4.784270184669865422e+00
4.784270304259443662e+00
4.784270423794437122e+00
4.784270543339562920e+00
4.784270662894819282e+00
4.784270782395474875e+00
4.784270901841508383e+00
4.784271021297661797e+00
4.784271140763936003e+00
4.784271260175573914e+00
4.784271379597327289e+00
4.784271498964422165e+00
4.784271618341628951e+00
4.784271737664163027e+00
4.784271856996801020e+00
4.784271976274752980e+00
4.784272095562799976e+00
4.784272214860948225e+00
4.784272334104388236e+00
4.784272453293106686e+00
4.784272572491913067e+00
4.784272691700803826e+00
4.784272810854955260e+00
4.784272930019191072e+00
4.784273049128667132e+00
4.784273168183371006e+00
4.784273287312997169e+00
4.784273406322987476e+00
4.784273525407902738e+00
4.784273644373158163e+00
4.784273763413341207e+00
4.784273882398715649e+00
4.784274001329261061e+00
4.784274120269861541e+00
4.784274239155620556e+00
4.784274358051428422e+00
4.784274476957284250e+00
4.784274595808279074e+00
4.784274714669316531e+00
4.784274833475477884e+00
4.784274952226744482e+00
4.784275071052977779e+00
4.784275189759372715e+00
4.784275308540737015e+00
4.784275427267186132e+00
4.784275545938706742e+00
4.784275664620247781e+00
4.784275783246842551e+00
4.784275901883452420e+00
4.784276020530080942e+00
4.784276139121739213e+00
4.784276257658421905e+00
4.784276376205106374e+00
4.784276494761795284e+00
4.784276613263487299e+00
4.784276731775177538e+00
4.784276850231851341e+00
4.784276968698519816e+00
4.784277087110154092e+00
4.784277205531774158e+00
4.784277323963389783e+00
4.784277442274903258e+00
4.784277560661440276e+00
4.784277678992910232e+00
4.784277797269295363e+00
4.784277915620716470e+00
4.784278033851977696e+00
4.784278152093201619e+00
4.784278270344391792e+00
4.784278388540462501e+00
4.784278506746494131e+00
4.784278624897389420e+00
4.784278743058237637e+00
4.784278861229042334e+00
4.784278979344692040e+00
4.784279097405171655e+00
4.784279215475590874e+00
4.784279333555955915e+00
4.784279451581128662e+00
4.784279569616248118e+00
4.784279687596154851e+00
4.784279805520840867e+00
4.784279923520610822e+00
4.784280041465156508e+00
4.784280159354457496e+00
4.784280277253681213e+00
4.784280395097647798e+00
4.784280512951529118e+00
4.784280630815328728e+00
4.784280748623850776e+00
4.784280866377075725e+00
4.784280984205421916e+00
4.784281101913250289e+00
4.784281219630978299e+00
4.784281337358602393e+00
4.784281455096132341e+00
4.784281572713094732e+00
4.784281690405184584e+00
4.784281808041924933e+00
4.784281925623304232e+00
4.784282043214563629e+00
4.784282160815709339e+00
4.784282278361470020e+00
4.784282395917110797e+00
4.784282513417352334e+00
4.784282630927467750e+00
4.784282748382164385e+00
4.784282865846730459e+00
4.784282983255864430e+00
4.784283100674853628e+00
4.784283218103708712e+00
4.784283335477111265e+00
4.784283452795047076e+00
4.784283570122828344e+00
4.784283687460465728e+00
4.784283804742614166e+00
4.784283922034605396e+00
4.784284039271096134e+00
4.784284156517424336e+00
4.784284273773594443e+00
4.784284390908871920e+00
4.784284508119348800e+00
4.784284625274284330e+00
4.784284742439047555e+00
4.784284859548256996e+00
4.784284976601890449e+00
4.784285093730743732e+00
4.784285210738609351e+00
4.784285327821698353e+00
4.784285444849191826e+00
4.784285561821075561e+00
4.784285678802765673e+00
4.784285795794263940e+00
4.784285912730132928e+00
4.784286029610358426e+00
4.784286146500379644e+00
4.784286263400195693e+00
4.784286380244349601e+00
4.784286497098293012e+00
4.784286613962029477e+00
4.784286730770081597e+00
4.784286847522438713e+00
4.784286964284572896e+00
4.784287081056486812e+00
4.784287197772685296e+00
4.784287314433151472e+00
4.784287431168895210e+00
4.784287547783385719e+00
4.784287664473155566e+00
4.784287781107176230e+00
4.784287897685425506e+00
4.784288014273431422e+00
4.784288130871197531e+00
4.784288247413174489e+00
4.784288363899348973e+00
4.784288480395268550e+00
4.784288596900934110e+00
4.784288713350777655e+00
4.784288829810363630e+00
4.784288946279689370e+00
4.784289062693175332e+00
4.784289179050804641e+00
4.784289295418161281e+00
4.784289411795249691e+00
4.784289528116461909e+00
4.784289644447399681e+00
4.784289760722440832e+00
4.784289877007204872e+00
4.784289993236057192e+00
4.784290109474623520e+00
4.784290225722903855e+00
4.784290341915252931e+00
4.784290458051658312e+00
4.784290574197763490e+00
4.784290690353573794e+00
4.784290806453416423e+00
4.784290922562960624e+00
4.784291038682196628e+00
4.784291154745453412e+00
4.784291270752710545e+00
4.784291386769650600e+00
4.784291502796280682e+00
4.784291618766892462e+00
4.784291734747181835e+00
4.784291850671433366e+00
4.784291966605366930e+00
4.784292082483244890e+00
4.784292198370792448e+00
4.784292314202263974e+00
4.784292430043405098e+00
4.784292545894208715e+00
4.784292661688922088e+00
4.784292777493292625e+00
4.784292893241558708e+00
4.784293008999476626e+00
4.784293124767050820e+00
4.784293240412710979e+00
4.784293356133803243e+00
4.784293471798746644e+00
4.784293587473332998e+00
4.784293703091760719e+00
4.784293818719824287e+00
4.784293934291708794e+00
4.784294049873228261e+00
4.784294165398544685e+00
4.784294280933491628e+00
4.784294396478060207e+00
4.784294511966416863e+00
4.784294627464392491e+00
4.784294742906137543e+00
4.784294858357492686e+00
4.784294973752603930e+00
4.784295089157318159e+00
4.784295204505765398e+00
4.784295319863819174e+00
4.784295435231475935e+00
4.784295550542842612e+00
4.784295665863812275e+00
4.784295781128474090e+00
4.784295896402729120e+00
4.784296011620663869e+00
4.784296126848184727e+00
4.784296242085293471e+00
4.784296357266059729e+00
4.784296472456409433e+00
4.784296587590399774e+00
4.784296702733967344e+00
4.784296817821157788e+00
4.784296932917919243e+00
4.784297047958284033e+00
4.784297163008219833e+00
4.784297278067715098e+00
4.784297393070797710e+00
4.784297508083441564e+00
4.784297623039656777e+00
4.784297738005426126e+00
4.784297852914742855e+00
4.784297967833610166e+00
4.784298082762029836e+00
4.784298197633980010e+00
4.784298312515474549e+00
4.784298427340480941e+00
4.784298542175027258e+00
4.784298656953069440e+00
4.784298771740647993e+00
4.784298886537757589e+00
4.784299001278343511e+00
4.784299115962392435e+00
4.784299230655961743e+00
4.784299345359053213e+00
4.784299460071669507e+00
4.784299574661633692e+00
4.784299689327203176e+00
4.784299803936194806e+00
4.784299918554693498e+00
4.784300033116599238e+00
4.784300147621895150e+00
4.784300262202812348e+00
4.784300376727109061e+00
4.784300491194778182e+00
4.784300605671941042e+00
4.784300720158600306e+00
4.784300834588608886e+00
4.784300948961954347e+00
4.784301063410937971e+00
4.784301177803254035e+00
4.784301292138882999e+00
4.784301406483990604e+00
4.784301520772395122e+00
4.784301635136460007e+00
4.784301749377624091e+00
4.784301863694443213e+00
4.784301977888343771e+00
4.784302092157908248e+00
4.784302206370729671e+00
4.784302320526792940e+00
4.784302434692314421e+00
4.784302548867289673e+00
4.784302662985489007e+00
4.784302777113140337e+00
4.784302891183996209e+00
4.784303005264297859e+00
4.784303119354045286e+00
4.784303233386979493e+00
4.784303347429350595e+00
4.784303461414891601e+00
4.784303575409868614e+00
4.784303689347996880e+00
4.784303803295550495e+00
4.784303917252538341e+00
4.784304031152652570e+00
4.784304144995886965e+00
4.784304258914846564e+00
4.784304372710600717e+00
4.784304486582083626e+00
4.784304600396664497e+00
4.784304714154323790e+00
4.784304827921387115e+00
4.784304941697856250e+00
4.784305055417386043e+00
4.784305169146316317e+00
4.784305282884650623e+00
4.784305396566022495e+00
4.784305510190419497e+00
4.784305623824206322e+00
4.784305737467378528e+00
4.784305851053559877e+00
4.784305964649122167e+00
4.784306078187673172e+00
4.784306191735603342e+00
4.784306305292911787e+00
4.784306418793187632e+00
4.784306532302839976e+00
4.784306645755434850e+00
4.784306759217402671e+00
4.784306872688740775e+00
4.784306986103003645e+00
4.784307099460185952e+00
4.784307212826719002e+00
4.784307326202612565e+00
4.784307439521398031e+00
4.784307552849536904e+00
4.784307666187026520e+00
4.784307779467391164e+00
4.784307892690615738e+00
4.784308005989672097e+00
4.784308119165081585e+00
4.784308232416329076e+00
4.784308345610411628e+00
4.784308458747315029e+00
4.784308571893546969e+00
4.784308685049111887e+00
4.784308798147475450e+00
4.784308911255163110e+00
4.784309024372177532e+00
4.784309137431973724e+00
4.784309250434533922e+00
4.784309363446409336e+00
4.784309476467595523e+00
4.784309589431529730e+00
4.784309702404772047e+00
4.784309815387318920e+00
4.784309928312595162e+00
4.784310041180583895e+00
4.784310154057868303e+00
4.784310266944443057e+00
4.784310379840322369e+00
4.784310492612275034e+00
4.784310605460126986e+00
4.784310718250650574e+00
4.784310831050460955e+00
4.784310943792926984e+00
4.784311056544670038e+00
4.784311169239053640e+00
4.784311281942705385e+00
4.784311394655633265e+00
4.784311507311179490e+00
4.784311619975996521e+00
4.784311732583406140e+00
4.784311845200082125e+00
4.784311957826023587e+00
4.784312070394545202e+00
4.784312182905621214e+00
4.784312295425957373e+00
4.784312407955544799e+00
4.784312520494383492e+00
4.784312632975764146e+00
4.784312745399670774e+00
4.784312857832815347e+00
4.784312970275204080e+00
4.784313082660093031e+00
4.784313195054225254e+00
4.784313307457594533e+00
4.784313419803442713e+00
4.784313532158525284e+00
4.784313644456076986e+00
4.784313756762851533e+00
4.784313869012074782e+00
4.784313981270520877e+00
4.784314093538186263e+00
4.784314205748279036e+00
4.784314317900787650e+00
4.784314430129305684e+00
4.784314542300233342e+00
4.784314654413559964e+00
4.784314766536084562e+00
4.784314878667814241e+00
4.784314990741916240e+00
4.784315102825217103e+00
4.784315214850873410e+00
4.784315326885723252e+00
4.784315438929764852e+00
4.784315550916142357e+00
4.784315662911708067e+00
4.784315774849587477e+00
4.784315886796651540e+00
4.784315998752898480e+00
4.784316110651445797e+00
4.784316222559165332e+00
4.784316334409166593e+00
4.784316446268339185e+00
4.784316558069770409e+00
4.784316669880371187e+00
4.784316781700135301e+00
4.784316893462138509e+00
4.784317005233306830e+00
4.784317116946696480e+00
4.784317228669238808e+00
4.784317340400938257e+00
4.784317452074841270e+00
4.784317563757893410e+00
4.784317675383130464e+00
4.784317787017513091e+00
4.784317898661038626e+00
4.784318010246730424e+00
4.784318121774574273e+00
4.784318233378537677e+00
4.784318344924647803e+00
4.784318456412890441e+00
4.784318567910256448e+00
4.784318679416752040e+00
4.784318790865355275e+00
4.784318902323080103e+00
4.784319013722900138e+00
4.784319125131831996e+00
4.784319236549883669e+00
4.784319347910003906e+00
4.784319459279237741e+00
4.784319570590525927e+00
4.784319681910917943e+00
4.784319793240414675e+00
4.784319904511947996e+00
4.784320015792578040e+00
4.784320127015225133e+00
4.784320238246966284e+00
4.784320349420706719e+00
4.784320460603534997e+00
4.784320571795452004e+00
4.784320682929346091e+00
4.784320794072322691e+00
4.784320905224383580e+00
4.784321016318402897e+00
4.784321127421501174e+00
4.784321238466537451e+00
4.784321349520645583e+00
4.784321460516679281e+00
4.784321571521776839e+00
4.784321682535940923e+00
4.784321793492007480e+00
4.784321904457137009e+00
4.784322015364145919e+00
4.784322126280215137e+00
4.784322237205337558e+00
4.784322348072323372e+00
4.784322458948360612e+00
4.784322569766245259e+00
4.784322680593169785e+00
4.784322791429143962e+00
4.784322902206942452e+00
4.784323012993779045e+00
4.784323123722424853e+00
4.784323234460102547e+00
4.784323345206814793e+00
4.784323455895316712e+00
4.784323566525589655e+00
4.784323677232142913e+00
4.784323787880462753e+00
4.784323898470535852e+00
4.784324009069623962e+00
4.784324119677727971e+00
4.784324230227564811e+00
4.784324340786413998e+00
4.784324451354275531e+00
4.784324561863845915e+00
4.784324672382425092e+00
4.784324782842696244e+00
4.784324893311969085e+00
4.784325003722914360e+00
4.784325114142855995e+00
4.784325224571790436e+00
4.784325334942383101e+00
4.784325445321965020e+00
4.784325555710535305e+00
4.784325666040740721e+00
4.784325776379932726e+00
4.784325886660739435e+00
4.784325996950525628e+00
4.784326107181909649e+00
4.784326217422264271e+00
4.784326327671594825e+00
4.784326437862502779e+00
4.784326548062378670e+00
4.784326658271226052e+00
4.784326768421626852e+00
4.784326878513572190e+00
4.784326988681894655e+00
4.784327098791758104e+00
4.784327208843140333e+00
4.784327318903473625e+00
4.784327428972758867e+00
4.784327538983546013e+00
4.784327649003278005e+00
4.784327758964493249e+00
4.784327869002117595e+00
4.784327978913744062e+00
4.784328088834300274e+00
4.784328198763793338e+00
4.784328308702223254e+00
4.784328418582094677e+00
4.784328528470894959e+00
4.784328638301118986e+00
4.784328748140268317e+00
4.784328857920826295e+00
4.784328967710298919e+00
4.784329077508691519e+00
4.784329187248467896e+00
4.784329296997157144e+00
4.784329406754762815e+00
4.784329516453730946e+00
4.784329626161609283e+00
4.784329735810833206e+00
4.784329845468959341e+00
4.784329955068415963e+00
4.784330064744345634e+00
4.784330174294014526e+00
4.784330283920158244e+00
4.784330393487614685e+00
4.784330502996356316e+00
4.784330612513984171e+00
4.784330722040499140e+00
4.784330831508279758e+00
4.784330940984943936e+00
4.784331050470487234e+00
4.784331159897280195e+00
4.784331269332949610e+00
4.784331378709850036e+00
4.784331488095618035e+00
4.784331597490258048e+00
4.784331706826106867e+00
4.784331816170819707e+00
4.784331925456726253e+00
4.784332034751489715e+00
4.784332144055109204e+00
4.784332253299909077e+00
4.784332362553555207e+00
4.784332471748358628e+00
4.784332580952006531e+00
4.784332690164499802e+00
4.784332799318130824e+00
4.784332908480602775e+00
4.784333017651917430e+00
4.784333126764346744e+00
4.784333235817872065e+00
4.784333344947969913e+00
4.784333454019158438e+00
4.784333563031426095e+00
4.784333672052517805e+00
4.784333781082435344e+00
4.784333890053409810e+00
4.784333999033200335e+00
4.784334108021812249e+00
4.784334216951462437e+00
4.784334325889926021e+00
4.784334434769408340e+00
4.784334543657696948e+00
4.784334652554795397e+00
4.784334761392888602e+00
4.784334870239789872e+00
4.784334979027669910e+00
4.784335087824344690e+00
4.784335196629820430e+00
4.784335305376250069e+00
4.784335414131476227e+00
4.784335522827641185e+00
4.784335631600450611e+00
4.784335740246326907e+00
4.784335848968855665e+00
4.784335957564423758e+00
4.784336066236645202e+00
4.784336174849765477e+00
4.784336283471660956e+00
4.784336392034438390e+00
4.784336500605985698e+00
4.784336609186304656e+00
4.784336717707478925e+00
4.784336826237424845e+00
4.784336934708209199e+00
4.784337043187754546e+00
4.784337151676058220e+00
4.784337260105184342e+00
4.784337368543062574e+00
4.784337476921743715e+00
4.784337585377131497e+00
4.784337693705352557e+00
4.784337802110282922e+00
4.784337910388016368e+00
4.784338018742463561e+00
4.784338127037672805e+00
4.784338235341621726e+00
4.784338343586310494e+00
4.784338451839731832e+00
4.784338560101886628e+00
4.784338668304765285e+00
4.784338776516368519e+00
4.784338884668676073e+00
4.784338992829706427e+00
4.784339100999456917e+00
4.784339209109887747e+00
4.784339317229038713e+00
4.784339425356904485e+00
4.784339533425433721e+00
4.784339641502674212e+00
4.784339749520559515e+00
4.784339857547147190e+00
4.784339965582443455e+00
4.784340073558359663e+00
4.784340181542974690e+00
4.784340289468199892e+00
4.784340397402115030e+00
4.784340505344727212e+00
4.784340613227920258e+00
4.784340721119803241e+00
4.784340829020377939e+00
4.784340936861514848e+00
4.784341044643200647e+00
4.784341152501701444e+00
4.784341260300742249e+00
4.784341368040313291e+00
4.784341475856709991e+00
4.784341583545468346e+00
4.784341691311051470e+00
4.784341799017142627e+00
4.784341906731898852e+00
4.784342014387141795e+00
4.784342122051045365e+00
4.784342229655417000e+00
4.784342337268443046e+00
4.784342444890121726e+00
4.784342552520460146e+00
4.784342660091243538e+00
4.784342767602455915e+00
4.784342875190535693e+00
4.784342982650806597e+00
4.784343090187951120e+00
4.784343197665499758e+00
4.784343305151688597e+00
4.784343412578263788e+00
4.784343520013472073e+00
4.784343627457315229e+00
4.784343734841523421e+00
4.784343842234360267e+00
4.784343949567544385e+00
4.784344056909352716e+00
4.784344164259782595e+00
4.784344271550537542e+00
4.784344378849911372e+00
4.784344486157902310e+00
4.784344593406197887e+00
4.784344700594790112e+00
4.784344807860308357e+00
4.784344915066108150e+00
4.784345022280517057e+00
4.784345129435193300e+00
4.784345236598470663e+00
4.784345343701994935e+00
4.784345450814114109e+00
4.784345557934828186e+00
4.784345664995770520e+00
4.784345772065302427e+00
4.784345879143422131e+00
4.784345986161748776e+00
4.784346093188660554e+00
4.784346200224159240e+00
4.784346307199842663e+00
4.784346414115698387e+00
4.784346521108535200e+00
4.784346628041538096e+00
4.784346734914691091e+00
4.784346841864836719e+00
4.784346948686692080e+00
4.784347055585547182e+00
4.784347162424526623e+00
4.784347269272069880e+00
4.784347376059721491e+00
4.784347482855926259e+00
4.784347589592224281e+00
4.784347696405541583e+00
4.784347803090462925e+00
4.784347909852413316e+00
4.784348016554427652e+00
4.784348123264988040e+00
4.784348229915594608e+00
4.784348336574742788e+00
4.784348443242430804e+00
4.784348549850147236e+00
4.784348656466395511e+00
4.784348763022653550e+00
4.784348869587438102e+00
4.784348976160754496e+00
4.784349082674056675e+00
4.784349189195882701e+00
4.784349295726231688e+00
4.784349402196546919e+00
4.784349508675379781e+00
4.784349615094162012e+00
4.784349721521454768e+00
4.784349827957261603e+00
4.784349934332993826e+00
4.784350040717233910e+00
4.784350147109980966e+00
4.784350253442632983e+00
4.784350359783789308e+00
4.784350466064831942e+00
4.784350572354367337e+00
4.784350678652401712e+00
4.784350784958932401e+00
4.784350891136690542e+00
4.784350997391572768e+00
4.784351103586298670e+00
4.784351209789511117e+00
4.784351316001209220e+00
4.784351422152730571e+00
4.784351528312732249e+00
4.784351634412541188e+00
4.784351740520822460e+00
4.784351846637578731e+00
4.784351952694119170e+00
4.784352058759129278e+00
4.784352164763904902e+00
4.784352270777143978e+00
4.784352376798843842e+00
4.784352482829010711e+00
4.784352588798919115e+00
4.784352694708553955e+00
4.784352800695378605e+00
4.784352906553178464e+00
4.784353012488169909e+00
4.784353118362863810e+00
4.784353224246004288e+00
4.784353330068829457e+00
4.784353435968863977e+00
4.784353541739801763e+00
4.784353647587953340e+00
4.784353753375762963e+00
4.784353859103219975e+00
4.784353964839105799e+00
4.784354070583420437e+00
4.784354176336167441e+00
4.784354282028533412e+00
4.784354387729329083e+00
4.784354493369723293e+00
4.784354599018539211e+00
4.784354704675774173e+00
4.784354810272591685e+00
4.784354915877818470e+00
4.784355021422612708e+00
4.784355127044669587e+00
4.784355232537421010e+00
4.784355338107435962e+00
4.784355443616995274e+00
4.784355549134952312e+00
4.784355654592437723e+00
4.784355760058314644e+00
4.784355865532589291e+00
4.784355970946368330e+00
4.784356076368534438e+00
4.784356181730185398e+00
4.784356287100219873e+00
4.784356392478640529e+00
4.784356497796519392e+00
4.784356603191715962e+00
4.784356708457424112e+00
4.784356813731506008e+00
4.784356919013960763e+00
4.784357024304793704e+00
4.784357129535043995e+00
4.784357234773663592e+00
4.784357340020655158e+00
4.784357445207044535e+00
4.784357550332813069e+00
4.784357655535926845e+00
4.784357760678416227e+00
4.784357865829264256e+00
4.784357970919468350e+00
4.784358076018027539e+00
4.784358181055924142e+00
4.784358286102166957e+00
4.784358391156756873e+00
4.784358496219696555e+00
4.784358601221952334e+00
4.784358706232548997e+00
4.784358811182441329e+00
4.784358916140670992e+00
4.784359021107237986e+00
4.784359126013078445e+00
4.784359230927252682e+00
4.784359335780679956e+00
4.784359440711515532e+00
4.784359545581599704e+00
4.784359650390918262e+00
4.784359755208555498e+00
4.784359860034514078e+00
4.784359964799689280e+00
4.784360069573176055e+00
4.784360174354978845e+00
4.784360279075970723e+00
4.784360383805276840e+00
4.784360488542892753e+00
4.784360593219678215e+00
4.784360697904764592e+00
4.784360802529006307e+00
4.784360907161545384e+00
4.784361011802384489e+00
4.784361116451520068e+00
4.784361221039786116e+00
4.784361325567167533e+00
4.784361430172017648e+00
4.784361534715974251e+00
4.784361639199022243e+00
4.784361743759554031e+00
4.784361848189958799e+00
4.784361952697854470e+00
4.784362057144813996e+00
4.784362161600052232e+00
4.784362265994338337e+00
4.784362370396893382e+00
4.784362474807721810e+00
4.784362579226820067e+00
4.784362683584947540e+00
4.784362787882081136e+00
4.784362892256735833e+00
4.784362996501123177e+00
4.784363100823036064e+00
4.784363205083934645e+00
4.784363309353086180e+00
4.784363413630493334e+00
4.784363517846864866e+00
4.784363622071484912e+00
4.784363726235049796e+00
4.784363830406856977e+00
4.784363934586909117e+00
4.784364038705884781e+00
4.784364142833096523e+00
4.784364246968549672e+00
4.784364351042903252e+00
4.784364455125487581e+00
4.784364559146957241e+00
4.784364663246007510e+00
4.784364767214573710e+00
4.784364871260724961e+00
4.784364975245733120e+00
4.784365079238964924e+00
4.784365183171034985e+00
4.784365287111322473e+00
4.784365391059827388e+00
4.784365494947149244e+00
4.784365598842682310e+00
4.784365702746424809e+00
4.784365806588968262e+00
4.784365910439714931e+00
4.784366014298668368e+00
4.784366118096398779e+00
4.784366221902327965e+00
4.784366325647015472e+00
4.784366429469343096e+00
4.784366533160968160e+00
4.784366636930239558e+00
4.784366740638240856e+00
4.784366844354433823e+00
4.784366948009341591e+00
4.784367051672427706e+00
4.784367155343703715e+00
4.784367258953671431e+00
4.784367362571817495e+00
4.784367466198139240e+00
4.784367569763132266e+00
4.784367673336297422e+00
4.784367776848117870e+00
4.784367880368105119e+00
4.784367983896257392e+00
4.784368087432576466e+00
4.784368190907525964e+00
4.784368294390637821e+00
4.784368397812359675e+00
4.784368501242233229e+00
4.784368604680266479e+00
4.784368708056886632e+00
4.784368811441656710e+00
4.784368914834580266e+00
4.784369018166070298e+00
4.784369121505701372e+00
4.784369224853482372e+00
4.784369328139804090e+00
4.784369431434267739e+00
4.784369534667259671e+00
4.784369637978003631e+00
4.784369741157640021e+00
4.784369844415033768e+00
4.784369947610930041e+00
4.784370050814950481e+00
4.784370153957460126e+00
4.784370257108086832e+00
4.784370360266841260e+00
4.784370463364056469e+00
4.784370566469388741e+00
4.784370669582836300e+00
4.784370772634730429e+00
4.784370875694730962e+00
4.784370978762845894e+00
4.784371081769378975e+00
4.784371184784018460e+00
4.784371287806767903e+00
4.784371390767914178e+00
4.784371493737159753e+00
4.784371596644785285e+00
4.784371699630233010e+00
4.784371802484320924e+00
4.784371905416234583e+00
4.784372008286500666e+00
4.784372111164858055e+00
4.784372213981550104e+00
4.784372316806327241e+00
4.784372419639188578e+00
4.784372522480136780e+00
4.784372625259396550e+00
4.784372727976951012e+00
4.784372830772365859e+00
4.784372933506073622e+00
4.784373036178049432e+00
4.784373138927898950e+00
4.784373241546206579e+00
4.784373344242386139e+00
4.784373446876818647e+00
4.784373549519312263e+00
4.784373652169868762e+00
4.784373754758653341e+00
4.784373857355494586e+00
4.784373959890543482e+00
4.784374062503501612e+00
4.784374164984797062e+00
4.784374267544006187e+00
4.784374370041395430e+00
4.784374472546832457e+00
4.784374574990436280e+00
4.784374677442076340e+00
4.784374779901760633e+00
4.784374882299586851e+00
4.784374984705449307e+00
4.784375087119347114e+00
4.784375189471367307e+00
4.784375291901335814e+00
4.784375394199495091e+00
4.784375496505675507e+00
4.784375598819879727e+00
4.784375701142107751e+00
4.784375803402417304e+00
4.784375905670741780e+00
4.784376007947088283e+00
4.784376110161492335e+00
4.784376212383908644e+00
4.784376314614341652e+00
4.784376416782807340e+00
4.784376518959284397e+00
4.784376621073773705e+00
4.784376723196266390e+00
4.784376825326761562e+00
4.784376927465260998e+00
4.784377029541751369e+00
4.784377131626237123e+00
4.784377233648700489e+00
4.784377335679152132e+00
4.784377437717593828e+00
4.784377539764030018e+00
4.784377641748418064e+00
4.784377743670733985e+00
4.784377845671089702e+00
4.784377947609369741e+00
4.784378049555632728e+00
4.784378151439802274e+00
4.784378253331945885e+00
4.784378355232066227e+00
4.784378457070073587e+00
4.784378558916048796e+00
4.784378660769992742e+00
4.784378762561804166e+00
4.784378864361577222e+00
4.784378966169319014e+00
4.784379067914896311e+00
4.784379169668437903e+00
4.784379271359801677e+00
4.784379373129257651e+00
4.784379474836528701e+00
4.784379576481605945e+00
4.784379678134627945e+00
4.784379779795595589e+00
4.784379881464513318e+00
4.784379983071208819e+00
4.784380084685844636e+00
4.784380186308424321e+00
4.784380287868762238e+00
4.784380389437033365e+00
4.784380490943043185e+00
4.784380592456983550e+00
4.784380693978853571e+00
4.784380795508657691e+00
4.784380896976174746e+00
4.784380998451614353e+00
4.784381099864748244e+00
4.784381201285801133e+00
4.784381302714775686e+00
4.784381404151671013e+00
4.784381505526235756e+00
4.784381606838454815e+00
4.784381708228844232e+00
4.784381809556881748e+00
4.784381910892828493e+00
4.784382012166403797e+00
4.784382113447880336e+00
4.784382214737259886e+00
4.784382316034547777e+00
4.784382417269439358e+00
4.784382518441916865e+00
4.784382619692602034e+00
4.784382720880866025e+00
4.784382822077025033e+00
4.784382923210746874e+00
4.784383024352353075e+00
4.784383125501848077e+00
4.784383226588882820e+00
4.784383327683801923e+00
4.784383428786597392e+00
4.784383529826916615e+00
4.784383630875110427e+00
4.784383731931180606e+00
4.784383832924747004e+00
4.784383933926185328e+00
4.784384034935494689e+00
4.784384135882277178e+00
4.784384236836926263e+00
4.784384337799441056e+00
4.784384438699409436e+00
4.784384539607237308e+00
4.784384640522922005e+00
4.784384741376042527e+00
4.784384842237015434e+00
4.784384943105843391e+00
4.784385043912081414e+00
4.784385144726165606e+00
4.784385245548101295e+00
4.784385346307424847e+00
4.784385447074591013e+00
4.784385547849598908e+00
4.784385648561974236e+00
4.784385749282187739e+00
4.784385850010238528e+00
4.784385950675634547e+00
4.784386051348861635e+00
4.784386152029923345e+00
4.784386252648305415e+00
4.784386353274512338e+00
4.784386453908550330e+00
4.784386554479888254e+00
4.784386655059041260e+00
4.784386755575482653e+00
4.784386856170281810e+00
4.784386956702357807e+00
4.784387057171688440e+00
4.784387157719392825e+00
4.784387258204347404e+00
4.784387358626544184e+00
4.784387459127119158e+00
4.784387559494337694e+00
4.784387659939945081e+00
4.784387760322763583e+00
4.784387860713382068e+00
4.784387961111799648e+00
4.784388061447407914e+00
4.784388161790809058e+00
4.784388262142005743e+00
4.784388362430371799e+00
4.784388462726521851e+00
4.784388563030466557e+00
4.784388663271554876e+00
4.784388763520427190e+00
4.784388863777080836e+00
4.784388963970860331e+00
4.784389064172415829e+00
4.784389164381749993e+00
4.784389264528188690e+00
4.784389364682394508e+00
4.784389464844378104e+00
4.784389564943441364e+00
4.784389665050266416e+00
4.784389765164861252e+00
4.784389865216514437e+00
4.784389965275930301e+00
4.784390065343102627e+00
4.784390165347314650e+00
4.784390265359282246e+00
4.784390365379003640e+00
4.784390465335741638e+00
4.784390565300227216e+00
4.784390665272463927e+00
4.784390765181692373e+00
4.784390865098667511e+00
4.784390965023386677e+00
4.784391064885075373e+00
4.784391164754502768e+00
4.784391264631669749e+00
4.784391364516576317e+00
4.784391464338430211e+00
4.784391564097212779e+00
4.784391663934529859e+00
4.784391763708772061e+00
4.784391863490740526e+00
4.784391963209613685e+00
4.784392062936207779e+00
4.784392162670527249e+00
4.784392262341727431e+00
4.784392362020644107e+00
4.784392461707277278e+00
4.784392561401629607e+00
4.784392661032840444e+00
4.784392760671760669e+00
4.784392860247520751e+00
4.784392959830985781e+00
4.784393059422157535e+00
4.784393159021036013e+00
4.784393258556723261e+00
4.784393358100119009e+00
4.784393457580305764e+00
4.784393557068185920e+00
4.784393656563760366e+00
4.784393756067033543e+00
4.784393855507072857e+00
4.784393954954802908e+00
4.784394054339282221e+00
4.784394153731446941e+00
4.784394253131296182e+00
4.784394352538821948e+00
4.784394451883080990e+00
4.784394551235017445e+00
4.784394650594631315e+00
4.784394749890948262e+00
4.784394849194939070e+00
4.784394948506601963e+00
4.784395047754947505e+00
4.784395147010958915e+00
4.784395246203633434e+00
4.784395345474980132e+00
4.784395444682980170e+00
4.784395543827621111e+00
4.784395643050945779e+00
4.784395742210900693e+00
4.784395841307473418e+00
4.784395940482741416e+00
4.784396039594622785e+00
4.784396138714150482e+00
4.784396237770270233e+00
4.784396336834038088e+00
4.784396435905450495e+00
4.784396534913433641e+00
4.784396633929054232e+00
4.784396732952317599e+00
4.784396831983222853e+00
4.784396930950669535e+00
4.784397029925753664e+00
4.784397128837364122e+00
4.784397227756602256e+00
4.784397326683468066e+00
4.784397425617965993e+00
4.784397524488966269e+00
4.784397623367586228e+00
4.784397722182688106e+00
4.784397821005411444e+00
4.784397919835746471e+00
4.784398018673702957e+00
4.784398117448114718e+00
4.784398216230140832e+00
4.784398315019781300e+00
4.784398413745853951e+00
4.784398512479532961e+00
4.784398611220823661e+00
4.784398709898519897e+00
4.784398808583821605e+00
4.784398907276725232e+00
4.784399005906017521e+00
4.784399104542905512e+00
4.784399203187393645e+00
4.784399301768242907e+00
4.784399400356685206e+00
4.784399498952716989e+00
4.784399597556344474e+00
4.784399696096313548e+00
4.784399794572607334e+00
4.784399893127743830e+00
4.784399991619196157e+00
4.784400090118231752e+00
4.784400188553565414e+00
4.784400287067761326e+00
4.784400385518249976e+00
4.784400483905016266e+00
4.784400582299349836e+00
4.784400680701251574e+00
4.784400779110723256e+00
4.784400877456446821e+00
4.784400975809735890e+00
4.784401074170588686e+00
4.784401172467672048e+00
4.784401270772311143e+00
4.784401369084510414e+00
4.784401467332918934e+00
4.784401565588876082e+00
4.784401663852388076e+00
4.784401762052086227e+00
4.784401860259328565e+00
4.784401958474121308e+00
4.784402056696461791e+00
4.784402154854960898e+00
4.784402253021004192e+00
4.784402351123187458e+00
4.784402449232906029e+00
4.784402547350159907e+00
4.784402645474952642e+00
4.784402743535860481e+00
4.784402841604297407e+00
4.784402939680267863e+00
4.784403037692333882e+00
4.784403135711919219e+00
4.784403233667584132e+00
4.784403331702220541e+00
4.784403429672924091e+00
4.784403527579684123e+00
4.784403625565424534e+00
4.784403723487212545e+00
4.784403821416512770e+00
4.784403919281842832e+00
4.784404017154679778e+00
4.784404115035024496e+00
4.784404212851373295e+00
4.784404310746736222e+00
4.784404408578093459e+00
4.784404506345437902e+00
4.784404604120276794e+00
4.784404701902611912e+00
4.784404799692443255e+00
4.784404897418236935e+00
4.784404995151520623e+00
4.784405092892297873e+00
4.784405190569006372e+00
4.784405288253203103e+00
4.784405385944886291e+00
4.784405483572482076e+00
4.784405581207556324e+00
4.784405678850116139e+00
4.784405776428562795e+00
4.784405874014485249e+00
4.784405971607881725e+00
4.784406069208758439e+00
4.784406166745498012e+00
4.784406264289707167e+00
4.784406361769760530e+00
4.784406459328908845e+00
4.784406556823897816e+00
4.784406654254708791e+00
4.784406751692974247e+00
4.784406849138700402e+00
4.784406946591886367e+00
4.784407044052533031e+00
4.784407141448974166e+00
4.784407238781194671e+00
4.784407336192541216e+00
4.784407433539658250e+00
4.784407530894223548e+00
4.784407628184543348e+00
4.784407725482301643e+00
4.784407822787506426e+00
4.784407920100150591e+00
4.784408017348523501e+00
4.784408114604333129e+00
4.784408211795851074e+00
4.784408309066534137e+00
4.784408406272919301e+00
4.784408503414988800e+00
4.784408600636234965e+00
4.784408697793159249e+00
4.784408794957510480e+00
4.784408892057521179e+00
4.784408989164949944e+00
4.784409086279801215e+00
4.784409183330287085e+00
4.784409280459982483e+00
4.784409377525304485e+00
4.784409474526242434e+00
4.784409571534586902e+00
4.784409668550342332e+00
4.784409765573507833e+00
4.784409862532263524e+00
4.784409959498420406e+00
4.784410056471985584e+00
4.784410153381116082e+00
4.784410250297642442e+00
4.784410347221571769e+00
4.784410444152899622e+00
4.784410541019769703e+00
4.784410637894030316e+00
4.784410734703813617e+00
4.784410831520983898e+00
4.784410928345541159e+00
4.784411025177488952e+00
4.784411121944932788e+00
4.784411218719757386e+00
4.784411315501966300e+00
4.784411412219647275e+00
4.784411508944706348e+00
4.784411605677140855e+00
4.784411702345024331e+00
4.784411799092215034e+00
4.784411895702911366e+00
4.784411992392912261e+00
4.784412089018337255e+00
4.784412185651130578e+00
4.784412282291287788e+00
4.784412378866851334e+00
4.784412475449773439e+00
4.784412572040057654e+00
4.784412668565720672e+00
4.784412765098737808e+00
4.784412861639111725e+00
4.784412958114842240e+00
4.784413054597922432e+00
4.784413151088353189e+00
4.784413247586131845e+00
4.784413344019244008e+00
4.784413440459701405e+00
4.784413536835470104e+00
4.784413633290613532e+00
4.784413729681062932e+00
4.784413826006802317e+00
4.784413922411925313e+00
4.784414018752333853e+00
4.784414115100074305e+00
4.784414211383081650e+00
4.784414307673413802e+00
4.784414403971072538e+00
4.784414500203974185e+00
4.784414596516290530e+00
4.784414692763836463e+00
4.784414788946607544e+00
4.784414885208798651e+00
4.784414981406203360e+00
4.784415077538804795e+00
4.784415173750838690e+00
4.784415269898064871e+00
4.784415366052602536e+00
4.784415462142309394e+00
4.784415558239323296e+00
4.784415654343639801e+00
4.784415750455265126e+00
4.784415846502036551e+00
4.784415942556105250e+00
4.784416038545301397e+00
4.784416134613969973e+00
4.784416230617757115e+00
4.784416326628840643e+00
4.784416422575023198e+00
4.784416518528492368e+00
4.784416614489254371e+00
4.784416710457303878e+00
4.784416806360429320e+00
4.784416902270837824e+00
4.784416998116301833e+00
4.784417094041277352e+00
4.784417189901299494e+00
4.784417285696354050e+00
4.784417381570931660e+00
4.784417477380533690e+00
4.784417573197409013e+00
4.784417668949290992e+00
4.784417764708437382e+00
4.784417860474850848e+00
4.784417956248535830e+00
4.784418051957199935e+00
4.784418147673124011e+00
4.784418243396312498e+00
4.784418339054456126e+00
4.784418434719857061e+00
4.784418530392511748e+00
4.784418626000107366e+00
4.784418721687278442e+00
4.784418817237042987e+00
4.784418912866387430e+00
4.784419008430642606e+00
4.784419104002140877e+00
4.784419199580887572e+00
4.784419295094518354e+00
4.784419390615388679e+00
4.784419486143500322e+00
4.784419581606479177e+00
4.784419677149069905e+00
4.784419772554128869e+00
4.784419868038808588e+00
4.784419963458326208e+00
4.784420058885071825e+00
4.784420154319045437e+00
4.784420249687837412e+00
4.784420345063850277e+00
4.784420440447085809e+00
4.784420535765115723e+00
4.784420631162803694e+00
4.784420726422827563e+00
4.784420821762512155e+00
4.784420917036962706e+00
4.784421012318626154e+00
4.784421107607503387e+00
4.784421202831122599e+00
4.784421298061950267e+00
4.784421393299982839e+00
4.784421488472737849e+00
4.784421583725186444e+00
4.784421678839851921e+00
4.784421774034210983e+00
4.784421869163268504e+00
4.784421964299516716e+00
4.784422059442965391e+00
4.784422154521086767e+00
4.784422249606397060e+00
4.784422344698898044e+00
4.784422439798590609e+00
4.784422534832931007e+00
4.784422629874455879e+00
4.784422724850609043e+00
4.784422819833939577e+00
4.784422914824448370e+00
4.784423009822137196e+00
4.784423104754429446e+00
4.784423199766479229e+00
4.784423294640530955e+00
4.784423389594345544e+00
4.784423484482733357e+00
4.784423579378291436e+00
4.784423674208405863e+00
4.784423769118300029e+00
4.784423863962741663e+00
4.784423958741715666e+00
4.784424053600482729e+00
4.784424148393775056e+00
4.784424243194225213e+00
4.784424337929185533e+00
4.784424432743951350e+00
4.784424527493214896e+00
4.784424622176965514e+00
4.784424716867857974e+00
4.784424811638577246e+00
4.784424906271085298e+00
4.784425000983420162e+00
4.784425095630211011e+00
4.784425190284142815e+00
4.784425284872509287e+00
4.784425379540722112e+00
4.784425474070646445e+00
4.784425568680418017e+00
4.784425663297329656e+00
4.784425757848644878e+00
4.784425852334353912e+00
4.784425946899925286e+00
4.784426041399881591e+00
4.784426135906962863e+00
4.784426230421170878e+00
4.784426324869737179e+00
4.784426419325423119e+00
4.784426513788228696e+00
4.784426608185372132e+00
4.784426702589628988e+00
4.784426797000997489e+00
4.784426891419481187e+00
4.784426985772278762e+00
4.784427080132184429e+00
4.784427174499193747e+00
4.784427268800499178e+00
4.784427363108902931e+00
4.784427457424410335e+00
4.784427551674180989e+00
4.784427645931049078e+00
4.784427740195015488e+00
4.784427834466081109e+00
4.784427928671384223e+00
4.784428022883779441e+00
4.784428117103265876e+00
4.784428211329846192e+00
4.784428305490640909e+00
4.784428399658523290e+00
4.784428493760597867e+00
4.784428587869751226e+00
4.784428681985986920e+00
4.784428776109300507e+00
4.784428870166784975e+00
4.784428964304263232e+00
4.784429058302976046e+00
4.784429152381686201e+00
4.784429246394540591e+00
4.784429340414460441e+00
4.784429434441453743e+00
4.784429528402564635e+00
4.784429622370739210e+00
4.784429716345979244e+00
4.784429810255316440e+00
4.784429904171709325e+00
4.784429998095159675e+00
4.784430092025672820e+00
4.784430185890253817e+00
4.784430279761887839e+00
4.784430373640578438e+00
4.784430467526321173e+00
4.784430561346106892e+00
4.784430655172943858e+00
4.784430748933801603e+00
4.784430842701702602e+00
4.784430936476644192e+00
4.784431030258630813e+00
4.784431123974610678e+00
4.784431217770681144e+00
4.784431311427682409e+00
4.784431405164777829e+00
4.784431498835844287e+00
4.784431592513941567e+00
4.784431686199069667e+00
4.784431779818147490e+00
4.784431873444249916e+00
4.784431967077376946e+00
4.784432060717534796e+00
4.784432154291613948e+00
4.784432247872711486e+00
4.784432341387713450e+00
4.784432434982850424e+00
4.784432528511885607e+00
4.784432622047934736e+00
4.784432715517860757e+00
4.784432808994795394e+00
4.784432902478735983e+00
4.784432995969689628e+00
4.784433089394495298e+00
4.784433182826300701e+00
4.784433276265114721e+00
4.784433369637749678e+00
4.784433463090572047e+00
4.784433556477211802e+00
4.784433649797653842e+00
4.784433743125092953e+00
4.784433836532724804e+00
4.784433929800941954e+00
4.784434023149358062e+00
4.784434116431547146e+00
4.784434209720720865e+00
4.784434302943659567e+00
4.784434396246807886e+00
4.784434489483710529e+00
4.784434582654341739e+00
4.784434675905202994e+00
4.784434769089790151e+00
4.784434862281353062e+00
4.784434955479896168e+00
4.784435048612138530e+00
4.784435141751351317e+00
4.784435234897538081e+00
4.784435327977401897e+00
4.784435421064231697e+00
4.784435514158027480e+00
4.784435607258789247e+00
4.784435700293203197e+00
4.784435793334578690e+00
4.784435886382913949e+00
4.784435979364879188e+00
4.784436072353794422e+00
4.784436165349670311e+00
4.784436258352498861e+00
4.784436351288933409e+00
4.784436444232311736e+00
4.784436537182642724e+00
4.784436630066556617e+00
4.784436722957408961e+00
4.784436815855207747e+00
4.784436908759949425e+00
4.784437001598247363e+00
4.784437094443481087e+00
4.784437187295655924e+00
4.784437280081361266e+00
4.784437372947410338e+00
4.784437465673562428e+00
4.784437558480066244e+00
4.784437651220073917e+00
4.784437743967008494e+00
4.784437836720866422e+00
4.784437929481658358e+00
4.784438022175929284e+00
4.784438114877118231e+00
4.784438207511769292e+00
4.784438300226801388e+00
4.784438392875287605e+00
4.784438485457206625e+00
4.784438578119520891e+00
4.784438670715264408e+00
4.784438763317917953e+00
4.784438855927483303e+00
4.784438948470453923e+00
4.784439041020331018e+00
4.784439133577112813e+00
4.784439226067275897e+00
4.784439318637867089e+00
4.784439411141834242e+00
4.784439503579164032e+00
4.784439596096926373e+00
4.784439688548043357e+00
4.784439781006057935e+00
4.784439873397401399e+00
4.784439965795634464e+00
4.784440058200755352e+00
4.784440150612767617e+00
4.784440242958083900e+00
4.784440335310284453e+00
4.784440427669368390e+00
4.784440520035334821e+00
4.784440612334583065e+00
4.784440704640708475e+00
4.784440796953711938e+00
4.784440889199974123e+00
4.784440981453106367e+00
4.784441073713113113e+00
4.784441165979990807e+00
4.784441258180101464e+00
4.784441350387076852e+00
4.784441442600919636e+00
4.784441534747967850e+00
4.784441626975548978e+00
4.784441719062651366e+00
4.784441811230286667e+00
4.784441903331103418e+00
4.784441995512461077e+00
4.784442087553300027e+00
4.784442179674684326e+00
4.784442271729223428e+00
4.784442363790613939e+00
4.784442455858853194e+00
4.784442547860225936e+00
4.784442639868441205e+00
4.784442731883503441e+00
4.784442823831673408e+00
4.784442915860424250e+00
4.784443007822273941e+00
4.784443099717211823e+00
4.784443191692738573e+00
4.784443283601344632e+00
4.784443375516782559e+00
4.784443467439061237e+00
4.784443559294389914e+00
4.784443651156550459e+00
4.784443743025535767e+00
4.784443834827556863e+00
4.784443926636396505e+00
4.784444018452060021e+00
4.784444110274547413e+00
4.784444202030040394e+00
4.784444293792348368e+00
4.784444385561479329e+00
4.784444477337423507e+00
4.784444569046348406e+00
4.784444660762084744e+00
4.784444752484634300e+00
4.784444844140139708e+00
4.784444935802451226e+00
4.784445027471567968e+00
4.784445119147491710e+00
4.784445210756345546e+00
4.784445302372001052e+00
4.784445393994457341e+00
4.784445485549817967e+00
4.784445577111975823e+00
4.784445668680927355e+00
4.784445760256671676e+00
4.784445851765299906e+00
4.784445943280714708e+00
4.784446034802921410e+00
4.784446126331920013e+00
4.784446217793770550e+00
4.784446309262404995e+00
4.784446400737826011e+00
4.784446492146074092e+00
4.784446583561102528e+00
4.784446674982906877e+00
4.784446766411495133e+00
4.784446857772883810e+00
4.784446949141045735e+00
4.784447040515982685e+00
4.784447131897691996e+00
4.784447223212181299e+00
4.784447314533436746e+00
4.784447405861460112e+00
4.784447497122235049e+00
4.784447588389775241e+00
4.784447679664075359e+00
4.784447770945140732e+00
4.784447862158932807e+00
4.784447953379478591e+00
4.784448044606786077e+00
4.784448135766793619e+00
4.784448226933551318e+00
4.784448318107061837e+00
4.784448409287324289e+00
4.784448500400263704e+00
4.784448591519948835e+00
4.784448682646376128e+00
4.784448773779556241e+00
4.784448864845384009e+00
4.784448955917948609e+00
4.784449046997258037e+00
4.784449138009192914e+00
4.784449229101983114e+00
4.784449320127392546e+00
4.784449411085406112e+00
4.784449502124282105e+00
4.784449593095756903e+00
4.784449684073959652e+00
4.784449774984739889e+00
4.784449865902242749e+00
4.784449956826466455e+00
4.784450047757419000e+00
4.784450138695095056e+00
4.784450229565319290e+00
4.784450320442259041e+00
4.784450411251727431e+00
4.784450502142106210e+00
4.784450592964997639e+00
4.784450683794610804e+00
4.784450774556718855e+00
4.784450865399755060e+00
4.784450956175282599e+00
4.784451046883287262e+00
4.784451137672227183e+00
4.784451228393638900e+00
4.784451319121746593e+00
4.784451409856561810e+00
4.784451500523823064e+00
4.784451591197781184e+00
4.784451681878432616e+00
4.784451772491509658e+00
4.784451863185555709e+00
4.784451953812016711e+00
4.784452044445170138e+00
4.784452135010720752e+00
4.784452225582952245e+00
4.784452316161871721e+00
4.784452406747478292e+00
4.784452497265452742e+00
4.784452587790107181e+00
4.784452678321439834e+00
4.784452768859457805e+00
4.784452859329814345e+00
4.784452949806848210e+00
4.784453040290554959e+00
4.784453130780939922e+00
4.784453221203637696e+00
4.784453311633008354e+00
4.784453401994674060e+00
4.784453492437378941e+00
4.784453582812371764e+00
4.784453673194027701e+00
4.784453763582349417e+00
4.784453853902937759e+00
4.784453944230184774e+00
4.784454034564086911e+00
4.784454124830232580e+00
4.784454215177452951e+00
4.784454305456907086e+00
4.784454395668579885e+00
4.784454485961338044e+00
4.784454576186305985e+00
4.784454666417921942e+00
4.784454756656185914e+00
4.784454846826638352e+00
4.784454937003729036e+00
4.784455027187469511e+00
4.784455117377847344e+00
4.784455207500386997e+00
4.784455297629563120e+00
4.784455387765375711e+00
4.784455477833326142e+00
4.784455567982412560e+00
4.784455658063625272e+00
4.784455748076954507e+00
4.784455838171432163e+00
4.784455928198013908e+00
4.784456018231221464e+00
4.784456108196517121e+00
4.784456198242976299e+00
4.784456288221512921e+00
4.784456378206670912e+00
4.784456468123888584e+00
4.784456558122286651e+00
4.784456648052738181e+00
4.784456737989801312e+00
4.784456827858898365e+00
4.784456917734605241e+00
4.784457007616921054e+00
4.784457097505844914e+00
4.784457187326776939e+00
4.784457277228923111e+00
4.784457366988446481e+00
4.784457456829188438e+00
4.784457546601911915e+00
4.784457636455859308e+00
4.784457726167143932e+00
4.784457815959662241e+00
4.784457905684130097e+00
4.784457995415191789e+00
4.784458085152846429e+00
4.784458174897095795e+00
4.784458264573268949e+00
4.784458354256029722e+00
4.784458443945379003e+00
4.784458533566629868e+00
4.784458623194462135e+00
4.784458712828876692e+00
4.784458802469869987e+00
4.784458892042740885e+00
4.784458981622188745e+00
4.784459071208210013e+00
4.784459160800810018e+00
4.784459250325260982e+00
4.784459339856277360e+00
4.784459429393868923e+00
4.784459518938029454e+00
4.784459608414011633e+00
4.784459697896560115e+00
4.784459787385673124e+00
4.784459876806585577e+00
4.784459966234053674e+00
4.784460055668083633e+00
4.784460145108676343e+00
4.784460234481032970e+00
4.784460323934743187e+00
4.784460413245414934e+00
4.784460502637436718e+00
4.784460591961205544e+00
4.784460681366338619e+00
4.784460770628383486e+00
4.784460859971797042e+00
4.784460949246928330e+00
4.784461038528601939e+00
4.784461127816819648e+00
4.784461217111578790e+00
4.784461306338032571e+00
4.784461395571025122e+00
4.784461484810552001e+00
4.784461573981744209e+00
4.784461663159468969e+00
4.784461752343725394e+00
4.784461841534515258e+00
4.784461930656943807e+00
4.784462019860798776e+00
4.784462108921379908e+00
4.784462198063389238e+00
4.784462287137011494e+00
4.784462376292076158e+00
4.784462465303816359e+00
4.784462554397003409e+00
4.784462643421773187e+00
4.784462732453060418e+00
4.784462821490862439e+00
4.784462910535184577e+00
4.784462999511061909e+00
4.784463088493449590e+00
4.784463177482347618e+00
4.784463266402779524e+00
4.784463355404700025e+00
4.784463444338147298e+00
4.784463533203103580e+00
4.784463622149559114e+00
4.784463711027515664e+00
4.784463799911972792e+00
4.784463888802928722e+00
4.784463977625366127e+00
4.784464066454295228e+00
4.784464155289721354e+00
4.784464244131640953e+00
4.784464332905010941e+00
4.784464421684870850e+00
4.784464510471218901e+00
4.784464599264057760e+00
4.784464687988320364e+00
4.784464776719070223e+00
4.784464865456294902e+00
4.784464954124928227e+00
4.784465042875122087e+00
4.784465131556713047e+00
4.784465220169681565e+00
4.784465308864223942e+00
4.784465397490137661e+00
4.784465486122521760e+00
4.784465574761380680e+00
4.784465663331583407e+00
4.784465751983387527e+00
4.784465840566530126e+00
4.784465929080996993e+00
4.784466017677070582e+00
4.784466106204461333e+00
4.784466194738310918e+00
4.784466283203461678e+00
4.784466371750233371e+00
4.784466460228293805e+00
4.784466548712811296e+00
4.784466637203785844e+00
4.784466725626024264e+00
4.784466814054714412e+00
4.784466902489854512e+00
4.784466990856237167e+00
4.784467079304275394e+00
4.784467167683549960e+00
4.784467256069269148e+00
4.784467344386202470e+00
4.784467432784812679e+00
4.784467521114628141e+00
4.784467609375637309e+00
4.784467697718328694e+00
4.784467785992199573e+00
4.784467874272513299e+00
4.784467962559252996e+00
4.784468050852435539e+00
4.784468139076771820e+00
4.784468227307533184e+00
4.784468315544726735e+00
4.784468403713055373e+00
4.784468491887802877e+00
4.784468580068973687e+00
4.784468668256566914e+00
4.784468756375267695e+00
4.784468844575706648e+00
4.784468932631916971e+00
4.784469020769868131e+00
4.784469108914242597e+00
4.784469196989688200e+00
4.784469285071546452e+00
4.784469373084463406e+00
4.784469461179142513e+00
4.784469549204869665e+00
4.784469637237004136e+00
4.784469725200174217e+00
4.784469813245117109e+00
4.784469901221085841e+00
4.784469989203453011e+00
4.784470077116820264e+00
4.784470165111993190e+00
4.784470253038154652e+00
4.784470340970711888e+00
4.784470428834245226e+00
4.784470516779593119e+00
4.784470604655905568e+00
4.784470692538610237e+00
4.784470780352263475e+00
4.784470868172296498e+00
4.784470955998713748e+00
4.784471043831514336e+00
4.784471131670701816e+00
4.784471219440805001e+00
4.784471307217287084e+00
4.784471395000148952e+00
4.784471482713901658e+00
4.784471570509520433e+00
4.784471658236022051e+00
4.784471745968899015e+00
4.784471833632640170e+00
4.784471921302750452e+00
4.784472008979220981e+00
4.784472096662065077e+00
4.784472184351279189e+00
4.784472271971327295e+00
4.784472359597737423e+00
4.784472447230509573e+00
4.784472534794092624e+00
4.784472622364027039e+00
4.784472709940323476e+00
4.784472797522974830e+00
4.784472885111989982e+00
4.784472972631776955e+00
4.784473060157917956e+00
4.784473147614819233e+00
4.784473235153661186e+00
4.784473322623253644e+00
4.784473410099194801e+00
4.784473497581479329e+00
4.784473584994493933e+00
4.784473672413846579e+00
4.784473759839539042e+00
4.784473847271573987e+00
4.784473934709952303e+00
4.784474022079026057e+00
4.784474109454436963e+00
4.784474196760522879e+00
4.784474284148598322e+00
4.784474371467346110e+00
4.784474458792422169e+00
4.784474546123829164e+00
4.784474633385880971e+00
4.784474720654257496e+00
4.784474807928956963e+00
4.784474895209980261e+00
4.784474982421622613e+00
4.784475069639583467e+00
4.784475156863863710e+00
4.784475244094458013e+00
4.784475331255648278e+00
4.784475418498884025e+00
4.784475505672709517e+00
4.784475592777094555e+00
4.784475679963536621e+00
4.784475767080542674e+00
4.784475854203852130e+00
4.784475941257704257e+00
4.784476028393628511e+00
4.784476115460084777e+00
4.784476202532843558e+00
4.784476289611907518e+00
4.784476376621480398e+00
4.784476463637343358e+00
4.784476550659508831e+00
4.784476637687968825e+00
4.784476724646912871e+00
4.784476811612145219e+00
4.784476898583670312e+00
4.784476985561484597e+00
4.784477072469753622e+00
4.784477159384310063e+00
4.784477246305147702e+00
4.784477333232278085e+00
4.784477420089829458e+00
4.784477507029524901e+00
4.784477593899643111e+00
4.784477680700164548e+00
4.784477767582838936e+00
4.784477854395912111e+00
4.784477941215258490e+00
4.784478027964979674e+00
4.784478114796872461e+00
4.784478201559134725e+00
4.784478288327664863e+00
4.784478375102466430e+00
4.784478461807610827e+00
4.784478548519016883e+00
4.784478635236689037e+00
4.784478721960622849e+00
4.784478808614875511e+00
4.784478895351338856e+00
4.784478982018112170e+00
4.784479068615178576e+00
4.784479155294464547e+00
4.784479241904037394e+00
4.784479328519862129e+00
4.784479415141939640e+00
4.784479501694280046e+00
4.784479588252867899e+00
4.784479674817699646e+00
4.784479761388779728e+00
4.784479847890098725e+00
4.784479934473668372e+00
4.784480020987475157e+00
4.784480107431485330e+00
4.784480193957771910e+00
4.784480280414257436e+00
4.784480366876980639e+00
4.784480453345939743e+00
4.784480539745078254e+00
4.784480626150446447e+00
4.784480712562045213e+00
4.784480798979873661e+00
4.784480885403938011e+00
4.784480971758145351e+00
4.784481058118582375e+00
4.784481144485242865e+00
4.784481230782029471e+00
4.784481317161141334e+00
4.784481403470369543e+00
4.784481489709698110e+00
4.784481576031364369e+00
4.784481662283117664e+00
4.784481748541092649e+00
4.784481834805276002e+00
4.784481921075680155e+00
4.784482007276148252e+00
4.784482093482823828e+00
4.784482179695709547e+00
4.784482265838635229e+00
4.784482352063937682e+00
4.784482438219272993e+00
4.784482524380813118e+00
4.784482610472365671e+00
4.784482696646310984e+00
4.784482782750262508e+00
4.784482868860413518e+00
4.784482954900548535e+00
4.784483041023091410e+00
4.784483127075614739e+00
4.784483213134330448e+00
4.784483299123006184e+00
4.784483385194103988e+00
4.784483471195153825e+00
4.784483557202390713e+00
4.784483643139558318e+00
4.784483729159168419e+00
4.784483815108700355e+00
4.784483901064415790e+00
4.784483987026312057e+00
4.784484072918107955e+00
4.784484158816077581e+00
4.784484244720224488e+00
4.784484330630548676e+00
4.784484416470744961e+00
4.784484502393419270e+00
4.784484588245956793e+00
4.784484674028348650e+00
4.784484759893226524e+00
4.784484845687949850e+00
4.784484931488831805e+00
4.784485017295879494e+00
4.784485103032748654e+00
4.784485188852126925e+00
4.784485274601314231e+00
4.784485360280297250e+00
4.784485446041802703e+00
4.784485531733094099e+00
4.784485617430536131e+00
4.784485703134134127e+00
4.784485788843887200e+00
4.784485874483398682e+00
4.784485960129059023e+00
4.784486045780865560e+00
4.784486131438824508e+00
4.784486217026512556e+00
4.784486302620342357e+00
4.784486388220316577e+00
4.784486473826433439e+00
4.784486559362253644e+00
4.784486644904212049e+00
4.784486730452305103e+00
4.784486816006538135e+00
4.784486901490446087e+00
4.784486986980484247e+00
4.784487072476654390e+00
4.784487157978957406e+00
4.784487243487395070e+00
4.784487328925477456e+00
4.784487414369682945e+00
4.784487499820019529e+00
4.784487585199974191e+00
4.784487670586049290e+00
4.784487755978242163e+00
4.784487841376559025e+00
4.784487926780998102e+00
4.784488012115024169e+00
4.784488097455167122e+00
4.784488182801424294e+00
4.784488268077248918e+00
4.784488353435736308e+00
4.784488438723780490e+00
4.784488524017938005e+00
4.784488609241630108e+00
4.784488694548001853e+00
4.784488779783906409e+00
4.784488865025915416e+00
4.784488950274028873e+00
4.784489035451646721e+00
4.784489120635366355e+00
4.784489205825180669e+00
4.784489291021096768e+00
4.784489376146490613e+00
4.784489461277977362e+00
4.784489546415554351e+00
4.784489631559228684e+00
4.784489716708994145e+00
4.784489801788208929e+00
4.784489886873513065e+00
4.784489971964905664e+00
4.784490056985716500e+00
4.784490142089284248e+00
4.784490227122265793e+00
4.784490312161329584e+00
4.784490397129787631e+00
4.784490482181017690e+00
4.784490567161633123e+00
4.784490652148326362e+00
4.784490737064385435e+00
4.784490822063231619e+00
4.784490906991434755e+00
4.784490991925707704e+00
4.784491076789326058e+00
4.784491161735743958e+00
4.784491246611489501e+00
4.784491331493304855e+00
4.784491416381184692e+00
4.784491501198377073e+00
4.784491586021622389e+00
4.784491670927701001e+00
4.784491755686299364e+00
4.784491840527731910e+00
4.784491925298440584e+00
4.784492010075198642e+00
4.784492094858015854e+00
4.784492179646889554e+00
4.784492264365012737e+00
4.784492349089186192e+00
4.784492433819404589e+00
4.784492518555675034e+00
4.784492603221166540e+00
4.784492687892698548e+00
4.784492772570278163e+00
4.784492857253901832e+00
4.784492941866717253e+00
4.784493026562436135e+00
4.784493111187329006e+00
4.784493195741395866e+00
4.784493280378366187e+00
4.784493364944500726e+00
4.784493449516664221e+00
4.784493534094864664e+00
4.784493618679098503e+00
4.784493703192468139e+00
4.784493787711857848e+00
4.784493872237279177e+00
4.784493956768731238e+00
4.784494041229287120e+00
4.784494125695864852e+00
4.784494210168463546e+00
4.784494294647084089e+00
4.784494379054784474e+00
4.784494463545452270e+00
4.784494547888231253e+00
4.784494632313980311e+00
4.784494716745746778e+00
4.784494801106562001e+00
4.784494885473386638e+00
4.784494969846221579e+00
4.784495054148079518e+00
4.784495138532937730e+00
4.784495222846811835e+00
4.784495307166690026e+00
4.784495391415559240e+00
4.784495475747448268e+00
4.784495560008322101e+00
4.784495644275194692e+00
4.784495728548070481e+00
4.784495812749909760e+00
4.784495896957739802e+00
4.784495981171565049e+00
4.784496065391387276e+00
4.784496149617204708e+00
4.784496233771952767e+00
4.784496317932690701e+00
4.784496402099415846e+00
4.784496486195052078e+00
4.784496570373754309e+00
4.784496654481357858e+00
4.784496738594943288e+00
4.784496822637409608e+00
4.784496906762962354e+00
4.784496990817386219e+00
4.784497074877790190e+00
4.784497158944171602e+00
4.784497242939398376e+00
4.784497327017738222e+00
4.784497411024914548e+00
4.784497494960914032e+00
4.784497578980034582e+00
4.784497662927968520e+00
4.784497746881873681e+00
4.784497830841738519e+00
4.784497914807577246e+00
4.784497998702202715e+00
4.784498082602788749e+00
4.784498166509336237e+00
4.784498250421844290e+00
4.784498334263115105e+00
4.784498418187550506e+00
4.784498502040735346e+00
4.784498585822657191e+00
4.784498669687753392e+00
4.784498753481576827e+00
4.784498837281351058e+00
4.784498921087074308e+00
4.784499004898752794e+00
4.784499088639129205e+00
4.784499172385451971e+00
4.784499256137717538e+00
4.784499339895930348e+00
4.784499423582813549e+00
4.784499507352919956e+00
4.784499591051686984e+00
4.784499674679106640e+00
4.784499758389751278e+00
4.784499842029035221e+00
4.784499925674255749e+00
4.784500009325408421e+00
4.784500092982498565e+00
4.784500176568201368e+00
4.784500260159830098e+00
4.784500343757389196e+00
4.784500427360877772e+00
4.784500510892954139e+00
4.784500594508298121e+00
4.784500678052221012e+00
4.784500761524705936e+00
4.784500845080473574e+00
4.784500928564794364e+00
4.784501012055030422e+00
4.784501095551186189e+00
4.784501179053262554e+00
4.784501262483859207e+00
4.784501345920372017e+00
4.784501429362792990e+00
4.784501512811128343e+00
4.784501596187961781e+00
4.784501679570701604e+00
4.784501762959345150e+00
4.784501846353899523e+00
4.784501929754361171e+00
4.784502013083285377e+00
4.784502096418109751e+00
4.784502179758840512e+00
4.784502263105471442e+00
4.784502346380539173e+00
4.784502429661500855e+00
4.784502512948360931e+00
4.784502596241114070e+00
4.784502679462280028e+00
4.784502762766826400e+00
4.784502845999779375e+00
4.784502929161108753e+00
4.784503012405835420e+00
4.784503095578938492e+00
4.784503178757924857e+00
4.784503261942797181e+00
4.784503345133556351e+00
4.784503428252662616e+00
4.784503511455191926e+00
4.784503594586062114e+00
4.784503677645256303e+00
4.784503760787883309e+00
4.784503843858826322e+00
4.784503926935641971e+00
4.784504010018335585e+00
4.784504093106899170e+00
4.784504176123756558e+00
4.784504259146478589e+00
4.784504342175068814e+00
4.784504425209534340e+00
4.784504508172252812e+00
4.784504591140835039e+00
4.784504674115281908e+00
4.784504757095589866e+00
4.784504840081766019e+00
4.784504922996168474e+00
4.784505005916427578e+00
4.784505088842545995e+00
4.784505171774522836e+00
4.784505254634700222e+00
4.784505337500727151e+00
4.784505420372607176e+00
4.784505503250339409e+00
4.784505586056244653e+00
4.784505668945683965e+00
4.784505751763284742e+00
4.784505834586731510e+00
4.784505917338324643e+00
4.784506000173466056e+00
4.784506082936744065e+00
4.784506165705861847e+00
4.784506248403096684e+00
4.784506331183895789e+00
4.784506413892804844e+00
4.784506496607543902e+00
4.784506579328123621e+00
4.784506661976783981e+00
4.784506744709035253e+00
4.784506827369360060e+00
4.784506910035517535e+00
4.784506992629729893e+00
4.784507075307542934e+00
4.784507157913406417e+00
4.784507240525091909e+00
4.784507323142605628e+00
4.784507405688142256e+00
4.784507488317302659e+00
4.784507570874480642e+00
4.784507653437482411e+00
4.784507735928471561e+00
4.784507818503106691e+00
4.784507901005730091e+00
4.784507983514164842e+00
4.784508066028414497e+00
4.784508148470632882e+00
4.784508230918650185e+00
4.784508313372477950e+00
4.784508395832118843e+00
4.784508478297562206e+00
4.784508560690938772e+00
4.784508643168004838e+00
4.784508725495101977e+00
4.784508807905887728e+00
4.784508890322480390e+00
4.784508972666971616e+00
4.784509055017259982e+00
4.784509137373344601e+00
4.784509219657308243e+00
4.784509302024983590e+00
4.784509384320530856e+00
4.784509466621869933e+00
4.784509548929001710e+00
4.784509631163977872e+00
4.784509713404734299e+00
4.784509795651281649e+00
4.784509877903615482e+00
4.784509960161734021e+00
4.784510042347664971e+00
4.784510124539377074e+00
4.784510206736869442e+00
4.784510288940145628e+00
4.784510371071202250e+00
4.784510453286036302e+00
4.784510535428648126e+00
4.784510617499018181e+00
4.784510699653177213e+00
4.784510781735086482e+00
4.784510863900797162e+00
4.784510945916213842e+00
4.784511028015431933e+00
4.784511110120424959e+00
4.784511192153134473e+00
4.784511274191610042e+00
4.784511356235849000e+00
4.784511438207783129e+00
4.784511520263551532e+00
4.784511602247005335e+00
4.784511684236218088e+00
4.784511766153096701e+00
4.784511848153827351e+00
4.784511930082214981e+00
4.784512012016357119e+00
4.784512093956248435e+00
4.784512175823777191e+00
4.784512257775177524e+00
4.784512339654204638e+00
4.784512421538977378e+00
4.784512503429502850e+00
4.784512585247626681e+00
4.784512667071494363e+00
4.784512748901103230e+00
4.784512830736454170e+00
4.784512912577548072e+00
4.784512994346215464e+00
4.784513076120616049e+00
4.784513157900755154e+00
4.784513239686630115e+00
4.784513321400048369e+00
4.784513403197398596e+00
4.784513484922283233e+00
4.784513566652899286e+00
4.784513648311027545e+00
4.784513730053104652e+00
4.784513811722689525e+00
4.784513893397999595e+00
4.784513975000793451e+00
4.784514056687556582e+00
4.784514138301788400e+00
4.784514219921745415e+00
4.784514301547421411e+00
4.784514383178820829e+00
4.784514464737666728e+00
4.784514546302229832e+00
4.784514627872507475e+00
4.784514709448496994e+00
4.784514791030207270e+00
4.784514872539334718e+00
4.784514954054169600e+00
4.784515035574714581e+00
4.784515117022650976e+00
4.784515198554613491e+00
4.784515280013960314e+00
4.784515361479011908e+00
4.784515442949766495e+00
4.784515524347883186e+00
4.784515605830044649e+00
4.784515687239564663e+00
4.784515768654775236e+00
4.784515849997321268e+00
4.784515931423928947e+00
4.784516012777863203e+00
4.784516094137488906e+00
4.784516175502808721e+00
4.784516256873823536e+00
4.784516338172133842e+00
4.784516419476128490e+00
4.784516500785815474e+00
4.784516582101185023e+00
4.784516663343826082e+00
4.784516744670574084e+00
4.784516825924587380e+00
4.784516907105832217e+00
4.784516988371199098e+00
4.784517069563804625e+00
4.784517150840537525e+00
4.784517232044499302e+00
4.784517313175670417e+00
4.784517394390982226e+00
4.784517475533496267e+00
4.784517556681679551e+00
4.784517637835535631e+00
4.784517718995063618e+00
4.784517800081768080e+00
4.784517881252640770e+00
4.784517962350672171e+00
4.784518043375863172e+00
4.784518124485228618e+00
4.784518205521739453e+00
4.784518286563905320e+00
4.784518367611731549e+00
4.784518448665220802e+00
4.784518529724373970e+00
4.784518610710632558e+00
4.784518691702545290e+00
4.784518772700120159e+00
4.784518853624772028e+00
4.784518934633649856e+00
4.784519015569606459e+00
4.784519096511209213e+00
4.784519177458465222e+00
4.784519258332772473e+00
4.784519339291326112e+00
4.784519420176924775e+00
4.784519501068164260e+00
4.784519581886431894e+00
4.784519662788956573e+00
4.784519743618502297e+00
4.784519824453683512e+00
4.784519905294503772e+00
4.784519986062315766e+00
4.784520066914414116e+00
4.784520147693494430e+00
4.784520228478207571e+00
4.784520309268550875e+00
4.784520389985861044e+00
4.784520470787471780e+00
4.784520551516035169e+00
4.784520632171535226e+00
4.784520712911350060e+00
4.784520793656795945e+00
4.784520874329163398e+00
4.784520955007154797e+00
4.784521035690763036e+00
4.784521116301274191e+00
4.784521196996128545e+00
4.784521277617871604e+00
4.784521358245235945e+00
4.784521438799467674e+00
4.784521519438062143e+00
4.784521600003516895e+00
4.784521680574581382e+00
4.784521761151257380e+00
4.784521841733545777e+00
4.784521922242668701e+00
4.784522002836178345e+00
4.784522083356518074e+00
4.784522163803664796e+00
4.784522244335208008e+00
4.784522324793554660e+00
4.784522405257500388e+00
4.784522485727043417e+00
4.784522566202189964e+00
4.784522646682938252e+00
4.784522727090455341e+00
4.784522807503565289e+00
4.784522887922271650e+00
4.784522968346571759e+00
4.784523048697614911e+00
4.784523129054244706e+00
4.784523209416462919e+00
4.784523289784271327e+00
4.784523370157668154e+00
4.784523450457774274e+00
4.784523530763464372e+00
4.784523611074735783e+00
4.784523691391592060e+00
4.784523771714036755e+00
4.784523851963153440e+00
4.784523932217847886e+00
4.784524012478122756e+00
4.784524092743975388e+00
4.784524172936473363e+00
4.784524253134542882e+00
4.784524333338187496e+00
4.784524413547402766e+00
4.784524493762193131e+00
4.784524573903597755e+00
4.784524654050568593e+00
4.784524734203105645e+00
4.784524814361210687e+00
4.784524894524883720e+00
4.784524974615140813e+00
4.784525054710957903e+00
4.784525134812337654e+00
4.784525214919278291e+00
4.784525294952773677e+00
4.784525375070834308e+00
4.784525455115447912e+00
4.784525535165614407e+00
4.784525615142312560e+00
4.784525695203583950e+00
4.784525775191379005e+00
4.784525855184725174e+00
4.784525935183621570e+00
4.784526015109010544e+00
4.784526095119004729e+00
4.784526175055490604e+00
4.784526254997513384e+00
4.784526334945083725e+00
4.784526414819117335e+00
4.784526494698687848e+00
4.784526574662895548e+00
4.784526654474445806e+00
4.784526734370635026e+00
4.784526814272362039e+00
4.784526894100521233e+00
4.784526973934211114e+00
4.784527053773431682e+00
4.784527133618190931e+00
4.784527213389344169e+00
4.784527293166027206e+00
4.784527372948237378e+00
4.784527452735972908e+00
4.784527532529242677e+00
4.784527612248872686e+00
4.784527691974027164e+00
4.784527771704704335e+00
4.784527851440904200e+00
4.784527931103437659e+00
4.784528010850685575e+00
4.784528090524258204e+00
4.784528170203349973e+00
4.784528249808746025e+00
4.784528329498869859e+00
4.784528409115290870e+00
4.784528488737223029e+00
4.784528568364668111e+00
4.784528647997627004e+00
4.784528727556855543e+00
4.784528807200840284e+00
4.784528886771085787e+00
4.784528966267574290e+00
4.784529045848829654e+00
4.784529125356320911e+00
4.784529204948592351e+00
4.784529284467087251e+00
4.784529363911796729e+00
4.784529443441295271e+00
4.784529522896995068e+00
4.784529602437496365e+00
4.784529681824882807e+00
4.784529761297071637e+00
4.784529840774751186e+00
4.784529920178612450e+00
4.784529999587961768e+00
4.784530079002797365e+00
4.784530158423124568e+00
4.784530237769597072e+00
4.784530317200908378e+00
4.784530396558348109e+00
4.784530475841913599e+00
4.784530555210321445e+00
4.784530634584217346e+00
4.784530713884220354e+00
4.784530793189701647e+00
4.784530872500663889e+00
4.784530951737707483e+00
4.784531031059625406e+00
4.784531110307617574e+00
4.784531189561082698e+00
4.784531268820022554e+00
4.784531348005012674e+00
4.784531427274898441e+00
4.784531506470826479e+00
4.784531585672223031e+00
4.784531664799638762e+00
4.784531744011967014e+00
4.784531823150310004e+00
4.784531902294116179e+00
4.784531981443381099e+00
4.784532060598110093e+00
4.784532139758304936e+00
4.784532218844482543e+00
4.784532297936111789e+00
4.784532377033204220e+00
4.784532456135750067e+00
4.784532535164247591e+00
4.784532614198196754e+00
4.784532693237595780e+00
4.784532772282448221e+00
4.784532851332752301e+00
4.784532930308976972e+00
4.784533009370186107e+00
4.784533088357305175e+00
4.784533167270320853e+00
4.784533246268328988e+00
4.784533325271786097e+00
4.784533404201127382e+00
4.784533483135905207e+00
4.784533562076127566e+00
4.784533640942206567e+00
4.784533719813716779e+00
4.784533798770258528e+00
4.784533877652644485e+00
4.784533956460860438e+00
4.784534035354115034e+00
4.784534114173188968e+00
4.784534192997691449e+00
4.784534271827624252e+00
4.784534350662988267e+00
4.784534429503783493e+00
4.784534508270366970e+00
4.784534587042372777e+00
4.784534665819803578e+00
4.784534744602658485e+00
4.784534823311274110e+00
4.784534902104978116e+00
4.784534980824433958e+00
4.784535059549309466e+00
4.784535138199916382e+00
4.784535216935625890e+00
4.784535295597057036e+00
4.784535374263901630e+00
4.784535452936159672e+00
4.784535531613833825e+00
4.784535610217204749e+00
4.784535688905700468e+00
4.784535767519886740e+00
4.784535846059742248e+00
4.784535924684741204e+00
4.784536003315147390e+00
4.784536081871213042e+00
4.784536160432677931e+00
4.784536238999550051e+00
4.784536317492050550e+00
4.784536396069723807e+00
4.784536474573020115e+00
4.784536553081712995e+00
4.784536631595801559e+00
4.784536710035493634e+00
4.784536788560377119e+00
4.784536867010851680e+00
4.784536945466717484e+00
4.784537023927975419e+00
4.784537102314800450e+00
4.784537180786838206e+00
4.784537259184435953e+00
4.784537337587419614e+00
4.784537415995788301e+00
4.784537494329692997e+00
4.784537572748833512e+00
4.784537651093504707e+00
4.784537729443547605e+00
4.784537807798972864e+00
4.784537886079905711e+00
4.784537964446094804e+00
4.784538042737773722e+00
4.784538121034828784e+00
4.784538199337259101e+00
4.784538277565159703e+00
4.784538355798427567e+00
4.784538434116982764e+00
4.784538512360993145e+00
4.784538590530443614e+00
4.784538668785186744e+00
4.784538746965366407e+00
4.784538825150906227e+00
4.784538903341810645e+00
4.784538981538080549e+00
4.784539059739714162e+00
4.784539137866746117e+00
4.784539215999141781e+00
4.784539294136888721e+00
4.784539372279997593e+00
4.784539450348478162e+00
4.784539528502302907e+00
4.784539606581489579e+00
4.784539684666031079e+00
4.784539762675914076e+00
4.784539840771156349e+00
4.784539918791734792e+00
4.784539996817655627e+00
4.784540074848927738e+00
4.784540152885544906e+00
4.784540230847468933e+00
4.784540308894781546e+00
4.784540386867393025e+00
4.784540464845344232e+00
4.784540542828642273e+00
4.784540620737205430e+00
4.784540698651104762e+00
4.784540776570341158e+00
4.784540854494915507e+00
4.784540932424826920e+00
4.784541010360076285e+00
4.784541088220558791e+00
4.784541166086371256e+00
4.784541243957518120e+00
4.784541321833993166e+00
4.784541399635676484e+00
4.784541477442682655e+00
4.784541555335152019e+00
4.784541633072667999e+00
4.784541710895651612e+00
4.784541788723961631e+00
4.784541866477439065e+00
4.784541944236238464e+00
4.784542022000357164e+00
4.784542099769794277e+00
4.784542177464375712e+00
4.784542255244454090e+00
4.784542332949666132e+00
4.784542410660191258e+00
4.784542488295826068e+00
4.784542566016976473e+00
4.784542643663233896e+00
4.784542721314795521e+00
4.784542798971666677e+00
4.784542876633850916e+00
4.784542954221106648e+00
4.784543031893906395e+00
4.784543109491770529e+00
4.784543187094941530e+00
4.784543264623154712e+00
4.784543342236930563e+00
4.784543419775740603e+00
4.784543497319847738e+00
4.784543574869254634e+00
4.784543652423958626e+00
4.784543729983965044e+00
4.784543807468972787e+00
4.784543884959274074e+00
4.784543962454867128e+00
4.784544039955754613e+00
4.784544117381615003e+00
4.784544194893087798e+00
4.784544272329525505e+00
4.784544349771249649e+00
4.784544427218265561e+00
4.784544504590221514e+00
4.784544581967454135e+00
4.784544659430328473e+00
4.784544736818129529e+00
4.784544814130845758e+00
4.784544891529209920e+00
4.784544968852475044e+00
4.784545046181017725e+00
4.784545123514837073e+00
4.784545200853933089e+00
4.784545278198306661e+00
4.784545355467550998e+00
4.784545432742069337e+00
4.784545510021851911e+00
4.784545587306908487e+00
4.784545664597236403e+00
4.784545741812406661e+00
4.784545819032837599e+00
4.784545896258535436e+00
4.784545973489495729e+00
4.784546050725724697e+00
4.784546127886763145e+00
4.784546205053052503e+00
4.784546282224606095e+00
4.784546359401419480e+00
4.784546436583494433e+00
4.784546513690340674e+00
4.784546590802440491e+00
4.784546667919792995e+00
4.784546745042401739e+00
4.784546822170266722e+00
4.784546899222871019e+00
4.784546976361244042e+00
4.784547053424348384e+00
4.784547130412168947e+00
4.784547207485763565e+00
4.784547284564617087e+00
4.784547361568169066e+00
4.784547438576963074e+00
4.784547515591001776e+00
4.784547592529716731e+00
4.784547669554240379e+00
4.784547746503432286e+00
4.784547823457861782e+00
4.784547900417529753e+00
4.784547977382436201e+00
4.784548054271982487e+00
4.784548131247365887e+00
4.784548208147379356e+00
4.784548285052626859e+00
4.784548361882482226e+00
4.784548438798193359e+00
4.784548515638506139e+00
4.784548592484042295e+00
4.784548669334807158e+00
4.784548746190798951e+00
4.784548823052021227e+00
4.784548899837813174e+00
4.784548976628824057e+00
4.784549053425056542e+00
4.784549130226512403e+00
4.784549207033190754e+00
4.784549283764407690e+00
4.784549360500833792e+00
4.784549437242479719e+00
4.784549513989341918e+00
4.784549590741421277e+00
4.784549667418002805e+00
4.784549744099797053e+00
4.784549820786797802e+00
4.784549897479012159e+00
4.784549974176438347e+00
4.784550050798333842e+00
4.784550127425431398e+00
4.784550204057733680e+00
4.784550280695244240e+00
4.784550357337957749e+00
4.784550433905109479e+00
4.784550510558235104e+00
4.784550587135790067e+00
4.784550663718543539e+00
4.784550740225706811e+00
4.784550816818859076e+00
4.784550893336408706e+00
4.784550969859154179e+00
4.784551046387092832e+00
4.784551122920225552e+00
4.784551199377732544e+00
4.784551275921251623e+00
4.784551352389136092e+00
4.784551428862207523e+00
4.784551505340469468e+00
4.784551581743067494e+00
4.784551658231707805e+00
4.784551734644677978e+00
4.784551811062825344e+00
4.784551887486159671e+00
4.784551963833798993e+00
4.784552040267501027e+00
4.784552116625496510e+00
4.784552192988669184e+00
4.784552269357018162e+00
4.784552345649640159e+00
4.784552422028347074e+00
4.784552498331312798e+00
4.784552574639452160e+00
4.784552650952763386e+00
4.784552727271249140e+00
4.784552803513967056e+00
4.784552879761852395e+00
4.784552956095855514e+00
4.784553032273118234e+00
4.784553108536501398e+00
4.784553184805055537e+00
4.784553260997804536e+00
4.784553337195714739e+00
4.784553413398785260e+00
4.784553489607016985e+00
4.784553565739418701e+00
4.784553641957972836e+00
4.784553718100686304e+00
4.784553794248555647e+00
4.784553870401580866e+00
4.784553946478741437e+00
4.784554022642077520e+00
4.784554098729540073e+00
4.784554174822151396e+00
4.784554250919914153e+00
4.784554327022826570e+00
4.784554403049837923e+00
4.784554479081991829e+00
4.784554555119290065e+00
4.784554631161735294e+00
4.784554707209321300e+00
4.784554783262056077e+00
4.784554859238852487e+00
4.784554935220787009e+00
4.784555011207858755e+00
4.784555087200072165e+00
4.784555163116316123e+00
4.784555239118806647e+00
4.784555315045319723e+00
4.784555390976965583e+00
4.784555466913748667e+00
4.784555542774524106e+00
4.784555618721574533e+00
4.784555694592611097e+00
4.784555770468775115e+00
4.784555846350064812e+00
4.784555922155325547e+00
4.784555998046872816e+00
4.784556073862377801e+00
4.784556149683003134e+00
4.784556225508752370e+00
4.784556301339624618e+00
4.784556377094424384e+00
4.784556452935543547e+00
4.784556528700578681e+00
4.784556604470732388e+00
4.784556680164785192e+00
4.784556755945170714e+00
4.784556831649445563e+00
4.784556907440067341e+00
4.784556983154569565e+00
4.784557058792936246e+00
4.784557134517658739e+00
4.784557210166238583e+00
4.784557285901184898e+00
4.784557361559979682e+00
4.784557437223881493e+00
4.784557512811612234e+00
4.784557588485723656e+00
4.784557664083653350e+00
4.784557739686689182e+00
4.784557815294816940e+00
4.784557890908050837e+00
4.784557966445073696e+00
4.784558042068508321e+00
4.784558117615724804e+00
4.784558193168034990e+00
4.784558268725442431e+00
4.784558344206605973e+00
4.784558419774203486e+00
4.784558495265545552e+00
4.784558570761980434e+00
4.784558646263507242e+00
4.784558721688753735e+00
4.784558797200457292e+00
4.784558872635872540e+00
4.784558948076375273e+00
4.784559023521957499e+00
4.784559098972628988e+00
4.784559174346985522e+00
4.784559249807822212e+00
4.784559325192338619e+00
4.784559400581931854e+00
4.784559475976606358e+00
4.784559551294933932e+00
4.784559626699763868e+00
4.784559702028241546e+00
4.784559777361787170e+00
4.784559852700406957e+00
4.784559927962648729e+00
4.784560003311415066e+00
4.784560078583791842e+00
4.784560153861236564e+00
4.784560229143749233e+00
4.784560304431330735e+00
4.784560379642496919e+00
4.784560454940209873e+00
4.784560530161499514e+00
4.784560605387850885e+00
4.784560680619263096e+00
4.784560755774228902e+00
4.784560831015769011e+00
4.784560906180844064e+00
4.784560981350979958e+00
4.784561056526168699e+00
4.784561131624878172e+00
4.784561206810184153e+00
4.784561281918993991e+00
4.784561357032854900e+00
4.784561432151765992e+00
4.784561507275729930e+00
4.784561582323172857e+00
4.784561657457240713e+00
4.784561732514776011e+00
4.784561807577357051e+00
4.784561882644986497e+00
4.784561957636056739e+00
4.784562032713776780e+00
4.784562107714932289e+00
4.784562182721123769e+00
4.784562257732359214e+00
4.784562332748635072e+00
4.784562407688319752e+00
4.784562482633033298e+00
4.784562557664430393e+00
4.784562632619220324e+00
4.784562707497387990e+00
4.784562782462245423e+00
4.784562857350469933e+00
4.784562932243721534e+00
4.784563007223686881e+00
4.784563082045319327e+00
4.784563156953663743e+00
4.784563231785340598e+00
4.784563306703745411e+00
4.784563381545472893e+00
4.784563456392226577e+00
4.784563531162285166e+00
4.784563606019087700e+00
4.784563680799184482e+00
4.784563755584298583e+00
4.784563830374430893e+00
4.784563905169582299e+00
4.784563979969757241e+00
4.784564054693190016e+00
4.784564129503401375e+00
4.784564204236863461e+00
4.784564278893570055e+00
4.784564353637057010e+00
4.784564428385559509e+00
4.784564503057288753e+00
4.784564577734023771e+00
4.784564652415768116e+00
4.784564727102517345e+00
4.784564801712465787e+00
4.784564876409231005e+00
4.784564951029185664e+00
4.784565025654143433e+00
4.784565100284098982e+00
4.784565174919061192e+00
4.784565249477182647e+00
4.784565324040298329e+00
4.784565398608409126e+00
4.784565473181516815e+00
4.784565547759623172e+00
4.784565622342727309e+00
4.784565696848952498e+00
4.784565771360168362e+00
4.784565845876371348e+00
4.784565920397572114e+00
4.784565994923761778e+00
4.784566069373040520e+00
4.784566143909215086e+00
4.784566218368468071e+00
4.784566292832704626e+00
4.784566367220003613e+00
4.784566441694209971e+00
4.784566516091465438e+00
4.784566590493704474e+00
4.784566664900921751e+00
4.784566739313119932e+00
4.784566813730300794e+00
4.784566888070493462e+00
4.784566962415662594e+00
4.784567036847779065e+00
4.784567111120922256e+00
4.784567185481014562e+00
4.784567259846085108e+00
4.784567334134136374e+00
4.784567408427150781e+00
4.784567482725135434e+00
4.784567557028092111e+00
4.784567631336019033e+00
4.784567705566892926e+00
4.784567779802726406e+00
4.784567854043523027e+00
4.784567928289284566e+00
4.784568002540011911e+00
4.784568076795701508e+00
4.784568150974301659e+00
4.784568225157857846e+00
4.784568299346373621e+00
4.784568373539847208e+00
4.784568447738279495e+00
4.784568521859586809e+00
4.784568595985842165e+00
4.784568670117056222e+00
4.784568744253217432e+00
4.784568818394338230e+00
4.784568892458295863e+00
4.784568966609317187e+00
4.784569040683176233e+00
4.784569114761975328e+00
4.784569188845724241e+00
4.784569262852282456e+00
4.784569336945925677e+00
4.784569410962366653e+00
4.784569484983748566e+00
4.784569559010072304e+00
4.784569633041340531e+00
4.784569706995377203e+00
4.784569781036528191e+00
4.784569855000441407e+00
4.784569928969287567e+00
4.784570002943071110e+00
4.784570076839593789e+00
4.784570150823244994e+00
4.784570224729630006e+00
4.784570298640940855e+00
4.784570372557185536e+00
4.784570446478360495e+00
4.784570520322235510e+00
4.784570594253269249e+00
4.784570668106996827e+00
4.784570741965646690e+00
4.784570815829225943e+00
4.784570889615465283e+00
4.784570963488889106e+00
4.784571037284968575e+00
4.784571111085971218e+00
4.784571184891893481e+00
4.784571258702730034e+00
4.784571332518496867e+00
4.784571406256880266e+00
4.784571480000177068e+00
4.784571553748390826e+00
4.784571627501516211e+00
4.784571701259558552e+00
4.784571774940190814e+00
4.784571848708057296e+00
4.784571922398512811e+00
4.784571996093871071e+00
4.784572069794140070e+00
4.784572143416965240e+00
4.784572217127051275e+00
4.784572290759683710e+00
4.784572364397218003e+00
4.784572438039655928e+00
4.784572511604616274e+00
4.784572585256862354e+00
4.784572658831619307e+00
4.784572732411273677e+00
4.784572805995823686e+00
4.784572879585272887e+00
4.784572953179621280e+00
4.784573026696449460e+00
4.784573100300595350e+00
4.784573173827210368e+00
4.784573247358717474e+00
4.784573320812679498e+00
4.784573394353969000e+00
4.784573467817704540e+00
4.784573541368779104e+00
4.784573614842287270e+00
4.784573688238213940e+00
4.784573761721494733e+00
4.784573835209664061e+00
4.784573908620234128e+00
4.784573982035690953e+00
4.784574055456023878e+00
4.784574128881237343e+00
4.784574202228831119e+00
4.784574275663809217e+00
4.784574349021152528e+00
4.784574422383372827e+00
4.784574495750468337e+00
4.784574569122439947e+00
4.784574642416750123e+00
4.784574715798473932e+00
4.784574789102524761e+00
4.784574862411447249e+00
4.784574935725236955e+00
4.784575008961335918e+00
4.784575082284868053e+00
4.784575155530691681e+00
4.784575228781384304e+00
4.784575302036938815e+00
4.784575375297361433e+00
4.784575448480046234e+00
4.784575521750197069e+00
4.784575594942602095e+00
4.784575668139867233e+00
4.784575741341992483e+00
4.784575814548976069e+00
4.784575887678190753e+00
4.784575960812254003e+00
4.784576034033817038e+00
4.784576107177593407e+00
4.784576180243568899e+00
4.784576253397049506e+00
4.784576326555384007e+00
4.784576399635907862e+00
4.784576472721276730e+00
4.784576545811495052e+00
4.784576618906562828e+00
4.784576691923785319e+00
4.784576765028548451e+00
4.784576838055459191e+00
4.784576911087210505e+00
4.784576984123807719e+00
4.784577057082525009e+00
4.784577130128802480e+00
4.784577203097197362e+00
4.784577276070426599e+00
4.784577349048491079e+00
4.784577422031396132e+00
4.784577495019139093e+00
4.784577567928959496e+00
4.784577640926381825e+00
4.784577713845868274e+00
4.784577786770189078e+00
4.784577859616561568e+00
4.784577932550543089e+00
4.784578005406565637e+00
4.784578078350214092e+00
4.784578151215894692e+00
4.784578224086400766e+00
4.784578296878918557e+00
4.784578369759076466e+00
4.784578442561237210e+00
4.784578515368216323e+00
4.784578588180015579e+00
4.784578660996642974e+00
4.784578733818084295e+00
4.784578806561500031e+00
4.784578879392587858e+00
4.784578952145634112e+00
4.784579024903498734e+00
4.784579097666177283e+00
4.784579170350791166e+00
4.784579243123103787e+00
4.784579315817339307e+00
4.784579388516386089e+00
4.784579461220242358e+00
4.784579533928907225e+00
4.784579606559474563e+00
4.784579679277759290e+00
4.784579751917935830e+00
4.784579824562914752e+00
4.784579897212701383e+00
4.784579969784349629e+00
4.784580042443739245e+00
4.784580115024988700e+00
4.784580187611033431e+00
4.784580260201876101e+00
4.784580332797519375e+00
4.784580405397964142e+00
4.784580477920229669e+00
4.784580550530271204e+00
4.784580623062127280e+00
4.784580695598774192e+00
4.784580768140219043e+00
4.784580840603449126e+00
4.784580913154480974e+00
4.784580985627287397e+00
4.784581058104879325e+00
4.784581130587262088e+00
4.784581203074436573e+00
4.784581275483358986e+00
4.784581347980110699e+00
4.784581420398599683e+00
4.784581492821870619e+00
4.784581565249925283e+00
4.784581637599695902e+00
4.784581710037314473e+00
4.784581782396641003e+00
4.784581854760739716e+00
4.784581927129615941e+00
4.784581999503272343e+00
4.784582071881705367e+00
4.784582144181813490e+00
4.784582216569800650e+00
4.784582288879454026e+00
4.784582361193877809e+00
4.784582433513075550e+00
4.784582505753911974e+00
4.784582578082649640e+00
4.784582650333018883e+00
4.784582722588154979e+00
4.784582794848055265e+00
4.784582867112722404e+00
4.784582939298992699e+00
4.784583011573193545e+00
4.784583083768985112e+00
4.784583155969537316e+00
4.784583228174849268e+00
4.784583300384925408e+00
4.784583372516563848e+00
4.784583444736160374e+00
4.784583516877309428e+00
4.784583589023214678e+00
4.784583661173874347e+00
4.784583733246061676e+00
4.784583805406234625e+00
4.784583877487923687e+00
4.784583949574361839e+00
4.784584021665548192e+00
4.784584093761486301e+00
4.784584165862176164e+00
4.784584237884350166e+00
4.784584309994539986e+00
4.784584382026205951e+00
4.784584454062613013e+00
4.784584526103770941e+00
4.784584598066378369e+00
4.784584670117021155e+00
4.784584742089109000e+00
4.784584814065931724e+00
4.784584886047496433e+00
4.784584958033795132e+00
4.784585030024841146e+00
4.784585101937294915e+00
4.784585173854479123e+00
4.784585245776396434e+00
4.784585317703046847e+00
4.784585389634430364e+00
4.784585461570552312e+00
4.784585533428045601e+00
4.784585605290263999e+00
4.784585677157210171e+00
4.784585749028881452e+00
4.784585820905282283e+00
4.784585892786417105e+00
4.784585964588881524e+00
4.784586036396068387e+00
4.784586108207977695e+00
4.784586180024608559e+00
4.784586251845962757e+00
4.784586323588616352e+00
4.784586395419415439e+00
4.784586467171506818e+00
4.784586538928312649e+00
4.784586610689836483e+00
4.784586682372626854e+00
4.784586754143582255e+00
4.784586825835795310e+00
4.784586897532717487e+00
4.784586969234350562e+00
4.784587040940697200e+00
4.784587112651755625e+00
4.784587184284037953e+00
4.784587256004518174e+00
4.784587327646215194e+00
4.784587399292616894e+00
4.784587470943723275e+00
4.784587542516020697e+00
4.784587614176539105e+00
4.784587685758237896e+00
4.784587757344633374e+00
4.784587828935734422e+00
4.784587900531533045e+00
4.784587972132035461e+00
4.784588043653681844e+00
4.784588115263589181e+00
4.784588186794625386e+00
4.784588258330361832e+00
4.784588329787214711e+00
4.784588401332334762e+00
4.784588472798566805e+00
4.784588544353081119e+00
4.784588615828692326e+00
4.784588687308992228e+00
4.784588758793986152e+00
4.784588830200052101e+00
4.784588901694423413e+00
4.784588973109856980e+00
4.784589044529975688e+00
4.784589115954776872e+00
4.784589187384263198e+00
4.784589258734786910e+00
4.784589330173643518e+00
4.784589401533525077e+00
4.784589472898082008e+00
4.784589544267321415e+00
4.784589615641236193e+00
4.784589686936152830e+00
4.784589758319424568e+00
4.784589829623689283e+00
4.784589900932623152e+00
4.784589972246230616e+00
4.784590043564511674e+00
4.784590114803751071e+00
4.784590186131381095e+00
4.784590257379957912e+00
4.784590328633202105e+00
4.784590399891112789e+00
4.784590471153693514e+00
4.784590542337195274e+00
4.784590613609109866e+00
4.784590684801936611e+00
4.784590755999426293e+00
4.784590827201578023e+00
4.784590898408390025e+00
4.784590969536085758e+00
4.784591040752221858e+00
4.784591111889232806e+00
4.784591183030900474e+00
4.784591254177224862e+00
4.784591325328204192e+00
4.784591396400029062e+00
4.784591467476504434e+00
4.784591538641453035e+00
4.784591609727232075e+00
4.784591680817663395e+00
4.784591751828902950e+00
4.784591822928634386e+00
4.784591893949166952e+00
4.784591965058202057e+00
4.784592036088026745e+00
4.784592107122499272e+00
4.784592178077743618e+00
4.784592249121503826e+00
4.784592320086031414e+00
4.784592391055191740e+00
4.784592462112890132e+00
4.784592533007436366e+00
4.784592603990520665e+00
4.784592674978244808e+00
4.784592745886695475e+00
4.784592816799778880e+00
4.784592887717496801e+00
4.784592958639849236e+00
4.784593029566837075e+00
4.784593100498460316e+00
4.784593171350771890e+00
4.784593242207711761e+00
4.784593313069276377e+00
4.784593383935472843e+00
4.784593454806298496e+00
4.784593525681755999e+00
4.784593596477860977e+00
4.784593667278588924e+00
4.784593738083938952e+00
4.784593808893914613e+00
4.784593879708510578e+00
4.784593950443723820e+00
4.784594021267566610e+00
4.784594092012017796e+00
4.784594162761086622e+00
4.784594233514772199e+00
4.784594304273077192e+00
4.784594374951955054e+00
4.784594445719496214e+00
4.784594516407602249e+00
4.784594587100323260e+00
4.784594657797654804e+00
4.784594728499599547e+00
4.784594799206159266e+00
4.784594869833250996e+00
4.784594940464949708e+00
4.784595011101253625e+00
4.784595081742164524e+00
4.784595152387682404e+00
4.784595223037812595e+00
4.784595293608433053e+00
4.784595364183654276e+00
4.784595434763478039e+00
4.784595505347902566e+00
4.784595575936930523e+00
4.784595646530561019e+00
4.784595717044648033e+00
4.784595787647480947e+00
4.784595858170762384e+00
4.784595928698638367e+00
4.784595999146942447e+00
4.784596069684010189e+00
4.784596140225675143e+00
4.784596210687752205e+00
4.784596281154417596e+00
4.784596351625677535e+00
4.784596422101527580e+00
4.784596492497759535e+00
4.784596562982791568e+00
4.784596633388193077e+00
4.784596703798182915e+00
4.784596774212754866e+00
4.784596844631910706e+00
4.784596915055655764e+00
4.784596985399740987e+00
4.784597055832659152e+00
4.784597126185904159e+00
4.784597196543731279e+00
4.784597266906136959e+00
4.784597337188850830e+00
4.784597407560415405e+00
4.784597477852276626e+00
4.784597548148710189e+00
4.784597618534014885e+00
4.784597688755301448e+00
4.784597759065459144e+00
4.784597829380194511e+00
4.784597899615187444e+00
4.784597969854748278e+00
4.784598040098877014e+00
4.784598110347575428e+00
4.784598180600845296e+00
4.784598250774336314e+00
4.784598321036738433e+00
4.784598391219359925e+00
4.784598461406542214e+00
4.784598531598288851e+00
4.784598601794600725e+00
4.784598671911097334e+00
4.784598742116534353e+00
4.784598812242148114e+00
4.784598882372317341e+00
4.784598952507046477e+00
4.784599022646333744e+00
4.784599092790180030e+00
4.784599162854171084e+00
4.784599232922708723e+00
4.784599302995800940e+00
4.784599373073445072e+00
4.784599443155642007e+00
4.784599513242391744e+00
4.784599583249247168e+00
4.784599653345103398e+00
4.784599723361052881e+00
4.784599793381552502e+00
4.784599863406596931e+00
4.784599933351712409e+00
4.784600003385851785e+00
4.784600073340049775e+00
4.784600143298789021e+00
4.784600213262068635e+00
4.784600283229890394e+00
4.784600353202252521e+00
4.784600423094644839e+00
4.784600493076091254e+00
4.784600562977557203e+00
4.784600632883555527e+00
4.784600702794093330e+00
4.784600772709167060e+00
4.784600842544227461e+00
4.784600912468373046e+00
4.784600982312496420e+00
4.784601052161150392e+00
4.784601122014336738e+00
4.784601191872050130e+00
4.784601261649718218e+00
4.784601331516493694e+00
4.784601401303211432e+00
4.784601471094451774e+00
4.784601540890217386e+00
4.784601610690508267e+00
4.784601680410711211e+00
4.784601750220050853e+00
4.784601819949291901e+00
4.784601889683053777e+00
4.784601959421332928e+00
4.784602029164134684e+00
4.784602098911451940e+00
4.784602168578643067e+00
4.784602238335001978e+00
4.784602308011222327e+00
4.784602377691953734e+00
4.784602447377201528e+00
4.784602516982281450e+00
4.784602586676554914e+00
4.784602656290649847e+00
4.784602725993954309e+00
4.784602795617072246e+00
4.784602865244698577e+00
4.784602934792121509e+00
4.784603004428763739e+00
4.784603073985189248e+00
4.784603143630847377e+00
4.784603213196284344e+00
4.784603282766224375e+00
4.784603352255921038e+00
4.784603421834865422e+00
4.784603491418310206e+00
4.784603560921503629e+00
4.784603630429190346e+00
4.784603699941376576e+00
4.784603769458057876e+00
4.784603838894455841e+00
4.784603908420132612e+00
4.784603977865514501e+00
4.784604047400186744e+00
4.784604116854556111e+00
4.784604186228604839e+00
4.784604255691952801e+00
4.784604325159796723e+00
4.784604394547305795e+00
4.784604463939301944e+00
4.784604533335779841e+00
4.784604602736747481e+00
4.784604672142203086e+00
4.784604741552143992e+00
4.784604810881715409e+00
4.784604880215763245e+00
4.784604949554293718e+00
4.784605018897304163e+00
4.784605088244795468e+00
4.784605157596770297e+00
4.784605226868335670e+00
4.784605296229272220e+00
4.784605365509787767e+00
4.784605434794782397e+00
4.784605504084249894e+00
4.784605573293271519e+00
4.784605642591689190e+00
4.784605711809650330e+00
4.784605781117020840e+00
4.784605850343926825e+00
4.784605919575303012e+00
4.784605988726196024e+00
4.784606057966510839e+00
4.784606127126331820e+00
4.784606196375587928e+00
4.784606265544341319e+00
4.784606334717558696e+00
4.784606403810251152e+00
4.784606472992395609e+00
4.784606542179007604e+00
4.784606611285082245e+00
4.784606680395614653e+00
4.784606749510605717e+00
4.784606818630056324e+00
4.784606887753966475e+00
4.784606956797308186e+00
4.784607025845098782e+00
4.784607094982387565e+00
4.784607164039090144e+00
4.784607233100246049e+00
4.784607302080797986e+00
4.784607371150859656e+00
4.784607440140309365e+00
4.784607509219276800e+00
4.784607578217626944e+00
4.784607647220417093e+00
4.784607716227659679e+00
4.784607785154255666e+00
4.784607854170392471e+00
4.784607923105876459e+00
4.784607992045797786e+00
4.784608060990164446e+00
4.784608129938971111e+00
4.784608198892221331e+00
4.784608267764784095e+00
4.784608336726920541e+00
4.784608405608356207e+00
4.784608474494230990e+00
4.784608543384540447e+00
4.784608612279289019e+00
4.784608681093307503e+00
4.784608749996928090e+00
4.784608818819814147e+00
4.784608887647124220e+00
4.784608956478869857e+00
4.784609025315045727e+00
4.784609094155656273e+00
4.784609162915494096e+00
4.784609231679756824e+00
4.784609300533658072e+00
4.784609369306776827e+00
4.784609438084319599e+00
4.784609506781056787e+00
4.784609575567449369e+00
4.784609644273026596e+00
4.784609712983022511e+00
4.784609781782695137e+00
4.784609850501537309e+00
4.784609919139531264e+00
4.784609987867214365e+00
4.784610056514041254e+00
4.784610125250559953e+00
4.784610193906218001e+00
4.784610262566291183e+00
4.784610331230780389e+00
4.784610399814378745e+00
4.784610468487694668e+00
4.784610537080113524e+00
4.784610605762261493e+00
4.784610674363501737e+00
4.784610742969152675e+00
4.784610811493874571e+00
4.784610880108342457e+00
4.784610948641871531e+00
4.784611017265158139e+00
4.784611085807497055e+00
4.784611154354244889e+00
4.784611222905394534e+00
4.784611291375570730e+00
4.784611359935527553e+00
4.784611428414503820e+00
4.784611496983267820e+00
4.784611565471045935e+00
4.784611633877816850e+00
4.784611702374386155e+00
4.784611770875354608e+00
4.784611839295306979e+00
4.784611907805077280e+00
4.784611976233813735e+00
4.784612044666946673e+00
4.784612113019030666e+00
4.784612181460945912e+00
4.784612249907259418e+00
4.784612318272507991e+00
4.784612386642142390e+00
4.784612455016163501e+00
4.784612523394574879e+00
4.784612591777372081e+00
4.784612660079076818e+00
4.784612728470650111e+00
4.784612796781116728e+00
4.784612865095965617e+00
4.784612933415197666e+00
4.784613001738810212e+00
4.784613070066808582e+00
4.784613138313666525e+00
4.784613206650430328e+00
4.784613274906039493e+00
4.784613343166030930e+00
4.784613411430395757e+00
4.784613479613587295e+00
4.784613547886706009e+00
4.784613616078638110e+00
4.784613684360509822e+00
4.784613752561187816e+00
4.784613820766239201e+00
4.784613888975659535e+00
4.784613957103865722e+00
4.784614025322025732e+00
4.784614093458961825e+00
4.784614161600261539e+00
4.784614229745927538e+00
4.784614297895958934e+00
4.784614366050357503e+00
4.784614434209123246e+00
4.784614502286624216e+00
4.784614570368482589e+00
4.784614638454697477e+00
4.784614706545274210e+00
4.784614774640214563e+00
4.784614842739515872e+00
4.784614910757510664e+00
4.784614978865533885e+00
4.784615046892239043e+00
4.784615114923300716e+00
4.784615182958717128e+00
4.784615250998490055e+00
4.784615318956916497e+00
4.784615387005398901e+00
4.784615454972525939e+00
4.784615522944002386e+00
4.784615590919827355e+00
4.784615658900003510e+00
4.784615726884529074e+00
4.784615794787668186e+00
4.784615862780892570e+00
4.784615930692720731e+00
4.784615998608891196e+00
4.784616066529407519e+00
4.784616134368500973e+00
4.784616202297701015e+00
4.784616270231247803e+00
4.784616338083359288e+00
4.784616405939806860e+00
4.784616473800594072e+00
4.784616541665719147e+00
4.784616609535183862e+00
4.784616677323178635e+00
4.784616745201320853e+00
4.784616812997983359e+00
4.784616880798978400e+00
4.784616948604305975e+00
4.784617016413966972e+00
4.784617084142119836e+00
4.784617151960446790e+00
4.784617219697253176e+00
4.784617287438386768e+00
4.784617355183848453e+00
4.784617422933637343e+00
4.784617490687753438e+00
4.784617558360319656e+00
4.784617626123090162e+00
4.784617693804301020e+00
4.784617761489832866e+00
4.784617829179684811e+00
4.784617896873859522e+00
4.784617964572358773e+00
4.784618032189261072e+00
4.784618099896404964e+00
4.784618167521942134e+00
4.784618235151795851e+00
4.784618302785967003e+00
4.784618370338506566e+00
4.784618437981306371e+00
4.784618505628426277e+00
4.784618573193902158e+00
4.784618640763687480e+00
4.784618708337783133e+00
4.784618775916190003e+00
4.784618843498911644e+00
4.784618910999953734e+00
4.784618978591293370e+00
4.784619046100947237e+00
4.784619113614906105e+00
4.784619181133169974e+00
4.784619248655738843e+00
4.784619316096592634e+00
4.784619383627772393e+00
4.784619451077225527e+00
4.784619518530978333e+00
4.784619585989028145e+00
4.784619653451381183e+00
4.784619720918033892e+00
4.784619788388987160e+00
4.784619855778177389e+00
4.784619923171658407e+00
4.784619990569434655e+00
4.784620057971503471e+00
4.784620125377866628e+00
4.784620192788526793e+00
4.784620260203483966e+00
4.784620327536631912e+00
4.784620394874067095e+00
4.784620462215792180e+00
4.784620529561803615e+00
4.784620596912105839e+00
4.784620664266698853e+00
4.784620731539443561e+00
4.784620798902618155e+00
4.784620866183929344e+00
4.784620933469525994e+00
4.784621000759407217e+00
4.784621067967406383e+00
4.784621135265851422e+00
4.784621202482404634e+00
4.784621269789418818e+00
4.784621337014530518e+00
4.784621404243921461e+00
4.784621471477588983e+00
4.784621538629331816e+00
4.784621605871555161e+00
4.784621673031843159e+00
4.784621740282623215e+00
4.784621807451459041e+00
4.784621874624566118e+00
4.784621941801947997e+00
4.784622008897360779e+00
4.784622076083286046e+00
4.784622143187235110e+00
4.784622210295442990e+00
4.784622277407921231e+00
4.784622344524666282e+00
4.784622411645680806e+00
4.784622478770963028e+00
4.784622545814228189e+00
4.784622612861752167e+00
4.784622679999834816e+00
4.784622747055887082e+00
4.784622814116199052e+00
4.784622881094460212e+00
4.784622948163292477e+00
4.784623015150065051e+00
4.784623082227424717e+00
4.784623149222713145e+00
4.784623216222254172e+00
4.784623283139708860e+00
4.784623350147761300e+00
4.784623417160071668e+00
4.784623484090276158e+00
4.784623551024730581e+00
4.784623617963436715e+00
4.784623684906390118e+00
4.784623751853596119e+00
4.784623818805054718e+00
4.784623885674368360e+00
4.784623952634328603e+00
4.784624019512135895e+00
4.784624086394186904e+00
4.784624153280481629e+00
4.784624220171024511e+00
4.784624286979384244e+00
4.784624353878415448e+00
4.784624420695255509e+00
4.784624487516332181e+00
4.784624554341649016e+00
4.784624621171206016e+00
4.784624688005003179e+00
4.784624754756574561e+00
4.784624821598850275e+00
4.784624888358891326e+00
4.784624955123162771e+00
4.784625021891671715e+00
4.784625088664412829e+00
4.784625155441389666e+00
4.784625222136096312e+00
4.784625288921541930e+00
4.784625355624711140e+00
4.784625422332099198e+00
4.784625489043722979e+00
4.784625555759572713e+00
4.784625622479654616e+00
4.784625689117421032e+00
4.784625755845961059e+00
4.784625822492175828e+00
4.784625889142612998e+00
4.784625955797273456e+00
4.784626022456155425e+00
4.784626089032688157e+00
4.784626155700020256e+00
4.784626222284985353e+00
4.784626288874168409e+00
4.784626355467571202e+00
4.784626422065189288e+00
4.784626488667027111e+00
4.784626555273082893e+00
4.784626621796738810e+00
4.784626688324603805e+00
4.784626754943312577e+00
4.784626821479607273e+00
4.784626887933468353e+00
4.784626954478181204e+00
4.784627021027111127e+00
4.784627087493592335e+00
4.784627154050946629e+00
4.784627220525844216e+00
4.784627287004949103e+00
4.784627353488261292e+00
4.784627419889093680e+00
4.784627486380815142e+00
4.784627552790051475e+00
4.784627619290190204e+00
4.784627685707829592e+00
4.784627752129669176e+00
4.784627818555709844e+00
4.784627884899229855e+00
4.784627951333673579e+00
4.784628017685582435e+00
4.784628084041687046e+00
4.784628150488733134e+00
4.784628216766479980e+00
4.784628283135171856e+00
4.784628349508058598e+00
4.784628415885144648e+00
4.784628482179654085e+00
4.784628548478353949e+00
4.784628614781240685e+00
4.784628681088317848e+00
4.784628747399587212e+00
4.784628813715047002e+00
4.784628879947891100e+00
4.784628946271734407e+00
4.784629012512949586e+00
4.784629078758350751e+00
4.784629145007936124e+00
4.784629211261706594e+00
4.784629277432821404e+00
4.784629343694958514e+00
4.784629409874435524e+00
4.784629476058088748e+00
4.784629542245919076e+00
4.784629608437930059e+00
4.784629674634120811e+00
4.784629740834490441e+00
4.784629806952160891e+00
4.784629873160892721e+00
4.784629939286910272e+00
4.784630005417102261e+00
4.784630071551466912e+00
4.784630137603094191e+00
4.784630203745805055e+00
4.784630269892693022e+00
4.784630335956826741e+00
4.784630402025130458e+00
4.784630468097597955e+00
4.784630534174236338e+00
4.784630600255043831e+00
4.784630666253065989e+00
4.784630732342209036e+00
4.784630798348557867e+00
4.784630864359066038e+00
4.784630930373738877e+00
4.784630996392573721e+00
4.784631062415569680e+00
4.784631128442735637e+00
4.784631194387064745e+00
4.784631260335547864e+00
4.784631326375199833e+00
4.784631392332001631e+00
4.784631458205939936e+00
4.784631524171052419e+00
4.784631590140326018e+00
4.784631656026720137e+00
4.784631722004307086e+00
4.784631787899008337e+00
4.784631853797859158e+00
4.784631919700863989e+00
4.784631985520953812e+00
4.784632051432260447e+00
4.784632117260642303e+00
4.784632183180252518e+00
4.784632249016929961e+00
4.784632314857753421e+00
4.784632380702722898e+00
4.784632446464736510e+00
4.784632512317998021e+00
4.784632578088291233e+00
4.784632643949848330e+00
4.784632709728426470e+00
4.784632775511146185e+00
4.784632841298006589e+00
4.784632907089009457e+00
4.784632972797007611e+00
4.784633038596290078e+00
4.784633104312559837e+00
4.784633170032962290e+00
4.784633235757500991e+00
4.784633301486175050e+00
4.784633367218985356e+00
4.784633432868747427e+00
4.784633498609826674e+00
4.784633564267848804e+00
4.784633629929999188e+00
4.784633695596279601e+00
4.784633761266690044e+00
4.784633826941231405e+00
4.784633892532680122e+00
4.784633958215480654e+00
4.784634023815177883e+00
4.784634089418998926e+00
4.784634155026944669e+00
4.784634220639015112e+00
4.784634286255212032e+00
4.784634351875533653e+00
4.784634417412715557e+00
4.784634482954010615e+00
4.784634548499426820e+00
4.784634614136243691e+00
4.784634679602613794e+00
4.784634745160385449e+00
4.784634810722278253e+00
4.784634876200984266e+00
4.784634941771119365e+00
4.784635007258055239e+00
4.784635072749104268e+00
4.784635138244270003e+00
4.784635203656213420e+00
4.784635269159600135e+00
4.784635334579759203e+00
4.784635400091374891e+00
4.784635465519752273e+00
4.784635530952234816e+00
4.784635596388827850e+00
4.784635661829530484e+00
4.784635727186962839e+00
4.784635792635878460e+00
4.784635858001514919e+00
4.784635923371255650e+00
4.784635988745097102e+00
4.784636054123038384e+00
4.784636119505088381e+00
4.784636184891239097e+00
4.784636250194071572e+00
4.784636315501000325e+00
4.784636380899458530e+00
4.784636446214584282e+00
4.784636511533808090e+00
4.784636576769678129e+00
4.784636642097094494e+00
4.784636707428607139e+00
4.784636772676754468e+00
4.784636837928991859e+00
4.784636903185321088e+00
4.784636968445740379e+00
4.784637033710252396e+00
4.784637098978859804e+00
4.784637164164059264e+00
4.784637229440846795e+00
4.784637294634220162e+00
4.784637359831680037e+00
4.784637425033224645e+00
4.784637490238855762e+00
4.784637555361043404e+00
4.784637620574844874e+00
4.784637685705192212e+00
4.784637750927168476e+00
4.784637816065682614e+00
4.784637881208273491e+00
4.784637946267381814e+00
4.784638011418130610e+00
4.784638076572965026e+00
4.784638141644298237e+00
4.784638206719704634e+00
4.784638271886780814e+00
4.784638336970342465e+00
4.784638401970378041e+00
4.784638467062086065e+00
4.784638532157872604e+00
4.784638597170116192e+00
4.784638662186428526e+00
4.784638727294438176e+00
4.784638792318893330e+00
4.784638857259775335e+00
4.784638922292364427e+00
4.784638987329027593e+00
4.784639052282102512e+00
4.784639117326904945e+00
4.784639182288110248e+00
4.784639247253379857e+00
4.784639312222711993e+00
4.784639377108425684e+00
4.784639442085885541e+00
4.784639506979716295e+00
4.784639571965302096e+00
4.784639636867250800e+00
4.784639701773258480e+00
4.784639766683323359e+00
4.784639831597447213e+00
4.784639896427901995e+00
4.784639961350145576e+00
4.784640026188704987e+00
4.784640091119063854e+00
4.784640155965734998e+00
4.784640220816462453e+00
4.784640285583475539e+00
4.784640350442304069e+00
4.784640415305185357e+00
4.784640480084344283e+00
4.784640544867551526e+00
4.784640609654804422e+00
4.784640674446104747e+00
4.784640739241453389e+00
4.784640804040850348e+00
4.784640868756484977e+00
4.784640933563977683e+00
4.784640998287699176e+00
4.784641063015460105e+00
4.784641127747264022e+00
4.784641192483110039e+00
4.784641257222999045e+00
4.784641321966934591e+00
4.784641386627055404e+00
4.784641451291212100e+00
4.784641515959404678e+00
4.784641580631634916e+00
4.784641645307900149e+00
4.784641709988203928e+00
4.784641774672545367e+00
4.784641839273033881e+00
4.784641903965447973e+00
4.784641968573999371e+00
4.784642033186581322e+00
4.784642097803193828e+00
4.784642162423840439e+00
4.784642226960590605e+00
4.784642291589296548e+00
4.784642356134097163e+00
4.784642420682923891e+00
4.784642485323725047e+00
4.784642549880606666e+00
4.784642614353554535e+00
4.784642678918485714e+00
4.784642743487443006e+00
4.784642807972454115e+00
4.784642872461481566e+00
4.784642936954530690e+00
4.784643001451594380e+00
4.784643065952685959e+00
4.784643130457793880e+00
4.784643194966926139e+00
4.784643259392066028e+00
4.784643323821218708e+00
4.784643388342409764e+00
4.784643452779595130e+00
4.784643517220795061e+00
4.784643581577968874e+00
4.784643646027197939e+00
4.784643710392389337e+00
4.784643774849644871e+00
4.784643839222855632e+00
4.784643903600076520e+00
4.784643967981306645e+00
4.784644032366544231e+00
4.784644096755794607e+00
4.784644161060964684e+00
4.784644225458233535e+00
4.784644289771411430e+00
4.784644354088593232e+00
4.784644418409778055e+00
4.784644482734966786e+00
4.784644547064162090e+00
4.784644611309230910e+00
4.784644675646433143e+00
4.784644739899500898e+00
4.784644804156563680e+00
4.784644868417627706e+00
4.784644932682688534e+00
4.784644996951747054e+00
4.784645061136638233e+00
4.784645125413694799e+00
4.784645189606571591e+00
4.784645253803441634e+00
4.784645318004300485e+00
4.784645382209156139e+00
4.784645446418000603e+00
4.784645510630847198e+00
4.784645574759469611e+00
4.784645638980295601e+00
4.784645703116896520e+00
4.784645767257483584e+00
4.784645831402058569e+00
4.784645895550619699e+00
4.784645959703168749e+00
4.784646023771459866e+00
4.784646087931982983e+00
4.784646152008235731e+00
4.784646216088468407e+00
4.784646280172683674e+00
4.784646344260880646e+00
4.784646408353061098e+00
4.784646472449225030e+00
4.784646536461077737e+00
4.784646600565205077e+00
4.784646664585014086e+00
4.784646728608795918e+00
4.784646792636557677e+00
4.784646856668293147e+00
4.784646920615678312e+00
4.784646984655366531e+00
4.784647048610693787e+00
4.784647112658334756e+00
4.784647176621606768e+00
4.784647240588850714e+00
4.784647304560065706e+00
4.784647368446884208e+00
4.784647432426037739e+00
4.784647496320786786e+00
4.784647560307884184e+00
4.784647624210567329e+00
4.784647688117213526e+00
4.784647752027827217e+00
4.784647815942408400e+00
4.784647879772544243e+00
4.784647943695052419e+00
4.784648007533109038e+00
4.784648071463549535e+00
4.784648135309528705e+00
4.784648199159466486e+00
4.784648263013366432e+00
4.784648326782777517e+00
4.784648390644592908e+00
4.784648454421914110e+00
4.784648518291652053e+00
4.784648582076884260e+00
4.784648645866067973e+00
4.784648709659206745e+00
4.784648773456302351e+00
4.784648837168861135e+00
4.784648900973865082e+00
4.784648964694321549e+00
4.784649028418725969e+00
4.784649092147079230e+00
4.784649155879378668e+00
4.784649219615629612e+00
4.784649283355831173e+00
4.784649347099983352e+00
4.784649410759545418e+00
4.784649474423050997e+00
4.784649538090495646e+00
4.784649601761885584e+00
4.784649665437219923e+00
4.784649729116495109e+00
4.784649792799719137e+00
4.784649856398308643e+00
4.784649920089417030e+00
4.784649983695883790e+00
4.784650047306288734e+00
4.784650110920629196e+00
4.784650174538908729e+00
4.784650238072516437e+00
4.784650301698671448e+00
4.784650365240142200e+00
4.784650428874171801e+00
4.784650492423510926e+00
4.784650555976781128e+00
4.784650619533985072e+00
4.784650683095124535e+00
4.784650746571536217e+00
4.784650810140538724e+00
4.784650873624802792e+00
4.784650937113000602e+00
4.784651000605120608e+00
4.784651064101169027e+00
4.784651127601141418e+00
4.784651191105047552e+00
4.784651254524179720e+00
4.784651318035934686e+00
4.784651381462913022e+00
4.784651444893810890e+00
4.784651508328626512e+00
4.784651571767366995e+00
4.784651635210029674e+00
4.784651698656613661e+00
4.784651762018379273e+00
4.784651825384057311e+00
4.784651888842406997e+00
4.784651952215918769e+00
4.784652015593351848e+00
4.784652078974694689e+00
4.784652142271181852e+00
4.784652205660358426e+00
4.784652268964667776e+00
4.784652332361677196e+00
4.784652395673806069e+00
4.784652458989847368e+00
4.784652522309797540e+00
4.784652585544845849e+00
4.784652648872615543e+00
4.784652712204298552e+00
4.784652775451062823e+00
4.784652838701729749e+00
4.784652901956301996e+00
4.784652965214779563e+00
4.784653028477160674e+00
4.784653091743450659e+00
4.784653154924781049e+00
4.784653218198878122e+00
4.784653281388009383e+00
4.784653344581039747e+00
4.784653407777965661e+00
4.784653470978793344e+00
4.784653534183521018e+00
4.784653597392151347e+00
4.784653660515772344e+00
4.784653723732201769e+00
4.784653786863613867e+00
4.784653849998917963e+00
4.784653913138117609e+00
4.784653976281209253e+00
4.784654039428200001e+00
4.784654102490137006e+00
4.784654165644910861e+00
4.784654228714626534e+00
4.784654291788227098e+00
4.784654354865719661e+00
4.784654417947096228e+00
4.784654481032363904e+00
4.784654544121522690e+00
4.784654607125579773e+00
4.784654670222515449e+00
4.784654733234338764e+00
4.784654796250046083e+00
4.784654859269633853e+00
4.784654922293109180e+00
4.784654985320465848e+00
4.784655048351708295e+00
4.784655111297799301e+00
4.784655174247768095e+00
4.784655237290657226e+00
4.784655300248383369e+00
4.784655363209988188e+00
4.784655426175469017e+00
4.784655489055761990e+00
4.784655552028995729e+00
4.784655614917033617e+00
4.784655677898022041e+00
4.784655740793806622e+00
4.784655803693460108e+00
4.784655866596986939e+00
4.784655929504385341e+00
4.784655992326547924e+00
4.784656055241688577e+00
4.784656118071583641e+00
4.784656180994470986e+00
4.784656243832101197e+00
4.784656306673597648e+00
4.784656369518961228e+00
4.784656432279042804e+00
4.784656495132136200e+00
4.784656557989100278e+00
4.784656620760768142e+00
4.784656683536291588e+00
4.784656746315679499e+00
4.784656809098928321e+00
4.784656871886036278e+00
4.784656934677006035e+00
4.784656997382644050e+00
4.784657060181337407e+00
4.784657122894683923e+00
4.784657185611887797e+00
4.784657248332943702e+00
4.784657311057855189e+00
4.784657373786624035e+00
4.784657436519251128e+00
4.784657499166492300e+00
4.784657561906830558e+00
4.784657624561772238e+00
4.784657687220563282e+00
4.784657749883206357e+00
4.784657812549696132e+00
4.784657875220040602e+00
4.784657937894234436e+00
4.784658000482995277e+00
4.784658063075598378e+00
4.784658125761342973e+00
4.784658188361635922e+00
4.784658250965777349e+00
4.784658313573761923e+00
4.784658376096270871e+00
4.784658438711945294e+00
4.784658501242132544e+00
4.784658563865495928e+00
4.784658626403363257e+00
4.784658688945069294e+00
4.784658751490619366e+00
4.784658814040001928e+00
4.784658876593229415e+00
4.784658939060927096e+00
4.784659001621832886e+00
4.784659064097199099e+00
4.784659126576397803e+00
4.784659189059429885e+00
4.784659251546298009e+00
4.784659314037000399e+00
4.784659376442128575e+00
4.784659438940498610e+00
4.784659501353281996e+00
4.784659563859315234e+00
4.784659626279760047e+00
4.784659688704032021e+00
4.784659751132133820e+00
4.784659813474616996e+00
4.784659875910369564e+00
4.784659938349953734e+00
4.784660000703910399e+00
4.784660063061683566e+00
4.784660125423285670e+00
4.784660187788702501e+00
4.784660250157943828e+00
4.784660312531011428e+00
4.784660374907901748e+00
4.784660437199116600e+00
4.784660499494147956e+00
4.784660561882507324e+00
4.784660624185175237e+00
4.784660686491662318e+00
4.784660748712435741e+00
4.784660811026553162e+00
4.784660873344489751e+00
4.784660935576701135e+00
4.784660997902272506e+00
4.784661060142108902e+00
4.784661122385758247e+00
4.784661184633218767e+00
4.784661246884490460e+00
4.784661309049996092e+00
4.784661371308893685e+00
4.784661433482012782e+00
4.784661495658936836e+00
4.784661557929267062e+00
4.784661620113809022e+00
4.784661682302155050e+00
4.784661744404693273e+00
4.784661806600649214e+00
4.784661868800418105e+00
4.784661930914359651e+00
4.784661993032100824e+00
4.784662055153641624e+00
4.784662117278985605e+00
4.784662179408127436e+00
4.784662241541072447e+00
4.784662303677819750e+00
4.784662365728700628e+00
4.784662427873045409e+00
4.784662489931520213e+00
4.784662551993785762e+00
4.784662614059846497e+00
4.784662676129704195e+00
4.784662738203357080e+00
4.784662800191099130e+00
4.784662862272342387e+00
4.784662924267659712e+00
4.784662986266769558e+00
4.784663048269669261e+00
4.784663110276356157e+00
4.784663172286836463e+00
4.784663234301103962e+00
4.784663296319164871e+00
4.784663358251259879e+00
4.784663420187136751e+00
4.784663482216566344e+00
4.784663544160014936e+00
4.784663606107249834e+00
4.784663668058266595e+00
4.784663729923278375e+00
4.784663791881864192e+00
4.784663853754432594e+00
4.784663915720586580e+00
4.784663977600714269e+00
4.784664039484622045e+00
4.784664101372307243e+00
4.784664163263774306e+00
4.784664225069182208e+00
4.784664286968205005e+00
4.784664348781162424e+00
4.784664410687740066e+00
4.784664472508247002e+00
4.784664534332522479e+00
4.784664596160573602e+00
4.784664657992399484e+00
4.784664719828002788e+00
4.784664781577490089e+00
4.784664843420640246e+00
4.784664905177664629e+00
4.784664966938457553e+00
4.784665028703020795e+00
4.784665090471349913e+00
4.784665152243448460e+00
4.784665213929391037e+00
4.784665275709020449e+00
4.784665337402491225e+00
4.784665399189661272e+00
4.784665460890655808e+00
4.784665522595413556e+00
4.784665584303934516e+00
4.784665646016220464e+00
4.784665707642298038e+00
4.784665769362105081e+00
4.784665830995697533e+00
4.784665892723031000e+00
4.784665954364140106e+00
4.784666016009007095e+00
4.784666077657629302e+00
4.784666139310010280e+00
4.784666200876140252e+00
4.784666262536033443e+00
4.784666324109664970e+00
4.784666385777071262e+00
4.784666447358208785e+00
4.784666508943097085e+00
4.784666570531736163e+00
4.784666632034078049e+00
4.784666693630217793e+00
4.784666755230111868e+00
4.784666816743690987e+00
4.784666878261012002e+00
4.784666939872163738e+00
4.784667001396986308e+00
4.784667062925553438e+00
4.784667124367772750e+00
4.784667185903828113e+00
4.784667247443633364e+00
4.784667308897075699e+00
4.784667370354257265e+00
4.784667431815179839e+00
4.784667493279840755e+00
4.784667554748243568e+00
4.784667616220385611e+00
4.784667677696273991e+00
4.784667739085752380e+00
4.784667800569117446e+00
4.784667861966068969e+00
4.784667923366754394e+00
4.784667984771172833e+00
4.784668046179329615e+00
4.784668107591219410e+00
4.784668169006845773e+00
4.784668230336016848e+00
4.784668291759113679e+00
4.784668353095746340e+00
4.784668414436107575e+00
4.784668475780195607e+00
4.784668537128015764e+00
4.784668598479565382e+00
4.784668659834847126e+00
4.784668721103622069e+00
4.784668782466361847e+00
4.784668843742585942e+00
4.784668905022534169e+00
4.784668966306206528e+00
4.784669027593601243e+00
4.784669088884725419e+00
4.784669150089294831e+00
4.784669211387862831e+00
4.784669272599868961e+00
4.784669333905885225e+00
4.784669395125332514e+00
4.784669456348498606e+00
4.784669517575383502e+00
4.784669578805987200e+00
4.784669639949993503e+00
4.784669701188029478e+00
4.784669762429792250e+00
4.784669823584938086e+00
4.784669884743798285e+00
4.784669945906370181e+00
4.784670007072653775e+00
4.784670068242652619e+00
4.784670129416365825e+00
4.784670190503427456e+00
4.784670251684562281e+00
4.784670312779040202e+00
4.784670373877222715e+00
4.784670434979111597e+00
4.784670496084708624e+00
4.784670557194013796e+00
4.784670618307030665e+00
4.784670679333342669e+00
4.784670740453767834e+00
4.784670801487484582e+00
4.784670862524902368e+00
4.784670923566020306e+00
4.784670984610841060e+00
4.784671045659365518e+00
4.784671106711591904e+00
4.784671167767521105e+00
4.784671228736697479e+00
4.784671289709566011e+00
4.784671350776601884e+00
4.784671411756866277e+00
4.784671472740828158e+00
4.784671533728487525e+00
4.784671594629346991e+00
4.784671655624398667e+00
4.784671716623146054e+00
4.784671777535084658e+00
4.784671838450713643e+00
4.784671899370029458e+00
4.784671960293036541e+00
4.784672021219738447e+00
4.784672082150130734e+00
4.784672143084216067e+00
4.784672203931444656e+00
4.784672264872912528e+00
4.784672325727514774e+00
4.784672386585801185e+00
4.784672447447775312e+00
4.784672508313432715e+00
4.784672569182777835e+00
4.784672629965221802e+00
4.784672690841936138e+00
4.784672751631738663e+00
4.784672812515826656e+00
4.784672873312996622e+00
4.784672934113842757e+00
4.784672994918368616e+00
4.784673055726579527e+00
4.784673116447839547e+00
4.784673177263403687e+00
4.784673237992014272e+00
4.784673298814943188e+00
4.784673359550902560e+00
4.784673420290535439e+00
4.784673481033845377e+00
4.784673541780827932e+00
4.784673602440812523e+00
4.784673663195143867e+00
4.784673723862465700e+00
4.784673784624149384e+00
4.784673845298811123e+00
4.784673905977141040e+00
4.784673966659141797e+00
4.784674027344811620e+00
4.784674088034152284e+00
4.784674148636440805e+00
4.784674209333117822e+00
4.784674269942732927e+00
4.784674330556011768e+00
4.784674391172946351e+00
4.784674451793551775e+00
4.784674512417820935e+00
4.784674573045751167e+00
4.784674633677350464e+00
4.784674694221839886e+00
4.784674754860765766e+00
4.784674815412572890e+00
4.784674875968037533e+00
4.784674936527160583e+00
4.784674997089942039e+00
4.784675057656382791e+00
4.784675118135671923e+00
4.784675178709426824e+00
4.784675239196019447e+00
4.784675299777092938e+00
4.784675360270995270e+00
4.784675420768546239e+00
4.784675481269750286e+00
4.784675541774610963e+00
4.784675602192268506e+00
4.784675662704431787e+00
4.784675723220250809e+00
4.784675783648851599e+00
4.784675844081101026e+00
4.784675904516994649e+00
4.784675964956536021e+00
4.784676025399726029e+00
4.784676085846562898e+00
4.784676146206143343e+00
4.784676206660277487e+00
4.784676267027140995e+00
4.784676327488570635e+00
4.784676387862720759e+00
4.784676448240515079e+00
4.784676508621950930e+00
4.784676568916086836e+00
4.784676629304802198e+00
4.784676689697160867e+00
4.784676750002203605e+00
4.784676810310881656e+00
4.784676870623199463e+00
4.784676930939148143e+00
4.784676991258736578e+00
4.784677051581959439e+00
4.784677111908823832e+00
4.784677172148322555e+00
4.784677232482455800e+00
4.784677292729219822e+00
4.784677352979612941e+00
4.784677413324654793e+00
4.784677473491290911e+00
4.784677533752574874e+00
4.784677594017493263e+00
4.784677654286042525e+00
4.784677714467178156e+00
4.784677774742989165e+00
4.784677834931378548e+00
4.784677895123389035e+00
4.784677955319031284e+00
4.784678015518291083e+00
4.784678075721180868e+00
4.784678135836609947e+00
4.784678196046748155e+00
4.784678256169418553e+00
4.784678316295702061e+00
4.784678376516718679e+00
4.784678436650250610e+00
4.784678496787400981e+00
4.784678556837044461e+00
4.784678616981436150e+00
4.784678677129443614e+00
4.784678737189935305e+00
4.784678797345185863e+00
4.784678857412904662e+00
4.784678917484240124e+00
4.784678977559186919e+00
4.784679037637753041e+00
4.784679097628756317e+00
4.784679157714546882e+00
4.784679217803956774e+00
4.784679277805789610e+00
4.784679337811228450e+00
4.784679397820280400e+00
4.784679457832935690e+00
4.784679517849204089e+00
4.784679577869079381e+00
4.784679637892567783e+00
4.784679697828435607e+00
4.784679757859141347e+00
4.784679817802218516e+00
4.784679877748896359e+00
4.784679937699176655e+00
4.784679997653061179e+00
4.784680057610551707e+00
4.784680117571642910e+00
4.784680177445070903e+00
4.784680237413371451e+00
4.784680297293992801e+00
4.784680357269504469e+00
4.784680417157321841e+00
4.784680477048740777e+00
4.784680536943758611e+00
4.784680596751063497e+00
4.784680656653273800e+00
4.784680716467759609e+00
4.784680776377165934e+00
4.784680836198842435e+00
4.784680896024105401e+00
4.784680955852964601e+00
4.784681015685412930e+00
4.784681075521456606e+00
4.784681135361092963e+00
4.784681195112957752e+00
4.784681254959777696e+00
4.784681314718818079e+00
4.784681374572825163e+00
4.784681434339043804e+00
4.784681494108844468e+00
4.784681553882236038e+00
4.784681613567810743e+00
4.784681673348371689e+00
4.784681733041106888e+00
4.784681792828840763e+00
4.784681852528741786e+00
4.784681912232222167e+00
4.784681971939284573e+00
4.784682031649923672e+00
4.784682091364150125e+00
4.784682151081957713e+00
4.784682210711888928e+00
4.784682270436857010e+00
4.784682330073943390e+00
4.784682389714601136e+00
4.784682449450317065e+00
4.784682509098132641e+00
4.784682568658030988e+00
4.784682628312995512e+00
4.784682687971534065e+00
4.784682747542149173e+00
4.784682807207838451e+00
4.784682866785590960e+00
4.784682926366913058e+00
4.784682985951805634e+00
4.784683045540265134e+00
4.784683105132301328e+00
4.784683164727906224e+00
4.784683224235531718e+00
4.784683283838279344e+00
4.784683343353035134e+00
4.784683402871354296e+00
4.784683462393237718e+00
4.784683521918686289e+00
4.784683581447698231e+00
4.784683640980278874e+00
4.784683700516426441e+00
4.784683759964538652e+00
4.784683819507815628e+00
4.784683878963046588e+00
4.784683938421838256e+00
4.784683997884191520e+00
4.784684057350098385e+00
4.784684116819565958e+00
4.784684176292594238e+00
4.784684235677541864e+00
4.784684295157690670e+00
4.784684354549742835e+00
4.784684413945347714e+00
4.784684473436178642e+00
4.784684532838899607e+00
4.784684592153491955e+00
4.784684651563312130e+00
4.784684710976693900e+00
4.784684770301932843e+00
4.784684829722420929e+00
4.784684889054754642e+00
4.784684948390642845e+00
4.784685007730074879e+00
4.784685067073056075e+00
4.784685126419585544e+00
4.784685185769667726e+00
4.784685245123297292e+00
4.784685304388736071e+00
4.784685363749463960e+00
4.784685423021987738e+00
4.784685482298054460e+00
4.784685541577664125e+00
4.784685600860814958e+00
4.784685660147514064e+00
4.784685719345970867e+00
4.784685778639751419e+00
4.784685837845286116e+00
4.784685897146154332e+00
4.784685956358762482e+00
4.784686015574910911e+00
4.784686074794593402e+00
4.784686134017816173e+00
4.784686193244577446e+00
4.784686252383044902e+00
4.784686311616879628e+00
4.784686370762410768e+00
4.784686430003322499e+00
4.784686489155921763e+00
4.784686548312049759e+00
4.784686607471713593e+00
4.784686666634907937e+00
4.784686725709759614e+00
4.784686784880018529e+00
4.784686843961921454e+00
4.784686903139243164e+00
4.784686962228205331e+00
4.784687021320687350e+00
4.784687080416698990e+00
4.784687139516239363e+00
4.784687198619302251e+00
4.784687257725896536e+00
4.784687316744086871e+00
4.784687375857734182e+00
4.784687434882967771e+00
4.784687493911722100e+00
4.784687552943998057e+00
4.784687611979792976e+00
4.784687671019108635e+00
4.784687730061946809e+00
4.784687789108311051e+00
4.784687848066216276e+00
4.784687907027630693e+00
4.784687966084555377e+00
4.784688025053010385e+00
4.784688084024976362e+00
4.784688143000459526e+00
4.784688201979458988e+00
4.784688260869955911e+00
4.784688319855985306e+00
4.784688378845530110e+00
4.784688437746559941e+00
4.784688496651097189e+00
4.784688555559145406e+00
4.784688614470704593e+00
4.784688673385770308e+00
4.784688732304350545e+00
4.784688791226443527e+00
4.784688850059970022e+00
4.784688908989079614e+00
4.784688967829614725e+00
4.784689026673659029e+00
4.784689085613301529e+00
4.784689144464358002e+00
4.784689203226810683e+00
4.784689262084873995e+00
4.784689320946441171e+00
4.784689379719393010e+00
4.784689438587968802e+00
4.784689497367919486e+00
4.784689556151368706e+00
4.784689614938317348e+00
4.784689673728760972e+00
4.784689732522705796e+00
4.784689791320151819e+00
4.784689850121100818e+00
4.784689908833377636e+00
4.784689967641322816e+00
4.784690026360588710e+00
4.784690085083344258e+00
4.784690143809596563e+00
4.784690202539340298e+00
4.784690261272579903e+00
4.784690320009315379e+00
4.784690378657325383e+00
4.784690437401048158e+00
4.784690496056037468e+00
4.784690554714513766e+00
4.784690613376477941e+00
4.784690672041930881e+00
4.784690730710868145e+00
4.784690789383299503e+00
4.784690848059217849e+00
4.784690906646360986e+00
4.784690965329255974e+00
4.784691023923365982e+00
4.784691082613238500e+00
4.784691141214317156e+00
4.784691199818877472e+00
4.784691258426923888e+00
4.784691316946143580e+00
4.784691375561149762e+00
4.784691434179642044e+00
4.784691492709294280e+00
4.784691551242428176e+00
4.784691609871367213e+00
4.784691668411454657e+00
4.784691726955021096e+00
4.784691785502065642e+00
4.784691843960232838e+00
4.784691902514227380e+00
4.784691961071704469e+00
4.784692019540290886e+00
4.784692078012345640e+00
4.784692136487869618e+00
4.784692195059253805e+00
4.784692253541728668e+00
4.784692311935276443e+00
4.784692370424690644e+00
4.784692428917577622e+00
4.784692487321526855e+00
4.784692545821356724e+00
4.784692604232237301e+00
4.784692662646584438e+00
4.784692721064393695e+00
4.784692779485673064e+00
4.784692837910419883e+00
4.784692896338632373e+00
4.784692954677855603e+00
4.784693013113001214e+00
4.784693071459145131e+00
4.784693129901224751e+00
4.784693188254293794e+00
4.784693246610823181e+00
4.784693304970813799e+00
4.784693363334262983e+00
4.784693421608678499e+00
4.784693479979049258e+00
4.784693538260371248e+00
4.784693596637665358e+00
4.784693654925899153e+00
4.784693713217589739e+00
4.784693771512730009e+00
4.784693829811329735e+00
4.784693888113388915e+00
4.784693946418895116e+00
4.784694004635309028e+00
4.784694062947730586e+00
4.784694121171046532e+00
4.784694179397803282e+00
4.784694237720593435e+00
4.784694295954253995e+00
4.784694354191371346e+00
4.784694412339341341e+00
4.784694470583355397e+00
4.784694528830814697e+00
4.784694586989116871e+00
4.784694645150867842e+00
4.784694703408675309e+00
4.784694761577314992e+00
4.784694819749396366e+00
4.784694877924921208e+00
4.784694936103893070e+00
4.784694994193660733e+00
4.784695052379521307e+00
4.784695110476169688e+00
4.784695168668913645e+00
4.784695226772437415e+00
4.784695284879398436e+00
4.784695342989802036e+00
4.784695401103639334e+00
4.784695459220920100e+00
4.784695517248942487e+00
4.784695575373098642e+00
4.784695633500694711e+00
4.784695691539019080e+00
4.784695749580773594e+00
4.784695807625962694e+00
4.784695865674583715e+00
4.784695923726640210e+00
4.784695981782127738e+00
4.784696039841051629e+00
4.784696097810657633e+00
4.784696155876447143e+00
4.784696213852911661e+00
4.784696271832798331e+00
4.784696329816115146e+00
4.784696387802858553e+00
4.784696445793029440e+00
4.784696503786629584e+00
4.784696561783658098e+00
4.784696619691313657e+00
4.784696677695199796e+00
4.784696735609701435e+00
4.784696793527624337e+00
4.784696851541792029e+00
4.784696909466565451e+00
4.784696967301924175e+00
4.784697025233536571e+00
4.784697083168571119e+00
4.784697141107034035e+00
4.784697198956064490e+00
4.784697256808500221e+00
4.784697314757227815e+00
4.784697372616510513e+00
4.784697430479204705e+00
4.784697488345317495e+00
4.784697546121959633e+00
4.784697603994903403e+00
4.784697661871263108e+00
4.784697719658141501e+00
4.784697777541334851e+00
4.784697835335038896e+00
4.784697893132144664e+00
4.784697950932669919e+00
4.784698008736601338e+00
4.784698066543947803e+00
4.784698124261760555e+00
4.784698182075924677e+00
4.784698239800548869e+00
4.784698297621541307e+00
4.784698355352976940e+00
4.784698413087816071e+00
4.784698470826066696e+00
4.784698528567719933e+00
4.784698586312781998e+00
4.784698644061251116e+00
4.784698701720122571e+00
4.784698759475404017e+00
4.784698817141080696e+00
4.784698874810154656e+00
4.784698932575652819e+00
4.784698990251533779e+00
4.784699047837779773e+00
4.784699105520457962e+00
4.784699163206536987e+00
4.784699220896017735e+00
4.784699278495844865e+00
4.784699336192128172e+00
4.784699393798748979e+00
4.784699451408760851e+00
4.784699509022171782e+00
4.784699566638973778e+00
4.784699624259173056e+00
4.784699681882767841e+00
4.784699739416661046e+00
4.784699797047043290e+00
4.784699854587715961e+00
4.784699912131775257e+00
4.784699969679223841e+00
4.784700027323188998e+00
4.784700084877421489e+00
4.784700142341904439e+00
4.784700199902911955e+00
4.784700257467309648e+00
4.784700314941948029e+00
4.784700372513122524e+00
4.784700429994528825e+00
4.784700487479317310e+00
4.784700544967488867e+00
4.784700602459045271e+00
4.784700659953984747e+00
4.784700717452309959e+00
4.784700774860823458e+00
4.784700832365916590e+00
4.784700889781182020e+00
4.784700947293043072e+00
4.784701004715074646e+00
4.784701062140483963e+00
4.784701119569266581e+00
4.784701177001427830e+00
4.784701234436973927e+00
4.784701291782649690e+00
4.784701349224946831e+00
4.784701406577366534e+00
4.784701464026425377e+00
4.784701521385596124e+00
4.784701578748138395e+00
4.784701636114054857e+00
4.784701693483341067e+00
4.784701750856005020e+00
4.784701808138747126e+00
4.784701865518149688e+00
4.784701922900929993e+00
4.784701980193776905e+00
4.784702037489988236e+00
4.784702094789567539e+00
4.784702152092510374e+00
4.784702209398822959e+00
4.784702266708503515e+00
4.784702324021555597e+00
4.784702381244621883e+00
4.784702438564410798e+00
4.784702495794197930e+00
4.784702553120719237e+00
4.784702610357238761e+00
4.784702667597118264e+00
4.784702724840361299e+00
4.784702782086966977e+00
4.784702839243539785e+00
4.784702896496867197e+00
4.784702953660152858e+00
4.784703010920203781e+00
4.784703068090203182e+00
4.784703125263558121e+00
4.784703182440269487e+00
4.784703239620336390e+00
4.784703296803758832e+00
4.784703353990543917e+00
4.784703411180682764e+00
4.784703468280726568e+00
4.784703525477579156e+00
4.784703582584326931e+00
4.784703639694423138e+00
4.784703696807869555e+00
4.784703753924666181e+00
4.784703811044814792e+00
4.784703868168317165e+00
4.784703925295167082e+00
4.784703982331870442e+00
4.784704039465426106e+00
4.784704096508818338e+00
4.784704153555556339e+00
4.784704210605637442e+00
4.784704267752597495e+00
4.784704324715835178e+00
4.784704381775957138e+00
4.784704438839422203e+00
4.784704495906236588e+00
4.784704552882836914e+00
4.784704609862782121e+00
4.784704666939627593e+00
4.784704723926249237e+00
4.784704780916211320e+00
4.784704837909513842e+00
4.784704894906155914e+00
4.784704951906141090e+00
4.784705008815863359e+00
4.784705065822527636e+00
4.784705122738918348e+00
4.784705179658641505e+00
4.784705236675324436e+00
4.784705293601724918e+00
4.784705350531453405e+00
4.784705407464519666e+00
4.784705464307272393e+00
4.784705521247006210e+00
4.784705578190075137e+00
4.784705635042818095e+00
4.784705691992558130e+00
4.784705748851960649e+00
4.784705805714690285e+00
4.784705862580748814e+00
4.784705919450136236e+00
4.784705976322856102e+00
4.784706033105204703e+00
4.784706089984578803e+00
4.784706146867286236e+00
4.784706203659606416e+00
4.784706260455246607e+00
4.784706317254212138e+00
4.784706374056499456e+00
4.784706430862109450e+00
4.784706487671048336e+00
4.784706544483305457e+00
4.784706601298891471e+00
4.784706658024040493e+00
4.784706714846271858e+00
4.784706771578058238e+00
4.784706828313160187e+00
4.784706885051579484e+00
4.784706941793317903e+00
4.784706998538375444e+00
4.784707055286749444e+00
4.784707112038446120e+00
4.784707168699648960e+00
4.784707225457980329e+00
4.784707282125807204e+00
4.784707338796948761e+00
4.784707395565233057e+00
4.784707452243003978e+00
4.784707508924086916e+00
4.784707565514631611e+00
4.784707622202336808e+00
4.784707678893354910e+00
4.784707735493818781e+00
4.784707792191463582e+00
4.784707848798547047e+00
4.784707905408935424e+00
4.784707962022629602e+00
4.784708018639636684e+00
4.784708075259940685e+00
4.784708131883558480e+00
4.784708188510484739e+00
4.784708245046804365e+00
4.784708301680344888e+00
4.784708358223267233e+00
4.784708414769491824e+00
4.784708471319015999e+00
4.784708527871841532e+00
4.784708584427968425e+00
4.784708640987398454e+00
4.784708697550131618e+00
4.784708754022203081e+00
4.784708810591538075e+00
4.784708867070203375e+00
4.784708923646141976e+00
4.784708980131398448e+00
4.784709036619953615e+00
4.784709093111803035e+00
4.784709149606949374e+00
4.784709206105390855e+00
4.784709262513120898e+00
4.784709319018155327e+00
4.784709375432462330e+00
4.784709431944090596e+00
4.784709488364983443e+00
4.784709544789163438e+00
4.784709601216635022e+00
4.784709657647397307e+00
4.784709714081451182e+00
4.784709770518795757e+00
4.784709826865364946e+00
4.784709883309290923e+00
4.784709939662429967e+00
4.784709996018850831e+00
4.784710052472650688e+00
4.784710108835646736e+00
4.784710165201929044e+00
4.784710221477388004e+00
4.784710277850234839e+00
4.784710334226368822e+00
4.784710390511669686e+00
4.784710446894377966e+00
4.784710503186232700e+00
4.784710559575509947e+00
4.784710615873930983e+00
4.784710672175635615e+00
4.784710728480612296e+00
4.784710784694708785e+00
4.784710841006244664e+00
4.784710897321062362e+00
4.784710953544982104e+00
4.784711009866359888e+00
4.784711066096829946e+00
4.784711122330574717e+00
4.784711178567589762e+00
4.784711234807879521e+00
4.784711291051446658e+00
4.784711347298285844e+00
4.784711403548402409e+00
4.784711459707566839e+00
4.784711515964232831e+00
4.784711572129934254e+00
4.784711628298904174e+00
4.784711684565392531e+00
4.784711740740902108e+00
4.784711796919683735e+00
4.784711853007464377e+00
4.784711909192778556e+00
4.784711965381367449e+00
4.784712021478934929e+00
4.784712077674058150e+00
4.784712133778155518e+00
4.784712189885517830e+00
4.784712245996141533e+00
4.784712302110031956e+00
4.784712358227178441e+00
4.784712414347592535e+00
4.784712470471275125e+00
4.784712526503883900e+00
4.784712582634090161e+00
4.784712638673218166e+00
4.784712694809950762e+00
4.784712750855596219e+00
4.784712806904502180e+00
4.784712862956662427e+00
4.784712919012081400e+00
4.784712974976383038e+00
4.784713031038315023e+00
4.784713087103508400e+00
4.784713143077566677e+00
4.784713199054877464e+00
4.784713255129842580e+00
4.784713311113659273e+00
4.784713367100727588e+00
4.784713423091051965e+00
4.784713479084625298e+00
4.784713534987020900e+00
4.784713590987101028e+00
4.784713646895988326e+00
4.784713702902572585e+00
4.784713758817956020e+00
4.784713814736583970e+00
4.784713870658461765e+00
4.784713926583583188e+00
4.784713982511953567e+00
4.784714038443571127e+00
4.784714094378436755e+00
4.784714150222058926e+00
4.784714206163418027e+00
4.784714262013523012e+00
4.784714317961380026e+00
4.784714373817968713e+00
4.784714429677801917e+00
4.784714485540875195e+00
4.784714541407190325e+00
4.784714597182211371e+00
4.784714653055006650e+00
4.784714708931045557e+00
4.784714764715775281e+00
4.784714820503739752e+00
4.784714876389501548e+00
4.784714932183939062e+00
4.784714987981615764e+00
4.784715043782525434e+00
4.784715099586672515e+00
4.784715155299465117e+00
4.784715211110079913e+00
4.784715266923936561e+00
4.784715322646421853e+00
4.784715378372137451e+00
4.784715434195697448e+00
4.784715489927878096e+00
4.784715545663284608e+00
4.784715601401924978e+00
4.784715657049155801e+00
4.784715712794252340e+00
4.784715768542580960e+00
4.784715824199486711e+00
4.784715879954280382e+00
4.784715935617633420e+00
4.784715991284215875e+00
4.784716046954020641e+00
4.784716102627052159e+00
4.784716158303307765e+00
4.784716213982783906e+00
4.784716269665493016e+00
4.784716325256720637e+00
4.784716380945877923e+00
4.784716436543544837e+00
4.784716492144434064e+00
4.784716547748536719e+00
4.784716603355855469e+00
4.784716658966397418e+00
4.784716714580158126e+00
4.784716770197142921e+00
4.784716825817345587e+00
4.784716881346008144e+00
4.784716936972651880e+00
4.784716992507744848e+00
4.784717048046049470e+00
4.784717103587566633e+00
4.784717159227088956e+00
4.784717214680244801e+00
4.784717270231404918e+00
4.784717325785781128e+00
4.784717381343373432e+00
4.784717436809363456e+00
4.784717492373383507e+00
4.784717547845793284e+00
4.784717603321409385e+00
4.784717658800233586e+00
4.784717714282264112e+00
4.784717769767508067e+00
4.784717825255956569e+00
4.784717880747618501e+00
4.784717936147623973e+00
4.784717991645699442e+00
4.784718047052109569e+00
4.784718102556603903e+00
4.784718157969424013e+00
4.784718213385444230e+00
4.784718268804666330e+00
4.784718324227096531e+00
4.784718379652727727e+00
4.784718435081565246e+00
4.784718490418685022e+00
4.784718545853922755e+00
4.784718601197440968e+00
4.784718656544150406e+00
4.784718711989001783e+00
4.784718767342111434e+00
4.784718822698418528e+00
4.784718878057924840e+00
4.784718933325662782e+00
4.784718988691560426e+00
4.784719044060657289e+00
4.784719099337974235e+00
4.784719154618478854e+00
4.784719209997168043e+00
4.784719265284060441e+00
4.784719320574144064e+00
4.784719375867419799e+00
4.784719431163887648e+00
4.784719486463549387e+00
4.784719541671379694e+00
4.784719596977426548e+00
4.784719652191625094e+00
4.784719707504055286e+00
4.784719762724630954e+00
4.784719817948395182e+00
4.784719873175343530e+00
4.784719928405477773e+00
4.784719983638801466e+00
4.784720038875308390e+00
4.784720094115009204e+00
4.784720149262811084e+00
4.784720204508881025e+00
4.784720259663046704e+00
4.784720314820390286e+00
4.784720370076021467e+00
4.784720425239730623e+00
4.784720480406622123e+00
4.784720535481570280e+00
4.784720590654820249e+00
4.784720645831253449e+00
4.784720700915728209e+00
4.784720756098520766e+00
4.784720811189347778e+00
4.784720866378506798e+00
4.784720921475686950e+00
4.784720976576045004e+00
4.784721031679574743e+00
4.784721086786283273e+00
4.784721141800982736e+00
4.784721196914039965e+00
4.784721252030274208e+00
4.784721307054486950e+00
4.784721362081867824e+00
4.784721417207629557e+00
4.784721472241350249e+00
4.784721527278243514e+00
4.784721582318307576e+00
4.784721637361539770e+00
4.784721692407945426e+00
4.784721747362278066e+00
4.784721802415021763e+00
4.784721857375681786e+00
4.784721912434767077e+00
4.784721967401759812e+00
4.784722022371918015e+00
4.784722077345237246e+00
4.784722132321721055e+00
4.784722187301370333e+00
4.784722242284184190e+00
4.784722297174869077e+00
4.784722352164012982e+00
4.784722407061014593e+00
4.784722462056487657e+00
4.784722516959806882e+00
4.784722571866286245e+00
4.784722626775924859e+00
4.784722681688720058e+00
4.784722736604678062e+00
4.784722791523793539e+00
4.784722846350716985e+00
4.784722901276155405e+00
4.784722956109380476e+00
4.784723011041132068e+00
4.784723065880671200e+00
4.784723120723365142e+00
4.784723175569206788e+00
4.784723230418208573e+00
4.784723285270361615e+00
4.784723340125667690e+00
4.784723394984132128e+00
4.784723449750337032e+00
4.784723504615104872e+00
4.784723559387608738e+00
4.784723614163255867e+00
4.784723669037486360e+00
4.784723723819435115e+00
4.784723778604531574e+00
4.784723833297324092e+00
4.784723888088710630e+00
4.784723942883250203e+00
4.784723997585469846e+00
4.784724052386304827e+00
4.784724107094810108e+00
4.784724161901940498e+00
4.784724216616737635e+00
4.784724271334670043e+00
4.784724326055748378e+00
4.784724380779969977e+00
4.784724435507335727e+00
4.784724490142324704e+00
4.784724544875974317e+00
4.784724599517238275e+00
4.784724654257172638e+00
4.784724708904712465e+00
4.784724763555387561e+00
4.784724818209200592e+00
4.784724872866151557e+00
4.784724927526237792e+00
4.784724982189464626e+00
4.784725036855827618e+00
4.784725091429752553e+00
4.784725146102390525e+00
4.784725200682578006e+00
4.784725255361491847e+00
4.784725309947946315e+00
4.784725364537530723e+00
4.784725419130246848e+00
4.784725473726097356e+00
4.784725528325076027e+00
4.784725582831563351e+00
4.784725637436803680e+00
4.784725691949543780e+00
4.784725746561046655e+00
4.784725801080039531e+00
4.784725855602154354e+00
4.784725910223056822e+00
4.784725964751428862e+00
4.784726019187255375e+00
4.784726073721877526e+00
4.784726128259626066e+00
4.784726182800501881e+00
4.784726237248812630e+00
4.784726291795942110e+00
4.784726346250494977e+00
4.784726400708167127e+00
4.784726455168959447e+00
4.784726509632871938e+00
4.784726564099905488e+00
4.784726618570060985e+00
4.784726673043337541e+00
4.784726727519736933e+00
4.784726781903509973e+00
4.784726836386149706e+00
4.784726890776155983e+00
4.784726945169275325e+00
4.784726999565507732e+00
4.784727053964854981e+00
4.784727108367317072e+00
4.784727162772895781e+00
4.784727217181591996e+00
4.784727271593403941e+00
4.784727325912528251e+00
4.784727380330569879e+00
4.784727434655916767e+00
4.784727489080190743e+00
4.784727543411757544e+00
4.784727597746432970e+00
4.784727652084220573e+00
4.784727706425117688e+00
4.784727760673277430e+00
4.784727815020392683e+00
4.784727869370615672e+00
4.784727923628089741e+00
4.784727977984535308e+00
4.784728032248215968e+00
4.784728086515004364e+00
4.784728140784894279e+00
4.784728195057890154e+00
4.784728249333985772e+00
4.784728303613190015e+00
4.784728357895499329e+00
4.784728412085002880e+00
4.784728466373519673e+00
4.784728520569218269e+00
4.784728574863944317e+00
4.784728629065842398e+00
4.784728683270841110e+00
4.784728737478936011e+00
4.784728791690129768e+00
4.784728845904426819e+00
4.784728900121819173e+00
4.784728954246345367e+00
4.784729008469934541e+00
4.784729062600647786e+00
4.784729116830437334e+00
4.784729170967337630e+00
4.784729225107330564e+00
4.784729279250416134e+00
4.784729333396595230e+00
4.784729387545868740e+00
4.784729441698238439e+00
4.784729495853698111e+00
4.784729549916225011e+00
4.784729604077876175e+00
4.784729658146580356e+00
4.784729712218371844e+00
4.784729766389298256e+00
4.784729820467269690e+00
4.784729874548325768e+00
4.784729928632474483e+00
4.784729982623634470e+00
4.784730036713955137e+00
4.784730090807363112e+00
4.784730144807775254e+00
4.784730198907356069e+00
4.784730252913933057e+00
4.784730306923590248e+00
4.784730360936327642e+00
4.784730414952147015e+00
4.784730468971050144e+00
4.784730522993035251e+00
4.784730577018104114e+00
4.784730631046256732e+00
4.784730684981350457e+00
4.784730739015667922e+00
4.784730792956915835e+00
4.784730846901239509e+00
4.784730900848638058e+00
4.784730954895285215e+00
4.784731008848842393e+00
4.784731062709295379e+00
4.784731116669003192e+00
4.784731170631788544e+00
4.784731224597653210e+00
4.784731278470393256e+00
4.784731332346203736e+00
4.784731386321297464e+00
4.784731440203252362e+00
4.784731494088275916e+00
4.784731547976371679e+00
4.784731601867539652e+00
4.784731655761780722e+00
4.784731709659093113e+00
4.784731763463224929e+00
4.784731817366678186e+00
4.784731871176941986e+00
4.784731925086539661e+00
4.784731978902937222e+00
4.784732032722398998e+00
4.784732086544926766e+00
4.784732140370518749e+00
4.784732194199181166e+00
4.784732248030907797e+00
4.784732301769395235e+00
4.784732355607250298e+00
4.784732409351857285e+00
4.784732463195846108e+00
4.784732516946575309e+00
4.784732570700363397e+00
4.784732624457208594e+00
4.784732678217119783e+00
4.784732731980088971e+00
4.784732785746117045e+00
4.784732839515211111e+00
4.784732893287359623e+00
4.784732946966204103e+00
4.784733000648098589e+00
4.784733054429431753e+00
4.784733108117437794e+00
4.784733161808499169e+00
4.784733215502614101e+00
4.784733269199785255e+00
4.784733322900009078e+00
4.784733376603290900e+00
4.784733430309630720e+00
4.784733483922597230e+00
4.784733537635045053e+00
4.784733591254108909e+00
4.784733644876222769e+00
4.784733698597836593e+00
4.784733752226052239e+00
4.784733805857316113e+00
4.784733859491631769e+00
4.784733913032523489e+00
4.784733966672932048e+00
4.784734020316395053e+00
4.784734073866419024e+00
4.784734127515979374e+00
4.784734181072091808e+00
4.784734234631247141e+00
4.784734288193446261e+00
4.784734341855205741e+00
4.784734395326973200e+00
4.784734448898303683e+00
4.784734502472680617e+00
4.784734556050101340e+00
4.784734609534023519e+00
4.784734663117532705e+00
4.784734716607533578e+00
4.784734770197130338e+00
4.784734823693209016e+00
4.784734877192327929e+00
4.784734930694483523e+00
4.784734984199678465e+00
4.784735037707909200e+00
4.784735091122590767e+00
4.784735144636900195e+00
4.784735198154247193e+00
4.784735251578029036e+00
4.784735305004838679e+00
4.784735358531301941e+00
4.784735411964183172e+00
4.784735465400096643e+00
4.784735518839041468e+00
4.784735572281019422e+00
4.784735625726034058e+00
4.784735679077427584e+00
4.784735732528503149e+00
4.784735785885952275e+00
4.784735839343095876e+00
4.784735892706599714e+00
4.784735946073129575e+00
4.784735999442686349e+00
4.784736052815267371e+00
4.784736106190881522e+00
4.784736159569520808e+00
4.784736212951189671e+00
4.784736266335888999e+00
4.784736319626896162e+00
4.784736373017648425e+00
4.784736426314698754e+00
4.784736479614773330e+00
4.784736533014608995e+00
4.784736586320729401e+00
4.784736639629869615e+00
4.784736692942035852e+00
4.784736746160461962e+00
4.784736799478666924e+00
4.784736852799896134e+00
4.784736906027368342e+00
4.784736959354642494e+00
4.784737012588150762e+00
4.784737065824675284e+00
4.784737119064213395e+00
4.784737172403575656e+00
4.784737225552337492e+00
4.784737278800926141e+00
4.784737332052532821e+00
4.784737385307156643e+00
4.784737438467962178e+00
4.784737491728620284e+00
4.784737544895449446e+00
4.784737598162141836e+00
4.784737651334995512e+00
4.784737704510860112e+00
4.784737757689737414e+00
4.784737810871621200e+00
4.784737864056520351e+00
4.784737917244432204e+00
4.784737970338464486e+00
4.784738023532395523e+00
4.784738076632438997e+00
4.784738129832393660e+00
4.784738182938450990e+00
4.784738236047513027e+00
4.784738289159578883e+00
4.784738342274650336e+00
4.784738395392725607e+00
4.784738448513811804e+00
4.784738501637901820e+00
4.784738554668049204e+00
4.784738607798152188e+00
4.784738660834299218e+00
4.784738713970413393e+00
4.784738767012562732e+00
4.784738820057710562e+00
4.784738873105860435e+00
4.784738926157010575e+00
4.784738979211160981e+00
4.784739032268309877e+00
4.784739085328462593e+00
4.784739138294606065e+00
4.784739191360757538e+00
4.784739244332888219e+00
4.784739297308015615e+00
4.784739350383166112e+00
4.784739403364283383e+00
4.784739456348397368e+00
4.784739509335504515e+00
4.784739562325605711e+00
4.784739615221646147e+00
4.784739668217733666e+00
4.784739721216818786e+00
4.784739774121821831e+00
4.784739827126898604e+00
4.784739880037883530e+00
4.784739932951858066e+00
4.784739985868820433e+00
4.784740038788770633e+00
4.784740091711711329e+00
4.784740144637638970e+00
4.784740197566559772e+00
4.784740250498471958e+00
4.784740303336245226e+00
4.784740356274131301e+00
4.784740409117869575e+00
4.784740461964591240e+00
4.784740514814293633e+00
4.784740567764139030e+00
4.784740620619813534e+00
4.784740673381304710e+00
4.784740726242939779e+00
4.784740779107562680e+00
4.784740831975171638e+00
4.784740884748575063e+00
4.784740937622149914e+00
4.784740990401508576e+00
4.784741043183847076e+00
4.784741096066372990e+00
4.784741148854667614e+00
4.784741201645942965e+00
4.784741254440194602e+00
4.784741307140190081e+00
4.784741359940396066e+00
4.784741412743582778e+00
4.784741465452496456e+00
4.784741518261640181e+00
4.784741570976499325e+00
4.784741623694331203e+00
4.784741676512409114e+00
4.784741729236189123e+00
4.784741781962940088e+00
4.784741834595380716e+00
4.784741887328073595e+00
4.784741940063741872e+00
4.784741992802385546e+00
4.784742045446692238e+00
4.784742098191280490e+00
4.784742150841521990e+00
4.784742203494726454e+00
4.784742256150901873e+00
4.784742308810043809e+00
4.784742361472149597e+00
4.784742414137224564e+00
4.784742466805267824e+00
4.784742519476283817e+00
4.784742572052894438e+00
4.784742624729839022e+00
4.784742677312377346e+00
4.784742729995256738e+00
4.784742782583718324e+00
4.784742835175142872e+00
4.784742887769526831e+00
4.784742940366874642e+00
4.784742992967181863e+00
4.784743045570452047e+00
4.784743098176688747e+00
4.784743150688459679e+00
4.784743203300615200e+00
4.784743255818300511e+00
4.784743308338935464e+00
4.784743360959980762e+00
4.784743413486531871e+00
4.784743466016040614e+00
4.784743518548506991e+00
4.784743571083930114e+00
4.784743623524831513e+00
4.784743676066162799e+00
4.784743728610450830e+00
4.784743781060208256e+00
4.784743833610410668e+00
4.784743886066070040e+00
4.784743938524676388e+00
4.784743990986231488e+00
4.784744043450738893e+00
4.784744095918196827e+00
4.784744148388605289e+00
4.784744200861967833e+00
4.784744253338280906e+00
4.784744305719999424e+00
4.784744358202213554e+00
4.784744410589820696e+00
4.784744463077937660e+00
4.784744515471439641e+00
4.784744567867885934e+00
4.784744620267275650e+00
4.784744672669613230e+00
4.784744725074893346e+00
4.784744777483121325e+00
4.784744829796694354e+00
4.784744882210809180e+00
4.784744934627873647e+00
4.784744986950265400e+00
4.784745039275597911e+00
4.784745091701497088e+00
4.784745144032712005e+00
4.784745196366865017e+00
4.784745248703957010e+00
4.784745301043990651e+00
4.784745353289307168e+00
4.784745405635216997e+00
4.784745457984067585e+00
4.784745510238188615e+00
4.784745562592913615e+00
4.784745614852907281e+00
4.784745667115828383e+00
4.784745719381684914e+00
4.784745771650472435e+00
4.784745823922198049e+00
4.784745876196855541e+00
4.784745928474449350e+00
4.784745980754977701e+00
4.784746032940713434e+00
4.784746085227110868e+00
4.784746137418705914e+00
4.784746189710970654e+00
4.784746241908427677e+00
4.784746294108806808e+00
4.784746346312116039e+00
4.784746398518354482e+00
4.784746450727520362e+00
4.784746502939618118e+00
4.784746555154646863e+00
4.784746607274815489e+00
4.784746659495700882e+00
4.784746711621715498e+00
4.784746763750652221e+00
4.784746815980320811e+00
4.784746868115107965e+00
4.784746920252814562e+00
4.784746972393448594e+00
4.784747024537004734e+00
4.784747076683482980e+00
4.784747128735045152e+00
4.784747180887370277e+00
4.784747233042620174e+00
4.784747285102935344e+00
4.784747337166167291e+00
4.784747389330183509e+00
4.784747441399254342e+00
4.784747493471242841e+00
4.784747545546146341e+00
4.784747597623970172e+00
4.784747649704709005e+00
4.784747701690466037e+00
4.784747753777041979e+00
4.784747805866536474e+00
4.784747857861029630e+00
4.784747909956361234e+00
4.784747961956682616e+00
4.784748013959914559e+00
4.784748065966057951e+00
4.784748117975112791e+00
4.784748169987081745e+00
4.784748222001961260e+00
4.784748274019754888e+00
4.784748325942494773e+00
4.784748377966113075e+00
4.784748429894662536e+00
4.784748481924105512e+00
4.784748533858473429e+00
4.784748585795747466e+00
4.784748637735925847e+00
4.784748689679009459e+00
4.784748741625000079e+00
4.784748793573900372e+00
4.784748845525706784e+00
4.784748897480422869e+00
4.784748949340011492e+00
4.784749001300540705e+00
4.784749053165931798e+00
4.784749105132275915e+00
4.784749157003471254e+00
4.784749208877568272e+00
4.784749260754566080e+00
4.784749312634465568e+00
4.784749364517264958e+00
4.784749416402967803e+00
4.784749468193483679e+00
4.784749520084988994e+00
4.784749571881293129e+00
4.784749623778600913e+00
4.784749675580699524e+00
4.784749727483813331e+00
4.784749779291703753e+00
4.784749831102493189e+00
4.784749882916178088e+00
4.784749934732758447e+00
4.784749986454091442e+00
4.784750038276459172e+00
4.784750090101726805e+00
4.784750141831728421e+00
4.784750193662788753e+00
4.784750245398572410e+00
4.784750297137246200e+00
4.784750348976993806e+00
4.784750400721449637e+00
4.784750452468798265e+00
4.784750504219037026e+00
4.784750555972165031e+00
4.784750607629975505e+00
4.784750659388882887e+00
4.784750711150683067e+00
4.784750762817147063e+00
4.784750814486496751e+00
4.784750866256966439e+00
4.784750917932085734e+00
4.784750969610092497e+00
4.784751021290979622e+00
4.784751072974753328e+00
4.784751124661412724e+00
4.784751176350958701e+00
4.784751227945114316e+00
4.784751279640423682e+00
4.784751331338627622e+00
4.784751382941422548e+00
4.784751434547095172e+00
4.784751486253949970e+00
4.784751537865384208e+00
4.784751589479696143e+00
4.784751641096889330e+00
4.784751692716961990e+00
4.784751744339912349e+00
4.784751795867407509e+00
4.784751847496117705e+00
4.784751899029360267e+00
4.784751950663829412e+00
4.784752002202819376e+00
4.784752053843047470e+00
4.784752105387788390e+00
4.784752156935403455e+00
4.784752208485889113e+00
4.784752260039253358e+00
4.784752311595492635e+00
4.784752363056207436e+00
4.784752414618186123e+00
4.784752466183046060e+00
4.784752517652369086e+00
4.784752569124554711e+00
4.784752620698031755e+00
4.784752672175956789e+00
4.784752723656753304e+00
4.784752775140413306e+00
4.784752826626940347e+00
4.784752878116343311e+00
4.784752929608611538e+00
4.784752981103746805e+00
4.784753032503289205e+00
4.784753084004163881e+00
4.784753135409425262e+00
4.784753186916042900e+00
4.784753238327033031e+00
4.784753289740889315e+00
4.784753341157605533e+00
4.784753392577187014e+00
4.784753443999629319e+00
4.784753495424936887e+00
4.784753546853108830e+00
4.784753598185615076e+00
4.784753649619512217e+00
4.784753700957732114e+00
4.784753752397355342e+00
4.784753803741293332e+00
4.784753855088085928e+00
4.784753906437735793e+00
4.784753957790244705e+00
4.784754009145607334e+00
4.784754060503831674e+00
4.784754111864914172e+00
4.784754163228853940e+00
4.784754214497059621e+00
4.784754265866714817e+00
4.784754317140622604e+00
4.784754368515991452e+00
4.784754419795607561e+00
4.784754471078072946e+00
4.784754522363390272e+00
4.784754573651559539e+00
4.784754624942578083e+00
4.784754676236452120e+00
4.784754727434531674e+00
4.784754778734106040e+00
4.784754830036535900e+00
4.784754881243154401e+00
4.784754932551289031e+00
4.784754983763601643e+00
4.784755034978759980e+00
4.784755086196762264e+00
4.784755137417612048e+00
4.784755188641309331e+00
4.784755239867852339e+00
4.784755291097242846e+00
4.784755342329480854e+00
4.784755393465846218e+00
4.784755444703776561e+00
4.784755495845823603e+00
4.784755546990711039e+00
4.784755598237182106e+00
4.784755649387751220e+00
4.784755700541165169e+00
4.784755751697417736e+00
4.784755802856512474e+00
4.784755854018447607e+00
4.784755905084450589e+00
4.784755956252066511e+00
4.784756007422524604e+00
4.784756058497034559e+00
4.784756109673176105e+00
4.784756160753358856e+00
4.784756211836374007e+00
4.784756262922226000e+00
4.784756314010913059e+00
4.784756365102436071e+00
4.784756416196791484e+00
4.784756467293989068e+00
4.784756518394018165e+00
4.784756569398039616e+00
4.784756620503739732e+00
4.784756671513423321e+00
4.784756722624794456e+00
4.784756773640138405e+00
4.784756824658309426e+00
4.784756875679310184e+00
4.784756926703142454e+00
4.784756977729802685e+00
4.784757028759295316e+00
4.784757079791617684e+00
4.784757130727865793e+00
4.784757181765846745e+00
4.784757232806661875e+00
4.784757283751385870e+00
4.784757334698931608e+00
4.784757385748235059e+00
4.784757436701433164e+00
4.784757487657454789e+00
4.784757538616301709e+00
4.784757589577972148e+00
4.784757640443507043e+00
4.784757691410825409e+00
4.784757742380970846e+00
4.784757793254959424e+00
4.784757844230752788e+00
4.784757895110382186e+00
4.784757946091824365e+00
4.784757996977093697e+00
4.784758047865183883e+00
4.784758098756092259e+00
4.784758149649818826e+00
4.784758200546365359e+00
4.784758251445730082e+00
4.784758302248885542e+00
4.784758353153887533e+00
4.784758403962666051e+00
4.784758454873307976e+00
4.784758505687713992e+00
4.784758556504931093e+00
4.784758607424031140e+00
4.784758658246881069e+00
4.784758709072547411e+00
4.784758759901022174e+00
4.784758810732310685e+00
4.784758861467325985e+00
4.784758912304244660e+00
4.784758963143972643e+00
4.784759013887410539e+00
4.784759064633652414e+00
4.784759115481824310e+00
4.784759166233683914e+00
4.784759216988351938e+00
4.784759267745828382e+00
4.784759318506111470e+00
4.784759369269203866e+00
4.784759420035105570e+00
4.784759470803815695e+00
4.784759521476170008e+00
4.784759572250496085e+00
4.784759622928453915e+00
4.784759673708397720e+00
4.784759724391964397e+00
4.784759775078327948e+00
4.784759825866695238e+00
4.784759876558672964e+00
4.784759927253452894e+00
4.784759977851819279e+00
4.784760028552200950e+00
4.784760079255385712e+00
4.784760129961374453e+00
4.784760180570928334e+00
4.784760231282525034e+00
4.784760281897676215e+00
4.784760332515626047e+00
4.784760383235624026e+00
4.784760433859170270e+00
4.784760484485512499e+00
4.784760535114649826e+00
4.784760585746585804e+00
4.784760636282035406e+00
4.784760686919564243e+00
4.784760737559890842e+00
4.784760788103714191e+00
4.784760838749635425e+00
4.784760889299043640e+00
4.784760939851243400e+00
4.784760990406230263e+00
4.784761041063339881e+00
4.784761091623915163e+00
4.784761142187284655e+00
4.784761192654098494e+00
4.784761243223047522e+00
4.784761293794787207e+00
4.784761344269957917e+00
4.784761394847280691e+00
4.784761445328024720e+00
4.784761495910933249e+00
4.784761546397248821e+00
4.784761596886354162e+00
4.784761647378246607e+00
4.784761697872917274e+00
4.784761748370378598e+00
4.784761798870627025e+00
4.784761849373660780e+00
4.784761899780061611e+00
4.784761950288667798e+00
4.784762000800062864e+00
4.784762051214806355e+00
4.784762101632328957e+00
4.784762152152082670e+00
4.784762202575167933e+00
4.784762253001033194e+00
4.784762303429682895e+00
4.784762353861112594e+00
4.784762404295322291e+00
4.784762454632832451e+00
4.784762505072599481e+00
4.784762555515153615e+00
4.784762605860986895e+00
4.784762656209595733e+00
4.784762706660487197e+00
4.784762757014647150e+00
4.784762807371581772e+00
4.784762857731291064e+00
4.784762908093775025e+00
4.784762958459033655e+00
4.784763008827070507e+00
4.784763059197882029e+00
4.784763109471917630e+00
4.784763159848276715e+00
4.784763210227417574e+00
4.784763260509762084e+00
4.784763310794876823e+00
4.784763361082757349e+00
4.784763411472995109e+00
4.784763461766422310e+00
4.784763512062617963e+00
4.784763562361583844e+00
4.784763612563708080e+00
4.784763662868208201e+00
4.784763713175480326e+00
4.784763763385899260e+00
4.784763813698709178e+00
4.784763863914657023e+00
4.784763914233010951e+00
4.784763964454486818e+00
4.784764014678729360e+00
4.784764064905733250e+00
4.784764115135500262e+00
4.784764165368035727e+00
4.784764215603333426e+00
4.784764265741716649e+00
4.784764315982541483e+00
4.784764366226132992e+00
4.784764416372793150e+00
4.784764466621912682e+00
4.784764516774091980e+00
4.784764566929027296e+00
4.784764617086721294e+00
4.784764667247175751e+00
4.784764717410384449e+00
4.784764767576355382e+00
4.784764817745085885e+00
4.784764867916575071e+00
4.784764917991073396e+00
4.784764968168079058e+00
4.784765018347846066e+00
4.784765068430605339e+00
4.784765118516117965e+00
4.784765168704161908e+00
4.784765218795182129e+00
4.784765268888956591e+00
4.784765318985483518e+00
4.784765369084764686e+00
4.784765419086991045e+00
4.784765469191775367e+00
4.784765519299314818e+00
4.784765569309784361e+00
4.784765619422829630e+00
4.784765669438796110e+00
4.784765719557348085e+00
4.784765769578813277e+00
4.784765819603022052e+00
4.784765869629977963e+00
4.784765919659687228e+00
4.784765969692139187e+00
4.784766019727342723e+00
4.784766069765293395e+00
4.784766119706111098e+00
4.784766169749556930e+00
4.784766219695857359e+00
4.784766269744798350e+00
4.784766319696585057e+00
4.784766369651111795e+00
4.784766419708297747e+00
4.784766469668312538e+00
4.784766519631070913e+00
4.784766569596571983e+00
4.784766619464873472e+00
4.784766669435854602e+00
4.784766719409583757e+00
4.784766769286095567e+00
4.784766819265304783e+00
4.784766869147291324e+00
4.784766919131988594e+00
4.784766969019450755e+00
4.784767018909649394e+00
4.784767068802584511e+00
4.784767118698257882e+00
4.784767168596666842e+00
4.784767218497810504e+00
4.784767268401696860e+00
4.784767318308321471e+00
4.784767368117659458e+00
4.784767418029755248e+00
4.784767467844558197e+00
4.784767517662089631e+00
4.784767567582395742e+00
4.784767617405393025e+00
4.784767667231120569e+00
4.784767717059582814e+00
4.784767766890769991e+00
4.784767816724693645e+00
4.784767866561347560e+00
4.784767916300654456e+00
4.784767966142769779e+00
4.784768015887525650e+00
4.784768065735107712e+00
4.784768115485311668e+00
4.784768165338356027e+00
4.784768215094019617e+00
4.784768264852408137e+00
4.784768314613523366e+00
4.784768364377361749e+00
4.784768414143927728e+00
4.784768463913220415e+00
4.784768513585092364e+00
4.784768563359835802e+00
4.784768613137305060e+00
4.784768662817341145e+00
4.784768712500093280e+00
4.784768762285739996e+00
4.784768811973937552e+00
4.784768861664852935e+00
4.784768911358486143e+00
4.784768961054846947e+00
4.784769010753922025e+00
4.784769060455719369e+00
4.784769110160238981e+00
4.784769159767262359e+00
4.784769209477219398e+00
4.784769259089673099e+00
4.784769308805073784e+00
4.784769358422956032e+00
4.784769408043552552e+00
4.784769457666859793e+00
4.784769507393145105e+00
4.784769557021891551e+00
4.784769606553080479e+00
4.784769656187251030e+00
4.784769705824137631e+00
4.784769755463739394e+00
4.784769805005769427e+00
4.784769854650800625e+00
4.784769904198249435e+00
4.784769953848711843e+00
4.784770003401580318e+00
4.784770052957156850e+00
4.784770102515444101e+00
4.784770152076438521e+00
4.784770201640142773e+00
4.784770251206556857e+00
4.784770300775682550e+00
4.784770350347518075e+00
4.784770399821708153e+00
4.784770449398963343e+00
4.784770498878561540e+00
4.784770548461236395e+00
4.784770597946242709e+00
4.784770647433953528e+00
4.784770696924367073e+00
4.784770746417484233e+00
4.784770795913305008e+00
4.784770845411832063e+00
4.784770894913064510e+00
4.784770944416999683e+00
4.784770993823215690e+00
4.784771043332558982e+00
4.784771092744174226e+00
4.784771142258925636e+00
4.784771191675937452e+00
4.784771241095647554e+00
4.784771290618512474e+00
4.784771340043624477e+00
4.784771389471435654e+00
4.784771438901941565e+00
4.784771488234675019e+00
4.784771537670576613e+00
4.784771587109177382e+00
4.784771636449987042e+00
4.784771685893986159e+00
4.784771735240181734e+00
4.784771784689576535e+00
4.784771834041159799e+00
4.784771883395435133e+00
4.784771932752400758e+00
4.784771982112060229e+00
4.784772031474412657e+00
4.784772080839459818e+00
4.784772130207196383e+00
4.784772179577631235e+00
4.784772228850203035e+00
4.784772278226022024e+00
4.784772327503967304e+00
4.784772376885173095e+00
4.784772426168493631e+00
4.784772475454502683e+00
4.784772524743198474e+00
4.784772574034574788e+00
4.784772623328643171e+00
4.784772672625400070e+00
4.784772721924844596e+00
4.784772771226977639e+00
4.784772820531801862e+00
4.784772869738679546e+00
4.784772919048875472e+00
4.784772968261122195e+00
4.784773017476047663e+00
4.784773066794304697e+00
4.784773116014596539e+00
4.784773165237570680e+00
4.784773214463226232e+00
4.784773263691564082e+00
4.784773312922582456e+00
4.784773362156285792e+00
4.784773411291981304e+00
4.784773460531043909e+00
4.784773509772794142e+00
4.784773558916525005e+00
4.784773608062923955e+00
4.784773657312717532e+00
4.784773706464473086e+00
4.784773755618904723e+00
4.784773804776013328e+00
4.784773853935798904e+00
4.784773903098258785e+00
4.784773952263397412e+00
4.784774001431218338e+00
4.784774050500947951e+00
4.784774099674114822e+00
4.784774148749185052e+00
4.784774197927707640e+00
4.784774247008126480e+00
4.784774296091212520e+00
4.784774345277763352e+00
4.784774394366195338e+00
4.784774443457297188e+00
4.784774492551075120e+00
4.784774541647516699e+00
4.784774590645812786e+00
4.784774639747597647e+00
4.784774688852056812e+00
4.784774737858345617e+00
4.784774786968144511e+00
4.784774835979770380e+00
4.784774884994055455e+00
4.784774934111869271e+00
4.784774983131489634e+00
4.784775032153775420e+00
4.784775081178728406e+00
4.784775130206344151e+00
4.784775179236629761e+00
4.784775228168686390e+00
4.784775277204299293e+00
4.784775326242579396e+00
4.784775375182617196e+00
4.784775424226227258e+00
4.784775473171587024e+00
4.784775522119604219e+00
4.784775571070280620e+00
4.784775620124554152e+00
4.784775669080555183e+00
4.784775718039215420e+00
4.784775766899582727e+00
4.784775815863560489e+00
4.784775864830198344e+00
4.784775913799498070e+00
4.784775962670485328e+00
4.784776011645104354e+00
4.784776060521400254e+00
4.784776109400350030e+00
4.784776158382948452e+00
4.784776207267213088e+00
4.784776256154122720e+00
4.784776305043692446e+00
4.784776353935916049e+00
4.784776402830795305e+00
4.784776451728330215e+00
4.784776500527483378e+00
4.784776549430326043e+00
4.784776598234776301e+00
4.784776647142928496e+00
4.784776695952678516e+00
4.784776744866140241e+00
4.784776793681190910e+00
4.784776842498890126e+00
4.784776891319237890e+00
4.784776940142235091e+00
4.784776988967879952e+00
4.784777037796176913e+00
4.784777086526021073e+00
4.784777135359612465e+00
4.784777184195855071e+00
4.784777232933630664e+00
4.784777281775170366e+00
4.784777330518235949e+00
4.784777379263942088e+00
4.784777428012289668e+00
4.784777476864426227e+00
4.784777525618067351e+00
4.784777574374349918e+00
4.784777623133277480e+00
4.784777671793682963e+00
4.784777720557893410e+00
4.784777769324749741e+00
4.784777817993067117e+00
4.784777866765212551e+00
4.784777915438807483e+00
4.784777964216237578e+00
4.784778012895110955e+00
4.784778061576620445e+00
4.784778110260773154e+00
4.784778158947553983e+00
4.784778207636977143e+00
4.784778256329040858e+00
4.784778305023742462e+00
4.784778353619837610e+00
4.784778402319814994e+00
4.784778451022431156e+00
4.784778499626426651e+00
4.784778548233052042e+00
4.784778596943581874e+00
4.784778645555475052e+00
4.784778694169999902e+00
4.784778742787158201e+00
4.784778791406948173e+00
4.784778840029369817e+00
4.784778888654425799e+00
4.784778937282113453e+00
4.784778985811123597e+00
4.784779034444076373e+00
4.784779083079664375e+00
4.784779131616556214e+00
4.784779180156071732e+00
4.784779228799556527e+00
4.784779277344330062e+00
4.784779325891726387e+00
4.784779374441752609e+00
4.784779422994406062e+00
4.784779471549689411e+00
4.784779520107594664e+00
4.784779568668128924e+00
4.784779617129910179e+00
4.784779665695698903e+00
4.784779714264115746e+00
4.784779762733761821e+00
4.784779811206025357e+00
4.784779859782324785e+00
4.784779908259834791e+00
4.784779956739965812e+00
4.784780005222717847e+00
4.784780053708092673e+00
4.784780102196086737e+00
4.784780150686707145e+00
4.784780199078495500e+00
4.784780247574353496e+00
4.784780296072836947e+00
4.784780344472474134e+00
4.784780392976201391e+00
4.784780441381071725e+00
4.784780489788556856e+00
4.784780538300149821e+00
4.784780586712869876e+00
4.784780635128211834e+00
4.784780683546163260e+00
4.784780731966728595e+00
4.784780780288398816e+00
4.784780828714197298e+00
4.784780877142613242e+00
4.784780925472113644e+00
4.784780973905762735e+00
4.784781022240483850e+00
4.784781070679366088e+00
4.784781119019309692e+00
4.784781167361863652e+00
4.784781215707027080e+00
4.784781264054802641e+00
4.784781312405186782e+00
4.784781360758183055e+00
4.784781409113790573e+00
4.784781457472012001e+00
4.784781505731240614e+00
4.784781554094679201e+00
4.784781602359123198e+00
4.784781650727783386e+00
4.784781698997436550e+00
4.784781747269690300e+00
4.784781795646184221e+00
4.784781843923655131e+00
4.784781892203730180e+00
4.784781940486410257e+00
4.784781988771694472e+00
4.784782036957925477e+00
4.784782085248419747e+00
4.784782133541519933e+00
4.784782181735548257e+00
4.784782230033858497e+00
4.784782278233087993e+00
4.784782326536609176e+00
4.784782374741038957e+00
4.784782422948067548e+00
4.784782471157693173e+00
4.784782519369923826e+00
4.784782567584750623e+00
4.784782615802178007e+00
4.784782664022204202e+00
4.784782712244834535e+00
4.784782760368321064e+00
4.784782808596145465e+00
4.784782856724822508e+00
4.784782904957848970e+00
4.784782953091712976e+00
4.784783001228170463e+00
4.784783049468996907e+00
4.784783097610645797e+00
4.784783145754885503e+00
4.784783193901726683e+00
4.784783242051156904e+00
4.784783290101377595e+00
4.784783338255994778e+00
4.784783386413207218e+00
4.784783434471195918e+00
4.784783482633601537e+00
4.784783530696767428e+00
4.784783578864356457e+00
4.784783626932702205e+00
4.784783675003635217e+00
4.784783723077155493e+00
4.784783771153264809e+00
4.784783819231964053e+00
4.784783867313251449e+00
4.784783915397131437e+00
4.784783963483595137e+00
4.784784011470767595e+00
4.784784059562410263e+00
4.784784107554747479e+00
4.784784155651569115e+00
4.784784203649071088e+00
4.784784251751075246e+00
4.784784299753744641e+00
4.784784347759002188e+00
4.784784395766842557e+00
4.784784443777262197e+00
4.784784491790271765e+00
4.784784539805858827e+00
4.784784587722082705e+00
4.784784635742837189e+00
4.784784683766177160e+00
4.784784731690130855e+00
4.784784779718639136e+00
4.784784827647752259e+00
4.784784875579440211e+00
4.784784923513704769e+00
4.784784971552546118e+00
4.784785019491970104e+00
4.784785067433970696e+00
4.784785115378556775e+00
4.784785163223695292e+00
4.784785211173430142e+00
4.784785259125740708e+00
4.784785306978601049e+00
4.784785354936067492e+00
4.784785402794073050e+00
4.784785450756690928e+00
4.784785498619841704e+00
4.784785546485561980e+00
4.784785594455916780e+00
4.784785642326786714e+00
4.784785690200227037e+00
4.784785738076240413e+00
4.784785785852736950e+00
4.784785833733886662e+00
4.784785881617616532e+00
4.784785929401813576e+00
4.784785977290683334e+00
4.784786025080013161e+00
4.784786072974028137e+00
4.784786120768494300e+00
4.784786168565522857e+00
4.784786216467256992e+00
4.784786264269425438e+00
4.784786312074157166e+00
4.784786359881458395e+00
4.784786407691324683e+00
4.784786455401595973e+00
4.784786503216592379e+00
4.784786551034162727e+00
4.784786598752114095e+00
4.784786646574813673e+00
4.784786694297892495e+00
4.784786742023530159e+00
4.784786789853929356e+00
4.784786837584691810e+00
4.784786885318013994e+00
4.784786933053895908e+00
4.784786980792340216e+00
4.784787028533347808e+00
4.784787076276916906e+00
4.784787123920804852e+00
4.784787171669494299e+00
4.784787219420746140e+00
4.784787267072303507e+00
4.784787314828679250e+00
4.784787362485348972e+00
4.784787410144572206e+00
4.784787457806352506e+00
4.784787505572970723e+00
4.784787553239866043e+00
4.784787600909315763e+00
4.784787648581319885e+00
4.784787696153573577e+00
4.784787743830690943e+00
4.784787791510362709e+00
4.784787839090266282e+00
4.784787886775051291e+00
4.784787934360055672e+00
4.784787982049950372e+00
4.784788029640057339e+00
4.784788077232713377e+00
4.784788124827921152e+00
4.784788172528038785e+00
4.784788220128351810e+00
4.784788267731212130e+00
4.784788315234244749e+00
4.784788362842204990e+00
4.784788410452713414e+00
4.784788457963381703e+00
4.784788505578991824e+00
4.784788553197152794e+00
4.784788600715458529e+00
4.784788648236303565e+00
4.784788695862118857e+00
4.784788743388057597e+00
4.784788790916541856e+00
4.784788838447569859e+00
4.784788885981142492e+00
4.784788933517259757e+00
4.784788981055925206e+00
4.784789028494672358e+00
4.784789076038425293e+00
4.784789123482248385e+00
4.784789171031091470e+00
4.784789218479994943e+00
4.784789266033924626e+00
4.784789313487911144e+00
4.784789360944430747e+00
4.784789408403494981e+00
4.784789455967604965e+00
4.784789503431747804e+00
4.784789550795910174e+00
4.784789598265130728e+00
4.784789645736890584e+00
4.784789693211191519e+00
4.784789740585488893e+00
4.784789788064868432e+00
4.784789835444230199e+00
4.784789882928691895e+00
4.784789930313124273e+00
4.784789977700090624e+00
4.784790025089590948e+00
4.784790072584205411e+00
4.784790119978775458e+00
4.784790167375883918e+00
4.784790214672925757e+00
4.784790262075095058e+00
4.784790309479798331e+00
4.784790356887037355e+00
4.784790404194197322e+00
4.784790451606502515e+00
4.784790498918717105e+00
4.784790546233455011e+00
4.784790593653366564e+00
4.784790640973162645e+00
4.784790688295489147e+00
4.784790735620341628e+00
4.784790782947724530e+00
4.784790830277636076e+00
4.784790877610074489e+00
4.784790924945044210e+00
4.784790972179855828e+00
4.784791019519882838e+00
4.784791066759740197e+00
4.784791114104822718e+00
4.784791161349722266e+00
4.784791208699863851e+00
4.784791255949816247e+00
4.784791303202290180e+00
4.784791350457286541e+00
4.784791397714805328e+00
4.784791444974846542e+00
4.784791492237410182e+00
4.784791539502498914e+00
4.784791586770114513e+00
4.784791633937488520e+00
4.784791681210146308e+00
4.784791728382555398e+00
4.784791775660258928e+00
4.784791822837703990e+00
4.784791870017661708e+00
4.784791917302935182e+00
4.784791964487935090e+00
4.784792011675449430e+00
4.784792058865482645e+00
4.784792106058032957e+00
4.784792153253100366e+00
4.784792200347858682e+00
4.784792247547958510e+00
4.784792294750577213e+00
4.784792341852873498e+00
4.784792389060529061e+00
4.784792436167844443e+00
4.784792483277674258e+00
4.784792530492879337e+00
4.784792577607734465e+00
4.784792624725100474e+00
4.784792671844978251e+00
4.784792718967368685e+00
4.784792766092270888e+00
4.784792813219686636e+00
4.784792860246707136e+00
4.784792907379143756e+00
4.784792954514094809e+00
4.784793001548637292e+00
4.784793048688611883e+00
4.784793095728167245e+00
4.784793142770226382e+00
4.784793189917737166e+00
4.784793236964815399e+00
4.784793284014397408e+00
4.784793331066486743e+00
4.784793378121082519e+00
4.784793425178183846e+00
4.784793472134817094e+00
4.784793519196929523e+00
4.784793566261551057e+00
4.784793613225684972e+00
4.784793660295319384e+00
4.784793707264457296e+00
4.784793754339103700e+00
4.784793801313245609e+00
4.784793848289886853e+00
4.784793895269028319e+00
4.784793942250670007e+00
4.784793989234812805e+00
4.784794036221454938e+00
4.784794083210602622e+00
4.784794130202248752e+00
4.784794177093340650e+00
4.784794224089989889e+00
4.784794271089141127e+00
4.784794317987719481e+00
4.784794364888791840e+00
4.784794411895444632e+00
4.784794458801506778e+00
4.784794505710067369e+00
4.784794552621122854e+00
4.784794599534669679e+00
4.784794646450715838e+00
4.784794693369256890e+00
4.784794740290294612e+00
4.784794787213827227e+00
4.784794834139860065e+00
4.784794880965245412e+00
4.784794927896265371e+00
4.784794974726634287e+00
4.784795021559486550e+00
4.784795068497991188e+00
4.784795115335830573e+00
4.784795162176155969e+00
4.784795209018970041e+00
4.784795255864275454e+00
4.784795302712070431e+00
4.784795349562355860e+00
4.784795396415132629e+00
4.784795443270398962e+00
4.784795490024945863e+00
4.784795536885191325e+00
4.784795583644704919e+00
4.784795630509931286e+00
4.784795677274414238e+00
4.784795724144624174e+00
4.784795770914078261e+00
4.784795817686017472e+00
4.784795864460440917e+00
4.784795911237349486e+00
4.784795958016742290e+00
4.784796004798619329e+00
4.784796051582980603e+00
4.784796098266546061e+00
4.784796145055875805e+00
4.784796191847692448e+00
4.784796238538691071e+00
4.784796285232172153e+00
4.784796332031442390e+00
4.784796378729882171e+00
4.784796425430799083e+00
4.784796472134193124e+00
4.784796518840066071e+00
4.784796565548417036e+00
4.784796612259248683e+00
4.784796658972561012e+00
4.784796705688354024e+00
4.784796752406625053e+00
4.784796799024011449e+00
4.784796845747241179e+00
4.784796892369571175e+00
4.784796939097759605e+00
4.784796985725042084e+00
4.784797032354793700e+00
4.784797079090418848e+00
4.784797125725120281e+00
4.784797172362298845e+00
4.784797219001948321e+00
4.784797265644072262e+00
4.784797312288670668e+00
4.784797358832312497e+00
4.784797405481852728e+00
4.784797452133870088e+00
4.784797498684913997e+00
4.784797545341878511e+00
4.784797591897861579e+00
4.784797638456308455e+00
4.784797685120692812e+00
4.784797731684079736e+00
4.784797778249932243e+00
4.784797824818252110e+00
4.784797871389044666e+00
4.784797917962298364e+00
4.784797964538023862e+00
4.784798011116222050e+00
4.784798057593372178e+00
4.784798104176501532e+00
4.784798150658575722e+00
4.784798197246640683e+00
4.784798243733639822e+00
4.784798290326642167e+00
4.784798336818569808e+00
4.784798383312955927e+00
4.784798429809807629e+00
4.784798476309120474e+00
4.784798522810893573e+00
4.784798569315130479e+00
4.784798615821832968e+00
4.784798662330998376e+00
4.784798708842625814e+00
4.784798755253119928e+00
4.784798801769674981e+00
4.784798848185085163e+00
4.784798894706565164e+00
4.784798941126888749e+00
4.784798987549670812e+00
4.784799033974906912e+00
4.784799080506235924e+00
4.784799126936389868e+00
4.784799173369004066e+00
4.784799219700421880e+00
4.784799266137944151e+00
4.784799312577923125e+00
4.784799359020362353e+00
4.784799405361587432e+00
4.784799451808939175e+00
4.784799498155066999e+00
4.784799544607333921e+00
4.784799590958363602e+00
4.784799637311846432e+00
4.784799683771484347e+00
4.784799730129870809e+00
4.784799776490713086e+00
4.784799822854003182e+00
4.784799869219746427e+00
4.784799915587941044e+00
4.784799961854848682e+00
4.784800008227945156e+00
4.784800054603496555e+00
4.784800100877740547e+00
4.784800147258191139e+00
4.784800193537333435e+00
4.784800239818913781e+00
4.784800286206722930e+00
4.784800332493200692e+00
4.784800378782124497e+00
4.784800425073494345e+00
4.784800471367310237e+00
4.784800517663571284e+00
4.784800563962281039e+00
4.784800610263437726e+00
4.784800656463218615e+00
4.784800702769265612e+00
4.784800749077758653e+00
4.784800795284864350e+00
4.784800841494406320e+00
4.784800887810236603e+00
4.784800934024663555e+00
4.784800980241526780e+00
4.784801026460834272e+00
4.784801072682580703e+00
4.784801118906765183e+00
4.784801165133389489e+00
4.784801211362458950e+00
4.784801257593969126e+00
4.784801303827920016e+00
4.784801349960410732e+00
4.784801396199243051e+00
4.784801442440517860e+00
4.784801488580313844e+00
4.784801534722545213e+00
4.784801580971139501e+00
4.784801627118244305e+00
4.784801673267782718e+00
4.784801719419755628e+00
4.784801765574162147e+00
4.784801811731002275e+00
4.784801857890283117e+00
4.784801904051998456e+00
4.784801950112173685e+00
4.784801996278753577e+00
4.784802042447775960e+00
4.784802088515241358e+00
4.784802134689131847e+00
4.784802180761456469e+00
4.784802226836209371e+00
4.784802273017405128e+00
4.784802319097020806e+00
4.784802365179063877e+00
4.784802411263537891e+00
4.784802457350442850e+00
4.784802503439777865e+00
4.784802549427492835e+00
4.784802595521684410e+00
4.784802641618306041e+00
4.784802687717358616e+00
4.784802733714775158e+00
4.784802779818686957e+00
4.784802825820953842e+00
4.784802871825640125e+00
4.784802917832751135e+00
4.784802963946377830e+00
4.784803009958341846e+00
4.784803055972729702e+00
4.784803101989538732e+00
4.784803148008773377e+00
4.784803194030433637e+00
4.784803239950388587e+00
4.784803285976891196e+00
4.784803332005826526e+00
4.784803377933037893e+00
4.784803423966817348e+00
4.784803469898868400e+00
4.784803515833334409e+00
4.784803561874385380e+00
4.784803607813691961e+00
4.784803653755417052e+00
4.784803699699559765e+00
4.784803745646122763e+00
4.784803791595101607e+00
4.784803837546501626e+00
4.784803883500320154e+00
4.784803929352349883e+00
4.784803975311002766e+00
4.784804021272080377e+00
4.784804067131348759e+00
4.784804113097263389e+00
4.784804158961356357e+00
4.784804204827865171e+00
4.784804250696784500e+00
4.784804296672372281e+00
4.784804342546121525e+00
4.784804388422285726e+00
4.784804434300861331e+00
4.784804480181851005e+00
4.784804525960970167e+00
4.784804571846784427e+00
4.784804617735014531e+00
4.784804663521356360e+00
4.784804709414409274e+00
4.784804755205569471e+00
4.784804801103451410e+00
4.784804846899427311e+00
4.784804892697809287e+00
4.784804938602931657e+00
4.784804984406131112e+00
4.784805030211741084e+00
4.784805076019758019e+00
4.784805121830182806e+00
4.784805167538654480e+00
4.784805213353891418e+00
4.784805259171537983e+00
4.784805304991593289e+00
4.784805350709677718e+00
4.784805396534546063e+00
4.784805442257434649e+00
4.784805487982724870e+00
4.784805533814816769e+00
4.784805579544915588e+00
4.784805625277410712e+00
4.784805671012310135e+00
4.784805716749609417e+00
4.784805762489312109e+00
4.784805808231419100e+00
4.784805853975929502e+00
4.784805899618394420e+00
4.784805945367706315e+00
4.784805991119422508e+00
4.784806036769079896e+00
4.784806082525600246e+00
4.784806128180051132e+00
4.784806173836897436e+00
4.784806219600624466e+00
4.784806265262266933e+00
4.784806310926305706e+00
4.784806356592736343e+00
4.784806402261573055e+00
4.784806447932800744e+00
4.784806493606425626e+00
4.784806539177927753e+00
4.784806584856344358e+00
4.784806630537159933e+00
4.784806676115833213e+00
4.784806721801443175e+00
4.784806767384901072e+00
4.784806813075301868e+00
4.784806858663544382e+00
4.784806904254175208e+00
4.784806949847198787e+00
4.784806995442611566e+00
4.784807041040415321e+00
4.784807086640611828e+00
4.784807132243196648e+00
4.784807177848176885e+00
4.784807223455549874e+00
4.784807268960703297e+00
4.784807314572856463e+00
4.784807360082780292e+00
4.784807405699713634e+00
4.784807451214410534e+00
4.784807496836127605e+00
4.784807542355600241e+00
4.784807587877453194e+00
4.784807633401692684e+00
4.784807678928317820e+00
4.784807724457329492e+00
4.784807769988723258e+00
4.784807815522508001e+00
4.784807861058679279e+00
4.784807906492547502e+00
4.784807952033488299e+00
4.784807997576812966e+00
4.784808043017826584e+00
4.784808088565926099e+00
4.784808134011698577e+00
4.784808179459848709e+00
4.784808224910379160e+00
4.784808270468023039e+00
4.784808315923316790e+00
4.784808361380989084e+00
4.784808406841048800e+00
4.784808452303484394e+00
4.784808497663540550e+00
4.784808543130732339e+00
4.784808588600308887e+00
4.784808633967490010e+00
4.784808679441826307e+00
4.784808724813756520e+00
4.784808770292853453e+00
4.784808815669537196e+00
4.784808861048588824e+00
4.784808906534825823e+00
4.784808951918633646e+00
4.784808997304814682e+00
4.784809042693374259e+00
4.784809088084304385e+00
4.784809133477613052e+00
4.784809178768454352e+00
4.784809224166506780e+00
4.784809269566937751e+00
4.784809314864888030e+00
4.784809360270067202e+00
4.784809405572752361e+00
4.784809450982683288e+00
4.784809496290110431e+00
4.784809541599905458e+00
4.784809586912068369e+00
4.784809632331501028e+00
4.784809677648405923e+00
4.784809722967683143e+00
4.784809768289329135e+00
4.784809813508426046e+00
4.784809858834806029e+00
4.784809904163557448e+00
4.784809949389746464e+00
4.784809994723233650e+00
4.784810040059095826e+00
4.784810085292376947e+00
4.784810130528021510e+00
4.784810175870987337e+00
4.784810221111362338e+00
4.784810266354097230e+00
4.784810311599199117e+00
4.784810356846660007e+00
4.784810402096487003e+00
4.784810447348679219e+00
4.784810492603234877e+00
4.784810537860154867e+00
4.784810583014428076e+00
4.784810628276076727e+00
4.784810673435065276e+00
4.784810718701440813e+00
4.784810763865147365e+00
4.784810809136250676e+00
4.784810854304673455e+00
4.784810899475457902e+00
4.784810944648597797e+00
4.784810989824094030e+00
4.784811035001951041e+00
4.784811080182164389e+00
4.784811125364737627e+00
4.784811170549671644e+00
4.784811215736963774e+00
4.784811260821521195e+00
4.784811306013526888e+00
4.784811351207896024e+00
4.784811396299515351e+00
4.784811441498600715e+00
4.784811486594924723e+00
4.784811531693601516e+00
4.784811576794629318e+00
4.784811621898009015e+00
4.784811667108886724e+00
4.784811712216976431e+00
4.784811757222265705e+00
4.784811802335057429e+00
4.784811847450203715e+00
4.784811892567703673e+00
4.784811937687558192e+00
4.784811982704584743e+00
4.784812027829144832e+00
4.784812072850866294e+00
4.784812117980132840e+00
4.784812163006549213e+00
4.784812208035313930e+00
4.784812253066423438e+00
4.784812298099879513e+00
4.784812343240911758e+00
4.784812388279066298e+00
4.784812433214332472e+00
4.784812478257179258e+00
4.784812523302375276e+00
4.784812568349918749e+00
4.784812613294552541e+00
4.784812658346788261e+00
4.784812703401375877e+00
4.784812748353036937e+00
4.784812793307038348e+00
4.784812838368666554e+00
4.784812883327353994e+00
4.784812928288380895e+00
4.784812973251750812e+00
4.784813018217461966e+00
4.784813063185513471e+00
4.784813108155908878e+00
4.784813153128646412e+00
4.784813198103726073e+00
4.784813243081148748e+00
4.784813287955573813e+00
4.784813332937681629e+00
4.784813377816778512e+00
4.784813422803568805e+00
4.784813467687339283e+00
4.784813512678814718e+00
4.784813557567259679e+00
4.784813602458041437e+00
4.784813647351159105e+00
4.784813692246612682e+00
4.784813737144403056e+00
4.784813782044528452e+00
4.784813826946991533e+00
4.784813871851792300e+00
4.784813916758931640e+00
4.784813961562985440e+00
4.784814006474795711e+00
4.784814051283510672e+00
4.784814096199992761e+00
4.784814141013370659e+00
4.784814185829075583e+00
4.784814230752568953e+00
4.784814275572938591e+00
4.784814320395640586e+00
4.784814365220671384e+00
4.784814410048033650e+00
4.784814454877727385e+00
4.784814499709750812e+00
4.784814544544109260e+00
4.784814589275297791e+00
4.784814634114314735e+00
4.784814678955665812e+00
4.784814723693831873e+00
4.784814768539844110e+00
4.784814813282661561e+00
4.784814858027804263e+00
4.784814902880810017e+00
4.784814947630603221e+00
4.784814992382723453e+00
4.784815037137168936e+00
4.784815081893938782e+00
4.784815126653034767e+00
4.784815171414455115e+00
4.784815216178204267e+00
4.784815260838698237e+00
4.784815305607095226e+00
4.784815350377820131e+00
4.784815395045272091e+00
4.784815439820648386e+00
4.784815484492739301e+00
4.784815529167153692e+00
4.784815573949504852e+00
4.784815618628559974e+00
4.784815663309933242e+00
4.784815707993628209e+00
4.784815752679638656e+00
4.784815797367974355e+00
4.784815842058628199e+00
4.784815886751600189e+00
4.784815931341232620e+00
4.784815976038846230e+00
4.784816020738780651e+00
4.784816065335354196e+00
4.784816110039929349e+00
4.784816154641132968e+00
4.784816199244649404e+00
4.784816243956184323e+00
4.784816288564332609e+00
4.784816333174795489e+00
4.784816377787571184e+00
4.784816422402661473e+00
4.784816467020067243e+00
4.784816511639784942e+00
4.784816556261821674e+00
4.784816600886174776e+00
4.784816645407087066e+00
4.784816690036067577e+00
4.784816734561599283e+00
4.784816779195206315e+00
4.784816823725355661e+00
4.784816868363592768e+00
4.784816912898363306e+00
4.784816957435440443e+00
4.784817001974824180e+00
4.784817046516519845e+00
4.784817091060522110e+00
4.784817135606831862e+00
4.784817180155454430e+00
4.784817224706384486e+00
4.784817269259625583e+00
4.784817313815178608e+00
4.784817358267200227e+00
4.784817402827368227e+00
4.784817447283996827e+00
4.784817491848782467e+00
4.784817536310018049e+00
4.784817580773558454e+00
4.784817625345270109e+00
4.784817669813418384e+00
4.784817714283869705e+00
4.784817758756623185e+00
4.784817803231683264e+00
4.784817847709044614e+00
4.784817892188709010e+00
4.784817936670680005e+00
4.784817981049036106e+00
4.784818025535613195e+00
4.784818069918565620e+00
4.784818114409746137e+00
4.784818158797293997e+00
4.784818203293084160e+00
4.784818247685229231e+00
4.784818292079672020e+00
4.784818336582373988e+00
4.784818380981414876e+00
4.784818425382755258e+00
4.784818469786392470e+00
4.784818514192326511e+00
4.784818558600560046e+00
4.784818602905101415e+00
4.784818647317927720e+00
4.784818691733055296e+00
4.784818736044471166e+00
4.784818780464194177e+00
4.784818824886216682e+00
4.784818869204513270e+00
4.784818913525100470e+00
4.784818957954017904e+00
4.784819002279193434e+00
4.784819046606658688e+00
4.784819090936417219e+00
4.784819135268469026e+00
4.784819179602811445e+00
4.784819223939448918e+00
4.784819268278380555e+00
4.784819312619603693e+00
4.784819356857033412e+00
4.784819401202840439e+00
4.784819445444843389e+00
4.784819489795236080e+00
4.784819534041813149e+00
4.784819578396789730e+00
4.784819622647943582e+00
4.784819666901382718e+00
4.784819711157108024e+00
4.784819755521255047e+00
4.784819799781559801e+00
4.784819844044148951e+00
4.784819888309026048e+00
4.784819932470034232e+00
4.784819976739481895e+00
4.784820021011220170e+00
4.784820065285242841e+00
4.784820109455377946e+00
4.784820153733977399e+00
4.784820197908674189e+00
4.784820242191848649e+00
4.784820286371109788e+00
4.784820330552650880e+00
4.784820374736472814e+00
4.784820419028796401e+00
4.784820463217183573e+00
4.784820507407852475e+00
4.784820551600805771e+00
4.784820595689797784e+00
4.784820639887310101e+00
4.784820684087104148e+00
4.784820728289180813e+00
4.784820772387279320e+00
4.784820816593917669e+00
4.784820860696567202e+00
4.784820904907769012e+00
4.784820949014973124e+00
4.784820993230741060e+00
4.784821037342497974e+00
4.784821081456527736e+00
4.784821125572836564e+00
4.784821169691419129e+00
4.784821213812279872e+00
4.784821257935413463e+00
4.784821302060827009e+00
4.784821346188516067e+00
4.784821390212143477e+00
4.784821434344383562e+00
4.784821478478901824e+00
4.784821522509340674e+00
4.784821566648411739e+00
4.784821610683392734e+00
4.784821654720643913e+00
4.784821698866540629e+00
4.784821742908335729e+00
4.784821786952400124e+00
4.784821830998733816e+00
4.784821875047336803e+00
4.784821919098212639e+00
4.784821963151359547e+00
4.784822007206775751e+00
4.784822051264467468e+00
4.784822095218002502e+00
4.784822139280230147e+00
4.784822183344732416e+00
4.784822227305062903e+00
4.784822271267655580e+00
4.784822315338967513e+00
4.784822359306093453e+00
4.784822403275479807e+00
4.784822447353607622e+00
4.784822491327529015e+00
4.784822535303716151e+00
4.784822579282167254e+00
4.784822623262887653e+00
4.784822667245872907e+00
4.784822711124617101e+00
4.784822755112127624e+00
4.784822799101905666e+00
4.784822842987429325e+00
4.784822886981736190e+00
4.784822930871779789e+00
4.784822974870617251e+00
4.784823018765180791e+00
4.784823062768550628e+00
4.784823106667633219e+00
4.784823150568978889e+00
4.784823194472582308e+00
4.784823238378446142e+00
4.784823282286566837e+00
4.784823326196947946e+00
4.784823370109591245e+00
4.784823414024493182e+00
4.784823457835059912e+00
4.784823501754480013e+00
4.784823545676162304e+00
4.784823589493493401e+00
4.784823633419694744e+00
4.784823677241532458e+00
4.784823721065623481e+00
4.784823764998603401e+00
4.784823808827206371e+00
4.784823852658061760e+00
4.784823896491169570e+00
4.784823940326532465e+00
4.784823984164150446e+00
4.784824028004021734e+00
4.784824071846148996e+00
4.784824115583852233e+00
4.784824159430483448e+00
4.784824203279372412e+00
4.784824247023821364e+00
4.784824290877217834e+00
4.784824334626163633e+00
4.784824378484069385e+00
4.784824422237513808e+00
4.784824465993207099e+00
4.784824509751146593e+00
4.784824553618067355e+00
4.784824597380509914e+00
4.784824641145197788e+00
4.784824684912138082e+00
4.784824728574569086e+00
4.784824772346000898e+00
4.784824816119682467e+00
4.784824859895614679e+00
4.784824903567018950e+00
4.784824947347448010e+00
4.784824991023338470e+00
4.784825034808266153e+00
4.784825078488641914e+00
4.784825122278066445e+00
4.784825165962933724e+00
4.784825209650040989e+00
4.784825253339392681e+00
4.784825297030986135e+00
4.784825340724822240e+00
4.784825384420901884e+00
4.784825428119226842e+00
4.784825471819794451e+00
4.784825515415753294e+00
4.784825559120804428e+00
4.784825602828101765e+00
4.784825646430773460e+00
4.784825690142557875e+00
4.784825733749704213e+00
4.784825777465975705e+00
4.784825821077598462e+00
4.784825864691459429e+00
4.784825908307555942e+00
4.784825951925888887e+00
4.784825995546460931e+00
4.784826039169270295e+00
4.784826082794317870e+00
4.784826126421602766e+00
4.784826170051127647e+00
4.784826213682890739e+00
4.784826257209945588e+00
4.784826300846180658e+00
4.784826344484659266e+00
4.784826388018410093e+00
4.784826431554394688e+00
4.784826475199583484e+00
4.784826518740032064e+00
4.784826562282711748e+00
4.784826605827621648e+00
4.784826649481762395e+00
4.784826693031142497e+00
4.784826736582754592e+00
4.784826780136599567e+00
4.784826823585655475e+00
4.784826867143961771e+00
4.784826910704501834e+00
4.784826954267274779e+00
4.784826997725239117e+00
4.784827041292476046e+00
4.784827084754893711e+00
4.784827128326595513e+00
4.784827171793470058e+00
4.784827215262566824e+00
4.784827258733891142e+00
4.784827302314520026e+00
4.784827345790301223e+00
4.784827389268308195e+00
4.784827432748543607e+00
4.784827476231005683e+00
4.784827519608586321e+00
4.784827563095497283e+00
4.784827606584634907e+00
4.784827650076003636e+00
4.784827693462468723e+00
4.784827736958291666e+00
4.784827780349201198e+00
4.784827823849473916e+00
4.784827867244827893e+00
4.784827910642400539e+00
4.784827954149355023e+00
4.784827997551373002e+00
4.784828040955611428e+00
4.784828084362071188e+00
4.784828127770751394e+00
4.784828171181655598e+00
4.784828214594780249e+00
4.784828257902923987e+00
4.784828301320489530e+00
4.784828344740277295e+00
4.784828388055069937e+00
4.784828431479297706e+00
4.784828474798522358e+00
4.784828518227193683e+00
4.784828561550848569e+00
4.784828604983966116e+00
4.784828648312057453e+00
4.784828691642361242e+00
4.784828734974883702e+00
4.784828778309619501e+00
4.784828821646571306e+00
4.784828864985739116e+00
4.784828908327122932e+00
4.784828951670725417e+00
4.784828994909248401e+00
4.784829038257279343e+00
4.784829081607529844e+00
4.784829124852682192e+00
4.784829168207362038e+00
4.784829211456940179e+00
4.784829254708723667e+00
4.784829298070049752e+00
4.784829341326258145e+00
4.784829384584675438e+00
4.784829427845300742e+00
4.784829471108139387e+00
4.784829514373184267e+00
4.784829557640442488e+00
4.784829600909910496e+00
4.784829644181590069e+00
4.784829687455482983e+00
4.784829730624196920e+00
4.784829773902507632e+00
4.784829817183030798e+00
4.784829860358360776e+00
4.784829903535895212e+00
4.784829946823046853e+00
4.784829990004992872e+00
4.784830033189140686e+00
4.784830076482924355e+00
4.784830119671486415e+00
4.784830162862252045e+00
4.784830206055223023e+00
4.784830249250397571e+00
4.784830292447778355e+00
4.784830335539902002e+00
4.784830378741689927e+00
4.784830421945685863e+00
4.784830465151884482e+00
4.784830508252805537e+00
4.784830551463415738e+00
4.784830594568735052e+00
4.784830637676253495e+00
4.784830680893477073e+00
4.784830724005393776e+00
4.784830767119510497e+00
4.784830810235824572e+00
4.784830853354338664e+00
4.784830896475051887e+00
4.784830939597963351e+00
4.784830982723074833e+00
4.784831025850388109e+00
4.784831068979899626e+00
4.784831112111612939e+00
4.784831155137959868e+00
4.784831198274069664e+00
4.784831241304804195e+00
4.784831284445313138e+00
4.784831327480433494e+00
4.784831370625342473e+00
4.784831413664852207e+00
4.784831456706558406e+00
4.784831499750452188e+00
4.784831542796543324e+00
4.784831585844825597e+00
4.784831628895302558e+00
4.784831671947973319e+00
4.784831715002840546e+00
4.784831758059899798e+00
4.784831801119157291e+00
4.784831844072952478e+00
4.784831887136594020e+00
4.784831930094765262e+00
4.784831973162792629e+00
4.784832016125341703e+00
4.784832059197761112e+00
4.784832102164686241e+00
4.784832145133800729e+00
4.784832188105099249e+00
4.784832231186294749e+00
4.784832274161976429e+00
4.784832317139846580e+00
4.784832360012183372e+00
4.784832402994424250e+00
4.784832445978855375e+00
4.784832488965479413e+00
4.784832531954289259e+00
4.784832574837541763e+00
4.784832617830728552e+00
4.784832660718347341e+00
4.784832703715908409e+00
4.784832746607892595e+00
4.784832789502057260e+00
4.784832832506185518e+00
4.784832875404718244e+00
4.784832918305432337e+00
4.784832961208331348e+00
4.784833004113412613e+00
4.784833047020675245e+00
4.784833089930121908e+00
4.784833132841751713e+00
4.784833175755565549e+00
4.784833218563733226e+00
4.784833261481910682e+00
4.784833304402273946e+00
4.784833347216974175e+00
4.784833390141701948e+00
4.784833432960756916e+00
4.784833475781987033e+00
4.784833518713264233e+00
4.784833561538851754e+00
4.784833604366617088e+00
4.784833647196558459e+00
4.784833690028675868e+00
4.784833732862971090e+00
4.784833775699444125e+00
4.784833818538095862e+00
4.784833861378924524e+00
4.784833904114013770e+00
4.784833946959196282e+00
4.784833989806557497e+00
4.784834032548162419e+00
4.784834075399876596e+00
4.784834118145826487e+00
4.784834161001898067e+00
4.784834203752191151e+00
4.784834246504656718e+00
4.784834289259291218e+00
4.784834332124071388e+00
4.784834374883056185e+00
4.784834417644210802e+00
4.784834460407537904e+00
4.784834503173037490e+00
4.784834545832707953e+00
4.784834588602547178e+00
4.784834631374560665e+00
4.784834674148747524e+00
4.784834716817084832e+00
4.784834759595613107e+00
4.784834802268284726e+00
4.784834845051158858e+00
4.784834887728163011e+00
4.784834930407331655e+00
4.784834973088663901e+00
4.784835015880225306e+00
4.784835058565895416e+00
4.784835101253733569e+00
4.784835143943736213e+00
4.784835186635905124e+00
4.784835229330240303e+00
4.784835271918649546e+00
4.784835314617317259e+00
4.784835357318149462e+00
4.784835399913039744e+00
4.784835442618205370e+00
4.784835485217417528e+00
4.784835527926917464e+00
4.784835570530451498e+00
4.784835613244285746e+00
4.784835655852142544e+00
4.784835698462162057e+00
4.784835741074340731e+00
4.784835783688679456e+00
4.784835826305179118e+00
4.784835868923838831e+00
4.784835911544662146e+00
4.784835954167645511e+00
4.784835996792790702e+00
4.784836039420099496e+00
4.784836081941369557e+00
4.784836124572999339e+00
4.784836167098580617e+00
4.784836209734530499e+00
4.784836252264422107e+00
4.784836294904695642e+00
4.784836337438900244e+00
4.784836379975258680e+00
4.784836422513771836e+00
4.784836465162689123e+00
4.784836507705517938e+00
4.784836550250502363e+00
4.784836592797639732e+00
4.784836635238666425e+00
4.784836677790113235e+00
4.784836720343716543e+00
4.784836762899476348e+00
4.784836805349100608e+00
4.784836847909169855e+00
4.784836890471396487e+00
4.784836932927474251e+00
4.784836975385697855e+00
4.784837017954391314e+00
4.784837060416915477e+00
4.784837102881590809e+00
4.784837145348415532e+00
4.784837187925729651e+00
4.784837230396856711e+00
4.784837272870134939e+00
4.784837315345562558e+00
4.784837357714778250e+00
4.784837400194501100e+00
4.784837442676377783e+00
4.784837485160404746e+00
4.784837527538197577e+00
4.784837570026523323e+00
4.784837612408603391e+00
4.784837654901229698e+00
4.784837697287601443e+00
4.784837739784527422e+00
4.784837782175188181e+00
4.784837824567993891e+00
4.784837866962943664e+00
4.784837909360036612e+00
4.784837951759271846e+00
4.784837994160653807e+00
4.784838036564179831e+00
4.784838078969849029e+00
4.784838121377668507e+00
4.784838163787629384e+00
4.784838206091264645e+00
4.784838248505515423e+00
4.784838290921911153e+00
4.784838333231965279e+00
4.784838375544154587e+00
4.784838417966982504e+00
4.784838460283451944e+00
4.784838502602058341e+00
4.784838545031321111e+00
4.784838587354210304e+00
4.784838629679236455e+00
4.784838672006401339e+00
4.784838714335705845e+00
4.784838756667150861e+00
4.784838799000735499e+00
4.784838841227900375e+00
4.784838883565758927e+00
4.784838925905758877e+00
4.784838968139327520e+00
4.784839010483604049e+00
4.784839052830021089e+00
4.784839095069991721e+00
4.784839137312093094e+00
4.784839179664928110e+00
4.784839221911300733e+00
4.784839264159804095e+00
4.784839306410440862e+00
4.784839348663210146e+00
4.784839390918114610e+00
4.784839433175151591e+00
4.784839475434320200e+00
4.784839517695626654e+00
4.784839559959065625e+00
4.784839602224638000e+00
4.784839644383689361e+00
4.784839686653528545e+00
4.784839728816832505e+00
4.784839771090939387e+00
4.784839813258499497e+00
4.784839855536874964e+00
4.784839897708693890e+00
4.784839939882637339e+00
4.784839982058707974e+00
4.784840024345617948e+00
4.784840066525949176e+00
4.784840108708408479e+00
4.784840150892997634e+00
4.784840193079713977e+00
4.784840235159822264e+00
4.784840277350792093e+00
4.784840319543889109e+00
4.784840361739117753e+00
4.784840403827717026e+00
4.784840446027199157e+00
4.784840488120043034e+00
4.784840530323783092e+00
4.784840572420873350e+00
4.784840614520083690e+00
4.784840656730210640e+00
4.784840698833665584e+00
4.784840740939246828e+00
4.784840783046949930e+00
4.784840825156773114e+00
4.784840867268719933e+00
4.784840909382790386e+00
4.784840951498985362e+00
4.784840993617302196e+00
4.784841035628902617e+00
4.784841077751462279e+00
4.784841119876147353e+00
4.784841161894099137e+00
4.784841204023027039e+00
4.784841246045214547e+00
4.784841288069515031e+00
4.784841330204811172e+00
4.784841372233348267e+00
4.784841414264001891e+00
4.784841456296773821e+00
4.784841498331657839e+00
4.784841540477567712e+00
4.784841582407779903e+00
4.784841624449018838e+00
4.784841666492376078e+00
4.784841708537847182e+00
4.784841750585440145e+00
4.784841792526210114e+00
4.784841834578034359e+00
4.784841876631978685e+00
4.784841918579085807e+00
4.784841960637263192e+00
4.784842002588592713e+00
4.784842044542035211e+00
4.784842086606563072e+00
4.784842128564230634e+00
4.784842170524006733e+00
4.784842212485895807e+00
4.784842254449894305e+00
4.784842296416005780e+00
4.784842338384228455e+00
4.784842380354563218e+00
4.784842422327011846e+00
4.784842464192545997e+00
4.784842506169213472e+00
4.784842548147995700e+00
4.784842590019847464e+00
4.784842632002852980e+00
4.784842673878915598e+00
4.784842715866144403e+00
4.784842757746422315e+00
4.784842799628805210e+00
4.784842841513290423e+00
4.784842883508964917e+00
4.784842925397668978e+00
4.784842967288477134e+00
4.784843009181392048e+00
4.784843051076413722e+00
4.784843092973541268e+00
4.784843134763661077e+00
4.784843176664997699e+00
4.784843218568441969e+00
4.784843260364862516e+00
4.784843302272517640e+00
4.784843344182282188e+00
4.784843385985004360e+00
4.784843427789827963e+00
4.784843469705908348e+00
4.784843511514934811e+00
4.784843553326060928e+00
4.784843595139284034e+00
4.784843637063789679e+00
4.784843678881220974e+00
4.784843720700751035e+00
4.784843762522383415e+00
4.784843804236912135e+00
4.784843846062742045e+00
4.784843887890671610e+00
4.784843929720703493e+00
4.784843971443613064e+00
4.784844013277845143e+00
4.784844055114181316e+00
4.784844096843378303e+00
4.784844138683915560e+00
4.784844180417303861e+00
4.784844222152784710e+00
4.784844263890359883e+00
4.784844305739296644e+00
4.784844347481068461e+00
4.784844389224930161e+00
4.784844430970888851e+00
4.784844472718943642e+00
4.784844514469093646e+00
4.784844556221336198e+00
4.784844597866372062e+00
4.784844639622803264e+00
4.784844681381334119e+00
4.784844723032636082e+00
4.784844764795355587e+00
4.784844806450835542e+00
4.784844848217744584e+00
4.784844889877406082e+00
4.784844931648506439e+00
4.784844973312348593e+00
4.784845014978280631e+00
4.784845056646299888e+00
4.784845098316408141e+00
4.784845139988606277e+00
4.784845181662893410e+00
4.784845223339271314e+00
4.784845265017741767e+00
4.784845306698299439e+00
4.784845348380947883e+00
4.784845390065688875e+00
4.784845431643103275e+00
4.784845473332023147e+00
4.784845514913603992e+00
4.784845556606701855e+00
4.784845598192451810e+00
4.784845639780287208e+00
4.784845681479652946e+00
4.784845723071659229e+00
4.784845764665744738e+00
4.784845806261916579e+00
4.784845847860170309e+00
4.784845889460508594e+00
4.784845931062930546e+00
4.784845972667438829e+00
4.784846014274032555e+00
4.784846055882708171e+00
4.784846097493471895e+00
4.784846138996810438e+00
4.784846180611740607e+00
4.784846222119235826e+00
4.784846263738331551e+00
4.784846305249986997e+00
4.784846346873252720e+00
4.784846388389064842e+00
4.784846429906953524e+00
4.784846471536473800e+00
4.784846513058521822e+00
4.784846554582649958e+00
4.784846596108855543e+00
4.784846637637140354e+00
4.784846679167503503e+00
4.784846720699944100e+00
4.784846762124875141e+00
4.784846803661472414e+00
4.784846845200148913e+00
4.784846886740905525e+00
4.784846928174129488e+00
4.784846969719044552e+00
4.784847011156414531e+00
4.784847052705486270e+00
4.784847094147004043e+00
4.784847135590593936e+00
4.784847177036252397e+00
4.784847218593639262e+00
4.784847260043450845e+00
4.784847301495334548e+00
4.784847342949291260e+00
4.784847384405320980e+00
4.784847425863422821e+00
4.784847467323601222e+00
4.784847508676159045e+00
4.784847550140483463e+00
4.784847591606878225e+00
4.784847632965641751e+00
4.784847674436183418e+00
4.784847715799082302e+00
4.784847757273768210e+00
4.784847798640803340e+00
4.784847840119638818e+00
4.784847881490810195e+00
4.784847922864048364e+00
4.784847964239352436e+00
4.784848005616724187e+00
4.784848046996163617e+00
4.784848088377670727e+00
4.784848129761245517e+00
4.784848171146888873e+00
4.784848212534599909e+00
4.784848253924381289e+00
4.784848295316230349e+00
4.784848336600348695e+00
4.784848377996331337e+00
4.784848419284576160e+00
4.784848460684692384e+00
4.784848501977060131e+00
4.784848543381314379e+00
4.784848584677808603e+00
4.784848625976361625e+00
4.784848667276975220e+00
4.784848708689501962e+00
4.784848749994244699e+00
4.784848791301048898e+00
4.784848832609915448e+00
4.784848873920846124e+00
4.784848915123959046e+00
4.784848956439011758e+00
4.784848997756124156e+00
4.784849039075302457e+00
4.784849080286644352e+00
4.784849121609944689e+00
4.784849162825400626e+00
4.784849204152825664e+00
4.784849245372393867e+00
4.784849286703942717e+00
4.784849327927627627e+00
4.784849369153366894e+00
4.784849410381161405e+00
4.784849451720961433e+00
4.784849492952873540e+00
4.784849534186843556e+00
4.784849575422868817e+00
4.784849616550981288e+00
4.784849657791117039e+00
4.784849699033308923e+00
4.784849740277560493e+00
4.784849781523869972e+00
4.784849822662242680e+00
4.784849863912659984e+00
4.784849905055132524e+00
4.784849946309666535e+00
4.784849987456241571e+00
4.784850028604865635e+00
4.784850069865571598e+00
4.784850111018300822e+00
4.784850152173079074e+00
4.784850193329909906e+00
4.784850234488787990e+00
4.784850275649719542e+00
4.784850316812704563e+00
4.784850357977738611e+00
4.784850399144824351e+00
4.784850440313965336e+00
4.784850481485154461e+00
4.784850522548311780e+00
4.784850563723601624e+00
4.784850604790843676e+00
4.784850645970243121e+00
4.784850687041574346e+00
4.784850728225071848e+00
4.784850769300502016e+00
4.784850810377973218e+00
4.784850851567624908e+00
4.784850892649193277e+00
4.784850933732803568e+00
4.784850974818460223e+00
4.784851015906163241e+00
4.784851056995911733e+00
4.784851098087707477e+00
4.784851139181549584e+00
4.784851180167258633e+00
4.784851221265189025e+00
4.784851262365167557e+00
4.784851303356997931e+00
4.784851344461065636e+00
4.784851385456976303e+00
4.784851426565136734e+00
4.784851467565126804e+00
4.784851508677379961e+00
4.784851549681453875e+00
4.784851590687567935e+00
4.784851631695719476e+00
4.784851672705912051e+00
4.784851713718142108e+00
4.784851754732414975e+00
4.784851795748726211e+00
4.784851836767080258e+00
4.784851877787474450e+00
4.784851918809912341e+00
4.784851959834389490e+00
4.784852000750619005e+00
4.784852041779175558e+00
4.784852082699475595e+00
4.784852123732111551e+00
4.784852164656479445e+00
4.784852205693198357e+00
4.784852246621637661e+00
4.784852287552109118e+00
4.784852328594951132e+00
4.784852369529496663e+00
4.784852410466075234e+00
4.784852451404690399e+00
4.784852492345339492e+00
4.784852533288023402e+00
4.784852574232744793e+00
4.784852615179497448e+00
4.784852656017911876e+00
4.784852696968733277e+00
4.784852737921591270e+00
4.784852778766094161e+00
4.784852819723020900e+00
4.784852860571580990e+00
4.784852901532577363e+00
4.784852942385196428e+00
4.784852983350264211e+00
4.784853024206944916e+00
4.784853065065651556e+00
4.784853105926388572e+00
4.784853146789154188e+00
4.784853187653948403e+00
4.784853228520771218e+00
4.784853269389624408e+00
4.784853310260506198e+00
4.784853351133419253e+00
4.784853392008361794e+00
4.784853432885334712e+00
4.784853473653853051e+00
4.784853514534883168e+00
4.784853555307448936e+00
4.784853596192536251e+00
4.784853636969150337e+00
4.784853677858296628e+00
4.784853718638959030e+00
4.784853759421643815e+00
4.784853800316878569e+00
4.784853841103614336e+00
4.784853881892370708e+00
4.784853922683151239e+00
4.784853963475956817e+00
4.784854004270784777e+00
4.784854045067637784e+00
4.784854085866515838e+00
4.784854126556843390e+00
4.784854167359765320e+00
4.784854208164713185e+00
4.784854248971686985e+00
4.784854289670089855e+00
4.784854330481110196e+00
4.784854371183548949e+00
4.784854411888005643e+00
4.784854452705097572e+00
4.784854493413590149e+00
4.784854534124103331e+00
4.784854574947264183e+00
4.784854615661817689e+00
4.784854656378386473e+00
4.784854697096974085e+00
4.784854737817578751e+00
4.784854778540204023e+00
4.784854819154182870e+00
4.784854859880838696e+00
4.784854900609515127e+00
4.784854941340213053e+00
4.784854981962241460e+00
4.784855022696974380e+00
4.784855063323028013e+00
4.784855104061795927e+00
4.784855144691874784e+00
4.784855185434679470e+00
4.784855226068788880e+00
4.784855266704906462e+00
4.784855307343035768e+00
4.784855348093916660e+00
4.784855388736076520e+00
4.784855429380246328e+00
4.784855470026434077e+00
4.784855510674630885e+00
4.784855551324842970e+00
4.784855591866296720e+00
4.784855632520530477e+00
4.784855673176777735e+00
4.784855713724253334e+00
4.784855754384526705e+00
4.784855795046813576e+00
4.784855835600312801e+00
4.784855876266626673e+00
4.784855916824140465e+00
4.784855957383658875e+00
4.784855998056011472e+00
4.784856038619549778e+00
4.784856079185093591e+00
4.784856119752642911e+00
4.784856160322200402e+00
4.784856200893764289e+00
4.784856241467339011e+00
4.784856282042918352e+00
4.784856322620506752e+00
4.784856363200102436e+00
4.784856403670826985e+00
4.784856444254435459e+00
4.784856484840053881e+00
4.784856525316785181e+00
4.784856565906417281e+00
4.784856606387151601e+00
4.784856646869885211e+00
4.784856687465537384e+00
4.784856727952278455e+00
4.784856768441018815e+00
4.784856809042695502e+00
4.784856849535441548e+00
4.784856890030191323e+00
4.784856930526940388e+00
4.784856971025693184e+00
4.784857011526447934e+00
4.784857051918234738e+00
4.784857092422989844e+00
4.784857132929750456e+00
4.784857173438509470e+00
4.784857213838284551e+00
4.784857254351048361e+00
4.784857294865815902e+00
4.784857335271581746e+00
4.784857375679337999e+00
4.784857416200110514e+00
4.784857456611866233e+00
4.784857497025616802e+00
4.784857537552391626e+00
4.784857577970137221e+00
4.784857618389876777e+00
4.784857658811613845e+00
4.784857699235347539e+00
4.784857739661074305e+00
4.784857780088802137e+00
4.784857820518524818e+00
4.784857860839168531e+00
4.784857901272880909e+00
4.784857941708593465e+00
4.784857982035206625e+00
4.784858022474910655e+00
4.784858062805506407e+00
4.784858103249203687e+00
4.784858143583781143e+00
4.784858184031471673e+00
4.784858224370035273e+00
4.784858264710587505e+00
4.784858305053128369e+00
4.784858345397659640e+00
4.784858385744182208e+00
4.784858426092694295e+00
4.784858466443197678e+00
4.784858506795695021e+00
4.784858547150180108e+00
4.784858587506660044e+00
4.784858627865132163e+00
4.784858668114406299e+00
4.784858708476857458e+00
4.784858748841299914e+00
4.784858789096533727e+00
4.784858829464957886e+00
4.784858869724161856e+00
4.784858910096570384e+00
4.784858950359746288e+00
4.784858990624905495e+00
4.784859030892049780e+00
4.784859071272421716e+00
4.784859111543539711e+00
4.784859151816643674e+00
4.784859192091731828e+00
4.784859232368807724e+00
4.784859272647867812e+00
4.784859312817638433e+00
4.784859353100666901e+00
4.784859393385682225e+00
4.784859433672683515e+00
4.784859473850374911e+00
4.784859514141345471e+00
4.784859554322996367e+00
4.784859594617938860e+00
4.784859634803549255e+00
4.784859674991138512e+00
4.784859715292036242e+00
4.784859755483587662e+00
4.784859795677116168e+00
4.784859835872627976e+00
4.784859876070113316e+00
4.784859916269581070e+00
4.784859956471028575e+00
4.784859996674457605e+00
4.784860036879865497e+00
4.784860077087255803e+00
4.784860117296625859e+00
4.784860157507977441e+00
4.784860197609912547e+00
4.784860237825223628e+00
4.784860277931108463e+00
4.784860318150379044e+00
4.784860358260214497e+00
4.784860398483441912e+00
4.784860438597226207e+00
4.784860478712984033e+00
4.784860518942154251e+00
4.784860559061861807e+00
4.784860599183544672e+00
4.784860639307203733e+00
4.784860679432831887e+00
4.784860719560438014e+00
4.784860759690017673e+00
4.784860799821572641e+00
4.784860839955103806e+00
4.784860879979119019e+00
4.784860920116593697e+00
4.784860960256049012e+00
4.784861000285972388e+00
4.784861040429372103e+00
4.784861080463233662e+00
4.784861120610584884e+00
4.784861160648379297e+00
4.784861200688149907e+00
4.784861240841423502e+00
4.784861280885130519e+00
4.784861320930805739e+00
4.784861360978450051e+00
4.784861401028061678e+00
4.784861441079642397e+00
4.784861481133193095e+00
4.784861521188711109e+00
4.784861561246199990e+00
4.784861601305658851e+00
4.784861641367087692e+00
4.784861681318888671e+00
4.784861721384253919e+00
4.784861761451590922e+00
4.784861801409281412e+00
4.784861841480556599e+00
4.784861881442174614e+00
4.784861921405754615e+00
4.784861961482937076e+00
4.784862001450445490e+00
4.784862041419915890e+00
4.784862081391349165e+00
4.784862121364747978e+00
4.784862161340106113e+00
4.784862201317428898e+00
4.784862241296717222e+00
4.784862281277967533e+00
4.784862321261183382e+00
4.784862361246362106e+00
4.784862401233507256e+00
4.784862441110912634e+00
4.784862481101982645e+00
4.784862521095017307e+00
4.784862560978297097e+00
4.784862600975261060e+00
4.784862640862458605e+00
4.784862680751610142e+00
4.784862720754463616e+00
4.784862760647532909e+00
4.784862800542562411e+00
4.784862840439546794e+00
4.784862880450252653e+00
4.784862920351159232e+00
4.784862960254022468e+00
4.784863000158845026e+00
4.784863039953837216e+00
4.784863079862570423e+00
4.784863119773262952e+00
4.784863159685916578e+00
4.784863199488719410e+00
4.784863239405284574e+00
4.784863279323811724e+00
4.784863319132471204e+00
4.784863359054913445e+00
4.784863398867482687e+00
4.784863438793840018e+00
4.784863478610313692e+00
4.784863518428738693e+00
4.784863558249115023e+00
4.784863598071442681e+00
4.784863638007591291e+00
4.784863677833829598e+00
4.784863717662018345e+00
4.784863757492161973e+00
4.784863797212365988e+00
4.784863837046407831e+00
4.784863876882406331e+00
4.784863916720356158e+00
4.784863956560259979e+00
4.784863996290201982e+00
4.784864036134009346e+00
4.784864075867844235e+00
4.784864115715558697e+00
4.784864155453286472e+00
4.784864195304906254e+00
4.784864235046531356e+00
4.784864274790099792e+00
4.784864314535618668e+00
4.784864354395045538e+00
4.784864394144459077e+00
4.784864433895819502e+00
4.784864473649126815e+00
4.784864513404380126e+00
4.784864553161582990e+00
4.784864592808731665e+00
4.784864632569822973e+00
4.784864672332863833e+00
4.784864712097853356e+00
4.784864751752768264e+00
4.784864791521651561e+00
4.784864831180449585e+00
4.784864870953224880e+00
4.784864910615906020e+00
4.784864950392575977e+00
4.784864990059142897e+00
4.784865029727647823e+00
4.784865069510161106e+00
4.784865109182552700e+00
4.784865148856885853e+00
4.784865188533160563e+00
4.784865228211375054e+00
4.784865267891532881e+00
4.784865307573630488e+00
4.784865347257674095e+00
4.784865386943657484e+00
4.784865426519469445e+00
4.784865466209332396e+00
4.784865505901141347e+00
4.784865545482759330e+00
4.784865585178449621e+00
4.784865624763939174e+00
4.784865664463513468e+00
4.784865704052879920e+00
4.784865743756335554e+00
4.784865783349573576e+00
4.784865822944745162e+00
4.784865862541852977e+00
4.784865902140897909e+00
4.784865941741875517e+00
4.784865981344790242e+00
4.784866020949639420e+00
4.784866060556427492e+00
4.784866100165151792e+00
4.784866139775813210e+00
4.784866179388408192e+00
4.784866219002943843e+00
4.784866258507188164e+00
4.784866298125591833e+00
4.784866337633694400e+00
4.784866377255973191e+00
4.784866416767936670e+00
4.784866456394087031e+00
4.784866495909912310e+00
4.784866535427667600e+00
4.784866575059626648e+00
4.784866614581242850e+00
4.784866654104792616e+00
4.784866693630271506e+00
4.784866733157681296e+00
4.784866772687021097e+00
4.784866812218290022e+00
4.784866851751491623e+00
4.784866891286623236e+00
4.784866930823687525e+00
4.784866970250353901e+00
4.784867009791279102e+00
4.784867049334134315e+00
4.784867088766575627e+00
4.784867128313289975e+00
4.784867167749585093e+00
4.784867207300163905e+00
4.784867246740305724e+00
4.784867286182372226e+00
4.784867325738742849e+00
4.784867365184664045e+00
4.784867404632505483e+00
4.784867444082275156e+00
4.784867483533967736e+00
4.784867522987584998e+00
4.784867562443127831e+00
4.784867601900598011e+00
4.784867641359991985e+00
4.784867680821312419e+00
4.784867720284559311e+00
4.784867759637292828e+00
4.784867799104388197e+00
4.784867838573408250e+00
4.784867877931903379e+00
4.784867917404775461e+00
4.784867956767109298e+00
4.784867996131361600e+00
4.784868035610005066e+00
4.784868074978097852e+00
4.784868114348108215e+00
4.784868153832531057e+00
4.784868193206385456e+00
4.784868232582157432e+00
4.784868271959846098e+00
4.784868311339459446e+00
4.784868350720986818e+00
4.784868390104439762e+00
4.784868429377278964e+00
4.784868468764566174e+00
4.784868508153772737e+00
4.784868547544903983e+00
4.784868586825398395e+00
4.784868626220366572e+00
4.784868665504694363e+00
4.784868704903496806e+00
4.784868744191650869e+00
4.784868783594294683e+00
4.784868822886277684e+00
4.784868862180172933e+00
4.784868901475979541e+00
4.784868940886305211e+00
4.784868980185945198e+00
4.784869019487498321e+00
4.784869058790964580e+00
4.784869098096345752e+00
4.784869137403646278e+00
4.784869176712854610e+00
4.784869215911340845e+00
4.784869255224375451e+00
4.784869294539327633e+00
4.784869333743536401e+00
4.784869373062315745e+00
4.784869412383010889e+00
4.784869451592947520e+00
4.784869490917470713e+00
4.784869530131224735e+00
4.784869569346886564e+00
4.784869608677152719e+00
4.784869647896632827e+00
4.784869687118021631e+00
4.784869726341319129e+00
4.784869765566522659e+00
4.784869804793636661e+00
4.784869844022658469e+00
4.784869883253587197e+00
4.784869922486427285e+00
4.784869961721175180e+00
4.784870000957834435e+00
4.784870040196401497e+00
4.784870079324119452e+00
4.784870118566503905e+00
4.784870157698024151e+00
4.784870196944224219e+00
4.784870236079551198e+00
4.784870275329570433e+00
4.784870314468704144e+00
4.784870353722544323e+00
4.784870392865483879e+00
4.784870432010328578e+00
4.784870471157074867e+00
4.784870510305723634e+00
4.784870549569105513e+00
4.784870588721565454e+00
4.784870627875927873e+00
4.784870666919351478e+00
4.784870706077514413e+00
4.784870745237585155e+00
4.784870784399556598e+00
4.784870823563435849e+00
4.784870862616346088e+00
4.784870901784027630e+00
4.784870940953615204e+00
4.784870980012219555e+00
4.784871019185615637e+00
4.784871058248015174e+00
4.784871097312313637e+00
4.784871136491416266e+00
4.784871175559509915e+00
4.784871214629498937e+00
4.784871253701386884e+00
4.784871292775168428e+00
4.784871331850851561e+00
4.784871371041374388e+00
4.784871410007905723e+00
4.784871449089280304e+00
4.784871488172553811e+00
4.784871527257725354e+00
4.784871566344795824e+00
4.784871605433764330e+00
4.784871644411651914e+00
4.784871683504414719e+00
4.784871722486085055e+00
4.784871761582643046e+00
4.784871800568097910e+00
4.784871839668450200e+00
4.784871878657691369e+00
4.784871917648821693e+00
4.784871956754868982e+00
4.784871995749787388e+00
4.784872034746594949e+00
4.784872073745296106e+00
4.784872112745887307e+00
4.784872151748373881e+00
4.784872190752749610e+00
4.784872229759018047e+00
4.784872268767180081e+00
4.784872307777234823e+00
4.784872346789185826e+00
4.784872385689941332e+00
4.784872424705671534e+00
4.784872463610200022e+00
4.784872502629715640e+00
4.784872541651123079e+00
4.784872580561314592e+00
4.784872619473390820e+00
4.784872658500474607e+00
4.784872697416323817e+00
4.784872736334059518e+00
4.784872775366821429e+00
4.784872814288334553e+00
4.784872853211731503e+00
4.784872892137016720e+00
4.784872931064188428e+00
4.784872969993245739e+00
4.784873008924193094e+00
4.784873047857025163e+00
4.784873086678560483e+00
4.784873125615163758e+00
4.784873164553655300e+00
4.784873203380833218e+00
4.784873242323095965e+00
4.784873281267248757e+00
4.784873320100072824e+00
4.784873359047997710e+00
4.784873397884585877e+00
4.784873436723051654e+00
4.784873475676637788e+00
4.784873514518869442e+00
4.784873553362977816e+00
4.784873592208970017e+00
4.784873631056842491e+00
4.784873669906594351e+00
4.784873708758229149e+00
4.784873747611741557e+00
4.784873786467141343e+00
4.784873825324419627e+00
4.784873864183579961e+00
4.784873903044621457e+00
4.784873941794243635e+00
4.784873980659048343e+00
4.784874019525735100e+00
4.784874058280984777e+00
4.784874097151434746e+00
4.784874135910433424e+00
4.784874174784646605e+00
4.784874213547398725e+00
4.784874252312024900e+00
4.784874291078526909e+00
4.784874329960262074e+00
4.784874368730518412e+00
4.784874407502649696e+00
4.784874446276655924e+00
4.784874485052538873e+00
4.784874523830295878e+00
4.784874562609931381e+00
4.784874601391441828e+00
4.784874640174828109e+00
4.784874678846684048e+00
4.784874717633820218e+00
4.784874756422833109e+00
4.784874795100298783e+00
4.784874833893062451e+00
4.784874872574266469e+00
4.784874911370783579e+00
4.784874950055730380e+00
4.784874988855998268e+00
4.784875027544686077e+00
4.784875066235244390e+00
4.784875104927670542e+00
4.784875143621966309e+00
4.784875182431612473e+00
4.784875221129652800e+00
4.784875259829562744e+00
4.784875298531344079e+00
4.784875337234995030e+00
4.784875375827009947e+00
4.784875414534397464e+00
4.784875453243655485e+00
4.784875491954790228e+00
4.784875530554260514e+00
4.784875569269132711e+00
4.784875607985873636e+00
4.784875646590942111e+00
4.784875685311425819e+00
4.784875723920224644e+00
4.784875762530885979e+00
4.784875801256977645e+00
4.784875839871371994e+00
4.784875878487625300e+00
4.784875917105749998e+00
4.784875955725732766e+00
4.784875994461179616e+00
4.784876033084897173e+00
4.784876071710479906e+00
4.784876110224314694e+00
4.784876148853623334e+00
4.784876187484799814e+00
4.784876226117837028e+00
4.784876264752744746e+00
4.784876303275876097e+00
4.784876341914508835e+00
4.784876380555010300e+00
4.784876419083722077e+00
4.784876457727951227e+00
4.784876496260380918e+00
4.784876534794669567e+00
4.784876573444493353e+00
4.784876611982501693e+00
4.784876650522364550e+00
4.784876689064090804e+00
4.784876727721373513e+00
4.784876766266819459e+00
4.784876804814125251e+00
4.784876843363290888e+00
4.784876881914315483e+00
4.784876920467200812e+00
4.784876958908210298e+00
4.784876997464809101e+00
4.784877036023269525e+00
4.784877074583591572e+00
4.784877113032017348e+00
4.784877151596054645e+00
4.784877190048187678e+00
4.784877228615944667e+00
4.784877267071785845e+00
4.784877305643260748e+00
4.784877344102810071e+00
4.784877382564212134e+00
4.784877421141265685e+00
4.784877459606377670e+00
4.784877498073342394e+00
4.784877536542162524e+00
4.784877575012832729e+00
4.784877613485354786e+00
4.784877651959736689e+00
4.784877690435971331e+00
4.784877728914058714e+00
4.784877767394001502e+00
4.784877805761944991e+00
4.784877844245595035e+00
4.784877882731095156e+00
4.784877921104584431e+00
4.784877959593794472e+00
4.784877998084859030e+00
4.784878036463894091e+00
4.784878074844777451e+00
4.784878113341402006e+00
4.784878151725984630e+00
4.784878190112409335e+00
4.784878228614596551e+00
4.784878267004723185e+00
4.784878305396696341e+00
4.784878343790516908e+00
4.784878382186187551e+00
4.784878420583704717e+00
4.784878458983071958e+00
4.784878497384286611e+00
4.784878535787352227e+00
4.784878574192267031e+00
4.784878612485059968e+00
4.784878650893668706e+00
4.784878689304125743e+00
4.784878727602448478e+00
4.784878766016603890e+00
4.784878804318610790e+00
4.784878842736461912e+00
4.784878881042157417e+00
4.784878919349692339e+00
4.784878957773086583e+00
4.784878996084311886e+00
4.784879034397375719e+00
4.784879072712283410e+00
4.784879111029033183e+00
4.784879149347623262e+00
4.784879187668058975e+00
4.784879225990338547e+00
4.784879264314454872e+00
4.784879302640421272e+00
4.784879340968228867e+00
4.784879379297881208e+00
4.784879417629376519e+00
4.784879455848624730e+00
4.784879494183806870e+00
4.784879532406731251e+00
4.784879570745596666e+00
4.784879608972198106e+00
4.784879647314747686e+00
4.784879685545020855e+00
4.784879723891260817e+00
4.784879762125211045e+00
4.784879800360997137e+00
4.784879838598621760e+00
4.784879876838083135e+00
4.784879915079378598e+00
4.784879953322512591e+00
4.784879991567483337e+00
4.784880029814292612e+00
4.784880068062941305e+00
4.784880106313423198e+00
4.784880144565746285e+00
4.784880182819907901e+00
4.784880220961709618e+00
4.784880259219544740e+00
4.784880297479216615e+00
4.784880335626514380e+00
4.784880373889863314e+00
4.784880412040823927e+00
4.784880450307846367e+00
4.784880488462471604e+00
4.784880526618929153e+00
4.784880564891464516e+00
4.784880603051586689e+00
4.784880641213539398e+00
4.784880679377326196e+00
4.784880717542940864e+00
4.784880755710387845e+00
4.784880793879667138e+00
4.784880832050777855e+00
4.784880870223721772e+00
4.784880908398500665e+00
4.784880946575109206e+00
4.784880984639244161e+00
4.784881022819513774e+00
4.784881061001617475e+00
4.784881099071231603e+00
4.784881137256999928e+00
4.784881175330263581e+00
4.784881213519696530e+00
4.784881251596615925e+00
4.784881289675356086e+00
4.784881327870285084e+00
4.784881365952681875e+00
4.784881404036905650e+00
4.784881442122953743e+00
4.784881480325210212e+00
4.784881518414915824e+00
4.784881556506448419e+00
4.784881594599807109e+00
4.784881632580589184e+00
4.784881670677597398e+00
4.784881708776430820e+00
4.784881746877094777e+00
4.784881784979583941e+00
4.784881822969468956e+00
4.784881861075611198e+00
4.784881899183578646e+00
4.784881937178930400e+00
4.784881975290552703e+00
4.784882013289545988e+00
4.784882051290358262e+00
4.784882089407457073e+00
4.784882127411913544e+00
4.784882165418189004e+00
4.784882203540768764e+00
4.784882241550688420e+00
4.784882279562430618e+00
4.784882317575989141e+00
4.784882355591372871e+00
4.784882393608574702e+00
4.784882431627599964e+00
4.784882469648446879e+00
4.784882507556583953e+00
4.784882545581068847e+00
4.784882583607378059e+00
4.784882621635505373e+00
4.784882659550907746e+00
4.784882697582674815e+00
4.784882735501707174e+00
4.784882773537117551e+00
4.784882811459780783e+00
4.784882849498835355e+00
4.784882887425129461e+00
4.784882925353237226e+00
4.784882963283159540e+00
4.784883001329497176e+00
4.784883039263053917e+00
4.784883077198425205e+00
4.784883115135611931e+00
4.784883153074614093e+00
4.784883191015431692e+00
4.784883228958063839e+00
4.784883266902513199e+00
4.784883304848778884e+00
4.784883342682210383e+00
4.784883380632105165e+00
4.784883418583818049e+00
4.784883456422678982e+00
4.784883494378019186e+00
4.784883532220497671e+00
4.784883570179471413e+00
4.784883608025574553e+00
4.784883645988175616e+00
4.784883683837898083e+00
4.784883721689428882e+00
4.784883759657477142e+00
4.784883797512630821e+00
4.784883835369594607e+00
4.784883873228366724e+00
4.784883911088947173e+00
4.784883948951336841e+00
4.784883986815541057e+00
4.784884024681549164e+00
4.784884062549375372e+00
4.784884100419008135e+00
4.784884138290452782e+00
4.784884176048937121e+00
4.784884213923998431e+00
4.784884251800871624e+00
4.784884289564772075e+00
4.784884327445264596e+00
4.784884365212772828e+00
4.784884403096885563e+00
4.784884440868002464e+00
4.784884478640922367e+00
4.784884516530465426e+00
4.784884554306995774e+00
4.784884592085330013e+00
4.784884629865468142e+00
4.784884667647410161e+00
4.784884705431155183e+00
4.784884743216705871e+00
4.784884781004060450e+00
4.784884818793219807e+00
4.784884856584181279e+00
4.784884894376954634e+00
4.784884932171529215e+00
4.784884969967912127e+00
4.784885007651206834e+00
4.784885045451193974e+00
4.784885083138086692e+00
4.784885120941684278e+00
4.784885158747086642e+00
4.784885196439380373e+00
4.784885234133468224e+00
4.784885271944283147e+00
4.784885309641971673e+00
4.784885347341459649e+00
4.784885385042742634e+00
4.784885422860776671e+00
4.784885460565660331e+00
4.784885498272344329e+00
4.784885535980828664e+00
4.784885573691109784e+00
4.784885611403191241e+00
4.784885649117071260e+00
4.784885686832751617e+00
4.784885724435237186e+00
4.784885762154512889e+00
4.784885799875588930e+00
4.784885837483453308e+00
4.784885875208125583e+00
4.784885912934599084e+00
4.784885950547845823e+00
4.784885988277917335e+00
4.784886025894754980e+00
4.784886063513377863e+00
4.784886101248845947e+00
4.784886138871062400e+00
4.784886176495067645e+00
4.784886214120868786e+00
4.784886251748460495e+00
4.784886289492924050e+00
4.784886327124106664e+00
4.784886364757085175e+00
4.784886402391856031e+00
4.784886439913320189e+00
4.784886477551671291e+00
4.784886515191823619e+00
4.784886552833766515e+00
4.784886590477505308e+00
4.784886628007911646e+00
4.784886665655234239e+00
4.784886703189215496e+00
4.784886740840125441e+00
4.784886778377683392e+00
4.784886816032179802e+00
4.784886853573313559e+00
4.784886891231398209e+00
4.784886928776109549e+00
4.784886966322608792e+00
4.784887003870894162e+00
4.784887041420966547e+00
4.784887079088018247e+00
4.784887116641670879e+00
4.784887154197111414e+00
4.784887191754341629e+00
4.784887229198142578e+00
4.784887266758943269e+00
4.784887304321532753e+00
4.784887341885911027e+00
4.784887379452079870e+00
4.784887416904794577e+00
4.784887454474535673e+00
4.784887492046069113e+00
4.784887529504132431e+00
4.784887567079240789e+00
4.784887604540869255e+00
4.784887642119551643e+00
4.784887679584749698e+00
4.784887717051725886e+00
4.784887754520482872e+00
4.784887792106317761e+00
4.784887829578642560e+00
4.784887867052746380e+00
4.784887904528639879e+00
4.784887942006312400e+00
4.784887979485764831e+00
4.784888016967000723e+00
4.784888054450020078e+00
4.784888091934823784e+00
4.784888129421409175e+00
4.784888166794429409e+00
4.784888204284577284e+00
4.784888241776510398e+00
4.784888279154860591e+00
4.784888316650356188e+00
4.784888354032258206e+00
4.784888391531322505e+00
4.784888428916779013e+00
4.784888466419406683e+00
4.784888503808421234e+00
4.784888541199208589e+00
4.784888578707183981e+00
4.784888616101527603e+00
4.784888653497647582e+00
4.784888690895547469e+00
4.784888728295222826e+00
4.784888765696673651e+00
4.784888803099902610e+00
4.784888840504908814e+00
4.784888877911690486e+00
4.784888915320253844e+00
4.784888952615123259e+00
4.784888990027237554e+00
4.784889027441128206e+00
4.784889064856798768e+00
4.784889102158758512e+00
4.784889139577980899e+00
4.784889176883484474e+00
4.784889214306261351e+00
4.784889251615307870e+00
4.784889288926123641e+00
4.784889326354232253e+00
4.784889363668590967e+00
4.784889400984724261e+00
4.784889438302627696e+00
4.784889475737842623e+00
4.784889513059291666e+00
4.784889550382509071e+00
4.784889587707505498e+00
4.784889625034265848e+00
4.784889662362804330e+00
4.784889699577531630e+00
4.784889736909608615e+00
4.784889774243457516e+00
4.784889811579080998e+00
4.784889848800878198e+00
4.784889886140037518e+00
4.784889923480972307e+00
4.784889960708063938e+00
4.784889998052545224e+00
4.784890035283171805e+00
4.784890072515561421e+00
4.784890109865355790e+00
4.784890147101279467e+00
4.784890184338968844e+00
4.784890221694077184e+00
4.784890258935301510e+00
4.784890296178291536e+00
4.784890333423048148e+00
4.784890370669566906e+00
4.784890407917854915e+00
4.784890445167910400e+00
4.784890482419730695e+00
4.784890519673317577e+00
4.784890556812967155e+00
4.784890594070085434e+00
4.784890631328969413e+00
4.784890668589619978e+00
4.784890705736313699e+00
4.784890743000498325e+00
4.784890780150715450e+00
4.784890817418431475e+00
4.784890854572164898e+00
4.784890891843408767e+00
4.784890929000670035e+00
4.784890966159689896e+00
4.784891003320468350e+00
4.784891040598776790e+00
4.784891077763080425e+00
4.784891114929141764e+00
4.784891152096965250e+00
4.784891189266546441e+00
4.784891226437888889e+00
4.784891263610993484e+00
4.784891300785859336e+00
4.784891337962484670e+00
4.784891375025047466e+00
4.784891412205190875e+00
4.784891449387099982e+00
4.784891486570768571e+00
4.784891523640355082e+00
4.784891560827542634e+00
4.784891597900640114e+00
4.784891635091350182e+00
4.784891672167955079e+00
4.784891709362187662e+00
4.784891746442306193e+00
4.784891783524175324e+00
4.784891820607801272e+00
4.784891857809075333e+00
4.784891894896214026e+00
4.784891931985104208e+00
4.784891969075754758e+00
4.784892006168156797e+00
4.784892043262314765e+00
4.784892080358227773e+00
4.784892117455895821e+00
4.784892154555320687e+00
4.784892191540557782e+00
4.784892228643489176e+00
4.784892265748178275e+00
4.784892302854622415e+00
4.784892339846859244e+00
4.784892376956812576e+00
4.784892413952547940e+00
4.784892451066009578e+00
4.784892488065246141e+00
4.784892525182222300e+00
4.784892562184957399e+00
4.784892599189442208e+00
4.784892636195672289e+00
4.784892673319667722e+00
4.784892710329402554e+00
4.784892747340885322e+00
4.784892784354115136e+00
4.784892821369099103e+00
4.784892858385830117e+00
4.784892895404311730e+00
4.784892932424542167e+00
4.784892969446524091e+00
4.784893006354192124e+00
4.784893043379667255e+00
4.784893080406899202e+00
4.784893117435876420e+00
4.784893154350523758e+00
4.784893191383003064e+00
4.784893228301136503e+00
4.784893265337114343e+00
4.784893302258735659e+00
4.784893339298212922e+00
4.784893376223323003e+00
4.784893413150177466e+00
4.784893450078773647e+00
4.784893487125249756e+00
4.784893524057336478e+00
4.784893560991168471e+00
4.784893597926743070e+00
4.784893634864062051e+00
4.784893671803123638e+00
4.784893708743932272e+00
4.784893745686487065e+00
4.784893782630781800e+00
4.784893819460640074e+00
4.784893856408422685e+00
4.784893893357947903e+00
4.784893930309221943e+00
4.784893967146033766e+00
4.784894004100795684e+00
4.784894040941085613e+00
4.784894077899334519e+00
4.784894114743099891e+00
4.784894151704835785e+00
4.784894188552081928e+00
4.784894225401064460e+00
4.784894262368034390e+00
4.784894299220497693e+00
4.784894336074697385e+00
4.784894372930634354e+00
4.784894409788307712e+00
4.784894446647723676e+00
4.784894483508876917e+00
4.784894520371770099e+00
4.784894557236397006e+00
4.784894594102770071e+00
4.784894630970883078e+00
4.784894667724420181e+00
4.784894704596002413e+00
4.784894741469326362e+00
4.784894778228061973e+00
4.784894815104864918e+00
4.784894851983406028e+00
4.784894888747341035e+00
4.784894925513013320e+00
4.784894962396768037e+00
4.784894999165905993e+00
4.784895036053137929e+00
4.784895072825743334e+00
4.784895109600080687e+00
4.784895146376150876e+00
4.784895183153952125e+00
4.784895219933486210e+00
4.784895256831151578e+00
4.784895293614155776e+00
4.784895330282484593e+00
4.784895367068951799e+00
4.784895403857151841e+00
4.784895440647086495e+00
4.784895477438753097e+00
4.784895514232158753e+00
4.784895550910853501e+00
4.784895587707721276e+00
4.784895624506323664e+00
4.784895661190202709e+00
4.784895697992272545e+00
4.784895734679606605e+00
4.784895771368666395e+00
4.784895808175932075e+00
4.784895844868446879e+00
4.784895881562691855e+00
4.784895918375157819e+00
4.784895955072855145e+00
4.784895991772284418e+00
4.784896028473439422e+00
4.784896065176321933e+00
4.784896101880926622e+00
4.784896138587267700e+00
4.784896175295332732e+00
4.784896212005126159e+00
4.784896248716645317e+00
4.784896285429894647e+00
4.784896322028317606e+00
4.784896358745020173e+00
4.784896395463454688e+00
4.784896432067038852e+00
4.784896468788923052e+00
4.784896505512541864e+00
4.784896542121299667e+00
4.784896578731772543e+00
4.784896615460574765e+00
4.784896652074492884e+00
4.784896688806747456e+00
4.784896725424114372e+00
4.784896762043203466e+00
4.784896798664012074e+00
4.784896835286543748e+00
4.784896871910797600e+00
4.784896908536772742e+00
4.784896945164470061e+00
4.784896981793888671e+00
4.784897018425027682e+00
4.784897055057892423e+00
4.784897091692482896e+00
4.784897128328792881e+00
4.784897164850144158e+00
4.784897201489896723e+00
4.784897238131374131e+00
4.784897274657875066e+00
4.784897311302794165e+00
4.784897347832728798e+00
4.784897384481094029e+00
4.784897421014461472e+00
4.784897457666270171e+00
4.784897494203072199e+00
4.784897530741591076e+00
4.784897567398567197e+00
4.784897603940521549e+00
4.784897640484191861e+00
4.784897677029574581e+00
4.784897713576678591e+00
4.784897750125496785e+00
4.784897786676030051e+00
4.784897823228283720e+00
4.784897859782252461e+00
4.784897896337940715e+00
4.784897932895340489e+00
4.784897969337661650e+00
4.784898005898496010e+00
4.784898042461048995e+00
4.784898078908500274e+00
4.784898115474485181e+00
4.784898151925358611e+00
4.784898188494776328e+00
4.784898224949071910e+00
4.784898261521924212e+00
4.784898297979639281e+00
4.784898334555930610e+00
4.784898371017072272e+00
4.784898407479926341e+00
4.784898443944489266e+00
4.784898480410761934e+00
4.784898516878747898e+00
4.784898553348441830e+00
4.784898589936746660e+00
4.784898626292964252e+00
4.784898662767793631e+00
4.784898699244334530e+00
4.784898735722586949e+00
4.784898772202552664e+00
4.784898808684230787e+00
4.784898845050682858e+00
4.784898881535782245e+00
4.784898918022590486e+00
4.784898954394166459e+00
4.784898990884396852e+00
4.784899027259380766e+00
4.784899063753038639e+00
4.784899100131431382e+00
4.784899136511529427e+00
4.784899173010318307e+00
4.784899209393830510e+00
4.784899245779046240e+00
4.784899282165969936e+00
4.784899318554596270e+00
4.784899355061941861e+00
4.784899391453985906e+00
4.784899427847735254e+00
4.784899464243184575e+00
4.784899500523313698e+00
4.784899536922174512e+00
4.784899573322741517e+00
4.784899609725016489e+00
4.784899646128998540e+00
4.784899682417624867e+00
4.784899718825018411e+00
4.784899755234116370e+00
4.784899791527845281e+00
4.784899827940353845e+00
4.784899864237483591e+00
4.784899900653404536e+00
4.784899936953934230e+00
4.784899973256162120e+00
4.784900009677201638e+00
4.784900045982834804e+00
4.784900082290161727e+00
4.784900118599191288e+00
4.784900154909920822e+00
4.784900191222348553e+00
4.784900227536478035e+00
4.784900263852305713e+00
4.784900300169834253e+00
4.784900336489065431e+00
4.784900372809996583e+00
4.784900409132627708e+00
4.784900445456960583e+00
4.784900481665813388e+00
4.784900517993544433e+00
4.784900554322977229e+00
4.784900590536913079e+00
4.784900626869745821e+00
4.784900663087070960e+00
4.784900699423305426e+00
4.784900735644018965e+00
4.784900771983654266e+00
4.784900808207759759e+00
4.784900844433558120e+00
4.784900880778294230e+00
4.784900917007487209e+00
4.784900953238368615e+00
4.784900989470949995e+00
4.784901025705222466e+00
4.784901061941190470e+00
4.784901098178853118e+00
4.784901134418210411e+00
4.784901170659264125e+00
4.784901206902012483e+00
4.784901243146452821e+00
4.784901279392594020e+00
4.784901315523119258e+00
4.784901351772647082e+00
4.784901388023872215e+00
4.784901424159465400e+00
4.784901460414078933e+00
4.784901496553050748e+00
4.784901532811051794e+00
4.784901568953401352e+00
4.784901605214794351e+00
4.784901641360525204e+00
4.784901677507946260e+00
4.784901713657048639e+00
4.784901749925220216e+00
4.784901786077709218e+00
4.784901822231886648e+00
4.784901858387751616e+00
4.784901894545306789e+00
4.784901930704551276e+00
4.784901966865484191e+00
4.784902003028106421e+00
4.784902039192420631e+00
4.784902075358422380e+00
4.784902111408685599e+00
4.784902147578065090e+00
4.784902183749133897e+00
4.784902219804449075e+00
4.784902255978894736e+00
4.784902292155034154e+00
4.784902328215400402e+00
4.784902364394917562e+00
4.784902400458653560e+00
4.784902436524069103e+00
4.784902472708652432e+00
4.784902508777438612e+00
4.784902544847903449e+00
4.784902581037558278e+00
4.784902617111394640e+00
4.784902653186917654e+00
4.784902689264120212e+00
4.784902725343013863e+00
4.784902761423586171e+00
4.784902797505840688e+00
4.784902833589781856e+00
4.784902869675407011e+00
4.784902905762716152e+00
4.784902941734153536e+00
4.784902977824827985e+00
4.784903013917185532e+00
4.784903049893658888e+00
4.784903085989385296e+00
4.784903122086796579e+00
4.784903158068305018e+00
4.784903194169086049e+00
4.784903230153949139e+00
4.784903266258097254e+00
4.784903302246318546e+00
4.784903338236219383e+00
4.784903374227797102e+00
4.784903410338677610e+00
4.784903446333612642e+00
4.784903482330226332e+00
4.784903518328516014e+00
4.784903554328486130e+00
4.784903590330133127e+00
4.784903626333459670e+00
4.784903662338462205e+00
4.784903698345146950e+00
4.784903734353510352e+00
4.784903770363548858e+00
4.784903806257584158e+00
4.784903842270980867e+00
4.784903878286055345e+00
4.784903914185108853e+00
4.784903950203537093e+00
4.784903986223645767e+00
4.784904022127720147e+00
4.784904058033462526e+00
4.784904094058608948e+00
4.784904129967696207e+00
4.784904165996198167e+00
4.784904201908634747e+00
4.784904237822742878e+00
4.784904273738520786e+00
4.784904309655972021e+00
4.784904345692866379e+00
4.784904381613666935e+00
4.784904417536141708e+00
4.784904453460285367e+00
4.784904489386107684e+00
4.784904525313598889e+00
4.784904561124967870e+00
4.784904597055797737e+00
4.784904632988304485e+00
4.784904668922489002e+00
4.784904704740521098e+00
4.784904740678048718e+00
4.784904776617250555e+00
4.784904812440284871e+00
4.784904848382832476e+00
4.784904884209201015e+00
4.784904920155094388e+00
4.784904955984798924e+00
4.784904991816167907e+00
4.784905027767080377e+00
4.784905063601788022e+00
4.784905099438161002e+00
4.784905135276201094e+00
4.784905171115907407e+00
4.784905207075182076e+00
4.784905242918227941e+00
4.784905278762940029e+00
4.784905314609320115e+00
4.784905350339443864e+00
4.784905386189155507e+00
4.784905422040533374e+00
4.784905457893581016e+00
4.784905493748296657e+00
4.784905529486728426e+00
4.784905565344776512e+00
4.784905601204496151e+00
4.784905636947913266e+00
4.784905672810964461e+00
4.784905708557707804e+00
4.784905744424094109e+00
4.784905780174160128e+00
4.784905816043881543e+00
4.784905851797275567e+00
4.784905887552327819e+00
4.784905923309039188e+00
4.784905959185430824e+00
4.784905994945469310e+00
4.784906030707171354e+00
4.784906066470534292e+00
4.784906102235556347e+00
4.784906138002243736e+00
4.784906173770591131e+00
4.784906209540601196e+00
4.784906245312273931e+00
4.784906281085607560e+00
4.784906316742534749e+00
4.784906352519191053e+00
4.784906388297511803e+00
4.784906423959406574e+00
4.784906459741051776e+00
4.784906495524351655e+00
4.784906531191223777e+00
4.784906566977849884e+00
4.784906602648026031e+00
4.784906638319860406e+00
4.784906674111477187e+00
4.784906709786622692e+00
4.784906745463422872e+00
4.784906781260024999e+00
4.784906816940140750e+00
4.784906852621917395e+00
4.784906888305344275e+00
4.784906923990428496e+00
4.784906959677168281e+00
4.784906995365567184e+00
4.784907031055622539e+00
4.784907066747334348e+00
4.784907102440700832e+00
4.784907138135726434e+00
4.784907173714207040e+00
4.784907209412541107e+00
4.784907245112535179e+00
4.784907280695968268e+00
4.784907316399270805e+00
4.784907352104236011e+00
4.784907387692619807e+00
4.784907423282656502e+00
4.784907458992583074e+00
4.784907494585922905e+00
4.784907530299168599e+00
4.784907565895808901e+00
4.784907601494096774e+00
4.784907637094039323e+00
4.784907672813908164e+00
4.784907708417153849e+00
4.784907744022047105e+00
4.784907779628595037e+00
4.784907815236790540e+00
4.784907850846638055e+00
4.784907886458135806e+00
4.784907922071284680e+00
4.784907957686089119e+00
4.784907993184213559e+00
4.784908028802313140e+00
4.784908064422066509e+00
4.784908099925125669e+00
4.784908135548177732e+00
4.784908171172884472e+00
4.784908206680881904e+00
4.784908242308888227e+00
4.784908277820175471e+00
4.784908313451484041e+00
4.784908348966063762e+00
4.784908384482286614e+00
4.784908420118551220e+00
4.784908455638063884e+00
4.784908491159224120e+00
4.784908526682025709e+00
4.784908562206475757e+00
4.784908597732571600e+00
4.784908633378738507e+00
4.784908668908125939e+00
4.784908704320722350e+00
4.784908739853399595e+00
4.784908775387719970e+00
4.784908810923688804e+00
4.784908846461302545e+00
4.784908882000562969e+00
4.784908917423000396e+00
4.784908952965547080e+00
4.784908988509745775e+00
4.784909023937099271e+00
4.784909059484586002e+00
4.784909094915221317e+00
4.784909130465998750e+00
4.784909165899913219e+00
4.784909201453983130e+00
4.784909236891179418e+00
4.784909272330012620e+00
4.784909307770487175e+00
4.784909343331136711e+00
4.784909378774893085e+00
4.784909414220288149e+00
4.784909449667323678e+00
4.784909485115996119e+00
4.784909520566310803e+00
4.784909556018266841e+00
4.784909591471860679e+00
4.784909626927095871e+00
4.784909662383972417e+00
4.784909697842488541e+00
4.784909733184047553e+00
4.784909768645843720e+00
4.784909804109277687e+00
4.784909839455740332e+00
4.784909874922454343e+00
4.784909910272184597e+00
4.784909945742178650e+00
4.784909981095177400e+00
4.784910016568449720e+00
4.784910051924720520e+00
4.784910087401273771e+00
4.784910122760814843e+00
4.784910158121985724e+00
4.784910193484792629e+00
4.784910228849231117e+00
4.784910264333986696e+00
4.784910299701698122e+00
4.784910335071042908e+00
4.784910370442026384e+00
4.784910405814640555e+00
4.784910441188889862e+00
4.784910476564775195e+00
4.784910511823577295e+00
4.784910547202726683e+00
4.784910582583512983e+00
4.784910617965935309e+00
4.784910653231251310e+00
4.784910688616937691e+00
4.784910724004265425e+00
4.784910759274469072e+00
4.784910794665066192e+00
4.784910829938525012e+00
4.784910865332389740e+00
4.784910900609109952e+00
4.784910935887458194e+00
4.784910971286223003e+00
4.784911006567829972e+00
4.784911041851069413e+00
4.784911077135933333e+00
4.784911112422424395e+00
4.784911147710544377e+00
4.784911183119116451e+00
4.784911218410499600e+00
4.784911253703513445e+00
4.784911288879309943e+00
4.784911324175579850e+00
4.784911359473474235e+00
4.784911394772999316e+00
4.784911430074154204e+00
4.784911465258072205e+00
4.784911500562483155e+00
4.784911535868523913e+00
4.784911571057312685e+00
4.784911606366610393e+00
4.784911641677540572e+00
4.784911676871201891e+00
4.784911712066484135e+00
4.784911747382299296e+00
4.784911782580828721e+00
4.784911817899903497e+00
4.784911853101681878e+00
4.784911888305081185e+00
4.784911923510104081e+00
4.784911958716752345e+00
4.784911993925022422e+00
4.784912029253868049e+00
4.784912064465389747e+00
4.784912099678535036e+00
4.784912134893302138e+00
4.784912169990716890e+00
4.784912205208726732e+00
4.784912240428360164e+00
4.784912275649621627e+00
4.784912310872506680e+00
4.784912345978010961e+00
4.784912381204139642e+00
4.784912416431891913e+00
4.784912451542252754e+00
4.784912486773252205e+00
4.784912521886848680e+00
4.784912557121097976e+00
4.784912592237929196e+00
4.784912627356374237e+00
4.784912662595493416e+00
4.784912697717177643e+00
4.784912732840480132e+00
4.784912768084468304e+00
4.784912803211009091e+00
4.784912838339167251e+00
4.784912873468941008e+00
4.784912908600334802e+00
4.784912943733347745e+00
4.784912978867975397e+00
4.784913014004222198e+00
4.784913049142089925e+00
4.784913084281574136e+00
4.784913119303552342e+00
4.784913154446271299e+00
4.784913189590607629e+00
4.784913224736561332e+00
4.784913259764993043e+00
4.784913294914185045e+00
4.784913329945838179e+00
4.784913365098264038e+00
4.784913400133142147e+00
4.784913435288804529e+00
4.784913470326909390e+00
4.784913505485809182e+00
4.784913540527138132e+00
4.784913575570081790e+00
4.784913610614633939e+00
4.784913645780005886e+00
4.784913680827790117e+00
4.784913715877178397e+00
4.784913750928186715e+00
4.784913785980803524e+00
4.784913821035031489e+00
4.784913856090878603e+00
4.784913891148330656e+00
4.784913926207400081e+00
4.784913961148823169e+00
4.784913996211116682e+00
4.784914031275020463e+00
4.784914066340538064e+00
4.784914101288392452e+00
4.784914136357133252e+00
4.784914171427486984e+00
4.784914206380165069e+00
4.784914241453745554e+00
4.784914276409635292e+00
4.784914311486442529e+00
4.784914346445548361e+00
4.784914381406258244e+00
4.784914416487899835e+00
4.784914451451827588e+00
4.784914486417357615e+00
4.784914521384497021e+00
4.784914556353241366e+00
4.784914591323591537e+00
4.784914626295549311e+00
4.784914661269114688e+00
4.784914696244284116e+00
4.784914731221068251e+00
4.784914766199450220e+00
4.784914801179445121e+00
4.784914836161046736e+00
4.784914871144256843e+00
4.784914906009668734e+00
4.784914940996088717e+00
4.784914975984121632e+00
4.784915010854339457e+00
4.784915045845584913e+00
4.784915080719004621e+00
4.784915115713460843e+00
4.784915150590084210e+00
4.784915185587758302e+00
4.784915220467584440e+00
4.784915255468472850e+00
4.784915290351505313e+00
4.784915325236140937e+00
4.784915360122371730e+00
4.784915395010206574e+00
4.784915430019125893e+00
4.784915464910167060e+00
4.784915499802815830e+00
4.784915534697056216e+00
4.784915569592904205e+00
4.784915604490349139e+00
4.784915639269878618e+00
4.784915674170526323e+00
4.784915709072774526e+00
4.784915743976625890e+00
4.784915778882081305e+00
4.784915813669591067e+00
4.784915848578244812e+00
4.784915883488506161e+00
4.784915918280804981e+00
4.784915953194269989e+00
4.784915987989759145e+00
4.784916022906424260e+00
4.784916057705108194e+00
4.784916092505385521e+00
4.784916127426854793e+00
4.784916162230326009e+00
4.784916197035394170e+00
4.784916231842055723e+00
4.784916266769930537e+00
4.784916301579786868e+00
4.784916336391241032e+00
4.784916371204289476e+00
4.784916406018933088e+00
4.784916440835177198e+00
4.784916475653012924e+00
4.784916510472451812e+00
4.784916545173817148e+00
4.784916579996435715e+00
4.784916614820659220e+00
4.784916649646476117e+00
4.784916684354205252e+00
4.784916719183212486e+00
4.784916754013816664e+00
4.784916788726321535e+00
4.784916823560120491e+00
4.784916858275803264e+00
4.784916893112793446e+00
4.784916927831659450e+00
4.784916962552112629e+00
4.784916997393889204e+00
4.784917032117528279e+00
4.784917066842754529e+00
4.784917101569570619e+00
4.784917136417731420e+00
4.784917171147733406e+00
4.784917205879324342e+00
4.784917240612506895e+00
4.784917275347277510e+00
4.784917310083640629e+00
4.784917344821593588e+00
4.784917379561138162e+00
4.784917414182475071e+00
4.784917448925195771e+00
4.784917483669511640e+00
4.784917518415416460e+00
4.784917553043093186e+00
4.784917587792179461e+00
4.784917622542857352e+00
4.784917657175288497e+00
4.784917691929147843e+00
4.784917726564748897e+00
4.784917761321789698e+00
4.784917795960563325e+00
4.784917830600919686e+00
4.784917865362730893e+00
4.784917900006258940e+00
4.784917934651370608e+00
4.784917969298066787e+00
4.784918004066241792e+00
4.784918038716112321e+00
4.784918073367564695e+00
4.784918108020605132e+00
4.784918142675228303e+00
4.784918177331439537e+00
4.784918211989232617e+00
4.784918246648614648e+00
4.784918281189643352e+00
4.784918315852189963e+00
4.784918350516324637e+00
4.784918385182043821e+00
4.784918419729391914e+00
4.784918454398280119e+00
4.784918489068754610e+00
4.784918523620841135e+00
4.784918558294487312e+00
4.784918592849737529e+00
4.784918627526548285e+00
4.784918662084955976e+00
4.784918696644938407e+00
4.784918731326507135e+00
4.784918765889653258e+00
4.784918800454375010e+00
4.784918835140700821e+00
4.784918869708587152e+00
4.784918904278050000e+00
4.784918938849095582e+00
4.784918973421715904e+00
4.784919007995918072e+00
4.784919042571699421e+00
4.784919077149059063e+00
4.784919111728001440e+00
4.784919146308523885e+00
4.784919180770545566e+00
4.784919215354224598e+00
4.784919249939481922e+00
4.784919284526321981e+00
4.784919318994640847e+00
4.784919353584638380e+00
4.784919388176218646e+00
4.784919422649256404e+00
4.784919457243998586e+00
4.784919491720190265e+00
4.784919526197953132e+00
4.784919560797428417e+00
4.784919595278339877e+00
4.784919629760825188e+00
4.784919664365038905e+00
4.784919698850675474e+00
4.784919733337885006e+00
4.784919767826666614e+00
4.784919802317022963e+00
4.784919836808950500e+00
4.784919871302454553e+00
4.784919905797532458e+00
4.784919940294185103e+00
4.784919974792410713e+00
4.784920009292212839e+00
4.784920043793589706e+00
4.784920078296539536e+00
4.784920112801066772e+00
4.784920147186939587e+00
4.784920181694608310e+00
4.784920216203857990e+00
4.784920250594431934e+00
4.784920285106827542e+00
4.784920319500538533e+00
4.784920354016083621e+00
4.784920388412933434e+00
4.784920422931627115e+00
4.784920457331614863e+00
4.784920491733169357e+00
4.784920526256584594e+00
4.784920560661279687e+00
4.784920595067541527e+00
4.784920629475371889e+00
4.784920663884767222e+00
4.784920698295734631e+00
4.784920732708269675e+00
4.784920767122371466e+00
4.784920801538042667e+00
4.784920835955282392e+00
4.784920870374091528e+00
4.784920904794470964e+00
4.784920939216418923e+00
4.784920973639936292e+00
4.784921007944656246e+00
4.784921042371308886e+00
4.784921076799531825e+00
4.784921111108939584e+00
4.784921145540300458e+00
4.784921179852831941e+00
4.784921214287328084e+00
4.784921248602991284e+00
4.784921283040621809e+00
4.784921317359407844e+00
4.784921351679757073e+00
4.784921386122095832e+00
4.784921420445573226e+00
4.784921454770611149e+00
4.784921489097212266e+00
4.784921523545826005e+00
4.784921557875556175e+00
4.784921592206849539e+00
4.784921626539705208e+00
4.784921660874123184e+00
4.784921695210107906e+00
4.784921729547653158e+00
4.784921763886764268e+00
4.784921798106940294e+00
4.784921832449171575e+00
4.784921866792968714e+00
4.784921901138332601e+00
4.784921935364737422e+00
4.784921969713225920e+00
4.784922004063276724e+00
4.784922038294359581e+00
4.784922072647534996e+00
4.784922106881733583e+00
4.784922141238037163e+00
4.784922175475349704e+00
4.784922209714219221e+00
4.784922244075211495e+00
4.784922278317196742e+00
4.784922312560738966e+00
4.784922346805839055e+00
4.784922381173083217e+00
4.784922415421299036e+00
4.784922449671073608e+00
4.784922483922406045e+00
4.784922518175296346e+00
4.784922552429748066e+00
4.784922586685746992e+00
4.784922620943311777e+00
4.784922655202435315e+00
4.784922689342475444e+00
4.784922723604708494e+00
4.784922757868501186e+00
4.784922792133849967e+00
4.784922826280100239e+00
4.784922860548564749e+00
4.784922894697919205e+00
4.784922928969500333e+00
4.784922963242641103e+00
4.784922997396652278e+00
4.784923031552214212e+00
4.784923065830025024e+00
4.784923099988692030e+00
4.784923134269616796e+00
4.784923168431392426e+00
4.784923202594718816e+00
4.784923236759594189e+00
4.784923270926020322e+00
4.784923305214736189e+00
4.784923339384270058e+00
4.784923373555357351e+00
4.784923407727997180e+00
4.784923441902187768e+00
4.784923476077931781e+00
4.784923510134457381e+00
4.784923544313301136e+00
4.784923578493698315e+00
4.784923612675648030e+00
4.784923646859151170e+00
4.784923680923411915e+00
4.784923715110017461e+00
4.784923749298178208e+00
4.784923783367078798e+00
4.784923817558341952e+00
4.784923851630334291e+00
4.784923885824699852e+00
4.784923919899790157e+00
4.784923954097262566e+00
4.784923988175443732e+00
4.784924022255171217e+00
4.784924056457301234e+00
4.784924090540123132e+00
4.784924124624490460e+00
4.784924158710404107e+00
4.784924192797867626e+00
4.784924226886868581e+00
4.784924260977421184e+00
4.784924295069520106e+00
4.784924329163164458e+00
4.784924363258356905e+00
4.784924397355096559e+00
4.784924431453382532e+00
4.784924465553217487e+00
4.784924499654599650e+00
4.784924533636595534e+00
4.784924567741072110e+00
4.784924601847089676e+00
4.784924635833709416e+00
4.784924669942822284e+00
4.784924703932523116e+00
4.784924738044730397e+00
4.784924772037512319e+00
4.784924806152814014e+00
4.784924840148679692e+00
4.784924874267074024e+00
4.784924908266023458e+00
4.784924942266513881e+00
4.784924976268547958e+00
4.784925010393124012e+00
4.784925044398240956e+00
4.784925078404896226e+00
4.784925112413092485e+00
4.784925146422830622e+00
4.784925180434107084e+00
4.784925214446925423e+00
4.784925248461288305e+00
4.784925282477189512e+00
4.784925316494634373e+00
4.784925350513621112e+00
4.784925384413079463e+00
4.784925418435145517e+00
4.784925452458754336e+00
4.784925486362817004e+00
4.784925520389506026e+00
4.784925554417741367e+00
4.784925588326416346e+00
4.784925622357724784e+00
4.784925656269468419e+00
4.784925690303867718e+00
4.784925724218682674e+00
4.784925758135031515e+00
4.784925792174050230e+00
4.784925826093473944e+00
4.784925860014427990e+00
4.784925893936921248e+00
4.784925927982107474e+00
4.784925961907672942e+00
4.784925995834774959e+00
4.784926029763410860e+00
4.784926063693583309e+00
4.784926097625288755e+00
4.784926131558534301e+00
4.784926165493315509e+00
4.784926199429630600e+00
4.784926233246275196e+00
4.784926267185658944e+00
4.784926301126580128e+00
4.784926335069038750e+00
4.784926368891802895e+00
4.784926402837329285e+00
4.784926436784397552e+00
4.784926470611754468e+00
4.784926504561891392e+00
4.784926538392307194e+00
4.784926572345515439e+00
4.784926606178993680e+00
4.784926640013999588e+00
4.784926673971815703e+00
4.784926707809883162e+00
4.784926741649478288e+00
4.784926775490605522e+00
4.784926809454564278e+00
4.784926843298753951e+00
4.784926877144473956e+00
4.784926910991722515e+00
4.784926944840502294e+00
4.784926978690812405e+00
4.784927012542652847e+00
4.784927046396021844e+00
4.784927080250924725e+00
4.784927114107355273e+00
4.784927147843962558e+00
4.784927181703451993e+00
4.784927215564473535e+00
4.784927249427026297e+00
4.784927283169732704e+00
4.784927317035345240e+00
4.784927350781098987e+00
4.784927384649770410e+00
4.784927418398573273e+00
4.784927452270309800e+00
4.784927486022162668e+00
4.784927519896955417e+00
4.784927553651859178e+00
4.784927587408287053e+00
4.784927621287670796e+00
4.784927655047151340e+00
4.784927688808155999e+00
4.784927722570680331e+00
4.784927756334732329e+00
4.784927790100304890e+00
4.784927823867406893e+00
4.784927857636030346e+00
4.784927891406180578e+00
4.784927925177852259e+00
4.784927958951051608e+00
4.784927992725777735e+00
4.784928026502027087e+00
4.784928060279804107e+00
4.784928093937593552e+00
4.784928127718417912e+00
4.784928161500766386e+00
4.784928195163116627e+00
4.784928228948514217e+00
4.784928262735439475e+00
4.784928296402351400e+00
4.784928330192322221e+00
4.784928363862269052e+00
4.784928397533732891e+00
4.784928431328277831e+00
4.784928465002784570e+00
4.784928498678810094e+00
4.784928532477929153e+00
4.784928566156991359e+00
4.784928599837572349e+00
4.784928633519671237e+00
4.784928667203288910e+00
4.784928700888428033e+00
4.784928734575084164e+00
4.784928768263259080e+00
4.784928801952957222e+00
4.784928835644167933e+00
4.784928869336904533e+00
4.784928903031156366e+00
4.784928936726931425e+00
4.784928970424225270e+00
4.784929004001384101e+00
4.784929037701716403e+00
4.784929071403567491e+00
4.784929104985264914e+00
4.784929138690159789e+00
4.784929172274880571e+00
4.784929205982808575e+00
4.784929239570560711e+00
4.784929273281528062e+00
4.784929306872307109e+00
4.784929340586314694e+00
4.784929374180124206e+00
4.784929407775446286e+00
4.784929441372282710e+00
4.784929475092364548e+00
4.784929508692228772e+00
4.784929542293608229e+00
4.784929575896500253e+00
4.784929609500904846e+00
4.784929643106823782e+00
4.784929676714257951e+00
4.784929710323202912e+00
4.784929743933663104e+00
4.784929777545639418e+00
4.784929811159129187e+00
4.784929844652336506e+00
4.784929878268853187e+00
4.784929911886881548e+00
4.784929945384613248e+00
4.784929979005670297e+00
4.784930012628240803e+00
4.784930046130497772e+00
4.784930079756096077e+00
4.784930113261370188e+00
4.784930146889994518e+00
4.784930180398287547e+00
4.784930214029943230e+00
4.784930247541250736e+00
4.784930281054066370e+00
4.784930314568389242e+00
4.784930348206097861e+00
4.784930381723440540e+00
4.784930415242288682e+00
4.784930448762646726e+00
4.784930482284512010e+00
4.784930515807884532e+00
4.784930549332764294e+00
4.784930582859153958e+00
4.784930616387052638e+00
4.784930649916458556e+00
4.784930683447374378e+00
4.784930716979800103e+00
4.784930750513735731e+00
4.784930783927226372e+00
4.784930817464174702e+00
4.784930851002632046e+00
4.784930884420634634e+00
4.784930917962110897e+00
4.784930951505094399e+00
4.784930984927605380e+00
4.784931018473605135e+00
4.784931051899123489e+00
4.784931085326142863e+00
4.784931118876666112e+00
4.784931152306690194e+00
4.784931185738217962e+00
4.784931219293266480e+00
4.784931252727801620e+00
4.784931286163837783e+00
4.784931319601374966e+00
4.784931353040414947e+00
4.784931386603006764e+00
4.784931420045055894e+00
4.784931453488610487e+00
4.784931486933666100e+00
4.784931520380225400e+00
4.784931553706210039e+00
4.784931587155773158e+00
4.784931620606836411e+00
4.784931654059404238e+00
4.784931687513473975e+00
4.784931720846950398e+00
4.784931754304025731e+00
4.784931787762605637e+00
4.784931821100570914e+00
4.784931854562154641e+00
4.784931887903114855e+00
4.784931921367704177e+00
4.784931954711659330e+00
4.784931988179256024e+00
4.784932021526204338e+00
4.784932054874651008e+00
4.784932088346754320e+00
4.784932121698195928e+00
4.784932155051134117e+00
4.784932188405569775e+00
4.784932221883685166e+00
4.784932255241118426e+00
4.784932288600046491e+00
4.784932321960472912e+00
4.784932355322395914e+00
4.784932388685818161e+00
4.784932422050736989e+00
4.784932455417152397e+00
4.784932488785066163e+00
4.784932522032244506e+00
4.784932555403150545e+00
4.784932588775554940e+00
4.784932622149456805e+00
4.784932655402602819e+00
4.784932688779498733e+00
4.784932722157893004e+00
4.784932755415513661e+00
4.784932788796903758e+00
4.784932822057507806e+00
4.784932855441891064e+00
4.784932888705477616e+00
4.784932921970558084e+00
4.784932955359436413e+00
4.784932988627496719e+00
4.784933021897050054e+00
4.784933055290418125e+00
4.784933088562959291e+00
4.784933121836989933e+00
4.784933155112512715e+00
4.784933188389526748e+00
4.784933221668032033e+00
4.784933254948030346e+00
4.784933288229516357e+00
4.784933321512498949e+00
4.784933354796971905e+00
4.784933388082937000e+00
4.784933421370395124e+00
4.784933454659347163e+00
4.784933487827396803e+00
4.784933521119328681e+00
4.784933554412753587e+00
4.784933587585262771e+00
4.784933620881670180e+00
4.784933654179571505e+00
4.784933687356540233e+00
4.784933720657426726e+00
4.784933753837367298e+00
4.784933787141235406e+00
4.784933820324150489e+00
4.784933853508550605e+00
4.784933886816892468e+00
4.784933920004267094e+00
4.784933953193126754e+00
4.784933986383471449e+00
4.784934019697781871e+00
4.784934052891102851e+00
4.784934086085907978e+00
4.784934119282201692e+00
4.784934152479978664e+00
4.784934185679240670e+00
4.784934218879994816e+00
4.784934252082231332e+00
4.784934285285957323e+00
4.784934318491167460e+00
4.784934351575332201e+00
4.784934384783512407e+00
4.784934417993178535e+00
4.784934451204336803e+00
4.784934484294422141e+00
4.784934517508551366e+00
4.784934550724166513e+00
4.784934583818695408e+00
4.784934617037283289e+00
4.784934650134775147e+00
4.784934683356335761e+00
4.784934716456794135e+00
4.784934749558721556e+00
4.784934782784741714e+00
4.784934815889637427e+00
4.784934848996015511e+00
4.784934882103867082e+00
4.784934915335832706e+00
4.784934948446652569e+00
4.784934981558951250e+00
4.784935014672731413e+00
4.784935047787992168e+00
4.784935080904735294e+00
4.784935114022957237e+00
4.784935147142660661e+00
4.784935180263846455e+00
4.784935213386511066e+00
4.784935246510659823e+00
4.784935279513599760e+00
4.784935312640706151e+00
4.784935345769296688e+00
4.784935378899366931e+00
4.784935411908209701e+00
4.784935445041241131e+00
4.784935478053032654e+00
4.784935511189023494e+00
4.784935544203766433e+00
4.784935577342722013e+00
4.784935610360413705e+00
4.784935643502332248e+00
4.784935676522977133e+00
4.784935709545096394e+00
4.784935742691455829e+00
4.784935775716526507e+00
4.784935808743071561e+00
4.784935841771092768e+00
4.784935874923376353e+00
4.784935907954352530e+00
4.784935940986800418e+00
4.784935974020725347e+00
4.784936007056129093e+00
4.784936040093002774e+00
4.784936073131353496e+00
4.784936106171182146e+00
4.784936139089652762e+00
4.784936172132427501e+00
4.784936205176678392e+00
4.784936238222406324e+00
4.784936271146755793e+00
4.784936304195430701e+00
4.784936337245584426e+00
4.784936370174344589e+00
4.784936403227447066e+00
4.784936436282029248e+00
4.784936469215199217e+00
4.784936502149838233e+00
4.784936535208844433e+00
4.784936568146421543e+00
4.784936601208380935e+00
4.784936634148902357e+00
4.784936667090890161e+00
4.784936700034348789e+00
4.784936733102204798e+00
4.784936766048605961e+00
4.784936798996477059e+00
4.784936831945815428e+00
4.784936864896624620e+00
4.784936897848902859e+00
4.784936930802650146e+00
4.784936963757869144e+00
4.784936996714558077e+00
4.784937029672717834e+00
4.784937062632345750e+00
4.784937095593446266e+00
4.784937128433021769e+00
4.784937161397058603e+00
4.784937194362567148e+00
4.784937227206534693e+00
4.784937260174981333e+00
4.784937293144902348e+00
4.784937325993261048e+00
4.784937358966116605e+00
4.784937391817410735e+00
4.784937424793211491e+00
4.784937457647425063e+00
4.784937490626163914e+00
4.784937523483312027e+00
4.784937556341924747e+00
4.784937589201998520e+00
4.784937622186616224e+00
4.784937655049623650e+00
4.784937687914093019e+00
4.784937720780025217e+00
4.784937753647422909e+00
4.784937786516285207e+00
4.784937819386609448e+00
4.784937852258399182e+00
4.784937885131653523e+00
4.784937918006373359e+00
4.784937950882558688e+00
4.784937983760207736e+00
4.784938016639321390e+00
4.784938049519902314e+00
4.784938082278793914e+00
4.784938115162300498e+00
4.784938148047270801e+00
4.784938180810537567e+00
4.784938213698438858e+00
4.784938246464623290e+00
4.784938279355451130e+00
4.784938312124553228e+00
4.784938345018310279e+00
4.784938377790330044e+00
4.784938410687016308e+00
4.784938443461954627e+00
4.784938476238350447e+00
4.784938509139431417e+00
4.784938541918747568e+00
4.784938574699521219e+00
4.784938607481754147e+00
4.784938640265442800e+00
4.784938673050590729e+00
4.784938705960459338e+00
4.784938738748530263e+00
4.784938771538059576e+00
4.784938804205772556e+00
4.784938836998214207e+00
4.784938869792117799e+00
4.784938902587478893e+00
4.784938935384300152e+00
4.784938968182584240e+00
4.784939000859016467e+00
4.784939033660215557e+00
4.784939066462872148e+00
4.784939099143664443e+00
4.784939131949236035e+00
4.784939164756276675e+00
4.784939197441429926e+00
4.784939230251382902e+00
4.784939262939444049e+00
4.784939295752315580e+00
4.784939328443282847e+00
4.784939361135705838e+00
4.784939393952953424e+00
4.784939426648282534e+00
4.784939459345065593e+00
4.784939492043299936e+00
4.784939524742985562e+00
4.784939557567527757e+00
4.784939590270123944e+00
4.784939622974174966e+00
4.784939655679677273e+00
4.784939688386636192e+00
4.784939721095047283e+00
4.784939753804908769e+00
4.784939786516227755e+00
4.784939819105553660e+00
4.784939851819774326e+00
4.784939884535450716e+00
4.784939917252581054e+00
4.784939949971167117e+00
4.784939982567733452e+00
4.784940015289224746e+00
4.784940047888682990e+00
4.784940080613079516e+00
4.784940113338933543e+00
4.784940145942739420e+00
4.784940178671499567e+00
4.784940211278201794e+00
4.784940243886349087e+00
4.784940276619467525e+00
4.784940309230513833e+00
4.784940341843006983e+00
4.784940374580486377e+00
4.784940407195875878e+00
4.784940439812713109e+00
4.784940472430998959e+00
4.784940505050732540e+00
4.784940537671911187e+00
4.784940570294540230e+00
4.784940602918614339e+00
4.784940635544131737e+00
4.784940668171110190e+00
4.784940700799528379e+00
4.784940733429396964e+00
4.784940766060715944e+00
4.784940798693479991e+00
4.784940831204081313e+00
4.784940863839739045e+00
4.784940896476848060e+00
4.784940928991774811e+00
4.784940961631776624e+00
4.784940994273230608e+00
4.784941026792484564e+00
4.784941059436833122e+00
4.784941091958971882e+00
4.784941124606211460e+00
4.784941157131243017e+00
4.784941189657707206e+00
4.784941222309293529e+00
4.784941254838647851e+00
4.784941287369438356e+00
4.784941320025369649e+00
4.784941352559052952e+00
4.784941385094174215e+00
4.784941417630738769e+00
4.784941450168743060e+00
4.784941482708191529e+00
4.784941515249080624e+00
4.784941547791413008e+00
4.784941580335188682e+00
4.784941612880404982e+00
4.784941645427068124e+00
4.784941677975171004e+00
4.784941710524718061e+00
4.784941742951937194e+00
4.784941775504366390e+00
4.784941808058239765e+00
4.784941840613558206e+00
4.784941873046529182e+00
4.784941905604730650e+00
4.784941938040571330e+00
4.784941970601658490e+00
4.784942003040374203e+00
4.784942035604345278e+00
4.784942068045934249e+00
4.784942100612791904e+00
4.784942133057257685e+00
4.784942165503156986e+00
4.784942198074341846e+00
4.784942230523118845e+00
4.784942262973332028e+00
4.784942295424980507e+00
4.784942328001934975e+00
4.784942360456462040e+00
4.784942392912423514e+00
4.784942425369824726e+00
4.784942457828660345e+00
4.784942490288934813e+00
4.784942522750646354e+00
4.784942555213794968e+00
4.784942587554467330e+00
4.784942620020485649e+00
4.784942652487942816e+00
4.784942684956835279e+00
4.784942717427169256e+00
4.784942749774995896e+00
4.784942782248205795e+00
4.784942814722850102e+00
4.784942847074974637e+00
4.784942879552492201e+00
4.784942911907480223e+00
4.784942944387871933e+00
4.784942976745724330e+00
4.784943009228989297e+00
4.784943041589705182e+00
4.784943073951849257e+00
4.784943106439425442e+00
4.784943138804435669e+00
4.784943171170874088e+00
4.784943203538746026e+00
4.784943236032072278e+00
4.784943268402805927e+00
4.784943300774975761e+00
4.784943333148576450e+00
4.784943365523606218e+00
4.784943397900066842e+00
4.784943430277960985e+00
4.784943462657286872e+00
4.784943495038042727e+00
4.784943527420232101e+00
4.784943559679776470e+00
4.784943592064825779e+00
4.784943624451306832e+00
4.784943656839222292e+00
4.784943689104470543e+00
4.784943721495245050e+00
4.784943753887453965e+00
4.784943786156981460e+00
4.784943818552052974e+00
4.784943850824429745e+00
4.784943883222363858e+00
4.784943915497593458e+00
4.784943947898391059e+00
4.784943980176477041e+00
4.784944012455984108e+00
4.784944044861076051e+00
4.784944077143437724e+00
4.784944109427224035e+00
4.784944141712435872e+00
4.784944174123254790e+00
4.784944206411321233e+00
4.784944238700813202e+00
4.784944270991731585e+00
4.784944303284076383e+00
4.784944335577844932e+00
4.784944367873039894e+00
4.784944400169663936e+00
4.784944432467710840e+00
4.784944464767186822e+00
4.784944496943851711e+00
4.784944529246176970e+00
4.784944561549927755e+00
4.784944593855105843e+00
4.784944626037454185e+00
4.784944658345482438e+00
4.784944690654938881e+00
4.784944722841549591e+00
4.784944755153857976e+00
4.784944787343307304e+00
4.784944819658466741e+00
4.784944851850759129e+00
4.784944884168772283e+00
4.784944916363905953e+00
4.784944948560458045e+00
4.784944980882748666e+00
4.784945013082142928e+00
4.784945045282957388e+00
4.784945077485192932e+00
4.784945109813186548e+00
4.784945142018266928e+00
4.784945174224764841e+00
4.784945206432684728e+00
4.784945238642022147e+00
4.784945270852780652e+00
4.784945303064962907e+00
4.784945335278563583e+00
4.784945367493585344e+00
4.784945399710029079e+00
4.784945431803498295e+00
4.784945464022780648e+00
4.784945496243482310e+00
4.784945528465605946e+00
4.784945560564734635e+00
4.784945592789698665e+00
4.784945625016086446e+00
4.784945657119459739e+00
4.784945689348684361e+00
4.784945721454890055e+00
4.784945753686957737e+00
4.784945785795990503e+00
4.784945818030901243e+00
4.784945850142766410e+00
4.784945882256045557e+00
4.784945914495215114e+00
4.784945946611325773e+00
4.784945978728848637e+00
4.784946010847789921e+00
4.784946043092641155e+00
4.784946075214415728e+00
4.784946107337599841e+00
4.784946139462201486e+00
4.784946171588216224e+00
4.784946203715647606e+00
4.784946235844492080e+00
4.784946267974753198e+00
4.784946300106430961e+00
4.784946332239523592e+00
4.784946364249475614e+00
4.784946396385394429e+00
4.784946428522729001e+00
4.784946460661481993e+00
4.784946492677072172e+00
4.784946524818652236e+00
4.784946556961648056e+00
4.784946588981469517e+00
4.784946621127295074e+00
4.784946653149933837e+00
4.784946685298588243e+00
4.784946717324046972e+00
4.784946749475531114e+00
4.784946781503808921e+00
4.784946813658129017e+00
4.784946845689225015e+00
4.784946877721734104e+00
4.784946909755648292e+00
4.784946941915625196e+00
4.784946973952361127e+00
4.784947005990508373e+00
4.784947038030061606e+00
4.784947070071025266e+00
4.784947102113397577e+00
4.784947134157180315e+00
4.784947166202372593e+00
4.784947198248973521e+00
4.784947230296983989e+00
4.784947262346405772e+00
4.784947294397237094e+00
4.784947326449480620e+00
4.784947358378408566e+00
4.784947390433467618e+00
4.784947422489937985e+00
4.784947454547817891e+00
4.784947486482363566e+00
4.784947518543062550e+00
4.784947550480413980e+00
4.784947582543931155e+00
4.784947614608858757e+00
4.784947646550427258e+00
4.784947678493395529e+00
4.784947710562550860e+00
4.784947742508329327e+00
4.784947774580304625e+00
4.784947806528894176e+00
4.784947838478881721e+00
4.784947870430274364e+00
4.784947902507887818e+00
4.784947934462094210e+00
4.784947966417702148e+00
4.784947998374713407e+00
4.784948030333127988e+00
4.784948062292947668e+00
4.784948094254168893e+00
4.784948126216796993e+00
4.784948158180826638e+00
4.784948190146264047e+00
4.784948222113103000e+00
4.784948254081350605e+00
4.784948285926114764e+00
4.784948317897166348e+00
4.784948349869622142e+00
4.784948381843483922e+00
4.784948413693844493e+00
4.784948445670512029e+00
4.784948477523670363e+00
4.784948509503143654e+00
4.784948541484025597e+00
4.784948573341381461e+00
4.784948605325071824e+00
4.784948637185223674e+00
4.784948669046772629e+00
4.784948701034673846e+00
4.784948732899022339e+00
4.784948764764767049e+00
4.784948796756880007e+00
4.784948828625426032e+00
4.784948860495368272e+00
4.784948892366706730e+00
4.784948924239444956e+00
4.784948956113580287e+00
4.784948987989114499e+00
4.784949019866044928e+00
4.784949051744377790e+00
4.784949083624106869e+00
4.784949115505236605e+00
4.784949147387763446e+00
4.784949179271690056e+00
4.784949211157017324e+00
4.784949243043743472e+00
4.784949274806816533e+00
4.784949306696336890e+00
4.784949338587257017e+00
4.784949370479579578e+00
4.784949402248222405e+00
4.784949434143341840e+00
4.784949465914773548e+00
4.784949497812687191e+00
4.784949529586904227e+00
4.784949561487614744e+00
4.784949593264618883e+00
4.784949625168129828e+00
4.784949656947921071e+00
4.784949688729104977e+00
4.784949720636808124e+00
4.784949752420779134e+00
4.784949784206144585e+00
4.784949815992899147e+00
4.784949847781047261e+00
4.784949879570587150e+00
4.784949911486685359e+00
4.784949943279014128e+00
4.784949975072738226e+00
4.784950006867854988e+00
4.784950038664366190e+00
4.784950070337078643e+00
4.784950102136368955e+00
4.784950133937056371e+00
4.784950165739138228e+00
4.784950197542610084e+00
4.784950229347478157e+00
4.784950261028518170e+00
4.784950292836170682e+00
4.784950324645218522e+00
4.784950356330418764e+00
4.784950388142251931e+00
4.784950419830227730e+00
4.784950451644846225e+00
4.784950483335597582e+00
4.784950515153003181e+00
4.784950546846529207e+00
4.784950578666720133e+00
4.784950610363023493e+00
4.784950642060715964e+00
4.784950673885085770e+00
4.784950705585555575e+00
4.784950737287409162e+00
4.784950768990649195e+00
4.784950800695276563e+00
4.784950832401290377e+00
4.784950864234019718e+00
4.784950895942813531e+00
4.784950927652994679e+00
4.784950959364563161e+00
4.784950991077520754e+00
4.784951022666509068e+00
4.784951054382236890e+00
4.784951086099353823e+00
4.784951117817858979e+00
4.784951149537750581e+00
4.784951181259033959e+00
4.784951212856316083e+00
4.784951244580370577e+00
4.784951276305815071e+00
4.784951307907245877e+00
4.784951339635464151e+00
4.784951371239656304e+00
4.784951402970648360e+00
4.784951434577607188e+00
4.784951466311375690e+00
4.784951497921094976e+00
4.784951529657642588e+00
4.784951561270130327e+00
4.784951592883997407e+00
4.784951624624705246e+00
4.784951656241339890e+00
4.784951687859353875e+00
4.784951719478749865e+00
4.784951751099526973e+00
4.784951782847173263e+00
4.784951814470719711e+00
4.784951846095647277e+00
4.784951877721956848e+00
4.784951909349649313e+00
4.784951940978723783e+00
4.784951972609178483e+00
4.784952004115492485e+00
4.784952035748709420e+00
4.784952067383309249e+00
4.784952099019291083e+00
4.784952130656659364e+00
4.784952162169855860e+00
4.784952193809983712e+00
4.784952225451495345e+00
4.784952256968823647e+00
4.784952288613098403e+00
4.784952320258759606e+00
4.784952351780214386e+00
4.784952383428638711e+00
4.784952414952850397e+00
4.784952446478437871e+00
4.784952478131005549e+00
4.784952509659346376e+00
4.784952541189062103e+00
4.784952572845775798e+00
4.784952604378250207e+00
4.784952635912093299e+00
4.784952667447315733e+00
4.784952699109559227e+00
4.784952730647537678e+00
4.784952762186893693e+00
4.784952793727624609e+00
4.784952825269732202e+00
4.784952856813214694e+00
4.784952888358076528e+00
4.784952919904315038e+00
4.784952951451931114e+00
4.784952983000924753e+00
4.784953014425590290e+00
4.784953045977333730e+00
4.784953077530453847e+00
4.784953109084951528e+00
4.784953140515105119e+00
4.784953172072354377e+00
4.784953203630982088e+00
4.784953235065249721e+00
4.784953266626629009e+00
4.784953298063637561e+00
4.784953329627771978e+00
4.784953361067521449e+00
4.784953392634406555e+00
4.784953424076902273e+00
4.784953455646543397e+00
4.784953487091780033e+00
4.784953518538388018e+00
4.784953550112160059e+00
4.784953581561511626e+00
4.784953613012232765e+00
4.784953644464324363e+00
4.784953675917788196e+00
4.784953707372620713e+00
4.784953738954652813e+00
4.784953770412231577e+00
4.784953801871182577e+00
4.784953833331505813e+00
4.784953864793199507e+00
4.784953896130408779e+00
4.784953927594841616e+00
4.784953959060644912e+00
4.784953990527820444e+00
4.784954021996367324e+00
4.784954053466288215e+00
4.784954084811694486e+00
4.784954116284353631e+00
4.784954147758389453e+00
4.784954179107889338e+00
4.784954210584664303e+00
4.784954241936897112e+00
4.784954273416411219e+00
4.784954304771376954e+00
4.784954336253637308e+00
4.784954367611331527e+00
4.784954399096334576e+00
4.784954430456762609e+00
4.784954461818553995e+00
4.784954493307671086e+00
4.784954524672196285e+00
4.784954556038087503e+00
4.784954587405342963e+00
4.784954618773960888e+00
4.784954650269932941e+00
4.784954681641287344e+00
4.784954713014009542e+00
4.784954744388094205e+00
4.784954775763546664e+00
4.784954807140362476e+00
4.784954838518546971e+00
4.784954869898098373e+00
4.784954901152981499e+00
4.784954932535260497e+00
4.784954963918901960e+00
4.784954995303911218e+00
4.784955026690290047e+00
4.784955057951975732e+00
4.784955089341083934e+00
4.784955120731559042e+00
4.784955151997324130e+00
4.784955183390530387e+00
4.784955214659018630e+00
4.784955246054956035e+00
4.784955277326161216e+00
4.784955308724827994e+00
4.784955339998757218e+00
4.784955371400156920e+00
4.784955402676806635e+00
4.784955433954815263e+00
4.784955465360311244e+00
4.784955496641044803e+00
4.784955527923136387e+00
4.784955559206585107e+00
4.784955590491393629e+00
4.784955621777562840e+00
4.784955653191252267e+00
4.784955684480146409e+00
4.784955715770400353e+00
4.784955747062014098e+00
4.784955778354987643e+00
4.784955809649321878e+00
4.784955840818822637e+00
4.784955872115872921e+00
4.784955903414283895e+00
4.784955934714059111e+00
4.784955966015192352e+00
4.784955997191466359e+00
4.784956028495319202e+00
4.784956059800532735e+00
4.784956090980870158e+00
4.784956122288804181e+00
4.784956153598100670e+00
4.784956184782501509e+00
4.784956216094519377e+00
4.784956247281630937e+00
4.784956278596364854e+00
4.784956309786190687e+00
4.784956340977365663e+00
4.784956372296181648e+00
4.784956403490067345e+00
4.784956434685307514e+00
4.784956466008205567e+00
4.784956497206155568e+00
4.784956528405462706e+00
4.784956559606120763e+00
4.784956590808132404e+00
4.784956622011502070e+00
4.784956653216222655e+00
4.784956684422299489e+00
4.784956715629726354e+00
4.784956746838515684e+00
4.784956778048658599e+00
4.784956809260152433e+00
4.784956840473008732e+00
4.784956871687213287e+00
4.784956902902776754e+00
4.784956933993307793e+00
4.784956965211576652e+00
4.784956996431202647e+00
4.784957027652184891e+00
4.784957058748115166e+00
4.784957089971805466e+00
4.784957121070434027e+00
4.784957152296832383e+00
4.784957183398158342e+00
4.784957214627267419e+00
4.784957245731288999e+00
4.784957276963109685e+00
4.784957308069833104e+00
4.784957339177904778e+00
4.784957370413787991e+00
4.784957401524556175e+00
4.784957432636676167e+00
4.784957463876624573e+00
4.784957494991445515e+00
4.784957526107615600e+00
4.784957557225133939e+00
4.784957588344000534e+00
4.784957619464215384e+00
4.784957650585782041e+00
4.784957681708694288e+00
4.784957712832958343e+00
4.784957743958567988e+00
4.784957775085532106e+00
4.784957806213843590e+00
4.784957837343504217e+00
4.784957868347967214e+00
4.784957899480324350e+00
4.784957930614033295e+00
4.784957961749093158e+00
4.784957992758927858e+00
4.784958023896682455e+00
4.784958055035792412e+00
4.784958086049657666e+00
4.784958117191464133e+00
4.784958148208018791e+00
4.784958179352520879e+00
4.784958210371764942e+00
4.784958241518966204e+00
4.784958272540896118e+00
4.784958303564170734e+00
4.784958334715421202e+00
4.784958365741383446e+00
4.784958396768688615e+00
4.784958427797335823e+00
4.784958458953980198e+00
4.784958489985319474e+00
4.784958521018002564e+00
4.784958552052026803e+00
4.784958583087393968e+00
4.784958614124104948e+00
4.784958645162158852e+00
4.784958676201561012e+00
4.784958707242300768e+00
4.784958738284387891e+00
4.784958769327821493e+00
4.784958800372597132e+00
4.784958831291996617e+00
4.784958862339457220e+00
4.784958893388262524e+00
4.784958924438410754e+00
4.784958955363165067e+00
4.784958986416001814e+00
4.784959017470182374e+00
4.784959048398951253e+00
4.784959079455818554e+00
4.784959110387261738e+00
4.784959141446816666e+00
4.784959172380938597e+00
4.784959203443181153e+00
4.784959234379980941e+00
4.784959265444911125e+00
4.784959296384387883e+00
4.784959327325200462e+00
4.784959358267348861e+00
4.784959389337655189e+00
4.784959420282483222e+00
4.784959451228649741e+00
4.784959482176152079e+00
4.784959513124993791e+00
4.784959544075170434e+00
4.784959575026688228e+00
4.784959605979540953e+00
4.784959636933735716e+00
4.784959667889267187e+00
4.784959698846136256e+00
4.784959729804342921e+00
4.784959760763893399e+00
4.784959791724778810e+00
4.784959822687006259e+00
4.784959853523667483e+00
4.784959884488568349e+00
4.784959915454806811e+00
4.784959946422388199e+00
4.784959977264385600e+00
4.784960008234637741e+00
4.784960039079297900e+00
4.784960070052227010e+00
4.784960100899552593e+00
4.784960131875158673e+00
4.784960162725149679e+00
4.784960193703433617e+00
4.784960224556090935e+00
4.784960255537052731e+00
4.784960286392373696e+00
4.784960317249034922e+00
4.784960348107020423e+00
4.784960379093334382e+00
4.784960409953990634e+00
4.784960440815976490e+00
4.784960471679299054e+00
4.784960502543948557e+00
4.784960533409932992e+00
4.784960564277248807e+00
4.784960595145896889e+00
4.784960626015879015e+00
4.784960656887195185e+00
4.784960687759843623e+00
4.784960718633826104e+00
4.784960749509140854e+00
4.784960780385791423e+00
4.784960811263772484e+00
4.784960842016011462e+00
4.784960872896658834e+00
4.784960903778636698e+00
4.784960934534855603e+00
4.784960965419500667e+00
4.784960996305477998e+00
4.784961027065683048e+00
4.784961057954324914e+00
4.784961088717182953e+00
4.784961119608491131e+00
4.784961150374004824e+00
4.784961181140841902e+00
4.784961212036147771e+00
4.784961242805640502e+00
4.784961273703613571e+00
4.784961304475764621e+00
4.784961335249240832e+00
4.784961366024042206e+00
4.784961396800170519e+00
4.784961427704808479e+00
4.784961458483592445e+00
4.784961489263706014e+00
4.784961520045145633e+00
4.784961550827916632e+00
4.784961581612008352e+00
4.784961612397428787e+00
4.784961643184178826e+00
4.784961673972255802e+00
4.784961704761659718e+00
4.784961735425157237e+00
4.784961766217209700e+00
4.784961797010597095e+00
4.784961827805310541e+00
4.784961858601352702e+00
4.784961889271460933e+00
4.784961920070153418e+00
4.784961950742900427e+00
4.784961981544246790e+00
4.784962012346924531e+00
4.784962043023639922e+00
4.784962073828971540e+00
4.784962104508331038e+00
4.784962135316314757e+00
4.784962165998319250e+00
4.784962196681643576e+00
4.784962227493609888e+00
4.784962258179579209e+00
4.784962288866867475e+00
4.784962319682817267e+00
4.784962350372751416e+00
4.784962381064008952e+00
4.784962411756585432e+00
4.784962442450482634e+00
4.784962473145701445e+00
4.784962503842242754e+00
4.784962534540103896e+00
4.784962565239286647e+00
4.784962595939791896e+00
4.784962626641617867e+00
4.784962657344769887e+00
4.784962688049243518e+00
4.784962718755037869e+00
4.784962749462154719e+00
4.784962780170596730e+00
4.784962810752929840e+00
4.784962841464011518e+00
4.784962872176419246e+00
4.784962902762699422e+00
4.784962933477747704e+00
4.784962964194118484e+00
4.784962994784351942e+00
4.784963025503365053e+00
4.784963056096231959e+00
4.784963086817889177e+00
4.784963117413388645e+00
4.784963148010200840e+00
4.784963178735821998e+00
4.784963209335267642e+00
4.784963240063537349e+00
4.784963270665616442e+00
4.784963301269015368e+00
4.784963331873725245e+00
4.784963362479752291e+00
4.784963393214628269e+00
4.784963423823290540e+00
4.784963454433267316e+00
4.784963485044563924e+00
4.784963515657172373e+00
4.784963546271102430e+00
4.784963576886346992e+00
4.784963607502906058e+00
4.784963638120782292e+00
4.784963668739976583e+00
4.784963699360486267e+00
4.784963729854721848e+00
4.784963760477861427e+00
4.784963791102318176e+00
4.784963821728092981e+00
4.784963852227573256e+00
4.784963882855978845e+00
4.784963913485702491e+00
4.784963943989112956e+00
4.784963974621470939e+00
4.784964005127499753e+00
4.784964035762488521e+00
4.784964066271141014e+00
4.784964096908764120e+00
4.784964127420040292e+00
4.784964158060293293e+00
4.784964188574193145e+00
4.784964219089399506e+00
4.784964249733604014e+00
4.784964280251434943e+00
4.784964310770577711e+00
4.784964341291027878e+00
4.784964371812789885e+00
4.784964402463576683e+00
4.784964432987960592e+00
4.784964463513655453e+00
4.784964494040664817e+00
4.784964524568984245e+00
4.784964555098611960e+00
4.784964585629551515e+00
4.784964616161803797e+00
4.784964646567608781e+00
4.784964677102474973e+00
4.784964707638655668e+00
4.784964738176150867e+00
4.784964768714953465e+00
4.784964799127285673e+00
4.784964829668708397e+00
4.784964860211445625e+00
4.784964890755493805e+00
4.784964921173046726e+00
4.784964951719715920e+00
4.784964982139881862e+00
4.784965012689170294e+00
4.784965043111946592e+00
4.784965073663858703e+00
4.784965104089244470e+00
4.784965134643780260e+00
4.784965165071778159e+00
4.784965195501078128e+00
4.784965226059544996e+00
4.784965256491457986e+00
4.784965286924676597e+00
4.784965317359199943e+00
4.784965347795026247e+00
4.784965378360046095e+00
4.784965408798487196e+00
4.784965439238231255e+00
4.784965469679286265e+00
4.784965500121639792e+00
4.784965530565301606e+00
4.784965561010268154e+00
4.784965591456540324e+00
4.784965621904117228e+00
4.784965652353003307e+00
4.784965682675251131e+00
4.784965713126738684e+00
4.784965743579536301e+00
4.784965774033642205e+00
4.784965804489052843e+00
4.784965834817795916e+00
4.784965865275817798e+00
4.784965895735144414e+00
4.784965926067789255e+00
4.784965956529727116e+00
4.784965986864972542e+00
4.784966017329521648e+00
4.784966047667364109e+00
4.784966078134522682e+00
4.784966108474969282e+00
4.784966138816711734e+00
4.784966169287783622e+00
4.784966199632129324e+00
4.784966229977769991e+00
4.784966260452758746e+00
4.784966290801003552e+00
4.784966321150547763e+00
4.784966351501386939e+00
4.784966381853532624e+00
4.784966412335048602e+00
4.784966442689794874e+00
4.784966473045838775e+00
4.784966503403182969e+00
4.784966533761826568e+00
4.784966564121773125e+00
4.784966594483018199e+00
4.784966624845561789e+00
4.784966655081288600e+00
4.784966685446428336e+00
4.784966715812871030e+00
4.784966746180612240e+00
4.784966776549657297e+00
4.784966806791853600e+00
4.784966837163495690e+00
4.784966867536437185e+00
4.784966897782519268e+00
4.784966928158061350e+00
4.784966958406730697e+00
4.784966988784873365e+00
4.784967019036129088e+00
4.784967049416868790e+00
4.784967079670713552e+00
4.784967110054058281e+00
4.784967140310493861e+00
4.784967170568222627e+00
4.784967200955461131e+00
4.784967231215779826e+00
4.784967261477391709e+00
4.784967291868533756e+00
4.784967322132740009e+00
4.784967352398235008e+00
4.784967382665025859e+00
4.784967412933110786e+00
4.784967443202490678e+00
4.784967473473161981e+00
4.784967503745130912e+00
4.784967534018391255e+00
4.784967564292949227e+00
4.784967594568798610e+00
4.784967624845945622e+00
4.784967655124386710e+00
4.784967685404120985e+00
4.784967715685152889e+00
4.784967745839161068e+00
4.784967776122778460e+00
4.784967806407695257e+00
4.784967836693901688e+00
4.784967866853065743e+00
4.784967897141866544e+00
4.784967927303608093e+00
4.784967957594990828e+00
4.784967987759310759e+00
4.784968018053283423e+00
4.784968048220179959e+00
4.784968078516743439e+00
4.784968108686218358e+00
4.784968138985369102e+00
4.784968169157423290e+00
4.784968199330765337e+00
4.784968229633801862e+00
4.784968259809724067e+00
4.784968289986934131e+00
4.784968320165431166e+00
4.784968350473644882e+00
4.784968380654722964e+00
4.784968410837091568e+00
4.784968441020747143e+00
4.784968471205690577e+00
4.784968501391924534e+00
4.784968531579446349e+00
4.784968561768258688e+00
4.784968591958357109e+00
4.784968622149749606e+00
4.784968652342427298e+00
4.784968682407908069e+00
4.784968712603163254e+00
4.784968742799708075e+00
4.784968772997538089e+00
4.784968803068154308e+00
4.784968833268565369e+00
4.784968863470264289e+00
4.784968893544729873e+00
4.784968923749004510e+00
4.784968953954572335e+00
4.784968984032888173e+00
4.784969014241034380e+00
4.784969044321918830e+00
4.784969074532642530e+00
4.784969104616092928e+00
4.784969134700826743e+00
4.784969164915414019e+00
4.784969195002713782e+00
4.784969225091296963e+00
4.784969255309753144e+00
4.784969285400904937e+00
4.784969315493340147e+00
4.784969345587056111e+00
4.784969375682052828e+00
4.784969405778338292e+00
4.784969436004526067e+00
4.784969466103378366e+00
4.784969496203515860e+00
4.784969526304934107e+00
4.784969556407638436e+00
4.784969586511627071e+00
4.784969616488238486e+00
4.784969646594788628e+00
4.784969676702619523e+00
4.784969706811740053e+00
4.784969736922143113e+00
4.784969767033827814e+00
4.784969797018113091e+00
4.784969827132364628e+00
4.784969857247901359e+00
4.784969887236014685e+00
4.784969917354117364e+00
4.784969947344788643e+00
4.784969977465455493e+00
4.784970007587410201e+00
4.784970037581915747e+00
4.784970067577698494e+00
4.784970097703501679e+00
4.784970127701840603e+00
4.784970157830207960e+00
4.784970187831104838e+00
4.784970217833277140e+00
4.784970247965498302e+00
4.784970277970227670e+00
4.784970307976234238e+00
4.784970337983518007e+00
4.784970367992077200e+00
4.784970398130715452e+00
4.784970428141837928e+00
4.784970458154234940e+00
4.784970488167910929e+00
4.784970518182865895e+00
4.784970548199095397e+00
4.784970578216606540e+00
4.784970608235393996e+00
4.784970638126615938e+00
4.784970668147956907e+00
4.784970698170575965e+00
4.784970728194472223e+00
4.784970758219649234e+00
4.784970788117234974e+00
4.784970818144963722e+00
4.784970848173971447e+00
4.784970878204265254e+00
4.784970908106939369e+00
4.784970938139780472e+00
4.784970968045002770e+00
4.784970998080400051e+00
4.784971027988164316e+00
4.784971058026119550e+00
4.784971087936428447e+00
4.784971117976941635e+00
4.784971147889797827e+00
4.784971177803920561e+00
4.784971207848268016e+00
4.784971237764938934e+00
4.784971267682884388e+00
4.784971297731062556e+00
4.784971327651554418e+00
4.784971357573317263e+00
4.784971387496352868e+00
4.784971417420661233e+00
4.784971447346237028e+00
4.784971477273089135e+00
4.784971507201211338e+00
4.784971537130606301e+00
4.784971567061274911e+00
4.784971596993212728e+00
4.784971626926425081e+00
4.784971656860912859e+00
4.784971686796671619e+00
4.784971716733704916e+00
4.784971746542960425e+00
4.784971776482538353e+00
4.784971806423387264e+00
4.784971836365508935e+00
4.784971866179837718e+00
4.784971896124501356e+00
4.784971926070442194e+00
4.784971955888572381e+00
4.784971985837055186e+00
4.784972015657716682e+00
4.784972045608745894e+00
4.784972075431944027e+00
4.784972105385517871e+00
4.784972135211247313e+00
4.784972165038245073e+00
4.784972194995636308e+00
4.784972224825167153e+00
4.784972254655964541e+00
4.784972284617172278e+00
4.784972314450504527e+00
4.784972344285107759e+00
4.784972374120973093e+00
4.784972403958102305e+00
4.784972433925673840e+00
4.784972463765344131e+00
4.784972493606280075e+00
4.784972523448484338e+00
4.784972553291956032e+00
4.784972583136690716e+00
4.784972612982695495e+00
4.784972642700755507e+00
4.784972672549291595e+00
4.784972702399094224e+00
4.784972732250161620e+00
4.784972762102500887e+00
4.784972791956106697e+00
4.784972821681737543e+00
4.784972851537871996e+00
4.784972881395280986e+00
4.784972911124696360e+00
4.784972940984635770e+00
4.784972970716570018e+00
4.784973000579041624e+00
4.784973030442785991e+00
4.784973060178508319e+00
4.784973090044781330e+00
4.784973119783026974e+00
4.784973149522532943e+00
4.784973179392607356e+00
4.784973209134634864e+00
4.784973238877928026e+00
4.784973268751802955e+00
4.784973298497617655e+00
4.784973328244692681e+00
4.784973357993026255e+00
4.784973387871974460e+00
4.784973417622834013e+00
4.784973447374954780e+00
4.784973477128339425e+00
4.784973506882984395e+00
4.784973536638891467e+00
4.784973566396058864e+00
4.784973596154489250e+00
4.784973625914179074e+00
4.784973655675132775e+00
4.784973685437346802e+00
4.784973715071411782e+00
4.784973744836148235e+00
4.784973774602145014e+00
4.784973804369406558e+00
4.784973834137926652e+00
4.784973863778276382e+00
4.784973893549315349e+00
4.784973923321626188e+00
4.784973952965744459e+00
4.784973982740571508e+00
4.784974012387199771e+00
4.784974042164551911e+00
4.784974071813691054e+00
4.784974101593563844e+00
4.784974131245216533e+00
4.784974161027615303e+00
4.784974190681780648e+00
4.784974220337199213e+00
4.784974250123381623e+00
4.784974279781313733e+00
4.784974309440501727e+00
4.784974339230467777e+00
4.784974368892170205e+00
4.784974398555131181e+00
4.784974428219343601e+00
4.784974457884811905e+00
4.784974487551536981e+00
4.784974517219516166e+00
4.784974546888751235e+00
4.784974576559240411e+00
4.784974606230989025e+00
4.784974635903990858e+00
4.784974665578251241e+00
4.784974695253768395e+00
4.784974724930542322e+00
4.784974754608571246e+00
4.784974784287859606e+00
4.784974813838791086e+00
4.784974843520588550e+00
4.784974873203641010e+00
4.784974902758326820e+00
4.784974932443889273e+00
4.784974962130709386e+00
4.784974991689145973e+00
4.784975021378476967e+00
4.784975050939412888e+00
4.784975080631258315e+00
4.784975110194693571e+00
4.784975139889050766e+00
4.784975169454988908e+00
4.784975199151859648e+00
4.784975228720300677e+00
4.784975258289990485e+00
4.784975287990625326e+00
4.784975317562818908e+00
4.784975347136263935e+00
4.784975376710951522e+00
4.784975406416612564e+00
4.784975435993808368e+00
4.784975465572253839e+00
4.784975495151948977e+00
4.784975524732893781e+00
4.784975554315090029e+00
4.784975583898535056e+00
4.784975613483229750e+00
4.784975643069176776e+00
4.784975672656374357e+00
4.784975702244820717e+00
4.784975731834523849e+00
4.784975761425473095e+00
4.784975790887882496e+00
4.784975820481331965e+00
4.784975850076033765e+00
4.784975879671985233e+00
4.784975909139374650e+00
4.784975938737827228e+00
4.784975968337532137e+00
4.784975997808654569e+00
4.784976027410858812e+00
4.784976056884476137e+00
4.784976086489178826e+00
4.784976115965282162e+00
4.784976145572488626e+00
4.784976175051084191e+00
4.784976204660786436e+00
4.784976234141876006e+00
4.784976263624205473e+00
4.784976293237664713e+00
4.784976322722485520e+00
4.784976352208548889e+00
4.784976381825760683e+00
4.784976411314318057e+00
4.784976440804119768e+00
4.784976470295164930e+00
4.784976499787455317e+00
4.784976529280991819e+00
4.784976558775771771e+00
4.784976588271792508e+00
4.784976617769062912e+00
4.784976647267577654e+00
4.784976676767336734e+00
4.784976706268341928e+00
4.784976735770592349e+00
4.784976765274085331e+00
4.784976794778830644e+00
4.784976824284818520e+00
4.784976853662061380e+00
4.784976883170537931e+00
4.784976912680260597e+00
4.784976942061224037e+00
4.784976971573430937e+00
4.784977001086888393e+00
4.784977030471568860e+00
4.784977059987514103e+00
4.784977089374673476e+00
4.784977118893111836e+00
4.784977148282747450e+00
4.784977177803672710e+00
4.784977207195790783e+00
4.784977236719207383e+00
4.784977266113806138e+00
4.784977295509642126e+00
4.784977325036794404e+00
4.784977354435109298e+00
4.784977383834664089e+00
4.784977413365552934e+00
4.784977442767591960e+00
4.784977472170865553e+00
4.784977501575379044e+00
4.784977530981132432e+00
4.784977560388124829e+00
4.784977589796355346e+00
4.784977619205825761e+00
4.784977648616536960e+00
4.784977678028486281e+00
4.784977707441673722e+00
4.784977736856104613e+00
4.784977766271776289e+00
4.784977795688684310e+00
4.784977825106836669e+00
4.784977854396046837e+00
4.784977883816672772e+00
4.784977913238543934e+00
4.784977942661648775e+00
4.784977971955802545e+00
4.784978001381388069e+00
4.784978030808214378e+00
4.784978060106068298e+00
4.784978089535375290e+00
4.784978118835694794e+00
4.784978148267478026e+00
4.784978177570267555e+00
4.784978207004531470e+00
4.784978236309787469e+00
4.784978265746530290e+00
4.784978295054255426e+00
4.784978324363216018e+00
4.784978353803678530e+00
4.784978383115105594e+00
4.784978412427770778e+00
4.784978441741662536e+00
4.784978471187082860e+00
4.784978500503449972e+00
4.784978529821046322e+00
4.784978559139881682e+00
4.784978588459948057e+00
4.784978617781244559e+00
4.784978647103780958e+00
4.784978676427547484e+00
4.784978705752548578e+00
4.784978735078786904e+00
4.784978764406257135e+00
4.784978793734962821e+00
4.784978823064903075e+00
4.784978852396077897e+00
4.784978881598120459e+00
4.784978910931758200e+00
4.784978940266634950e+00
4.784978969602747156e+00
4.784978998809703121e+00
4.784979028148278246e+00
4.784979057488090604e+00
4.784979086698733397e+00
4.784979116041016667e+00
4.784979145254112609e+00
4.784979174598859686e+00
4.784979203814415882e+00
4.784979233161632095e+00
4.784979262379644993e+00
4.784979291729329454e+00
4.784979320949799941e+00
4.784979350171498780e+00
4.784979379524886056e+00
4.784979408749042484e+00
4.784979437974427263e+00
4.784979467201038617e+00
4.784979496559361500e+00
4.784979525788434884e+00
4.784979555018733954e+00
4.784979584250262263e+00
4.784979613483017147e+00
4.784979642716999493e+00
4.784979671952213742e+00
4.784979701188654566e+00
4.784979730426323741e+00
4.784979759665223042e+00
4.784979788905350695e+00
4.784979818146704922e+00
4.784979847389290164e+00
4.784979876633104645e+00
4.784979905878149253e+00
4.784979934993857320e+00
4.784979964241355077e+00
4.784979993490084738e+00
4.784980022609460093e+00
4.784980051860642902e+00
4.784980081113057615e+00
4.784980110236103812e+00
4.784980139490973450e+00
4.784980168747073215e+00
4.784980197873788477e+00
4.784980227132350272e+00
4.784980256261510689e+00
4.784980285391895016e+00
4.784980314654133871e+00
4.784980343786966905e+00
4.784980373051667790e+00
4.784980402186945092e+00
4.784980431323445416e+00
4.784980460461165208e+00
4.784980489730779496e+00
4.784980518870952437e+00
4.784980548012342183e+00
4.784980577154956727e+00
4.784980606298796069e+00
4.784980635574550334e+00
4.784980664720837495e+00
4.784980693868351231e+00
4.784980723017079995e+00
4.784980752167039775e+00
4.784980781318217247e+00
4.784980810470620405e+00
4.784980839493511162e+00
4.784980868648356811e+00
4.784980897804423705e+00
4.784980926961716285e+00
4.784980956120233664e+00
4.784980985279974064e+00
4.784981014310170089e+00
4.784981043472353868e+00
4.784981072635762445e+00
4.784981101669613324e+00
4.784981130835467056e+00
4.784981160002546474e+00
4.784981189040048655e+00
4.784981218209573228e+00
4.784981247249513459e+00
4.784981276421480523e+00
4.784981305463853474e+00
4.784981334638269246e+00
4.784981363683080247e+00
4.784981392729104499e+00
4.784981421907190224e+00
4.784981450955653415e+00
4.784981480005329857e+00
4.784981509187084647e+00
4.784981538239199139e+00
4.784981567292526883e+00
4.784981596347079424e+00
4.784981625402843441e+00
4.784981654459822487e+00
4.784981683648919848e+00
4.784981712708338719e+00
4.784981741768978836e+00
4.784981770830833980e+00
4.784981799893909482e+00
4.784981828958200012e+00
4.784981857892780965e+00
4.784981886959503328e+00
4.784981916027444271e+00
4.784981945096602907e+00
4.784981974166979235e+00
4.784982003238577697e+00
4.784982032180431055e+00
4.784982061254460461e+00
4.784982090329707560e+00
4.784982119406175016e+00
4.784982148352878717e+00
4.784982177431779782e+00
4.784982206380905545e+00
4.784982235462241995e+00
4.784982264413791597e+00
4.784982293497560768e+00
4.784982322451535985e+00
4.784982351537740541e+00
4.784982380494140486e+00
4.784982409582783092e+00
4.784982438541606875e+00
4.784982467501642134e+00
4.784982496593935153e+00
4.784982525556396915e+00
4.784982554520068376e+00
4.784982583616017138e+00
4.784982612582115991e+00
4.784982641549426319e+00
4.784982670517947234e+00
4.784982699487679625e+00
4.784982728458626156e+00
4.784982757430780609e+00
4.784982786404149202e+00
4.784982815378730159e+00
4.784982844354522591e+00
4.784982873331527387e+00
4.784982902309743658e+00
4.784982931289174068e+00
4.784982960269815955e+00
4.784982989251671981e+00
4.784983018234742147e+00
4.784983047087871810e+00
4.784983076073360486e+00
4.784983105060064190e+00
4.784983134047981146e+00
4.784983162905935394e+00
4.784983191896274413e+00
4.784983220887828459e+00
4.784983249749401146e+00
4.784983278743384361e+00
4.784983307607371117e+00
4.784983336603770177e+00
4.784983365470177219e+00
4.784983394469000118e+00
4.784983423337815900e+00
4.784983452207836052e+00
4.784983481210297818e+00
4.784983510082732927e+00
4.784983538956372406e+00
4.784983567962471263e+00
4.784983596838526587e+00
4.784983625715788058e+00
4.784983654594255675e+00
4.784983683605199545e+00
4.784983712486084784e+00
4.784983741368174393e+00
4.784983770251469259e+00
4.784983799135970273e+00
4.784983828021680097e+00
4.784983856908593403e+00
4.784983885796716407e+00
4.784983914686044670e+00
4.784983943576580856e+00
4.784983972468320523e+00
4.784984001361271666e+00
4.784984030255428067e+00
4.784984059019446789e+00
4.784984087916016371e+00
4.784984116813790322e+00
4.784984145712772197e+00
4.784984174481596853e+00
4.784984203382992796e+00
4.784984232285593109e+00
4.784984261058020216e+00
4.784984289963035486e+00
4.784984318737862452e+00
4.784984347645290015e+00
4.784984376422523056e+00
4.784984405332364688e+00
4.784984434111997587e+00
4.784984463024250623e+00
4.784984491806287821e+00
4.784984520720955814e+00
4.784984549505395535e+00
4.784984578291036073e+00
4.784984607209324281e+00
4.784984635997367342e+00
4.784984664786612107e+00
4.784984693577055914e+00
4.784984722368699650e+00
4.784984751293021255e+00
4.784984780087071954e+00
4.784984808882323470e+00
4.784984837678773140e+00
4.784984866476427179e+00
4.784984895275277594e+00
4.784984924075334156e+00
4.784984952876589759e+00
4.784984981679047067e+00
4.784985010482706080e+00
4.784985039287566799e+00
4.784985068093629224e+00
4.784985096769351465e+00
4.784985125577810194e+00
4.784985154387473294e+00
4.784985183198342540e+00
4.784985211878846734e+00
4.784985240692112285e+00
4.784985269506581318e+00
4.784985298190675529e+00
4.784985327007542644e+00
4.784985355825616793e+00
4.784985384513293916e+00
4.784985413333773252e+00
4.784985442023840463e+00
4.784985470846718769e+00
4.784985499539182285e+00
4.784985528232837737e+00
4.784985557059314942e+00
4.784985585755364035e+00
4.784985614584248204e+00
4.784985643282690049e+00
4.784985671982325606e+00
4.784985700683156651e+00
4.784985729516842312e+00
4.784985758220067886e+00
4.784985786924486284e+00
4.784985815630101058e+00
4.784985844336910432e+00
4.784985873044913518e+00
4.784985901754109427e+00
4.784985930464507931e+00
4.784985959176097481e+00
4.784985987888884296e+00
4.784986016602863934e+00
4.784986045318041725e+00
4.784986074034415893e+00
4.784986102751988213e+00
4.784986131470755133e+00
4.784986160190717541e+00
4.784986188780131044e+00
4.784986217502479100e+00
4.784986246226028861e+00
4.784986274950774110e+00
4.784986303544944697e+00
4.784986332272080922e+00
4.784986361000413524e+00
4.784986389598157253e+00
4.784986418328879054e+00
4.784986446928998660e+00
4.784986475662114991e+00
4.784986504264615803e+00
4.784986533000123998e+00
4.784986561605006017e+00
4.784986590342906965e+00
4.784986618950166637e+00
4.784986647558620021e+00
4.784986676300105657e+00
4.784986704910935806e+00
4.784986733522962332e+00
4.784986762136172800e+00
4.784986790882441277e+00
4.784986819498035615e+00
4.784986848114819225e+00
4.784986876732792993e+00
4.784986905351957809e+00
4.784986933972311007e+00
4.784986962593855253e+00
4.784986991216590546e+00
4.784987019840509781e+00
4.784987048465625392e+00
4.784987077091928498e+00
4.784987105719422651e+00
4.784987134348109628e+00
4.784987162977984099e+00
4.784987191609053170e+00
4.784987220241311512e+00
4.784987248742806010e+00
4.784987277377442894e+00
4.784987306013269048e+00
4.784987334650288027e+00
4.784987363156524509e+00
4.784987391795922917e+00
4.784987420304524619e+00
4.784987448946301569e+00
4.784987477589271343e+00
4.784987506101431975e+00
4.784987534746777627e+00
4.784987563261307031e+00
4.784987591909036553e+00
4.784987620425933841e+00
4.784987648944017735e+00
4.784987677595313293e+00
4.784987706115764183e+00
4.784987734637399015e+00
4.784987763292268603e+00
4.784987791816273983e+00
4.784987820341466858e+00
4.784987848999904259e+00
4.784987877527466793e+00
4.784987906056212381e+00
4.784987934586141023e+00
4.784987963117253607e+00
4.784987991649553685e+00
4.784988020183034152e+00
4.784988048717700337e+00
4.784988077253549577e+00
4.784988105790588975e+00
4.784988134328810538e+00
4.784988162868214268e+00
4.784988191408805491e+00
4.784988219950584210e+00
4.784988248493544205e+00
4.784988276905541404e+00
4.784988305450869284e+00
4.784988333997385546e+00
4.784988362545083085e+00
4.784988390961795623e+00
4.784988419511868152e+00
4.784988448063117517e+00
4.784988476483370334e+00
4.784988505036992024e+00
4.784988533591801207e+00
4.784988562015588975e+00
4.784988590572769596e+00
4.784988618998919030e+00
4.784988647558465757e+00
4.784988675986973305e+00
4.784988704416655914e+00
4.784988732979758908e+00
4.784988761411802294e+00
4.784988789845024293e+00
4.784988818411677336e+00
4.784988846847259225e+00
4.784988875284020615e+00
4.784988903721955289e+00
4.784988932293352981e+00
4.784988960733651098e+00
4.784988989175132268e+00
4.784989017617786722e+00
4.784989046061622453e+00
4.784989074506635909e+00
4.784989102952831530e+00
4.784989131400202211e+00
4.784989159848756834e+00
4.784989188298486518e+00
4.784989216749397478e+00
4.784989245201487051e+00
4.784989273654757902e+00
4.784989302109207365e+00
4.784989330564838106e+00
4.784989358889286670e+00
4.784989387347274636e+00
4.784989415806444768e+00
4.784989444266787295e+00
4.784989472595933435e+00
4.784989501058641181e+00
4.784989529390133001e+00
4.784989557855190867e+00
4.784989586321433563e+00
4.784989614656449675e+00
4.784989643125047820e+00
4.784989671462410499e+00
4.784989699933369423e+00
4.784989728273082221e+00
4.784989756746395706e+00
4.784989785088454184e+00
4.784989813431683281e+00
4.784989841908538821e+00
4.784989870254118927e+00
4.784989898600868763e+00
4.784989926948793659e+00
4.784989955430364539e+00
4.784989983780634226e+00
4.784990012132085191e+00
4.784990040484704998e+00
4.784990068838497201e+00
4.784990097193464464e+00
4.784990125682110573e+00
4.784990154039428845e+00
4.784990182397923064e+00
4.784990210757585238e+00
4.784990239118424249e+00
4.784990267347901671e+00
4.784990295711085473e+00
4.784990324075439894e+00
4.784990352440970263e+00
4.784990380807678356e+00
4.784990409175556181e+00
4.784990437544610842e+00
4.784990465782267499e+00
4.784990494153667839e+00
4.784990522526242351e+00
4.784990550767402873e+00
4.784990579142323952e+00
4.784990607518421868e+00
4.784990635763085365e+00
4.784990664141528072e+00
4.784990692388530142e+00
4.784990720769319417e+00
4.784990749018658285e+00
4.784990777401798567e+00
4.784990805653471568e+00
4.784990834038959306e+00
4.784990862292969993e+00
4.784990890548147746e+00
4.784990918937156223e+00
4.784990947194672550e+00
4.784990975453354167e+00
4.784991003713207292e+00
4.784991032106908904e+00
4.784991060369103266e+00
4.784991088632457590e+00
4.784991116896979868e+00
4.784991145162672765e+00
4.784991173429534506e+00
4.784991201697563312e+00
4.784991229966759185e+00
4.784991258237124789e+00
4.784991286508655683e+00
4.784991314781358085e+00
4.784991343055228441e+00
4.784991371330266752e+00
4.784991399606474793e+00
4.784991427883851678e+00
4.784991456162397405e+00
4.784991484442111975e+00
4.784991512590218932e+00
4.784991540872267635e+00
4.784991569155486069e+00
4.784991597307080902e+00
4.784991625592632580e+00
4.784991653879356654e+00
4.784991682034440252e+00
4.784991710323497571e+00
4.784991738613727286e+00
4.784991766772301425e+00
4.784991795064865272e+00
4.784991823225764662e+00
4.784991851520667083e+00
4.784991879683889948e+00
4.784991907848277215e+00
4.784991936146681724e+00
4.784991964313394242e+00
4.784991992481267609e+00
4.784992020783175981e+00
4.784992048953381705e+00
4.784992077124739396e+00
4.784992105297265930e+00
4.784992133603849673e+00
4.784992161778704123e+00
4.784992189954717645e+00
4.784992218131895569e+00
4.784992246310235231e+00
4.784992274489736630e+00
4.784992302670400655e+00
4.784992330852228193e+00
4.784992359035219245e+00
4.784992387219372034e+00
4.784992415404687449e+00
4.784992443591167266e+00
4.784992471778809708e+00
4.784992499967613000e+00
4.784992528024612390e+00
4.784992556215739157e+00
4.784992584408032101e+00
4.784992612601488560e+00
4.784992640663112695e+00
4.784992668858892628e+00
4.784992697055836075e+00
4.784992725120932100e+00
4.784992753320201686e+00
4.784992781520634786e+00
4.784992809589201812e+00
4.784992837791961939e+00
4.784992865862845335e+00
4.784992894067928937e+00
4.784992922141126925e+00
4.784992950348537555e+00
4.784992978424048360e+00
4.784993006500718238e+00
4.784993034711616744e+00
4.784993062790599438e+00
4.784993090870742094e+00
4.784993119085127589e+00
4.784993147167585725e+00
4.784993175251194941e+00
4.784993203335970335e+00
4.784993231421895032e+00
4.784993259642096319e+00
4.784993287730337386e+00
4.784993315819742854e+00
4.784993343910299402e+00
4.784993372002015910e+00
4.784993400094886162e+00
4.784993428188917264e+00
4.784993456284105662e+00
4.784993484380450468e+00
4.784993512477953459e+00
4.784993540576613746e+00
4.784993568543256082e+00
4.784993596644226521e+00
4.784993624746356922e+00
4.784993652849644619e+00
4.784993680954092277e+00
4.784993708926492673e+00
4.784993737033254035e+00
4.784993765141170030e+00
4.784993793117026328e+00
4.784993821227256916e+00
4.784993849205414485e+00
4.784993877317960553e+00
4.784993905431663919e+00
4.784993933413280054e+00
4.784993961529297124e+00
4.784993989513218082e+00
4.784994017498289232e+00
4.784994045617776415e+00
4.784994073605152387e+00
4.784994101726953275e+00
4.784994129716633182e+00
4.784994157707462392e+00
4.784994185832739610e+00
4.784994213825872755e+00
4.784994241820159644e+00
4.784994269815595835e+00
4.784994297812182218e+00
4.784994325943245030e+00
4.784994353942139789e+00
4.784994381942183850e+00
4.784994409943379878e+00
4.784994437945728762e+00
4.784994465949227838e+00
4.784994493953879768e+00
4.784994521959681890e+00
4.784994549966638644e+00
4.784994577974749141e+00
4.784994605984008942e+00
4.784994633861034075e+00
4.784994661872595145e+00
4.784994689885307295e+00
4.784994717899172301e+00
4.784994745914191050e+00
4.784994773796949374e+00
4.784994801814269394e+00
4.784994829832744045e+00
4.784994857718937844e+00
4.784994885739713766e+00
4.784994913761641655e+00
4.784994941651280698e+00
4.784994969675513410e+00
4.784994997567441288e+00
4.784995025593977047e+00
4.784995053488197314e+00
4.784995081517037008e+00
4.784995109413553216e+00
4.784995137444695956e+00
4.784995165343504553e+00
4.784995193243457123e+00
4.784995221278054878e+00
4.784995249180303389e+00
4.784995277083695875e+00
4.784995304988230558e+00
4.784995333027438846e+00
4.784995360934272135e+00
4.784995388842248509e+00
4.784995416751374187e+00
4.784995444661642949e+00
4.784995472573060127e+00
4.784995500485619502e+00
4.784995528399326403e+00
4.784995556314179943e+00
4.784995584230181898e+00
4.784995612147326050e+00
4.784995640065621281e+00
4.784995667985060486e+00
4.784995695905647217e+00
4.784995723827381475e+00
4.784995751750263260e+00
4.784995779674290795e+00
4.784995807465850959e+00
4.784995835392168217e+00
4.784995863319634779e+00
4.784995891248247979e+00
4.784995919044371604e+00
4.784995946975275416e+00
4.784995974907328531e+00
4.784996002706875196e+00
4.784996030641217146e+00
4.784996058443047318e+00
4.784996086379682545e+00
4.784996114183792670e+00
4.784996142122722063e+00
4.784996169929113918e+00
4.784996197870332146e+00
4.784996225679008397e+00
4.784996253488819740e+00
4.784996281433480547e+00
4.784996309245577173e+00
4.784996337058812443e+00
4.784996365006912278e+00
4.784996392822431943e+00
4.784996420639089365e+00
4.784996448456888096e+00
4.784996476275827249e+00
4.784996504095905934e+00
4.784996532050882934e+00
4.784996559873248678e+00
4.784996587696753068e+00
4.784996615521398766e+00
4.784996643347184886e+00
4.784996671174110539e+00
4.784996699002179277e+00
4.784996726831389324e+00
4.784996754661742457e+00
4.784996782359424827e+00
4.784996810192052585e+00
4.784996838025823429e+00
4.784996865860732917e+00
4.784996893696788156e+00
4.784996921400147762e+00
4.784996949238479402e+00
4.784996977077954128e+00
4.784997004918572827e+00
4.784997032626476354e+00
4.784997060469373231e+00
4.784997088179548719e+00
4.784997116024724662e+00
4.784997143871045466e+00
4.784997171584626230e+00
4.784997199433229653e+00
4.784997227149080601e+00
4.784997254866064864e+00
4.784997282718087774e+00
4.784997310437343110e+00
4.784997338291647750e+00
4.784997366013176823e+00
4.784997393735837434e+00
4.784997421593566003e+00
4.784997449318502127e+00
4.784997477044568015e+00
4.784997504771771659e+00
4.784997532634062800e+00
4.784997560363540181e+00
4.784997588094151766e+00
4.784997615825894890e+00
4.784997643558775771e+00
4.784997671292791743e+00
4.784997699027942808e+00
4.784997726764226300e+00
4.784997754501646661e+00
4.784997782240203890e+00
4.784997809979897987e+00
4.784997837720722735e+00
4.784997865462688793e+00
4.784997893205788166e+00
4.784997920815992067e+00
4.784997948561358960e+00
4.784997976307863610e+00
4.784998004055502463e+00
4.784998031804278185e+00
4.784998059420131788e+00
4.784998087171178582e+00
4.784998114923360468e+00
4.784998142542601585e+00
4.784998170297056319e+00
4.784998197918556073e+00
4.784998225675275663e+00
4.784998253299040272e+00
4.784998281058031822e+00
4.784998308684049739e+00
4.784998336445315026e+00
4.784998364073594246e+00
4.784998391837128828e+00
4.784998419467671127e+00
4.784998447099341412e+00
4.784998474866280382e+00
4.784998502500211082e+00
4.784998530135270656e+00
4.784998557905618455e+00
4.784998585542939331e+00
4.784998613181389970e+00
4.784998640820970373e+00
4.784998668461679650e+00
4.784998696103516913e+00
4.784998723880674376e+00
4.784998751524778271e+00
4.784998779170010152e+00
4.784998806816370021e+00
4.784998834463862316e+00
4.784998862112482598e+00
4.784998889762232643e+00
4.784998917413114228e+00
4.784998944930889841e+00
4.784998972584025623e+00
4.784999000238292943e+00
4.784999027893692691e+00
4.784999055550221314e+00
4.784999083207880588e+00
4.784999110732403693e+00
4.784999138392320717e+00
4.784999166053369279e+00
4.784999193581265686e+00
4.784999221244571110e+00
4.784999248909008962e+00
4.784999276440279559e+00
4.784999304106976048e+00
4.784999331640491960e+00
4.784999359309448863e+00
4.784999386845215419e+00
4.784999414516430072e+00
4.784999442054446384e+00
4.784999469727920562e+00
4.784999497268187518e+00
4.784999524809570914e+00
4.784999552486438823e+00
4.784999580030076416e+00
4.784999607574834890e+00
4.784999635255092088e+00
4.784999662802103870e+00
4.784999690350239199e+00
4.784999717899496297e+00
4.784999745449878716e+00
4.784999773135782064e+00
4.784999800688416904e+00
4.784999828242174402e+00
4.784999855797057222e+00
4.784999883353060035e+00
4.784999910910190835e+00
4.784999938468446068e+00
4.784999966027825735e+00
4.784999993588328948e+00
4.785000021149957483e+00
4.785000048712710452e+00
4.785000076142129188e+00
4.785000103707127472e+00
4.785000131273251078e+00
4.785000158840500895e+00
4.785000186408874256e+00
4.785000213843888517e+00
4.785000241414506306e+00
4.785000268986256522e+00
4.785000296424625432e+00
4.785000323998618299e+00
4.785000351573739152e+00
4.785000379015464489e+00
4.785000406592835098e+00
4.785000434036796868e+00
4.785000461616413681e+00
4.785000489062614548e+00
4.785000516644480228e+00
4.785000544092919306e+00
4.785000571677032077e+00
4.785000599127710252e+00
4.785000626579506644e+00
4.785000654166995382e+00
4.785000681621029095e+00
4.785000709076181025e+00
4.785000736667043952e+00
4.785000764124434980e+00
4.785000791582942448e+00
4.785000819042571685e+00
4.785000846503317362e+00
4.785000873965182144e+00
4.785000901562788123e+00
4.785000929026895555e+00
4.785000956492119428e+00
4.785000983958461518e+00
4.785001011425923600e+00
4.785001038894503900e+00
4.785001066364204192e+00
4.785001093835022701e+00
4.785001121306961203e+00
4.785001148645344315e+00
4.785001176119515698e+00
4.785001203594807961e+00
4.785001231071218442e+00
4.785001258548749803e+00
4.785001286027398493e+00
4.785001313372465148e+00
4.785001340853352048e+00
4.785001368335359828e+00
4.785001395683761594e+00
4.785001423168007584e+00
4.785001450653373567e+00
4.785001478005117548e+00
4.785001505492716412e+00
4.785001532846687944e+00
4.785001560336528570e+00
4.785001587692724989e+00
4.785001615184803825e+00
4.785001642543228684e+00
4.785001670037542176e+00
4.785001697398195475e+00
4.785001724759959885e+00
4.785001752257631580e+00
4.785001779621625317e+00
4.785001806986729278e+00
4.785001834352946126e+00
4.785001861855092464e+00
4.785001889223538640e+00
4.785001916593096816e+00
4.785001943963767879e+00
4.785001971335552717e+00
4.785001998843294579e+00
4.785002026217306081e+00
4.785002053592435800e+00
4.785002080968676630e+00
4.785002108346031235e+00
4.785002135724497840e+00
4.785002163104080886e+00
4.785002190484774154e+00
4.785002217866583862e+00
4.785002245114613473e+00
4.785002272498642739e+00
4.785002299883787558e+00
4.785002327270048816e+00
4.785002354657423851e+00
4.785002382045911773e+00
4.785002409300586734e+00
4.785002436691302208e+00
4.785002464083132345e+00
4.785002491341130870e+00
4.785002518735183230e+00
4.785002546130352030e+00
4.785002573391676783e+00
4.785002600789071359e+00
4.785002628052611229e+00
4.785002655452230691e+00
4.785002682717985678e+00
4.785002710119833580e+00
4.785002737387806349e+00
4.785002764791881802e+00
4.785002792062068799e+00
4.785002819333364243e+00
4.785002846740778359e+00
4.785002874014290697e+00
4.785002901288906152e+00
4.785002928699665148e+00
4.785002955976499273e+00
4.785002983254441844e+00
4.785003010533488421e+00
4.785003037813647886e+00
4.785003065229970431e+00
4.785003092512345901e+00
4.785003119795830706e+00
4.785003147080420405e+00
4.785003174366117662e+00
4.785003201652924254e+00
4.785003228940840181e+00
4.785003256229861890e+00
4.785003283519992934e+00
4.785003310811231536e+00
4.785003338103578585e+00
4.785003365397034081e+00
4.785003392556474111e+00
4.785003419852142059e+00
4.785003447148918454e+00
4.785003474446803295e+00
4.785003501745798360e+00
4.785003528910751314e+00
4.785003556211960607e+00
4.785003583514275682e+00
4.785003610682535324e+00
4.785003637987068181e+00
4.785003665292709485e+00
4.785003692464277592e+00
4.785003719772134012e+00
4.785003746945904801e+00
4.785003774255978115e+00
4.785003801431954251e+00
4.785003828744242682e+00
4.785003855922425053e+00
4.785003883236931266e+00
4.785003910417318096e+00
4.785003937598806267e+00
4.785003964916634267e+00
4.785003992100331338e+00
4.785004019285124421e+00
4.785004046606278649e+00
4.785004073793282409e+00
4.785004100981386621e+00
4.785004128170591287e+00
4.785004155360898181e+00
4.785004182687591090e+00
4.785004209880106885e+00
4.785004237073724909e+00
4.785004264268445162e+00
4.785004291464264092e+00
4.785004318661193246e+00
4.785004345859220187e+00
4.785004373058348470e+00
4.785004400258578983e+00
4.785004427459912613e+00
4.785004454662353801e+00
4.785004481730550374e+00
4.785004508935188028e+00
4.785004536140928799e+00
4.785004563347776241e+00
4.785004590555722359e+00
4.785004617629406098e+00
4.785004644839557564e+00
4.785004672050813035e+00
4.785004699263173400e+00
4.785004726341242076e+00
4.785004753555807788e+00
4.785004780636069377e+00
4.785004807852836883e+00
4.785004835070709284e+00
4.785004862154261573e+00
4.785004889374338433e+00
4.785004916460088076e+00
4.785004943682368506e+00
4.785004970770313726e+00
4.785004997859355846e+00
4.785005025084939412e+00
4.785005052176174445e+00
4.785005079268503714e+00
4.785005106497396632e+00
4.785005133591920590e+00
4.785005160687545001e+00
4.785005187919744607e+00
4.785005215017560154e+00
4.785005242116476154e+00
4.785005269216485502e+00
4.785005296317589973e+00
4.785005323419792234e+00
4.785005350523090506e+00
4.785005377627485679e+00
4.785005404868504897e+00
4.785005431975100088e+00
4.785005459082791290e+00
4.785005486056031820e+00
4.785005513165910607e+00
4.785005540276888070e+00
4.785005567388960657e+00
4.785005594502133697e+00
4.785005621616401861e+00
4.785005648731768702e+00
4.785005675848233331e+00
4.785005702830206431e+00
4.785005729948863973e+00
4.785005757068620191e+00
4.785005784189472422e+00
4.785005811175810031e+00
4.785005838298856951e+00
4.785005865423001659e+00
4.785005892412615758e+00
4.785005919538950714e+00
4.785005946530747067e+00
4.785005973659278489e+00
4.785006000653257097e+00
4.785006027783981430e+00
4.785006054780144069e+00
4.785006081913063092e+00
4.785006108911407097e+00
4.785006135910842673e+00
4.785006163047050620e+00
4.785006190048670227e+00
4.785006217051378741e+00
4.785006244190878277e+00
4.785006271195774374e+00
4.785006298201756714e+00
4.785006325208833289e+00
4.785006352352719539e+00
4.785006379361981921e+00
4.785006406372332322e+00
4.785006433383776070e+00
4.785006460396310501e+00
4.785006487409934728e+00
4.785006514424647861e+00
4.785006541440457006e+00
4.785006568457355058e+00
4.785006595475344682e+00
4.785006622494426765e+00
4.785006649514599530e+00
4.785006676535864756e+00
4.785006703558220664e+00
4.785006730581672585e+00
4.785006757606211636e+00
4.785006784496037113e+00
4.785006811522761083e+00
4.785006838550575736e+00
4.785006865579481072e+00
4.785006892473649742e+00
4.785006919504738221e+00
4.785006946536919159e+00
4.785006973434345667e+00
4.785007000468707083e+00
4.785007027504161847e+00
4.785007054404848859e+00
4.785007081442486765e+00
4.785007108345345372e+00
4.785007135385165533e+00
4.785007162290195737e+00
4.785007189332199928e+00
4.785007216239400840e+00
4.785007243147685330e+00
4.785007270192964235e+00
4.785007297103421209e+00
4.785007324150884145e+00
4.785007351063517156e+00
4.785007377977233745e+00
4.785007404892035687e+00
4.785007431943861356e+00
4.785007458860841112e+00
4.785007485778901781e+00
4.785007512698048693e+00
4.785007539618280958e+00
4.785007566539596802e+00
4.785007593461999775e+00
4.785007620385487215e+00
4.785007647446047230e+00
4.785007674371711595e+00
4.785007701298463090e+00
4.785007728090298507e+00
4.785007755019217157e+00
4.785007781949222050e+00
4.785007808880314073e+00
4.785007835812489674e+00
4.785007862745754181e+00
4.785007889680104931e+00
4.785007916615545476e+00
4.785007943416023757e+00
4.785007970353630569e+00
4.785007997292327175e+00
4.785008024096045531e+00
4.785008051036911958e+00
4.785008077978864627e+00
4.785008104785824834e+00
4.785008131729948211e+00
4.785008158675160495e+00
4.785008185485365217e+00
4.785008212432747321e+00
4.785008239245112982e+00
4.785008266194668458e+00
4.785008293009194169e+00
4.785008319960921241e+00
4.785008346777609667e+00
4.785008373595376341e+00
4.785008400550359475e+00
4.785008427370289752e+00
4.785008454191297389e+00
4.785008481149538362e+00
4.785008507972708713e+00
4.785008534796959978e+00
4.785008561622286827e+00
4.785008588584873657e+00
4.785008615412366773e+00
4.785008642240940802e+00
4.785008669070593967e+00
4.785008695901328934e+00
4.785008722733139486e+00
4.785008749566033615e+00
4.785008776400006880e+00
4.785008803235060171e+00
4.785008830071193486e+00
4.785008856908410380e+00
4.785008883746701969e+00
4.785008910586081576e+00
4.785008937426540321e+00
4.785008964268079090e+00
4.785008991110698773e+00
4.785009017954398480e+00
4.785009044662913880e+00
4.785009071508771861e+00
4.785009098355713419e+00
4.785009125203736779e+00
4.785009151916549186e+00
4.785009178766734372e+00
4.785009205617996919e+00
4.785009232334034301e+00
4.785009259187457786e+00
4.785009285905646337e+00
4.785009312761230760e+00
4.785009339617898760e+00
4.785009366339311399e+00
4.785009393198139449e+00
4.785009419921701479e+00
4.785009446646337317e+00
4.785009473508408995e+00
4.785009500235196001e+00
4.785009527099425952e+00
4.785009553828366791e+00
4.785009580558378772e+00
4.785009607425850575e+00
4.785009634158014613e+00
4.785009660891254235e+00
4.785009687625565888e+00
4.785009714360949573e+00
4.785009741233824165e+00
4.785009767971365235e+00
4.785009794709979225e+00
4.785009821449666134e+00
4.785009848190431292e+00
4.785009874932265816e+00
4.785009901675180366e+00
4.785009928419166947e+00
4.785009955164230888e+00
4.785009981910365084e+00
4.785010008657579306e+00
4.785010035405868223e+00
4.785010062155230948e+00
4.785010088905671033e+00
4.785010115657184926e+00
4.785010142273279143e+00
4.785010169026943316e+00
4.785010195781683073e+00
4.785010222537494862e+00
4.785010249157869211e+00
4.785010275915829503e+00
4.785010302674868932e+00
4.785010329298451381e+00
4.785010356059638426e+00
4.785010382821903718e+00
4.785010409448693380e+00
4.785010436213105400e+00
4.785010462842036461e+00
4.785010489608599649e+00
4.785010516239666778e+00
4.785010543008376693e+00
4.785010569641586109e+00
4.785010596412451633e+00
4.785010623047798006e+00
4.785010649684213746e+00
4.785010676458303358e+00
4.785010703096856943e+00
4.785010729736482560e+00
4.785010756513795371e+00
4.785010783155558833e+00
4.785010809798393439e+00
4.785010836442296522e+00
4.785010863223909894e+00
4.785010889869955264e+00
4.785010916517068225e+00
4.785010943165249664e+00
4.785010969814500470e+00
4.785010996464820643e+00
4.785011023116209294e+00
4.785011049768669977e+00
4.785011076422197362e+00
4.785011103076794114e+00
4.785011129732462898e+00
4.785011156389200160e+00
4.785011183047005012e+00
4.785011209705887225e+00
4.785011236365833476e+00
4.785011263026852646e+00
4.785011289552208780e+00
4.785011316215364019e+00
4.785011342879588625e+00
4.785011369544885262e+00
4.785011396074496659e+00
4.785011422741931142e+00
4.785011449410434992e+00
4.785011475943240278e+00
4.785011502613881973e+00
4.785011529285594811e+00
4.785011555821593987e+00
4.785011582495443783e+00
4.785011609033568369e+00
4.785011635709558675e+00
4.785011662249815778e+00
4.785011688927945706e+00
4.785011715470328220e+00
4.785011742013772995e+00
4.785011768695110135e+00
4.785011795240682986e+00
4.785011821924161524e+00
4.785011848471864226e+00
4.785011875020631855e+00
4.785011901570460857e+00
4.785011928258216862e+00
4.785011954810174828e+00
4.785011981363198608e+00
4.785012007917283761e+00
4.785012034472432063e+00
4.785012061165534902e+00
4.785012087722815721e+00
4.785012114281161466e+00
4.785012140840568584e+00
4.785012167401041516e+00
4.785012193962578486e+00
4.785012220525178606e+00
4.785012247088842763e+00
4.785012273653571846e+00
4.785012300219361414e+00
4.785012326786220349e+00
4.785012353217191539e+00
4.785012379786175885e+00
4.785012406356222492e+00
4.785012432927334025e+00
4.785012459499511372e+00
4.785012485935774329e+00
4.785012512510077975e+00
4.785012539085444772e+00
4.785012565661879158e+00
4.785012592102378726e+00
4.785012618680939411e+00
4.785012645123553732e+00
4.785012671704240717e+00
4.785012698285993515e+00
4.785012724731785738e+00
4.785012751315667501e+00
4.785012777763576253e+00
4.785012804349586091e+00
4.785012830799611372e+00
4.785012857250695362e+00
4.785012883839893760e+00
4.785012910293095167e+00
4.785012936884421642e+00
4.785012963339744019e+00
4.785012989796120664e+00
4.785013016390638363e+00
4.785013042849137754e+00
4.785013069308689637e+00
4.785013095769301117e+00
4.785013122230967753e+00
4.785013148830809193e+00
4.785013175294595911e+00
4.785013201759443113e+00
4.785013228225348136e+00
4.785013254692310980e+00
4.785013281160331644e+00
4.785013307629409240e+00
4.785013334099546434e+00
4.785013360570743224e+00
4.785013387042997834e+00
4.785013413516310266e+00
4.785013439990683182e+00
4.785013466466115695e+00
4.785013492942604252e+00
4.785013519420156847e+00
4.785013545761567677e+00
4.785013572241231472e+00
4.785013598721954864e+00
4.785013625203738741e+00
4.785013651686583103e+00
4.785013678033259055e+00
4.785013704518219058e+00
4.785013731004236881e+00
4.785013757354073860e+00
4.785013783842208213e+00
4.785013810194150174e+00
4.785013836684401056e+00
4.785013863175712423e+00
4.785013889530815412e+00
4.785013916024245084e+00
4.785013942381453056e+00
4.785013968739713519e+00
4.785013995236314877e+00
4.785014021596682099e+00
4.785014048095401762e+00
4.785014074457876632e+00
4.785014100821403105e+00
4.785014127323298005e+00
4.785014153688931238e+00
4.785014180055616961e+00
4.785014206560688876e+00
4.785014232929484912e+00
4.785014259299330774e+00
4.785014285670225576e+00
