9.621848910511472674e-02
2.620601590880359821e-01
3.235304307032212390e-01
3.465983541244616051e-01
3.534110142647422514e-01
3.529403927417360531e-01
3.491885874463019901e-01
3.439994952596477362e-01
3.379995699667077691e-01
3.306449421319954673e-01
3.201720952432620670e-01
3.040706113506630448e-01
2.799479828196105857e-01
2.462514457503791887e-01
2.025466722694144461e-01
1.494059618133670719e-01
8.810234793890925342e-02
2.027743304743259353e-02
-5.232851679046110482e-02
-1.280589933838173211e-01
-2.054446276208987399e-01
-2.832477345765452847e-01
-3.604684567673306916e-01
-4.363287598053775529e-01
-5.102456324612141270e-01
-5.818006984458902187e-01
-6.507104160803078852e-01
-7.167990167598875528e-01
-7.799750725961254183e-01
-8.402118519884933523e-01
-8.975312331070208760e-01
-9.519907669115978965e-01
-1.003673425320571466e+00
-1.052679580451836738e+00
-1.099120803527125600e+00
-1.143115127186594027e+00
-1.184783471720163073e+00
-1.224246988571459749e+00
-1.261625120959910085e+00
-1.297034221026889700e+00
-1.330586595718110221e+00
-1.362389880475411541e+00
-1.392546661434415523e+00
-1.421154284165405679e+00
-1.448304800754166788e+00
-1.474085017901926031e+00
-1.498576617280214851e+00
-1.521856326092828393e+00
-1.543996121037658487e+00
-1.565063452950459899e+00
-1.585121482595994502e+00
-1.604229320506835421e+00
-1.622442265713261556e+00
-1.639812039618899986e+00
-1.656387012437113393e+00
-1.672212420432352964e+00
-1.687330572863734224e+00
-1.701781048023137677e+00
-1.715600878101253723e+00
-1.728824722890188070e+00
-1.741485032536268296e+00
-1.753612199660047111e+00
-1.765234701279557505e+00
-1.776379231013252458e+00
-1.787070822083548061e+00
-1.797332961648908656e+00
-1.807187696997865300e+00
-1.816655734131455979e+00
-1.825756529237544390e+00
-1.834508373552627525e+00
-1.842928472073958268e+00
-1.851033016560389211e+00
-1.858837253237794584e+00
-1.866355545607581323e+00
-1.873601432705023662e+00
-1.880587683167281643e+00
-1.887326345403054217e+00
-1.893828794181121378e+00
-1.900105773887631244e+00
-1.906167438718153306e+00
-1.912023390027777436e+00
-1.917682711053769529e+00
-1.923153999217536381e+00
-1.928445396177707716e+00
-1.933564615804791664e+00
-1.938518970241259520e+00
-1.943315394178102951e+00
-1.947960467487114489e+00
-1.952460436329239268e+00
-1.956821232849061953e+00
-1.961048493564261364e+00
-1.965147576535197338e+00
-1.969123577413532278e+00
-1.972981344443044627e+00
-1.976725492496897330e+00
-1.980360416205416030e+00
-1.983890302252935722e+00
-1.987319140891356195e+00
-1.990650736741135685e+00
-1.993888718903364943e+00
-1.997036550459829973e+00
-2.000097537377187873e+00
-2.003074836875554432e+00
-2.005971465290363742e+00
-2.008790305451641167e+00
-2.011534113633647980e+00
-2.014205526088972853e+00
-2.016807065190399761e+00
-2.019341145227941503e+00
-2.021810077855943355e+00
-2.024216077233228273e+00
-2.026561264869803036e+00
-2.028847674194686590e+00
-2.031077254864776194e+00
-2.033251876842015360e+00
-2.035373334231669329e+00
-2.037443348913751784e+00
-2.039463573980108357e+00
-2.041435596976207023e+00
-2.043360942970894545e+00
-2.045241077465105306e+00
-2.047077409138929660e+00
-2.048871292455353377e+00
-2.050624030132838449e+00
-2.052336875477610789e+00
-2.054011034605831121e+00
-2.055647668543854056e+00
-2.057247895226498979e+00
-2.058812791387400587e+00
-2.060343394357492475e+00
-2.061840703777073625e+00
-2.063305683213830122e+00
-2.064739261708973039e+00
-2.066142335240984895e+00
-2.067515768121706010e+00
-2.068860394324409935e+00
-2.070177018743486919e+00
-2.071466418404306786e+00
-2.072729343599939877e+00
-2.073966518986742003e+00
-2.075178644624517954e+00
-2.076366396965786620e+00
-2.077530429803236878e+00
-2.078671375167864710e+00
-2.079789844191437531e+00
-2.080886427929248939e+00
-2.081961698140231132e+00
-2.083016208036048589e+00
-2.084050492999701465e+00
-2.085065071263063619e+00
-2.086060444566238736e+00
-2.087037098774862987e+00
-2.087995504483915798e+00
-2.088936117583036545e+00
-2.089859379807588624e+00
-2.090765719258290023e+00
-2.091655550903650962e+00
-2.092529277058167381e+00
-2.093387287842702005e+00
-2.094229961623416347e+00
-2.095057665436862671e+00
-2.095870755386312734e+00
-2.096669577036198717e+00
-2.097454465784121425e+00
-2.098225747210190839e+00
-2.098983737427282392e+00
-2.099728743403729503e+00
-2.100461063279792207e+00
-2.101180986670926565e+00
-2.101888794958902462e+00
-2.102584761569398886e+00
-2.103269152239420681e+00
-2.103942225276647982e+00
-2.104604231808358428e+00
-2.105255416015202385e+00
-2.105896015364594032e+00
-2.106526260826468544e+00
-2.107146377091880574e+00
-2.107756582768075315e+00
-2.108357090581945759e+00
-2.108948107567797159e+00
-2.109529835243887597e+00
-2.110102469794875812e+00
-2.110666202234902311e+00
-2.111221218572995273e+00
-2.111767699967014522e+00
-2.112305822880970574e+00
-2.112835759221539433e+00
-2.113357676483616387e+00
-2.113871737885323565e+00
-2.114378102498154721e+00
-2.114876925372210170e+00
-2.115368357657651632e+00
-2.115852546720009997e+00
-2.116329636259741243e+00
-2.116799766411650907e+00
-2.117263073860095712e+00
-2.117719691932807180e+00
-2.118169750703494003e+00
-2.118613377088073957e+00
-2.119050694932213652e+00
-2.119481825100568706e+00
-2.119906885566582577e+00
-2.120325991491161854e+00
-2.120739255305325699e+00
-2.121146786784000593e+00
-2.121548693126133589e+00
-2.121945079023535019e+00
-2.122336046731327031e+00
-2.122721696135276837e+00
-2.123102124819530090e+00
-2.123477428130025046e+00
-2.123847699231237840e+00
-2.124213029174994549e+00
-2.124573506944965828e+00
-2.124929219527337487e+00
-2.125280251951203070e+00
-2.125626687349257526e+00
-2.125968607009376399e+00
-2.126306090417016126e+00
-2.126639215306141306e+00
-2.126968057709236248e+00
-2.127292691994556506e+00
-2.127613190917807540e+00
-2.127929625657503099e+00
-2.128242065857614218e+00
-2.128550579669278520e+00
-2.128855233786767442e+00
-2.129156093486033186e+00
-2.129453222661062295e+00
-2.129746683858060763e+00
-2.130036538307394700e+00
-2.130322845964075729e+00
-2.130605665528151782e+00
-2.130885054487883679e+00
-2.131161069141646269e+00
-2.131433764631879502e+00
-2.131703194969646553e+00
-2.131969413066505226e+00
-2.132232470759319654e+00
-2.132492418835235881e+00
-2.132749307059137234e+00
-2.133003184197661994e+00
-2.133254098043321445e+00
-2.133502095437535662e+00
-2.133747222292586621e+00
-2.133989523616064865e+00
-2.134229043529423109e+00
-2.134465825289033614e+00
-2.134699911310940834e+00
-2.134931343184897745e+00
-2.135160161696894043e+00
-2.135386406843354568e+00
-2.135610117858679047e+00
-2.135831333222366624e+00
-2.136050090681890001e+00
-2.136266427269631230e+00
-2.136480379316255007e+00
-2.136691982470197093e+00
-2.136901271708765648e+00
-2.137108281357768647e+00
-2.137313045102747111e+00
-2.137515596003892071e+00
-2.137715966513458188e+00
-2.137914188482315403e+00
-2.138110293179908972e+00
-2.138304311304569882e+00
-2.138496272993863023e+00
-2.138686207839871845e+00
-2.138874144900869467e+00
-2.139060112710613026e+00
-2.139244139291338165e+00
-2.139426252164370545e+00
-2.139606478363204722e+00
-2.139784844438117783e+00
-2.139961376472995891e+00
-2.140136100091236671e+00
-2.140309040466585433e+00
-2.140480222330306326e+00
-2.140649669988225590e+00
-2.140817407318204690e+00
-2.140983457788454558e+00
-2.141147844462448546e+00
-2.141310590005051750e+00
-2.141471716696074612e+00
-2.141631246432798008e+00
-2.141789200742358457e+00
-2.141945600785564618e+00
-2.142100467365659178e+00
-2.142253820938339270e+00
-2.142405681613201995e+00
-2.142556069166277943e+00
-2.142705003041516676e+00
-2.142852502364645861e+00
-2.142998585939735801e+00
-2.143143272265587651e+00
-2.143286579533601355e+00
-2.143428525638011450e+00
-2.143569128183703043e+00
-2.143708404485356045e+00
-2.143846371580259369e+00
-2.143983046227497802e+00
-2.144118444918326372e+00
-2.144252583880372764e+00
-2.144385479078109391e+00
-2.144517146223303694e+00
-2.144647600779262753e+00
-2.144776857962619854e+00
-2.144904932750100190e+00
-2.145031839884078195e+00
-2.145157593871901192e+00
-2.145282208998958051e+00
-2.145405699325551030e+00
-2.145528078691255836e+00
-2.145649360726807231e+00
-2.145769558845993075e+00
-2.145888686262578560e+00
-2.146006755982228231e+00
-2.146123780814446214e+00
-2.146239773373291193e+00
-2.146354746081842180e+00
-2.146468711171670485e+00
-2.146581680692351224e+00
-2.146693666512211163e+00
-2.146804680321610981e+00
-2.146914733632435013e+00
-2.147023837788938572e+00
-2.147132003966024438e+00
-2.147239243170035117e+00
-2.147345566248372251e+00
-2.147450983886542097e+00
-2.147555506612763399e+00
-2.147659144801314479e+00
-2.147761908675917653e+00
-2.147863808311846867e+00
-2.147964853634261928e+00
-2.148065054430457366e+00
-2.148164420341893255e+00
-2.148262960873926097e+00
-2.148360685392919578e+00
-2.148457603133466343e+00
-2.148553723199312149e+00
-2.148649054561721616e+00
-2.148743606068034495e+00
-2.148837386437494779e+00
-2.148930404268557304e+00
-2.149022668037287254e+00
-2.149114186102120794e+00
-2.149204966706102837e+00
-2.149295017974031996e+00
-2.149384347919791605e+00
-2.149472964446061063e+00
-2.149560875345293276e+00
-2.149648088305811111e+00
-2.149734610907699128e+00
-2.149820450626347856e+00
-2.149905614837297918e+00
-2.149990110813419619e+00
-2.150073945732328795e+00
-2.150157126670995567e+00
-2.150239660611912740e+00
-2.150321554444113215e+00
-2.150402814962931952e+00
-2.150483448874899395e+00
-2.150563462793650071e+00
-2.150642863248682701e+00
-2.150721656678705518e+00
-2.150799849440419020e+00
-2.150877447804420584e+00
-2.150954457960154720e+00
-2.151030886015690591e+00
-2.151106737996218765e+00
-2.151182019852882821e+00
-2.151256737456118895e+00
-2.151330896601910680e+00
-2.151404503007725122e+00
-2.151477562321351567e+00
-2.151550080114265295e+00
-2.151622061889185478e+00
-2.151693513077320929e+00
-2.151764439039472343e+00
-2.151834845068448576e+00
-2.151904736390191086e+00
-2.151974118163602956e+00
-2.152042995484273469e+00
-2.152111373379109516e+00
-2.152179256817881026e+00
-2.152246650703948827e+00
-2.152313559878013205e+00
-2.152379989124463489e+00
-2.152445943164712272e+00
-2.152511426662260696e+00
-2.152576444225152930e+00
-2.152641000401923410e+00
-2.152705099684059764e+00
-2.152768746511074305e+00
-2.152831945266466374e+00
-2.152894700277565576e+00
-2.152957015824561005e+00
-2.153018896131210003e+00
-2.153080345368632464e+00
-2.153141367663033989e+00
-2.153201967086422641e+00
-2.153262147661710646e+00
-2.153321913366542439e+00
-2.153381268126596471e+00
-2.153440215824671711e+00
-2.153498760295309289e+00
-2.153556905325987980e+00
-2.153614654662276529e+00
-2.153672012003774672e+00
-2.153728981005317511e+00
-2.153785565280814662e+00
-2.153841768400513335e+00
-2.153897593892213802e+00
-2.153953045242472886e+00
-2.154008125900472859e+00
-2.154062839269998086e+00
-2.154117188719896880e+00
-2.154171177576057250e+00
-2.154224809127925688e+00
-2.154278086628407696e+00
-2.154331013291129970e+00
-2.154383592291674976e+00
-2.154435826771456064e+00
-2.154487719836315485e+00
-2.154539274555104189e+00
-2.154590493960915509e+00
-2.154641381056322302e+00
-2.154691938805314511e+00
-2.154742170142521118e+00
-2.154792077966487085e+00
-2.154841665143571561e+00
-2.154890934510535150e+00
-2.154939888869143783e+00
-2.154988530992740348e+00
-2.155036863620844567e+00
-2.155084889464407016e+00
-2.155132611204404913e+00
-2.155180031493111326e+00
-2.155227152949996228e+00
-2.155273978169695681e+00
-2.155320509716581068e+00
-2.155366750124692032e+00
-2.155412701905700334e+00
-2.155458367539473841e+00
-2.155503749480701003e+00
-2.155548850156148166e+00
-2.155593671968622616e+00
-2.155638217291535597e+00
-2.155682488476897252e+00
-2.155726487847199557e+00
-2.155770217703412150e+00
-2.155813680320898040e+00
-2.155856877947993855e+00
-2.155899812814045191e+00
-2.155942487121258910e+00
-2.155984903047339696e+00
-2.156027062750830225e+00
-2.156068968364309946e+00
-2.156110622001092381e+00
-2.156152025747065437e+00
-2.156193181671447245e+00
-2.156234091819970278e+00
-2.156274758214842269e+00
-2.156315182860093937e+00
-2.156355367737473827e+00
-2.156395314809103514e+00
-2.156435026016085388e+00
-2.156474503279792287e+00
-2.156513748500475280e+00
-2.156552763559925090e+00
-2.156591550321428574e+00
-2.156630110628365404e+00
-2.156668446305516795e+00
-2.156706559156306824e+00
-2.156744450970914162e+00
-2.156782123518069749e+00
-2.156819578549094896e+00
-2.156856817796492631e+00
-2.156893842976641551e+00
-2.156930655789738971e+00
-2.156967257917053349e+00
-2.157003651022228130e+00
-2.157039836755349160e+00
-2.157075816747440200e+00
-2.157111592613152773e+00
-2.157147165952098433e+00
-2.157182538348815015e+00
-2.157217711369981750e+00
-2.157252686568501776e+00
-2.157287465482087718e+00
-2.157322049631861915e+00
-2.157356440523680696e+00
-2.157390639652227993e+00
-2.157424648492740182e+00
-2.157458468509205307e+00
-2.157492101150219277e+00
-2.157525547850315029e+00
-2.157558810031316554e+00
-2.157591889099545579e+00
-2.157624786448544718e+00
-2.157657503459051274e+00
-2.157690041496200806e+00
-2.157722401915017851e+00
-2.157754586054860813e+00
-2.157786595244923333e+00
-2.157818430800051424e+00
-2.157850094022100151e+00
-2.157881586201283675e+00
-2.157912908614768810e+00
-2.157944062530788631e+00
-2.157975049201707574e+00
-2.158005869869515703e+00
-2.158036525764423619e+00
-2.158067018104845580e+00
-2.158097348098737989e+00
-2.158127516943592283e+00
-2.158157525820844747e+00
-2.158187375906964522e+00
-2.158217068363705415e+00
-2.158246604342243913e+00
-2.158275984985938756e+00
-2.158305211424744741e+00
-2.158334284779358292e+00
-2.158363206158411707e+00
-2.158391976664022494e+00
-2.158420597383403194e+00
-2.158449069398602482e+00
-2.158477393778110098e+00
-2.158505571581023741e+00
-2.158533603861211958e+00
-2.158561491656119546e+00
-2.158589235997923073e+00
-2.158616837910716679e+00
-2.158644298404895245e+00
-2.158671618485520138e+00
-2.158698799146715697e+00
-2.158725841374432353e+00
-2.158752746145035317e+00
-2.158779514428087243e+00
-2.158806147180714063e+00
-2.158832645356003610e+00
-2.158859009895978787e+00
-2.158885241732964921e+00
-2.158911341795203054e+00
-2.158937310998392700e+00
-2.158963150254117114e+00
-2.158988860459961412e+00
-2.159014442513588872e+00
-2.159039897298627775e+00
-2.159065225693109547e+00
-2.159090428566634134e+00
-2.159115506783174432e+00
-2.159140461196820127e+00
-2.159165292656003210e+00
-2.159190001999236941e+00
-2.159214590060752226e+00
-2.159239057666248129e+00
-2.159263405634279209e+00
-2.159287634776245746e+00
-2.159311745896378643e+00
-2.159335739793131648e+00
-2.159359617256344954e+00
-2.159383379070046072e+00
-2.159407026011041619e+00
-2.159430558851710646e+00
-2.159453978354339831e+00
-2.159477285278190717e+00
-2.159500480372388953e+00
-2.159523564383010630e+00
-2.159546538048811914e+00
-2.159569402101206848e+00
-2.159592157265674661e+00
-2.159614804264602395e+00
-2.159637343808716636e+00
-2.159659776608478410e+00
-2.159682103364077843e+00
-2.159704324773992212e+00
-2.159726441524974838e+00
-2.159748454304892817e+00
-2.159770363791292613e+00
-2.159792170657093724e+00
-2.159813875570587793e+00
-2.159835479192548036e+00
-2.159856982181968199e+00
-2.159878385187429028e+00
-2.159899688857137345e+00
-2.159920893831738464e+00
-2.159942000744300650e+00
-2.159963010226044755e+00
-2.159983922903475406e+00
-2.160004739394032480e+00
-2.160025460314729528e+00
-2.160046086274937327e+00
-2.160066617877815620e+00
-2.160087055726062299e+00
-2.160107400411815703e+00
-2.160127652528176068e+00
-2.160147812659101163e+00
-2.160167881386609423e+00
-2.160187859284990797e+00
-2.160207746928021422e+00
-2.160227544883179807e+00
-2.160247253710180448e+00
-2.160266873968196055e+00
-2.160286406211509469e+00
-2.160305850989511001e+00
-2.160325208846678002e+00
-2.160344480322565097e+00
-2.160363665953253243e+00
-2.160382766272777921e+00
-2.160401781807332000e+00
-2.160420713081046884e+00
-2.160439560613089949e+00
-2.160458324919099837e+00
-2.160477006511183795e+00
-2.160495605895000004e+00
-2.160514123577016221e+00
-2.160532560052863982e+00
-2.160550915820433460e+00
-2.160569191372580189e+00
-2.160587387194199849e+00
-2.160605503772429437e+00
-2.160623541586426555e+00
-2.160641501113199414e+00
-2.160659382826138675e+00
-2.160677187193543514e+00
-2.160694914681541512e+00
-2.160712565754081993e+00
-2.160730140868539539e+00
-2.160747640478623222e+00
-2.160765065040240351e+00
-2.160782414996831324e+00
-2.160799690796945782e+00
-2.160816892881051388e+00
-2.160834021687381146e+00
-2.160851077650465690e+00
-2.160868061201121293e+00
-2.160884972769381740e+00
-2.160901812778619480e+00
-2.160918581652878423e+00
-2.160935279809521603e+00
-2.160951907663632987e+00
-2.160968465628014812e+00
-2.160984954113175149e+00
-2.161001373524382707e+00
-2.161017724266076634e+00
-2.161034006737432733e+00
-2.161050221336789257e+00
-2.161066368457212228e+00
-2.161082448490909691e+00
-2.161098461827760886e+00
-2.161114408850868696e+00
-2.161130289945424554e+00
-2.161146105489827551e+00
-2.161161855863080739e+00
-2.161177541438862093e+00
-2.161193162588475047e+00
-2.161208719682330859e+00
-2.161224213084010692e+00
-2.161239643160639545e+00
-2.161255010272499000e+00
-2.161270314775985746e+00
-2.161285557028060467e+00
-2.161300737383270221e+00
-2.161315856190781926e+00
-2.161330913798821474e+00
-2.161345910554672844e+00
-2.161360846798725976e+00
-2.161375722874891103e+00
-2.161390539118670961e+00
-2.161405295867591558e+00
-2.161419993455234945e+00
-2.161434632211231666e+00
-2.161449212464236158e+00
-2.161463734541933412e+00
-2.161478198769529069e+00
-2.161492605465265449e+00
-2.161506954950875858e+00
-2.161521247544116342e+00
-2.161535483558744808e+00
-2.161549663306018054e+00
-2.161563787100683864e+00
-2.161577855247481139e+00
-2.161591868053135634e+00
-2.161605825823350369e+00
-2.161619728858303446e+00
-2.161633577458644151e+00
-2.161647371920984551e+00
-2.161661112543911134e+00
-2.161674799617443909e+00
-2.161688433435077439e+00
-2.161702014286248641e+00
-2.161715542457828931e+00
-2.161729018235640343e+00
-2.161742441902931411e+00
-2.161755813740383392e+00
-2.161769134030624429e+00
-2.161782403049176793e+00
-2.161795621071993523e+00
-2.161808788372436396e+00
-2.161821905224299734e+00
-2.161834971897267366e+00
-2.161847988658414987e+00
-2.161860955775238846e+00
-2.161873873512627497e+00
-2.161886742132852035e+00
-2.161899561897070221e+00
-2.161912333063825908e+00
-2.161925055893576975e+00
-2.161937730639604371e+00
-2.161950357557095082e+00
-2.161962936897085186e+00
-2.161975468910995790e+00
-2.161987953849124899e+00
-2.162000391957593859e+00
-2.162012783482908596e+00
-2.162025128667393936e+00
-2.162037427755271413e+00
-2.162049680986574351e+00
-2.162061888600184112e+00
-2.162074050835359529e+00
-2.162086167925613367e+00
-2.162098240107891201e+00
-2.162110267611866199e+00
-2.162122250672143586e+00
-2.162134189517592731e+00
-2.162146084375900390e+00
-2.162157935473580039e+00
-2.162169743037495095e+00
-2.162181507290271032e+00
-2.162193228454877492e+00
-2.162204906751562739e+00
-2.162216542400921870e+00
-2.162228135619282732e+00
-2.162239686624850332e+00
-2.162251195631558875e+00
-2.162262662855212181e+00
-2.162274088505796943e+00
-2.162285472795171248e+00
-2.162296815933973271e+00
-2.162308118130097156e+00
-2.162319379588678814e+00
-2.162330600518249657e+00
-2.162341781121500439e+00
-2.162352921601439437e+00
-2.162364022159843024e+00
-2.162375082997258779e+00
-2.162386104313001045e+00
-2.162397086305146043e+00
-2.162408029168988222e+00
-2.162418933100124008e+00
-2.162429798294449590e+00
-2.162440624941981415e+00
-2.162451413237663100e+00
-2.162462163369005541e+00
-2.162472875526906257e+00
-2.162483549897904478e+00
-2.162494186670378848e+00
-2.162504786028348391e+00
-2.162515348157664441e+00
-2.162525873241359253e+00
-2.162536361459647338e+00
-2.162546812996120060e+00
-2.162557228029994061e+00
-2.162567606739203452e+00
-2.162577949301957236e+00
-2.162588255895185441e+00
-2.162598526692972367e+00
-2.162608761871228413e+00
-2.162618961601459944e+00
-2.162629126056998086e+00
-2.162639255408314920e+00
-2.162649349826152090e+00
-2.162659409479945616e+00
-2.162669434536272028e+00
-2.162679425161966318e+00
-2.162689381522547194e+00
-2.162699303785360794e+00
-2.162709192111744283e+00
-2.162719046666422340e+00
-2.162728867609663208e+00
-2.162738655101990037e+00
-2.162748409305734310e+00
-2.162758130377206545e+00
-2.162767818474525150e+00
-2.162777473756049673e+00
-2.162787096378810503e+00
-2.162796686493803300e+00
-2.162806244258533184e+00
-2.162815769824460332e+00
-2.162825263344849258e+00
-2.162834724971625544e+00
-2.162844154852225920e+00
-2.162853553140608565e+00
-2.162862919981520360e+00
-2.162872255523077047e+00
-2.162881559915193819e+00
-2.162890833300138649e+00
-2.162900075825120894e+00
-2.162909287634418476e+00
-2.162918468869380551e+00
-2.162927619676296320e+00
-2.162936740192208163e+00
-2.162945830560683458e+00
-2.162954890920766982e+00
-2.162963921411713564e+00
-2.162972922172990753e+00
-2.162981893341109796e+00
-2.162990835052791549e+00
-2.162999747443376197e+00
-2.163008630648417085e+00
-2.163017484802078005e+00
-2.163026310037146516e+00
-2.163035106488191417e+00
-2.163043874285231372e+00
-2.163052613561653015e+00
-2.163061324444689681e+00
-2.163070007066536515e+00
-2.163078661556409266e+00
-2.163087288038946454e+00
-2.163095886645339139e+00
-2.163104457500609978e+00
-2.163113000729968149e+00
-2.163121516458818228e+00
-2.163130004812742868e+00
-2.163138465914338227e+00
-2.163146899887968821e+00
-2.163155306853409510e+00
-2.163163686935396512e+00
-2.163172040252468786e+00
-2.163180366924944753e+00
-2.163188667073320026e+00
-2.163196940815072189e+00
-2.163205188271060564e+00
-2.163213409555920563e+00
-2.163221604787664454e+00
-2.163229774081272705e+00
-2.163237917555113743e+00
-2.163246035319709826e+00
-2.163254127492169054e+00
-2.163262194186562404e+00
-2.163270235513926831e+00
-2.163278251585460943e+00
-2.163286242515746860e+00
-2.163294208414718867e+00
-2.163302149390863960e+00
-2.163310065556050432e+00
-2.163317957017485416e+00
-2.163325823885761778e+00
-2.163333666266802791e+00
-2.163341484269909021e+00
-2.163349277999717657e+00
-2.163357047564242741e+00
-2.163364793066818059e+00
-2.163372514612555086e+00
-2.163380212308325667e+00
-2.163387886254708903e+00
-2.163395536555662080e+00
-2.163403163315303246e+00
-2.163410766634663140e+00
-2.163418346614930599e+00
-2.163425903355825852e+00
-2.163433436960454426e+00
-2.163440947525596236e+00
-2.163448435153040528e+00
-2.163455899939863425e+00
-2.163463341984906751e+00
-2.163470761383917029e+00
-2.163478158236025628e+00
-2.163485532637268172e+00
-2.163492884683821948e+00
-2.163500214470385430e+00
-2.163507522091792534e+00
-2.163514807644648652e+00
-2.163522071219193599e+00
-2.163529312910685842e+00
-2.163536532812897928e+00
-2.163543731016480010e+00
-2.163550907615479080e+00
-2.163558062699190820e+00
-2.163565196358676168e+00
-2.163572308685127954e+00
-2.163579399768244205e+00
-2.163586469697857506e+00
-2.163593518562294982e+00
-2.163600546448390283e+00
-2.163607553448000154e+00
-2.163614539644941992e+00
-2.163621505128074940e+00
-2.163628449984742019e+00
-2.163635374297510516e+00
-2.163642278157256627e+00
-2.163649161645158525e+00
-2.163656024845794779e+00
-2.163662867847151894e+00
-2.163669690729137951e+00
-2.163676493576707216e+00
-2.163683276473293837e+00
-2.163690039500816731e+00
-2.163696782739671587e+00
-2.163703506275302058e+00
-2.163710210186700955e+00
-2.163716894554624126e+00
-2.163723559458301526e+00
-2.163730204980371052e+00
-2.163736831198648236e+00
-2.163743438191069401e+00
-2.163750026038981034e+00
-2.163756594818899703e+00
-2.163763144609105460e+00
-2.163769675486345356e+00
-2.163776187529127704e+00
-2.163782680814425596e+00
-2.163789155416022236e+00
-2.163795611411113207e+00
-2.163802048873700201e+00
-2.163808467882858189e+00
-2.163814868507849543e+00
-2.163821250827970388e+00
-2.163827614914350050e+00
-2.163833960839884440e+00
-2.163840288679230284e+00
-2.163846598505491770e+00
-2.163852890390230765e+00
-2.163859164403453939e+00
-2.163865420621897684e+00
-2.163871659110802703e+00
-2.163877879945463434e+00
-2.163884083194640429e+00
-2.163890268928853722e+00
-2.163896437218731705e+00
-2.163902588131673799e+00
-2.163908721738511343e+00
-2.163914838106845817e+00
-2.163920937306043513e+00
-2.163927019403906638e+00
-2.163933084468336876e+00
-2.163939132565666057e+00
-2.163945163763991708e+00
-2.163951178129842834e+00
-2.163957175729844362e+00
-2.163963156629047369e+00
-2.163969120892598852e+00
-2.163975068589083950e+00
-2.163980999778826853e+00
-2.163986914530604544e+00
-2.163992812906598395e+00
-2.163998694970754144e+00
-2.164004560788788556e+00
-2.164010410421484565e+00
-2.164016243934744121e+00
-2.164022061387855356e+00
-2.164027862846906736e+00
-2.164033648371364915e+00
-2.164039418024142236e+00
-2.164045171866566086e+00
-2.164050909960050895e+00
-2.164056632366099908e+00
-2.164062339142940772e+00
-2.164068030353937022e+00
-2.164073706057492164e+00
-2.164079366313779396e+00
-2.164085011181374085e+00
-2.164090640720622627e+00
-2.164096254990272250e+00
-2.164101854047467466e+00
-2.164107437951128254e+00
-2.164113006760254088e+00
-2.164118560532243496e+00
-2.164124099322891848e+00
-2.164129623189760654e+00
-2.164135132192188227e+00
-2.164140626384525756e+00
-2.164146105822893240e+00
-2.164151570565183924e+00
-2.164157020664297715e+00
-2.164162456178291727e+00
-2.164167877160223075e+00
-2.164173283668310077e+00
-2.164178675752378211e+00
-2.164184053470807001e+00
-2.164189416876968863e+00
-2.164194766024311267e+00
-2.164200100966362506e+00
-2.164205421755026393e+00
-2.164210728445679965e+00
-2.164216021090386910e+00
-2.164221299742976168e+00
-2.164226564452258028e+00
-2.164231815273918169e+00
-2.164237052258614291e+00
-2.164242275458780451e+00
-2.164247484923521370e+00
-2.164252680705415877e+00
-2.164257862853713021e+00
-2.164263031422848815e+00
-2.164268186458803811e+00
-2.164273328014454378e+00
-2.164278456139337781e+00
-2.164283570881351704e+00
-2.164288672291885263e+00
-2.164293760420686219e+00
-2.164298835314156122e+00
-2.164303897023896361e+00
-2.164308945594734634e+00
-2.164313981078413107e+00
-2.164319003521606888e+00
-2.164324012971060363e+00
-2.164329009477016452e+00
-2.164333993084636809e+00
-2.164338963840870989e+00
-2.164343921794446679e+00
-2.164348866990735587e+00
-2.164353799476881779e+00
-2.164358719298383527e+00
-2.164363626502525673e+00
-2.164368521133217094e+00
-2.164373403237871418e+00
-2.164378272860528973e+00
-2.164383130047013548e+00
-2.164387974843215101e+00
-2.164392807293366250e+00
-2.164397627440039606e+00
-2.164402435331039598e+00
-2.164407231007342336e+00
-2.164412014515155303e+00
-2.164416785897303352e+00
-2.164421545196668628e+00
-2.164426292457925172e+00
-2.164431027724080803e+00
-2.164435751036475342e+00
-2.164440462439968904e+00
-2.164445161976024767e+00
-2.164449849686161276e+00
-2.164454525613691782e+00
-2.164459189801988259e+00
-2.164463842289292561e+00
-2.164468483120824516e+00
-2.164473112334940108e+00
-2.164477729975251119e+00
-2.164482336080224112e+00
-2.164486930693590772e+00
-2.164491513853932680e+00
-2.164496085601623321e+00
-2.164500645978837845e+00
-2.164505195024323925e+00
-2.164509732778630458e+00
-2.164514259280623243e+00
-2.164518774570961313e+00
-2.164523278686880658e+00
-2.164527771669152223e+00
-2.164532253558608232e+00
-2.164536724390904610e+00
-2.164541184205238444e+00
-2.164545633040863670e+00
-2.164550070937085291e+00
-2.164554497931522103e+00
-2.164558914060098704e+00
-2.164563319364029681e+00
-2.164567713877601385e+00
-2.164572097640389270e+00
-2.164576470690278143e+00
-2.164580833061706677e+00
-2.164585184794412420e+00
-2.164589525922938851e+00
-2.164593856485374168e+00
-2.164598176518119033e+00
-2.164602486055863473e+00
-2.164606785138612821e+00
-2.164611073797650942e+00
-2.164615352073091969e+00
-2.164619619996313915e+00
-2.164623877607533942e+00
-2.164628124938231313e+00
-2.164632362025208145e+00
-2.164636588903557257e+00
-2.164640805606665275e+00
-2.164645012173241678e+00
-2.164649208633247834e+00
-2.164653395023734106e+00
-2.164657571378279854e+00
-2.164661737732274105e+00
-2.164665894117625111e+00
-2.164670040569818710e+00
-2.164674177120859966e+00
-2.164678303806328863e+00
-2.164682420658325057e+00
-2.164686527710757424e+00
-2.164690624995817103e+00
-2.164694712547508892e+00
-2.164698790398115413e+00
-2.164702858579965028e+00
-2.164706917125432284e+00
-2.164710966068706277e+00
-2.164715005442255258e+00
-2.164719035275047165e+00
-2.164723055601406987e+00
-2.164727066452165172e+00
-2.164731067859968050e+00
-2.164735059855731336e+00
-2.164739042472190622e+00
-2.164743015738574528e+00
-2.164746979687710127e+00
-2.164750934348908640e+00
-2.164754879755085515e+00
-2.164758815935639902e+00
-2.164762742921793937e+00
-2.164766660743030702e+00
-2.164770569430662484e+00
-2.164774469016035319e+00
-2.164778359528764184e+00
-2.164782240996720120e+00
-2.164786113451381055e+00
-2.164789976922483206e+00
-2.164793831439806304e+00
-2.164797677033170942e+00
-2.164801513728866755e+00
-2.164805341560367413e+00
-2.164809160555832168e+00
-2.164812970741668341e+00
-2.164816772149690483e+00
-2.164820564806387182e+00
-2.164824348741864579e+00
-2.164828123984479102e+00
-2.164831890562628036e+00
-2.164835648502955845e+00
-2.164839397835728096e+00
-2.164843138587667859e+00
-2.164846870787329181e+00
-2.164850594463306521e+00
-2.164854309642436192e+00
-2.164858016351593140e+00
-2.164861714617693611e+00
-2.164865404471277621e+00
-2.164869085935742898e+00
-2.164872759039913941e+00
-2.164876423812652551e+00
-2.164880080277464813e+00
-2.164883728463290247e+00
-2.164887368395502776e+00
-2.164891000101317520e+00
-2.164894623607986457e+00
-2.164898238939191089e+00
-2.164901846125864449e+00
-2.164905445188151756e+00
-2.164909036157060651e+00
-2.164912619056415632e+00
-2.164916193911882836e+00
-2.164919760749163036e+00
-2.164923319593991646e+00
-2.164926870472142717e+00
-2.164930413409422272e+00
-2.164933948429865751e+00
-2.164937475557539681e+00
-2.164940994821979103e+00
-2.164944506243698275e+00
-2.164948009850490962e+00
-2.164951505664753029e+00
-2.164954993712533415e+00
-2.164958474016291490e+00
-2.164961946603964016e+00
-2.164965411498078307e+00
-2.164968868723003759e+00
-2.164972318303151511e+00
-2.164975760262965121e+00
-2.164979194623280812e+00
-2.164982621412240960e+00
-2.164986040652570054e+00
-2.164989452365204237e+00
-2.164992856576566815e+00
-2.164996253309479535e+00
-2.164999642586790785e+00
-2.165003024431385370e+00
-2.165006398867999060e+00
-2.165009765919580165e+00
-2.165013125607281985e+00
-2.165016477955938434e+00
-2.165019822986766762e+00
-2.165023160724666607e+00
-2.165026491190914726e+00
-2.165029814406818076e+00
-2.165033130397373995e+00
-2.165036439182119743e+00
-2.165039740786116162e+00
-2.165043035230791002e+00
-2.165046322537605317e+00
-2.165049602729882672e+00
-2.165052875827306433e+00
-2.165056141853266336e+00
-2.165059400827501257e+00
-2.165062652775292751e+00
-2.165065897716443200e+00
-2.165069135670790068e+00
-2.165072366663697956e+00
-2.165075590711390774e+00
-2.165078807839295294e+00
-2.165082018067364444e+00
-2.165085221415572470e+00
-2.165088417907604867e+00
-2.165091607559814779e+00
-2.165094790397786184e+00
-2.165097966439768928e+00
-2.165101135705880253e+00
-2.165104298219952206e+00
-2.165107453998475595e+00
-2.165110603063491901e+00
-2.165113745437078130e+00
-2.165116881135801474e+00
-2.165120010183640975e+00
-2.165123132599061417e+00
-2.165126248402405196e+00
-2.165129357612189942e+00
-2.165132460248814006e+00
-2.165135556334546685e+00
-2.165138645886140356e+00
-2.165141728925922493e+00
-2.165144805470696543e+00
-2.165147875540990086e+00
-2.165150939155510823e+00
-2.165153996336695474e+00
-2.165157047099596443e+00
-2.165160091466705961e+00
-2.165163129454977131e+00
-2.165166161085104513e+00
-2.165169186375949018e+00
-2.165172205344540135e+00
-2.165175218011648806e+00
-2.165178224394357365e+00
-2.165181224513486491e+00
-2.165184218386167814e+00
-2.165187206029554723e+00
-2.165190187466410343e+00
-2.165193162710219443e+00
-2.165196131783792666e+00
-2.165199094702522586e+00
-2.165202051483686052e+00
-2.165205002148312019e+00
-2.165207946713730625e+00
-2.165210885197288881e+00
-2.165213817616365333e+00
-2.165216743990221460e+00
-2.165219664334415484e+00
-2.165222578668259956e+00
-2.165225487011094074e+00
-2.165228389376676610e+00
-2.165231285784392945e+00
-2.165234176253656884e+00
-2.165237060798290258e+00
-2.165239939437753502e+00
-2.165242812189662747e+00
-2.165245679067904216e+00
-2.165248540093884344e+00
-2.165251395283413594e+00
-2.165254244652322413e+00
-2.165257088216461678e+00
-2.165259925997338630e+00
-2.165262758007097776e+00
-2.165265584263534215e+00
-2.165268404784472800e+00
-2.165271219585875428e+00
-2.165274028683729313e+00
-2.165276832095925919e+00
-2.165279629838496867e+00
-2.165282421927491097e+00
-2.165285208378990411e+00
-2.165287989209087272e+00
-2.165290764433901227e+00
-2.165293534071456527e+00
-2.165296298136033748e+00
-2.165299056641928122e+00
-2.165301809609118777e+00
-2.165304557051945356e+00
-2.165307298982880990e+00
-2.165310035423862356e+00
-2.165312766385512067e+00
-2.165315491886035559e+00
-2.165318211939870174e+00
-2.165320926561483450e+00
-2.165323635769142996e+00
-2.165326339577354542e+00
-2.165329038000642914e+00
-2.165331731055448294e+00
-2.165334418756335033e+00
-2.165337101117891017e+00
-2.165339778156617712e+00
-2.165342449885243603e+00
-2.165345116322211716e+00
-2.165347777478392022e+00
-2.165350433374162442e+00
-2.165353084018538432e+00
-2.165355729430042508e+00
-2.165358369623420209e+00
-2.165361004611537243e+00
-2.165363634409181337e+00
-2.165366259033055574e+00
-2.165368878496083394e+00
-2.165371492811205112e+00
-2.165374101997094236e+00
-2.165376706064822798e+00
-2.165379305029294432e+00
-2.165381898905430980e+00
-2.165384487706266015e+00
-2.165387071448667822e+00
-2.165389650143799916e+00
-2.165392223806661853e+00
-2.165394792452270067e+00
-2.165397356093751835e+00
-2.165399914746164001e+00
-2.165402468420759341e+00
-2.165405017132628451e+00
-2.165407560896887240e+00
-2.165410099726752691e+00
-2.165412633635461770e+00
-2.165415162636269208e+00
-2.165417686742445280e+00
-2.165420205969197376e+00
-2.165422720327915940e+00
-2.165425229833846110e+00
-2.165427734500331436e+00
-2.165430234338818316e+00
-2.165432729364598075e+00
-2.165435219589154414e+00
-2.165437705027817294e+00
-2.165440185692103725e+00
-2.165442661595459395e+00
-2.165445132751354862e+00
-2.165447599173273563e+00
-2.165450060872794236e+00
-2.165452517863437620e+00
-2.165454970158741776e+00
-2.165457417770332516e+00
-2.165459860711782536e+00
-2.165462298996683632e+00
-2.165464732634783118e+00
-2.165467161641633442e+00
-2.165469586028947457e+00
-2.165472005810380907e+00
-2.165474420995749938e+00
-2.165476831600674945e+00
-2.165479237635001386e+00
-2.165481639112455614e+00
-2.165484036044845517e+00
-2.165486428443996303e+00
-2.165488816323685395e+00
-2.165491199693831081e+00
-2.165493578570182986e+00
-2.165495952960753812e+00
-2.165498322881324711e+00
-2.165500688341880142e+00
-2.165503049354357223e+00
-2.165505405932647953e+00
-2.165507758084840972e+00
-2.165510105826801812e+00
-2.165512449168589093e+00
-2.165514788122220757e+00
-2.165517122697782959e+00
-2.165519452909268061e+00
-2.165521778768738415e+00
-2.165524100286325915e+00
-2.165526417474129772e+00
-2.165528730342307639e+00
-2.165531038904930483e+00
-2.165533343172195924e+00
-2.165535643156257795e+00
-2.165537938867336365e+00
-2.165540230317620551e+00
-2.165542517517359489e+00
-2.165544800478769627e+00
-2.165547079212132964e+00
-2.165549353729693483e+00
-2.165551624043714707e+00
-2.165553890162567274e+00
-2.165556152100496679e+00
-2.165558409865901979e+00
-2.165560663469148661e+00
-2.165562912924527961e+00
-2.165565158240481125e+00
-2.165567399429374262e+00
-2.165569636499671269e+00
-2.165571869465727772e+00
-2.165574098336036535e+00
-2.165576323121063407e+00
-2.165578543833246883e+00
-2.165580760481122802e+00
-2.165582973077158968e+00
-2.165585181629912981e+00
-2.165587386153847937e+00
-2.165589586655584764e+00
-2.165591783145688787e+00
-2.165593975638665292e+00
-2.165596164139206525e+00
-2.165598348663818840e+00
-2.165600529217217129e+00
-2.165602705813969298e+00
-2.165604878460783755e+00
-2.165607047172258603e+00
-2.165609211955122682e+00
-2.165611372820067437e+00
-2.165613529777788315e+00
-2.165615682839001632e+00
-2.165617832012458166e+00
-2.165619977310870858e+00
-2.165622118739075397e+00
-2.165624256313756213e+00
-2.165626390039772531e+00
-2.165628519927914386e+00
-2.165630645988989578e+00
-2.165632768233815675e+00
-2.165634886671249593e+00
-2.165637001310158460e+00
-2.165639112161399815e+00
-2.165641219233868764e+00
-2.165643322538446824e+00
-2.165645422084054861e+00
-2.165647517879619066e+00
-2.165649609936065811e+00
-2.165651698262345271e+00
-2.165653782867429378e+00
-2.165655863762276478e+00
-2.165657940955881600e+00
-2.165660014455257798e+00
-2.165662084273393351e+00
-2.165664150417328848e+00
-2.165666212898091914e+00
-2.165668271722746230e+00
-2.165670326904330256e+00
-2.165672378447942137e+00
-2.165674426364660121e+00
-2.165676470663580488e+00
-2.165678511353817282e+00
-2.165680548444490761e+00
-2.165682581944735841e+00
-2.165684611863702980e+00
-2.165686638208550452e+00
-2.165688660992442838e+00
-2.165690680220567543e+00
-2.165692695904115173e+00
-2.165694708052294359e+00
-2.165696716672323774e+00
-2.165698721773429369e+00
-2.165700723362852909e+00
-2.165702721453847346e+00
-2.165704716051675138e+00
-2.165706707165609757e+00
-2.165708694804940215e+00
-2.165710678978960413e+00
-2.165712659694981834e+00
-2.165714636962321027e+00
-2.165716610788308127e+00
-2.165718581184292280e+00
-2.165720548155614988e+00
-2.165722511713649379e+00
-2.165724471865767331e+00
-2.165726428619349164e+00
-2.165728381985803086e+00
-2.165730331970526112e+00
-2.165732278582936932e+00
-2.165734221830460271e+00
-2.165736161724552300e+00
-2.165738098268632505e+00
-2.165740031476194538e+00
-2.165741961352690037e+00
-2.165743887905596576e+00
-2.165745811144411448e+00
-2.165747731078647931e+00
-2.165749647713798076e+00
-2.165751561059392039e+00
-2.165753471122958906e+00
-2.165755377912038870e+00
-2.165757281436194503e+00
-2.165759181702981984e+00
-2.165761078719973920e+00
-2.165762972496766636e+00
-2.165764863038929011e+00
-2.165766750356081793e+00
-2.165768634453809849e+00
-2.165770515341755242e+00
-2.165772393029569809e+00
-2.165774267520846230e+00
-2.165776138827280928e+00
-2.165778006954505397e+00
-2.165779871910193499e+00
-2.165781733704047252e+00
-2.165783592339700636e+00
-2.165785447830936850e+00
-2.165787300179378150e+00
-2.165789149396803115e+00
-2.165790995488905413e+00
-2.165792838461396475e+00
-2.165794678326083300e+00
-2.165796515088692864e+00
-2.165798348756992731e+00
-2.165800179336725417e+00
-2.165802006837713289e+00
-2.165803831265714408e+00
-2.165805652628538969e+00
-2.165807470933998502e+00
-2.165809286187882154e+00
-2.165811098402100399e+00
-2.165812907578383850e+00
-2.165814713726622376e+00
-2.165816516854681684e+00
-2.165818316968394441e+00
-2.165820114075642344e+00
-2.165821908182273603e+00
-2.165823699298232263e+00
-2.165825487429387408e+00
-2.165827272583657592e+00
-2.165829054766931883e+00
-2.165830833985102011e+00
-2.165832610248159984e+00
-2.165834383559971599e+00
-2.165836153930552843e+00
-2.165837921367874230e+00
-2.165839685873783615e+00
-2.165841447460369107e+00
-2.165843206131534693e+00
-2.165844961893247600e+00
-2.165846714757625247e+00
-2.165848464726549683e+00
-2.165850211808059367e+00
-2.165851956010203416e+00
-2.165853697338986805e+00
-2.165855435802479079e+00
-2.165857171404647730e+00
-2.165858904155630871e+00
-2.165860634059416867e+00
-2.165862361124105906e+00
-2.165864085355753144e+00
-2.165865806760424395e+00
-2.165867525346246936e+00
-2.165869241119303457e+00
-2.165870954087744327e+00
-2.165872664255604541e+00
-2.165874371628989437e+00
-2.165876076218134827e+00
-2.165877778025039113e+00
-2.165879477059954983e+00
-2.165881173329024190e+00
-2.165882866836328802e+00
-2.165884557590084913e+00
-2.165886245596457371e+00
-2.165887930861614130e+00
-2.165889613391736024e+00
-2.165891293193008327e+00
-2.165892970273693763e+00
-2.165894644637925026e+00
-2.165896316291915813e+00
-2.165897985243948831e+00
-2.165899651500255096e+00
-2.165901315064997501e+00
-2.165902975944416831e+00
-2.165904634146837093e+00
-2.165906289678513286e+00
-2.165907942543642051e+00
-2.165909592748493928e+00
-2.165911240301426677e+00
-2.165912885206652927e+00
-2.165914527470471196e+00
-2.165916167101263667e+00
-2.165917804101186839e+00
-2.165919438478640213e+00
-2.165921070239949842e+00
-2.165922699389374095e+00
-2.165924325935336459e+00
-2.165925949882108181e+00
-2.165927571236047289e+00
-2.165929190003518912e+00
-2.165930806188818281e+00
-2.165932419800405739e+00
-2.165934030842589841e+00
-2.165935639321766804e+00
-2.165937245242256282e+00
-2.165938848612553702e+00
-2.165940449436995596e+00
-2.165942047722007935e+00
-2.165943643474026459e+00
-2.165945236695314247e+00
-2.165946827396501018e+00
-2.165948415579863617e+00
-2.165950001251866208e+00
-2.165951584418980502e+00
-2.165953165085594101e+00
-2.165954743258192039e+00
-2.165956318943272674e+00
-2.165957892147333919e+00
-2.165959462872699248e+00
-2.165961031125879011e+00
-2.165962596913400873e+00
-2.165964160241795611e+00
-2.165965721115504117e+00
-2.165967279538973500e+00
-2.165968835520855063e+00
-2.165970389063510027e+00
-2.165971940173505139e+00
-2.165973488855316376e+00
-2.165975035117624348e+00
-2.165976578962815147e+00
-2.165978120397485274e+00
-2.165979659426136461e+00
-2.165981196055375424e+00
-2.165982730289714997e+00
-2.165984262135781435e+00
-2.165985791595996357e+00
-2.165987318679102547e+00
-2.165988843389639040e+00
-2.165990365732151979e+00
-2.165991885711193277e+00
-2.165993403333430045e+00
-2.165994918603423525e+00
-2.165996431525747834e+00
-2.165997942109200380e+00
-2.165999450354142652e+00
-2.166000956267275068e+00
-2.166002459857419460e+00
-2.166003961124953747e+00
-2.166005460076597444e+00
-2.166006956719080723e+00
-2.166008451054911355e+00
-2.166009943090831058e+00
-2.166011432831472128e+00
-2.166012920281476628e+00
-2.166014405447606261e+00
-2.166015888334515083e+00
-2.166017368944743282e+00
-2.166018847285071214e+00
-2.166020323362292110e+00
-2.166021797178962593e+00
-2.166023268739764251e+00
-2.166024738051508081e+00
-2.166026205118892101e+00
-2.166027669944488476e+00
-2.166029132537258928e+00
-2.166030592897662199e+00
-2.166032051034668893e+00
-2.166033506948756404e+00
-2.166034960648903773e+00
-2.166036412139853873e+00
-2.166037861422089428e+00
-2.166039308504617900e+00
-2.166040753392197260e+00
-2.166042196087457850e+00
-2.166043636595164745e+00
-2.166045074922223534e+00
-2.166046511071280101e+00
-2.166047945049254242e+00
-2.166049376858802056e+00
-2.166050806504720150e+00
-2.166052233993946086e+00
-2.166053659329152836e+00
-2.166055082515154329e+00
-2.166056503556768487e+00
-2.166057922458823448e+00
-2.166059339228289193e+00
-2.166060753865726607e+00
-2.166062166375976261e+00
-2.166063576768166854e+00
-2.166064985042874369e+00
-2.166066391204958030e+00
-2.166067795261426010e+00
-2.166069197212867170e+00
-2.166070597068442627e+00
-2.166071994828749236e+00
-2.166073390500820040e+00
-2.166074784087404392e+00
-2.166076175595549991e+00
-2.166077565025871010e+00
-2.166078952387569867e+00
-2.166080337679123780e+00
-2.166081720911899655e+00
-2.166083102084377821e+00
-2.166084481203644163e+00
-2.166085858274636067e+00
-2.166087233300150849e+00
-2.166088606285137885e+00
-2.166089977234551878e+00
-2.166091346153359076e+00
-2.166092713042215401e+00
-2.166094077910404980e+00
-2.166095440758594837e+00
-2.166096801593927701e+00
-2.166098160419237306e+00
-2.166099517237355609e+00
-2.166100872055448434e+00
-2.166102224874200122e+00
-2.166103575702942763e+00
-2.166104924540213528e+00
-2.166106271395356053e+00
-2.166107616266913283e+00
-2.166108959164242620e+00
-2.166110300090223539e+00
-2.166111639047733739e+00
-2.166112976041821625e+00
-2.166114311077547150e+00
-2.166115644155635067e+00
-2.166116975283321811e+00
-2.166118304465673994e+00
-2.166119631703435466e+00
-2.166120957001688829e+00
-2.166122280365518016e+00
-2.166123601800017617e+00
-2.166124921305946582e+00
-2.166126238890575983e+00
-2.166127554556844359e+00
-2.166128868307692912e+00
-2.166130180148241102e+00
-2.166131490083611055e+00
-2.166132798114587033e+00
-2.166134104248475190e+00
-2.166135408486067782e+00
-2.166136710834682955e+00
-2.166138011295116961e+00
-2.166139309874705710e+00
-2.166140606574252558e+00
-2.166141901398923153e+00
-2.166143194353887580e+00
-2.166144485442142553e+00
-2.166145774664510970e+00
-2.166147062030537640e+00
-2.166148347538869867e+00
-2.166149631196885750e+00
-2.166150913007604650e+00
-2.166152192974051260e+00
-2.166153471099249384e+00
-2.166154747388418844e+00
-2.166156021846778579e+00
-2.166157294475187012e+00
-2.166158565281060433e+00
-2.166159834263075457e+00
-2.166161101428658586e+00
-2.166162366780870485e+00
-2.166163630322773148e+00
-2.166164892059625924e+00
-2.166166151994497024e+00
-2.166167410130463544e+00
-2.166168666470607018e+00
-2.166169921020200562e+00
-2.166171173782336812e+00
-2.166172424760107074e+00
-2.166173673956607093e+00
-2.166174921379330431e+00
-2.166176167026991006e+00
-2.166177410904895240e+00
-2.166178653018352218e+00
-2.166179893370485221e+00
-2.166181131964414419e+00
-2.166182368801068847e+00
-2.166183603887974929e+00
-2.166184837228276372e+00
-2.166186068822904431e+00
-2.166187298679410844e+00
-2.166188526796537506e+00
-2.166189753181842814e+00
-2.166190977836278453e+00
-2.166192200763006781e+00
-2.166193421969599964e+00
-2.166194641454818104e+00
-2.166195859226246689e+00
-2.166197075282648044e+00
-2.166198289631618312e+00
-2.166199502276344724e+00
-2.166200713217806495e+00
-2.166201922459196627e+00
-2.166203130008134359e+00
-2.166204335863398889e+00
-2.166205540032621890e+00
-2.166206742514583894e+00
-2.166207943316929452e+00
-2.166209142440661317e+00
-2.166210339891215586e+00
-2.166211535667388777e+00
-2.166212729779059654e+00
-2.166213922222808730e+00
-2.166215113008530313e+00
-2.166216302135028471e+00
-2.166217489605549940e+00
-2.166218675427784568e+00
-2.166219859600544417e+00
-2.166221042129310881e+00
-2.166222223015121351e+00
-2.166223402265689213e+00
-2.166224579879837631e+00
-2.166225755863064428e+00
-2.166226930218647873e+00
-2.166228102947645340e+00
-2.166229274055566201e+00
-2.166230443545700712e+00
-2.166231611421342684e+00
-2.166232777683565924e+00
-2.166233942337894902e+00
-2.166235105387637194e+00
-2.166236266833874602e+00
-2.166237426679917810e+00
-2.166238584931312161e+00
-2.166239741589150558e+00
-2.166240896658990334e+00
-2.166242050139691955e+00
-2.166243202039056293e+00
-2.166244352358185132e+00
-2.166245501100420690e+00
-2.166246648266868746e+00
-2.166247793865348381e+00
-2.166248937894740934e+00
-2.166250080358400609e+00
-2.166251221261922044e+00
-2.166252360606434557e+00
-2.166253498395299015e+00
-2.166254634631889608e+00
-2.166255769319580082e+00
-2.166256902461747291e+00
-2.166258034059531656e+00
-2.166259164118562452e+00
-2.166260292639983653e+00
-2.166261419627190321e+00
-2.166262545083577074e+00
-2.166263669012547410e+00
-2.166264791415256852e+00
-2.166265912295114227e+00
-2.166267031657777231e+00
-2.166268149504413820e+00
-2.166269265836195057e+00
-2.166270380658793293e+00
-2.166271493975633344e+00
-2.166272605785644956e+00
-2.166273716096763113e+00
-2.166274824907924224e+00
-2.166275932224818401e+00
-2.166277038046384718e+00
-2.166278142380579919e+00
-2.166279245228601269e+00
-2.166280346591649586e+00
-2.166281446473181660e+00
-2.166282544878918692e+00
-2.166283641807814409e+00
-2.166284737263334481e+00
-2.166285831251212102e+00
-2.166286923770410766e+00
-2.166288014828923192e+00
-2.166289104423457790e+00
-2.166290192562022376e+00
-2.166291279243586221e+00
-2.166292364473903831e+00
-2.166293448254215104e+00
-2.166294530588018130e+00
-2.166295611476557248e+00
-2.166296690923338986e+00
-2.166297768934142720e+00
-2.166298845505685744e+00
-2.166299920648286914e+00
-2.166300994356400000e+00
-2.166302066640358071e+00
-2.166303137499152154e+00
-2.166304206934045684e+00
-2.166305274950846460e+00
-2.166306341550824577e+00
-2.166307406737525199e+00
-2.166308470512221085e+00
-2.166309532878462729e+00
-2.166310593839806398e+00
-2.166311653397537729e+00
-2.166312711555214765e+00
-2.166313768316403987e+00
-2.166314823680122181e+00
-2.166315877654493960e+00
-2.166316930236258820e+00
-2.166317981433556028e+00
-2.166319031245407700e+00
-2.166320079673119459e+00
-2.166321126724839452e+00
-2.166322172399602231e+00
-2.166323216698717413e+00
-2.166324259628068294e+00
-2.166325301188974262e+00
-2.166326341382754705e+00
-2.166327380213023179e+00
-2.166328417683388352e+00
-2.166329453795180715e+00
-2.166330488549735644e+00
-2.166331521952959971e+00
-2.166332554006194400e+00
-2.166333584708489912e+00
-2.166334614068055942e+00
-2.166335642083951907e+00
-2.166336668757526063e+00
-2.166337694094708333e+00
-2.166338718096856741e+00
-2.166339740765326649e+00
-2.166340762103769357e+00
-2.166341782115843717e+00
-2.166342800800617141e+00
-2.166343818164048862e+00
-2.166344834205213843e+00
-2.166345848930073537e+00
-2.166346862337709567e+00
-2.166347874434092713e+00
-2.166348885220604092e+00
-2.166349894696329770e+00
-2.166350902869551565e+00
-2.166351909737055603e+00
-2.166352915304837090e+00
-2.166353919574288689e+00
-2.166354922549109219e+00
-2.166355924228394070e+00
-2.166356924618147772e+00
-2.166357923717475487e+00
-2.166358921532387960e+00
-2.166359918064294732e+00
-2.166360913312304515e+00
-2.166361907282438715e+00
-2.166362899976118417e+00
-2.166363891394758934e+00
-2.166364881542093279e+00
-2.166365870421852247e+00
-2.166366858030844167e+00
-2.166367844377427687e+00
-2.166368829460724399e+00
-2.166369813284479307e+00
-2.166370795847816222e+00
-2.166371777159113776e+00
-2.166372757215183853e+00
-2.166373736019788776e+00
-2.166374713579000133e+00
-2.166375689889639133e+00
-2.166376664955471210e+00
-2.166377638780265791e+00
-2.166378611367798968e+00
-2.166379582717211427e+00
-2.166380552829963335e+00
-2.166381521712156033e+00
-2.166382489362936425e+00
-2.166383455786093037e+00
-2.166384420985418835e+00
-2.166385384957742577e+00
-2.166386347711506843e+00
-2.166387309245868753e+00
-2.166388269562306679e+00
-2.166389228664628241e+00
-2.166390186554319364e+00
-2.166391143235192995e+00
-2.166392098708740388e+00
-2.166393052974125766e+00
-2.166394006037498432e+00
-2.166394957900358076e+00
-2.166395908561873362e+00
-2.166396858028206918e+00
-2.166397806300862428e+00
-2.166398753379014774e+00
-2.166399699266504886e+00
-2.166400643967177242e+00
-2.166401587480211610e+00
-2.166402529811791489e+00
-2.166403470961101529e+00
-2.166404410929661850e+00
-2.166405349721332474e+00
-2.166406287337636627e+00
-2.166407223780100644e+00
-2.166408159052596538e+00
-2.166409093154313847e+00
-2.166410026091467600e+00
-2.166410957863254882e+00
-2.166411888473553926e+00
-2.166412817921567147e+00
-2.166413746211177660e+00
-2.166414673346275244e+00
-2.166415599326063646e+00
-2.166416524152095402e+00
-2.166417447830608634e+00
-2.166418370360816859e+00
-2.166419291744277498e+00
-2.166420211984893651e+00
-2.166421131081882834e+00
-2.166422049039153030e+00
-2.166422965860621552e+00
-2.166423881545508578e+00
-2.166424796097733640e+00
-2.166425709516518250e+00
-2.166426621808142272e+00
-2.166427532969477987e+00
-2.166428443006809257e+00
-2.166429351921718371e+00
-2.166430259713436612e+00
-2.166431166385905716e+00
-2.166432071943065640e+00
-2.166432976381799325e+00
-2.166433879708410615e+00
-2.166434781924496011e+00
-2.166435683029292569e+00
-2.166436583026760232e+00
-2.166437481918499053e+00
-2.166438379708474304e+00
-2.166439276395931035e+00
-2.166440171982476404e+00
-2.166441066472084120e+00
-2.166441959866365341e+00
-2.166442852166934774e+00
-2.166443743375409348e+00
-2.166444633493409988e+00
-2.166445522524921508e+00
-2.166446410469200501e+00
-2.166447297327874111e+00
-2.166448183104935143e+00
-2.166449067804379514e+00
-2.166449951423108367e+00
-2.166450833965119394e+00
-2.166451715434418723e+00
-2.166452595827906169e+00
-2.166453475154333397e+00
-2.166454353408228783e+00
-2.166455230598353765e+00
-2.166456106721608155e+00
-2.166456981779640412e+00
-2.166457855778850305e+00
-2.166458728718515747e+00
-2.166459600600292745e+00
-2.166460471425839529e+00
-2.166461341196811663e+00
-2.166462209917249471e+00
-2.166463077586440633e+00
-2.166463944206046488e+00
-2.166464809780117129e+00
-2.166465674310321443e+00
-2.166466537795947112e+00
-2.166467400241053110e+00
-2.166468261647314097e+00
-2.166469122016406956e+00
-2.166469981350014784e+00
-2.166470839647431035e+00
-2.166471696915110989e+00
-2.166472553152355651e+00
-2.166473408360853448e+00
-2.166474262542293250e+00
-2.166475115698367482e+00
-2.166475967833158656e+00
-2.166476818943584792e+00
-2.166477669036122045e+00
-2.166478518112470830e+00
-2.166479366171945031e+00
-2.166480213216247730e+00
-2.166481059247082896e+00
-2.166481904268553027e+00
-2.166482748282368753e+00
-2.166483591287847510e+00
-2.166484433286703037e+00
-2.166485274283048046e+00
-2.166486114276203523e+00
-2.166486953270286619e+00
-2.166487791264620544e+00
-2.166488628263332661e+00
-2.166489464268141596e+00
-2.166490299278382547e+00
-2.166491133295781690e+00
-2.166491966324473051e+00
-2.166492798363790939e+00
-2.166493629417867162e+00
-2.166494459486043578e+00
-2.166495288570056132e+00
-2.166496116674050398e+00
-2.166496943799771646e+00
-2.166497769944155660e+00
-2.166498595113758086e+00
-2.166499419310333518e+00
-2.166500242530815079e+00
-2.166501064781774843e+00
-2.166501886062556892e+00
-2.166502706374918930e+00
-2.166503525720620882e+00
-2.166504344101421786e+00
-2.166505161519086897e+00
-2.166505977975381469e+00
-2.166506793472068537e+00
-2.166507608010920460e+00
-2.166508421593706935e+00
-2.166509234219785363e+00
-2.166510045893343950e+00
-2.166510856616163050e+00
-2.166511666387600510e+00
-2.166512475209438460e+00
-2.166513283085872210e+00
-2.166514090018690109e+00
-2.166514896004839930e+00
-2.166515701050947040e+00
-2.166516505156379946e+00
-2.166517308322929658e+00
-2.166518110552393406e+00
-2.166518911844137918e+00
-2.166519712204809878e+00
-2.166520511631361057e+00
-2.166521310125587796e+00
-2.166522107691721821e+00
-2.166522904331564803e+00
-2.166523700044499456e+00
-2.166524494832331005e+00
-2.166525288696871332e+00
-2.166526081639930101e+00
-2.166526873663321862e+00
-2.166527664766431549e+00
-2.166528454953505101e+00
-2.166529244226364614e+00
-2.166530032586830412e+00
-2.166530820031859594e+00
-2.166531606568142809e+00
-2.166532392195073431e+00
-2.166533176912041725e+00
-2.166533960725752994e+00
-2.166534743633165228e+00
-2.166535525638546567e+00
-2.166536306741295714e+00
-2.166537086943250756e+00
-2.166537866248689603e+00
-2.166538644657013180e+00
-2.166539422167624185e+00
-2.166540198784806304e+00
-2.166540974510406503e+00
-2.166541749343831480e+00
-2.166542523289373356e+00
-2.166543296346440606e+00
-2.166544068514442145e+00
-2.166544839800119693e+00
-2.166545610200444560e+00
-2.166546379717271709e+00
-2.166547148354907026e+00
-2.166547916112766536e+00
-2.166548682995160569e+00
-2.166549448999064431e+00
-2.166550214126338858e+00
-2.166550978383752657e+00
-2.166551741765828432e+00
-2.166552504279337654e+00
-2.166553265923703897e+00
-2.166554026698354729e+00
-2.166554786610069172e+00
-2.166555545653367609e+00
-2.166556303835037944e+00
-2.166557061154509967e+00
-2.166557817613668835e+00
-2.166558573214401484e+00
-2.166559327956139036e+00
-2.166560081840767982e+00
-2.166560834872641284e+00
-2.166561587048735138e+00
-2.166562338375860097e+00
-2.166563088850996799e+00
-2.166563838476042836e+00
-2.166564587252894469e+00
-2.166565335183457286e+00
-2.166566082269632432e+00
-2.166566828510865239e+00
-2.166567573911521993e+00
-2.166568318471051136e+00
-2.166569062188897554e+00
-2.166569805069432864e+00
-2.166570547114577305e+00
-2.166571288323777544e+00
-2.166572028696480690e+00
-2.166572768239543922e+00
-2.166573506949950545e+00
-2.166574244829621243e+00
-2.166574981882948947e+00
-2.166575718106920068e+00
-2.166576453505929756e+00
-2.166577188079438887e+00
-2.166577921829373032e+00
-2.166578654760143330e+00
-2.166579386866254620e+00
-2.166580118157067414e+00
-2.166580848627097211e+00
-2.166581578280754705e+00
-2.166582307119981454e+00
-2.166583035146719460e+00
-2.166583762357956910e+00
-2.166584488760594951e+00
-2.166585214351622213e+00
-2.166585939135468042e+00
-2.166586663109120181e+00
-2.166587386279491767e+00
-2.166588108643575428e+00
-2.166588830203322935e+00
-2.166589550963176514e+00
-2.166590270922609474e+00
-2.166590990081097789e+00
-2.166591708440602559e+00
-2.166592426003085325e+00
-2.166593142770511626e+00
-2.166593858744848777e+00
-2.166594573925578082e+00
-2.166595288312178624e+00
-2.166596001909109059e+00
-2.166596714718344252e+00
-2.166597426739367727e+00
-2.166598137971666560e+00
-2.166598848419704293e+00
-2.166599558082973331e+00
-2.166600266963452537e+00
-2.166600975063122547e+00
-2.166601682381473992e+00
-2.166602388920494171e+00
-2.166603094682169051e+00
-2.166603799665989261e+00
-2.166604503876443211e+00
-2.166605207310528858e+00
-2.166605909972735944e+00
-2.166606611862560872e+00
-2.166607312982000710e+00
-2.166608013333054750e+00
-2.166608712915218504e+00
-2.166609411730495705e+00
-2.166610109778386750e+00
-2.166610807063396926e+00
-2.166611503585030629e+00
-2.166612199345292478e+00
-2.166612894346196860e+00
-2.166613588584737293e+00
-2.166614282065437713e+00
-2.166614974790307624e+00
-2.166615666758856751e+00
-2.166616357970593043e+00
-2.166617048430042214e+00
-2.166617738139227978e+00
-2.166618427095146071e+00
-2.166619115299826426e+00
-2.166619802757798752e+00
-2.166620489468579436e+00
-2.166621175431683533e+00
-2.166621860649140086e+00
-2.166622545122977694e+00
-2.166623228855230732e+00
-2.166623911845418693e+00
-2.166624594093057077e+00
-2.166625275602702239e+00
-2.166625956373872341e+00
-2.166626636408610196e+00
-2.166627315706436185e+00
-2.166627994269392676e+00
-2.166628672099526032e+00
-2.166629349198879062e+00
-2.166630025564460382e+00
-2.166630701200839226e+00
-2.166631376107541751e+00
-2.166632050286620537e+00
-2.166632723740129940e+00
-2.166633396467599670e+00
-2.166634068471084085e+00
-2.166634739750119998e+00
-2.166635410306759990e+00
-2.166636080143069076e+00
-2.166636749258579631e+00
-2.166637417657884868e+00
-2.166638085337993402e+00
-2.166638752300971582e+00
-2.166639418548883977e+00
-2.166640084081270512e+00
-2.166640748902735503e+00
-2.166641413010285344e+00
-2.166642076408529238e+00
-2.166642739097007997e+00
-2.166643401075263320e+00
-2.166644062347909294e+00
-2.166644722911955423e+00
-2.166645382772016681e+00
-2.166646041925105237e+00
-2.166646700378378476e+00
-2.166647358126307488e+00
-2.166648015176058095e+00
-2.166648671524639802e+00
-2.166649327174143380e+00
-2.166649982126658713e+00
-2.166650636381738160e+00
-2.166651289941477376e+00
-2.166651942805426057e+00
-2.166652594975683854e+00
-2.166653246456894610e+00
-2.166653897243521865e+00
-2.166654547340215231e+00
-2.166655196749075696e+00
-2.166655845469661390e+00
-2.166656493501532665e+00
-2.166657140849342245e+00
-2.166657787510104516e+00
-2.166658433488476199e+00
-2.166659078784020753e+00
-2.166659723396299420e+00
-2.166660367327427839e+00
-2.166661010582070279e+00
-2.166661653154693390e+00
-2.166662295052518505e+00
-2.166662936272559126e+00
-2.166663576814377379e+00
-2.166664216685212807e+00
-2.166664855882074470e+00
-2.166665494404534265e+00
-2.166666132257275112e+00
-2.166666769439866691e+00
-2.166667405951884895e+00
-2.166668041795456023e+00
-2.166668676972715257e+00
-2.166669311483235827e+00
-2.166669945326593627e+00
-2.166670578507485345e+00
-2.166671211025488653e+00
-2.166671842882742727e+00
-2.166672474076262400e+00
-2.166673104610755018e+00
-2.166673734483230973e+00
-2.166674363700969330e+00
-2.166674992258420307e+00
-2.166675620162861193e+00
-2.166676247411310818e+00
-2.166676874003349962e+00
-2.166677499943696628e+00
-2.166678125231940477e+00
-2.166678749867662290e+00
-2.166679373855590729e+00
-2.166679997192743290e+00
-2.166680619881274694e+00
-2.166681241923347212e+00
-2.166681863318549173e+00
-2.166682484066469794e+00
-2.166683104171846619e+00
-2.166683723634272418e+00
-2.166684342453338630e+00
-2.166684960631213297e+00
-2.166685578170065352e+00
-2.166686195066913623e+00
-2.166686811326505868e+00
-2.166687426948437079e+00
-2.166688041934886400e+00
-2.166688656282865111e+00
-2.166689269997133405e+00
-2.166689883079873979e+00
-2.166690495528098115e+00
-2.166691107343992506e+00
-2.166691718529737187e+00
-2.166692329084934254e+00
-2.166692939011769070e+00
-2.166693548309845063e+00
-2.166694156978759889e+00
-2.166694765025882319e+00
-2.166695372443051326e+00
-2.166695979240226944e+00
-2.166696585411834075e+00
-2.166697190960067854e+00
-2.166697795889716005e+00
-2.166698400195205210e+00
-2.166699003883917563e+00
-2.166699606952868784e+00
-2.166700209404260669e+00
-2.166700811237704194e+00
-2.166701412455402043e+00
-2.166702013059564003e+00
-2.166702613047203130e+00
-2.166703212423124025e+00
-2.166703811186942996e+00
-2.166704409338271464e+00
-2.166705006879321882e+00
-2.166705603812309811e+00
-2.166706200134249638e+00
-2.166706795849960621e+00
-2.166707390959058621e+00
-2.166707985461160835e+00
-2.166708579358487707e+00
-2.166709172653262350e+00
-2.166709765342501370e+00
-2.166710357431031131e+00
-2.166710948915869572e+00
-2.166711539801848829e+00
-2.166712130085982846e+00
-2.166712719773109086e+00
-2.166713308862853626e+00
-2.166713897354838547e+00
-2.166714485251298505e+00
-2.166715072551857801e+00
-2.166715659256141180e+00
-2.166716245368999871e+00
-2.166716830890059065e+00
-2.166717415816335368e+00
-2.166718000152680013e+00
-2.166718583901340534e+00
-2.166719167059329543e+00
-2.166719749628892799e+00
-2.166720331609662598e+00
-2.166720913006501270e+00
-2.166721493813805299e+00
-2.166722074039063806e+00
-2.166722653679288513e+00
-2.166723232739354632e+00
-2.166723811213656870e+00
-2.166724389107069548e+00
-2.166724966419228071e+00
-2.166725543155014311e+00
-2.166726119308819420e+00
-2.166726694885525717e+00
-2.166727269884774376e+00
-2.166727844306201689e+00
-2.166728418154696190e+00
-2.166728991427274931e+00
-2.166729564126202767e+00
-2.166730136251123540e+00
-2.166730707806931555e+00
-2.166731278788013970e+00
-2.166731849199270865e+00
-2.166732419042974200e+00
-2.166732988316141029e+00
-2.166733557021046419e+00
-2.166734125159964552e+00
-2.166734692729912037e+00
-2.166735259738432173e+00
-2.166735826179907232e+00
-2.166736392056616278e+00
-2.166736957370845040e+00
-2.166737522122239135e+00
-2.166738086313086509e+00
-2.166738649943035888e+00
-2.166739213014377885e+00
-2.166739775526760781e+00
-2.166740337479840406e+00
-2.166740898875904708e+00
-2.166741459714607743e+00
-2.166742019998244118e+00
-2.166742579726466555e+00
-2.166743138898929999e+00
-2.166743697520576273e+00
-2.166744255588417101e+00
-2.166744813104753753e+00
-2.166745370071886612e+00
-2.166745926486828289e+00
-2.166746482351884939e+00
-2.166747037669356946e+00
-2.166747592438908576e+00
-2.166748146660195218e+00
-2.166748700338178235e+00
-2.166749253467217695e+00
-2.166749806054923955e+00
-2.166750358095661966e+00
-2.166750909594391317e+00
-2.166751460550779385e+00
-2.166752010967139874e+00
-2.166752560840484954e+00
-2.166753110175787533e+00
-2.166753658970057561e+00
-2.166754207225614515e+00
-2.166754754944782757e+00
-2.166755302127229221e+00
-2.166755848772619952e+00
-2.166756394883283754e+00
-2.166756940458884895e+00
-2.166757485501754843e+00
-2.166758030011563196e+00
-2.166758573987980441e+00
-2.166759117430673953e+00
-2.166759660344640626e+00
-2.166760202729552276e+00
-2.166760744585082055e+00
-2.166761285910901780e+00
-2.166761826709350025e+00
-2.166762366980100829e+00
-2.166762906725492321e+00
-2.166763445945202093e+00
-2.166763984638905072e+00
-2.166764522808942051e+00
-2.166765060457662706e+00
-2.166765597582071656e+00
-2.166766134184517689e+00
-2.166766670264677064e+00
-2.166767205827572873e+00
-2.166767740870212400e+00
-2.166768275392275012e+00
-2.166768809396113049e+00
-2.166769342884081073e+00
-2.166769875853186367e+00
-2.166770408308460905e+00
-2.166770940246909749e+00
-2.166771471673569760e+00
-2.166772002582770806e+00
-2.166772532982228494e+00
-2.166773062866270916e+00
-2.166773592242620339e+00
-2.166774121105603523e+00
-2.166774649457583912e+00
-2.166775177300930721e+00
-2.166775704635329980e+00
-2.166776231463150459e+00
-2.166776757781400331e+00
-2.166777283595130665e+00
-2.166777808901350078e+00
-2.166778333702430004e+00
-2.166778858000746766e+00
-2.166779381793305870e+00
-2.166779905085171265e+00
-2.166780427873344461e+00
-2.166780950160208885e+00
-2.166781471945455895e+00
-2.166781993231466252e+00
-2.166782514017934869e+00
-2.166783034304554434e+00
-2.166783554093712816e+00
-2.166784073385102261e+00
-2.166784592178418567e+00
-2.166785110476051823e+00
-2.166785628280389453e+00
-2.166786145588437851e+00
-2.166786662402587993e+00
-2.166787178725231744e+00
-2.166787694553374166e+00
-2.166788209889409345e+00
-2.166788724735733584e+00
-2.166789239092048902e+00
-2.166789752955354142e+00
-2.166790266330749226e+00
-2.166790779220638896e+00
-2.166791291619319715e+00
-2.166791803531897820e+00
-2.166792314958078336e+00
-2.166792825897561059e+00
-2.166793336352752952e+00
-2.166793846323360473e+00
-2.166794355809086969e+00
-2.166794864812341626e+00
-2.166795373335537622e+00
-2.166795881372968857e+00
-2.166796388932461070e+00
-2.166796896011015772e+00
-2.166797402608339418e+00
-2.166797908726847410e+00
-2.166798414366249315e+00
-2.166798919528963641e+00
-2.166799424214700398e+00
-2.166799928423170929e+00
-2.166800432156795964e+00
-2.166800935415286844e+00
-2.166801438198353136e+00
-2.166801940508425339e+00
-2.166802442345209911e+00
-2.166802943708423967e+00
-2.166803444600493123e+00
-2.166803945021134048e+00
-2.166804444972776356e+00
-2.166804944452416226e+00
-2.166805443462487268e+00
-2.166805942005423535e+00
-2.166806440078222540e+00
-2.166806937686042378e+00
-2.166807434825874790e+00
-2.166807931500162709e+00
-2.166808427705897433e+00
-2.166808923450970426e+00
-2.166809418729648495e+00
-2.166809913544377242e+00
-2.166810407897601820e+00
-2.166810901789042898e+00
-2.166811395218418479e+00
-2.166811888185448787e+00
-2.166812380692585194e+00
-2.166812872739546147e+00
-2.166813364328787017e+00
-2.166813855457294213e+00
-2.166814346130256475e+00
-2.166814836344666872e+00
-2.166815326102976336e+00
-2.166815815404912193e+00
-2.166816304250196445e+00
-2.166816792641289791e+00
-2.166817280580653371e+00
-2.166817768062538896e+00
-2.166818255094883128e+00
-2.166818741671938664e+00
-2.166819227798906233e+00
-2.166819713475517162e+00
-2.166820198701494338e+00
-2.166820683476568199e+00
-2.166821167803209658e+00
-2.166821651681144711e+00
-2.166822135110103797e+00
-2.166822618089816022e+00
-2.166823100625498100e+00
-2.166823582714135998e+00
-2.166824064358209068e+00
-2.166824545557445969e+00
-2.166825026308831781e+00
-2.166825506620342345e+00
-2.166825986486210276e+00
-2.166826465908919808e+00
-2.166826944890952955e+00
-2.166827423432042821e+00
-2.166827901531925171e+00
-2.166828379190334442e+00
-2.166828856409754867e+00
-2.166829333189923545e+00
-2.166829809533330931e+00
-2.166830285436957215e+00
-2.166830760903294184e+00
-2.166831235932078492e+00
-2.166831710528559718e+00
-2.166832184684206464e+00
-2.166832658409783008e+00
-2.166833131696757508e+00
-2.166833604553143999e+00
-2.166834076975921786e+00
-2.166834548964831075e+00
-2.166835020519612964e+00
-2.166835491645526357e+00
-2.166835962342317679e+00
-2.166836432606962681e+00
-2.166836902439203794e+00
-2.166837371844309690e+00
-2.166837840822025019e+00
-2.166838309372091764e+00
-2.166838777491487011e+00
-2.166839245185488316e+00
-2.166839712453839883e+00
-2.166840179296284141e+00
-2.166840645712567959e+00
-2.166841111705204437e+00
-2.166841577273943109e+00
-2.166842042418525516e+00
-2.166842507141469198e+00
-2.166842971439753462e+00
-2.166843435318666078e+00
-2.166843898775185462e+00
-2.166844361809058483e+00
-2.166844824425578686e+00
-2.166845286621723599e+00
-2.166845748397240978e+00
-2.166846209757433694e+00
-2.166846670696497945e+00
-2.166847131219736600e+00
-2.166847591326904965e+00
-2.166848051017749910e+00
-2.166848510292026297e+00
-2.166848969149483661e+00
-2.166849427595436417e+00
-2.166849885624074545e+00
-2.166850343240713794e+00
-2.166850800445110803e+00
-2.166851257237016437e+00
-2.166851713616185116e+00
-2.166852169585157917e+00
-2.166852625140902600e+00
-2.166853080288746458e+00
-2.166853535025659916e+00
-2.166853989354184939e+00
-2.166854443274076836e+00
-2.166854896785096241e+00
-2.166855349889785565e+00
-2.166855802587905444e+00
-2.166856254876422749e+00
-2.166856706760674101e+00
-2.166857158240421910e+00
-2.166857609315424149e+00
-2.166858059982647688e+00
-2.166858510250232239e+00
-2.166858960112351351e+00
-2.166859409571556760e+00
-2.166859858630408198e+00
-2.166860307285868092e+00
-2.166860755540499728e+00
-2.166861203394059299e+00
-2.166861650846310994e+00
-2.166862097899815875e+00
-2.166862544554337244e+00
-2.166862990812439271e+00
-2.166863436671083942e+00
-2.166863882130037666e+00
-2.166864327194665929e+00
-2.166864771861932493e+00
-2.166865216131601990e+00
-2.166865660009048788e+00
-2.166866103488429562e+00
-2.166866546575118235e+00
-2.166866989266077681e+00
-2.166867431563879620e+00
-2.166867873471101991e+00
-2.166868314984701005e+00
-2.166868756107256377e+00
-2.166869196835726541e+00
-2.166869637175496077e+00
-2.166870077123527860e+00
-2.166870516682401160e+00
-2.166870955851882385e+00
-2.166871394631745495e+00
-2.166871833024574201e+00
-2.166872271030136243e+00
-2.166872708648208246e+00
-2.166873145878554840e+00
-2.166873582720952207e+00
-2.166874019177985389e+00
-2.166874455252246978e+00
-2.166874890940690523e+00
-2.166875326243091315e+00
-2.166875761162036618e+00
-2.166876195697305718e+00
-2.166876629851489433e+00
-2.166877063621542199e+00
-2.166877497012884568e+00
-2.166877930019643905e+00
-2.166878362647243872e+00
-2.166878794892635796e+00
-2.166879226758418930e+00
-2.166879658244370344e+00
-2.166880089353089289e+00
-2.166880520081534200e+00
-2.166880950435130515e+00
-2.166881380408004265e+00
-2.166881810005586217e+00
-2.166882239224828144e+00
-2.166882668071169249e+00
-2.166883096538725795e+00
-2.166883524632938318e+00
-2.166883952350758591e+00
-2.166884379697628482e+00
-2.166884806667661145e+00
-2.166885233266306887e+00
-2.166885659490512150e+00
-2.166886085345727242e+00
-2.166886510826064871e+00
-2.166886935936975789e+00
-2.166887360675408214e+00
-2.166887785043980941e+00
-2.166888209045316316e+00
-2.166888632673519499e+00
-2.166889055934050123e+00
-2.166889478826695470e+00
-2.166889901351240599e+00
-2.166890323510309191e+00
-2.166890745300845911e+00
-2.166891166722633599e+00
-2.166891587781145656e+00
-2.166892008473324083e+00
-2.166892428798956161e+00
-2.166892848760670454e+00
-2.166893268358254687e+00
-2.166893687591496587e+00
-2.166894106463032710e+00
-2.166894524969800617e+00
-2.166894943114435534e+00
-2.166895360899578460e+00
-2.166895778322166954e+00
-2.166896195381987855e+00
-2.166896612081684381e+00
-2.166897028421043814e+00
-2.166897444402709372e+00
-2.166897860023619060e+00
-2.166898275286416098e+00
-2.166898690190891319e+00
-2.166899104736836001e+00
-2.166899518926897805e+00
-2.166899932758010738e+00
-2.166900346232825125e+00
-2.166900759353989070e+00
-2.166901172118440577e+00
-2.166901584525968705e+00
-2.166901996579227330e+00
-2.166902408280872550e+00
-2.166902819627835264e+00
-2.166903230619909415e+00
-2.166903641259752877e+00
-2.166904051547159149e+00
-2.166904461481923505e+00
-2.166904871066704708e+00
-2.166905280298435432e+00
-2.166905689179776218e+00
-2.166906097710521450e+00
-2.166906505893335222e+00
-2.166906913725151984e+00
-2.166907321208628723e+00
-2.166907728343568262e+00
-2.166908135132636914e+00
-2.166908541569890989e+00
-2.166908947663744200e+00
-2.166909353408248862e+00
-2.166909758806074837e+00
-2.166910163859899541e+00
-2.166910568566642770e+00
-2.166910972928981050e+00
-2.166911376946716761e+00
-2.166911780622522876e+00
-2.166912183950449045e+00
-2.166912586938923191e+00
-2.166912989581994964e+00
-2.166913391882342665e+00
-2.166913793842648595e+00
-2.166914195459833437e+00
-2.166914596736577714e+00
-2.166914997672688692e+00
-2.166915398267965198e+00
-2.166915798522212278e+00
-2.166916198438115337e+00
-2.166916598015478090e+00
-2.166916997254104693e+00
-2.166917396153799746e+00
-2.166917794714367407e+00
-2.166918192938497967e+00
-2.166918590825996027e+00
-2.166918988379556765e+00
-2.166919385593207625e+00
-2.166919782472533029e+00
-2.166920179017338466e+00
-2.166920575224540180e+00
-2.166920971099730142e+00
-2.166921366639813940e+00
-2.166921761847501404e+00
-2.166922156719703896e+00
-2.166922551262015162e+00
-2.166922945471350559e+00
-2.166923339347517352e+00
-2.166923732890324583e+00
-2.166924126105372661e+00
-2.166924518986677040e+00
-2.166924911539844345e+00
-2.166925303761783272e+00
-2.166925695655204542e+00
-2.166926087217018182e+00
-2.166926478452834814e+00
-2.166926869359564911e+00
-2.166927259937019734e+00
-2.166927650187909116e+00
-2.166928040112049647e+00
-2.166928429709251702e+00
-2.166928818979326543e+00
-2.166929207924991996e+00
-2.166929596543155423e+00
-2.166929984839440326e+00
-2.166930372807849281e+00
-2.166930760454009341e+00
-2.166931147774824762e+00
-2.166931534770109469e+00
-2.166931921445498510e+00
-2.166932307797894364e+00
-2.166932693827114065e+00
-2.166933079532969764e+00
-2.166933464918189944e+00
-2.166933849982591198e+00
-2.166934234728900677e+00
-2.166934619151109409e+00
-2.166935003254859993e+00
-2.166935387037055794e+00
-2.166935770500427960e+00
-2.166936153647709862e+00
-2.166936536475804420e+00
-2.166936918984528671e+00
-2.166937301173698316e+00
-2.166937683048968832e+00
-2.166938064604322811e+00
-2.166938445845416172e+00
-2.166938826769149617e+00
-2.166939207378262289e+00
-2.166939587672575218e+00
-2.166939967651906773e+00
-2.166940347313155435e+00
-2.166940726664911221e+00
-2.166941105698219072e+00
-2.166941484421681885e+00
-2.166941862829262710e+00
-2.166942240926638341e+00
-2.166942618710702373e+00
-2.166942996184207271e+00
-2.166943373344044410e+00
-2.166943750192964036e+00
-2.166944126730788955e+00
-2.166944502960274743e+00
-2.166944878875379565e+00
-2.166945254484723637e+00
-2.166945629785197003e+00
-2.166946004773691481e+00
-2.166946379455898075e+00
-2.166946753828707273e+00
-2.166947127894876424e+00
-2.166947501651296903e+00
-2.166947875100727394e+00
-2.166948248245932351e+00
-2.166948621083800486e+00
-2.166948993614155050e+00
-2.166949365842701258e+00
-2.166949737763387951e+00
-2.166950109378977807e+00
-2.166950480689300296e+00
-2.166950851697123426e+00
-2.166951222399330579e+00
-2.166951592798694204e+00
-2.166951962897984973e+00
-2.166952332691140626e+00
-2.166952702183881918e+00
-2.166953071373091788e+00
-2.166953440261540464e+00
-2.166953808849060525e+00
-2.166954177135482329e+00
-2.166954545120633124e+00
-2.166954912807289357e+00
-2.166955280192336186e+00
-2.166955647278548724e+00
-2.166956014065759994e+00
-2.166956380553801242e+00
-2.166956746742501050e+00
-2.166957112634642968e+00
-2.166957478230059575e+00
-2.166957843525628480e+00
-2.166958208527091312e+00
-2.166958573231323015e+00
-2.166958937638156613e+00
-2.166959301747423350e+00
-2.166959665564871074e+00
-2.166960029084417982e+00
-2.166960392311813255e+00
-2.166960755240971537e+00
-2.166961117877646004e+00
-2.166961480221671454e+00
-2.166961842272879579e+00
-2.166962204028145322e+00
-2.166962565493230297e+00
-2.166962926665001010e+00
-2.166963287543293148e+00
-2.166963648130906694e+00
-2.166964008427680000e+00
-2.166964368433444754e+00
-2.166964728148039310e+00
-2.166965087571298465e+00
-2.166965446706026199e+00
-2.166965805549089907e+00
-2.166966164106268078e+00
-2.166966522371454040e+00
-2.166966880350426727e+00
-2.166967238040053978e+00
-2.166967595440171479e+00
-2.166967952553592092e+00
-2.166968309383123792e+00
-2.166968665922660353e+00
-2.166969022175013304e+00
-2.166969378142995950e+00
-2.166969733823473021e+00
-2.166970089219256934e+00
-2.166970444327211975e+00
-2.166970799153132177e+00
-2.166971153693880492e+00
-2.166971507949295273e+00
-2.166971861922198705e+00
-2.166972215612429142e+00
-2.166972569016847761e+00
-2.166972922141257030e+00
-2.166973274982518127e+00
-2.166973627540470293e+00
-2.166973979814956319e+00
-2.166974331811784893e+00
-2.166974683524831136e+00
-2.166975034956919455e+00
-2.166975386107894863e+00
-2.166975736980583989e+00
-2.166976087571845788e+00
-2.166976437884506890e+00
-2.166976787915425806e+00
-2.166977137670421438e+00
-2.166977487146353187e+00
-2.166977836343057628e+00
-2.166978185260383327e+00
-2.166978533901164017e+00
-2.166978882265246931e+00
-2.166979230352475749e+00
-2.166979578162694153e+00
-2.166979925695748932e+00
-2.166980272954481812e+00
-2.166980619935739760e+00
-2.166980966645364326e+00
-2.166981313074207272e+00
-2.166981659231109081e+00
-2.166982005115917875e+00
-2.166982350722480355e+00
-2.166982696056644286e+00
-2.166983041118255127e+00
-2.166983385907160997e+00
-2.166983730423211796e+00
-2.166984074663246496e+00
-2.166984418636129561e+00
-2.166984762332691439e+00
-2.166985105761797925e+00
-2.166985448917286394e+00
-2.166985791802012340e+00
-2.166986134415821663e+00
-2.166986476758563818e+00
-2.166986818833097850e+00
-2.166987160636263621e+00
-2.166987502170919289e+00
-2.166987843436916528e+00
-2.166988184434104348e+00
-2.166988525162335311e+00
-2.166988865621454874e+00
-2.166989205814330521e+00
-2.166989545737799006e+00
-2.166989885394722037e+00
-2.166990224787970654e+00
-2.166990563911364909e+00
-2.166990902767767402e+00
-2.166991241360052278e+00
-2.166991579685050517e+00
-2.166991917748652963e+00
-2.166992255541654977e+00
-2.166992593072966766e+00
-2.166992930339422418e+00
-2.166993267340873608e+00
-2.166993604080194480e+00
-2.166993940554217346e+00
-2.166994276765821237e+00
-2.166994612714853385e+00
-2.166994948401173016e+00
-2.166995283824634466e+00
-2.166995618988115435e+00
-2.166995953885416881e+00
-2.166996288525477432e+00
-2.166996622902096714e+00
-2.166996957018155090e+00
-2.166997290873509119e+00
-2.166997624471044936e+00
-2.166997957807587305e+00
-2.166998290882993672e+00
-2.166998623700147952e+00
-2.166998956255878017e+00
-2.166999288556102687e+00
-2.166999620594613596e+00
-2.166999952377337557e+00
-2.167000283901091340e+00
-2.167000615168770405e+00
-2.167000946177198628e+00
-2.167001276929266140e+00
-2.167001607424836163e+00
-2.167001937666799716e+00
-2.167002267648940439e+00
-2.167002597377194473e+00
-2.167002926848379918e+00
-2.167003256065396677e+00
-2.167003585025062407e+00
-2.167003913733316800e+00
-2.167004242183939056e+00
-2.167004570382872419e+00
-2.167004898326930995e+00
-2.167005226019024899e+00
-2.167005553455962019e+00
-2.167005880640654247e+00
-2.167006207572957699e+00
-2.167006534252735594e+00
-2.167006860682896718e+00
-2.167007186857204282e+00
-2.167007512781617073e+00
-2.167007838455996094e+00
-2.167008163877154114e+00
-2.167008489051054365e+00
-2.167008813971453396e+00
-2.167009138641269317e+00
-2.167009463063414465e+00
-2.167009787234697615e+00
-2.167010111158035990e+00
-2.167010434830238808e+00
-2.167010758257278624e+00
-2.167011081432907549e+00
-2.167011404360044580e+00
-2.167011727041610492e+00
-2.167012049474412283e+00
-2.167012371661370729e+00
-2.167012693599293272e+00
-2.167013015291101574e+00
-2.167013336736660634e+00
-2.167013657935836335e+00
-2.167013978888490566e+00
-2.167014299597555205e+00
-2.167014620059827479e+00
-2.167014940278240598e+00
-2.167015260249593123e+00
-2.167015579976817374e+00
-2.167015899459774797e+00
-2.167016218701404373e+00
-2.167016537695432010e+00
-2.167016856450933560e+00
-2.167017174958567161e+00
-2.167017493224336455e+00
-2.167017811248109105e+00
-2.167018129029752327e+00
-2.167018446572206436e+00
-2.167018763869193787e+00
-2.167019080923654695e+00
-2.167019397738525921e+00
-2.167019714313680456e+00
-2.167020030645910644e+00
-2.167020346741236558e+00
-2.167020662593373448e+00
-2.167020978205266069e+00
-2.167021293576782082e+00
-2.167021608710868463e+00
-2.167021923607396872e+00
-2.167022238263156986e+00
-2.167022552678015579e+00
-2.167022866858004271e+00
-2.167023180799914517e+00
-2.167023494500529779e+00
-2.167023807965886117e+00
-2.167024121195857855e+00
-2.167024434187227122e+00
-2.167024746939867352e+00
-2.167025059459819492e+00
-2.167025371740781470e+00
-2.167025683785709589e+00
-2.167025995594476395e+00
-2.167026307170043520e+00
-2.167026618509189539e+00
-2.167026929614878750e+00
-2.167027240483892392e+00
-2.167027551119192541e+00
-2.167027861520652632e+00
-2.167028171688143878e+00
-2.167028481621540159e+00
-2.167028791323805770e+00
-2.167029100791721952e+00
-2.167029410025159475e+00
-2.167029719027087076e+00
-2.167030027797378189e+00
-2.167030336335909357e+00
-2.167030644642550463e+00
-2.167030952717178049e+00
-2.167031260559664663e+00
-2.167031568169882849e+00
-2.167031875550808007e+00
-2.167032182702316678e+00
-2.167032489624281855e+00
-2.167032796313476339e+00
-2.167033102772878639e+00
-2.167033409005466815e+00
-2.167033715008011452e+00
-2.167034020780388204e+00
-2.167034326325578242e+00
-2.167034631640354814e+00
-2.167034936727694205e+00
-2.167035241587475625e+00
-2.167035546216466546e+00
-2.167035850620759874e+00
-2.167036154797126191e+00
-2.167036458748548888e+00
-2.167036762471795885e+00
-2.167037065966744613e+00
-2.167037369236381572e+00
-2.167037672280586857e+00
-2.167037975099237013e+00
-2.167038277692208581e+00
-2.167038580062496944e+00
-2.167038882203746741e+00
-2.167039184122069528e+00
-2.167039485814226119e+00
-2.167039787283212338e+00
-2.167040088528906949e+00
-2.167040389548068546e+00
-2.167040690346816678e+00
-2.167040990921910826e+00
-2.167041291273227976e+00
-2.167041591400649558e+00
-2.167041891307174062e+00
-2.167042190989563633e+00
-2.167042490450815873e+00
-2.167042789690812210e+00
-2.167043088709434961e+00
-2.167043387503436502e+00
-2.167043686078951037e+00
-2.167043984432730497e+00
-2.167044282567784030e+00
-2.167044580480865790e+00
-2.167044878174984035e+00
-2.167045175646890698e+00
-2.167045472899596703e+00
-2.167045769936112976e+00
-2.167046066750063726e+00
-2.167046363344458104e+00
-2.167046659722310142e+00
-2.167046955880369996e+00
-2.167047251821653919e+00
-2.167047547542910735e+00
-2.167047843047154032e+00
-2.167048138334271901e+00
-2.167048433404143104e+00
-2.167048728256653511e+00
-2.167049022891684551e+00
-2.167049317309119427e+00
-2.167049611511977503e+00
-2.167049905500149531e+00
-2.167050199270374122e+00
-2.167050492822536700e+00
-2.167050786162800780e+00
-2.167051079287913407e+00
-2.167051372194612746e+00
-2.167051664889070750e+00
-2.167051957371172399e+00
-2.167052249634514816e+00
-2.167052541685270395e+00
-2.167052833523325450e+00
-2.167053125148565407e+00
-2.167053416557727541e+00
-2.167053707756997127e+00
-2.167053998739956189e+00
-2.167054289512792664e+00
-2.167054580069092129e+00
-2.167054870418191559e+00
-2.167055160553676973e+00
-2.167055450475430245e+00
-2.167055740186496049e+00
-2.167056029686754481e+00
-2.167056318976098073e+00
-2.167056608054410471e+00
-2.167056896921579323e+00
-2.167057185580649303e+00
-2.167057474025192221e+00
-2.167057762264569920e+00
-2.167058050289193183e+00
-2.167058338108428295e+00
-2.167058625715842624e+00
-2.167058913114483065e+00
-2.167059200307400957e+00
-2.167059487288162334e+00
-2.167059774059815425e+00
-2.167060060625410678e+00
-2.167060346984839292e+00
-2.167060633131661973e+00
-2.167060919075260550e+00
-2.167061204809193065e+00
-2.167061490336515295e+00
-2.167061775657117995e+00
-2.167062060770887477e+00
-2.167062345680883961e+00
-2.167062630380661048e+00
-2.167062914876443980e+00
-2.167063199164953158e+00
-2.167063483249251465e+00
-2.167063767129227436e+00
-2.167064050801601915e+00
-2.167064334269436454e+00
-2.167064617535792159e+00
-2.167064900594218635e+00
-2.167065183450950450e+00
-2.167065466102706672e+00
-2.167065748549377613e+00
-2.167066030794033260e+00
-2.167066312833382469e+00
-2.167066594670497448e+00
-2.167066876305270728e+00
-2.167067157737593064e+00
-2.167067438967360538e+00
-2.167067719991280228e+00
-2.167068000818787699e+00
-2.167068281440234667e+00
-2.167068561861873022e+00
-2.167068842080417834e+00
-2.167069122098940426e+00
-2.167069401917337323e+00
-2.167069681535501058e+00
-2.167069960950139151e+00
-2.167070240167516815e+00
-2.167070519181154786e+00
-2.167070797997321829e+00
-2.167071076612721026e+00
-2.167071355030439683e+00
-2.167071633247178220e+00
-2.167071911262832717e+00
-2.167072189083679490e+00
-2.167072466703229061e+00
-2.167072744124567851e+00
-2.167073021347592388e+00
-2.167073298372195200e+00
-2.167073575201466262e+00
-2.167073851828912545e+00
-2.167074128260816579e+00
-2.167074404497078000e+00
-2.167074680534393227e+00
-2.167074956375854899e+00
-2.167075232021362208e+00
-2.167075507467608020e+00
-2.167075782720888633e+00
-2.167076057777900022e+00
-2.167076332635339941e+00
-2.167076607299502911e+00
-2.167076881770288566e+00
-2.167077156044391550e+00
-2.167077430121707060e+00
-2.167077704005335725e+00
-2.167077977695173630e+00
-2.167078251191122185e+00
-2.167078524493075253e+00
-2.167078797597724371e+00
-2.167079070511380934e+00
-2.167079343230733812e+00
-2.167079615758892075e+00
-2.167079888089334716e+00
-2.167080160231587893e+00
-2.167080432179128380e+00
-2.167080703931856700e+00
-2.167080975496092243e+00
-2.167081246865310895e+00
-2.167081518042622612e+00
-2.167081789027925254e+00
-2.167082059824335882e+00
-2.167082330428534931e+00
-2.167082600840423368e+00
-2.167082871059899940e+00
-2.167083141090081266e+00
-2.167083410930865206e+00
-2.167083680582154059e+00
-2.167083950040626927e+00
-2.167084219309403981e+00
-2.167084488388384411e+00
-2.167084757280689278e+00
-2.167085025979777591e+00
-2.167085294491991831e+00
-2.167085562814011990e+00
-2.167085830948958680e+00
-2.167086098893512336e+00
-2.167086366650795348e+00
-2.167086634217485930e+00
-2.167086901596707804e+00
-2.167087168791591356e+00
-2.167087435795584049e+00
-2.167087702611813604e+00
-2.167087969243410406e+00
-2.167088235687047337e+00
-2.167088501942626255e+00
-2.167088768013279321e+00
-2.167089033895677197e+00
-2.167089299592954710e+00
-2.167089565101779414e+00
-2.167089830428523989e+00
-2.167090095566619024e+00
-2.167090360519204673e+00
-2.167090625289417538e+00
-2.167090889870688653e+00
-2.167091154269394693e+00
-2.167091418482201437e+00
-2.167091682512249040e+00
-2.167091946356205057e+00
-2.167092210017208753e+00
-2.167092473491925908e+00
-2.167092736786739859e+00
-2.167092999895073646e+00
-2.167093262820073196e+00
-2.167093525561639922e+00
-2.167093788119677455e+00
-2.167094050497339275e+00
-2.167094312691280056e+00
-2.167094574701407872e+00
-2.167094836530868207e+00
-2.167095098176324619e+00
-2.167095359640926588e+00
-2.167095620924578192e+00
-2.167095882027186615e+00
-2.167096142945408310e+00
-2.167096403685645711e+00
-2.167096664241303206e+00
-2.167096924618789444e+00
-2.167097184814759991e+00
-2.167097444832369657e+00
-2.167097704668274449e+00
-2.167097964322377557e+00
-2.167098223797840895e+00
-2.167098483094571648e+00
-2.167098742209217832e+00
-2.167099001148200532e+00
-2.167099259904912145e+00
-2.167099518482516363e+00
-2.167099776884176432e+00
-2.167100035103285194e+00
-2.167100293146264178e+00
-2.167100551013024123e+00
-2.167100808696949876e+00
-2.167101066207732352e+00
-2.167101323538755508e+00
-2.167101580689924756e+00
-2.167101837667678499e+00
-2.167102094465391815e+00
-2.167102351086239054e+00
-2.167102607533396341e+00
-2.167102863800236090e+00
-2.167103119893200258e+00
-2.167103375808931531e+00
-2.167103631547337983e+00
-2.167103887111595739e+00
-2.167104142498343045e+00
-2.167104397710760466e+00
-2.167104652748757410e+00
-2.167104907608969899e+00
-2.167105162297853216e+00
-2.167105416808767782e+00
-2.167105671144899048e+00
-2.167105925306154646e+00
-2.167106179295718249e+00
-2.167106433110226327e+00
-2.167106686749586952e+00
-2.167106940216988242e+00
-2.167107193509060004e+00
-2.167107446625714307e+00
-2.167107699573418422e+00
-2.167107952345522115e+00
-2.167108204945216610e+00
-2.167108457372413977e+00
-2.167108709627023622e+00
-2.167108961708955395e+00
-2.167109213618121810e+00
-2.167109465357714093e+00
-2.167109716921078899e+00
-2.167109968314693713e+00
-2.167110219538469718e+00
-2.167110470589034055e+00
-2.167110721469583279e+00
-2.167110972176742756e+00
-2.167111222716998853e+00
-2.167111473083687123e+00
-2.167111723280006341e+00
-2.167111973305870798e+00
-2.167112223164483709e+00
-2.167112472849173521e+00
-2.167112722366432820e+00
-2.167112971712885638e+00
-2.167113220888443159e+00
-2.167113469896310818e+00
-2.167113718736402461e+00
-2.167113967405336794e+00
-2.167114215906318808e+00
-2.167114464239265015e+00
-2.167114712404085708e+00
-2.167114960397399148e+00
-2.167115208225712131e+00
-2.167115455885641584e+00
-2.167115703377098690e+00
-2.167115950699998184e+00
-2.167116197857554383e+00
-2.167116444846381107e+00
-2.167116691669690898e+00
-2.167116938324098907e+00
-2.167117184812820785e+00
-2.167117431132465022e+00
-2.167117677289557065e+00
-2.167117923277398717e+00
-2.167118169099214064e+00
-2.167118414754911626e+00
-2.167118660247721262e+00
-2.167118905570935894e+00
-2.167119150731087629e+00
-2.167119395724784958e+00
-2.167119640555251969e+00
-2.167119885219093600e+00
-2.167120129719536603e+00
-2.167120374053182363e+00
-2.167120618223259854e+00
-2.167120862229686029e+00
-2.167121106069059611e+00
-2.167121349747927805e+00
-2.167121593262890666e+00
-2.167121836610548691e+00
-2.167122079797449086e+00
-2.167122322820194125e+00
-2.167122565682014113e+00
-2.167122808379509546e+00
-2.167123050912597826e+00
-2.167123293284514141e+00
-2.167123535491850550e+00
-2.167123777537847573e+00
-2.167124019422423942e+00
-2.167124261145496611e+00
-2.167124502703657640e+00
-2.167124744103472445e+00
-2.167124985338207743e+00
-2.167125226414432948e+00
-2.167125467328739230e+00
-2.167125708081043989e+00
-2.167125948671263735e+00
-2.167126189102643874e+00
-2.167126429375105801e+00
-2.167126669481904688e+00
-2.167126909432948167e+00
-2.167127149221496296e+00
-2.167127388850796699e+00
-2.167127628320768551e+00
-2.167127867631327476e+00
-2.167128106779061092e+00
-2.167128345770555242e+00
-2.167128584602392216e+00
-2.167128823274493854e+00
-2.167129061790114442e+00
-2.167129300142497161e+00
-2.167129538338235406e+00
-2.167129776377249684e+00
-2.167130014256121839e+00
-2.167130251978108380e+00
-2.167130489539789373e+00
-2.167130726944423547e+00
-2.167130964191931408e+00
-2.167131201282233466e+00
-2.167131438215249783e+00
-2.167131674990896428e+00
-2.167131911609095685e+00
-2.167132148073114717e+00
-2.167132384376181164e+00
-2.167132620524905295e+00
-2.167132856515861405e+00
-2.167133092352317547e+00
-2.167133328030847128e+00
-2.167133563554719089e+00
-2.167133798920502397e+00
-2.167134034131469988e+00
-2.167134269187541040e+00
-2.167134504088636504e+00
-2.167134738834679997e+00
-2.167134973425589806e+00
-2.167135207861289103e+00
-2.167135442141698398e+00
-2.167135676266738642e+00
-2.167135910239683216e+00
-2.167136144057105529e+00
-2.167136377718920759e+00
-2.167136611228408505e+00
-2.167136844582135513e+00
-2.167137077783380494e+00
-2.167137310832061736e+00
-2.167137543724749094e+00
-2.167137776468079480e+00
-2.167138009055256109e+00
-2.167138241489563466e+00
-2.167138473770918949e+00
-2.167138705899250173e+00
-2.167138937877840288e+00
-2.167139169699886292e+00
-2.167139401372037533e+00
-2.167139632894219403e+00
-2.167139864259622239e+00
-2.167140095478268247e+00
-2.167140326539978901e+00
-2.167140557454781291e+00
-2.167140788215863090e+00
-2.167141018826514554e+00
-2.167141249286660631e+00
-2.167141479592852527e+00
-2.167141709751758238e+00
-2.167141939756555669e+00
-2.167142169613916813e+00
-2.167142399320391100e+00
-2.167142628875899035e+00
-2.167142858280370010e+00
-2.167143087537099611e+00
-2.167143316642639039e+00
-2.167143545600287879e+00
-2.167143774406591561e+00
-2.167144003064856328e+00
-2.167144231571624946e+00
-2.167144459930201883e+00
-2.167144688140513420e+00
-2.167144916202482285e+00
-2.167145144116034761e+00
-2.167145371877713167e+00
-2.167145599494206820e+00
-2.167145826962060262e+00
-2.167146054281196221e+00
-2.167146281454927603e+00
-2.167146508479792288e+00
-2.167146735355718778e+00
-2.167146962082626249e+00
-2.167147188663833379e+00
-2.167147415099263341e+00
-2.167147641385454016e+00
-2.167147867525720972e+00
-2.167148093519989605e+00
-2.167148319368187526e+00
-2.167148545066848175e+00
-2.167148770622680853e+00
-2.167148996028829266e+00
-2.167149221292004935e+00
-2.167149446405346236e+00
-2.167149671375567799e+00
-2.167149896199202619e+00
-2.167150120879573372e+00
-2.167150345413209944e+00
-2.167150569800040394e+00
-2.167150794043387840e+00
-2.167151018139779950e+00
-2.167151242092544727e+00
-2.167151465901610230e+00
-2.167151689563500128e+00
-2.167151913084948589e+00
-2.167152136459077116e+00
-2.167152359689215047e+00
-2.167152582775288661e+00
-2.167152805720634401e+00
-2.167153028518367552e+00
-2.167153251175227169e+00
-2.167153473687734255e+00
-2.167153696055820422e+00
-2.167153918279407510e+00
-2.167154140361836845e+00
-2.167154362303033821e+00
-2.167154584099520775e+00
-2.167154805754632818e+00
-2.167155027264890510e+00
-2.167155248633630293e+00
-2.167155469860783334e+00
-2.167155690946278135e+00
-2.167155911886630371e+00
-2.167156132688595083e+00
-2.167156353348689279e+00
-2.167156573866840130e+00
-2.167156794242977469e+00
-2.167157014477031574e+00
-2.167157234568928725e+00
-2.167157454522017801e+00
-2.167157674332810480e+00
-2.167157894004654750e+00
-2.167158113534059183e+00
-2.167158332924376651e+00
-2.167158552175535213e+00
-2.167158771284044771e+00
-2.167158990253254647e+00
-2.167159209083099114e+00
-2.167159427770080082e+00
-2.167159646320978350e+00
-2.167159864728872787e+00
-2.167160083000547299e+00
-2.167160301132504685e+00
-2.167160519121249074e+00
-2.167160736973563040e+00
-2.167160954689381747e+00
-2.167161172265205327e+00
-2.167161389700964502e+00
-2.167161606996589995e+00
-2.167161824158874150e+00
-2.167162041177455034e+00
-2.167162258062557800e+00
-2.167162474807250216e+00
-2.167162691411460784e+00
-2.167162907881990730e+00
-2.167163124211902492e+00
-2.167163340407998628e+00
-2.167163556463334917e+00
-2.167163772384722353e+00
-2.167163988165212718e+00
-2.167164203811618339e+00
-2.167164419320427360e+00
-2.167164634691577163e+00
-2.167164849924994030e+00
-2.167165065024053039e+00
-2.167165279985246329e+00
-2.167165494811944981e+00
-2.167165709500643800e+00
-2.167165924054714754e+00
-2.167166138474089454e+00
-2.167166352755258263e+00
-2.167166566901598035e+00
-2.167166780913042157e+00
-2.167166994789521350e+00
-2.167167208530971223e+00
-2.167167422133875032e+00
-2.167167635605061538e+00
-2.167167848941018438e+00
-2.167168062141675566e+00
-2.167168275210417772e+00
-2.167168488140275961e+00
-2.167168700938086445e+00
-2.167168913600331592e+00
-2.167169126130396251e+00
-2.167169338524760569e+00
-2.167169550786812504e+00
-2.167169762916486775e+00
-2.167169974910263530e+00
-2.167170186771527618e+00
-2.167170398496760519e+00
-2.167170610092809202e+00
-2.167170821552690807e+00
-2.167171032879799952e+00
-2.167171244077528591e+00
-2.167171455138892533e+00
-2.167171666067285063e+00
-2.167171876866103908e+00
-2.167172087531822111e+00
-2.167172298064371283e+00
-2.167172508463687475e+00
-2.167172718733171521e+00
-2.167172928869288917e+00
-2.167173138875444049e+00
-2.167173348748102413e+00
-2.167173558490669283e+00
-2.167173768099609710e+00
-2.167173977578326305e+00
-2.167174186926757340e+00
-2.167174396144835757e+00
-2.167174605229027495e+00
-2.167174814186209275e+00
-2.167175023009374257e+00
-2.167175231705401828e+00
-2.167175440267283371e+00
-2.167175648701897384e+00
-2.167175857005710249e+00
-2.167176065178655797e+00
-2.167176273220668747e+00
-2.167176481135165034e+00
-2.167176688918597716e+00
-2.167176896574385392e+00
-2.167177104098985563e+00
-2.167177311492333835e+00
-2.167177518757843036e+00
-2.167177725895452767e+00
-2.167177932905100857e+00
-2.167178139783239033e+00
-2.167178346533287225e+00
-2.167178553155182374e+00
-2.167178759648860531e+00
-2.167178966014259522e+00
-2.167179172251316732e+00
-2.167179378359965991e+00
-2.167179584340148235e+00
-2.167179790191797295e+00
-2.167179995914852331e+00
-2.167180201512735493e+00
-2.167180406981899843e+00
-2.167180612325768863e+00
-2.167180817537302850e+00
-2.167181022626905484e+00
-2.167181227587538395e+00
-2.167181432419136300e+00
-2.167181637125128013e+00
-2.167181841705453138e+00
-2.167182046160049058e+00
-2.167182250485361727e+00
-2.167182454684818627e+00
-2.167182658758360692e+00
-2.167182862705928414e+00
-2.167183066527454294e+00
-2.167183270222882818e+00
-2.167183473792148263e+00
-2.167183677235188455e+00
-2.167183880555444198e+00
-2.167184083745853140e+00
-2.167184286813351957e+00
-2.167184489757884247e+00
-2.167184692572382332e+00
-2.167184895267292521e+00
-2.167185097832043716e+00
-2.167185300273583692e+00
-2.167185502591849389e+00
-2.167185704786782630e+00
-2.167185906854816047e+00
-2.167186108799395328e+00
-2.167186310616949108e+00
-2.167186512314435376e+00
-2.167186713884776683e+00
-2.167186915331421382e+00
-2.167187116657818269e+00
-2.167187317856885009e+00
-2.167187518932073509e+00
-2.167187719886834785e+00
-2.167187920717598359e+00
-2.167188121424301173e+00
-2.167188322006883716e+00
-2.167188522468800116e+00
-2.167188722806477674e+00
-2.167188923019852886e+00
-2.167189123112383431e+00
-2.167189323080493502e+00
-2.167189522927641221e+00
-2.167189722653764861e+00
-2.167189922255287282e+00
-2.167190121735667940e+00
-2.167190321094849104e+00
-2.167190520329247860e+00
-2.167190719445849290e+00
-2.167190918437549740e+00
-2.167191117307812220e+00
-2.167191316060102402e+00
-2.167191514687311749e+00
-2.167191713196430225e+00
-2.167191911580348851e+00
-2.167192109846062031e+00
-2.167192307989981526e+00
-2.167192506012050046e+00
-2.167192703915736374e+00
-2.167192901697454488e+00
-2.167193099360673170e+00
-2.167193296901805510e+00
-2.167193494320792002e+00
-2.167193691621106311e+00
-2.167193888802689372e+00
-2.167194085861949837e+00
-2.167194282805897654e+00
-2.167194479623872905e+00
-2.167194676326417824e+00
-2.167194872909943726e+00
-2.167195069370852600e+00
-2.167195265712624774e+00
-2.167195461938739243e+00
-2.167195658042064377e+00
-2.167195854029619895e+00
-2.167196049897806454e+00
-2.167196245643024710e+00
-2.167196441272302376e+00
-2.167196636785579944e+00
-2.167196832179258070e+00
-2.167197027453282132e+00
-2.167197222607590845e+00
-2.167197417645672530e+00
-2.167197612563923848e+00
-2.167197807365832674e+00
-2.167198002051346606e+00
-2.167198196616858752e+00
-2.167198391065857876e+00
-2.167198585398291133e+00
-2.167198779610548076e+00
-2.167198973706125464e+00
-2.167199167688515171e+00
-2.167199361550559367e+00
-2.167199555295751701e+00
-2.167199748924037550e+00
-2.167199942435357851e+00
-2.167200135829657981e+00
-2.167200329106881096e+00
-2.167200522270523511e+00
-2.167200715313421622e+00
-2.167200908242628898e+00
-2.167201101058090273e+00
-2.167201293752635927e+00
-2.167201486333324212e+00
-2.167201678800096953e+00
-2.167201871149345482e+00
-2.167202063384569222e+00
-2.167202255502152841e+00
-2.167202447505603313e+00
-2.167202639391298646e+00
-2.167202831162749810e+00
-2.167203022819897740e+00
-2.167203214362690922e+00
-2.167203405791071624e+00
-2.167203597101419632e+00
-2.167203788300811507e+00
-2.167203979382059664e+00
-2.167204170352242443e+00
-2.167204361204167817e+00
-2.167204551944920343e+00
-2.167204742570873588e+00
-2.167204933081974261e+00
-2.167205123478165518e+00
-2.167205313762965435e+00
-2.167205503932744914e+00
-2.167205693987453774e+00
-2.167205883930604760e+00
-2.167206073758574103e+00
-2.167206263474878991e+00
-2.167206453075890771e+00
-2.167206642565131069e+00
-2.167206831942544376e+00
-2.167207021204501594e+00
-2.167207210354523017e+00
-2.167207399392557576e+00
-2.167207588314968181e+00
-2.167207777125283119e+00
-2.167207965827028904e+00
-2.167208154412987309e+00
-2.167208342886687511e+00
-2.167208531248075332e+00
-2.167208719500681280e+00
-2.167208907637282245e+00
-2.167209095664995200e+00
-2.167209283576593926e+00
-2.167209471379196728e+00
-2.167209659069165184e+00
-2.167209846650031579e+00
-2.167210034118154827e+00
-2.167210221473481191e+00
-2.167210408719547843e+00
-2.167210595852710142e+00
-2.167210782876507480e+00
-2.167210969790885677e+00
-2.167211156592197430e+00
-2.167211343280393443e+00
-2.167211529862603125e+00
-2.167211716331590488e+00
-2.167211902690893588e+00
-2.167212088936863790e+00
-2.167212275076642047e+00
-2.167212461102981713e+00
-2.167212647023023742e+00
-2.167212832829521485e+00
-2.167213018529619006e+00
-2.167213204116065217e+00
-2.167213389596005513e+00
-2.167213574962189249e+00
-2.167213760221764485e+00
-2.167213945374678818e+00
-2.167214130413676720e+00
-2.167214315345910691e+00
-2.167214500167724989e+00
-2.167214684882673659e+00
-2.167214869487097406e+00
-2.167215053980945605e+00
-2.167215238367770080e+00
-2.167215422647522871e+00
-2.167215606816541129e+00
-2.167215790878383341e+00
-2.167215974829388880e+00
-2.167216158673113569e+00
-2.167216342409505891e+00
-2.167216526038517443e+00
-2.167216709560094046e+00
-2.167216892970573738e+00
-2.167217076277129006e+00
-2.167217259472483004e+00
-2.167217442563811325e+00
-2.167217625543835346e+00
-2.167217808419731995e+00
-2.167217991184219983e+00
-2.167218173844479789e+00
-2.167218356396843237e+00
-2.167218538844879916e+00
-2.167218721181301433e+00
-2.167218903413290931e+00
-2.167219085537182011e+00
-2.167219267556542484e+00
-2.167219449467701509e+00
-2.167219631274229563e+00
-2.167219812972454029e+00
-2.167219994565948049e+00
-2.167220176051036340e+00
-2.167220357431291600e+00
-2.167220538703040766e+00
-2.167220719873482526e+00
-2.167220900935316497e+00
-2.167221081892118928e+00
-2.167221262740208765e+00
-2.167221443486796240e+00
-2.167221624124571200e+00
-2.167221804660743434e+00
-2.167221985088001901e+00
-2.167222165413560830e+00
-2.167222345630104297e+00
-2.167222525744847417e+00
-2.167222705754109580e+00
-2.167222885657840603e+00
-2.167223065455988085e+00
-2.167223245148504063e+00
-2.167223424738974558e+00
-2.167223604223714073e+00
-2.167223783606307741e+00
-2.167223962883074506e+00
-2.167224142053958857e+00
-2.167224321122552588e+00
-2.167224500085166206e+00
-2.167224678945391947e+00
-2.167224857699537210e+00
-2.167225036354839318e+00
-2.167225214900319941e+00
-2.167225393346859708e+00
-2.167225571687120933e+00
-2.167225749924702072e+00
-2.167225928059551610e+00
-2.167226106091622029e+00
-2.167226284020864480e+00
-2.167226461843583252e+00
-2.167226639567023216e+00
-2.167226817187489107e+00
-2.167226994701283438e+00
-2.167227172115655520e+00
-2.167227349426906535e+00
-2.167227526634991186e+00
-2.167227703743509704e+00
-2.167227880745110191e+00
-2.167228057647049067e+00
-2.167228234445626622e+00
-2.167228411144446643e+00
-2.167228587736152789e+00
-2.167228764231661664e+00
-2.167228940623615152e+00
-2.167229116911963516e+00
-2.167229293100316756e+00
-2.167229469184968504e+00
-2.167229645169530539e+00
-2.167229821053955341e+00
-2.167229996834533878e+00
-2.167230172514877928e+00
-2.167230348094942638e+00
-2.167230523574677825e+00
-2.167230698950376677e+00
-2.167230874225651416e+00
-2.167231049400455856e+00
-2.167231224478405327e+00
-2.167231399452126173e+00
-2.167231574325235499e+00
-2.167231749097684457e+00
-2.167231923769424196e+00
-2.167232098344080260e+00
-2.167232272814264782e+00
-2.167232447187269262e+00
-2.167232621459377562e+00
-2.167232795630543940e+00
-2.167232969704390388e+00
-2.167233143677200324e+00
-2.167233317548926230e+00
-2.167233491323193206e+00
-2.167233664996280673e+00
-2.167233838568141557e+00
-2.167234012042406732e+00
-2.167234185419026904e+00
-2.167234358694281049e+00
-2.167234531871798264e+00
-2.167234704951533253e+00
-2.167234877929760550e+00
-2.167235050810114139e+00
-2.167235223592545168e+00
-2.167235396273329506e+00
-2.167235568856098471e+00
-2.167235741344491373e+00
-2.167235913731095032e+00
-2.167236086019546981e+00
-2.167236258209801925e+00
-2.167236430301812344e+00
-2.167236602295532943e+00
-2.167236774190916648e+00
-2.167236945987918162e+00
-2.167237117690180348e+00
-2.167237289290280700e+00
-2.167237460795549797e+00
-2.167237632202254183e+00
-2.167237803510345895e+00
-2.167237974723470018e+00
-2.167238145837893537e+00
-2.167238316857259317e+00
-2.167238487774137301e+00
-2.167238658599561774e+00
-2.167238829322408300e+00
-2.167238999953709389e+00
-2.167239170486035871e+00
-2.167239340919336676e+00
-2.167239511257267992e+00
-2.167239681499780524e+00
-2.167239851646830751e+00
-2.167240021694677221e+00
-2.167240191646972125e+00
-2.167240361499970458e+00
-2.167240531261025893e+00
-2.167240700926396535e+00
-2.167240870492334270e+00
-2.167241039962496174e+00
-2.167241209336836949e+00
-2.167241378619016334e+00
-2.167241547801582957e+00
-2.167241716888193004e+00
-2.167241885882510211e+00
-2.167242054780784244e+00
-2.167242223579261662e+00
-2.167242392285313013e+00
-2.167242560898896109e+00
-2.167242729412548918e+00
-2.167242897833644211e+00
-2.167243066158427212e+00
-2.167243234390566542e+00
-2.167243402526306095e+00
-2.167243570565600574e+00
-2.167243738512118600e+00
-2.167243906362103179e+00
-2.167244074119224706e+00
-2.167244241783438774e+00
-2.167244409350986167e+00
-2.167244576821823365e+00
-2.167244744203338680e+00
-2.167244911488056758e+00
-2.167245078679646664e+00
-2.167245245774351403e+00
-2.167245412779561065e+00
-2.167245579687796297e+00
-2.167245746502731052e+00
-2.167245913224324916e+00
-2.167246079852528595e+00
-2.167246246387306119e+00
-2.167246412828609081e+00
-2.167246579176395738e+00
-2.167246745426897547e+00
-2.167246911591246938e+00
-2.167247077658223109e+00
-2.167247243631511111e+00
-2.167247409514791556e+00
-2.167247575300568219e+00
-2.167247740996252947e+00
-2.167247906601803553e+00
-2.167248072109719814e+00
-2.167248237527415355e+00
-2.167248402854853317e+00
-2.167248568084521487e+00
-2.167248733227576274e+00
-2.167248898272777780e+00
-2.167249063231279749e+00
-2.167249228091840507e+00
-2.167249392865620461e+00
-2.167249557545108285e+00
-2.167249722130257794e+00
-2.167249886624764699e+00
-2.167250051028586810e+00
-2.167250215341681496e+00
-2.167250379560267337e+00
-2.167250543691781051e+00
-2.167250707728701986e+00
-2.167250871674726742e+00
-2.167251035526070790e+00
-2.167251199290176178e+00
-2.167251362963261041e+00
-2.167251526541535078e+00
-2.167251690032448330e+00
-2.167251853432212716e+00
-2.167252016740786047e+00
-2.167252179958127911e+00
-2.167252343084196120e+00
-2.167252506118946709e+00
-2.167252669062336601e+00
-2.167252831918075273e+00
-2.167252994682371092e+00
-2.167253157355182758e+00
-2.167253319940221523e+00
-2.167253482433690870e+00
-2.167253644835551718e+00
-2.167253807149510880e+00
-2.167253969371777167e+00
-2.167254131502309722e+00
-2.167254293548572797e+00
-2.167254455499262988e+00
-2.167254617361847657e+00
-2.167254779136285947e+00
-2.167254940822539666e+00
-2.167255102416808299e+00
-2.167255263922807984e+00
-2.167255425336738650e+00
-2.167255586666078759e+00
-2.167255747903269469e+00
-2.167255909052024698e+00
-2.167256070112308475e+00
-2.167256231080315398e+00
-2.167256391963533702e+00
-2.167256552754389887e+00
-2.167256713460375739e+00
-2.167256874073917761e+00
-2.167257034602509513e+00
-2.167257195038574835e+00
-2.167257355389609064e+00
-2.167257515651805022e+00
-2.167257675825119634e+00
-2.167257835909512487e+00
-2.167257995904942725e+00
-2.167258155811372156e+00
-2.167258315632527577e+00
-2.167258475364600034e+00
-2.167258635011322099e+00
-2.167258794565106506e+00
-2.167258954033457030e+00
-2.167259113416336369e+00
-2.167259272709932461e+00
-2.167259431914201340e+00
-2.167259591032878685e+00
-2.167259750065925417e+00
-2.167259909009525032e+00
-2.167260067863634898e+00
-2.167260226635775666e+00
-2.167260385318348526e+00
-2.167260543911311732e+00
-2.167260702418404072e+00
-2.167260860843372328e+00
-2.167261019174825609e+00
-2.167261177424076202e+00
-2.167261335583516413e+00
-2.167261493660673999e+00
-2.167261651647940823e+00
-2.167261809549062779e+00
-2.167261967363999897e+00
-2.167262125092711766e+00
-2.167262282735160195e+00
-2.167262440291305214e+00
-2.167262597761106413e+00
-2.167262755144526931e+00
-2.167262912441524136e+00
-2.167263069652062057e+00
-2.167263226779890140e+00
-2.167263383817385591e+00
-2.167263540772095265e+00
-2.167263697643980525e+00
-2.167263854425415470e+00
-2.167264011123948286e+00
-2.167264167735744707e+00
-2.167264324264561282e+00
-2.167264480702767671e+00
-2.167264637061714350e+00
-2.167264793333770534e+00
-2.167264949518894035e+00
-2.167265105620845844e+00
-2.167265261635788143e+00
-2.167265417567481922e+00
-2.167265573412086699e+00
-2.167265729173365241e+00
-2.167265884851282021e+00
-2.167266040441992558e+00
-2.167266195953068131e+00
-2.167266351373055677e+00
-2.167266506713330543e+00
-2.167266661970052244e+00
-2.167266817139374080e+00
-2.167266972225063260e+00
-2.167267127227083812e+00
-2.167267282145396212e+00
-2.167267436976151096e+00
-2.167267591726932618e+00
-2.167267746393892303e+00
-2.167267900976992401e+00
-2.167268055472380439e+00
-2.167268209887643682e+00
-2.167268364218932319e+00
-2.167268518466209049e+00
-2.167268672629433901e+00
-2.167268826712384744e+00
-2.167268980707393933e+00
-2.167269134622053173e+00
-2.167269288452508214e+00
-2.167269442202545360e+00
-2.167269595864482312e+00
-2.167269749445921434e+00
-2.167269902946825866e+00
-2.167270056363338249e+00
-2.167270209695420391e+00
-2.167270362946855933e+00
-2.167270516113785739e+00
-2.167270669196172062e+00
-2.167270822201622593e+00
-2.167270975118631426e+00
-2.167271127958632526e+00
-2.167271280713938708e+00
-2.167271433384513113e+00
-2.167271585974142489e+00
-2.167271738482793086e+00
-2.167271890910424936e+00
-2.167272043253174019e+00
-2.167272195514831967e+00
-2.167272347695362367e+00
-2.167272499794728802e+00
-2.167272651812887752e+00
-2.167272803745980969e+00
-2.167272955601630358e+00
-2.167273107372132301e+00
-2.167273259065121138e+00
-2.167273410672887479e+00
-2.167273562199229175e+00
-2.167273713647949407e+00
-2.167273865011336120e+00
-2.167274016297025430e+00
-2.167274167497307502e+00
-2.167274318619820672e+00
-2.167274469660690261e+00
-2.167274620619881187e+00
-2.167274771497351260e+00
-2.167274922296911654e+00
-2.167275073014680586e+00
-2.167275223650622973e+00
-2.167275374208545990e+00
-2.167275524680724264e+00
-2.167275675078656150e+00
-2.167275825390767796e+00
-2.167275975624716189e+00
-2.167276125780464913e+00
-2.167276275854129963e+00
-2.167276425849526511e+00
-2.167276575762766555e+00
-2.167276725593811904e+00
-2.167276875350331089e+00
-2.167277025020733827e+00
-2.167277174616537572e+00
-2.167277324130003624e+00
-2.167277473564949375e+00
-2.167277622917481494e+00
-2.167277772195276064e+00
-2.167277921390587725e+00
-2.167278070503380061e+00
-2.167278219541328266e+00
-2.167278368500539898e+00
-2.167278517377125624e+00
-2.167278666174902391e+00
-2.167278814893836447e+00
-2.167278963533893155e+00
-2.167279112098898342e+00
-2.167279260581092437e+00
-2.167279408984303490e+00
-2.167279557308494642e+00
-2.167279705553629920e+00
-2.167279853719674687e+00
-2.167280001810456547e+00
-2.167280149818212376e+00
-2.167280297750637796e+00
-2.167280445603829264e+00
-2.167280593377753473e+00
-2.167280741076242023e+00
-2.167280888691525575e+00
-2.167281036231301972e+00
-2.167281183695541014e+00
-2.167281331076464923e+00
-2.167281478381780424e+00
-2.167281625611450657e+00
-2.167281772757699621e+00
-2.167281919832109160e+00
-2.167282066823024600e+00
-2.167282213742031338e+00
-2.167282360577474698e+00
-2.167282507340940967e+00
-2.167282654024647481e+00
-2.167282800628556494e+00
-2.167282947156512041e+00
-2.167283093608478595e+00
-2.167283239980545062e+00
-2.167283386276552370e+00
-2.167283532496467657e+00
-2.167283678640258504e+00
-2.167283824704008044e+00
-2.167283970691561645e+00
-2.167284116602886002e+00
-2.167284262437948694e+00
-2.167284408192827527e+00
-2.167284553875259867e+00
-2.167284699477441734e+00
-2.167284845003221161e+00
-2.167284990456453730e+00
-2.167285135829330578e+00
-2.167285281125704177e+00
-2.167285426345539001e+00
-2.167285571492691076e+00
-2.167285716559350650e+00
-2.167285861553259085e+00
-2.167286006466602633e+00
-2.167286151307130204e+00
-2.167286296070915164e+00
-2.167286440757924648e+00
-2.167286585372018237e+00
-2.167286729905371523e+00
-2.167286874365741411e+00
-2.167287018749202154e+00
-2.167287163059610666e+00
-2.167287307293040755e+00
-2.167287451449455560e+00
-2.167287595532719990e+00
-2.167287739538904745e+00
-2.167287883467972076e+00
-2.167288027323789557e+00
-2.167288171102422112e+00
-2.167288314807741756e+00
-2.167288458439709853e+00
-2.167288601994395325e+00
-2.167288745471759981e+00
-2.167288888879580266e+00
-2.167289032206109134e+00
-2.167289175463030571e+00
-2.167289318642494411e+00
-2.167289461748379775e+00
-2.167289604776742706e+00
-2.167289747735367200e+00
-2.167289890616402204e+00
-2.167290033419814854e+00
-2.167290176153390036e+00
-2.167290318809276695e+00
-2.167290461395261936e+00
-2.167290603903492929e+00
-2.167290746337839913e+00
-2.167290888698278906e+00
-2.167291030984773936e+00
-2.167291173197291698e+00
-2.167291315335800661e+00
-2.167291457400267518e+00
-2.167291599390658074e+00
-2.167291741306939024e+00
-2.167291883149080611e+00
-2.167292024917047755e+00
-2.167292166614727122e+00
-2.167292308234248566e+00
-2.167292449783417396e+00
-2.167292591258280332e+00
-2.167292732658806731e+00
-2.167292873984961510e+00
-2.167293015240636223e+00
-2.167293156421876255e+00
-2.167293297528646967e+00
-2.167293438564842578e+00
-2.167293579526504033e+00
-2.167293720413598912e+00
-2.167293861230020990e+00
-2.167294001971812989e+00
-2.167294142642867794e+00
-2.167294283239228569e+00
-2.167294423760856681e+00
-2.167294564211654340e+00
-2.167294704591588683e+00
-2.167294844896695327e+00
-2.167294985130875595e+00
-2.167295125290163771e+00
-2.167295265378461622e+00
-2.167295405395737617e+00
-2.167295545338022045e+00
-2.167295685209222444e+00
-2.167295825009303289e+00
-2.167295964734300195e+00
-2.167296104392051781e+00
-2.167296243974654146e+00
-2.167296383482069988e+00
-2.167296522922149027e+00
-2.167296662290921994e+00
-2.167296801584413846e+00
-2.167296940806535233e+00
-2.167297079957251960e+00
-2.167297219036535161e+00
-2.167297358044351085e+00
-2.167297496980670424e+00
-2.167297635849405602e+00
-2.167297774642634067e+00
-2.167297913364270467e+00
-2.167298052014283272e+00
-2.167298190592641394e+00
-2.167298329099311083e+00
-2.167298467538211870e+00
-2.167298605905363384e+00
-2.167298744196783034e+00
-2.167298882420340078e+00
-2.167299020576003876e+00
-2.167299158655842550e+00
-2.167299296667724917e+00
-2.167299434607670161e+00
-2.167299572475648084e+00
-2.167299710275575997e+00
-2.167299848003472196e+00
-2.167299985659307815e+00
-2.167300123247001498e+00
-2.167300260762569764e+00
-2.167300398209938805e+00
-2.167300535585119814e+00
-2.167300672888082147e+00
-2.167300810126709720e+00
-2.167300947289096058e+00
-2.167301084383129961e+00
-2.167301221408780787e+00
-2.167301358362057506e+00
-2.167301495246887200e+00
-2.167301632059279726e+00
-2.167301768803167494e+00
-2.167301905478518975e+00
-2.167302042085304858e+00
-2.167302178619528785e+00
-2.167302315085126274e+00
-2.167302451478097858e+00
-2.167302587806350100e+00
-2.167302724061916486e+00
-2.167302860248733865e+00
-2.167302996366772039e+00
-2.167303132412031097e+00
-2.167303268392421156e+00
-2.167303404303942749e+00
-2.167303540142591523e+00
-2.167303675912309657e+00
-2.167303811617040665e+00
-2.167303947248806928e+00
-2.167304082811551957e+00
-2.167304218305245556e+00
-2.167304353733834343e+00
-2.167304489089334041e+00
-2.167304624379672084e+00
-2.167304759596857533e+00
-2.167304894748819155e+00
-2.167305029831549934e+00
-2.167305164845017451e+00
-2.167305299789193729e+00
-2.167305434664045016e+00
-2.167305569473527704e+00
-2.167305704213628115e+00
-2.167305838884314273e+00
-2.167305973485558201e+00
-2.167306108021313182e+00
-2.167306242487565981e+00
-2.167306376884284180e+00
-2.167306511215427278e+00
-2.167306645476978044e+00
-2.167306779672893757e+00
-2.167306913799156742e+00
-2.167307047855737245e+00
-2.167307181846594766e+00
-2.167307315771701326e+00
-2.167307449627036142e+00
-2.167307583412566352e+00
-2.167307717132257228e+00
-2.167307850786081236e+00
-2.167307984370012708e+00
-2.167308117884021446e+00
-2.167308251336069969e+00
-2.167308384718137138e+00
-2.167308518034189113e+00
-2.167308651280201115e+00
-2.167308784460138860e+00
-2.167308917573975702e+00
-2.167309050621682776e+00
-2.167309183599229527e+00
-2.167309316510586559e+00
-2.167309449355724560e+00
-2.167309582134616885e+00
-2.167309714843229429e+00
-2.167309847489540697e+00
-2.167309980065512676e+00
-2.167310112579127868e+00
-2.167310245022345150e+00
-2.167310377399142229e+00
-2.167310509709488020e+00
-2.167310641953354544e+00
-2.167310774130712936e+00
-2.167310906241536106e+00
-2.167311038289803538e+00
-2.167311170267464782e+00
-2.167311302178503762e+00
-2.167311434026900407e+00
-2.167311565804605156e+00
-2.167311697519611613e+00
-2.167311829167882120e+00
-2.167311960749382926e+00
-2.167312092264087831e+00
-2.167312223715982533e+00
-2.167312355097008592e+00
-2.167312486415167605e+00
-2.167312617666413921e+00
-2.167312748854739901e+00
-2.167312879976097229e+00
-2.167313011030457481e+00
-2.167313142021810801e+00
-2.167313272942088087e+00
-2.167313403803323713e+00
-2.167313534593426461e+00
-2.167313665324434702e+00
-2.167313795984247449e+00
-2.167313926580887617e+00
-2.167314057114326786e+00
-2.167314187580509088e+00
-2.167314317979406546e+00
-2.167314448319047848e+00
-2.167314578587318685e+00
-2.167314708796275635e+00
-2.167314838933805721e+00
-2.167314969011970849e+00
-2.167315099022677050e+00
-2.167315228969934449e+00
-2.167315358849673856e+00
-2.167315488665908063e+00
-2.167315618418604206e+00
-2.167315748107737861e+00
-2.167315877729244278e+00
-2.167316007287131807e+00
-2.167316136781370695e+00
-2.167316266211936071e+00
-2.167316395578798183e+00
-2.167316524877893613e+00
-2.167316654113226271e+00
-2.167316783284775283e+00
-2.167316912392510009e+00
-2.167317041436403358e+00
-2.167317170416428240e+00
-2.167317299332556235e+00
-2.167317428184760253e+00
-2.167317556973011428e+00
-2.167317685697284890e+00
-2.167317814357550887e+00
-2.167317942953781884e+00
-2.167318071485949904e+00
-2.167318199954029190e+00
-2.167318328357991319e+00
-2.167318456697805651e+00
-2.167318584977497409e+00
-2.167318713188941093e+00
-2.167318841340204472e+00
-2.167318969427215247e+00
-2.167319097449941445e+00
-2.167319225408359085e+00
-2.167319353306489838e+00
-2.167319481140256965e+00
-2.167319608909631157e+00
-2.167319736618638970e+00
-2.167319864263201445e+00
-2.167319991843287497e+00
-2.167320119358874919e+00
-2.167320246813986273e+00
-2.167320374208599798e+00
-2.167320501534570010e+00
-2.167320628804048521e+00
-2.167320756004827764e+00
-2.167320883145001265e+00
-2.167321010224542377e+00
-2.167321137239362816e+00
-2.167321264189435936e+00
-2.167321391082857485e+00
-2.167321517907414119e+00
-2.167321644675270331e+00
-2.167321771374204786e+00
-2.167321898016383752e+00
-2.167322024593653307e+00
-2.167322151110050221e+00
-2.167322277561483101e+00
-2.167322403951990051e+00
-2.167322530281543536e+00
-2.167322656546053050e+00
-2.167322782753625887e+00
-2.167322908896098799e+00
-2.167323034973443363e+00
-2.167323160993773978e+00
-2.167323286948923400e+00
-2.167323412842936392e+00
-2.167323538675784977e+00
-2.167323664447444287e+00
-2.167323790157889007e+00
-2.167323915807092050e+00
-2.167324041390948253e+00
-2.167324166917588890e+00
-2.167324292378829398e+00
-2.167324417778721646e+00
-2.167324543121319280e+00
-2.167324668398438625e+00
-2.167324793614129330e+00
-2.167324918772449927e+00
-2.167325043865208301e+00
-2.167325168900545052e+00
-2.167325293870265845e+00
-2.167325418782513058e+00
-2.167325543633178420e+00
-2.167325668422230400e+00
-2.167325793149648128e+00
-2.167325917815403180e+00
-2.167326042419466692e+00
-2.167326166965904743e+00
-2.167326291450602405e+00
-2.167326415873531253e+00
-2.167326540234667753e+00
-2.167326664538074432e+00
-2.167326788779635027e+00
-2.167326912959324225e+00
-2.167327037081208552e+00
-2.167327161141168634e+00
-2.167327285139179160e+00
-2.167327409075211264e+00
-2.167327532953338576e+00
-2.167327656773530897e+00
-2.167327780531671078e+00
-2.167327904227730251e+00
-2.167328027865781159e+00
-2.167328151441699990e+00
-2.167328274959559042e+00
-2.167328398415234947e+00
-2.167328521812799558e+00
-2.167328645148129063e+00
-2.167328768425298424e+00
-2.167328891640177169e+00
-2.167329014796846032e+00
-2.167329137895280589e+00
-2.167329260931348145e+00
-2.167329383909127660e+00
-2.167329506828596042e+00
-2.167329629685623260e+00
-2.167329752484286498e+00
-2.167329875220453950e+00
-2.167329997902318173e+00
-2.167330120521633319e+00
-2.167330243082488561e+00
-2.167330365580744100e+00
-2.167330488024596935e+00
-2.167330610405799440e+00
-2.167330732728439902e+00
-2.167330854992489009e+00
-2.167330977197927222e+00
-2.167331099340612077e+00
-2.167331221428749011e+00
-2.167331343454078407e+00
-2.167331465424812365e+00
-2.167331587332689935e+00
-2.167331709181802957e+00
-2.167331830976245488e+00
-2.167331952707756582e+00
-2.167332074380427631e+00
-2.167332195994235100e+00
-2.167332317553274379e+00
-2.167332439049278747e+00
-2.167332560486342707e+00
-2.167332681868566979e+00
-2.167332803191802881e+00
-2.167332924451900844e+00
-2.167333045657083623e+00
-2.167333166803204758e+00
-2.167333287890236715e+00
-2.167333408922281546e+00
-2.167333529891062316e+00
-2.167333650804807110e+00
-2.167333771659365471e+00
-2.167333892454710753e+00
-2.167334013194949449e+00
-2.167334133875925772e+00
-2.167334254497614854e+00
-2.167334375059992269e+00
-2.167334495567164510e+00
-2.167334616014976678e+00
-2.167334736403403461e+00
-2.167334856736551352e+00
-2.167334977010267227e+00
-2.167335097228654917e+00
-2.167335217387559521e+00
-2.167335337491092861e+00
-2.167335457535090271e+00
-2.167335577519529544e+00
-2.167335697448523391e+00
-2.167335817317910251e+00
-2.167335937131803725e+00
-2.167336056890180274e+00
-2.167336176588876562e+00
-2.167336296227863723e+00
-2.167336415811263350e+00
-2.167336535339049686e+00
-2.167336654807055396e+00
-2.167336774219400297e+00
-2.167336893576062629e+00
-2.167337012872869728e+00
-2.167337132113944964e+00
-2.167337251299263468e+00
-2.167337370424655241e+00
-2.167337489494241431e+00
-2.167337608508003832e+00
-2.167337727465912245e+00
-2.167337846363797560e+00
-2.167337965205780481e+00
-2.167338083991841025e+00
-2.167338202721956542e+00
-2.167338321391947709e+00
-2.167338440010101230e+00
-2.167338558568078888e+00
-2.167338677070015596e+00
-2.167338795515886485e+00
-2.167338913905668907e+00
-2.167339032239338437e+00
-2.167339150516872870e+00
-2.167339268734087110e+00
-2.167339386899276743e+00
-2.167339505008257561e+00
-2.167339623056848019e+00
-2.167339741053342816e+00
-2.167339858993561741e+00
-2.167339976877475927e+00
-2.167340094700902942e+00
-2.167340212472141925e+00
-2.167340330187009112e+00
-2.167340447845479190e+00
-2.167340565451695067e+00
-2.167340682997300316e+00
-2.167340800486437846e+00
-2.167340917923252341e+00
-2.167341035303552044e+00
-2.167341152627314749e+00
-2.167341269894513811e+00
-2.167341387109299244e+00
-2.167341504263305296e+00
-2.167341621364849313e+00
-2.167341738413911312e+00
-2.167341855402119322e+00
-2.167341972337800460e+00
-2.167342089216754975e+00
-2.167342206038957997e+00
-2.167342322808563981e+00
-2.167342439521373620e+00
-2.167342556181541369e+00
-2.167342672784864810e+00
-2.167342789331321740e+00
-2.167342905825067945e+00
-2.167343022261899677e+00
-2.167343138645976275e+00
-2.167343254973091771e+00
-2.167343371243222627e+00
-2.167343487460529516e+00
-2.167343603624988901e+00
-2.167343719732393925e+00
-2.167343835786906148e+00
-2.167343951784319156e+00
-2.167344067728794954e+00
-2.167344183616121800e+00
-2.167344299450466583e+00
-2.167344415227617560e+00
-2.167344530951738513e+00
-2.167344646622809456e+00
-2.167344762240805967e+00
-2.167344877801516301e+00
-2.167344993304917367e+00
-2.167345108759368255e+00
-2.167345224156463690e+00
-2.167345339500371004e+00
-2.167345454791071102e+00
-2.167345570024343360e+00
-2.167345685204363548e+00
-2.167345800331104577e+00
-2.167345915404548684e+00
-2.167346030420473468e+00
-2.167346145387252676e+00
-2.167346260296466376e+00
-2.167346375152290783e+00
-2.167346489954703692e+00
-2.167346604703684676e+00
-2.167346719399207977e+00
-2.167346834037050751e+00
-2.167346948625595182e+00
-2.167347063156413345e+00
-2.167347177637888311e+00
-2.167347292061592601e+00
-2.167347406431703760e+00
-2.167347520752408663e+00
-2.167347635015271834e+00
-2.167347749228683895e+00
-2.167347863384209816e+00
-2.167347977490241107e+00
-2.167348091538336963e+00
-2.167348205536896444e+00
-2.167348319481686492e+00
-2.167348433372685790e+00
-2.167348547209872134e+00
-2.167348660993220655e+00
-2.167348774722712257e+00
-2.167348888402535145e+00
-2.167349002024241855e+00
-2.167349115596237663e+00
-2.167349229114286402e+00
-2.167349342578364535e+00
-2.167349455992667373e+00
-2.167349569352957417e+00
-2.167349682659212462e+00
-2.167349795911407639e+00
-2.167349909109522521e+00
-2.167350022257753750e+00
-2.167350135356082674e+00
-2.167350248396042733e+00
-2.167350361386054747e+00
-2.167350474321875442e+00
-2.167350587207706791e+00
-2.167350700039303746e+00
-2.167350812816641881e+00
-2.167350925543924500e+00
-2.167351038216907444e+00
-2.167351150839791796e+00
-2.167351263408331175e+00
-2.167351375926729773e+00
-2.167351488390738989e+00
-2.167351600804565237e+00
-2.167351713163959470e+00
-2.167351825468895044e+00
-2.167351937727815869e+00
-2.167352049928006341e+00
-2.167352162082138101e+00
-2.167352274177493321e+00
-2.167352386226748528e+00
-2.167352498221417179e+00
-2.167352610165711013e+00
-2.167352722055373881e+00
-2.167352833894617525e+00
-2.167352945683424181e+00
-2.167353057417532813e+00
-2.167353169101161381e+00
-2.167353280734285015e+00
-2.167353392312648008e+00
-2.167353503840463880e+00
-2.167353615317715310e+00
-2.167353726744377873e+00
-2.167353838116191422e+00
-2.167353949437373917e+00
-2.167354060707906260e+00
-2.167354171927765805e+00
-2.167354283096932566e+00
-2.167354394211140622e+00
-2.167354505278859200e+00
-2.167354616291574665e+00
-2.167354727253511193e+00
-2.167354838164650133e+00
-2.167354949024969279e+00
-2.167355059830196939e+00
-2.167355170588812552e+00
-2.167355281296545755e+00
-2.167355391949123078e+00
-2.167355502555026181e+00
-2.167355613105730328e+00
-2.167355723609721174e+00
-2.167355834058469100e+00
-2.167355944460461981e+00
-2.167356054807168864e+00
-2.167356165107080290e+00
-2.167356275355918793e+00
-2.167356385549406905e+00
-2.167356495696038721e+00
-2.167356605791534552e+00
-2.167356715835873970e+00
-2.167356825829034772e+00
-2.167356935775259341e+00
-2.167357045666002513e+00
-2.167357155509767708e+00
-2.167357265298008429e+00
-2.167357375039230316e+00
-2.167357484733414275e+00
-2.167357594372008034e+00
-2.167357703963523896e+00
-2.167357813499406483e+00
-2.167357922988169427e+00
-2.167358032429791859e+00
-2.167358141819986095e+00
-2.167358251154463122e+00
-2.167358360446007381e+00
-2.167358469681791799e+00
-2.167358578870333563e+00
-2.167358688007342327e+00
-2.167358797097071132e+00
-2.167358906135226082e+00
-2.167359015121785415e+00
-2.167359124061002618e+00
-2.167359232948584236e+00
-2.167359341788782867e+00
-2.167359450577303726e+00
-2.167359559314125050e+00
-2.167359668003504325e+00
-2.167359776645421565e+00
-2.167359885235578432e+00
-2.167359993773952276e+00
-2.167360102264805022e+00
-2.167360210703833445e+00
-2.167360319095298138e+00
-2.167360427439181336e+00
-2.167360535731179816e+00
-2.167360643971272260e+00
-2.167360752163719706e+00
-2.167360860308504833e+00
-2.167360968405608102e+00
-2.167361076450724067e+00
-2.167361184443829192e+00
-2.167361292393478855e+00
-2.167361400291079487e+00
-2.167361508136607995e+00
-2.167361615938624197e+00
-2.167361723688526531e+00
-2.167361831386296789e+00
-2.167361939040495233e+00
-2.167362046642520745e+00
-2.167362154196643242e+00
-2.167362261702844961e+00
-2.167362369156809798e+00
-2.167362476562813001e+00
-2.167362583920834584e+00
-2.167362691230855010e+00
-2.167362798492854736e+00
-2.167362905702515441e+00
-2.167363012868412486e+00
-2.167363119981931430e+00
-2.167363227047348850e+00
-2.167363334064646985e+00
-2.167363441033804072e+00
-2.167363547950500013e+00
-2.167363654823317276e+00
-2.167363761647937093e+00
-2.167363868420032258e+00
-2.167363975148192790e+00
-2.167364081823790034e+00
-2.167364188455413121e+00
-2.167364295034433397e+00
-2.167364401565134546e+00
-2.167364508051803362e+00
-2.167364614485808527e+00
-2.167364720875744943e+00
-2.167364827212975076e+00
-2.167364933506098268e+00
-2.167365039750785982e+00
-2.167365145947016458e+00
-2.167365252090459826e+00
-2.167365358189720315e+00
-2.167365464244777939e+00
-2.167365570246989392e+00
-2.167365676200645908e+00
-2.167365782110041827e+00
-2.167365887970845506e+00
-2.167365993783036515e+00
-2.167366099546596203e+00
-2.167366205261500145e+00
-2.167366310932052453e+00
-2.167366416549595165e+00
-2.167366522122744055e+00
-2.167366627651482691e+00
-2.167366733127150891e+00
-2.167366838558370645e+00
-2.167366943940801427e+00
-2.167367049278746460e+00
-2.167367154563539788e+00
-2.167367259803808288e+00
-2.167367364999534640e+00
-2.167367470146373432e+00
-2.167367575244307787e+00
-2.167367680293314613e+00
-2.167367785297704241e+00
-2.167367890253129481e+00
-2.167367995163897554e+00
-2.167368100025662159e+00
-2.167368204842734958e+00
-2.167368309610764321e+00
-2.167368414329733373e+00
-2.167368519003950667e+00
-2.167368623629067681e+00
-2.167368728209397855e+00
-2.167368832740587781e+00
-2.167368937226952674e+00
-2.167369041668474772e+00
-2.167369146060799778e+00
-2.167369250403907710e+00
-2.167369354702114670e+00
-2.167369458955404671e+00
-2.167369563159419865e+00
-2.167369667318478133e+00
-2.167369771428223402e+00
-2.167369875492975773e+00
-2.167369979512716149e+00
-2.167370083483084908e+00
-2.167370187408404814e+00
-2.167370291288658102e+00
-2.167370395119480264e+00
-2.167370498905199394e+00
-2.167370602645794619e+00
-2.167370706336902320e+00
-2.167370809982848812e+00
-2.167370913583616332e+00
-2.167371017134838596e+00
-2.167371120645192661e+00
-2.167371224105962835e+00
-2.167371327521480318e+00
-2.167371430887375716e+00
-2.167371534212330531e+00
-2.167371637487625513e+00
-2.167371740717593642e+00
-2.167371843902212269e+00
-2.167371947041470293e+00
-2.167372050130988104e+00
-2.167372153179460081e+00
-2.167372256178156764e+00
-2.167372359131414683e+00
-2.167372462043570369e+00
-2.167372564905896581e+00
-2.167372667722726742e+00
-2.167372770494045753e+00
-2.167372873215471785e+00
-2.167372975895710319e+00
-2.167373078530380859e+00
-2.167373181119464309e+00
-2.167373283662944239e+00
-2.167373386156438375e+00
-2.167373488608651755e+00
-2.167373591015207435e+00
-2.167373693376084098e+00
-2.167373795691265315e+00
-2.167373897960729767e+00
-2.167374000184462801e+00
-2.167374102362443988e+00
-2.167374204494652901e+00
-2.167374306581075771e+00
-2.167374408626058013e+00
-2.167374510620847516e+00
-2.167374612574163084e+00
-2.167374714481616671e+00
-2.167374816343191846e+00
-2.167374918158868180e+00
-2.167375019928625690e+00
-2.167375121652449277e+00
-2.167375223334693235e+00
-2.167375324970966410e+00
-2.167375426561249263e+00
-2.167375528105523586e+00
-2.167375629608149445e+00
-2.167375731064731248e+00
-2.167375832475249453e+00
-2.167375933839685853e+00
-2.167376035162403181e+00
-2.167376136439002288e+00
-2.167376237669467187e+00
-2.167376338858157947e+00
-2.167376440000678084e+00
-2.167376541097008058e+00
-2.167376642151511490e+00
-2.167376743159789676e+00
-2.167376844121822632e+00
-2.167376945041978420e+00
-2.167377045915852563e+00
-2.167377146747815342e+00
-2.167377247533459173e+00
-2.167377348272768067e+00
-2.167377448970113640e+00
-2.167377549621085642e+00
-2.167377650230058350e+00
-2.167377750792622404e+00
-2.167377851313152082e+00
-2.167377951787238466e+00
-2.167378052219254503e+00
-2.167378152604790387e+00
-2.167378252948221729e+00
-2.167378353245136946e+00
-2.167378453499912538e+00
-2.167378553708136479e+00
-2.167378653874184824e+00
-2.167378753993646434e+00
-2.167378854070897365e+00
-2.167378954105923405e+00
-2.167379054094303203e+00
-2.167379154040425693e+00
-2.167379253944270445e+00
-2.167379353801417885e+00
-2.167379453616251617e+00
-2.167379553384352953e+00
-2.167379653110107718e+00
-2.167379752793496372e+00
-2.167379852434503817e+00
-2.167379952028707812e+00
-2.167380051580493294e+00
-2.167380151089845608e+00
-2.167380250552341181e+00
-2.167380349972366282e+00
-2.167380449349907146e+00
-2.167380548684943786e+00
-2.167380647973051300e+00
-2.167380747218620396e+00
-2.167380846421634644e+00
-2.167380945582078056e+00
-2.167381044699931980e+00
-2.167381143770766183e+00
-2.167381242798976704e+00
-2.167381341788961358e+00
-2.167381440731874331e+00
-2.167381539627695197e+00
-2.167381638485239570e+00
-2.167381737300073663e+00
-2.167381836067766354e+00
-2.167381934797132370e+00
-2.167382033479318348e+00
-2.167382132118724769e+00
-2.167382230719759217e+00
-2.167382329273558117e+00
-2.167382427784528609e+00
-2.167382526252652930e+00
-2.167382624677912428e+00
-2.167382723060291116e+00
-2.167382821399771231e+00
-2.167382919696337673e+00
-2.167383017949971791e+00
-2.167383116160655376e+00
-2.167383214332801344e+00
-2.167383312457535460e+00
-2.167383410539269750e+00
-2.167383508577987339e+00
-2.167383606578098476e+00
-2.167383704530729371e+00
-2.167383802444722285e+00
-2.167383900315629663e+00
-2.167383998139001733e+00
-2.167384095923686971e+00
-2.167384193669668502e+00
-2.167384291368064542e+00
-2.167384389023287117e+00
-2.167384486639761576e+00
-2.167384584213028820e+00
-2.167384681743074637e+00
-2.167384779229882152e+00
-2.167384876673435379e+00
-2.167384974078153892e+00
-2.167385071439583033e+00
-2.167385168757706815e+00
-2.167385266032507030e+00
-2.167385363268407694e+00
-2.167385460456510593e+00
-2.167385557610125080e+00
-2.167385654715903165e+00
-2.167385751782718195e+00
-2.167385848806109294e+00
-2.167385945786058699e+00
-2.167386042726994866e+00
-2.167386139624456476e+00
-2.167386236478427097e+00
-2.167386333293335188e+00
-2.167386430064717651e+00
-2.167386526792555834e+00
-2.167386623481284857e+00
-2.167386720126440292e+00
-2.167386816732449706e+00
-2.167386913294849560e+00
-2.167387009818078525e+00
-2.167387106297660182e+00
-2.167387202733584317e+00
-2.167387299130283829e+00
-2.167387395483289403e+00
-2.167387491797039711e+00
-2.167387588067063220e+00
-2.167387684297798600e+00
-2.167387780484772541e+00
-2.167387876632427712e+00
-2.167387972736287693e+00
-2.167388068800795597e+00
-2.167388164825936769e+00
-2.167388260807233458e+00
-2.167388356744668787e+00
-2.167388452642686314e+00
-2.167388548501274048e+00
-2.167388644315948021e+00
-2.167388740091158006e+00
-2.167388835822422699e+00
-2.167388931514192318e+00
-2.167389027166448212e+00
-2.167389122774710852e+00
-2.167389218343426460e+00
-2.167389313872583045e+00
-2.167389409357694863e+00
-2.167389504803214351e+00
-2.167389600209124634e+00
-2.167389695570940855e+00
-2.167389790893115897e+00
-2.167389886175635549e+00
-2.167389981418482048e+00
-2.167390076617168759e+00
-2.167390171776150787e+00
-2.167390266895413919e+00
-2.167390361970463530e+00
-2.167390457005760940e+00
-2.167390552001290160e+00
-2.167390646957037426e+00
-2.167390741872984083e+00
-2.167390836744637728e+00
-2.167390931580937874e+00
-2.167391026372910368e+00
-2.167391121125021858e+00
-2.167391215832771056e+00
-2.167391310505107249e+00
-2.167391405133050064e+00
-2.167391499725549231e+00
-2.167391594273621269e+00
-2.167391688781735937e+00
-2.167391783249875026e+00
-2.167391877678025658e+00
-2.167391972066170958e+00
-2.167392066414290497e+00
-2.167392160717888316e+00
-2.167392254985920363e+00
-2.167392349213881353e+00
-2.167392443397267776e+00
-2.167392537545044018e+00
-2.167392631648213719e+00
-2.167392725715742596e+00
-2.167392819743122701e+00
-2.167392913725846082e+00
-2.167393007672882455e+00
-2.167393101575228354e+00
-2.167393195441860154e+00
-2.167393289268264578e+00
-2.167393383049928346e+00
-2.167393476795831830e+00
-2.167393570501460864e+00
-2.167393664166799461e+00
-2.167393757791832964e+00
-2.167393851376543168e+00
-2.167393944925419369e+00
-2.167394038429440339e+00
-2.167394131897594445e+00
-2.167394225320862233e+00
-2.167394318708232515e+00
-2.167394412055188901e+00
-2.167394505361713186e+00
-2.167394598632295555e+00
-2.167394691857909006e+00
-2.167394785047550787e+00
-2.167394878196700070e+00
-2.167394971305339091e+00
-2.167395064373452307e+00
-2.167395157405533901e+00
-2.167395250397059492e+00
-2.167395343348013093e+00
-2.167395436258380936e+00
-2.167395529132654985e+00
-2.167395621966310415e+00
-2.167395714759332126e+00
-2.167395807511702355e+00
-2.167395900227923278e+00
-2.167395992903461188e+00
-2.167396085538302763e+00
-2.167396178136947960e+00
-2.167396270694866178e+00
-2.167396363212041432e+00
-2.167396455692972346e+00
-2.167396548133131429e+00
-2.167396640532500030e+00
-2.167396732895582545e+00
-2.167396825222365653e+00
-2.167396917503790377e+00
-2.167397009748885051e+00
-2.167397101957635908e+00
-2.167397194120979087e+00
-2.167397286252472188e+00
-2.167397378343050018e+00
-2.167397470392699255e+00
-2.167397562401403466e+00
-2.167397654373673710e+00
-2.167397746309494444e+00
-2.167397838204323079e+00
-2.167397930062675560e+00
-2.167398021880003967e+00
-2.167398113656295422e+00
-2.167398205396063204e+00
-2.167398297099293991e+00
-2.167398388761440309e+00
-2.167398480387020765e+00
-2.167398571971484778e+00
-2.167398663519352731e+00
-2.167398755026075374e+00
-2.167398846496169984e+00
-2.167398937929627234e+00
-2.167399029321891213e+00
-2.167399120677484969e+00
-2.167399211991855257e+00
-2.167399303269526012e+00
-2.167399394510481692e+00
-2.167399485710169937e+00
-2.167399576873115574e+00
-2.167399667999299950e+00
-2.167399759084170707e+00
-2.167399850132254002e+00
-2.167399941143535624e+00
-2.167400032113455666e+00
-2.167400123046543392e+00
-2.167400213942785481e+00
-2.167400304797622024e+00
-2.167400395615580067e+00
-2.167400486396647619e+00
-2.167400577140811802e+00
-2.167400667843507822e+00
-2.167400758509269387e+00
-2.167400849138080066e+00
-2.167400939729929199e+00
-2.167401030280248442e+00
-2.167401120798127856e+00
-2.167401211274445849e+00
-2.167401301713745454e+00
-2.167401392111451219e+00
-2.167401482476661645e+00
-2.167401572800252030e+00
-2.167401663086761854e+00
-2.167401753336176462e+00
-2.167401843548480311e+00
-2.167401933723662744e+00
-2.167402023861705551e+00
-2.167402113958036836e+00
-2.167402204021759982e+00
-2.167402294043741406e+00
-2.167402384028524587e+00
-2.167402473980659661e+00
-2.167402563891006384e+00
-2.167402653764114451e+00
-2.167402743599967874e+00
-2.167402833398551554e+00
-2.167402923159850836e+00
-2.167403012879288493e+00
-2.167403102565977235e+00
-2.167403192215339836e+00
-2.167403281827361194e+00
-2.167403371402027545e+00
-2.167403460939322901e+00
-2.167403550434662929e+00
-2.167403639897174994e+00
-2.167403729322271211e+00
-2.167403818709941810e+00
-2.167403908060166806e+00
-2.167403997372935986e+00
-2.167404086648233807e+00
-2.167404175890620177e+00
-2.167404265090932647e+00
-2.167404354253728904e+00
-2.167404443383572410e+00
-2.167404532471296275e+00
-2.167404621526037634e+00
-2.167404710543207713e+00
-2.167404799522792747e+00
-2.167404888464773638e+00
-2.167404977369142394e+00
-2.167405066240460698e+00
-2.167405155069553668e+00
-2.167405243865569542e+00
-2.167405332623913772e+00
-2.167405421344569039e+00
-2.167405510027523796e+00
-2.167405598677346834e+00
-2.167405687284855276e+00
-2.167405775859204020e+00
-2.167405864395793191e+00
-2.167405952899198240e+00
-2.167406041364814850e+00
-2.167406129788041369e+00
-2.167406218182630351e+00
-2.167406306534800375e+00
-2.167406394853714779e+00
-2.167406483134770578e+00
-2.167406571377954005e+00
-2.167406659587840956e+00
-2.167406747759828889e+00
-2.167406835893899597e+00
-2.167406923990038869e+00
-2.167407012052829263e+00
-2.167407100077660687e+00
-2.167407188069115698e+00
-2.167407276022585094e+00
-2.167407363938050668e+00
-2.167407451820101194e+00
-2.167407539664120364e+00
-2.167407627470097520e+00
-2.167407715242614330e+00
-2.167407802977058484e+00
-2.167407890678020976e+00
-2.167407978340880170e+00
-2.167408065965624520e+00
-2.167408153556843686e+00
-2.167408241114522571e+00
-2.167408328629440106e+00
-2.167408416115397252e+00
-2.167408503558561961e+00
-2.167408590972740523e+00
-2.167408678344096895e+00
-2.167408765681834826e+00
-2.167408852985937884e+00
-2.167408940251783545e+00
-2.167409027483969020e+00
-2.167409114677870452e+00
-2.167409201838084609e+00
-2.167409288959985414e+00
-2.167409376048171854e+00
-2.167409463098016964e+00
-2.167409550114121508e+00
-2.167409637096470831e+00
-2.167409724040436636e+00
-2.167409810946004267e+00
-2.167409897822394349e+00
-2.167409984655741084e+00
-2.167410071459883625e+00
-2.167410158225575589e+00
-2.167410244957415077e+00
-2.167410331650772903e+00
-2.167410418310256048e+00
-2.167410504931229553e+00
-2.167410591522921592e+00
-2.167410678071454821e+00
-2.167410764590679939e+00
-2.167410851071340794e+00
-2.167410937518045255e+00
-2.167411023930782221e+00
-2.167411110304907851e+00
-2.167411196645038896e+00
-2.167411282951162033e+00
-2.167411369218634754e+00
-2.167411455452071145e+00
-2.167411541651458773e+00
-2.167411627816782538e+00
-2.167411713943403484e+00
-2.167411800035933922e+00
-2.167411886094361861e+00
-2.167411972118674868e+00
-2.167412058104224215e+00
-2.167412144055631540e+00
-2.167412229972885296e+00
-2.167412315855968163e+00
-2.167412401704870817e+00
-2.167412487514940533e+00
-2.167412573295440570e+00
-2.167412659037079248e+00
-2.167412744744483533e+00
-2.167412830413001146e+00
-2.167412916051894900e+00
-2.167413001656516514e+00
-2.167413087222209267e+00
-2.167413172753597905e+00
-2.167413258250673103e+00
-2.167413343713421092e+00
-2.167413429141827663e+00
-2.167413514535879937e+00
-2.167413599895565923e+00
-2.167413685220872299e+00
-2.167413770507136128e+00
-2.167413855763640651e+00
-2.167413940981078646e+00
-2.167414026168730690e+00
-2.167414111317287784e+00
-2.167414196431384443e+00
-2.167414281515660068e+00
-2.167414366560798111e+00
-2.167414451571435308e+00
-2.167414536547561887e+00
-2.167414621493815918e+00
-2.167414706400877300e+00
-2.167414791273386765e+00
-2.167414876115986822e+00
-2.167414960919353373e+00
-2.167415045688126707e+00
-2.167415130426954661e+00
-2.167415215126507810e+00
-2.167415299796088934e+00
-2.167415384426365943e+00
-2.167415469026646946e+00
-2.167415553592257460e+00
-2.167415638123186383e+00
-2.167415722619418617e+00
-2.167415807080942169e+00
-2.167415891507743719e+00
-2.167415975899809055e+00
-2.167416060261791788e+00
-2.167416144584346060e+00
-2.167416228876792417e+00
-2.167416313134451933e+00
-2.167416397357310842e+00
-2.167416481545357154e+00
-2.167416565698577102e+00
-2.167416649821622965e+00
-2.167416733905148440e+00
-2.167416817958478958e+00
-2.167416901976928933e+00
-2.167416985960488152e+00
-2.167417069913815109e+00
-2.167417153832225107e+00
-2.167417237715703493e+00
-2.167417321564238719e+00
-2.167417405377816575e+00
-2.167417489161099997e+00
-2.167417572909402068e+00
-2.167417656622706801e+00
-2.167417740301002205e+00
-2.167417823948956102e+00
-2.167417907561875356e+00
-2.167417991139745759e+00
-2.167418074682555762e+00
-2.167418158194971856e+00
-2.167418241672303569e+00
-2.167418325119214284e+00
-2.167418408531015306e+00
-2.167418491907691980e+00
-2.167418575249228319e+00
-2.167418658560298805e+00
-2.167418741836205420e+00
-2.167418825081621758e+00
-2.167418908291848023e+00
-2.167418991466871780e+00
-2.167419074606677931e+00
-2.167419157715945843e+00
-2.167419240794659085e+00
-2.167419323838120970e+00
-2.167419406846313734e+00
-2.167419489823918965e+00
-2.167419572766230651e+00
-2.167419655673237244e+00
-2.167419738549616781e+00
-2.167419821390665913e+00
-2.167419904201062675e+00
-2.167419986976105495e+00
-2.167420069720470632e+00
-2.167420152429452962e+00
-2.167420235107737625e+00
-2.167420317750615055e+00
-2.167420400362768618e+00
-2.167420482939486970e+00
-2.167420565480759009e+00
-2.167420647995971006e+00
-2.167420730471010248e+00
-2.167420812915263895e+00
-2.167420895328723063e+00
-2.167420977706669305e+00
-2.167421060053796644e+00
-2.167421142370091314e+00
-2.167421224646131073e+00
-2.167421306896021083e+00
-2.167421389110334662e+00
-2.167421471293768942e+00
-2.167421553441601922e+00
-2.167421635558528514e+00
-2.167421717639830714e+00
-2.167421799690202988e+00
-2.167421881709633347e+00
-2.167421963693398901e+00
-2.167422045646199891e+00
-2.167422127563308987e+00
-2.167422209449433090e+00
-2.167422291304549553e+00
-2.167422373123940371e+00
-2.167422454912303564e+00
-2.167422536669631583e+00
-2.167422618395907552e+00
-2.167422700086406362e+00
-2.167422781745830029e+00
-2.167422863369450781e+00
-2.167422944961971076e+00
-2.167423026523382035e+00
-2.167423108053671221e+00
-2.167423189548103757e+00
-2.167423271011392316e+00
-2.167423352443520912e+00
-2.167423433839756886e+00
-2.167423515209534024e+00
-2.167423596543391895e+00
-2.167423677841320728e+00
-2.167423759112754311e+00
-2.167423840348232211e+00
-2.167423921552467547e+00
-2.167424002725449661e+00
-2.167424083867165230e+00
-2.167424164972874046e+00
-2.167424246052020997e+00
-2.167424327095136771e+00
-2.167424408106939815e+00
-2.167424489082682815e+00
-2.167424570031821762e+00
-2.167424650944876685e+00
-2.167424731826570028e+00
-2.167424812681624680e+00
-2.167424893495823568e+00
-2.167424974283359340e+00
-2.167425055039487347e+00
-2.167425135759454502e+00
-2.167425216452726566e+00
-2.167425297109816018e+00
-2.167425377735447967e+00
-2.167425458334349742e+00
-2.167425538897032489e+00
-2.167425619428220429e+00
-2.167425699923162696e+00
-2.167425780391330825e+00
-2.167425860827968176e+00
-2.167425941233067199e+00
-2.167426021601869479e+00
-2.167426101943852768e+00
-2.167426182249514000e+00
-2.167426262528333147e+00
-2.167426342770806702e+00
-2.167426422986413748e+00
-2.167426503165652107e+00
-2.167426583318002642e+00
-2.167426663433956069e+00
-2.167426743523001686e+00
-2.167426823575625328e+00
-2.167426903601318955e+00
-2.167426983590564404e+00
-2.167427063552858080e+00
-2.167427143478679596e+00
-2.167427223377524470e+00
-2.167427303244628067e+00
-2.167427383075223091e+00
-2.167427462878808164e+00
-2.167427542650615990e+00
-2.167427622390636355e+00
-2.167427702098854603e+00
-2.167427781775261408e+00
-2.167427861419842561e+00
-2.167427941037348482e+00
-2.167428020618247686e+00
-2.167428100172046790e+00
-2.167428179689213419e+00
-2.167428259179259964e+00
-2.167428338637411134e+00
-2.167428418063655826e+00
-2.167428497457981607e+00
-2.167428576825143338e+00
-2.167428656155597544e+00
-2.167428735458864608e+00
-2.167428814730166575e+00
-2.167428893969492343e+00
-2.167428973176829032e+00
-2.167429052352165986e+00
-2.167429131500259398e+00
-2.167429210616329538e+00
-2.167429289700365302e+00
-2.167429368752352037e+00
-2.167429447772281303e+00
-2.167429526764910186e+00
-2.167429605725459396e+00
-2.167429684653915167e+00
-2.167429763550262400e+00
-2.167429842419271502e+00
-2.167429921256149861e+00
-2.167430000060888595e+00
-2.167430078833474383e+00
-2.167430157578674077e+00
-2.167430236291698620e+00
-2.167430314972536465e+00
-2.167430393625954466e+00
-2.167430472247162676e+00
-2.167430550836148218e+00
-2.167430629392901764e+00
-2.167430707922190614e+00
-2.167430786419223487e+00
-2.167430864888771680e+00
-2.167430943326039916e+00
-2.167431021731017982e+00
-2.167431100103689889e+00
-2.167431178448833595e+00
-2.167431256761651159e+00
-2.167431335046919205e+00
-2.167431413299837129e+00
-2.167431491520393827e+00
-2.167431569713368145e+00
-2.167431647873956813e+00
-2.167431726002150061e+00
-2.167431804102726289e+00
-2.167431882175676616e+00
-2.167431960211401609e+00
-2.167432038219479384e+00
-2.167432116199897507e+00
-2.167432194147849156e+00
-2.167432272068121168e+00
-2.167432349951108339e+00
-2.167432427811188056e+00
-2.167432505638757778e+00
-2.167432583433803295e+00
-2.167432661201114996e+00
-2.167432738935878067e+00
-2.167432816642885562e+00
-2.167432894317323111e+00
-2.167432971959179611e+00
-2.167433049578049165e+00
-2.167433127159511752e+00
-2.167433204713161032e+00
-2.167433282238988124e+00
-2.167433359732178211e+00
-2.167433437197522572e+00
-2.167433514635012770e+00
-2.167433592035025391e+00
-2.167433669411966246e+00
-2.167433746756215029e+00
-2.167433824067753534e+00
-2.167433901351382808e+00
-2.167433978607093525e+00
-2.167434055830062434e+00
-2.167434133025090137e+00
-2.167434210187352939e+00
-2.167434287321652331e+00
-2.167434364427979876e+00
-2.167434441501505660e+00
-2.167434518547038280e+00
-2.167434595559747379e+00
-2.167434672549257701e+00
-2.167434749501106594e+00
-2.167434826429734507e+00
-2.167434903320677453e+00
-2.167434980188377214e+00
-2.167435057023188172e+00
-2.167435133829917593e+00
-2.167435210608555707e+00
-2.167435287354267714e+00
-2.167435364071867099e+00
-2.167435440761342313e+00
-2.167435517417860336e+00
-2.167435594046230651e+00
-2.167435670646445267e+00
-2.167435747213667163e+00
-2.167435823752711155e+00
-2.167435900263565252e+00
-2.167435976746221904e+00
-2.167436053195839207e+00
-2.167436129617236862e+00
-2.167436206010402877e+00
-2.167436282370496681e+00
-2.167436358702335752e+00
-2.167436435005912987e+00
-2.167436511281214617e+00
-2.167436587528233094e+00
-2.167436663742122516e+00
-2.167436739927704359e+00
-2.167436816084971962e+00
-2.167436892213910227e+00
-2.167436968309673251e+00
-2.167437044377089617e+00
-2.167437120420983021e+00
-2.167437196426830415e+00
-2.167437272409135307e+00
-2.167437348363048688e+00
-2.167437424283721992e+00
-2.167437500175980691e+00
-2.167437576039815461e+00
-2.167437651875217419e+00
-2.167437727682177240e+00
-2.167437803460678936e+00
-2.167437879205871276e+00
-2.167437954922587728e+00
-2.167438030615663092e+00
-2.167438106275394016e+00
-2.167438181906618855e+00
-2.167438257509322508e+00
-2.167438333083499202e+00
-2.167438408624285273e+00
-2.167438484141370747e+00
-2.167438559625046501e+00
-2.167438635084999454e+00
-2.167438710511520927e+00
-2.167438785914298283e+00
-2.167438861283622842e+00
-2.167438936624332513e+00
-2.167439011936417970e+00
-2.167439087219868554e+00
-2.167439162474672720e+00
-2.167439237700820254e+00
-2.167439312898301829e+00
-2.167439388067107231e+00
-2.167439463207223582e+00
-2.167439538318642001e+00
-2.167439613401352272e+00
-2.167439688455344182e+00
-2.167439763480603965e+00
-2.167439838477125846e+00
-2.167439913444894284e+00
-2.167439988383902616e+00
-2.167440063294139740e+00
-2.167440138175594111e+00
-2.167440213028255513e+00
-2.167440287852113290e+00
-2.167440362647156782e+00
-2.167440437413377552e+00
-2.167440512155627719e+00
-2.167440586864168406e+00
-2.167440661548720282e+00
-2.167440736199536477e+00
-2.167440810826346098e+00
-2.167440885419399610e+00
-2.167440959988423899e+00
-2.167441034528541088e+00
-2.167441109039740077e+00
-2.167441183522009318e+00
-2.167441257975341706e+00
-2.167441332399721254e+00
-2.167441406800015180e+00
-2.167441481166463291e+00
-2.167441555508806683e+00
-2.167441629822158600e+00
-2.167441704106508382e+00
-2.167441778361846705e+00
-2.167441852588160689e+00
-2.167441926790320661e+00
-2.167442000963437643e+00
-2.167442075102620880e+00
-2.167442149217619018e+00
-2.167442223303543525e+00
-2.167442297365263837e+00
-2.167442371393006439e+00
-2.167442445396526196e+00
-2.167442519370929688e+00
-2.167442593316207144e+00
-2.167442667237232445e+00
-2.167442741124224970e+00
-2.167442814986945798e+00
-2.167442888820497515e+00
-2.167442962624870795e+00
-2.167443036404945289e+00
-2.167443110155819586e+00
-2.167443183877483470e+00
-2.167443257569928505e+00
-2.167443331238034787e+00
-2.167443404876900015e+00
-2.167443478486514419e+00
-2.167443552066867785e+00
-2.167443625622841541e+00
-2.167443699149535608e+00
-2.167443772646934885e+00
-2.167443846119928352e+00
-2.167443919563609711e+00
-2.167443992977968303e+00
-2.167444066362990807e+00
-2.167444139723569752e+00
-2.167444213054794400e+00
-2.167444286361553729e+00
-2.167444359638938778e+00
-2.167444432886939332e+00
-2.167444506105542512e+00
-2.167444579299643515e+00
-2.167444652464327604e+00
-2.167444725604490863e+00
-2.167444798715215892e+00
-2.167444871796495143e+00
-2.167444944853223365e+00
-2.167445017880484048e+00
-2.167445090883173719e+00
-2.167445163851467349e+00
-2.167445236800081609e+00
-2.167445309714276291e+00
-2.167445382608773397e+00
-2.167445455468829607e+00
-2.167445528304259295e+00
-2.167445601110139286e+00
-2.167445673891370550e+00
-2.167445746643033022e+00
-2.167445819370029003e+00
-2.167445892067433988e+00
-2.167445964740156050e+00
-2.167446037383265356e+00
-2.167446109996753467e+00
-2.167446182585528458e+00
-2.167446255149578782e+00
-2.167446327683979046e+00
-2.167446400188716371e+00
-2.167446472668701940e+00
-2.167446545119004586e+00
-2.167446617544535492e+00
-2.167446689945287108e+00
-2.167446762316324715e+00
-2.167446834657641208e+00
-2.167446906974145993e+00
-2.167446979260908346e+00
-2.167447051522841228e+00
-2.167447123759937533e+00
-2.167447195967259876e+00
-2.167447268149724771e+00
-2.167447340302396608e+00
-2.167447412425262510e+00
-2.167447484528172819e+00
-2.167447556601259873e+00
-2.167447628644509017e+00
-2.167447700662846533e+00
-2.167447772651327043e+00
-2.167447844619808439e+00
-2.167447916553480347e+00
-2.167447988467134934e+00
-2.167448060350895656e+00
-2.167448132204747413e+00
-2.167448204033620929e+00
-2.167448275837504656e+00
-2.167448347611452775e+00
-2.167448419360388456e+00
-2.167448491084309925e+00
-2.167448562778263366e+00
-2.167448634447179501e+00
-2.167448706091052113e+00
-2.167448777704926055e+00
-2.167448849293734714e+00
-2.167448920852526939e+00
-2.167448992386233453e+00
-2.167449063894848926e+00
-2.167449135378360037e+00
-2.167449206831813413e+00
-2.167449278260146883e+00
-2.167449349658402191e+00
-2.167449421031516721e+00
-2.167449492379480258e+00
-2.167449563702283477e+00
-2.167449634994970786e+00
-2.167449706262480014e+00
-2.167449777504800057e+00
-2.167449848721925143e+00
-2.167449919908891687e+00
-2.167449991070642401e+00
-2.167450062207169292e+00
-2.167450133313506111e+00
-2.167450204394600455e+00
-2.167450275450440778e+00
-2.167450346481019974e+00
-2.167450417486326497e+00
-2.167450488461394542e+00
-2.167450559411172595e+00
-2.167450630335650885e+00
-2.167450701229859611e+00
-2.167450772103710843e+00
-2.167450842947274303e+00
-2.167450913765499809e+00
-2.167450984553415783e+00
-2.167451055320938735e+00
-2.167451126058133060e+00
-2.167451196774917932e+00
-2.167451267461354192e+00
-2.167451338117430293e+00
-2.167451408753070741e+00
-2.167451479363297739e+00
-2.167451549943139266e+00
-2.167451620497548248e+00
-2.167451691026517135e+00
-2.167451761530038379e+00
-2.167451832008099544e+00
-2.167451902455725499e+00
-2.167451972882842526e+00
-2.167452043279501250e+00
-2.167452113650665257e+00
-2.167452184001297244e+00
-2.167452254321442506e+00
-2.167452324611089942e+00
-2.167452394880178268e+00
-2.167452465123724803e+00
-2.167452535341721109e+00
-2.167452605529180065e+00
-2.167452675691068809e+00
-2.167452745832356698e+00
-2.167452815943076594e+00
-2.167452886028198744e+00
-2.167452956087715155e+00
-2.167453026126595184e+00
-2.167453096134869028e+00
-2.167453166117509600e+00
-2.167453236069522227e+00
-2.167453306000865165e+00
-2.167453375906545077e+00
-2.167453445786555299e+00
-2.167453515640883843e+00
-2.167453585469522714e+00
-2.167453655267475909e+00
-2.167453725044707014e+00
-2.167453794796220912e+00
-2.167453864522008722e+00
-2.167453934217071776e+00
-2.167454003891377656e+00
-2.167454073539929915e+00
-2.167454143162720115e+00
-2.167454212754743814e+00
-2.167454282325977921e+00
-2.167454351871421991e+00
-2.167454421391064479e+00
-2.167454490884898721e+00
-2.167454560352914061e+00
-2.167454629795102061e+00
-2.167454699211451619e+00
-2.167454768601955628e+00
-2.167454837966604764e+00
-2.167454907305387035e+00
-2.167454976623296670e+00
-2.167455045910323452e+00
-2.167455115171457614e+00
-2.167455184411691604e+00
-2.167455253626016543e+00
-2.167455322809418217e+00
-2.167455391971895295e+00
-2.167455461108433123e+00
-2.167455530219025039e+00
-2.167455599303659941e+00
-2.167455668367337385e+00
-2.167455737400032945e+00
-2.167455806406743068e+00
-2.167455875392469533e+00
-2.167455944352196795e+00
-2.167456013285910199e+00
-2.167456082193605305e+00
-2.167456151075272341e+00
-2.167456219930899319e+00
-2.167456288765490235e+00
-2.167456357574026438e+00
-2.167456426351483501e+00
-2.167456495112893844e+00
-2.167456563843207284e+00
-2.167456632547426931e+00
-2.167456701230560334e+00
-2.167456769882566192e+00
-2.167456838513468931e+00
-2.167456907123260557e+00
-2.167456975701896660e+00
-2.167457044254384790e+00
-2.167457112785736051e+00
-2.167457181290920243e+00
-2.167457249769933370e+00
-2.167457318227782537e+00
-2.167457386654419338e+00
-2.167457455059873972e+00
-2.167457523444142886e+00
-2.167457591797169236e+00
-2.167457660128992547e+00
-2.167457728429549757e+00
-2.167457796713915918e+00
-2.167457864966997327e+00
-2.167457933198841946e+00
-2.167458001404412915e+00
-2.167458069583700908e+00
-2.167458137736696155e+00
-2.167458205868419086e+00
-2.167458273973835947e+00
-2.167458342052930753e+00
-2.167458410110730149e+00
-2.167458478142191058e+00
-2.167458546147309484e+00
-2.167458614131105854e+00
-2.167458682088537092e+00
-2.167458750019596536e+00
-2.167458817929309500e+00
-2.167458885807594715e+00
-2.167458953669556099e+00
-2.167459021500068861e+00
-2.167459089309203168e+00
-2.167459157091910171e+00
-2.167459224853221400e+00
-2.167459292588087560e+00
-2.167459360296500215e+00
-2.167459427983491782e+00
-2.167459495644012080e+00
-2.167459563278051782e+00
-2.167459630890645972e+00
-2.167459698476740915e+00
-2.167459766036327284e+00
-2.167459833574442385e+00
-2.167459901086032481e+00
-2.167459968576136209e+00
-2.167460036039696281e+00
-2.167460103481751332e+00
-2.167460170897246741e+00
-2.167460238286172292e+00
-2.167460305653567509e+00
-2.167460372994375994e+00
-2.167460440313639491e+00
-2.167460507606296716e+00
-2.167460574872338785e+00
-2.167460642116811442e+00
-2.167460709334650293e+00
-2.167460776530903743e+00
-2.167460843700503847e+00
-2.167460910848502564e+00
-2.167460977969831948e+00
-2.167461045069544845e+00
-2.167461112142570645e+00
-2.167461179193959531e+00
-2.167461246218646220e+00
-2.167461313216619612e+00
-2.167461380192930331e+00
-2.167461447147573939e+00
-2.167461514075478046e+00
-2.167461580976631996e+00
-2.167461647856095297e+00
-2.167461714713853738e+00
-2.167461781544839372e+00
-2.167461848354105935e+00
-2.167461915136581041e+00
-2.167461981892254919e+00
-2.167462048631251914e+00
-2.167462115338363304e+00
-2.167462182023713435e+00
-2.167462248687295645e+00
-2.167462315329104161e+00
-2.167462381938985772e+00
-2.167462448532148755e+00
-2.167462515098438125e+00
-2.167462581637846331e+00
-2.167462648160511485e+00
-2.167462714651205324e+00
-2.167462781125138349e+00
-2.167462847567082740e+00
-2.167462913992251661e+00
-2.167462980390487903e+00
-2.167463046766857637e+00
-2.167463113116275597e+00
-2.167463179443813726e+00
-2.167463245744381428e+00
-2.167463312023050648e+00
-2.167463378279813835e+00
-2.167463444509581727e+00
-2.167463510717424935e+00
-2.167463576898257305e+00
-2.167463643062232492e+00
-2.167463709194093813e+00
-2.167463775309083740e+00
-2.167463841397025526e+00
-2.167463907462996886e+00
-2.167463973501901897e+00
-2.167464039518818719e+00
-2.167464105513740247e+00
-2.167464171481570112e+00
-2.167464237427386475e+00
-2.167464303351183563e+00
-2.167464369247863232e+00
-2.167464435122505417e+00
-2.167464500975102570e+00
-2.167464566805646697e+00
-2.167464632609040098e+00
-2.167464698385269006e+00
-2.167464764144517275e+00
-2.167464829876583732e+00
-2.167464895586558971e+00
-2.167464961274431889e+00
-2.167465026935100791e+00
-2.167465092573648722e+00
-2.167465158190074792e+00
-2.167465223784366568e+00
-2.167465289351418800e+00
-2.167465354896320751e+00
-2.167465420419064870e+00
-2.167465485914542356e+00
-2.167465551392948164e+00
-2.167465616844070020e+00
-2.167465682267898597e+00
-2.167465747674632404e+00
-2.167465813054056945e+00
-2.167465878411266367e+00
-2.167465943746255341e+00
-2.167466009059013210e+00
-2.167466074344426286e+00
-2.167466139607593600e+00
-2.167466204848504496e+00
-2.167466270067155865e+00
-2.167466335263537047e+00
-2.167466400432529472e+00
-2.167466465579235724e+00
-2.167466530703647365e+00
-2.167466595805756846e+00
-2.167466660885557506e+00
-2.167466725937924554e+00
-2.167466790973080482e+00
-2.167466855980789919e+00
-2.167466920966154120e+00
-2.167466985929169088e+00
-2.167467050864707812e+00
-2.167467115783000775e+00
-2.167467180673798843e+00
-2.167467245542216148e+00
-2.167467310388241142e+00
-2.167467375211868941e+00
-2.167467440013091107e+00
-2.167467504791898758e+00
-2.167467569543163108e+00
-2.167467634277120858e+00
-2.167467698983516655e+00
-2.167467763667466851e+00
-2.167467828328961232e+00
-2.167467892967994914e+00
-2.167467957584559013e+00
-2.167468022178645981e+00
-2.167468086745118594e+00
-2.167468151294225542e+00
-2.167468215815702592e+00
-2.167468280319799323e+00
-2.167468344796247948e+00
-2.167468409250171923e+00
-2.167468473686694708e+00
-2.167468538095543185e+00
-2.167468602481843476e+00
-2.167468666845585368e+00
-2.167468731186763975e+00
-2.167468795505367751e+00
-2.167468859801390924e+00
-2.167468924069690051e+00
-2.167468988320526702e+00
-2.167469052548760544e+00
-2.167469116754383140e+00
-2.167469180932244388e+00
-2.167469245092617847e+00
-2.167469309230355634e+00
-2.167469373340306760e+00
-2.167469437432748336e+00
-2.167469501497386375e+00
-2.167469565544501098e+00
-2.167469629568939293e+00
-2.167469693565550415e+00
-2.167469757544613351e+00
-2.167469821495831006e+00
-2.167469885429488485e+00
-2.167469949340431690e+00
-2.167470013223504299e+00
-2.167470077088992753e+00
-2.167470140931742062e+00
-2.167470204746597240e+00
-2.167470268543845613e+00
-2.167470332318333082e+00
-2.167470396070048988e+00
-2.167470459798989335e+00
-2.167470523505142133e+00
-2.167470587188499831e+00
-2.167470650849057545e+00
-2.167470714486805061e+00
-2.167470778101735718e+00
-2.167470841698995176e+00
-2.167470905268267245e+00
-2.167470968819855681e+00
-2.167471032343435855e+00
-2.167471095849319962e+00
-2.167471159332337916e+00
-2.167471222787326290e+00
-2.167471286224591953e+00
-2.167471349638970590e+00
-2.167471413035616301e+00
-2.167471476404196906e+00
-2.167471539749865173e+00
-2.167471603077777420e+00
-2.167471666377600137e+00
-2.167471729659650403e+00
-2.167471792918759910e+00
-2.167471856154919774e+00
-2.167471919368120226e+00
-2.167471982558354604e+00
-2.167472045730784558e+00
-2.167472108875063697e+00
-2.167472172001522424e+00
-2.167472235104985323e+00
-2.167472298185443513e+00
-2.167472361242887668e+00
-2.167472424277310239e+00
-2.167472487293879091e+00
-2.167472550287412592e+00
-2.167472613252727776e+00
-2.167472676200166148e+00
-2.167472739129717940e+00
-2.167472802031029655e+00
-2.167472864914443242e+00
-2.167472927774773961e+00
-2.167472990612014261e+00
-2.167473053426156149e+00
-2.167473116217191631e+00
-2.167473178990293903e+00
-2.167473241740276002e+00
-2.167473304467126827e+00
-2.167473367170842380e+00
-2.167473429856595413e+00
-2.167473492514013333e+00
-2.167473555153454523e+00
-2.167473617774913652e+00
-2.167473680368010580e+00
-2.167473742943110349e+00
-2.167473805495019334e+00
-2.167473868023729100e+00
-2.167473930529234316e+00
-2.167473993016712175e+00
-2.167474055480968609e+00
-2.167474117921995180e+00
-2.167474180344974855e+00
-2.167474242744710899e+00
-2.167474305121192657e+00
-2.167474367474416130e+00
-2.167474429809563397e+00
-2.167474492116239215e+00
-2.167474554410021792e+00
-2.167474616675319599e+00
-2.167474678922511444e+00
-2.167474741146397932e+00
-2.167474803346969736e+00
-2.167474865529418704e+00
-2.167474927688536557e+00
-2.167474989829516030e+00
-2.167475051941951669e+00
-2.167475114036234718e+00
-2.167475176112358959e+00
-2.167475238159912276e+00
-2.167475300189293019e+00
-2.167475362195289357e+00
-2.167475424183098465e+00
-2.167475486147509844e+00
-2.167475548088514614e+00
-2.167475610011309506e+00
-2.167475671910684465e+00
-2.167475733791836667e+00
-2.167475795644345560e+00
-2.167475857483824431e+00
-2.167475919294643116e+00
-2.167475981087211068e+00
-2.167476042856310681e+00
-2.167476104607146681e+00
-2.167476166334499244e+00
-2.167476228038363484e+00
-2.167476289723939686e+00
-2.167476351386011579e+00
-2.167476413029784776e+00
-2.167476474650035900e+00
-2.167476536251973673e+00
-2.167476597825159779e+00
-2.167476659385235926e+00
-2.167476720916543975e+00
-2.167476782429509363e+00
-2.167476843924127206e+00
-2.167476905395171904e+00
-2.167476966842633690e+00
-2.167477028271725725e+00
-2.167477089677222413e+00
-2.167477151064336471e+00
-2.167477212427836530e+00
-2.167477273772942414e+00
-2.167477335094421420e+00
-2.167477396392262445e+00
-2.167477457671687535e+00
-2.167477518927461322e+00
-2.167477580164804962e+00
-2.167477641383709130e+00
-2.167477702573713305e+00
-2.167477763750495612e+00
-2.167477824898358829e+00
-2.167477886032986412e+00
-2.167477947138680694e+00
-2.167478008231125575e+00
-2.167478069294621168e+00
-2.167478130339623110e+00
-2.167478191366122964e+00
-2.167478252368882696e+00
-2.167478313353128794e+00
-2.167478374313618783e+00
-2.167478435255580482e+00
-2.167478496173770974e+00
-2.167478557073418521e+00
-2.167478617949281539e+00
-2.167478678806589620e+00
-2.167478739645334329e+00
-2.167478800455030274e+00
-2.167478861251389777e+00
-2.167478922023926557e+00
-2.167478982772630847e+00
-2.167479043502738456e+00
-2.167479104214240948e+00
-2.167479164901892297e+00
-2.167479225570924761e+00
-2.167479286216086987e+00
-2.167479346842621002e+00
-2.167479407450515705e+00
-2.167479468034517964e+00
-2.167479528594622895e+00
-2.167479589136066309e+00
-2.167479649658847318e+00
-2.167479710157703465e+00
-2.167479770637883441e+00
-2.167479831099373921e+00
-2.167479891536923997e+00
-2.167479951955773476e+00
-2.167480012350663898e+00
-2.167480072726839957e+00
-2.167480133079043192e+00
-2.167480193412517409e+00
-2.167480253727258610e+00
-2.167480314023260579e+00
-2.167480374295257750e+00
-2.167480434543242573e+00
-2.167480494772467292e+00
-2.167480554982923469e+00
-2.167480615174605330e+00
-2.167480675342246421e+00
-2.167480735491098098e+00
-2.167480795615894351e+00
-2.167480855721887423e+00
-2.167480915809073316e+00
-2.167480975872178917e+00
-2.167481035921726917e+00
-2.167481095941916180e+00
-2.167481155948535854e+00
-2.167481215931046368e+00
-2.167481275889440617e+00
-2.167481335834246181e+00
-2.167481395754919493e+00
-2.167481455656726119e+00
-2.167481515534384506e+00
-2.167481575393160220e+00
-2.167481635233044823e+00
-2.167481695054032986e+00
-2.167481754850845821e+00
-2.167481814628748449e+00
-2.167481874387733765e+00
-2.167481934122521547e+00
-2.167481993838378251e+00
-2.167482053535298103e+00
-2.167482113207995997e+00
-2.167482172867022605e+00
-2.167482232496534156e+00
-2.167482292112359765e+00
-2.167482351709213884e+00
-2.167482411281811849e+00
-2.167482470835424557e+00
-2.167482530364765569e+00
-2.167482589880389554e+00
-2.167482649371725856e+00
-2.167482708844051587e+00
-2.167482768292074979e+00
-2.167482827726356476e+00
-2.167482887136322312e+00
-2.167482946527249155e+00
-2.167483005893845682e+00
-2.167483065246675444e+00
-2.167483124575159792e+00
-2.167483183884578057e+00
-2.167483243174924468e+00
-2.167483302440902371e+00
-2.167483361693084198e+00
-2.167483420920884640e+00
-2.167483480129583917e+00
-2.167483539319178920e+00
-2.167483598484369001e+00
-2.167483657635733252e+00
-2.167483716762677481e+00
-2.167483775870488572e+00
-2.167483834959162525e+00
-2.167483894023392477e+00
-2.167483953073766401e+00
-2.167484012099684776e+00
-2.167484071106436261e+00
-2.167484130094015971e+00
-2.167484189057114818e+00
-2.167484248006328773e+00
-2.167484306931048987e+00
-2.167484365841871874e+00
-2.167484424728185921e+00
-2.167484483595287781e+00
-2.167484542443169904e+00
-2.167484601266522759e+00
-2.167484660075946756e+00
-2.167484718860825943e+00
-2.167484777626459191e+00
-2.167484836372838952e+00
-2.167484895099959452e+00
-2.167484953807812698e+00
-2.167485012496395136e+00
-2.167485071165698773e+00
-2.167485129810404310e+00
-2.167485188435818166e+00
-2.167485247047242769e+00
-2.167485305634051507e+00
-2.167485364201546361e+00
-2.167485422749721558e+00
-2.167485481278573101e+00
-2.167485539788090776e+00
-2.167485598272953506e+00
-2.167485656743786571e+00
-2.167485715189950035e+00
-2.167485773622071843e+00
-2.167485832029510284e+00
-2.167485890417575778e+00
-2.167485948786262107e+00
-2.167486007140884130e+00
-2.167486065470793033e+00
-2.167486123781302343e+00
-2.167486182072408063e+00
-2.167486240338777126e+00
-2.167486298591050353e+00
-2.167486356823900451e+00
-2.167486415037316760e+00
-2.167486473225969767e+00
-2.167486531400503846e+00
-2.167486589555585041e+00
-2.167486647685883838e+00
-2.167486705802042390e+00
-2.167486763893401669e+00
-2.167486821970612265e+00
-2.167486880023010265e+00
-2.167486938061245816e+00
-2.167486996074652339e+00
-2.167487054073886199e+00
-2.167487112048276376e+00
-2.167487170003151054e+00
-2.167487227943831751e+00
-2.167487285859649671e+00
-2.167487343755929441e+00
-2.167487401637999689e+00
-2.167487459495185398e+00
-2.167487517338150926e+00
-2.167487575156213708e+00
-2.167487632960046096e+00
-2.167487690738962414e+00
-2.167487748503635459e+00
-2.167487806243377335e+00
-2.167487863968864836e+00
-2.167487921669406514e+00
-2.167487979355680938e+00
-2.167488037016998437e+00
-2.167488094664035359e+00
-2.167488152291441317e+00
-2.167488209899214091e+00
-2.167488267481998854e+00
-2.167488325050480391e+00
-2.167488382599306096e+00
-2.167488440128468419e+00
-2.167488497637965139e+00
-2.167488555127785155e+00
-2.167488612603274412e+00
-2.167488670053725031e+00
-2.167488727484481625e+00
-2.167488784900887921e+00
-2.167488842292234708e+00
-2.167488899669219204e+00
-2.167488957026485252e+00
-2.167489014358669586e+00
-2.167489071676473866e+00
-2.167489128974539270e+00
-2.167489186252856470e+00
-2.167489243511420582e+00
-2.167489300755585102e+00
-2.167489357974622166e+00
-2.167489415173888379e+00
-2.167489472358733682e+00
-2.167489529523793035e+00
-2.167489586669061108e+00
-2.167489643794531684e+00
-2.167489700900195881e+00
-2.167489757986047927e+00
-2.167489815052082491e+00
-2.167489872103656179e+00
-2.167489929130034021e+00
-2.167489986141938996e+00
-2.167490043134001176e+00
-2.167490100106211237e+00
-2.167490157058564737e+00
-2.167490213996421389e+00
-2.167490270909041783e+00
-2.167490327807153783e+00
-2.167490384685383020e+00
-2.167490441543724167e+00
-2.167490498382168784e+00
-2.167490555200709768e+00
-2.167490611999343120e+00
-2.167490668783432994e+00
-2.167490725547601471e+00
-2.167490782291841445e+00
-2.167490839016147586e+00
-2.167490895725888045e+00
-2.167490952410304761e+00
-2.167491009080143805e+00
-2.167491065730022815e+00
-2.167491122359935574e+00
-2.167491178975253341e+00
-2.167491235565212726e+00
-2.167491292140564241e+00
-2.167491348695923303e+00
-2.167491405231285473e+00
-2.167491461752023341e+00
-2.167491518247366411e+00
-2.167491574728073633e+00
-2.167491631188755985e+00
-2.167491687634793163e+00
-2.167491744055408009e+00
-2.167491800461363027e+00
-2.167491856847267417e+00
-2.167491913213115851e+00
-2.167491969564288912e+00
-2.167492025895392693e+00
-2.167492082206420534e+00
-2.167492138497365772e+00
-2.167492194773612990e+00
-2.167492251024373040e+00
-2.167492307260423079e+00
-2.167492363481757334e+00
-2.167492419677585325e+00
-2.167492475858684653e+00
-2.167492532019656082e+00
-2.167492588165892187e+00
-2.167492644286589609e+00
-2.167492700392537941e+00
-2.167492756478332616e+00
-2.167492812549365766e+00
-2.167492868600234601e+00
-2.167492924630930684e+00
-2.167492980641449574e+00
-2.167493036637181181e+00
-2.167493092612724936e+00
-2.167493148568068850e+00
-2.167493204508611715e+00
-2.167493260428944968e+00
-2.167493316329061948e+00
-2.167493372214359670e+00
-2.167493428074022344e+00
-2.167493483924261000e+00
-2.167493539748851727e+00
-2.167493595558601438e+00
-2.167493651348094463e+00
-2.167493707122736257e+00
-2.167493762871701257e+00
-2.167493818605800371e+00
-2.167493874325030045e+00
-2.167493930023974613e+00
-2.167493985702625636e+00
-2.167494041366389013e+00
-2.167494097004434295e+00
-2.167494152632994275e+00
-2.167494208235821063e+00
-2.167494263823740219e+00
-2.167494319391326751e+00
-2.167494374943990998e+00
-2.167494430476314182e+00
-2.167494485993703535e+00
-2.167494541485318393e+00
-2.167494596967409759e+00
-2.167494652423711088e+00
-2.167494707865057268e+00
-2.167494763286022419e+00
-2.167494818692019987e+00
-2.167494874077624534e+00
-2.167494929448250396e+00
-2.167494984793044921e+00
-2.167495040128276429e+00
-2.167495095437663277e+00
-2.167495150737475118e+00
-2.167495206011428976e+00
-2.167495261270370399e+00
-2.167495316508866399e+00
-2.167495371732340192e+00
-2.167495426935356573e+00
-2.167495482123340089e+00
-2.167495537290851537e+00
-2.167495592437887364e+00
-2.167495647569872563e+00
-2.167495702681369263e+00
-2.167495757777802012e+00
-2.167495812853734716e+00
-2.167495867914592811e+00
-2.167495922954938425e+00
-2.167495977974762233e+00
-2.167496032979494558e+00
-2.167496087963695306e+00
-2.167496142932794356e+00
-2.167496197881346287e+00
-2.167496252814785862e+00
-2.167496307727667659e+00
-2.167496362625426443e+00
-2.167496417502613681e+00
-2.167496472364665472e+00
-2.167496527206134616e+00
-2.167496582027014451e+00
-2.167496636832740187e+00
-2.167496691623310046e+00
-2.167496746393272389e+00
-2.167496801142617890e+00
-2.167496855876789308e+00
-2.167496910595782200e+00
-2.167496965294142264e+00
-2.167497019971861061e+00
-2.167497074634383125e+00
-2.167497129276252821e+00
-2.167497183902915125e+00
-2.167497238514363378e+00
-2.167497293105141054e+00
-2.167497347675242381e+00
-2.167497402230111891e+00
-2.167497456769746478e+00
-2.167497511288685619e+00
-2.167497565786923097e+00
-2.167497620269905667e+00
-2.167497674737631108e+00
-2.167497729184636235e+00
-2.167497783616371354e+00
-2.167497838027373724e+00
-2.167497892423096761e+00
-2.167497946798074171e+00
-2.167498001157758925e+00
-2.167498055496686948e+00
-2.167498109820309882e+00
-2.167498164128625948e+00
-2.167498218416164413e+00
-2.167498272682921279e+00
-2.167498326939817588e+00
-2.167498381170452681e+00
-2.167498435391218337e+00
-2.167498489591175748e+00
-2.167498543770319586e+00
-2.167498597934111260e+00
-2.167498652082543664e+00
-2.167498706210144732e+00
-2.167498760316906470e+00
-2.167498814413762354e+00
-2.167498868489769137e+00
-2.167498922544917050e+00
-2.167498976584673720e+00
-2.167499030609033817e+00
-2.167499084612517724e+00
-2.167499138600594843e+00
-2.167499192573256295e+00
-2.167499246525026457e+00
-2.167499300455894673e+00
-2.167499354376809073e+00
-2.167499408276810868e+00
-2.167499462155893397e+00
-2.167499516019528283e+00
-2.167499569867711529e+00
-2.167499623700438249e+00
-2.167499677512220835e+00
-2.167499731303053956e+00
-2.167499785083893293e+00
-2.167499838843772952e+00
-2.167499892582683163e+00
-2.167499946306102210e+00
-2.167500000014025652e+00
-2.167500053706446383e+00
-2.167500107377875018e+00
-2.167500161033791617e+00
-2.167500214668702796e+00
-2.167500268288089504e+00
-2.167500321891947301e+00
-2.167500375474782359e+00
-2.167500429042075627e+00
-2.167500482593824440e+00
-2.167500536130022137e+00
-2.167500589645170894e+00
-2.167500643139266270e+00
-2.167500696623287038e+00
-2.167500750086241990e+00
-2.167500803533616516e+00
-2.167500856959913236e+00
-2.167500910370621536e+00
-2.167500963765732980e+00
-2.167501017145244901e+00
-2.167501070503654148e+00
-2.167501123846453215e+00
-2.167501177168133175e+00
-2.167501230479691898e+00
-2.167501283770124410e+00
-2.167501337044923204e+00
-2.167501390298580688e+00
-2.167501443536596462e+00
-2.167501496758962531e+00
-2.167501549965672680e+00
-2.167501603151218870e+00
-2.167501656321099368e+00
-2.167501709475308846e+00
-2.167501762608335270e+00
-2.167501815725678682e+00
-2.167501868827335532e+00
-2.167501921913297380e+00
-2.167501974978055301e+00
-2.167502028027108008e+00
-2.167502081060451502e+00
-2.167502134078079123e+00
-2.167502187074477060e+00
-2.167502240055148466e+00
-2.167502293020088899e+00
-2.167502345969292143e+00
-2.167502398897240834e+00
-2.167502451809443453e+00
-2.167502504705890676e+00
-2.167502557586580725e+00
-2.167502610445991351e+00
-2.167502663295150622e+00
-2.167502716117499340e+00
-2.167502768929586487e+00
-2.167502821725889373e+00
-2.167502874500882193e+00
-2.167502927260078760e+00
-2.167502980003472857e+00
-2.167503032731059598e+00
-2.167503085437314070e+00
-2.167503138127749640e+00
-2.167503190802362312e+00
-2.167503243461146312e+00
-2.167503296104098087e+00
-2.167503348725683843e+00
-2.167503401331424939e+00
-2.167503453921317824e+00
-2.167503506495352283e+00
-2.167503559053527429e+00
-2.167503611590308576e+00
-2.167503664116745998e+00
-2.167503716621779208e+00
-2.167503769110929124e+00
-2.167503821578658840e+00
-2.167503874036027955e+00
-2.167503926471966214e+00
-2.167503978892000749e+00
-2.167504031301659140e+00
-2.167504083684335114e+00
-2.167504136056626063e+00
-2.167504188412991972e+00
-2.167504240747891942e+00
-2.167504293066853105e+00
-2.167504345369873242e+00
-2.167504397656945248e+00
-2.167504449928069121e+00
-2.167504502183233317e+00
-2.167504554416895157e+00
-2.167504606640130227e+00
-2.167504658841850507e+00
-2.167504711027591568e+00
-2.167504763197348083e+00
-2.167504815351115166e+00
-2.167504867488888376e+00
-2.167504919605115266e+00
-2.167504971710882966e+00
-2.167505023795093244e+00
-2.167505075863287001e+00
-2.167505127915458019e+00
-2.167505179951603633e+00
-2.167505231971716739e+00
-2.167505283975791563e+00
-2.167505335963825441e+00
-2.167505387930258376e+00
-2.167505439886189933e+00
-2.167505491820510777e+00
-2.167505543738766249e+00
-2.167505595640954130e+00
-2.167505647527065094e+00
-2.167505699397095587e+00
-2.167505751251042945e+00
-2.167505803088896954e+00
-2.167505854910657170e+00
-2.167505906716315600e+00
-2.167505958500307806e+00
-2.167506010273749339e+00
-2.167506062025510438e+00
-2.167506113761151543e+00
-2.167506165486225989e+00
-2.167506217189604456e+00
-2.167506268876844278e+00
-2.167506320547939236e+00
-2.167506372202886666e+00
-2.167506423841679908e+00
-2.167506475464314075e+00
-2.167506527070780287e+00
-2.167506578661077654e+00
-2.167506630235200848e+00
-2.167506681787574330e+00
-2.167506733329328306e+00
-2.167506784854893453e+00
-2.167506836358692457e+00
-2.167506887851857300e+00
-2.167506939323246229e+00
-2.167506990783992116e+00
-2.167507042222947433e+00
-2.167507093651254380e+00
-2.167507145057759210e+00
-2.167507196453602347e+00
-2.167507247827634043e+00
-2.167507299185420511e+00
-2.167507350532533739e+00
-2.167507401857815097e+00
-2.167507453166835241e+00
-2.167507504465170598e+00
-2.167507555741654102e+00
-2.167507607001863956e+00
-2.167507658251371261e+00
-2.167507709479012945e+00
-2.167507760690361884e+00
-2.167507811890994951e+00
-2.167507863069745078e+00
-2.167507914232186028e+00
-2.167507965383900448e+00
-2.167508016513711500e+00
-2.167508067632783142e+00
-2.167508118729944755e+00
-2.167508169816354968e+00
-2.167508220880840497e+00
-2.167508271928981767e+00
-2.167508322966362755e+00
-2.167508373987388826e+00
-2.167508424986464455e+00
-2.167508475974766924e+00
-2.167508526941107405e+00
-2.167508577896662736e+00
-2.167508628835838724e+00
-2.167508679758627377e+00
-2.167508730665026917e+00
-2.167508781555030684e+00
-2.167508832423033827e+00
-2.167508883280229171e+00
-2.167508934126605613e+00
-2.167508984950971662e+00
-2.167509035758912628e+00
-2.167509086550426733e+00
-2.167509137325505542e+00
-2.167509188089747685e+00
-2.167509238831946128e+00
-2.167509289563296360e+00
-2.167509340272590013e+00
-2.167509390971029681e+00
-2.167509441653003854e+00
-2.167509492318507647e+00
-2.167509542967538394e+00
-2.167509593600088547e+00
-2.167509644216154108e+00
-2.167509694815727528e+00
-2.167509745398806587e+00
-2.167509795970992137e+00
-2.167509846521063821e+00
-2.167509897060233115e+00
-2.167509947577277885e+00
-2.167509998083409162e+00
-2.167510048573014547e+00
-2.167510099046088268e+00
-2.167510149502625438e+00
-2.167510199948234018e+00
-2.167510250371680325e+00
-2.167510300778576315e+00
-2.167510351174525063e+00
-2.167510401553913724e+00
-2.167510451911116132e+00
-2.167510502257363747e+00
-2.167510552592649464e+00
-2.167510602905735606e+00
-2.167510653202229687e+00
-2.167510703487751655e+00
-2.167510753751054509e+00
-2.167510804003372371e+00
-2.167510854239080409e+00
-2.167510904458175069e+00
-2.167510954660650135e+00
-2.167511004852121559e+00
-2.167511055021340560e+00
-2.167511105179548370e+00
-2.167511155321117045e+00
-2.167511205446039924e+00
-2.167511255554311234e+00
-2.167511305645925646e+00
-2.167511355720879163e+00
-2.167511405784795286e+00
-2.167511455832040745e+00
-2.167511505862609322e+00
-2.167511555876496576e+00
-2.167511605873696734e+00
-2.167511655859835518e+00
-2.167511705829278323e+00
-2.167511755776388327e+00
-2.167511805712419193e+00
-2.167511855637375362e+00
-2.167511905539978745e+00
-2.167511955431494552e+00
-2.167512005306284184e+00
-2.167512055164338758e+00
-2.167512105005656942e+00
-2.167512154830229854e+00
-2.167512204643695206e+00
-2.167512254440405073e+00
-2.167512304220357677e+00
-2.167512353983546358e+00
-2.167512403729965342e+00
-2.167512453465253675e+00
-2.167512503183760764e+00
-2.167512552885486610e+00
-2.167512602570423663e+00
-2.167512652244206528e+00
-2.167512701895546012e+00
-2.167512751535728199e+00
-2.167512801164746428e+00
-2.167512850771304400e+00
-2.167512900366686868e+00
-2.167512949945246348e+00
-2.167512999506975735e+00
-2.167513049051870144e+00
-2.167513098585574394e+00
-2.167513148102432563e+00
-2.167513197602441100e+00
-2.167513247085592454e+00
-2.167513296557538993e+00
-2.167513346012617692e+00
-2.167513395450826330e+00
-2.167513444872158246e+00
-2.167513494282263142e+00
-2.167513543675485099e+00
-2.167513593051814791e+00
-2.167513642411248220e+00
-2.167513691759437311e+00
-2.167513741090718593e+00
-2.167513790405089846e+00
-2.167513839702543965e+00
-2.167513888988737314e+00
-2.167513938258002870e+00
-2.167513987516001439e+00
-2.167514036751398532e+00
-2.167514085975517979e+00
-2.167514135182688317e+00
-2.167514184378573461e+00
-2.167514233551833591e+00
-2.167514282713798757e+00
-2.167514331864464072e+00
-2.167514380992488832e+00
-2.167514430109201751e+00
-2.167514479214605494e+00
-2.167514528297348697e+00
-2.167514577368770734e+00
-2.167514626423193480e+00
-2.167514675466287510e+00
-2.167514724486699684e+00
-2.167514773495772040e+00
-2.167514822493500581e+00
-2.167514871474205851e+00
-2.167514920437882520e+00
-2.167514969384526591e+00
-2.167515018319808640e+00
-2.167515067238046989e+00
-2.167515116139237197e+00
-2.167515165029052948e+00
-2.167515213901809457e+00
-2.167515262757503613e+00
-2.167515311601807770e+00
-2.167515360429039362e+00
-2.167515409239191726e+00
-2.167515458037943432e+00
-2.167515506819607030e+00
-2.167515555584176301e+00
-2.167515604337330704e+00
-2.167515653073381010e+00
-2.167515701792323224e+00
-2.167515750499836802e+00
-2.167515799190232073e+00
-2.167515847869191159e+00
-2.167515896531021280e+00
-2.167515945175718439e+00
-2.167515993803275087e+00
-2.167516042419377786e+00
-2.167516091024023428e+00
-2.167516139605822456e+00
-2.167516188176154213e+00
-2.167516236735016477e+00
-2.167516285276709809e+00
-2.167516333801227990e+00
-2.167516382308568801e+00
-2.167516430804418359e+00
-2.167516479288776665e+00
-2.167516527750243061e+00
-2.167516576205906542e+00
-2.167516624638667899e+00
-2.167516673059918020e+00
-2.167516721463953910e+00
-2.167516769856470571e+00
-2.167516818231764120e+00
-2.167516866595529557e+00
-2.167516914942062112e+00
-2.167516963271355124e+00
-2.167517011589106257e+00
-2.167517059889610298e+00
-2.167517108172857920e+00
-2.167517156444552562e+00
-2.167517204704690670e+00
-2.167517252947559037e+00
-2.167517301173153221e+00
-2.167517349381467451e+00
-2.167517397578206939e+00
-2.167517445763367689e+00
-2.167517493931233385e+00
-2.167517542081800919e+00
-2.167517590220775059e+00
-2.167517638342440822e+00
-2.167517686452506087e+00
-2.167517734545251873e+00
-2.167517782626388723e+00
-2.167517830690195879e+00
-2.167517878736669790e+00
-2.167517926771520109e+00
-2.167517974789029189e+00
-2.167518022794904464e+00
-2.167518070783427397e+00
-2.167518118760310308e+00
-2.167518166719829331e+00
-2.167518214667699894e+00
-2.167518262598198131e+00
-2.167518310511317381e+00
-2.167518358412774848e+00
-2.167518406302566092e+00
-2.167518454169241160e+00
-2.167518502029964989e+00
-2.167518549873287181e+00
-2.167518597699200633e+00
-2.167518645513426989e+00
-2.167518693310235278e+00
-2.167518741095348034e+00
-2.167518788863032064e+00
-2.167518836619013012e+00
-2.167518884357554576e+00
-2.167518932084385064e+00
-2.167518979793765954e+00
-2.167519027491427774e+00
-2.167519075171630227e+00
-2.167519122840105616e+00
-2.167519170491109648e+00
-2.167519218124643654e+00
-2.167519265752169133e+00
-2.167519313356476740e+00
-2.167519360949032414e+00
-2.167519408529833047e+00
-2.167519456093136565e+00
-2.167519503644675716e+00
-2.167519551178707982e+00
-2.167519598700969219e+00
-2.167519646205710249e+00
-2.167519693698673589e+00
-2.167519741174108283e+00
-2.167519788637754630e+00
-2.167519836089607299e+00
-2.167519883523918445e+00
-2.167519930940684070e+00
-2.167519978345641807e+00
-2.167520025733044697e+00
-2.167520073108629930e+00
-2.167520120472396616e+00
-2.167520167818593801e+00
-2.167520215152963114e+00
-2.167520262469750492e+00
-2.167520309774703335e+00
-2.167520357062065806e+00
-2.167520404337581308e+00
-2.167520451595499331e+00
-2.167520498841561505e+00
-2.167520546070014653e+00
-2.167520593286604846e+00
-2.167520640491330308e+00
-2.167520687678430313e+00
-2.167520734853655817e+00
-2.167520782011247871e+00
-2.167520829156955653e+00
-2.167520876285020215e+00
-2.167520923401192068e+00
-2.167520970505467659e+00
-2.167521017592087151e+00
-2.167521064666801500e+00
-2.167521111723848204e+00
-2.167521158768979994e+00
-2.167521205796434369e+00
-2.167521252811967614e+00
-2.167521299815576619e+00
-2.167521346801491333e+00
-2.167521393775472038e+00
-2.167521440731751792e+00
-2.167521487676088210e+00
-2.167521534608478184e+00
-2.167521581523151664e+00
-2.167521628425869373e+00
-2.167521675310860818e+00
-2.167521722183889388e+00
-2.167521769044949753e+00
-2.167521815888268755e+00
-2.167521862719613335e+00
-2.167521909533203228e+00
-2.167521956334812927e+00
-2.167522003124432217e+00
-2.167522049896285719e+00
-2.167522096656142150e+00
-2.167522143398223911e+00
-2.167522190128299719e+00
-2.167522236846365580e+00
-2.167522283546641226e+00
-2.167522330234899819e+00
-2.167522376911136472e+00
-2.167522423569567813e+00
-2.167522470215968777e+00
-2.167522516844555547e+00
-2.167522563461103502e+00
-2.167522610065608202e+00
-2.167522656658066538e+00
-2.167522703232692027e+00
-2.167522749789477565e+00
-2.167522796339987678e+00
-2.167522842872649402e+00
-2.167522889387460072e+00
-2.167522935895981995e+00
-2.167522982386642205e+00
-2.167523028859433154e+00
-2.167523075320142212e+00
-2.167523121768758720e+00
-2.167523168205284900e+00
-2.167523214623923611e+00
-2.167523261030461779e+00
-2.167523307424893630e+00
-2.167523353801425134e+00
-2.167523400165841441e+00
-2.167523446512347629e+00
-2.167523492846730182e+00
-2.167523539168987323e+00
-2.167523585479114612e+00
-2.167523631771310022e+00
-2.167523678051367586e+00
-2.167523724319283751e+00
-2.167523770569253383e+00
-2.167523816807072290e+00
-2.167523863032736031e+00
-2.167523909240441249e+00
-2.167523955435980199e+00
-2.167524001619353324e+00
-2.167524047784752828e+00
-2.167524093943778318e+00
-2.167524140084820861e+00
-2.167524186207876458e+00
-2.167524232318740918e+00
-2.167524278417414685e+00
-2.167524324503891098e+00
-2.167524370572361470e+00
-2.167524416628623829e+00
-2.167524462672677732e+00
-2.167524508704520070e+00
-2.167524554718336383e+00
-2.167524600719928696e+00
-2.167524646709297009e+00
-2.167524692680625087e+00
-2.167524738639718507e+00
-2.167524784586573716e+00
-2.167524830521188051e+00
-2.167524876437740833e+00
-2.167524922342042970e+00
-2.167524968234090466e+00
-2.167525014108066195e+00
-2.167525059969777068e+00
-2.167525105819219977e+00
-2.167525151656392257e+00
-2.167525197475472787e+00
-2.167525243288091819e+00
-2.167525289082607998e+00
-2.167525334859017772e+00
-2.167525380628955389e+00
-2.167525426380778164e+00
-2.167525472120298335e+00
-2.167525517841692118e+00
-2.167525563556601309e+00
-2.167525609253375229e+00
-2.167525654937831447e+00
-2.167525700609968631e+00
-2.167525746263955000e+00
-2.167525791905611232e+00
-2.167525837534936439e+00
-2.167525883151923516e+00
-2.167525928756571130e+00
-2.167525974343044393e+00
-2.167526019917168867e+00
-2.167526065478940112e+00
-2.167526111028353242e+00
-2.167526156559572925e+00
-2.167526202078428277e+00
-2.167526247584912191e+00
-2.167526293079025113e+00
-2.167526338554923715e+00
-2.167526384024277331e+00
-2.167526429475407745e+00
-2.167526474914149404e+00
-2.167526520334658979e+00
-2.167526565748608025e+00
-2.167526611144317439e+00
-2.167526656527619000e+00
-2.167526701898510932e+00
-2.167526747256988795e+00
-2.167526792597206597e+00
-2.167526837930845662e+00
-2.167526883246213565e+00
-2.167526928549152743e+00
-2.167526973833810544e+00
-2.167527019111873621e+00
-2.167527064371649992e+00
-2.167527109618978987e+00
-2.167527154853857940e+00
-2.167527200076280636e+00
-2.167527245286245297e+00
-2.167527290477896162e+00
-2.167527335657081444e+00
-2.167527380829645800e+00
-2.167527425978033051e+00
-2.167527471119790938e+00
-2.167527516249065478e+00
-2.167527561360002686e+00
-2.167527606458445444e+00
-2.167527651550247292e+00
-2.167527696617840505e+00
-2.167527741678785258e+00
-2.167527786727221351e+00
-2.167527831757289913e+00
-2.167527876780699359e+00
-2.167527921785732392e+00
-2.167527966778240778e+00
-2.167528011752361206e+00
-2.167528056719808305e+00
-2.167528101674720986e+00
-2.167528146611232387e+00
-2.167528191535198268e+00
-2.167528236446616408e+00
-2.167528281345481034e+00
-2.167528326231791702e+00
-2.167528371105540863e+00
-2.167528415960858990e+00
-2.167528460809477586e+00
-2.167528505639656267e+00
-2.167528550457256564e+00
-2.167528595262277591e+00
-2.167528640054714906e+00
-2.167528684834562291e+00
-2.167528729601817528e+00
-2.167528774350606202e+00
-2.167528819092664261e+00
-2.167528863816248208e+00
-2.167528908527222242e+00
-2.167528953225582811e+00
-2.167528997911325916e+00
-2.167529042584449783e+00
-2.167529087244949082e+00
-2.167529131886944516e+00
-2.167529176522181800e+00
-2.167529221138905893e+00
-2.167529265748865619e+00
-2.167529310340303716e+00
-2.167529354919093265e+00
-2.167529399485229380e+00
-2.167529444038708952e+00
-2.167529488579526209e+00
-2.167529533107679374e+00
-2.167529577617281600e+00
-2.167529622120094146e+00
-2.167529666604345984e+00
-2.167529711081801924e+00
-2.167529755540687386e+00
-2.167529799986883887e+00
-2.167529844420386986e+00
-2.167529888841193575e+00
-2.167529933249298768e+00
-2.167529977644698569e+00
-2.167530022027390313e+00
-2.167530066397368227e+00
-2.167530110754630535e+00
-2.167530155093281508e+00
-2.167530199425098392e+00
-2.167530243738295059e+00
-2.167530288044650533e+00
-2.167530332332376908e+00
-2.167530376607359699e+00
-2.167530420875495079e+00
-2.167530465124986261e+00
-2.167530509361724533e+00
-2.167530553585705011e+00
-2.167530597796926806e+00
-2.167530641995382368e+00
-2.167530686181069477e+00
-2.167530730353983692e+00
-2.167530774514121905e+00
-2.167530818655578173e+00
-2.167530862790150614e+00
-2.167530906911934618e+00
-2.167530951020927521e+00
-2.167530995111220271e+00
-2.167531039194615428e+00
-2.167531083259301994e+00
-2.167531127317086082e+00
-2.167531171356150477e+00
-2.167531215388306176e+00
-2.167531259401734189e+00
-2.167531303408245957e+00
-2.167531347396021602e+00
-2.167531391376871674e+00
-2.167531435338979406e+00
-2.167531479288244523e+00
-2.167531523230576518e+00
-2.167531567154149297e+00
-2.167531611064871910e+00
-2.167531654962737253e+00
-2.167531698853654820e+00
-2.167531742725796740e+00
-2.167531786585069398e+00
-2.167531830431471018e+00
-2.167531874270912873e+00
-2.167531918091557319e+00
-2.167531961899320070e+00
-2.167532005694194019e+00
-2.167532049482094436e+00
-2.167532093251182346e+00
-2.167532137007369464e+00
-2.167532180750654014e+00
-2.167532224486951264e+00
-2.167532268204417800e+00
-2.167532311908966669e+00
-2.167532355600596983e+00
-2.167532399285229339e+00
-2.167532442951010552e+00
-2.167532486603857667e+00
-2.167532530249699718e+00
-2.167532573876675084e+00
-2.167532617490709246e+00
-2.167532661097721469e+00
-2.167532704685856348e+00
-2.167532748266966180e+00
-2.167532791829188010e+00
-2.167532835384376799e+00
-2.167532878920668704e+00
-2.167532922449922683e+00
-2.167532965966203484e+00
-2.167533009463570970e+00
-2.167533052953892092e+00
-2.167533096431226269e+00
-2.167533139895571281e+00
-2.167533183346925352e+00
-2.167533226779342126e+00
-2.167533270204694773e+00
-2.167533313617041824e+00
-2.167533357016378837e+00
-2.167533400408643729e+00
-2.167533443781952673e+00
-2.167533487142239146e+00
-2.167533530489500038e+00
-2.167533573823732684e+00
-2.167533617150875891e+00
-2.167533660459037392e+00
-2.167533703760103236e+00
-2.167533747042182046e+00
-2.167533790317154541e+00
-2.167533833579075253e+00
-2.167533876821995609e+00
-2.167533920057800323e+00
-2.167533963280543041e+00
-2.167534006490216658e+00
-2.167534049686818065e+00
-2.167534092870343709e+00
-2.167534136040790926e+00
-2.167534179204105182e+00
-2.167534222348380446e+00
-2.167534265485517420e+00
-2.167534308603606519e+00
-2.167534351714548002e+00
-2.167534394806436282e+00
-2.167534437891169397e+00
-2.167534480962792554e+00
-2.167534524021301312e+00
-2.167534567066691675e+00
-2.167534610098959647e+00
-2.167534653124059574e+00
-2.167534696130070770e+00
-2.167534739128907706e+00
-2.167534782108646585e+00
-2.167534825081204541e+00
-2.167534868040617901e+00
-2.167534910980918994e+00
-2.167534953914028506e+00
-2.167534996839944661e+00
-2.167535039746736558e+00
-2.167535082640364763e+00
-2.167535125526785400e+00
-2.167535168394070233e+00
-2.167535211254144834e+00
-2.167535254101037090e+00
-2.167535296934748779e+00
-2.167535339755271906e+00
-2.167535382562600255e+00
-2.167535425356734269e+00
-2.167535468137668175e+00
-2.167535510911368757e+00
-2.167535553671862569e+00
-2.167535596413173060e+00
-2.167535639147242676e+00
-2.167535681868088648e+00
-2.167535724581689749e+00
-2.167535767276089764e+00
-2.167535809957256365e+00
-2.167535852631166993e+00
-2.167535895291838877e+00
-2.167535937939268464e+00
-2.167535980573453536e+00
-2.167536023194386985e+00
-2.167536065802067924e+00
-2.167536108402469797e+00
-2.167536150983631504e+00
-2.167536193557507040e+00
-2.167536236118114967e+00
-2.167536278665449956e+00
-2.167536321205491667e+00
-2.167536363726267901e+00
-2.167536406239747748e+00
-2.167536448733950571e+00
-2.167536491220849015e+00
-2.167536533694450540e+00
-2.167536576160740580e+00
-2.167536618607737608e+00
-2.167536661047418711e+00
-2.167536703467796588e+00
-2.167536745880849658e+00
-2.167536788280584492e+00
-2.167536830672988302e+00
-2.167536873046071566e+00
-2.167536915411818921e+00
-2.167536957758238625e+00
-2.167537000097313094e+00
-2.167537042429041438e+00
-2.167537084741429254e+00
-2.167537127046462508e+00
-2.167537169332146352e+00
-2.167537211610469861e+00
-2.167537253875432501e+00
-2.167537296133028590e+00
-2.167537338371258393e+00
-2.167537380602114538e+00
-2.167537422819593385e+00
-2.167537465023694931e+00
-2.167537507214409853e+00
-2.167537549391737706e+00
-2.167537591561677246e+00
-2.167537633718222168e+00
-2.167537675861366697e+00
-2.167537717991109947e+00
-2.167537760113451561e+00
-2.167537802222380794e+00
-2.167537844317898976e+00
-2.167537886399997227e+00
-2.167537928468674657e+00
-2.167537970529934910e+00
-2.167538012571754269e+00
-2.167538054606150677e+00
-2.167538096633123690e+00
-2.167538138640642043e+00
-2.167538180640728118e+00
-2.167538222627367173e+00
-2.167538264600552100e+00
-2.167538306560282457e+00
-2.167538348512565438e+00
-2.167538390445371110e+00
-2.167538432370723189e+00
-2.167538474288622119e+00
-2.167538516187028197e+00
-2.167538558077974908e+00
-2.167538599955438183e+00
-2.167538641819414913e+00
-2.167538683675922062e+00
-2.167538725512913711e+00
-2.167538767342427342e+00
-2.167538809158441104e+00
-2.167538850966973740e+00
-2.167538892755970892e+00
-2.167538934537478035e+00
-2.167538976311497390e+00
-2.167539018065969714e+00
-2.167539059812942703e+00
-2.167539101546388736e+00
-2.167539143266302482e+00
-2.167539184972680388e+00
-2.167539226671547858e+00
-2.167539268356871052e+00
-2.167539310028648192e+00
-2.167539351692907346e+00
-2.167539393337577280e+00
-2.167539434974721679e+00
-2.167539476604337434e+00
-2.167539518214353755e+00
-2.167539559816834771e+00
-2.167539601405742200e+00
-2.167539642987107218e+00
-2.167539684548855927e+00
-2.167539726103057340e+00
-2.167539767643669624e+00
-2.167539809176727506e+00
-2.167539850696190484e+00
-2.167539892202053231e+00
-2.167539933694313525e+00
-2.167539975179006984e+00
-2.167540016650088219e+00
-2.167540058107556789e+00
-2.167540099551404698e+00
-2.167540140987675112e+00
-2.167540182410317762e+00
-2.167540223819332201e+00
-2.167540265220757600e+00
-2.167540306608546796e+00
-2.167540347982694016e+00
-2.167540389349243757e+00
-2.167540430702144860e+00
-2.167540472041394661e+00
-2.167540513366988275e+00
-2.167540554684971976e+00
-2.167540595989290608e+00
-2.167540637285997107e+00
-2.167540678562978052e+00
-2.167540719832336649e+00
-2.167540761094071122e+00
-2.167540802336068939e+00
-2.167540843570434639e+00
-2.167540884791112177e+00
-2.167540926004150936e+00
-2.167540967203493096e+00
-2.167541008389135104e+00
-2.167541049567129452e+00
-2.167541090731416098e+00
-2.167541131881991934e+00
-2.167541173018850298e+00
-2.167541214148050344e+00
-2.167541255263525368e+00
-2.167541296371337189e+00
-2.167541337465417772e+00
-2.167541378545763564e+00
-2.167541419612371900e+00
-2.167541460671300602e+00
-2.167541501716486962e+00
-2.167541542753987915e+00
-2.167541583777735426e+00
-2.167541624787727716e+00
-2.167541665783959015e+00
-2.167541706772493804e+00
-2.167541747747260938e+00
-2.167541788714325790e+00
-2.167541829667615438e+00
-2.167541870607126775e+00
-2.167541911538924282e+00
-2.167541952456938148e+00
-2.167541993361162600e+00
-2.167542034257663897e+00
-2.167542075140369118e+00
-2.167542116009273379e+00
-2.167542156870447378e+00
-2.167542197717811980e+00
-2.167542238557443213e+00
-2.167542279377180581e+00
-2.167542320195251726e+00
-2.167542360993421013e+00
-2.167542401783843609e+00
-2.167542442566515959e+00
-2.167542483329271352e+00
-2.167542524084271172e+00
-2.167542564831510088e+00
-2.167542605564904079e+00
-2.167542646284448704e+00
-2.167542686990140854e+00
-2.167542727688059223e+00
-2.167542768378203366e+00
-2.167542809048396357e+00
-2.167542849710808461e+00
-2.167542890365437458e+00
-2.167542931006189111e+00
-2.167542971633063864e+00
-2.167543012252143964e+00
-2.167543052857339614e+00
-2.167543093448642821e+00
-2.167543134032145158e+00
-2.167543174601749278e+00
-2.167543215163545423e+00
-2.167543255711436245e+00
-2.167543296245418638e+00
-2.167543336771583284e+00
-2.167543377283833728e+00
-2.167543417788258431e+00
-2.167543458278760937e+00
-2.167543498755336806e+00
-2.167543539224079385e+00
-2.167543579678887333e+00
-2.167543620125857551e+00
-2.167543660558886032e+00
-2.167543700977968779e+00
-2.167543741389202694e+00
-2.167543781786485546e+00
-2.167543822175914237e+00
-2.167543862551382094e+00
-2.167543902918990018e+00
-2.167543943272633555e+00
-2.167543983612302938e+00
-2.167544023944105280e+00
-2.167544064261929915e+00
-2.167544104571877739e+00
-2.167544144867842082e+00
-2.167544185149814950e+00
-2.167544225423904791e+00
-2.167544265683997828e+00
-2.167544305936200288e+00
-2.167544346174399283e+00
-2.167544386404701484e+00
-2.167544426620994003e+00
-2.167544466829384397e+00
-2.167544507023755340e+00
-2.167544547204105054e+00
-2.167544587376543763e+00
-2.167544627534953250e+00
-2.167544667685444182e+00
-2.167544707821899674e+00
-2.167544747950432615e+00
-2.167544788064920347e+00
-2.167544828165360205e+00
-2.167544868257868629e+00
-2.167544908342442511e+00
-2.167544948406836092e+00
-2.167544988469411571e+00
-2.167545028517919192e+00
-2.167545068552359400e+00
-2.167545108578848634e+00
-2.167545148591262461e+00
-2.167545188589593330e+00
-2.167545228579966121e+00
-2.167545268562375504e+00
-2.167545308530696158e+00
-2.167545348484920531e+00
-2.167545388431173947e+00
-2.167545428369454186e+00
-2.167545468293627486e+00
-2.167545508203692517e+00
-2.167545548105773712e+00
-2.167545587993738199e+00
-2.167545627873715297e+00
-2.167545667739567250e+00
-2.167545707597426485e+00
-2.167545747441151249e+00
-2.167545787276877967e+00
-2.167545827098463551e+00
-2.167545866912043984e+00
-2.167545906711479731e+00
-2.167545946496764575e+00
-2.167545986274034497e+00
-2.167546026043285057e+00
-2.167546065798375388e+00
-2.167546105545441915e+00
-2.167546145278341996e+00
-2.167546184997068526e+00
-2.167546224707763258e+00
-2.167546264410421308e+00
-2.167546304098896925e+00
-2.167546343779331863e+00
-2.167546383445577263e+00
-2.167546423097629571e+00
-2.167546462741630542e+00
-2.167546502377577955e+00
-2.167546541999321619e+00
-2.167546581606855760e+00
-2.167546621206329682e+00
-2.167546660797736280e+00
-2.167546700374925805e+00
-2.167546739944043122e+00
-2.167546779498935372e+00
-2.167546819045750972e+00
-2.167546858578333513e+00
-2.167546898096679886e+00
-2.167546937613092251e+00
-2.167546977109107154e+00
-2.167547016597030307e+00
-2.167547056076857714e+00
-2.167547095542430746e+00
-2.167547134999902259e+00
-2.167547174449271363e+00
-2.167547213878216361e+00
-2.167547253305210475e+00
-2.167547292717932894e+00
-2.167547332116378733e+00
-2.167547371506706178e+00
-2.167547410888912562e+00
-2.167547450256832597e+00
-2.167547489610460065e+00
-2.167547528955958924e+00
-2.167547568293323845e+00
-2.167547607616386873e+00
-2.167547646931311967e+00
-2.167547686231928949e+00
-2.167547725524400448e+00
-2.167547764802556287e+00
-2.167547804072560425e+00
-2.167547843334411972e+00
-2.167547882581938090e+00
-2.167547921815133449e+00
-2.167547961040166005e+00
-2.167548000257033092e+00
-2.167548039459559650e+00
-2.167548078653914523e+00
-2.167548117833922650e+00
-2.167548157005751985e+00
-2.167548196169402974e+00
-2.167548235318696559e+00
-2.167548274453626522e+00
-2.167548313580367481e+00
-2.167548352698916769e+00
-2.167548391803093111e+00
-2.167548430899072009e+00
-2.167548469980670411e+00
-2.167548509054066042e+00
-2.167548548119255791e+00
-2.167548587170053498e+00
-2.167548626212641327e+00
-2.167548665240830008e+00
-2.167548704260800818e+00
-2.167548743266367595e+00
-2.167548782263709839e+00
-2.167548821246639612e+00
-2.167548860227526131e+00
-2.167548899187807354e+00
-2.167548938146039994e+00
-2.167548977083658013e+00
-2.167549016019223451e+00
-2.167549054940356434e+00
-2.167549093853240905e+00
-2.167549132751687591e+00
-2.167549171641879546e+00
-2.167549210517623948e+00
-2.167549249385110066e+00
-2.167549288238140637e+00
-2.167549327089100419e+00
-2.167549365919404725e+00
-2.167549404747634245e+00
-2.167549443561393563e+00
-2.167549482360682234e+00
-2.167549521151690417e+00
-2.167549559934417225e+00
-2.167549598708859548e+00
-2.167549637468815682e+00
-2.167549676214281185e+00
-2.167549714951452877e+00
-2.167549753680327651e+00
-2.167549792394702912e+00
-2.167549831100775481e+00
-2.167549869798542694e+00
-2.167549908481798848e+00
-2.167549947156744317e+00
-2.167549985823377323e+00
-2.167550024475486836e+00
-2.167550063113071523e+00
-2.167550101748541014e+00
-2.167550140369478129e+00
-2.167550178975877984e+00
-2.167550217573947169e+00
-2.167550256163683464e+00
-2.167550294745082873e+00
-2.167550333311931254e+00
-2.167550371864226388e+00
-2.167550410414388562e+00
-2.167550448949990383e+00
-2.167550487471026521e+00
-2.167550525983707566e+00
-2.167550564488034848e+00
-2.167550602983999930e+00
-2.167550641465388672e+00
-2.167550679938412106e+00
-2.167550718396848541e+00
-2.167550756846914339e+00
-2.167550795288606835e+00
-2.167550833715702119e+00
-2.167550872134418327e+00
-2.167550910544752352e+00
-2.167550948940479394e+00
-2.167550987327817147e+00
-2.167551025700543033e+00
-2.167551064064872524e+00
-2.167551102420806952e+00
-2.167551140768341433e+00
-2.167551179101247172e+00
-2.167551217425748966e+00
-2.167551255735615356e+00
-2.167551294037069809e+00
-2.167551332330109659e+00
-2.167551370608506112e+00
-2.167551408878481745e+00
-2.167551447140034337e+00
-2.167551485393162114e+00
-2.167551523631630506e+00
-2.167551561855436404e+00
-2.167551600077040508e+00
-2.167551638283974569e+00
-2.167551676482470047e+00
-2.167551714666287932e+00
-2.167551752841659241e+00
-2.167551791008583084e+00
-2.167551829160820009e+00
-2.167551867304601920e+00
-2.167551905439927928e+00
-2.167551943560555472e+00
-2.167551981678959461e+00
-2.167552019776419758e+00
-2.167552057871650728e+00
-2.167552095952171243e+00
-2.167552134024218535e+00
-2.167552172081544715e+00
-2.167552210136635793e+00
-2.167552248170757867e+00
-2.167552286202638623e+00
-2.167552324219786275e+00
-2.167552362228442497e+00
-2.167552400228605514e+00
-2.167552438214023880e+00
-2.167552476190945487e+00
-2.167552514159363231e+00
-2.167552552113026998e+00
-2.167552590058183348e+00
-2.167552627994828285e+00
-2.167552665922961364e+00
-2.167552703836326700e+00
-2.167552741741172184e+00
-2.167552779637496485e+00
-2.167552817519042385e+00
-2.167552855392060884e+00
-2.167552893256549318e+00
-2.167552931106246916e+00
-2.167552968947410008e+00
-2.167553006780034597e+00
-2.167553044604117130e+00
-2.167553082413396837e+00
-2.167553120214130047e+00
-2.167553158006313208e+00
-2.167553195783682440e+00
-2.167553233552495850e+00
-2.167553271312749885e+00
-2.167553309064444100e+00
-2.167553346801311065e+00
-2.167553384529611993e+00
-2.167553422249340667e+00
-2.167553459954234096e+00
-2.167553497650551275e+00
-2.167553535338289983e+00
-2.167553573017447999e+00
-2.167553610681754783e+00
-2.167553648337474659e+00
-2.167553685984604517e+00
-2.167553723616873373e+00
-2.167553761246816091e+00
-2.167553798861890701e+00
-2.167553836468366413e+00
-2.167553874059966024e+00
-2.167553911642957409e+00
-2.167553949217340126e+00
-2.167553986783111064e+00
-2.167554024333994356e+00
-2.167554061876257432e+00
-2.167554099409901625e+00
-2.167554136934922937e+00
-2.167554174445041060e+00
-2.167554211952807286e+00
-2.167554249439385572e+00
-2.167554286923608853e+00
-2.167554324399195487e+00
-2.167554361859862500e+00
-2.167554399311887092e+00
-2.167554436748981850e+00
-2.167554474183712721e+00
-2.167554511603509759e+00
-2.167554549014652832e+00
-2.167554586410853634e+00
-2.167554623804679004e+00
-2.167554661183559439e+00
-2.167554698553772585e+00
-2.167554735915318886e+00
-2.167554773261906043e+00
-2.167554810599820136e+00
-2.167554847929058948e+00
-2.167554885249616703e+00
-2.167554922561496067e+00
-2.167554959858397634e+00
-2.167554997146613260e+00
-2.167555034426136285e+00
-2.167555071690675739e+00
-2.167555108952812226e+00
-2.167555146199956706e+00
-2.167555183438398814e+00
-2.167555220668138993e+00
-2.167555257882875175e+00
-2.167555295088900991e+00
-2.167555332286214220e+00
-2.167555369474813531e+00
-2.167555406654694039e+00
-2.167555443819555450e+00
-2.167555480975693172e+00
-2.167555518123103653e+00
-2.167555555261786004e+00
-2.167555592391738006e+00
-2.167555629506652259e+00
-2.167555666612827281e+00
-2.167555703710264403e+00
-2.167555740798958297e+00
-2.167555777872601563e+00
-2.167555814937495384e+00
-2.167555851993638427e+00
-2.167555889041027584e+00
-2.167555926079660633e+00
-2.167555963103224403e+00
-2.167556000124337245e+00
-2.167556037130375035e+00
-2.167556074127644727e+00
-2.167556111109832706e+00
-2.167556148089559098e+00
-2.167556185054197115e+00
-2.167556222010056821e+00
-2.167556258957135107e+00
-2.167556295895427976e+00
-2.167556332818620923e+00
-2.167556369733021793e+00
-2.167556406644948197e+00
-2.167556443541761357e+00
-2.167556480423459497e+00
-2.167556517302675623e+00
-2.167556554166767846e+00
-2.167556591022054224e+00
-2.167556627868530761e+00
-2.167556664706196567e+00
-2.167556701535047647e+00
-2.167556738348759726e+00
-2.167556775159973803e+00
-2.167556811956043550e+00
-2.167556848743287023e+00
-2.167556885521702448e+00
-2.167556922284960663e+00
-2.167556959045711995e+00
-2.167556995791300345e+00
-2.167557032528047323e+00
-2.167557069255955593e+00
-2.167557105975015830e+00
-2.167557142678901094e+00
-2.167557179380266597e+00
-2.167557216066448245e+00
-2.167557252743773866e+00
-2.167557289412240351e+00
-2.167557326071846813e+00
-2.167557362716256097e+00
-2.167557399358131853e+00
-2.167557435984804215e+00
-2.167557472602604562e+00
-2.167557509211530231e+00
-2.167557545811579445e+00
-2.167557582402745986e+00
-2.167557618978692702e+00
-2.167557655545754081e+00
-2.167557692110265499e+00
-2.167557728659547323e+00
-2.167557765199934039e+00
-2.167557801725083610e+00
-2.167557838247675228e+00
-2.167557874755020819e+00
-2.167557911259807568e+00
-2.167557947749341629e+00
-2.167557984229965040e+00
-2.167558020701675581e+00
-2.167558057164471919e+00
-2.167558093612001358e+00
-2.167558130056959076e+00
-2.167558166486643234e+00
-2.167558202907399867e+00
-2.167558239319229418e+00
-2.167558275722125671e+00
-2.167558312116087738e+00
-2.167558348501112064e+00
-2.167558384870844623e+00
-2.167558421237988142e+00
-2.167558457589831900e+00
-2.167558493932725927e+00
-2.167558530266671113e+00
-2.167558566591661240e+00
-2.167558602907695864e+00
-2.167558639214771432e+00
-2.167558675506526811e+00
-2.167558711795676718e+00
-2.167558748069501107e+00
-2.167558784334355337e+00
-2.167558820590237190e+00
-2.167558856837142667e+00
-2.167558893075070436e+00
-2.167558929304018278e+00
-2.167558965517619729e+00
-2.167559001728598833e+00
-2.167559037924223109e+00
-2.167559074110856354e+00
-2.167559110294861480e+00
-2.167559146463505559e+00
-2.167559182623148839e+00
-2.167559218767420859e+00
-2.167559254909056765e+00
-2.167559291041684322e+00
-2.167559327158932625e+00
-2.167559363273538153e+00
-2.167559399372757323e+00
-2.167559435462957040e+00
-2.167559471544135086e+00
-2.167559507616289238e+00
-2.167559543679417722e+00
-2.167559579733516539e+00
-2.167559615778583026e+00
-2.167559651808239618e+00
-2.167559687835236559e+00
-2.167559723846814279e+00
-2.167559759855726575e+00
-2.167559795849219206e+00
-2.167559831833659079e+00
-2.167559867809051077e+00
-2.167559903775388097e+00
-2.167559939732667917e+00
-2.167559975680890538e+00
-2.167560011620051075e+00
-2.167560047550148639e+00
-2.167560083464795007e+00
-2.167560119376757743e+00
-2.167560155273260847e+00
-2.167560191160689875e+00
-2.167560227045427279e+00
-2.167560262914698832e+00
-2.167560298774884764e+00
-2.167560334625986407e+00
-2.167560370468001096e+00
-2.167560406300922615e+00
-2.167560442124750075e+00
-2.167560477939483032e+00
-2.167560513738724826e+00
-2.167560549535256786e+00
-2.167560585316292254e+00
-2.167560621094613005e+00
-2.167560656857431045e+00
-2.167560692617530371e+00
-2.167560728362119882e+00
-2.167560764097590464e+00
-2.167560799823941675e+00
-2.167560835547568399e+00
-2.167560871255669319e+00
-2.167560906954642874e+00
-2.167560942644485067e+00
-2.167560978318793907e+00
-2.167561013990366270e+00
-2.167561049652798388e+00
-2.167561085306090263e+00
-2.167561120943835018e+00
-2.167561156578834858e+00
-2.167561192204686460e+00
-2.167561227814980729e+00
-2.167561263422524753e+00
-2.167561299014504339e+00
-2.167561334597325029e+00
-2.167561370177388369e+00
-2.167561405741879277e+00
-2.167561441297201963e+00
-2.167561476843351986e+00
-2.167561512386738887e+00
-2.167561547914540032e+00
-2.167561583433160521e+00
-2.167561618942600798e+00
-2.167561654442855978e+00
-2.167561689933925173e+00
-2.167561725415803497e+00
-2.167561760888489619e+00
-2.167561796345566449e+00
-2.167561831799861949e+00
-2.167561867244954588e+00
-2.167561902680846142e+00
-2.167561938107531727e+00
-2.167561973518590257e+00
-2.167562008926858130e+00
-2.167562044325912485e+00
-2.167562079709328238e+00
-2.167562115089947561e+00
-2.167562150461346704e+00
-2.167562185817099252e+00
-2.167562221170046488e+00
-2.167562256507341800e+00
-2.167562291841829136e+00
-2.167562327160656555e+00
-2.167562362476672888e+00
-2.167562397777022642e+00
-2.167562433074556427e+00
-2.167562468356417416e+00
-2.167562503629032022e+00
-2.167562538898822666e+00
-2.167562574152932520e+00
-2.167562609404216634e+00
-2.167562644639811076e+00
-2.167562679866144038e+00
-2.167562715089646819e+00
-2.167562750297448826e+00
-2.167562785495982691e+00
-2.167562820691679271e+00
-2.167562855871666638e+00
-2.167562891042376982e+00
-2.167562926210243823e+00
-2.167562961362392571e+00
-2.167562996505255413e+00
-2.167563031645269422e+00
-2.167563066769555569e+00
-2.167563101884548260e+00
-2.167563136996685458e+00
-2.167563172093085022e+00
-2.167563207186625540e+00
-2.167563242264420431e+00
-2.167563277332909433e+00
-2.167563312398534059e+00
-2.167563347448403732e+00
-2.167563382488960855e+00
-2.167563417526642944e+00
-2.167563452548563419e+00
-2.167563487567607972e+00
-2.167563522570884249e+00
-2.167563557571277499e+00
-2.167563592555894481e+00
-2.167563627537628435e+00
-2.167563662503579458e+00
-2.167563697466641681e+00
-2.167563732413913868e+00
-2.167563767358296367e+00
-2.167563802286879060e+00
-2.167563837212568512e+00
-2.167563872128908553e+00
-2.167563907029440351e+00
-2.167563941927071358e+00
-2.167563976815344073e+00
-2.167564011694256720e+00
-2.167564046563807967e+00
-2.167564081417534094e+00
-2.167564116268348329e+00
-2.167564151109792725e+00
-2.167564185941863286e+00
-2.167564220764557348e+00
-2.167564255577873134e+00
-2.167564290381807535e+00
-2.167564325176357443e+00
-2.167564359961519305e+00
-2.167564394737292233e+00
-2.167564429510138169e+00
-2.167564464267125235e+00
-2.167564499014714485e+00
-2.167564533752905032e+00
-2.167564568488157040e+00
-2.167564603207538187e+00
-2.167564637923979909e+00
-2.167564672624542332e+00
-2.167564707322162665e+00
-2.167564742003895706e+00
-2.167564776682682215e+00
-2.167564811345577880e+00
-2.167564846005519463e+00
-2.167564880656037474e+00
-2.167564915297126582e+00
-2.167564949928785900e+00
-2.167564984551010543e+00
-2.167565019163800066e+00
-2.167565053767150030e+00
-2.167565088361058656e+00
-2.167565122945522837e+00
-2.167565157520540797e+00
-2.167565192092588244e+00
-2.167565226648704879e+00
-2.167565261195365967e+00
-2.167565295739052100e+00
-2.167565330273279134e+00
-2.167565364791560700e+00
-2.167565399306860208e+00
-2.167565433812695286e+00
-2.167565468302575127e+00
-2.167565502789464915e+00
-2.167565537266880948e+00
-2.167565571734820562e+00
-2.167565606193278871e+00
-2.167565640648742686e+00
-2.167565675088232169e+00
-2.167565709518235018e+00
-2.167565743945236711e+00
-2.167565778356253858e+00
-2.167565812764267630e+00
-2.167565847156291969e+00
-2.167565881545306272e+00
-2.167565915924817066e+00
-2.167565950294822130e+00
-2.167565984655319689e+00
-2.167566019006304856e+00
-2.167566053347778965e+00
-2.167566087679733577e+00
-2.167566122002170914e+00
-2.167566156321583115e+00
-2.167566190624973910e+00
-2.167566224925338236e+00
-2.167566259216170632e+00
-2.167566293490973184e+00
-2.167566327762741274e+00
-2.167566362024973881e+00
-2.167566396277665230e+00
-2.167566430520816212e+00
-2.167566464754421496e+00
-2.167566498984983880e+00
-2.167566533199492884e+00
-2.167566567410952327e+00
-2.167566601606354837e+00
-2.167566635798703345e+00
-2.167566669981494609e+00
-2.167566704154721080e+00
-2.167566738318383202e+00
-2.167566772472480086e+00
-2.167566806617004183e+00
-2.167566840751956381e+00
-2.167566874883842587e+00
-2.167566908999641662e+00
-2.167566943112371192e+00
-2.167566977215516388e+00
-2.167567011302566460e+00
-2.167567045386538549e+00
-2.167567079467437541e+00
-2.167567113532226752e+00
-2.167567147587420529e+00
-2.167567181633015316e+00
-2.167567215675526793e+00
-2.167567249708437060e+00
-2.167567283725220229e+00
-2.167567317738913424e+00
-2.167567351742996529e+00
-2.167567385737467323e+00
-2.167567419728842815e+00
-2.167567453704076552e+00
-2.167567487676213656e+00
-2.167567521632201455e+00
-2.167567555585087735e+00
-2.167567589528346605e+00
-2.167567623461973181e+00
-2.167567657385963908e+00
-2.167567691300319677e+00
-2.167567725211563712e+00
-2.167567759106638015e+00
-2.167567792998596587e+00
-2.167567826874380099e+00
-2.167567860747042108e+00
-2.167567894610053170e+00
-2.167567928469942284e+00
-2.167567962313640351e+00
-2.167567996147681253e+00
-2.167568029978593103e+00
-2.167568063799839795e+00
-2.167568097604885669e+00
-2.167568131406794940e+00
-2.167568165205570274e+00
-2.167568198988133243e+00
-2.167568232761018621e+00
-2.167568266530764731e+00
-2.167568300290826588e+00
-2.167568334034664090e+00
-2.167568367775354332e+00
-2.167568401512894649e+00
-2.167568435234203506e+00
-2.167568468945816118e+00
-2.167568502654273477e+00
-2.167568536353032371e+00
-2.167568570035542486e+00
-2.167568603721439224e+00
-2.167568637391081854e+00
-2.167568671051014029e+00
-2.167568704707779403e+00
-2.167568738348283564e+00
-2.167568771985618259e+00
-2.167568805613231842e+00
-2.167568839231121203e+00
-2.167568872839287231e+00
-2.167568906444274468e+00
-2.167568940032980507e+00
-2.167568973618505979e+00
-2.167569007194296127e+00
-2.167569040760346954e+00
-2.167569074323214107e+00
-2.167569107869782297e+00
-2.167569141413159262e+00
-2.167569174940234600e+00
-2.167569208464113384e+00
-2.167569241978240413e+00
-2.167569275489169112e+00
-2.167569308983781085e+00
-2.167569342475193395e+00
-2.167569375950279653e+00
-2.167569409422162696e+00
-2.167569442890838527e+00
-2.167569476343182533e+00
-2.167569509785751691e+00
-2.167569543225108752e+00
-2.167569576654688746e+00
-2.167569610074487674e+00
-2.167569643484503317e+00
-2.167569676884731233e+00
-2.167569710281739503e+00
-2.167569743668955606e+00
-2.167569777046379542e+00
-2.167569810414007314e+00
-2.167569843771836702e+00
-2.167569877119865041e+00
-2.167569910464661742e+00
-2.167569943799650733e+00
-2.167569977124831127e+00
-2.167570010440202477e+00
-2.167570043752331088e+00
-2.167570077048071919e+00
-2.167570110340570455e+00
-2.167570143623243961e+00
-2.167570176896096878e+00
-2.167570210159122546e+00
-2.167570243418897036e+00
-2.167570276668840723e+00
-2.167570309908951387e+00
-2.167570343139225475e+00
-2.167570376359662987e+00
-2.167570409576837775e+00
-2.167570442784169771e+00
-2.167570475975074906e+00
-2.167570509169295168e+00
-2.167570542347082796e+00
-2.167570575521598819e+00
-2.167570608679676880e+00
-2.167570641834480671e+00
-2.167570674979422574e+00
-2.167570708121087542e+00
-2.167570741246299892e+00
-2.167570774368232200e+00
-2.167570807480291073e+00
-2.167570840582478731e+00
-2.167570873681380128e+00
-2.167570906763812033e+00
-2.167570939842955013e+00
-2.167570972912213456e+00
-2.167571005978178533e+00
-2.167571039027664348e+00
-2.167571072073851912e+00
-2.167571105110145169e+00
-2.167571138136544118e+00
-2.167571171153043874e+00
-2.167571204166238719e+00
-2.167571237169530818e+00
-2.167571270162917063e+00
-2.167571303146396566e+00
-2.167571336119963998e+00
-2.167571369090217193e+00
-2.167571402050555651e+00
-2.167571435000974933e+00
-2.167571467948075092e+00
-2.167571500878652024e+00
-2.167571533805904949e+00
-2.167571566723228926e+00
-2.167571599630623957e+00
-2.167571632534688320e+00
-2.167571665428819738e+00
-2.167571698313012885e+00
-2.167571731187265982e+00
-2.167571764051574146e+00
-2.167571796912544979e+00
-2.167571829763568214e+00
-2.167571862604643407e+00
-2.167571895435764340e+00
-2.167571928263539505e+00
-2.167571961081358189e+00
-2.167571993889215953e+00
-2.167572026687110576e+00
-2.167572059481654545e+00
-2.167572092266230932e+00
-2.167572125040835740e+00
-2.167572157805469857e+00
-2.167572190566743107e+00
-2.167572223311422519e+00
-2.167572256052738400e+00
-2.167572288790692969e+00
-2.167572321512039935e+00
-2.167572354230019371e+00
-2.167572386938009021e+00
-2.167572419636007552e+00
-2.167572452330631894e+00
-2.167572485015258898e+00
-2.167572517689887235e+00
-2.167572550354513350e+00
-2.167572583015757282e+00
-2.167572615660369628e+00
-2.167572648301598015e+00
-2.167572680939438889e+00
-2.167572713560640629e+00
-2.167572746178451304e+00
-2.167572778786241550e+00
-2.167572811390640286e+00
-2.167572843978385233e+00
-2.167572876562733342e+00
-2.167572909137050807e+00
-2.167572941707968326e+00
-2.167572974262220065e+00
-2.167573006813066971e+00
-2.167573039353875242e+00
-2.167573071891274683e+00
-2.167573104418631935e+00
-2.167573136935941225e+00
-2.167573169443202996e+00
-2.167573201947049721e+00
-2.167573234434204021e+00
-2.167573266917941055e+00
-2.167573299398256825e+00
-2.167573331861874397e+00
-2.167573364322064045e+00
-2.167573396772189742e+00
-2.167573429218887515e+00
-2.167573461655514233e+00
-2.167573494082068564e+00
-2.167573526498546510e+00
-2.167573558911589426e+00
-2.167573591307907499e+00
-2.167573623707431896e+00
-2.167573656090225676e+00
-2.167573688469578208e+00
-2.167573720838839701e+00
-2.167573753198005715e+00
-2.167573785547079801e+00
-2.167573817892703314e+00
-2.167573850228225574e+00
-2.167573882560296816e+00
-2.167573914875610797e+00
-2.167573947187467986e+00
-2.167573979495868386e+00
-2.167574011787502641e+00
-2.167574044075676554e+00
-2.167574076353731893e+00
-2.167574108628322449e+00
-2.167574140886136647e+00
-2.167574173140480731e+00
-2.167574205391352926e+00
-2.167574237625441658e+00
-2.167574269856053615e+00
-2.167574302076532344e+00
-2.167574334293532523e+00
-2.167574366500394145e+00
-2.167574398697115878e+00
-2.167574430883690617e+00
-2.167574463066781032e+00
-2.167574495239723120e+00
-2.167574527402513329e+00
-2.167574559561814773e+00
-2.167574591710959009e+00
-2.167574623849944260e+00
-2.167574655985433196e+00
-2.167574688104094260e+00
-2.167574720225922569e+00
-2.167574752330914567e+00
-2.167574784432403590e+00
-2.167574816523721193e+00
-2.167574848604861160e+00
-2.167574880682493266e+00
-2.167574912749945071e+00
-2.167574944807214798e+00
-2.167574976860970448e+00
-2.167575008904537803e+00
-2.167575040937915531e+00
-2.167575072967775185e+00
-2.167575104987439882e+00
-2.167575136996907847e+00
-2.167575168996173307e+00
-2.167575200991916695e+00
-2.167575232977451805e+00
-2.167575264959458625e+00
-2.167575296931256723e+00
-2.167575328892843434e+00
-2.167575360844214760e+00
-2.167575392792051137e+00
-2.167575424729664579e+00
-2.167575456663741740e+00
-2.167575488580911980e+00
-2.167575520501221042e+00
-2.167575552404619632e+00
-2.167575584304469505e+00
-2.167575616194085342e+00
-2.167575648073467143e+00
-2.167575679949294898e+00
-2.167575711814882400e+00
-2.167575743670225208e+00
-2.167575775522011750e+00
-2.167575807363552709e+00
-2.167575839201528076e+00
-2.167575871022562772e+00
-2.167575902846723856e+00
-2.167575934653935832e+00
-2.167575966457579995e+00
-2.167575998250962588e+00
-2.167576030034077395e+00
-2.167576061813621280e+00
-2.167576093582894714e+00
-2.167576125348591454e+00
-2.167576157097317768e+00
-2.167576188849160701e+00
-2.167576220584024771e+00
-2.167576252315307705e+00
-2.167576284036305978e+00
-2.167576315753717342e+00
-2.167576347460839603e+00
-2.167576379157670985e+00
-2.167576410844206158e+00
-2.167576442527149094e+00
-2.167576474206496240e+00
-2.167576505868837877e+00
-2.167576537527581060e+00
-2.167576569182723123e+00
-2.167576600820852128e+00
-2.167576632455374686e+00
-2.167576664086292126e+00
-2.167576695700186740e+00
-2.167576727317179763e+00
-2.167576758917143742e+00
-2.167576790513495055e+00
-2.167576822099521294e+00
-2.167576853681931315e+00
-2.167576885254011820e+00
-2.167576916815758370e+00
-2.167576948367171852e+00
-2.167576979914959789e+00
-2.167577011459123959e+00
-2.167577042992947067e+00
-2.167577074516424673e+00
-2.167577106029556333e+00
-2.167577137539058008e+00
-2.167577169038205298e+00
-2.167577200533717274e+00
-2.167577232018875311e+00
-2.167577263493672302e+00
-2.167577294964829093e+00
-2.167577326425622619e+00
-2.167577357876051103e+00
-2.167577389322834058e+00
-2.167577420759245754e+00
-2.167577452185284415e+00
-2.167577483607670441e+00
-2.167577515026405166e+00
-2.167577546428035351e+00
-2.167577577826006685e+00
-2.167577609220321833e+00
-2.167577640604250622e+00
-2.167577671977789944e+00
-2.167577703340936246e+00
-2.167577734700417036e+00
-2.167577766056232313e+00
-2.167577797394917738e+00
-2.167577828729932321e+00
-2.167577860061277839e+00
-2.167577891382213462e+00
-2.167577922692742298e+00
-2.167577953992858575e+00
-2.167577985296034182e+00
-2.167578016582055955e+00
-2.167578047864396229e+00
-2.167578079136317282e+00
-2.167578110397813784e+00
-2.167578141655623014e+00
-2.167578172909744083e+00
-2.167578204146695775e+00
-2.167578235386696139e+00
-2.167578266609519577e+00
-2.167578297828648637e+00
-2.167578329037337159e+00
-2.167578360242325530e+00
-2.167578391436871588e+00
-2.167578422627714385e+00
-2.167578453808108208e+00
-2.167578484978052167e+00
-2.167578516144287537e+00
-2.167578547300066827e+00
-2.167578578445387816e+00
-2.167578609586994443e+00
-2.167578640718139216e+00
-2.167578671845566518e+00
-2.167578702962527526e+00
-2.167578734075767954e+00
-2.167578765178535871e+00
-2.167578796270829500e+00
-2.167578827359397220e+00
-2.167578858437487099e+00
-2.167578889505094253e+00
-2.167578920568971945e+00
-2.167578951629114847e+00
-2.167578982678771471e+00
-2.167579013717935599e+00
-2.167579044746607231e+00
-2.167579075771539188e+00
-2.167579106792731913e+00
-2.167579137803421485e+00
-2.167579168803610123e+00
-2.167579199800052869e+00
-2.167579230785988020e+00
-2.167579261761412468e+00
-2.167579292733086582e+00
-2.167579323701008587e+00
-2.167579354651649304e+00
-2.167579385598535247e+00
-2.167579416541663306e+00
-2.167579447474266008e+00
-2.167579478403109938e+00
-2.167579509314657482e+00
-2.167579540229207957e+00
-2.167579571133225524e+00
-2.167579602026707519e+00
-2.167579632909649501e+00
-2.167579663788822053e+00
-2.167579694664220735e+00
-2.167579725529074963e+00
-2.167579756383381184e+00
-2.167579787233909983e+00
-2.167579818073885889e+00
-2.167579848903306683e+00
-2.167579879728943837e+00
-2.167579910550797351e+00
-2.167579941362090423e+00
-2.167579972162819502e+00
-2.167580002959756058e+00
-2.167580033746125956e+00
-2.167580064521923422e+00
-2.167580095300706056e+00
-2.167580126062133239e+00
-2.167580156819762571e+00
-2.167580187566811478e+00
-2.167580218310058537e+00
-2.167580249042719398e+00
-2.167580279771576635e+00
-2.167580310489843676e+00
-2.167580341204303096e+00
-2.167580371908167880e+00
-2.167580402601434475e+00
-2.167580433290889452e+00
-2.167580463969741356e+00
-2.167580494644776756e+00
-2.167580525315996098e+00
-2.167580555969816913e+00
-2.167580586619816341e+00
-2.167580617265992160e+00
-2.167580647901552471e+00
-2.167580678526494609e+00
-2.167580709147608253e+00
-2.167580739764893405e+00
-2.167580770371552390e+00
-2.167580800967584764e+00
-2.167580831559781984e+00
-2.167580862141348153e+00
-2.167580892719075614e+00
-2.167580923286166694e+00
-2.167580953842617841e+00
-2.167580984395225396e+00
-2.167581014943988471e+00
-2.167581045482106283e+00
-2.167581076009575725e+00
-2.167581106533194912e+00
-2.167581137046162176e+00
-2.167581167555273858e+00
-2.167581198053728730e+00
-2.167581228548327132e+00
-2.167581259032261620e+00
-2.167581289512339637e+00
-2.167581319981748855e+00
-2.167581350447296273e+00
-2.167581380902171784e+00
-2.167581411346372722e+00
-2.167581441786704755e+00
-2.167581472223167882e+00
-2.167581502648951552e+00
-2.167581533064051325e+00
-2.167581563475274642e+00
-2.167581593875810064e+00
-2.167581624272469920e+00
-2.167581654658434331e+00
-2.167581685040518735e+00
-2.167581715411905474e+00
-2.167581745779407321e+00
-2.167581776136207949e+00
-2.167581806489121021e+00
-2.167581836831326214e+00
-2.167581867162823528e+00
-2.167581897490427512e+00
-2.167581927814136389e+00
-2.167581958127130726e+00
-2.167581988436225071e+00
-2.167582018734601323e+00
-2.167582049022254154e+00
-2.167582079306004328e+00
-2.167582109579025307e+00
-2.167582139848141409e+00
-2.167582170113349971e+00
-2.167582200367824896e+00
-2.167582230611560412e+00
-2.167582260851385278e+00
-2.167582291080468959e+00
-2.167582321305634885e+00
-2.167582351526884832e+00
-2.167582381730557284e+00
-2.167582411937137188e+00
-2.167582442126136488e+00
-2.167582472318039688e+00
-2.167582502499186603e+00
-2.167582532669574569e+00
-2.167582562836032345e+00
-2.167582592991727175e+00
-2.167582623143487375e+00
-2.167582653284480187e+00
-2.167582683421536149e+00
-2.167582713547820283e+00
-2.167582743670163126e+00
-2.167582773781728811e+00
-2.167582803889351428e+00
-2.167582833986192892e+00
-2.167582864079086846e+00
-2.167582894161193430e+00
-2.167582924239352504e+00
-2.167582954306718879e+00
-2.167582984370132859e+00
-2.167583014422749699e+00
-2.167583044471411036e+00
-2.167583074509271235e+00
-2.167583104543173711e+00
-2.167583134566267944e+00
-2.167583164585402677e+00
-2.167583194593724283e+00
-2.167583224598083280e+00
-2.167583254591625153e+00
-2.167583284581199088e+00
-2.167583314566803310e+00
-2.167583344534735890e+00
-2.167583374505544391e+00
-2.167583404465526886e+00
-2.167583434414682930e+00
-2.167583464359856826e+00
-2.167583494294199831e+00
-2.167583524224559355e+00
-2.167583554150934955e+00
-2.167583584066472113e+00
-2.167583613971166390e+00
-2.167583643871872745e+00
-2.167583673768588959e+00
-2.167583703654455185e+00
-2.167583733529471424e+00
-2.167583763400491303e+00
-2.167583793267514825e+00
-2.167583823123679032e+00
-2.167583852975845105e+00
-2.167583882817147867e+00
-2.167583912654447609e+00
-2.167583942480880044e+00
-2.167583972303306350e+00
-2.167584002114859132e+00
-2.167584031922404009e+00
-2.167584061719071808e+00
-2.167584091511726374e+00
-2.167584121293499422e+00
-2.167584151071257015e+00
-2.167584180844996045e+00
-2.167584210607847339e+00
-2.167584240359809122e+00
-2.167584270107747013e+00
-2.167584299851662344e+00
-2.167584329584678837e+00
-2.167584359306796937e+00
-2.167584389031758985e+00
-2.167584418738942365e+00
-2.167584448448965695e+00
-2.167584478141209914e+00
-2.167584507836292751e+00
-2.167584537520462540e+00
-2.167584567193716616e+00
-2.167584596862929036e+00
-2.167584626521222635e+00
-2.167584656175471469e+00
-2.167584685825676871e+00
-2.167584715464955458e+00
-2.167584745100183952e+00
-2.167584774724482521e+00
-2.167584804344728333e+00
-2.167584833954038892e+00
-2.167584863559294917e+00
-2.167584893153609471e+00
-2.167584922743867271e+00
-2.167584952323177383e+00
-2.167584981898428520e+00
-2.167585011469615353e+00
-2.167585041029850057e+00
-2.167585070586020457e+00
-2.167585100131234288e+00
-2.167585129672378486e+00
-2.167585159202560785e+00
-2.167585188728671231e+00
-2.167585218243816225e+00
-2.167585247754884925e+00
-2.167585277261875998e+00
-2.167585306757896291e+00
-2.167585336242940919e+00
-2.167585365730797520e+00
-2.167585395200780418e+00
-2.167585424673573513e+00
-2.167585454128487132e+00
-2.167585483586209172e+00
-2.167585513032941336e+00
-2.167585542468684956e+00
-2.167585571900334074e+00
-2.167585601327888689e+00
-2.167585630744444991e+00
-2.167585660156904126e+00
-2.167585689558360507e+00
-2.167585718955716612e+00
-2.167585748348969776e+00
-2.167585777731212193e+00
-2.167585807102446083e+00
-2.167585836476477734e+00
-2.167585865832587722e+00
-2.167585895191492362e+00
-2.167585924539378261e+00
-2.167585953876242755e+00
-2.167585983208990985e+00
-2.167586012537620732e+00
-2.167586041855221080e+00
-2.167586071168702944e+00
-2.167586100471150523e+00
-2.167586129769474290e+00
-2.167586159056760664e+00
-2.167586188339918785e+00
-2.167586217618948652e+00
-2.167586246886934020e+00
-2.167586276150788471e+00
-2.167586305403593538e+00
-2.167586334652262359e+00
-2.167586363889878243e+00
-2.167586393123356103e+00
-2.167586422352692832e+00
-2.167586451570969963e+00
-2.167586480785105518e+00
-2.167586509995095501e+00
-2.167586539187097205e+00
-2.167586568381873136e+00
-2.167586597565577922e+00
-2.167586626745131362e+00
-2.167586655913609217e+00
-2.167586685077932174e+00
-2.167586714238099344e+00
-2.167586743387185155e+00
-2.167586772525186500e+00
-2.167586801659024509e+00
-2.167586830788702290e+00
-2.167586859914214958e+00
-2.167586889028635611e+00
-2.167586918131960250e+00
-2.167586947231115335e+00
-2.167586976326099979e+00
-2.167587005416912405e+00
-2.167587034496623488e+00
-2.167587063565223460e+00
-2.167587092629648549e+00
-2.167587121689895202e+00
-2.167587150739028079e+00
-2.167587179783979856e+00
-2.167587208824748313e+00
-2.167587237854397664e+00
-2.167587266879859698e+00
-2.167587295894198185e+00
-2.167587324904345358e+00
-2.167587353903365432e+00
-2.167587382898190640e+00
-2.167587411888822313e+00
-2.167587440875259563e+00
-2.167587469843616610e+00
-2.167587498814717684e+00
-2.167587527774675227e+00
-2.167587556730431686e+00
-2.167587585675040618e+00
-2.167587614615443581e+00
-2.167587643551642351e+00
-2.167587672476685157e+00
-2.167587701397518885e+00
-2.167587730307195315e+00
-2.167587759212657339e+00
-2.167587788113905845e+00
-2.167587817003989059e+00
-2.167587845889856091e+00
-2.167587874764549838e+00
-2.167587903635026070e+00
-2.167587932501278569e+00
-2.167587961356355120e+00
-2.167587990207207493e+00
-2.167588019046876369e+00
-2.167588047882319291e+00
-2.167588076713529599e+00
-2.167588105533553744e+00
-2.167588134349344831e+00
-2.167588163160901082e+00
-2.167588191961263178e+00
-2.167588220757388218e+00
-2.167588249542314216e+00
-2.167588278322998718e+00
-2.167588307099440836e+00
-2.167588335864677251e+00
-2.167588364625667730e+00
-2.167588393382412271e+00
-2.167588422127944447e+00
-2.167588450869227579e+00
-2.167588479599292128e+00
-2.167588508325103636e+00
-2.167588537046659436e+00
-2.167588565756994878e+00
-2.167588594463071061e+00
-2.167588623157919336e+00
-2.167588651848505243e+00
-2.167588680534828782e+00
-2.167588709216890397e+00
-2.167588737887712114e+00
-2.167588766547296597e+00
-2.167588795209584696e+00
-2.167588823860628011e+00
-2.167588852500426988e+00
-2.167588881135952938e+00
-2.167588909767203198e+00
-2.167588938394175102e+00
-2.167588967009895118e+00
-2.167588995614356584e+00
-2.167589024221515004e+00
-2.167589052817412654e+00
-2.167589081402046869e+00
-2.167589109989375373e+00
-2.167589138565434670e+00
-2.167589167130226091e+00
-2.167589195690724502e+00
-2.167589224246930790e+00
-2.167589252798844512e+00
-2.167589281339479257e+00
-2.167589309868832803e+00
-2.167589338400872645e+00
-2.167589366921629068e+00
-2.167589395431095411e+00
-2.167589423943245386e+00
-2.167589452444105724e+00
-2.167589480933670210e+00
-2.167589509425912109e+00
-2.167589537906861707e+00
-2.167589566376507015e+00
-2.167589594841840661e+00
-2.167589623302861312e+00
-2.167589651759564529e+00
-2.167589680204959901e+00
-2.167589708639043433e+00
-2.167589737075798162e+00
-2.167589765501239274e+00
-2.167589793922357622e+00
-2.167589822332153915e+00
-2.167589850737624779e+00
-2.167589879138766662e+00
-2.167589907528582049e+00
-2.167589935914066679e+00
-2.167589964295217442e+00
-2.167589992665036824e+00
-2.167590021030517899e+00
-2.167590049391665108e+00
-2.167590077741468058e+00
-2.167590106086934032e+00
-2.167590134428057258e+00
-2.167590162757832672e+00
-2.167590191083265339e+00
-2.167590219397345308e+00
-2.167590247714083596e+00
-2.167590276019465190e+00
-2.167590304313490535e+00
-2.167590332603162029e+00
-2.167590360888478784e+00
-2.167590389169440357e+00
-2.167590417439035910e+00
-2.167590445704273616e+00
-2.167590473965149034e+00
-2.167590502214653547e+00
-2.167590530459795328e+00
-2.167590558693556879e+00
-2.167590586922953477e+00
-2.167590615147982014e+00
-2.167590643368640269e+00
-2.167590671577912520e+00
-2.167590699782812713e+00
-2.167590727983338628e+00
-2.167590756172472766e+00
-2.167590784357229072e+00
-2.167590812530588718e+00
-2.167590840706587141e+00
-2.167590868871182685e+00
-2.167590897024375796e+00
-2.167590925180205019e+00
-2.167590953317604985e+00
-2.167590981457638399e+00
-2.167591009586260054e+00
-2.167591037710489221e+00
-2.167591065830327679e+00
-2.167591093938746383e+00
-2.167591122042769491e+00
-2.167591150142393452e+00
-2.167591178237623595e+00
-2.167591206321424657e+00
-2.167591234393794863e+00
-2.167591262468791413e+00
-2.167591290532352666e+00
-2.167591318591508998e+00
-2.167591346639226479e+00
-2.167591374682534155e+00
-2.167591402721431582e+00
-2.167591430755916981e+00
-2.167591458778954205e+00
-2.167591486797577183e+00
-2.167591514811782361e+00
-2.167591542814536698e+00
-2.167591570812867907e+00
-2.167591598806778652e+00
-2.167591626789230119e+00
-2.167591654767255349e+00
-2.167591682740857451e+00
-2.167591710702988728e+00
-2.167591738660695544e+00
-2.167591766613966353e+00
-2.167591794562807817e+00
-2.167591822500174459e+00
-2.167591850433108203e+00
-2.167591878354558244e+00
-2.167591906278615088e+00
-2.167591934191188230e+00
-2.167591962092275448e+00
-2.167591989995965029e+00
-2.167592017888166911e+00
-2.167592045768871323e+00
-2.167592073652177653e+00
-2.167592101523986514e+00
-2.167592129391345601e+00
-2.167592157254254026e+00
-2.167592185105657876e+00
-2.167592212952607067e+00
-2.167592240788048130e+00
-2.167592268626084451e+00
-2.167592296452609091e+00
-2.167592324274671078e+00
-2.167592352085217833e+00
-2.167592379891298826e+00
-2.167592407692915391e+00
-2.167592435490064862e+00
-2.167592463275689330e+00
-2.167592491056843595e+00
-2.167592518833527659e+00
-2.167592546598679171e+00
-2.167592574366415725e+00
-2.167592602115555600e+00
-2.167592629867279186e+00
-2.167592657607462225e+00
-2.167592685343166181e+00
-2.167592713074386168e+00
-2.167592740794059836e+00
-2.167592768516314550e+00
-2.167592796219950380e+00
-2.167592823926165480e+00
-2.167592851620824934e+00
-2.167592879310992871e+00
-2.167592906996669733e+00
-2.167592934670782068e+00
-2.167592962340401108e+00
-2.167592990005521969e+00
-2.167593017666143762e+00
-2.167593045315197031e+00
-2.167593072959748124e+00
-2.167593100599795708e+00
-2.167593128228265886e+00
-2.167593155852230336e+00
-2.167593183471687723e+00
-2.167593211086635829e+00
-2.167593238689999424e+00
-2.167593266288850629e+00
-2.167593293883186778e+00
-2.167593321473010093e+00
-2.167593349051237794e+00
-2.167593376624947776e+00
-2.167593404194138706e+00
-2.167593431751730471e+00
-2.167593459304796966e+00
-2.167593486853341300e+00
-2.167593514397359478e+00
-2.167593541929768719e+00
-2.167593569457650027e+00
-2.167593596981000736e+00
-2.167593624492734516e+00
-2.167593651999935922e+00
-2.167593679502603177e+00
-2.167593707000736725e+00
-2.167593734494329460e+00
-2.167593761976298161e+00
-2.167593789453726494e+00
-2.167593816919522798e+00
-2.167593844387865509e+00
-2.167593871844573528e+00
-2.167593899296735405e+00
-2.167593926737258148e+00
-2.167593954173230753e+00
-2.167593981611745768e+00
-2.167594009031522440e+00
-2.167594036453836637e+00
-2.167594063864502374e+00
-2.167594091270612644e+00
-2.167594118672163450e+00
-2.167594146062057803e+00
-2.167594173454489237e+00
-2.167594200835260221e+00
-2.167594228204365869e+00
-2.167594255576007267e+00
-2.167594282935981109e+00
-2.167594310291385273e+00
-2.167594337642221536e+00
-2.167594364981384025e+00
-2.167594392315971064e+00
-2.167594419645984427e+00
-2.167594446971423672e+00
-2.167594474285178485e+00
-2.167594501594354739e+00
-2.167594528898951101e+00
-2.167594556198964462e+00
-2.167594583487288062e+00
-2.167594610778134978e+00
-2.167594638050177380e+00
-2.167594665324740877e+00
-2.167594692594715600e+00
-2.167594719852991236e+00
-2.167594747106674546e+00
-2.167594774348647668e+00
-2.167594801593142328e+00
-2.167594828825924580e+00
-2.167594856054109620e+00
-2.167594883277695672e+00
-2.167594910489563986e+00
-2.167594937696830648e+00
-2.167594964899492549e+00
-2.167594992097549689e+00
-2.167595019283880653e+00
-2.167595046472723386e+00
-2.167595073649836390e+00
-2.167595100815216558e+00
-2.167595127983105829e+00
-2.167595155139258711e+00
-2.167595182290795730e+00
-2.167595209437714665e+00
-2.167595236580017293e+00
-2.167595263710575537e+00
-2.167595290836510813e+00
-2.167595317957823120e+00
-2.167595345074511570e+00
-2.167595372179446311e+00
-2.167595399279754531e+00
-2.167595426375432233e+00
-2.167595453466480748e+00
-2.167595480545767561e+00
-2.167595507620420303e+00
-2.167595534690437642e+00
-2.167595561755818689e+00
-2.167595588816562113e+00
-2.167595615865535397e+00
-2.167595642909867504e+00
-2.167595669949557102e+00
-2.167595696984602860e+00
-2.167595724007869151e+00
-2.167595751026487605e+00
-2.167595778040458221e+00
-2.167595805049778335e+00
-2.167595832047310545e+00
-2.167595859040188255e+00
-2.167595886028414576e+00
-2.167595913011984621e+00
-2.167595939990897946e+00
-2.167595966958013154e+00
-2.167595993920466313e+00
-2.167596020878258312e+00
-2.167596047831389150e+00
-2.167596074772710324e+00
-2.167596101716510848e+00
-2.167596128648499931e+00
-2.167596155568674909e+00
-2.167596182491325685e+00
-2.167596209402156582e+00
-2.167596236315465053e+00
-2.167596263209801144e+00
-2.167596290106609924e+00
-2.167596316998741113e+00
-2.167596343879044429e+00
-2.167596370754666601e+00
-2.167596397625608073e+00
-2.167596424491866625e+00
-2.167596451346287090e+00
-2.167596478196020193e+00
-2.167596505041067267e+00
-2.167596531881424315e+00
-2.167596558717092226e+00
-2.167596585540912280e+00
-2.167596612360037422e+00
-2.167596639174469431e+00
-2.167596665984204751e+00
-2.167596692782081558e+00
-2.167596719582420395e+00
-2.167596746370899830e+00
-2.167596773154676804e+00
-2.167596799926587714e+00
-2.167596826700955770e+00
-2.167596853463454210e+00
-2.167596880221244415e+00
-2.167596906974327720e+00
-2.167596933722699681e+00
-2.167596960459193145e+00
-2.167596987190972158e+00
-2.167597013925204763e+00
-2.167597040640384165e+00
-2.167597067358015384e+00
-2.167597094070925934e+00
-2.167597120771947772e+00
-2.167597147468247165e+00
-2.167597174159822337e+00
-2.167597200839499916e+00
-2.167597227521624426e+00
-2.167597254191846901e+00
-2.167597280857339825e+00
-2.167597307518103200e+00
-2.167597334174133028e+00
-2.167597360818253271e+00
-2.167597387457638636e+00
-2.167597414092287345e+00
-2.167597440722197177e+00
-2.167597467347367246e+00
-2.167597493967797995e+00
-2.167597520576306724e+00
-2.167597547180070805e+00
-2.167597573779088460e+00
-2.167597600373361910e+00
-2.167597626955703127e+00
-2.167597653540477953e+00
-2.167597680113318770e+00
-2.167597706681406056e+00
-2.167597733237554891e+00
-2.167597759796133339e+00
-2.167597786342769339e+00
-2.167597812891832287e+00
-2.167597839428950568e+00
-2.167597865961307324e+00
-2.167597892481712751e+00
-2.167597919004542462e+00
-2.167597945515416846e+00
-2.167597972021524377e+00
-2.167597998522864167e+00
-2.167598025019433106e+00
-2.167598051504037393e+00
-2.167598077991064187e+00
-2.167598104466123221e+00
-2.167598130936405632e+00
-2.167598157401911418e+00
-2.167598183855442340e+00
-2.167598210311389995e+00
-2.167598236755360119e+00
-2.167598263194546515e+00
-2.167598289628947850e+00
-2.167598316058566343e+00
-2.167598342476195761e+00
-2.167598368896237471e+00
-2.167598395304288328e+00
-2.167598421707548795e+00
-2.167598448106014875e+00
-2.167598474499688344e+00
-2.167598500881362078e+00
-2.167598527258237873e+00
-2.167598553637520631e+00
-2.167598580004799658e+00
-2.167598606360068736e+00
-2.167598632717741669e+00
-2.167598659070613110e+00
-2.167598685411468384e+00
-2.167598711747517726e+00
-2.167598738078758025e+00
-2.167598764405188838e+00
-2.167598790726807056e+00
-2.167598817036402004e+00
-2.167598843341183468e+00
-2.167598869641148340e+00
-2.167598895936294845e+00
-2.167598922226626534e+00
-2.167598948512135415e+00
-2.167598974785607702e+00
-2.167599001061474517e+00
-2.167599027325300298e+00
-2.167599053584300162e+00
-2.167599079838473219e+00
-2.167599106080600357e+00
-2.167599132325114919e+00
-2.167599158557578676e+00
-2.167599184785209854e+00
-2.167599211008008453e+00
-2.167599237225970032e+00
-2.167599263439093704e+00
-2.167599289640157245e+00
-2.167599315843605989e+00
-2.167599342034987053e+00
-2.167599368221527101e+00
-2.167599394403221691e+00
-2.167599420572842828e+00
-2.167599446744846947e+00
-2.167599472904773616e+00
-2.167599499067079716e+00
-2.167599525217305700e+00
-2.167599551362678678e+00
-2.167599577503196429e+00
-2.167599603631629623e+00
-2.167599629762436919e+00
-2.167599655881154774e+00
-2.167599681995012517e+00
-2.167599708104007483e+00
-2.167599734208140561e+00
-2.167599760307409973e+00
-2.167599786401814388e+00
-2.167599812484116484e+00
-2.167599838561550030e+00
-2.167599864634111917e+00
-2.167599890701803922e+00
-2.167599916764624712e+00
-2.167599942822571180e+00
-2.167599968875643768e+00
-2.167599994916598050e+00
-2.167600020952674011e+00
-2.167600046983869433e+00
-2.167600073010184758e+00
-2.167600099031617766e+00
-2.167600125048168902e+00
-2.167600151052588409e+00
-2.167600177059366917e+00
-2.167600203054011132e+00
-2.167600229043766369e+00
-2.167600255028631739e+00
-2.167600281008605911e+00
-2.167600306983685776e+00
-2.167600332946620245e+00
-2.167600358911907943e+00
-2.167600384865050689e+00
-2.167600410813291578e+00
-2.167600436756632831e+00
-2.167600462695071339e+00
-2.167600488628607103e+00
-2.167600514549984148e+00
-2.167600540473709536e+00
-2.167600566385271765e+00
-2.167600592291924144e+00
-2.167600618193666673e+00
-2.167600644090498463e+00
-2.167600669982416850e+00
-2.167600695869420946e+00
-2.167600721744249004e+00
-2.167600747621419632e+00
-2.167600773486412002e+00
-2.167600799346484308e+00
-2.167600825201633885e+00
-2.167600851051860733e+00
-2.167600876889899553e+00
-2.167600902730275614e+00
-2.167600928565725837e+00
-2.167600954388983148e+00
-2.167600980207310180e+00
-2.167601006020705157e+00
-2.167601031829165859e+00
-2.167601057632694506e+00
-2.167601083431287989e+00
-2.167601109217673461e+00
-2.167601135006391289e+00
-2.167601160782900216e+00
-2.167601186554465542e+00
-2.167601212321089488e+00
-2.167601238082768944e+00
-2.167601263839502579e+00
-2.167601289591290392e+00
-2.167601315338131052e+00
-2.167601341072745491e+00
-2.167601366802409668e+00
-2.167601392534398208e+00
-2.167601418254156087e+00
-2.167601443968959707e+00
-2.167601469678805515e+00
-2.167601495376415333e+00
-2.167601521076343740e+00
-2.167601546771313892e+00
-2.167601572454039172e+00
-2.167601598131802199e+00
-2.167601623804598976e+00
-2.167601649472429948e+00
-2.167601675135292894e+00
-2.167601700793185593e+00
-2.167601726446111599e+00
-2.167601752094062917e+00
-2.167601777729756485e+00
-2.167601803360474033e+00
-2.167601828993504398e+00
-2.167601854614270351e+00
-2.167601880230055400e+00
-2.167601905840860876e+00
-2.167601931446685892e+00
-2.167601957040236282e+00
-2.167601982636092384e+00
-2.167602008219672971e+00
-2.167602033805557493e+00
-2.167602059379160728e+00
-2.167602084947775065e+00
-2.167602110511396063e+00
-2.167602136070026830e+00
-2.167602161623662038e+00
-2.167602187172303463e+00
-2.167602212715947552e+00
-2.167602238247293478e+00
-2.167602263780942007e+00
-2.167602289302289265e+00
-2.167602314818632969e+00
-2.167602340329973121e+00
-2.167602365836308831e+00
-2.167602391337636991e+00
-2.167602416833958046e+00
-2.167602442325271106e+00
-2.167602467804268684e+00
-2.167602493285558651e+00
-2.167602518754530472e+00
-2.167602544225793793e+00
-2.167602569684733638e+00
-2.167602595138657051e+00
-2.167602620587560480e+00
-2.167602646031443925e+00
-2.167602671470307385e+00
-2.167602696896835379e+00
-2.167602722325650433e+00
-2.167602747749440617e+00
-2.167602773160891338e+00
-2.167602798567313194e+00
-2.167602823976019000e+00
-2.167602849372378238e+00
-2.167602874763707721e+00
-2.167602900150000789e+00
-2.167602925531260105e+00
-2.167602950900163972e+00
-2.167602976271348680e+00
-2.167603001637492088e+00
-2.167603026991277382e+00
-2.167603052347339077e+00
-2.167603077691038216e+00
-2.167603103029692058e+00
-2.167603128363297493e+00
-2.167603153699180218e+00
-2.167603179022689730e+00
-2.167603204333826028e+00
-2.167603229647232954e+00
-2.167603254955587921e+00
-2.167603280258888265e+00
-2.167603305549807402e+00
-2.167603330842994502e+00
-2.167603356123797287e+00
-2.167603381399537454e+00
-2.167603406677547362e+00
-2.167603431943164516e+00
-2.167603457203717721e+00
-2.167603482459204312e+00
-2.167603507709626065e+00
-2.167603532947644851e+00
-2.167603558187928048e+00
-2.167603583423140190e+00
-2.167603608645944480e+00
-2.167603633871011404e+00
-2.167603659083667811e+00
-2.167603684298582856e+00
-2.167603709501084275e+00
-2.167603734698507534e+00
-2.167603759890846415e+00
-2.167603785078106249e+00
-2.167603810260282593e+00
-2.167603835437374560e+00
-2.167603860609379485e+00
-2.167603885768956573e+00
-2.167603910930786526e+00
-2.167603936087525440e+00
-2.167603961231831189e+00
-2.167603986378387138e+00
-2.167604011512505036e+00
-2.167604036641527010e+00
-2.167604061765452172e+00
-2.167604086891625315e+00
-2.167604112005351524e+00
-2.167604137113977369e+00
-2.167604162217500630e+00
-2.167604187308571184e+00
-2.167604212401884389e+00
-2.167604237490093233e+00
-2.167604262573193719e+00
-2.167604287643834393e+00
-2.167604312716714610e+00
-2.167604337777131907e+00
-2.167604362832434628e+00
-2.167604387889977779e+00
-2.167604412935049130e+00
-2.167604437975004128e+00
-2.167604463009839222e+00
-2.167604488039554411e+00
-2.167604513064149252e+00
-2.167604538083621080e+00
-2.167604563097967230e+00
-2.167604588107190366e+00
-2.167604613111283829e+00
-2.167604638102890391e+00
-2.167604663096728945e+00
-2.167604688085436049e+00
-2.167604713061649591e+00
-2.167604738032726353e+00
-2.167604763006035107e+00
-2.167604787966840973e+00
-2.167604812922509172e+00
-2.167604837880405810e+00
-2.167604862825794676e+00
-2.167604887766042765e+00
-2.167604912701146525e+00
-2.167604937631107287e+00
-2.167604962555921500e+00
-2.167604987475588274e+00
-2.167605012382735730e+00
-2.167605037292103187e+00
-2.167605062196321430e+00
-2.167605087088014137e+00
-2.167605111981925958e+00
-2.167605136870683680e+00
-2.167605161746909204e+00
-2.167605186625352509e+00
-2.167605211491260064e+00
-2.167605236352007303e+00
-2.167605261214970547e+00
-2.167605286065391823e+00
-2.167605310910647898e+00
-2.167605335750737883e+00
-2.167605360585660890e+00
-2.167605385415414698e+00
-2.167605410240000197e+00
-2.167605435059412500e+00
-2.167605459873652052e+00
-2.167605484682718853e+00
-2.167605509486609350e+00
-2.167605534277938784e+00
-2.167605559071474453e+00
-2.167605583859831597e+00
-2.167605608635621017e+00
-2.167605633413614452e+00
-2.167605658179037054e+00
-2.167605682946664558e+00
-2.167605707701715012e+00
-2.167605732458969037e+00
-2.167605757203642902e+00
-2.167605781943126697e+00
-2.167605806684810510e+00
-2.167605831413908390e+00
-2.167605856137813536e+00
-2.167605880856522838e+00
-2.167605905570035407e+00
-2.167605930285743554e+00
-2.167605954988858219e+00
-2.167605979686770823e+00
-2.167606004379482254e+00
-2.167606029059590433e+00
-2.167606053741892858e+00
-2.167606078418988780e+00
-2.167606103090876868e+00
-2.167606127757556234e+00
-2.167606152419025989e+00
-2.167606177067881390e+00
-2.167606201718925707e+00
-2.167606226364757305e+00
-2.167606250997968331e+00
-2.167606275633367829e+00
-2.167606300256142760e+00
-2.167606324881103941e+00
-2.167606349493437889e+00
-2.167606374107957201e+00
-2.167606398709842619e+00
-2.167606423313914288e+00
-2.167606447905350731e+00
-2.167606472491557135e+00
-2.167606497079946681e+00
-2.167606521655694785e+00
-2.167606546226210185e+00
-2.167606570791493326e+00
-2.167606595351541543e+00
-2.167606619913767574e+00
-2.167606644463341947e+00
-2.167606669007678732e+00
-2.167606693546776153e+00
-2.167606718080632433e+00
-2.167606742609246240e+00
-2.167606767132615353e+00
-2.167606791650741105e+00
-2.167606816163619943e+00
-2.167606840671250090e+00
-2.167606865173632436e+00
-2.167606889670763870e+00
-2.167606914162643506e+00
-2.167606938649271342e+00
-2.167606963123222208e+00
-2.167606987599338897e+00
-2.167607012070200234e+00
-2.167607036535802223e+00
-2.167607060988718803e+00
-2.167607085443800319e+00
-2.167607109893620709e+00
-2.167607134338177755e+00
-2.167607158770040954e+00
-2.167607183204067312e+00
-2.167607207632825883e+00
-2.167607232048884836e+00
-2.167607256467103838e+00
-2.167607280872621445e+00
-2.167607305280298213e+00
-2.167607329682699202e+00
-2.167607354072392134e+00
-2.167607378464242451e+00
-2.167607402843380271e+00
-2.167607427224673700e+00
-2.167607451593249301e+00
-2.167607475963980512e+00
-2.167607500321990344e+00
-2.167607524682152231e+00
-2.167607549029590963e+00
-2.167607573379182195e+00
-2.167607597716043166e+00
-2.167607622047615479e+00
-2.167607646381336295e+00
-2.167607670702321965e+00
-2.167607695025457470e+00
-2.167607719335854721e+00
-2.167607743640953988e+00
-2.167607767948200870e+00
-2.167607792242701059e+00
-2.167607816531901932e+00
-2.167607840823247312e+00
-2.167607865101842446e+00
-2.167607889375131602e+00
-2.167607913650565710e+00
-2.167607937913241578e+00
-2.167607962170609692e+00
-2.167607986430117872e+00
-2.167608010676863817e+00
-2.167608034918298010e+00
-2.167608059161869605e+00
-2.167608083392673191e+00
-2.167608107618161029e+00
-2.167608131845785380e+00
-2.167608156060635949e+00
-2.167608180270166329e+00
-2.167608204481829226e+00
-2.167608228680713900e+00
-2.167608252874273944e+00
-2.167608277069967393e+00
-2.167608301252873737e+00
-2.167608325430451899e+00
-2.167608349610161689e+00
-2.167608373777079045e+00
-2.167608397938663778e+00
-2.167608422102376586e+00
-2.167608446253292964e+00
-2.167608470398873610e+00
-2.167608494546579667e+00
-2.167608518681482188e+00
-2.167608542811044092e+00
-2.167608566942731851e+00
-2.167608591061609857e+00
-2.167608615175143250e+00
-2.167608639290799832e+00
-2.167608663393641777e+00
-2.167608687498604692e+00
-2.167608711590748527e+00
-2.167608735677539755e+00
-2.167608759766451509e+00
-2.167608783842538411e+00
-2.167608807920743619e+00
-2.167608831986119089e+00
-2.167608856053611532e+00
-2.167608880108272462e+00
-2.167608904165047257e+00
-2.167608928208985652e+00
-2.167608952255037913e+00
-2.167608976288250222e+00
-2.167609000323574620e+00
-2.167609024346053737e+00
-2.167609048370644942e+00
-2.167609072389868441e+00
-2.167609096396239554e+00
-2.167609120404721867e+00
-2.167609144400348686e+00
-2.167609168398083597e+00
-2.167609192390442807e+00
-2.167609216369941194e+00
-2.167609240351548117e+00
-2.167609264327773122e+00
-2.167609288298620207e+00
-2.167609312256597587e+00
-2.167609336216679061e+00
-2.167609360171375510e+00
-2.167609384120685156e+00
-2.167609408064609777e+00
-2.167609431995655811e+00
-2.167609455928801943e+00
-2.167609479856556831e+00
-2.167609503778919144e+00
-2.167609527695887994e+00
-2.167609551607462492e+00
-2.167609575513639975e+00
-2.167609599414420885e+00
-2.167609623309803002e+00
-2.167609647199783662e+00
-2.167609671084362866e+00
-2.167609694963539724e+00
-2.167609718844811351e+00
-2.167609742713179077e+00
-2.167609766576140018e+00
-2.167609790433693284e+00
-2.167609814285836212e+00
-2.167609838140069911e+00
-2.167609861981390829e+00
-2.167609885817298299e+00
-2.167609909655295208e+00
-2.167609933480371787e+00
-2.167609957307536472e+00
-2.167609981121778162e+00
-2.167610004930598411e+00
-2.167610028741505435e+00
-2.167610052546989685e+00
-2.167610076339543390e+00
-2.167610100134180318e+00
-2.167610123915882703e+00
-2.167610147699666090e+00
-2.167610171478021819e+00
-2.167610195243437232e+00
-2.167610219010930539e+00
-2.167610242772993967e+00
-2.167610266529623075e+00
-2.167610290280816088e+00
-2.167610314026573892e+00
-2.167610337766893824e+00
-2.167610361501774996e+00
-2.167610385231215187e+00
-2.167610408955214396e+00
-2.167610432673770848e+00
-2.167610456386881879e+00
-2.167610480094548819e+00
-2.167610503796767674e+00
-2.167610527501059980e+00
-2.167610551192382662e+00
-2.167610574878252372e+00
-2.167610598566193758e+00
-2.167610622241158858e+00
-2.167610645910670097e+00
-2.167610669582249017e+00
-2.167610693248370968e+00
-2.167610716901510859e+00
-2.167610740556715765e+00
-2.167610764198932838e+00
-2.167610787843214482e+00
-2.167610811482033384e+00
-2.167610835115388213e+00
-2.167610858735747659e+00
-2.167610882358168123e+00
-2.167610905975120517e+00
-2.167610929586603952e+00
-2.167610953192615320e+00
-2.167610976793153732e+00
-2.167611000388220077e+00
-2.167611023985343444e+00
-2.167611047569457661e+00
-2.167611071148093593e+00
-2.167611094721250797e+00
-2.167611118296465023e+00
-2.167611141858659440e+00
-2.167611165422909547e+00
-2.167611188974138514e+00
-2.167611212527419173e+00
-2.167611236067675140e+00
-2.167611259609981467e+00
-2.167611283146800627e+00
-2.167611306670587545e+00
-2.167611330196424380e+00
-2.167611353716768274e+00
-2.167611377231617453e+00
-2.167611400740972361e+00
-2.167611424244828555e+00
-2.167611447743189146e+00
-2.167611471236048803e+00
-2.167611494723408416e+00
-2.167611518212812172e+00
-2.167611541689166810e+00
-2.167611565160016962e+00
-2.167611588632909037e+00
-2.167611612092744444e+00
-2.167611635554622662e+00
-2.167611659003440661e+00
-2.167611682454298361e+00
-2.167611705899645358e+00
-2.167611729331925474e+00
-2.167611752766243072e+00
-2.167611776195045969e+00
-2.167611799618332391e+00
-2.167611823036098784e+00
-2.167611846448345592e+00
-2.167611869855072815e+00
-2.167611893256276012e+00
-2.167611916659514470e+00
-2.167611940049669617e+00
-2.167611963434298072e+00
-2.167611986820960457e+00
-2.167612010194531535e+00
-2.167612033570136099e+00
-2.167612056932646247e+00
-2.167612080297185884e+00
-2.167612103656193945e+00
-2.167612127009665102e+00
-2.167612150350034739e+00
-2.167612173692432975e+00
-2.167612197029292087e+00
-2.167612220368178910e+00
-2.167612243693956220e+00
-2.167612267014191296e+00
-2.167612290328882363e+00
-2.167612313645598032e+00
-2.167612336949195306e+00
-2.167612360247246350e+00
-2.167612383547318888e+00
-2.167612406841842088e+00
-2.167612430123241118e+00
-2.167612453406658979e+00
-2.167612476684524392e+00
-2.167612499956833805e+00
-2.167612523223587662e+00
-2.167612546484782854e+00
-2.167612569740418493e+00
-2.167612592990492804e+00
-2.167612616235006229e+00
-2.167612639481535375e+00
-2.167612662714922145e+00
-2.167612685950322859e+00
-2.167612709172574981e+00
-2.167612732396841935e+00
-2.167612755615538234e+00
-2.167612778821082387e+00
-2.167612802028637375e+00
-2.167612825230618157e+00
-2.167612848427026062e+00
-2.167612871617857984e+00
-2.167612894810698521e+00
-2.167612917990376253e+00
-2.167612941164472229e+00
-2.167612964340577264e+00
-2.167612987503511057e+00
-2.167613010668451246e+00
-2.167613033820216639e+00
-2.167613056973986652e+00
-2.167613080122170466e+00
-2.167613103264765417e+00
-2.167613126401771062e+00
-2.167613149533186512e+00
-2.167613172659009990e+00
-2.167613195779238833e+00
-2.167613218893873928e+00
-2.167613242010507868e+00
-2.167613265113949250e+00
-2.167613288219390366e+00
-2.167613311311630930e+00
-2.167613334405872116e+00
-2.167613357494510229e+00
-2.167613380577545712e+00
-2.167613403654976345e+00
-2.167613426726800352e+00
-2.167613449793017288e+00
-2.167613472853625378e+00
-2.167613495916228317e+00
-2.167613518965616048e+00
-2.167613542009390049e+00
-2.167613565055157121e+00
-2.167613588095309574e+00
-2.167613611122238382e+00
-2.167613634151158486e+00
-2.167613657174458197e+00
-2.167613680192140624e+00
-2.167613703204199993e+00
-2.167613726218247550e+00
-2.167613749219063024e+00
-2.167613772214251888e+00
-2.167613795211426275e+00
-2.167613818195362807e+00
-2.167613841181283085e+00
-2.167613864161571424e+00
-2.167613887136231821e+00
-2.167613910105259389e+00
-2.167613933068652354e+00
-2.167613956026412936e+00
-2.167613978978534917e+00
-2.167614001925020073e+00
-2.167614024873484091e+00
-2.167614047808690714e+00
-2.167614070745875754e+00
-2.167614093677419085e+00
-2.167614116595695251e+00
-2.167614139515950278e+00
-2.167614162430559155e+00
-2.167614185339519661e+00
-2.167614208250456365e+00
-2.167614231148119686e+00
-2.167614254040131083e+00
-2.167614276934115125e+00
-2.167614299814819567e+00
-2.167614322697496654e+00
-2.167614345574517820e+00
-2.167614368445882622e+00
-2.167614391311587063e+00
-2.167614414171632919e+00
-2.167614437026017526e+00
-2.167614459874739552e+00
-2.167614482725430225e+00
-2.167614505562821758e+00
-2.167614528402182383e+00
-2.167614551235874210e+00
-2.167614574063899457e+00
-2.167614596878617128e+00
-2.167614619702939116e+00
-2.167614642513950862e+00
-2.167614665319288481e+00
-2.167614688118950195e+00
-2.167614710920576115e+00
-2.167614733708883357e+00
-2.167614756499154804e+00
-2.167614779283744575e+00
-2.167614802062653556e+00
-2.167614824835881748e+00
-2.167614847603426043e+00
-2.167614870365285551e+00
-2.167614893121458053e+00
-2.167614915879588100e+00
-2.167614938624384369e+00
-2.167614961371136850e+00
-2.167614984112197885e+00
-2.167615006839921143e+00
-2.167615029569597063e+00
-2.167615052301226530e+00
-2.167615075019512005e+00
-2.167615097732100260e+00
-2.167615120446641175e+00
-2.167615143147830992e+00
-2.167615165850970804e+00
-2.167615188540756410e+00
-2.167615211232491568e+00
-2.167615233918520623e+00
-2.167615256598844908e+00
-2.167615279281118301e+00
-2.167615301950026385e+00
-2.167615324620882244e+00
-2.167615347278369686e+00
-2.167615369937804015e+00
-2.167615392591524248e+00
-2.167615415239530385e+00
-2.167615437881820650e+00
-2.167615460518393711e+00
-2.167615483149247346e+00
-2.167615505774382001e+00
-2.167615528401458658e+00
-2.167615551022813225e+00
-2.167615573630780723e+00
-2.167615596240687559e+00
-2.167615618844870529e+00
-2.167615641443325192e+00
-2.167615664043718304e+00
-2.167615686630714578e+00
-2.167615709211981212e+00
-2.167615731795183187e+00
-2.167615754372652859e+00
-2.167615776944388450e+00
-2.167615799510388186e+00
-2.167615822070652509e+00
-2.167615844625176980e+00
-2.167615867173962041e+00
-2.167615889724679334e+00
-2.167615912261983802e+00
-2.167615934801216504e+00
-2.167615957334707133e+00
-2.167615979862451248e+00
-2.167616002384449292e+00
-2.167616024900698157e+00
-2.167616047418877034e+00
-2.167616069923627098e+00
-2.167616092430304064e+00
-2.167616114923548221e+00
-2.167616137418718836e+00
-2.167616159908134499e+00
-2.167616182391792989e+00
-2.167616204877376607e+00
-2.167616227349517644e+00
-2.167616249815899288e+00
-2.167616272284202505e+00
-2.167616294746744998e+00
-2.167616317203521437e+00
-2.167616339654534485e+00
-2.167616362099781036e+00
-2.167616384539259311e+00
-2.167616406980656496e+00
-2.167616429408595558e+00
-2.167616451838453528e+00
-2.167616474262537007e+00
-2.167616496680849547e+00
-2.167616519093385818e+00
-2.167616541500145377e+00
-2.167616563901128224e+00
-2.167616586304024207e+00
-2.167616608701141701e+00
-2.167616631084783307e+00
-2.167616653470338051e+00
-2.167616675850108088e+00
-2.167616698231792149e+00
-2.167616720599991886e+00
-2.167616742962405141e+00
-2.167616765326727535e+00
-2.167616787685259894e+00
-2.167616810038003106e+00
-2.167616832384953618e+00
-2.167616854726111875e+00
-2.167616877061475211e+00
-2.167616899391040519e+00
-2.167616921722512746e+00
-2.167616944048187833e+00
-2.167616966368062670e+00
-2.167616988682139034e+00
-2.167617010990411153e+00
-2.167617033292880357e+00
-2.167617055589546204e+00
-2.167617077888113641e+00
-2.167617100180874168e+00
-2.167617122467827784e+00
-2.167617144748971825e+00
-2.167617167024305846e+00
-2.167617189293826740e+00
-2.167617211557535839e+00
-2.167617233823142975e+00
-2.167617256082932986e+00
-2.167617278336909870e+00
-2.167617300585068296e+00
-2.167617322827407378e+00
-2.167617345063925338e+00
-2.167617367302339115e+00
-2.167617389527213501e+00
-2.167617411753980150e+00
-2.167617433974923458e+00
-2.167617456190039427e+00
-2.167617478399328501e+00
-2.167617500602788905e+00
-2.167617522808139796e+00
-2.167617544999937529e+00
-2.167617567193626194e+00
-2.167617589381480414e+00
-2.167617611563499747e+00
-2.167617633747407790e+00
-2.167617655917753794e+00
-2.167617678089988065e+00
-2.167617700248655854e+00
-2.167617722409208803e+00
-2.167617744563919757e+00
-2.167617766712787386e+00
-2.167617788863539730e+00
-2.167617811000718486e+00
-2.167617833139777961e+00
-2.167617855265259852e+00
-2.167617877392623349e+00
-2.167617899514135082e+00
-2.167617921637529754e+00
-2.167617943747337073e+00
-2.167617965859025553e+00
-2.167617987957120906e+00
-2.167618010057098310e+00
-2.167618032151216401e+00
-2.167618054239475622e+00
-2.167618076329612009e+00
-2.167618098406148164e+00
-2.167618120484562372e+00
-2.167618142557110605e+00
-2.167618164623795085e+00
-2.167618186684612702e+00
-2.167618208739563013e+00
-2.167618230796385603e+00
-2.167618252839597304e+00
-2.167618274884679064e+00
-2.167618296923889964e+00
-2.167618318957227785e+00
-2.167618340984689862e+00
-2.167618363014021554e+00
-2.167618385029729922e+00
-2.167618407047307461e+00
-2.167618429059004370e+00
-2.167618451064821983e+00
-2.167618473064755857e+00
-2.167618495066556683e+00
-2.167618517054723526e+00
-2.167618539044755988e+00
-2.167618561028901158e+00
-2.167618583007157707e+00
-2.167618604979525632e+00
-2.167618626953757399e+00
-2.167618648914341417e+00
-2.167618670876788833e+00
-2.167618692833342742e+00
-2.167618714784000922e+00
-2.167618736728762929e+00
-2.167618758667625656e+00
-2.167618780608348672e+00
-2.167618802543172407e+00
-2.167618824472093753e+00
-2.167618846395113152e+00
-2.167618868312230163e+00
-2.167618890223439898e+00
-2.167618912136505926e+00
-2.167618934043666012e+00
-2.167618955944917047e+00
-2.167618977840259920e+00
-2.167618999729690632e+00
-2.167619021613207408e+00
-2.167619043498577813e+00
-2.167619065378034726e+00
-2.167619087251576371e+00
-2.167619109119200527e+00
-2.167619130980905418e+00
-2.167619152844462604e+00
-2.167619174694327633e+00
-2.167619196546040961e+00
-2.167619218391832359e+00
-2.167619240231699163e+00
-2.167619262073414266e+00
-2.167619283901427885e+00
-2.167619305731289359e+00
-2.167619327555221798e+00
-2.167619349373224757e+00
-2.167619371185295130e+00
-2.167619392991433358e+00
-2.167619414799415001e+00
-2.167619436601460947e+00
-2.167619458397573418e+00
-2.167619480187745751e+00
-2.167619501971980611e+00
-2.167619523758056665e+00
-2.167619545530411251e+00
-2.167619567304604367e+00
-2.167619589072854236e+00
-2.167619610835159527e+00
-2.167619632599303348e+00
-2.167619654349715486e+00
-2.167619676101965709e+00
-2.167619697848265137e+00
-2.167619719588615101e+00
-2.167619741323013383e+00
-2.167619763059246196e+00
-2.167619784789525106e+00
-2.167619806506059899e+00
-2.167619828224427891e+00
-2.167619849944628641e+00
-2.167619871651079944e+00
-2.167619893359363115e+00
-2.167619915053892399e+00
-2.167619936750250886e+00
-2.167619958440648809e+00
-2.167619980132873714e+00
-2.167620001811337627e+00
-2.167620023491631187e+00
-2.167620045165956633e+00
-2.167620066834311743e+00
-2.167620088496695629e+00
-2.167620110160907387e+00
-2.167620131811346162e+00
-2.167620153463610144e+00
-2.167620175109898906e+00
-2.167620196750211559e+00
-2.167620218392346310e+00
-2.167620240020702305e+00
-2.167620261650878177e+00
-2.167620283275073056e+00
-2.167620304893286942e+00
-2.167620326505514061e+00
-2.167620348119565055e+00
-2.167620369727627505e+00
-2.167620391329704965e+00
-2.167620412925791662e+00
-2.167620434515889372e+00
-2.167620456107806071e+00
-2.167620477685919145e+00
-2.167620499265850764e+00
-2.167620520839785403e+00
-2.167620542407726170e+00
-2.167620563977481485e+00
-2.167620585541238931e+00
-2.167620607091184315e+00
-2.167620628650756220e+00
-2.167620650196513843e+00
-2.167620671736266935e+00
-2.167620693277831911e+00
-2.167620714813392357e+00
-2.167620736342946497e+00
-2.167620757866492109e+00
-2.167620779384029195e+00
-2.167620800903375500e+00
-2.167620822416712389e+00
-2.167620843924035867e+00
-2.167620865425345489e+00
-2.167620886920639922e+00
-2.167620908417741354e+00
-2.167620929908827598e+00
-2.167620951393892437e+00
-2.167620972872940310e+00
-2.167620994353792074e+00
-2.167621015820795805e+00
-2.167621037289602537e+00
-2.167621058752386975e+00
-2.167621080209145568e+00
-2.167621101667704941e+00
-2.167621123112408732e+00
-2.167621144558912860e+00
-2.167621165999386701e+00
-2.167621187433828478e+00
-2.167621208870070593e+00
-2.167621230300280200e+00
-2.167621251716621344e+00
-2.167621273134758830e+00
-2.167621294554694433e+00
-2.167621315960757133e+00
-2.167621337368617063e+00
-2.167621358770436046e+00
-2.167621380166211864e+00
-2.167621401555944960e+00
-2.167621422947471732e+00
-2.167621444325114499e+00
-2.167621465704550499e+00
-2.167621487077939779e+00
-2.167621508453119183e+00
-2.167621529814407033e+00
-2.167621551177488559e+00
-2.167621572534513597e+00
-2.167621593885487918e+00
-2.167621615238251920e+00
-2.167621636577112376e+00
-2.167621657917763400e+00
-2.167621679252356159e+00
-2.167621700580887989e+00
-2.167621721911208166e+00
-2.167621743227617248e+00
-2.167621764545812901e+00
-2.167621785857943184e+00
-2.167621807164009429e+00
-2.167621828471858247e+00
-2.167621849773641252e+00
-2.167621871069355333e+00
-2.167621892358999158e+00
-2.167621913642570952e+00
-2.167621934927923544e+00
-2.167621956199348610e+00
-2.167621977472554473e+00
-2.167621998747540246e+00
-2.167622020008592720e+00
-2.167622041271424216e+00
-2.167622062528176130e+00
-2.167622083778848463e+00
-2.167622105023438106e+00
-2.167622126261944171e+00
-2.167622147502226593e+00
-2.167622168736423216e+00
-2.167622189964534485e+00
-2.167622211194419890e+00
-2.167622232410354677e+00
-2.167622253628060935e+00
-2.167622274839677843e+00
-2.167622296045201846e+00
-2.167622317252498654e+00
-2.167622338445833741e+00
-2.167622359640939411e+00
-2.167622380837816554e+00
-2.167622402020727979e+00
-2.167622423197538950e+00
-2.167622444376118729e+00
-2.167622465548597166e+00
-2.167622486722843966e+00
-2.167622507883116167e+00
-2.167622529045154511e+00
-2.167622550201087073e+00
-2.167622571350913852e+00
-2.167622592494628186e+00
-2.167622613640109996e+00
-2.167622634771603884e+00
-2.167622655904862583e+00
-2.167622677039883428e+00
-2.167622698160914130e+00
-2.167622719283706534e+00
-2.167622740400381609e+00
-2.167622761510938911e+00
-2.167622782615376664e+00
-2.167622803721576119e+00
-2.167622824821653360e+00
-2.167622845915607499e+00
-2.167622867003438980e+00
-2.167622888093028166e+00
-2.167622909168605894e+00
-2.167622930245942658e+00
-2.167622951325035796e+00
-2.167622972390113478e+00
-2.167622993456947977e+00
-2.167623014517648272e+00
-2.167623035572217471e+00
-2.167623056620651578e+00
-2.167623077670839393e+00
-2.167623098714890340e+00
-2.167623119752804417e+00
-2.167623140784579405e+00
-2.167623161810213084e+00
-2.167623182837599138e+00
-2.167623203858841663e+00
-2.167623224873940657e+00
-2.167623245890791139e+00
-2.167623266893597744e+00
-2.167623287898154505e+00
-2.167623308896563739e+00
-2.167623329896719575e+00
-2.167623350882827538e+00
-2.167623371870680771e+00
-2.167623392852383368e+00
-2.167623413835831681e+00
-2.167623434805222349e+00
-2.167623455776359176e+00
-2.167623476741337818e+00
-2.167623497700159163e+00
-2.167623518660722670e+00
-2.167623539607220984e+00
-2.167623560555461903e+00
-2.167623581505445873e+00
-2.167623602441357544e+00
-2.167623623379010045e+00
-2.167623644310498143e+00
-2.167623665235816066e+00
-2.167623686154967810e+00
-2.167623707075854611e+00
-2.167623727990571680e+00
-2.167623748899115910e+00
-2.167623769801485967e+00
-2.167623790705593301e+00
-2.167623811603524686e+00
-2.167623832495278346e+00
-2.167623853380853838e+00
-2.167623874268164386e+00
-2.167623895141379986e+00
-2.167623916016326202e+00
-2.167623936893007919e+00
-2.167623957755588471e+00
-2.167623978619901859e+00
-2.167623999478026420e+00
-2.167624020329966594e+00
-2.167624041183635164e+00
-2.167624062031115795e+00
-2.167624082872404045e+00
-2.167624103707501249e+00
-2.167624124536403851e+00
-2.167624145367033961e+00
-2.167624166191470358e+00
-2.167624187009708159e+00
-2.167624207829671690e+00
-2.167624228635515404e+00
-2.167624249443079520e+00
-2.167624270252371588e+00
-2.167624291047534513e+00
-2.167624311844419616e+00
-2.167624332635101236e+00
-2.167624353419577155e+00
-2.167624374197844261e+00
-2.167624394977834434e+00
-2.167624415751614908e+00
-2.167624436519184350e+00
-2.167624457288475970e+00
-2.167624478043619352e+00
-2.167624498800484911e+00
-2.167624519551133222e+00
-2.167624540303501046e+00
-2.167624561049651621e+00
-2.167624581781646853e+00
-2.167624602523296584e+00
-2.167624623250786975e+00
-2.167624643979995103e+00
-2.167624664702979764e+00
-2.167624685419737851e+00
-2.167624706130270251e+00
-2.167624726842518612e+00
-2.167624747548538622e+00
-2.167624768248328948e+00
-2.167624788949833459e+00
-2.167624809645107398e+00
-2.167624830334147212e+00
-2.167624851016954235e+00
-2.167624871693524913e+00
-2.167624892371807999e+00
-2.167624913043852963e+00
-2.167624933709660695e+00
-2.167624954377176394e+00
-2.167624975038451751e+00
-2.167624995693487211e+00
-2.167625016342276556e+00
-2.167625036992776533e+00
-2.167625057629077201e+00
-2.167625078267084060e+00
-2.167625098906797998e+00
-2.167625119532307743e+00
-2.167625140159524122e+00
-2.167625160780488169e+00
-2.167625181403156187e+00
-2.167625202011614682e+00
-2.167625222621776260e+00
-2.167625243225682397e+00
-2.167625263831292504e+00
-2.167625284422681542e+00
-2.167625305015773218e+00
-2.167625325602604125e+00
-2.167625346191136337e+00
-2.167625366773407336e+00
-2.167625387349414012e+00
-2.167625407919155034e+00
-2.167625428482631733e+00
-2.167625449047803965e+00
-2.167625469606710098e+00
-2.167625490159345247e+00
-2.167625510713676817e+00
-2.167625531261737848e+00
-2.167625551803526118e+00
-2.167625572339040740e+00
-2.167625592876249119e+00
-2.167625613407182072e+00
-2.167625633931836937e+00
-2.167625654450214601e+00
-2.167625674970285132e+00
-2.167625695484073578e+00
-2.167625715991579938e+00
-2.167625736500777833e+00
-2.167625756995716912e+00
-2.167625777492346195e+00
-2.167625797990664349e+00
-2.167625818474719690e+00
-2.167625838960462126e+00
-2.167625859439917146e+00
-2.167625879921058374e+00
-2.167625900387928795e+00
-2.167625920856484534e+00
-2.167625941318747085e+00
-2.167625961782694954e+00
-2.167625982232365356e+00
-2.167626002683719300e+00
-2.167626023136758118e+00
-2.167626043575513695e+00
-2.167626064015951481e+00
-2.167626084450086310e+00
-2.167626104877919069e+00
-2.167626125307433149e+00
-2.167626145730642051e+00
-2.167626166147544442e+00
-2.167626186558137658e+00
-2.167626206970411307e+00
-2.167626227376376669e+00
-2.167626247776026638e+00
-2.167626268177357041e+00
-2.167626288572375159e+00
-2.167626308961078330e+00
-2.167626329343463887e+00
-2.167626349727528101e+00
-2.167626370105273370e+00
-2.167626390476699250e+00
-2.167626410841804852e+00
-2.167626431208583337e+00
-2.167626451569041546e+00
-2.167626471923175036e+00
-2.167626492278980521e+00
-2.167626512628461732e+00
-2.167626532971615116e+00
-2.167626553308441117e+00
-2.167626573646937338e+00
-2.167626593979103511e+00
-2.167626614304936972e+00
-2.167626634632441096e+00
-2.167626654945607356e+00
-2.167626675260443392e+00
-2.167626695576945650e+00
-2.167626715879106492e+00
-2.167626736182934444e+00
-2.167626756488431727e+00
-2.167626776779579156e+00
-2.167626797072392808e+00
-2.167626817358863534e+00
-2.167626837638990889e+00
-2.167626857920782246e+00
-2.167626878196226681e+00
-2.167626898465325525e+00
-2.167626918728072560e+00
-2.167626938992484931e+00
-2.167626959250544605e+00
-2.167626979502252915e+00
-2.167626999755623007e+00
-2.167627020002638183e+00
-2.167627040243297998e+00
-2.167627060477602008e+00
-2.167627080713564247e+00
-2.167627100943169793e+00
-2.167627121166411985e+00
-2.167627141391314183e+00
-2.167627161609853914e+00
-2.167627181822030735e+00
-2.167627202035864453e+00
-2.167627222235311457e+00
-2.167627242436411805e+00
-2.167627262639168162e+00
-2.167627282827534252e+00
-2.167627303017551910e+00
-2.167627323201198664e+00
-2.167627343386499650e+00
-2.167627363557400599e+00
-2.167627383729954005e+00
-2.167627403904159422e+00
-2.167627424063959474e+00
-2.167627444225409761e+00
-2.167627464388512504e+00
-2.167627484537203220e+00
-2.167627504687545503e+00
-2.167627524831504893e+00
-2.167627544969079167e+00
-2.167627565108301013e+00
-2.167627585241140853e+00
-2.167627605367590249e+00
-2.167627625495687216e+00
-2.167627645609360165e+00
-2.167627665732714703e+00
-2.167627685841641227e+00
-2.167627705952212214e+00
-2.167627726056390536e+00
-2.167627746154173085e+00
-2.167627766253601429e+00
-2.167627786338590212e+00
-2.167627806433264581e+00
-2.167627826513495393e+00
-2.167627846595369334e+00
-2.167627866670841286e+00
-2.167627886739910359e+00
-2.167627906810621230e+00
-2.167627926874926558e+00
-2.167627946932825456e+00
-2.167627966992362598e+00
-2.167627987045493754e+00
-2.167628007092213593e+00
-2.167628027132525226e+00
-2.167628047174471995e+00
-2.167628067210006115e+00
-2.167628087239127588e+00
-2.167628107269883309e+00
-2.167628127294223717e+00
-2.167628147312147036e+00
-2.167628167331704603e+00
-2.167628187336789303e+00
-2.167628207351562253e+00
-2.167628227351857007e+00
-2.167628247353785120e+00
-2.167628267349291260e+00
-2.167628287338369208e+00
-2.167628307329080073e+00
-2.167628327313364522e+00
-2.167628347291219448e+00
-2.167628367270703293e+00
-2.167628387235699172e+00
-2.167628407210382857e+00
-2.167628427170572802e+00
-2.167628447132390779e+00
-2.167628467087773458e+00
-2.167628487036720397e+00
-2.167628506987292702e+00
-2.167628526931428379e+00
-2.167628546869121653e+00
-2.167628566808442514e+00
-2.167628586741321417e+00
-2.167628606667757474e+00
-2.167628626587749352e+00
-2.167628646509364820e+00
-2.167628666424533446e+00
-2.167628686341323885e+00
-2.167628706243596604e+00
-2.167628726147491136e+00
-2.167628746053004818e+00
-2.167628765943996783e+00
-2.167628785836606564e+00
-2.167628805730838160e+00
-2.167628825610539156e+00
-2.167628845491858858e+00
-2.167628865366722390e+00
-2.167628885243201964e+00
-2.167628905105146053e+00
-2.167628924976785054e+00
-2.167628944833883686e+00
-2.167628964692599247e+00
-2.167628984544850201e+00
-2.167629004390636105e+00
-2.167629024238035829e+00
-2.167629044078968725e+00
-2.167629063913433907e+00
-2.167629083749511132e+00
-2.167629103579120642e+00
-2.167629123402256219e+00
-2.167629143218918752e+00
-2.167629163037191109e+00
-2.167629182848990865e+00
-2.167629202662399557e+00
-2.167629222469333428e+00
-2.167629242269787149e+00
-2.167629262063762940e+00
-2.167629281859344559e+00
-2.167629301648446027e+00
-2.167629321431065126e+00
-2.167629341215292271e+00
-2.167629360993031717e+00
-2.167629380764286129e+00
-2.167629400537147699e+00
-2.167629420303521126e+00
-2.167629440063402857e+00
-2.167629459824892635e+00
-2.167629479579888496e+00
-2.167629499328392217e+00
-2.167629519070402466e+00
-2.167629538814014101e+00
-2.167629558551130486e+00
-2.167629578289848702e+00
-2.167629598022069892e+00
-2.167629617747790061e+00
-2.167629637467010539e+00
-2.167629657187830627e+00
-2.167629676902148805e+00
-2.167629696609961965e+00
-2.167629716319375177e+00
-2.167629736022281595e+00
-2.167629755726785845e+00
-2.167629775416678228e+00
-2.167629795108164892e+00
-2.167629814793141207e+00
-2.167629834479715356e+00
-2.167629854159775604e+00
-2.167629873833322840e+00
-2.167629893508463912e+00
-2.167629913177090195e+00
-2.167629932839199913e+00
-2.167629952502901247e+00
-2.167629972160083796e+00
-2.167629991810748002e+00
-2.167630011454891648e+00
-2.167630031100622023e+00
-2.167630050739831837e+00
-2.167630070380631935e+00
-2.167630090014905253e+00
-2.167630109642653569e+00
-2.167630129263872441e+00
-2.167630148886680708e+00
-2.167630168502958199e+00
-2.167630188120823753e+00
-2.167630207732158532e+00
-2.167630227336958537e+00
-2.167630246935224214e+00
-2.167630266535074401e+00
-2.167630286128389816e+00
-2.167630305715166905e+00
-2.167630325303528505e+00
-2.167630344885350002e+00
-2.167630364468755566e+00
-2.167630384037493751e+00
-2.167630403615939727e+00
-2.167630423179715660e+00
-2.167630442745075214e+00
-2.167630462303886674e+00
-2.167630481856148261e+00
-2.167630501409994803e+00
-2.167630520957287921e+00
-2.167630540498032499e+00
-2.167630560040353593e+00
-2.167630579576124816e+00
-2.167630599105338618e+00
-2.167630618636133377e+00
-2.167630638160370271e+00
-2.167630657678048856e+00
-2.167630677197304401e+00
-2.167630696710001192e+00
-2.167630716224273169e+00
-2.167630735723846236e+00
-2.167630755224994488e+00
-2.167630774727716592e+00
-2.167630794215734014e+00
-2.167630813705325288e+00
-2.167630833196490858e+00
-2.167630852672945974e+00
-2.167630872150973165e+00
-2.167630891630572876e+00
-2.167630911095455470e+00
-2.167630930561911029e+00
-2.167630950029936443e+00
-2.167630969491387560e+00
-2.167630988946263493e+00
-2.167631008394559800e+00
-2.167631027844427294e+00
-2.167631047287713830e+00
-2.167631066724421185e+00
-2.167631086162693510e+00
-2.167631105594384877e+00
-2.167631125019492622e+00
-2.167631144446165781e+00
-2.167631163866252209e+00
-2.167631183287906715e+00
-2.167631202694816572e+00
-2.167631222103293620e+00
-2.167631241513332974e+00
-2.167631260916782487e+00
-2.167631280313639053e+00
-2.167631299703901782e+00
-2.167631319095726816e+00
-2.167631338480954462e+00
-2.167631357867746189e+00
-2.167631377239778612e+00
-2.167631396621533924e+00
-2.167631415988525490e+00
-2.167631435357080250e+00
-2.167631454719029627e+00
-2.167631474082539533e+00
-2.167631493431281253e+00
-2.167631512789744974e+00
-2.167631532133437400e+00
-2.167631551478686802e+00
-2.167631570817326825e+00
-2.167631590157522936e+00
-2.167631609491109668e+00
-2.167631628818084355e+00
-2.167631648146612466e+00
-2.167631667468526757e+00
-2.167631686783826783e+00
-2.167631706100680233e+00
-2.167631725410916310e+00
-2.167631744714531461e+00
-2.167631764019700036e+00
-2.167631783318249017e+00
-2.167631802610174852e+00
-2.167631821903651002e+00
-2.167631841190503117e+00
-2.167631860470732530e+00
-2.167631879752509594e+00
-2.167631899027659514e+00
-2.167631918304358418e+00
-2.167631937566250055e+00
-2.167631956837868579e+00
-2.167631976094674950e+00
-2.167631995353029861e+00
-2.167632014604750523e+00
-2.167632033858017060e+00
-2.167632053104649348e+00
-2.167632072344641614e+00
-2.167632091586181087e+00
-2.167632110812895974e+00
-2.167632130049340855e+00
-2.167632149270957598e+00
-2.167632168494117995e+00
-2.167632187718822045e+00
-2.167632206928693961e+00
-2.167632226148296759e+00
-2.167632245353062093e+00
-2.167632264559370192e+00
-2.167632283759029388e+00
-2.167632302952037460e+00
-2.167632322146585189e+00
-2.167632341334481794e+00
-2.167632360523917612e+00
-2.167632379706697421e+00
-2.167632398882823885e+00
-2.167632418060486454e+00
-2.167632437223296016e+00
-2.167632456395839124e+00
-2.167632475553525673e+00
-2.167632494712748326e+00
-2.167632513873507083e+00
-2.167632533027603170e+00
-2.167632552175033922e+00
-2.167632571315800227e+00
-2.167632590458100417e+00
-2.167632609593733051e+00
-2.167632628722697241e+00
-2.167632647853193095e+00
-2.167632666985223722e+00
-2.167632686102376027e+00
-2.167632705221060885e+00
-2.167632724333071526e+00
-2.167632743446613386e+00
-2.167632762553477921e+00
-2.167632781653666463e+00
-2.167632800755384004e+00
-2.167632819850421555e+00
-2.167632838946990326e+00
-2.167632858028666565e+00
-2.167632877111868250e+00
-2.167632896196599823e+00
-2.167632915274646077e+00
-2.167632934346006124e+00
-2.167632953418893393e+00
-2.167632972485091347e+00
-2.167632991544603094e+00
-2.167633010605635402e+00
-2.167633029659980615e+00
-2.167633048707631183e+00
-2.167633067756804977e+00
-2.167633086799285014e+00
-2.167633105843286945e+00
-2.167633124872375028e+00
-2.167633143911202875e+00
-2.167633162935112878e+00
-2.167633181960542110e+00
-2.167633200979272257e+00
-2.167633219999522076e+00
-2.167633239013067925e+00
-2.167633258028135224e+00
-2.167633277028272687e+00
-2.167633296029926715e+00
-2.167633315033101304e+00
-2.167633334029565706e+00
-2.167633353019320808e+00
-2.167633372010594695e+00
-2.167633390995155729e+00
-2.167633409973003911e+00
-2.167633428952368657e+00
-2.167633447925018331e+00
-2.167633466890951599e+00
-2.167633485858397435e+00
-2.167633504819127310e+00
-2.167633523773136339e+00
-2.167633542728659712e+00
-2.167633561685695653e+00
-2.167633580627773782e+00
-2.167633599571363590e+00
-2.167633618516466409e+00
-2.167633637446605643e+00
-2.167633656378256113e+00
-2.167633675311416930e+00
-2.167633694237848907e+00
-2.167633713157550268e+00
-2.167633732078761533e+00
-2.167633750993241293e+00
-2.167633769900986884e+00
-2.167633788810240603e+00
-2.167633807712759264e+00
-2.167633826608542424e+00
-2.167633845505829715e+00
-2.167633864396381060e+00
-2.167633883288436980e+00
-2.167633902173752070e+00
-2.167633921052325885e+00
-2.167633939924156206e+00
-2.167633958805739169e+00
-2.167633977672327461e+00
-2.167633996540421215e+00
-2.167634015401766145e+00
-2.167634034256363140e+00
-2.167634053112460712e+00
-2.167634071970062415e+00
-2.167634090812659231e+00
-2.167634109656757069e+00
-2.167634128502355928e+00
-2.167634147341199746e+00
-2.167634166173287191e+00
-2.167634184998619151e+00
-2.167634203825447692e+00
-2.167634222645519415e+00
-2.167634241467089051e+00
-2.167634260281896097e+00
-2.167634279098201944e+00
-2.167634297899484253e+00
-2.167634316702263142e+00
-2.167634335506535948e+00
-2.167634354304045274e+00
-2.167634373094785349e+00
-2.167634391887023337e+00
-2.167634410672487633e+00
-2.167634429451184896e+00
-2.167634448231371636e+00
-2.167634467004787791e+00
-2.167634485779696085e+00
-2.167634504547831131e+00
-2.167634523309188044e+00
-2.167634542072038428e+00
-2.167634560828109347e+00
-2.167634579585671961e+00
-2.167634598328182616e+00
-2.167634617080454795e+00
-2.167634635817674571e+00
-2.167634654556381157e+00
-2.167634673296577219e+00
-2.167634692021714660e+00
-2.167634710756614513e+00
-2.167634729476449085e+00
-2.167634748197773575e+00
-2.167634766912306610e+00
-2.167634785628327343e+00
-2.167634804337555732e+00
-2.167634823048268711e+00
-2.167634841743910190e+00
-2.167634860449314083e+00
-2.167634879139642035e+00
-2.167634897831453689e+00
-2.167634916524750377e+00
-2.167634935202964019e+00
-2.167634953882659143e+00
-2.167634972563837970e+00
-2.167634991238214681e+00
-2.167635009905785726e+00
-2.167635028574840028e+00
-2.167635047237088219e+00
-2.167635065892528523e+00
-2.167635084549448088e+00
-2.167635103199560209e+00
-2.167635121851150704e+00
-2.167635140495930202e+00
-2.167635159133897815e+00
-2.167635177773342914e+00
-2.167635196405973019e+00
-2.167635215040081942e+00
-2.167635233667374095e+00
-2.167635252287847258e+00
-2.167635270909799239e+00
-2.167635289524928677e+00
-2.167635308133238681e+00
-2.167635326743023505e+00
-2.167635345345984454e+00
-2.167635363950420224e+00
-2.167635382548030787e+00
-2.167635401147113061e+00
-2.167635419731070989e+00
-2.167635438324800656e+00
-2.167635456903400648e+00
-2.167635475483471019e+00
-2.167635494065013990e+00
-2.167635512631420180e+00
-2.167635531207602106e+00
-2.167635549768643699e+00
-2.167635568331155227e+00
-2.167635586895136690e+00
-2.167635605443972491e+00
-2.167635623994277339e+00
-2.167635642546050789e+00
-2.167635661090983934e+00
-2.167635679629075440e+00
-2.167635698168631109e+00
-2.167635716701344251e+00
-2.167635735227212646e+00
-2.167635753754545647e+00
-2.167635772283344142e+00
-2.167635790796982320e+00
-2.167635809312083328e+00
-2.167635827828650719e+00
-2.167635846338364924e+00
-2.167635864841227278e+00
-2.167635883345553349e+00
-2.167635901843025792e+00
-2.167635920333640165e+00
-2.167635938825716035e+00
-2.167635957310934280e+00
-2.167635975797614023e+00
-2.167635994277434364e+00
-2.167636012750393526e+00
-2.167636031224813298e+00
-2.167636049692367450e+00
-2.167636068161382212e+00
-2.167636086623530023e+00
-2.167636105087138443e+00
-2.167636123535553683e+00
-2.167636141993752652e+00
-2.167636160436754444e+00
-2.167636178881215070e+00
-2.167636197327130532e+00
-2.167636215766173269e+00
-2.167636234198344614e+00
-2.167636252623638349e+00
-2.167636271050388252e+00
-2.167636289478591660e+00
-2.167636307899917014e+00
-2.167636326314365203e+00
-2.167636344730265563e+00
-2.167636363139285649e+00
-2.167636381541423685e+00
-2.167636399945010783e+00
-2.167636418341717608e+00
-2.167636436739873496e+00
-2.167636455131143780e+00
-2.167636473515525797e+00
-2.167636491901358653e+00
-2.167636510280301021e+00
-2.167636528660693784e+00
-2.167636547034196060e+00
-2.167636565400802962e+00
-2.167636583768858927e+00
-2.167636602138362623e+00
-2.167636620492630950e+00
-2.167636638848342123e+00
-2.167636657205498807e+00
-2.167636675555758785e+00
-2.167636693899119393e+00
-2.167636712243924624e+00
-2.167636730581828708e+00
-2.167636748912828093e+00
-2.167636767245272544e+00
-2.167636785579159397e+00
-2.167636803897793119e+00
-2.167636822226218563e+00
-2.167636840539387322e+00
-2.167636858853994042e+00
-2.167636877161692066e+00
-2.167636895470832492e+00
-2.167636913773059337e+00
-2.167636932076726808e+00
-2.167636950373479365e+00
-2.167636968663317898e+00
-2.167636986954594391e+00
-2.167637005238953751e+00
-2.167637023524751516e+00
-2.167637041803629039e+00
-2.167637060083944522e+00
-2.167637078348981117e+00
-2.167637096623812543e+00
-2.167637114883361082e+00
-2.167637133144343586e+00
-2.167637151406764051e+00
-2.167637169662256724e+00
-2.167637187910820273e+00
-2.167637206160818675e+00
-2.167637224403889284e+00
-2.167637242648392970e+00
-2.167637260885963535e+00
-2.167637279116604088e+00
-2.167637297348671943e+00
-2.167637315573807122e+00
-2.167637333800374044e+00
-2.167637352020004293e+00
-2.167637370232695204e+00
-2.167637388446817415e+00
-2.167637406653998067e+00
-2.167637424862608686e+00
-2.167637443064277303e+00
-2.167637461267375443e+00
-2.167637479455154725e+00
-2.167637497652737721e+00
-2.167637515843375162e+00
-2.167637534027061275e+00
-2.167637552203799167e+00
-2.167637570381963474e+00
-2.167637588561555972e+00
-2.167637606734195366e+00
-2.167637624899882987e+00
-2.167637643066993913e+00
-2.167637661227153068e+00
-2.167637679380355120e+00
-2.167637697534979591e+00
-2.167637715682647404e+00
-2.167637733831736746e+00
-2.167637751973865434e+00
-2.167637770117417872e+00
-2.167637788254007880e+00
-2.167637806383634569e+00
-2.167637824514683675e+00
-2.167637842647153867e+00
-2.167637860764267899e+00
-2.167637878882804792e+00
-2.167637897002759662e+00
-2.167637915115745884e+00
-2.167637933221762125e+00
-2.167637951329196788e+00
-2.167637969429657918e+00
-2.167637987531537913e+00
-2.167638005626442599e+00
-2.167638023714372419e+00
-2.167638041803718441e+00
-2.167638059894480662e+00
-2.167638077969868071e+00
-2.167638096055068075e+00
-2.167638114124891491e+00
-2.167638132196128886e+00
-2.167638150268782482e+00
-2.167638168326051051e+00
-2.167638186393133104e+00
-2.167638204444829686e+00
-2.167638222497938028e+00
-2.167638240552460793e+00
-2.167638258599994039e+00
-2.167638276640535544e+00
-2.167638294682489697e+00
-2.167638312717450777e+00
-2.167638330753822729e+00
-2.167638348783200275e+00
-2.167638366813988249e+00
-2.167638384837780485e+00
-2.167638402854576984e+00
-2.167638420872778582e+00
-2.167638438883983110e+00
-2.167638456896594956e+00
-2.167638474902202184e+00
-2.167638492900809233e+00
-2.167638510900822268e+00
-2.167638528893830685e+00
-2.167638546888245976e+00
-2.167638564875653984e+00
-2.167638582864467089e+00
-2.167638600846270691e+00
-2.167638618821066121e+00
-2.167638636797264873e+00
-2.167638654774866502e+00
-2.167638672737039585e+00
-2.167638690709033700e+00
-2.167638708665593938e+00
-2.167638726623556167e+00
-2.167638744582921717e+00
-2.167638762535268437e+00
-2.167638780480596772e+00
-2.167638798427324875e+00
-2.167638816367031040e+00
-2.167638834308138307e+00
-2.167638852242223191e+00
-2.167638870169282583e+00
-2.167638888097740413e+00
-2.167638906019170975e+00
-2.167638923942001750e+00
-2.167638941857803925e+00
-2.167638959775001872e+00
-2.167638977685170332e+00
-2.167638995596735896e+00
-2.167639013501268419e+00
-2.167639031398768790e+00
-2.167639049297663156e+00
-2.167639067189523150e+00
-2.167639085082776695e+00
-2.167639102968993647e+00
-2.167639120848170453e+00
-2.167639138728740367e+00
-2.167639156610704720e+00
-2.167639174477193009e+00
-2.167639192353507660e+00
-2.167639210214344025e+00
-2.167639228085008529e+00
-2.167639245940188530e+00
-2.167639263796759863e+00
-2.167639281654723415e+00
-2.167639299497196248e+00
-2.167639317349501660e+00
-2.167639335194755379e+00
-2.167639353032956073e+00
-2.167639370864103299e+00
-2.167639388696638747e+00
-2.167639406530563750e+00
-2.167639424357431288e+00
-2.167639442177242692e+00
-2.167639459998440543e+00
-2.167639477812579152e+00
-2.167639495628103319e+00
-2.167639513436565579e+00
-2.167639531246416063e+00
-2.167639549049201086e+00
-2.167639566844921983e+00
-2.167639584642028883e+00
-2.167639602432066326e+00
-2.167639620223489771e+00
-2.167639638007843317e+00
-2.167639655793580644e+00
-2.167639673572246739e+00
-2.167639691343842046e+00
-2.167639709116816693e+00
-2.167639726891175567e+00
-2.167639744658459211e+00
-2.167639762418666738e+00
-2.167639780180254494e+00
-2.167639797934764800e+00
-2.167639815682196769e+00
-2.167639833431006302e+00
-2.167639851181196065e+00
-2.167639868924304380e+00
-2.167639886660329029e+00
-2.167639904397732575e+00
-2.167639922128047569e+00
-2.167639939859744569e+00
-2.167639957584350796e+00
-2.167639975301868915e+00
-2.167639993020764599e+00
-2.167640010741034740e+00
-2.167640028454214995e+00
-2.167640046160303147e+00
-2.167640063867764422e+00
-2.167640081568133148e+00
-2.167640099269874110e+00
-2.167640116964521191e+00
-2.167640134660539619e+00
-2.167640152349459726e+00
-2.167640170031281066e+00
-2.167640187714473754e+00
-2.167640205390566344e+00
-2.167640223068028060e+00
-2.167640240738387014e+00
-2.167640258410116871e+00
-2.167640276074741745e+00
-2.167640293740734858e+00
-2.167640311399623432e+00
-2.167640329051401249e+00
-2.167640346704547749e+00
-2.167640364350584381e+00
-2.167640381997987475e+00
-2.167640399646759697e+00
-2.167640417279937726e+00
-2.167640434914481773e+00
-2.167640452550392727e+00
-2.167640470179185819e+00
-2.167640487809346705e+00
-2.167640505432388842e+00
-2.167640523048310897e+00
-2.167640540665596749e+00
-2.167640558275762075e+00
-2.167640575887290755e+00
-2.167640593491694467e+00
-2.167640611097462866e+00
-2.167640628696106742e+00
-2.167640646287621209e+00
-2.167640663880498142e+00
-2.167640681474737541e+00
-2.167640699061847087e+00
-2.167640716641825449e+00
-2.167640734223164056e+00
-2.167640751797371035e+00
-2.167640769372937370e+00
-2.167640786941368081e+00
-2.167640804511158592e+00
-2.167640822073812590e+00
-2.167640839629329186e+00
-2.167640857186201586e+00
-2.167640874744433788e+00
-2.167640892287025611e+00
-2.167640909839473551e+00
-2.167640927384778315e+00
-2.167640944922939461e+00
-2.167640962453954323e+00
-2.167640979994827966e+00
-2.167640997520050128e+00
-2.167641015046629427e+00
-2.167641032574563198e+00
-2.167641050095346245e+00
-2.167641067608977679e+00
-2.167641085123961364e+00
-2.167641102631793437e+00
-2.167641120140978206e+00
-2.167641137643006921e+00
-2.167641155146387000e+00
-2.167641172642611025e+00
-2.167641190140186858e+00
-2.167641207630603084e+00
-2.167641225113857484e+00
-2.167641242598463247e+00
-2.167641260084419486e+00
-2.167641277563211677e+00
-2.167641295034839821e+00
-2.167641312507816220e+00
-2.167641329973626352e+00
-2.167641347440785626e+00
-2.167641364900775525e+00
-2.167641382362111901e+00
-2.167641399816280234e+00
-2.167641417263275638e+00
-2.167641434711616188e+00
-2.167641452161304105e+00
-2.167641469603817761e+00
-2.167641487039154047e+00
-2.167641504475837699e+00
-2.167641521905343094e+00
-2.167641539336190526e+00
-2.167641556759860144e+00
-2.167641574184872688e+00
-2.167641591602703866e+00
-2.167641609021878857e+00
-2.167641626433869373e+00
-2.167641643838674526e+00
-2.167641661244822160e+00
-2.167641678652310500e+00
-2.167641696052613032e+00
-2.167641713445725316e+00
-2.167641730840177416e+00
-2.167641748227439713e+00
-2.167641765616040050e+00
-2.167641782997449251e+00
-2.167641800380197381e+00
-2.167641817755749933e+00
-2.167641835132640971e+00
-2.167641852502335098e+00
-2.167641869873367710e+00
-2.167641887237202525e+00
-2.167641904593835100e+00
-2.167641921951804829e+00
-2.167641939302572762e+00
-2.167641956654675184e+00
-2.167641974008115646e+00
-2.167641991345808705e+00
-2.167642008693378308e+00
-2.167642026025200064e+00
-2.167642043366897475e+00
-2.167642060692842154e+00
-2.167642078020122209e+00
-2.167642095348733644e+00
-2.167642112670133514e+00
-2.167642129992865652e+00
-2.167642147308384004e+00
-2.167642164616688127e+00
-2.167642181926322742e+00
-2.167642199228740019e+00
-2.167642216532486898e+00
-2.167642233837566046e+00
-2.167642251126873809e+00
-2.167642268426063001e+00
-2.167642285709477257e+00
-2.167642303002774273e+00
-2.167642320280291468e+00
-2.167642337567691868e+00
-2.167642354839312446e+00
-2.167642372112260851e+00
-2.167642389386536195e+00
-2.167642406653582210e+00
-2.167642423913396676e+00
-2.167642441174538082e+00
-2.167642458437005981e+00
-2.167642475692240112e+00
-2.167642492940240917e+00
-2.167642510189565108e+00
-2.167642527431654198e+00
-2.167642544675065785e+00
-2.167642561911240495e+00
-2.167642579148737703e+00
-2.167642596378994924e+00
-2.167642613610574642e+00
-2.167642630834911710e+00
-2.167642648060573052e+00
-2.167642665278988190e+00
-2.167642682490158013e+00
-2.167642699702648557e+00
-2.167642716916459378e+00
-2.167642734123023551e+00
-2.167642751322336636e+00
-2.167642768522970442e+00
-2.167642785724923193e+00
-2.167642802911051270e+00
-2.167642820107071433e+00
-2.167642837295836067e+00
-2.167642854477346503e+00
-2.167642871660174109e+00
-2.167642888835742632e+00
-2.167642906012629656e+00
-2.167642923182257597e+00
-2.167642940353200931e+00
-2.167642957516882962e+00
-2.167642974673302803e+00
-2.167642991831036259e+00
-2.167643008990085995e+00
-2.167643026141869100e+00
-2.167643043294968486e+00
-2.167643060440799463e+00
-2.167643077579360700e+00
-2.167643094719234664e+00
-2.167643111851839333e+00
-2.167643128985756285e+00
-2.167643146120985520e+00
-2.167643163248941462e+00
-2.167643180369622780e+00
-2.167643197491615048e+00
-2.167643214606329582e+00
-2.167643231722355512e+00
-2.167643248831101044e+00
-2.167643265941160191e+00
-2.167643283043936275e+00
-2.167643300148021979e+00
-2.167643317244825507e+00
-2.167643334342936878e+00
-2.167643351433764742e+00
-2.167643368517305547e+00
-2.167643385602154193e+00
-2.167643402688308907e+00
-2.167643419767176116e+00
-2.167643436847349392e+00
-2.167643453920232943e+00
-2.167643470985823662e+00
-2.167643488052720446e+00
-2.167643505120921521e+00
-2.167643522181829319e+00
-2.167643539235441175e+00
-2.167643556290355988e+00
-2.167643573337973972e+00
-2.167643590386894470e+00
-2.167643607437118369e+00
-2.167643624471438546e+00
-2.167643641515665021e+00
-2.167643658543984664e+00
-2.167643675582210161e+00
-2.167643692613132167e+00
-2.167643709636748461e+00
-2.167643726661665049e+00
-2.167643743679275037e+00
-2.167643760689575760e+00
-2.167643777709784114e+00
-2.167643794714073202e+00
-2.167643811719659919e+00
-2.167643828726545596e+00
-2.167643845726117569e+00
-2.167643862726987614e+00
-2.167643879720542621e+00
-2.167643896715395702e+00
-2.167643913702931080e+00
-2.167643930683147424e+00
-2.167643947664658732e+00
-2.167643964647466337e+00
-2.167643981622953575e+00
-2.167643998591118226e+00
-2.167644015560576509e+00
-2.167644032531329312e+00
-2.167644049494757308e+00
-2.167644066450859608e+00
-2.167644083408254208e+00
-2.167644100358320447e+00
-2.167644117309678542e+00
-2.167644134262329825e+00
-2.167644151207650083e+00
-2.167644168145637984e+00
-2.167644185084917741e+00
-2.167644202016861588e+00
-2.167644218950097290e+00
-2.167644235875996195e+00
-2.167644252803184735e+00
-2.167644269723035144e+00
-2.167644286644174301e+00
-2.167644303566603980e+00
-2.167644320473061992e+00
-2.167644337389438736e+00
-2.167644354289842035e+00
-2.167644371200162290e+00
-2.167644388094507324e+00
-2.167644404998771090e+00
-2.167644421887054307e+00
-2.167644438785257588e+00
-2.167644455667478098e+00
-2.167644472550981138e+00
-2.167644489435772481e+00
-2.167644506313210595e+00
-2.167644523191933459e+00
-2.167644540063301317e+00
-2.167644556935955258e+00
-2.167644573801250640e+00
-2.167644590667831217e+00
-2.167644607527053680e+00
-2.167644624378915363e+00
-2.167644641232059577e+00
-2.167644658086487208e+00
-2.167644674933550952e+00
-2.167644691781897226e+00
-2.167644708622879612e+00
-2.167644725456495891e+00
-2.167644742300038896e+00
-2.167644759127568932e+00
-2.167644775956378389e+00
-2.167644792786466823e+00
-2.167644809609183820e+00
-2.167644826424531601e+00
-2.167644843241158803e+00
-2.167644860059061429e+00
-2.167644876869590398e+00
-2.167644893681397900e+00
-2.167644910485828635e+00
-2.167644927282883049e+00
-2.167644944081213332e+00
-2.167644960880821703e+00
-2.167644977673047535e+00
-2.167644994457892604e+00
-2.167645011244013098e+00
-2.167645028031408572e+00
-2.167645044811420618e+00
-2.167645061584047905e+00
-2.167645078357947064e+00
-2.167645095133118094e+00
-2.167645111900906585e+00
-2.167645128661303655e+00
-2.167645145422972153e+00
-2.167645162185913854e+00
-2.167645178941462802e+00
-2.167645195689619442e+00
-2.167645212439048397e+00
-2.167645229189745670e+00
-2.167645245933049303e+00
-2.167645262668956185e+00
-2.167645279406130499e+00
-2.167645296144576683e+00
-2.167645312875622565e+00
-2.167645329599267257e+00
-2.167645346324179378e+00
-2.167645363050362928e+00
-2.167645379769139957e+00
-2.167645396480513575e+00
-2.167645413193155068e+00
-2.167645429907061772e+00
-2.167645446613560622e+00
-2.167645463312652510e+00
-2.167645480013009163e+00
-2.167645496714631914e+00
-2.167645513408843705e+00
-2.167645530095641426e+00
-2.167645546783703026e+00
-2.167645563473031167e+00
-2.167645580154943019e+00
-2.167645596829438137e+00
-2.167645613505195357e+00
-2.167645630182217786e+00
-2.167645646851819041e+00
-2.167645663513998677e+00
-2.167645680177442191e+00
-2.167645696842147807e+00
-2.167645713499429139e+00
-2.167645730157971684e+00
-2.167645746809090390e+00
-2.167645763452781260e+00
-2.167645780097731567e+00
-2.167645796743941755e+00
-2.167645813382722775e+00
-2.167645830014073738e+00
-2.167645846655373632e+00
-2.167645863280550422e+00
-2.167645879906984430e+00
-2.167645896534678318e+00
-2.167645913154935489e+00
-2.167645929776449432e+00
-2.167645946390527989e+00
-2.167645962997166276e+00
-2.167645979605060891e+00
-2.167645996214213167e+00
-2.167646012815922063e+00
-2.167646029418886400e+00
-2.167646046014409134e+00
-2.167646062611185531e+00
-2.167646079200516773e+00
-2.167646095791103455e+00
-2.167646112374241429e+00
-2.167646128958633067e+00
-2.167646145535576441e+00
-2.167646162113772590e+00
-2.167646178684516478e+00
-2.167646195256514918e+00
-2.167646211821058433e+00
-2.167646228386851615e+00
-2.167646244945192979e+00
-2.167646261504784011e+00
-2.167646278056918785e+00
-2.167646294610303226e+00
-2.167646311156228300e+00
-2.167646327703402598e+00
-2.167646344243115308e+00
-2.167646360784078130e+00
-2.167646377317577588e+00
-2.167646393852324938e+00
-2.167646410388319733e+00
-2.167646426916850722e+00
-2.167646443437914794e+00
-2.167646459960224536e+00
-2.167646476475066919e+00
-2.167646492991153639e+00
-2.167646509508487362e+00
-2.167646526018349284e+00
-2.167646542520738961e+00
-2.167646559024373420e+00
-2.167646575529253106e+00
-2.167646592026656993e+00
-2.167646608516584639e+00
-2.167646625007755734e+00
-2.167646641500169391e+00
-2.167646657985103698e+00
-2.167646674471282342e+00
-2.167646690949979860e+00
-2.167646707421193142e+00
-2.167646723893649430e+00
-2.167646740367345171e+00
-2.167646756833556232e+00
-2.167646773301009855e+00
-2.167646789760975246e+00
-2.167646806222180533e+00
-2.167646822675897589e+00
-2.167646839130852765e+00
-2.167646855578318821e+00
-2.167646872027021221e+00
-2.167646888468233168e+00
-2.167646904910683681e+00
-2.167646921345636635e+00
-2.167646937781828598e+00
-2.167646954210523003e+00
-2.167646970640453752e+00
-2.167646987071621734e+00
-2.167647003495290825e+00
-2.167647019911459250e+00
-2.167647036328861798e+00
-2.167647052738761460e+00
-2.167647069149897021e+00
-2.167647085562266707e+00
-2.167647101967131729e+00
-2.167647118364489867e+00
-2.167647134763081240e+00
-2.167647151162908070e+00
-2.167647167555220911e+00
-2.167647183948769651e+00
-2.167647200334806623e+00
-2.167647216722076831e+00
-2.167647233101833493e+00
-2.167647249474073945e+00
-2.167647265856293970e+00
-2.167647282222248339e+00
-2.167647298598181838e+00
-2.167647314957849680e+00
-2.167647331327495763e+00
-2.167647347680871306e+00
-2.167647364044227309e+00
-2.167647380400060886e+00
-2.167647396748372035e+00
-2.167647413097913311e+00
-2.167647429439924167e+00
-2.167647445783166038e+00
-2.167647462127635372e+00
-2.167647478464577393e+00
-2.167647494793988994e+00
-2.167647511124627169e+00
-2.167647527456491474e+00
-2.167647543780823582e+00
-2.167647560097623938e+00
-2.167647576424407863e+00
-2.167647592734899487e+00
-2.167647609046611024e+00
-2.167647625359549135e+00
-2.167647641664949720e+00
-2.167647657971574660e+00
-2.167647674270659852e+00
-2.167647690570965402e+00
-2.167647706863731649e+00
-2.167647723157720474e+00
-2.167647739452930544e+00
-2.167647755731830550e+00
-2.167647772020718122e+00
-2.167647788302061063e+00
-2.167647804575854042e+00
-2.167647820850870044e+00
-2.167647837127104626e+00
-2.167647853395790136e+00
-2.167647869656923465e+00
-2.167647885919275375e+00
-2.167647902182846753e+00
-2.167647918438864174e+00
-2.167647934696099732e+00
-2.167647950945779556e+00
-2.167647967196676628e+00
-2.167647983440016191e+00
-2.167647999684572557e+00
-2.167648015921568749e+00
-2.167648032159781746e+00
-2.167648048390432791e+00
-2.167648064622299309e+00
-2.167648080855381743e+00
-2.167648097080899561e+00
-2.167648113298850987e+00
-2.167648129518016997e+00
-2.167648145738398036e+00
-2.167648161951210461e+00
-2.167648178156452943e+00
-2.167648194362908232e+00
-2.167648210570574552e+00
-2.167648226770671371e+00
-2.167648242971980554e+00
-2.167648259165714020e+00
-2.167648275360659404e+00
-2.167648291548029515e+00
-2.167648307736609770e+00
-2.167648323917611641e+00
-2.167648340099824544e+00
-2.167648356283246258e+00
-2.167648372459088701e+00
-2.167648388627347433e+00
-2.167648404796816308e+00
-2.167648420967494882e+00
-2.167648437130587524e+00
-2.167648453294889865e+00
-2.167648469451604054e+00
-2.167648485600730535e+00
-2.167648501759860569e+00
-2.167648517902604155e+00
-2.167648534055351295e+00
-2.167648550191709322e+00
-2.167648566338072236e+00
-2.167648582476841224e+00
-2.167648598608016730e+00
-2.167648614740396162e+00
-2.167648630865177672e+00
-2.167648646991165329e+00
-2.167648663118356911e+00
-2.167648679237950127e+00
-2.167648695358745048e+00
-2.167648711471941159e+00
-2.167648727577533574e+00
-2.167648743693135316e+00
-2.167648759792324409e+00
-2.167648775901524605e+00
-2.167648792003118441e+00
-2.167648808097106805e+00
-2.167648824192293766e+00
-2.167648840279873035e+00
-2.167648856368651344e+00
-2.167648872458631359e+00
-2.167648888540999685e+00
-2.167648904615753214e+00
-2.167648920691708003e+00
-2.167648936768860946e+00
-2.167648952838397314e+00
-2.167648968909134055e+00
-2.167648984972251558e+00
-2.167649001036568546e+00
-2.167649017093264519e+00
-2.167649033151157756e+00
-2.167649049210249590e+00
-2.167649065252896801e+00
-2.167649081305562664e+00
-2.167649097350603959e+00
-2.167649113388018023e+00
-2.167649129435450739e+00
-2.167649145466433946e+00
-2.167649161498610866e+00
-2.167649177531981941e+00
-2.167649193557724452e+00
-2.167649209584658898e+00
-2.167649225603963004e+00
-2.167649241624458156e+00
-2.167649257646149241e+00
-2.167649273660203768e+00
-2.167649289666623513e+00
-2.167649305674233418e+00
-2.167649321683036590e+00
-2.167649337684200539e+00
-2.167649353686555980e+00
-2.167649369681270866e+00
-2.167649385668343420e+00
-2.167649401665438624e+00
-2.167649417654893718e+00
-2.167649433636701151e+00
-2.167649449619699187e+00
-2.167649465595049119e+00
-2.167649481571587433e+00
-2.167649497549315463e+00
-2.167649513519395388e+00
-2.167649529481822768e+00
-2.167649545454278126e+00
-2.167649561410240011e+00
-2.167649577367391167e+00
-2.167649593325724933e+00
-2.167649609285247525e+00
-2.167649625228273536e+00
-2.167649641181325748e+00
-2.167649657126721419e+00
-2.167649673064456994e+00
-2.167649689003376956e+00
-2.167649704943483968e+00
-2.167649720875926000e+00
-2.167649736809555527e+00
-2.167649752735517854e+00
-2.167649768662667675e+00
-2.167649784582148076e+00
-2.167649800502813306e+00
-2.167649816415811781e+00
-2.167649832329989312e+00
-2.167649848245350341e+00
-2.167649864153041062e+00
-2.167649880053060585e+00
-2.167649895954260053e+00
-2.167649911856640799e+00
-2.167649927751346794e+00
-2.167649943647231847e+00
-2.167649959535443482e+00
-2.167649975424831954e+00
-2.167649991315400815e+00
-2.167650007189433126e+00
-2.167650023073502297e+00
-2.167650038949890501e+00
-2.167650054827456430e+00
-2.167650070697340947e+00
-2.167650086559540945e+00
-2.167650102431778691e+00
-2.167650118287469674e+00
-2.167650134153198405e+00
-2.167650150011242616e+00
-2.167650165861595646e+00
-2.167650181713125512e+00
-2.167650197565829551e+00
-2.167650213410843740e+00
-2.167650229248164084e+00
-2.167650245086659044e+00
-2.167650260926326844e+00
-2.167650276758301686e+00
-2.167650292591448924e+00
-2.167650308425769445e+00
-2.167650324252393013e+00
-2.167650340071316517e+00
-2.167650355891412417e+00
-2.167650371712681157e+00
-2.167650387526247613e+00
-2.167650403332110454e+00
-2.167650419148020369e+00
-2.167650434947349325e+00
-2.167650450756725355e+00
-2.167650466558394662e+00
-2.167650482352357688e+00
-2.167650498147487781e+00
-2.167650513943788937e+00
-2.167650529732378928e+00
-2.167650545513259086e+00
-2.167650561295304534e+00
-2.167650577078520158e+00
-2.167650592854021507e+00
-2.167650608630689479e+00
-2.167650624408524518e+00
-2.167650640178643950e+00
-2.167650655941045112e+00
-2.167650671704612897e+00
-2.167650687469345527e+00
-2.167650703226357667e+00
-2.167650718984535985e+00
-2.167650734734991147e+00
-2.167650750486611155e+00
-2.167650766230507564e+00
-2.167650781975566598e+00
-2.167650797721790479e+00
-2.167650813460287207e+00
-2.167650829191056783e+00
-2.167650844922985431e+00
-2.167650860656079370e+00
-2.167650876381440828e+00
-2.167650892107965799e+00
-2.167650907835652951e+00
-2.167650923555606290e+00
-2.167650939267823151e+00
-2.167650954981202194e+00
-2.167650970695742529e+00
-2.167650986402545055e+00
-2.167651002110505765e+00
-2.167651017810726888e+00
-2.167651033512110192e+00
-2.167651049205749025e+00
-2.167651064900548707e+00
-2.167651080587603030e+00
-2.167651096275816869e+00
-2.167651111965187560e+00
-2.167651127646813336e+00
-2.167651143329595076e+00
-2.167651159004631012e+00
-2.167651174680821580e+00
-2.167651190358169444e+00
-2.167651206018859078e+00
-2.167651221689613550e+00
-2.167651237352612448e+00
-2.167651253016769086e+00
-2.167651268673170151e+00
-2.167651284330727623e+00
-2.167651299980526414e+00
-2.167651315631481168e+00
-2.167651331274675020e+00
-2.167651346919023947e+00
-2.167651362564525730e+00
-2.167651378202266166e+00
-2.167651393841160345e+00
-2.167651409472290958e+00
-2.167651425104572649e+00
-2.167651440729090329e+00
-2.167651456354759532e+00
-2.167651471972660726e+00
-2.167651487591713444e+00
-2.167651503211915909e+00
-2.167651518824349477e+00
-2.167651534437933236e+00
-2.167651550043744990e+00
-2.167651565650706491e+00
-2.167651581249893322e+00
-2.167651596850230344e+00
-2.167651612451715337e+00
-2.167651628045423884e+00
-2.167651643640282622e+00
-2.167651659227361804e+00
-2.167651674815588514e+00
-2.167651690396033448e+00
-2.167651705977627241e+00
-2.167651721551437483e+00
-2.167651737126395250e+00
-2.167651752702496992e+00
-2.167651768270815626e+00
-2.167651783840279123e+00
-2.167651799401955959e+00
-2.167651814964778989e+00
-2.167651830519811362e+00
-2.167651846075988153e+00
-2.167651861633309807e+00
-2.167651877182839026e+00
-2.167651892733513552e+00
-2.167651908276394312e+00
-2.167651923820417270e+00
-2.167651939356644686e+00
-2.167651954894015187e+00
-2.167651970432526998e+00
-2.167651985963242378e+00
-2.167652001486156887e+00
-2.167652017010210930e+00
-2.167652032535408502e+00
-2.167652048061747383e+00
-2.167652063571337884e+00
-2.167652079091013650e+00
-2.167652094602885438e+00
-2.167652110115896757e+00
-2.167652125621098769e+00
-2.167652141118495024e+00
-2.167652156625977877e+00
-2.167652172125649646e+00
-2.167652187617511661e+00
-2.167652203110512321e+00
-2.167652218604649406e+00
-2.167652234090974517e+00
-2.167652249569483658e+00
-2.167652265058082506e+00
-2.167652280538864940e+00
-2.167652296011830071e+00
-2.167652311485931182e+00
-2.167652326952212771e+00
-2.167652342428587176e+00
-2.167652357888181669e+00
-2.167652373357869866e+00
-2.167652388810776376e+00
-2.167652404273777034e+00
-2.167652419728950175e+00
-2.167652435176299353e+00
-2.167652450624781846e+00
-2.167652466074396322e+00
-2.167652481516183283e+00
-2.167652496959103114e+00
-2.167652512394190989e+00
-2.167652527830412623e+00
-2.167652543267765797e+00
-2.167652558697286569e+00
-2.167652574127937548e+00
-2.167652589550752573e+00
-2.167652604974700026e+00
-2.167652620390809304e+00
-2.167652635808048789e+00
-2.167652651226420257e+00
-2.167652666636949110e+00
-2.167652682039638901e+00
-2.167652697452425947e+00
-2.167652712848400220e+00
-2.167652728254475747e+00
-2.167652743652705549e+00
-2.167652759043091404e+00
-2.167652774434603469e+00
-2.167652789827242188e+00
-2.167652805212032519e+00
-2.167652820597950392e+00
-2.167652835984994919e+00
-2.167652851364189726e+00
-2.167652866735531259e+00
-2.167652882107999002e+00
-2.167652897481591179e+00
-2.167652912847329194e+00
-2.167652928214190755e+00
-2.167652943573194602e+00
-2.167652958933324214e+00
-2.167652974294577817e+00
-2.167652989647971928e+00
-2.167653005002490474e+00
-2.167653020349145976e+00
-2.167653035696925024e+00
-2.167653051045827173e+00
-2.167653066386864058e+00
-2.167653081720037456e+00
-2.167653097054330846e+00
-2.167653112389745562e+00
-2.167653127717293238e+00
-2.167653143045960018e+00
-2.167653158375749456e+00
-2.167653173697667857e+00
-2.167653189011712556e+00
-2.167653204335871386e+00
-2.167653219643163265e+00
-2.167653234960567499e+00
-2.167653250270098031e+00
-2.167653265571750865e+00
-2.167653280874520583e+00
-2.167653296178409406e+00
-2.167653311474419642e+00
-2.167653326771547651e+00
-2.167653342069792988e+00
-2.167653357360156186e+00
-2.167653372642635023e+00
-2.167653387926232966e+00
-2.167653403210943797e+00
-2.167653418487771155e+00
-2.167653433765713622e+00
-2.167653449044770753e+00
-2.167653464315941747e+00
-2.167653479579220388e+00
-2.167653494843615913e+00
-2.167653510109120774e+00
-2.167653525375745183e+00
-2.167653540625467556e+00
-2.167653555885309391e+00
-2.167653571137256652e+00
-2.167653586390317688e+00
-2.167653601635482818e+00
-2.167653616881758616e+00
-2.167653632120137619e+00
-2.167653647359625069e+00
-2.167653662600225406e+00
-2.167653677832924064e+00
-2.167653693066735165e+00
-2.167653708292640147e+00
-2.167653723519656683e+00
-2.167653738747783443e+00
-2.167653753968006303e+00
-2.167653769180317713e+00
-2.167653784393741567e+00
-2.167653799608272092e+00
-2.167653814823912839e+00
-2.167653830031643025e+00
-2.167653845231459098e+00
-2.167653860432384949e+00
-2.167653875634417027e+00
-2.167653890828533658e+00
-2.167653906023760513e+00
-2.167653921220092705e+00
-2.167653936408507231e+00
-2.167653951598027984e+00
-2.167653966779631070e+00
-2.167653981962338161e+00
-2.167653997137124477e+00
-2.167654012313015688e+00
-2.167654027490011792e+00
-2.167654042659084901e+00
-2.167654057820233238e+00
-2.167654072991512137e+00
-2.167654088154866265e+00
-2.167654103310294733e+00
-2.167654118466824098e+00
-2.167654133624456581e+00
-2.167654148774159850e+00
-2.167654163924963573e+00
-2.167654179067835862e+00
-2.167654194211810381e+00
-2.167654209356885797e+00
-2.167654224494027115e+00
-2.167654239632268443e+00
-2.167654254762574340e+00
-2.167654269893978469e+00
-2.167654285026484828e+00
-2.167654300151051316e+00
-2.167654315276717814e+00
-2.167654330394441331e+00
-2.167654345513264413e+00
-2.167654360624143628e+00
-2.167654375736121519e+00
-2.167654390849198531e+00
-2.167654405954328123e+00
-2.167654421060556835e+00
-2.167654436158836795e+00
-2.167654451258213211e+00
-2.167654466358686527e+00
-2.167654481451211090e+00
-2.167654496544831222e+00
-2.167654511630497272e+00
-2.167654526717259778e+00
-2.167654541805119628e+00
-2.167654556885023176e+00
-2.167654571956968645e+00
-2.167654587039062442e+00
-2.167654602113196827e+00
-2.167654617179374021e+00
-2.167654632246644564e+00
-2.167654647315007566e+00
-2.167654662375408936e+00
-2.167654677436904986e+00
-2.167654692490435409e+00
-2.167654707545059178e+00
-2.167654722600774519e+00
-2.167654737648524232e+00
-2.167654752697365517e+00
-2.167654767738238064e+00
-2.167654782780202183e+00
-2.167654797823257429e+00
-2.167654812858340385e+00
-2.167654827894515357e+00
-2.167654842922717595e+00
-2.167654857952008740e+00
-2.167654872973324043e+00
-2.167654887995728696e+00
-2.167654903019224921e+00
-2.167654918034739975e+00
-2.167654933051343935e+00
-2.167654948069038578e+00
-2.167654963078752051e+00
-2.167654978089553097e+00
-2.167654993092372973e+00
-2.167655008096277314e+00
-2.167655023092200484e+00
-2.167655038089209008e+00
-2.167655053087304662e+00
-2.167655068077412484e+00
-2.167655083068606103e+00
-2.167655098051811891e+00
-2.167655113036101255e+00
-2.167655128021477751e+00
-2.167655142998860640e+00
-2.167655157977331104e+00
-2.167655172947805742e+00
-2.167655187919363957e+00
-2.167655202892007527e+00
-2.167655217856654382e+00
-2.167655232822385702e+00
-2.167655247780117644e+00
-2.167655262738932720e+00
-2.167655277698830929e+00
-2.167655292650727983e+00
-2.167655307594621217e+00
-2.167655322548681873e+00
-2.167655337494740042e+00
-2.167655352432792171e+00
-2.167655367371924768e+00
-2.167655382312139167e+00
-2.167655397244344861e+00
-2.167655412177631913e+00
-2.167655427111997657e+00
-2.167655442038355140e+00
-2.167655456965791316e+00
-2.167655471885214791e+00
-2.167655486805717846e+00
-2.167655501718206423e+00
-2.167655516631773693e+00
-2.167655531546416992e+00
-2.167655546453046256e+00
-2.167655561360751104e+00
-2.167655576269534201e+00
-2.167655591170297935e+00
-2.167655606072140362e+00
-2.167655620965958985e+00
-2.167655635860854524e+00
-2.167655650747727591e+00
-2.167655665635673579e+00
-2.167655680524698703e+00
-2.167655695405696470e+00
-2.167655710287768045e+00
-2.167655725170915204e+00
-2.167655740046034119e+00
-2.167655754913124344e+00
-2.167655769790390430e+00
-2.167655784659626494e+00
-2.167655799520829429e+00
-2.167655814383107060e+00
-2.167655829246456278e+00
-2.167655844101771478e+00
-2.167655858958156934e+00
-2.167655873806505262e+00
-2.167655888665036557e+00
-2.167655903506418902e+00
-2.167655918348871502e+00
-2.167655933192395246e+00
-2.167655948036989244e+00
-2.167655962873541231e+00
-2.167655977711163917e+00
-2.167655992540741039e+00
-2.167656007371391080e+00
-2.167656022193991561e+00
-2.167656037017662740e+00
-2.167656051842402842e+00
-2.167656066659091163e+00
-2.167656081476850627e+00
-2.167656096295677237e+00
-2.167656111106452954e+00
-2.167656125918296706e+00
-2.167656140722085567e+00
-2.167656155526942019e+00
-2.167656170323744025e+00
-2.167656185130735214e+00
-2.167656199920545479e+00
-2.167656214720544483e+00
-2.167656229512485933e+00
-2.167656244296367607e+00
-2.167656259081312875e+00
-2.167656273867324845e+00
-2.167656288645273044e+00
-2.167656303424286612e+00
-2.167656318204362442e+00
-2.167656332976374944e+00
-2.167656347749451040e+00
-2.167656362514458035e+00
-2.167656377280530400e+00
-2.167656392047664582e+00
-2.167656406806729219e+00
-2.167656421566855673e+00
-2.167656436318911251e+00
-2.167656451072026869e+00
-2.167656465826204304e+00
-2.167656480572307753e+00
-2.167656495319473464e+00
-2.167656510058561636e+00
-2.167656524798709849e+00
-2.167656539539917659e+00
-2.167656554273048375e+00
-2.167656569007237799e+00
-2.167656583742485932e+00
-2.167656598469654750e+00
-2.167656613188740256e+00
-2.167656627918025158e+00
-2.167656642639225861e+00
-2.167656657352342364e+00
-2.167656672066515355e+00
-2.167656686781745723e+00
-2.167656701488888782e+00
-2.167656716197089217e+00
-2.167656730906345697e+00
-2.167656745607510871e+00
-2.167656760309734310e+00
-2.167656775003865555e+00
-2.167656789699048847e+00
-2.167656804395290404e+00
-2.167656819083435327e+00
-2.167656833772636293e+00
-2.167656848453739293e+00
-2.167656863135897005e+00
-2.167656877819108541e+00
-2.167656892494221221e+00
-2.167656907170387282e+00
-2.167656921838450490e+00
-2.167656936516724198e+00
-2.167656951177735714e+00
-2.167656965848959505e+00
-2.167656980502917996e+00
-2.167656995167087430e+00
-2.167657009823151348e+00
-2.167657024480265537e+00
-2.167657039129271102e+00
-2.167657053779326937e+00
-2.167657068430433931e+00
-2.167657083073429192e+00
-2.167657097717476944e+00
-2.167657112353407634e+00
-2.167657126990390815e+00
-2.167657141628421602e+00
-2.167657156258337103e+00
-2.167657170889301099e+00
-2.167657185512147144e+00
-2.167657200145210794e+00
-2.167657214760984719e+00
-2.167657229386975803e+00
-2.167657243995674943e+00
-2.167657258614592575e+00
-2.167657273225385151e+00
-2.167657287837227553e+00
-2.167657302440941791e+00
-2.167657317045703191e+00
-2.167657331651512198e+00
-2.167657346249191708e+00
-2.167657360847917491e+00
-2.167657375438513778e+00
-2.167657390030152786e+00
-2.167657404622838513e+00
-2.167657419207390745e+00
-2.167657433792989252e+00
-2.167657448379631369e+00
-2.167657462958138215e+00
-2.167657477537687782e+00
-2.167657492109100303e+00
-2.167657506681556878e+00
-2.167657521255055730e+00
-2.167657535820414871e+00
-2.167657550386817622e+00
-2.167657564945076221e+00
-2.167657579504378873e+00
-2.167657594064721582e+00
-2.167657608616919696e+00
-2.167657623170159642e+00
-2.167657637724441422e+00
-2.167657652270575497e+00
-2.167657666808560535e+00
-2.167657681356776500e+00
-2.167657695896840764e+00
-2.167657710428752438e+00
-2.167657724970899480e+00
-2.167657739495697733e+00
-2.167657754030730022e+00
-2.167657768557606612e+00
-2.167657783085521483e+00
-2.167657797605280656e+00
-2.167657812126077665e+00
-2.167657826638716756e+00
-2.167657841152391018e+00
-2.167657855667104450e+00
-2.167657870182853941e+00
-2.167657884690442405e+00
-2.167657899189867177e+00
-2.167657913699528649e+00
-2.167657928191825345e+00
-2.167657942694357409e+00
-2.167657957188724449e+00
-2.167657971684126217e+00
-2.167657986171361184e+00
-2.167658000659628215e+00
-2.167658015148932638e+00
-2.167658029630063599e+00
-2.167658044112229732e+00
-2.167658058586222403e+00
-2.167658073061248025e+00
-2.167658087537307932e+00
-2.167658102005193044e+00
-2.167658116474108443e+00
-2.167658130944058126e+00
-2.167658145405828574e+00
-2.167658159859421563e+00
-2.167658174323257469e+00
-2.167658188778910588e+00
-2.167658203235596215e+00
-2.167658217684099498e+00
-2.167658232133632179e+00
-2.167658246574982073e+00
-2.167658261017359589e+00
-2.167658275460768280e+00
-2.167658289895988855e+00
-2.167658304332239716e+00
-2.167658318769519088e+00
-2.167658333198608123e+00
-2.167658347628727444e+00
-2.167658362059876165e+00
-2.167658376482830551e+00
-2.167658390897591936e+00
-2.167658405322602455e+00
-2.167658419739417752e+00
-2.167658434148036939e+00
-2.167658448566907481e+00
-2.167658462968353739e+00
-2.167658477380053572e+00
-2.167658491783552854e+00
-2.167658506188078871e+00
-2.167658520584401227e+00
-2.167658534981751206e+00
-2.167658549370895305e+00
-2.167658563770295199e+00
-2.167658578152258375e+00
-2.167658592544477791e+00
-2.167658606928491327e+00
-2.167658621313526268e+00
-2.167658635690354885e+00
-2.167658650068204906e+00
-2.167658664447079886e+00
-2.167658678817741880e+00
-2.167658693189427055e+00
-2.167658707552899244e+00
-2.167658721917391951e+00
-2.167658736282907839e+00
-2.167658750640207188e+00
-2.167658764998528387e+00
-2.167658779357870991e+00
-2.167658793708994391e+00
-2.167658808061139197e+00
-2.167658822405062136e+00
-2.167658836750006035e+00
-2.167658851095969119e+00
-2.167658865433709448e+00
-2.167658879772467628e+00
-2.167658894112247658e+00
-2.167658908443799159e+00
-2.167658922776372066e+00
-2.167658937100715555e+00
-2.167658951426076896e+00
-2.167658965752456979e+00
-2.167658980079855802e+00
-2.167658994389772165e+00
-2.167659008709955870e+00
-2.167659023021907050e+00
-2.167659037334875194e+00
-2.167659051648861190e+00
-2.167659065954607556e+00
-2.167659080261373550e+00
-2.167659094559899469e+00
-2.167659108859441908e+00
-2.167659123160000867e+00
-2.167659137452317974e+00
-2.167659151745649826e+00
-2.167659166030738493e+00
-2.167659180316842793e+00
-2.167659194603961836e+00
-2.167659208892093847e+00
-2.167659223171979566e+00
-2.167659237443618547e+00
-2.167659251725533309e+00
-2.167659265989934969e+00
-2.167659280264613297e+00
-2.167659294531040004e+00
-2.167659308798479678e+00
-2.167659323057666398e+00
-2.167659337327131563e+00
-2.167659351579075189e+00
-2.167659365841298147e+00
-2.167659380095265487e+00
-2.167659394340973655e+00
-2.167659408587692571e+00
-2.167659422835422234e+00
-2.167659437084163088e+00
-2.167659451324642550e+00
-2.167659465566131871e+00
-2.167659479799358024e+00
-2.167659494033595369e+00
-2.167659508268840352e+00
-2.167659522495821278e+00
-2.167659536723808067e+00
-2.167659550943530800e+00
-2.167659565173535086e+00
-2.167659579385996516e+00
-2.167659593608739055e+00
-2.167659607823213541e+00
-2.167659622038695222e+00
-2.167659636245904853e+00
-2.167659650454120790e+00
-2.167659664663342145e+00
-2.167659678864289230e+00
-2.167659693066241289e+00
-2.167659707259918189e+00
-2.167659721454597399e+00
-2.167659735650283803e+00
-2.167659749837690164e+00
-2.167659764035386516e+00
-2.167659778215515587e+00
-2.167659792396648299e+00
-2.167659806578785542e+00
-2.167659820761925538e+00
-2.167659834936781937e+00
-2.167659849112641091e+00
-2.167659863289502109e+00
-2.167659877458078643e+00
-2.167659891618364032e+00
-2.167659905788943409e+00
-2.167659919951232972e+00
-2.167659934114525733e+00
-2.167659948269525128e+00
-2.167659962425524611e+00
-2.167659976573230729e+00
-2.167659990721937824e+00
-2.167660004871645896e+00
-2.167660019022354057e+00
-2.167660033164763966e+00
-2.167660047308175297e+00
-2.167660061443287489e+00
-2.167660075579398438e+00
-2.167660089716506366e+00
-2.167660103845314268e+00
-2.167660117975120926e+00
-2.167660132096624004e+00
-2.167660146228426399e+00
-2.167660160351925214e+00
-2.167660174467117340e+00
-2.167660188583305558e+00
-2.167660202700492089e+00
-2.167660216809369267e+00
-2.167660230919242537e+00
-2.167660245030112787e+00
-2.167660259132671907e+00
-2.167660273236225787e+00
-2.167660287340776204e+00
-2.167660301437011494e+00
-2.167660315534243765e+00
-2.167660329623157800e+00
-2.167660343713067483e+00
-2.167660357803970150e+00
-2.167660371895869353e+00
-2.167660385979447213e+00
-2.167660400054705061e+00
-2.167660414140272440e+00
-2.167660428217516255e+00
-2.167660442286438283e+00
-2.167660456365669841e+00
-2.167660470427256847e+00
-2.167660484499155160e+00
-2.167660498562727245e+00
-2.167660512627290981e+00
-2.167660526683525823e+00
-2.167660540740752317e+00
-2.167660554798969130e+00
-2.167660568858178483e+00
-2.167660582909055833e+00
-2.167660596951598517e+00
-2.167660611004456506e+00
-2.167660625039654843e+00
-2.167660639085168039e+00
-2.167660653122344350e+00
-2.167660667160509647e+00
-2.167660681199665262e+00
-2.167660695230480883e+00
-2.167660709262285934e+00
-2.167660723285747881e+00
-2.167660737310199259e+00
-2.167660751335638736e+00
-2.167660765352734664e+00
-2.167660779370817359e+00
-2.167660793389886820e+00
-2.167660807400610068e+00
-2.167660821412320971e+00
-2.167660835415681220e+00
-2.167660849429365655e+00
-2.167660863425362017e+00
-2.167660877431681232e+00
-2.167660891429648906e+00
-2.167660905428602458e+00
-2.167660919419200471e+00
-2.167660933410784807e+00
-2.167660947403353688e+00
-2.167660961387565699e+00
-2.167660975372760923e+00
-2.167660989358942025e+00
-2.167661003336763592e+00
-2.167661017315568373e+00
-2.167661031295356366e+00
-2.167661045266783049e+00
-2.167661059239191168e+00
-2.167661073203236199e+00
-2.167661087177612522e+00
-2.167661101134274571e+00
-2.167661115101265246e+00
-2.167661129059889724e+00
-2.167661143019496528e+00
-2.167661156970734027e+00
-2.167661170922952518e+00
-2.167661184876150227e+00
-2.167661198820978186e+00
-2.167661212766787138e+00
-2.167661226713573974e+00
-2.167661240651987953e+00
-2.167661254591379372e+00
-2.167661268522396156e+00
-2.167661282454391269e+00
-2.167661296387367376e+00
-2.167661310321320034e+00
-2.167661324246892729e+00
-2.167661338173444641e+00
-2.167661352091615701e+00
-2.167661366010763757e+00
-2.167661379930887922e+00
-2.167661393842629458e+00
-2.167661407755347991e+00
-2.167661421669042632e+00
-2.167661435574351536e+00
-2.167661449480634772e+00
-2.167661463387895893e+00
-2.167661477286768168e+00
-2.167661491186615219e+00
-2.167661505078068984e+00
-2.167661518979868251e+00
-2.167661532863904394e+00
-2.167661546758285152e+00
-2.167661560644271290e+00
-2.167661574531230428e+00
-2.167661588409794060e+00
-2.167661602289330247e+00
-2.167661616169839878e+00
-2.167661630041950005e+00
-2.167661643915034020e+00
-2.167661657789091034e+00
-2.167661671654746325e+00
-2.167661685521372839e+00
-2.167661699388971908e+00
-2.167661713248165700e+00
-2.167661727108332936e+00
-2.167661740969472284e+00
-2.167661754822202802e+00
-2.167661768675904543e+00
-2.167661782521197900e+00
-2.167661796376841643e+00
-2.167661810214693840e+00
-2.167661824062897313e+00
-2.167661837902688848e+00
-2.167661851743449830e+00
-2.167661865575796210e+00
-2.167661879409112036e+00
-2.167661893243396865e+00
-2.167661907078650252e+00
-2.167661920905486816e+00
-2.167661934723903894e+00
-2.167661948552677131e+00
-2.167661962373029994e+00
-2.167661976184959816e+00
-2.167661990007248018e+00
-2.167662003811722027e+00
-2.167662017626555304e+00
-2.167662031432960656e+00
-2.167662045240334567e+00
-2.167662059048673484e+00
-2.167662072848587140e+00
-2.167662086649464026e+00
-2.167662100441912099e+00
-2.167662114244721661e+00
-2.167662128029703261e+00
-2.167662141825048572e+00
-2.167662155611957076e+00
-2.167662169399832361e+00
-2.167662183179274393e+00
-2.167662196959677434e+00
-2.167662210741044593e+00
-2.167662224513974056e+00
-2.167662238287868970e+00
-2.167662252062724892e+00
-2.167662265829140456e+00
-2.167662279605924169e+00
-2.167662293364861714e+00
-2.167662307124758492e+00
-2.167662320885619387e+00
-2.167662334647441735e+00
-2.167662348400818839e+00
-2.167662362155156508e+00
-2.167662375910455630e+00
-2.167662389657306399e+00
-2.167662403405118177e+00
-2.167662417153890075e+00
-2.167662430894211401e+00
-2.167662444635493291e+00
-2.167662458368322831e+00
-2.167662472102109383e+00
-2.167662485836856945e+00
-2.167662499572563295e+00
-2.167662513299815075e+00
-2.167662527028021646e+00
-2.167662540747773647e+00
-2.167662554468482217e+00
-2.167662568190150019e+00
-2.167662581912774389e+00
-2.167662595626938415e+00
-2.167662609332638546e+00
-2.167662623048716153e+00
-2.167662636756330308e+00
-2.167662650464901475e+00
-2.167662664165007413e+00
-2.167662677866068144e+00
-2.167662691568084998e+00
-2.167662705261633516e+00
-2.167662718956137713e+00
-2.167662732651594926e+00
-2.167662746338584689e+00
-2.167662760026527025e+00
-2.167662773715425484e+00
-2.167662787395846724e+00
-2.167662801077223644e+00
-2.167662814750124678e+00
-2.167662828433410738e+00
-2.167662842108219134e+00
-2.167662855774549424e+00
-2.167662869441830953e+00
-2.167662883110065497e+00
-2.167662896779253945e+00
-2.167662910439959845e+00
-2.167662924101617428e+00
-2.167662937764228914e+00
-2.167662951418353856e+00
-2.167662965073430481e+00
-2.167662978720021894e+00
-2.167662992367564545e+00
-2.167663006016056215e+00
-2.167663019665499569e+00
-2.167663033306453713e+00
-2.167663046948356875e+00
-2.167663060581769052e+00
-2.167663074216129804e+00
-2.167663087851440906e+00
-2.167663101487701027e+00
-2.167663115115467054e+00
-2.167663128734735434e+00
-2.167663142364398610e+00
-2.167663155985564138e+00
-2.167663169607677354e+00
-2.167663183221292034e+00
-2.167663196835853068e+00
-2.167663210451360900e+00
-2.167663224067817751e+00
-2.167663237675770738e+00
-2.167663251275222080e+00
-2.167663264885068219e+00
-2.167663278486410938e+00
-2.167663292088698679e+00
-2.167663305682478558e+00
-2.167663319277205680e+00
-2.167663332872876047e+00
-2.167663346460037666e+00
-2.167663360048144305e+00
-2.167663373637194635e+00
-2.167663387217733106e+00
-2.167663400799217044e+00
-2.167663414381643339e+00
-2.167663427955555111e+00
-2.167663441530409241e+00
-2.167663455106208392e+00
-2.167663468673489469e+00
-2.167663482241712014e+00
-2.167663495810877805e+00
-2.167663509371524189e+00
-2.167663522933113374e+00
-2.167663536495641363e+00
-2.167663550049649501e+00
-2.167663563604596888e+00
-2.167663577160487076e+00
-2.167663590707851196e+00
-2.167663604256156340e+00
-2.167663617805402065e+00
-2.167663631346119946e+00
-2.167663644887777519e+00
-2.167663658430375673e+00
-2.167663671964443317e+00
-2.167663685499449322e+00
-2.167663699035395908e+00
-2.167663712562808431e+00
-2.167663726091159759e+00
-2.167663739620449892e+00
-2.167663753141203298e+00
-2.167663766662896396e+00
-2.167663780185526079e+00
-2.167663793699619479e+00
-2.167663807214647242e+00
-2.167663820721135615e+00
-2.167663834238039655e+00
-2.167663847746402528e+00
-2.167663861246220680e+00
-2.167663874756457609e+00
-2.167663888258148042e+00
-2.167663901751294198e+00
-2.167663915254857798e+00
-2.167663928740389601e+00
-2.167663942236341512e+00
-2.167663955723742486e+00
-2.167663969212080044e+00
-2.167663982701351522e+00
-2.167663996182072061e+00
-2.167664009663726521e+00
-2.167664023146314900e+00
-2.167664036620348345e+00
-2.167664050095315709e+00
-2.167664063571217881e+00
-2.167664077038562009e+00
-2.167664090506837393e+00
-2.167664103976047141e+00
-2.167664117436697069e+00
-2.167664130898280472e+00
-2.167664144360795131e+00
-2.167664157814745529e+00
-2.167664171269629847e+00
-2.167664184725444976e+00
-2.167664198172696288e+00
-2.167664211620876191e+00
-2.167664225069987793e+00
-2.167664238510534691e+00
-2.167664251952007515e+00
-2.167664265394413370e+00
-2.167664278828247415e+00
-2.167664292263011383e+00
-2.167664305698705718e+00
-2.167664319125825578e+00
-2.167664332553876250e+00
-2.167664345982854623e+00
-2.167664359403257635e+00
-2.167664372824587904e+00
-2.167664386246847652e+00
-2.167664399660529373e+00
-2.167664413075137908e+00
-2.167664426490675034e+00
-2.167664439907140306e+00
-2.167664453315023110e+00
-2.167664466714323002e+00
-2.167664480124059878e+00
-2.167664493525212066e+00
-2.167664506927293289e+00
-2.167664520320785382e+00
-2.167664533715204289e+00
-2.167664547110548234e+00
-2.167664560497303494e+00
-2.167664573884984236e+00
-2.167664587273589127e+00
-2.167664600663120833e+00
-2.167664614044058968e+00
-2.167664627425921697e+00
-2.167664640799190412e+00
-2.167664654173383720e+00
-2.167664667548499846e+00
-2.167664680924540566e+00
-2.167664694291982830e+00
-2.167664707660349244e+00
-2.167664721020116314e+00
-2.167664734380804870e+00
-2.167664747742416242e+00
-2.167664761104950877e+00
-2.167664774458883503e+00
-2.167664787813734506e+00
-2.167664801159982169e+00
-2.167664814507152649e+00
-2.167664827855245058e+00
-2.167664841204254067e+00
-2.167664854544658848e+00
-2.167664867885983337e+00
-2.167664881228226648e+00
-2.167664894561861733e+00
-2.167664907896415194e+00
-2.167664921231888364e+00
-2.167664934558749756e+00
-2.167664947886529081e+00
-2.167664961205695295e+00
-2.167664974535312705e+00
-2.167664987856313896e+00
-2.167665001168698868e+00
-2.167665014491535924e+00
-2.167665027805756317e+00
-2.167665041111355162e+00
-2.167665054427410976e+00
-2.167665067734845685e+00
-2.167665081043194775e+00
-2.167665094342920540e+00
-2.167665107643566014e+00
-2.167665120945126311e+00
-2.167665134238059288e+00
-2.167665147531909309e+00
-2.167665160826673265e+00
-2.167665174122354266e+00
-2.167665187409406613e+00
-2.167665200697372452e+00
-2.167665213976709637e+00
-2.167665227256959426e+00
-2.167665240538123594e+00
-2.167665253820203031e+00
-2.167665267093646708e+00
-2.167665280368004321e+00
-2.167665293633725287e+00
-2.167665306900361077e+00
-2.167665320167907250e+00
-2.167665333436367803e+00
-2.167665346696189044e+00
-2.167665359956922000e+00
-2.167665373218568003e+00
-2.167665386471570699e+00
-2.167665399725485997e+00
-2.167665412980314343e+00
-2.167665426226494496e+00
-2.167665439473587696e+00
-2.167665452721590835e+00
-2.167665465960946669e+00
-2.167665479201214218e+00
-2.167665492442392594e+00
-2.167665505674917892e+00
-2.167665518908353572e+00
-2.167665532142700524e+00
-2.167665545377957415e+00
-2.167665558604559006e+00
-2.167665571822506188e+00
-2.167665585050927657e+00
-2.167665598270692939e+00
-2.167665611491365496e+00
-2.167665624703379645e+00
-2.167665637925869415e+00
-2.167665651139700334e+00
-2.167665664344870180e+00
-2.167665677550946413e+00
-2.167665690757931252e+00
-2.167665703965822477e+00
-2.167665717165049077e+00
-2.167665730365182064e+00
-2.167665743566221437e+00
-2.167665756758594853e+00
-2.167665769951875099e+00
-2.167665783146059510e+00
-2.167665796331574857e+00
-2.167665809517995257e+00
-2.167665822705322043e+00
-2.167665835883975767e+00
-2.167665849063533212e+00
-2.167665862243996600e+00
-2.167665875425364153e+00
-2.167665888598057311e+00
-2.167665901771653303e+00
-2.167665914936570903e+00
-2.167665928102394002e+00
-2.167665941269119045e+00
-2.167665954436747811e+00
-2.167665967595695520e+00
-2.167665980755545618e+00
-2.167665993916299438e+00
-2.167666007068369094e+00
-2.167666020221340695e+00
-2.167666033365627687e+00
-2.167666046520404066e+00
-2.167666059666491396e+00
-2.167666072803893229e+00
-2.167666085951785337e+00
-2.167666099090987508e+00
-2.167666112231091180e+00
-2.167666125362503138e+00
-2.167666138494813488e+00
-2.167666151628025339e+00
-2.167666164752542812e+00
-2.167666177887556334e+00
-2.167666191013872812e+00
-2.167666204131493579e+00
-2.167666217250011851e+00
-2.167666230369428959e+00
-2.167666243489745348e+00
-2.167666256601362917e+00
-2.167666269713877547e+00
-2.167666282827288793e+00
-2.167666295931998999e+00
-2.167666309037606709e+00
-2.167666322144111923e+00
-2.167666335241912545e+00
-2.167666348340608451e+00
-2.167666361440202749e+00
-2.167666374531086682e+00
-2.167666387622869006e+00
-2.167666400715545727e+00
-2.167666413809119952e+00
-2.167666426893983367e+00
-2.167666439979741178e+00
-2.167666453056785514e+00
-2.167666466144335224e+00
-2.167666479223170128e+00
-2.167666492293289782e+00
-2.167666505364303386e+00
-2.167666518436210055e+00
-2.167666531509011563e+00
-2.167666544582706134e+00
-2.167666557647683678e+00
-2.167666570703938866e+00
-2.167666583770702537e+00
-2.167666596828741632e+00
-2.167666609887676454e+00
-2.167666622937885368e+00
-2.167666635988986457e+00
-2.167666649040980609e+00
-2.167666662093866048e+00
-2.167666675138024246e+00
-2.167666688183075507e+00
-2.167666701219394643e+00
-2.167666714266228034e+00
-2.167666727304330188e+00
-2.167666740333700659e+00
-2.167666753373583610e+00
-2.167666766404733991e+00
-2.167666779436775215e+00
-2.167666792460080316e+00
-2.167666805484274928e+00
-2.167666818509359494e+00
-2.167666831525705273e+00
-2.167666844552568417e+00
-2.167666857570692773e+00
-2.167666870580076566e+00
-2.167666883590348093e+00
-2.167666896601507354e+00
-2.167666909613555681e+00
-2.167666922616859448e+00
-2.167666935621050062e+00
-2.167666948626129297e+00
-2.167666961622461752e+00
-2.167666974619681497e+00
-2.167666987617786756e+00
-2.167667000616780193e+00
-2.167667013607024185e+00
-2.167667026598154578e+00
-2.167667039580532418e+00
-2.167667052563795771e+00
-2.167667065547944194e+00
-2.167667078532979463e+00
-2.167667091509258626e+00
-2.167667104486422414e+00
-2.167667117464471271e+00
-2.167667130433764022e+00
-2.167667143403939178e+00
-2.167667156374998960e+00
-2.167667169337298638e+00
-2.167667182310127671e+00
-2.167667195264548319e+00
-2.167667208229499209e+00
-2.167667221185685111e+00
-2.167667234142755639e+00
-2.167667247100709016e+00
-2.167667260049896072e+00
-2.167667272999964201e+00
-2.167667285950915179e+00
-2.167667298893098948e+00
-2.167667311836162902e+00
-2.167667324780108373e+00
-2.167667337715280862e+00
-2.167667350651336200e+00
-2.167667363588273943e+00
-2.167667376526090095e+00
-2.167667389455132820e+00
-2.167667402385054842e+00
-2.167667415306200773e+00
-2.167667428237884053e+00
-2.167667441160789021e+00
-2.167667454074913902e+00
-2.167667466999577908e+00
-2.167667479915462714e+00
-2.167667492832224152e+00
-2.167667505740205058e+00
-2.167667518649063485e+00
-2.167667531558799432e+00
-2.167667544459751738e+00
-2.167667557371244946e+00
-2.167667570273951405e+00
-2.167667583167870227e+00
-2.167667596072332614e+00
-2.167667608968004700e+00
-2.167667621854886928e+00
-2.167667634752313166e+00
-2.167667647640948214e+00
-2.167667660530460338e+00
-2.167667673411177720e+00
-2.167667686292770846e+00
-2.167667699175240159e+00
-2.167667712058585217e+00
-2.167667724933131534e+00
-2.167667737808555373e+00
-2.167667750675177363e+00
-2.167667763552350912e+00
-2.167667776420723058e+00
-2.167667789289970059e+00
-2.167667802150415213e+00
-2.167667815011731669e+00
-2.167667827873922093e+00
-2.167667840736988261e+00
-2.167667853591248139e+00
-2.167667866446381097e+00
-2.167667879292705990e+00
-2.167667892149584219e+00
-2.167667904997655270e+00
-2.167667917836913372e+00
-2.167667930686728361e+00
-2.167667943527731733e+00
-2.167667956369606852e+00
-2.167667969202669020e+00
-2.167667982036601160e+00
-2.167667994871404158e+00
-2.167668007707078459e+00
-2.167668020533936257e+00
-2.167668033361664470e+00
-2.167668046190263542e+00
-2.167668059010042114e+00
-2.167668071830691101e+00
-2.167668084652209171e+00
-2.167668097464906740e+00
-2.167668110288164751e+00
-2.167668123092906463e+00
-2.167668135908210836e+00
-2.167668148714689380e+00
-2.167668161522036563e+00
-2.167668174330251052e+00
-2.167668187129637936e+00
-2.167668199929894346e+00
-2.167668212731016286e+00
-2.167668225523309733e+00
-2.167668238326167618e+00
-2.167668251110494992e+00
-2.167668263905389026e+00
-2.167668276691448348e+00
-2.167668289478374088e+00
-2.167668302266167579e+00
-2.167668315045124139e+00
-2.167668327824945340e+00
-2.167668340605634292e+00
-2.167668353377481427e+00
-2.167668366159903215e+00
-2.167668378923774952e+00
-2.167668391698219121e+00
-2.167668404463821030e+00
-2.167668417230287581e+00
-2.167668429997617441e+00
-2.167668442756104152e+00
-2.167668455515452841e+00
-2.167668468275666172e+00
-2.167668481027032357e+00
-2.167668493788973638e+00
-2.167668506532353767e+00
-2.167668519286308104e+00
-2.167668532031411743e+00
-2.167668544777379580e+00
-2.167668557524208506e+00
-2.167668570262184957e+00
-2.167668583001021609e+00
-2.167668595740721127e+00
-2.167668608481282622e+00
-2.167668621212988533e+00
-2.167668633945553758e+00
-2.167668646669260291e+00
-2.167668659393827024e+00
-2.167668672119256179e+00
-2.167668684845542870e+00
-2.167668697562969538e+00
-2.167668710290979739e+00
-2.167668723000401254e+00
-2.167668735720407636e+00
-2.167668748431549552e+00
-2.167668761143547673e+00
-2.167668773846680441e+00
-2.167668786560399852e+00
-2.167668799265249469e+00
-2.167668811961228403e+00
-2.167668824667793537e+00
-2.167668837365489765e+00
-2.167668850064043085e+00
-2.167668862753723502e+00
-2.167668875453994115e+00
-2.167668888145388273e+00
-2.167668900827906420e+00
-2.167668913511281215e+00
-2.167668926205247537e+00
-2.167668938880601193e+00
-2.167668951566546820e+00
-2.167668964243610663e+00
-2.167668976921532487e+00
-2.167668989590572082e+00
-2.167669002270205425e+00
-2.167669014931214999e+00
-2.167669027602819209e+00
-2.167669040275280512e+00
-2.167669052938855145e+00
-2.167669065593542221e+00
-2.167669078258827042e+00
-2.167669090915222974e+00
-2.167669103572471112e+00
-2.167669116230575010e+00
-2.167669128879787355e+00
-2.167669141529852794e+00
-2.167669154180770885e+00
-2.167669166822797422e+00
-2.167669179465674389e+00
-2.167669192109404008e+00
-2.167669204753988499e+00
-2.167669217389674774e+00
-2.167669230026212368e+00
-2.167669242663603058e+00
-2.167669255292093311e+00
-2.167669267921436660e+00
-2.167669280551629996e+00
-2.167669293172918898e+00
-2.167669305795061785e+00
-2.167669318418052882e+00
-2.167669331041896186e+00
-2.167669343656834169e+00
-2.167669356272621251e+00
-2.167669368889258763e+00
-2.167669381506746262e+00
-2.167669394115325776e+00
-2.167669406724753500e+00
-2.167669419325271907e+00
-2.167669431926638079e+00
-2.167669444528853351e+00
-2.167669457131915500e+00
-2.167669469726065223e+00
-2.167669482330825570e+00
-2.167669494916907524e+00
-2.167669507513600990e+00
-2.167669520101378033e+00
-2.167669532690001066e+00
-2.167669545279471421e+00
-2.167669557860023133e+00
-2.167669570441420834e+00
-2.167669583023665858e+00
-2.167669595596987797e+00
-2.167669608171154394e+00
-2.167669620746168757e+00
-2.167669633322028666e+00
-2.167669645888962382e+00
-2.167669658456742532e+00
-2.167669671025367784e+00
-2.167669683594838581e+00
-2.167669696155378745e+00
-2.167669708716765786e+00
-2.167669721269221306e+00
-2.167669733822519706e+00
-2.167669746376663653e+00
-2.167669758931650037e+00
-2.167669771477701790e+00
-2.167669784034378377e+00
-2.167669796572337049e+00
-2.167669809120921443e+00
-2.167669821660566321e+00
-2.167669834201054080e+00
-2.167669846742384721e+00
-2.167669859274775401e+00
-2.167669871808009407e+00
-2.167669884342082742e+00
-2.167669896877001623e+00
-2.167669909402975215e+00
-2.167669921929789467e+00
-2.167669934447658875e+00
-2.167669946976155781e+00
-2.167669959495706955e+00
-2.167669972016099678e+00
-2.167669984527541338e+00
-2.167669997039825880e+00
-2.167670009552947530e+00
-2.167670022066911617e+00
-2.167670034571921978e+00
-2.167670047077772111e+00
-2.167670059584463793e+00
-2.167670072082198196e+00
-2.167670084590567203e+00
-2.167670097089980263e+00
-2.167670109580435156e+00
-2.167670122071729821e+00
-2.167670134573659091e+00
-2.167670147056831365e+00
-2.167670159550640019e+00
-2.167670172035485621e+00
-2.167670184521170107e+00
-2.167670196997891985e+00
-2.167670209485251576e+00
-2.167670221963646338e+00
-2.167670234433075382e+00
-2.167670246913144361e+00
-2.167670259384245401e+00
-2.167670271856182218e+00
-2.167670284328956143e+00
-2.167670296792760798e+00
-2.167670309257399897e+00
-2.167670321722874327e+00
-2.167670334179377267e+00
-2.167670346636713763e+00
-2.167670359094886035e+00
-2.167670371553893194e+00
-2.167670384003923978e+00
-2.167670396454790094e+00
-2.167670408906489321e+00
-2.167670421349210841e+00
-2.167670433792764584e+00
-2.167670446237153214e+00
-2.167670458682374957e+00
-2.167670471118614994e+00
-2.167670483555688143e+00
-2.167670495993594848e+00
-2.167670508422517628e+00
-2.167670520852269966e+00
-2.167670533282855416e+00
-2.167670545714273533e+00
-2.167670558136704173e+00
-2.167670570559966592e+00
-2.167670582984061678e+00
-2.167670595399165734e+00
-2.167670607824921269e+00
-2.167670620231862522e+00
-2.167670632649459250e+00
-2.167670645058063172e+00
-2.167670657467495321e+00
-2.167670669877758360e+00
-2.167670682288852291e+00
-2.167670694690950750e+00
-2.167670707093876992e+00
-2.167670719487803321e+00
-2.167670731892390457e+00
-2.167670744287975459e+00
-2.167670756674560106e+00
-2.167670769071803338e+00
-2.167670781460044438e+00
-2.167670793849112876e+00
-2.167670806239010428e+00
-2.167670818619903184e+00
-2.167670831001622833e+00
-2.167670843384169821e+00
-2.167670855757708459e+00
-2.167670868141911011e+00
-2.167670880517104770e+00
-2.167670892883288847e+00
-2.167670905260135505e+00
-2.167670917627971150e+00
-2.167670929996633244e+00
-2.167670942356280328e+00
-2.167670954716752973e+00
-2.167670967078052513e+00
-2.167670979440176282e+00
-2.167670991793284152e+00
-2.167671004147218028e+00
-2.167671016501974801e+00
-2.167671028857556248e+00
-2.167671041204118687e+00
-2.167671053551505800e+00
-2.167671065899716254e+00
-2.167671078238903704e+00
-2.167671090578914939e+00
-2.167671102919749071e+00
-2.167671115261408321e+00
-2.167671127594040126e+00
-2.167671139927495716e+00
-2.167671152261773759e+00
-2.167671164587023025e+00
-2.167671176922948195e+00
-2.167671189239988028e+00
-2.167671201567704653e+00
-2.167671213886388060e+00
-2.167671226215750924e+00
-2.167671238526222233e+00
-2.167671250847372111e+00
-2.167671263159484774e+00
-2.167671275472420334e+00
-2.167671287786177015e+00
-2.167671300090893816e+00
-2.167671312396431293e+00
-2.167671324702790336e+00
-2.167671337000107723e+00
-2.167671349308108564e+00
-2.167671361607064195e+00
-2.167671373896977727e+00
-2.167671386197575156e+00
-2.167671398489126489e+00
-2.167671410781497610e+00
-2.167671423074687631e+00
-2.167671435358829779e+00
-2.167671447643791716e+00
-2.167671459929570776e+00
-2.167671472206300631e+00
-2.167671484483847166e+00
-2.167671496762212602e+00
-2.167671509041394717e+00
-2.167671521311524518e+00
-2.167671533582471000e+00
-2.167671545854235049e+00
-2.167671558126816223e+00
-2.167671570390338864e+00
-2.167671582654679518e+00
-2.167671594919837297e+00
-2.167671607175935211e+00
-2.167671619432847585e+00
-2.167671631690578415e+00
-2.167671643949123705e+00
-2.167671656198606023e+00
-2.167671668448903244e+00
-2.167671680700016701e+00
-2.167671692942064521e+00
-2.167671705184927688e+00
-2.167671717428603095e+00
-2.167671729673093850e+00
-2.167671741908516747e+00
-2.167671754144751439e+00
-2.167671766381802811e+00
-2.167671778619666423e+00
-2.167671790848459068e+00
-2.167671803078063952e+00
-2.167671815308483296e+00
-2.167671827529828121e+00
-2.167671839751984297e+00
-2.167671851974953157e+00
-2.167671864198735143e+00
-2.167671876413440835e+00
-2.167671888628956545e+00
-2.167671900845283606e+00
-2.167671913062424238e+00
-2.167671925270483690e+00
-2.167671937479354050e+00
-2.167671949689034872e+00
-2.167671961889633181e+00
-2.167671974091041953e+00
-2.167671986293259412e+00
-2.167671998496289110e+00
-2.167672010690231410e+00
-2.167672022884984617e+00
-2.167672035080546511e+00
-2.167672047267018787e+00
-2.167672059454301525e+00
-2.167672071642392062e+00
-2.167672083831292618e+00
-2.167672096011100002e+00
-2.167672108191717850e+00
-2.167672120373141276e+00
-2.167672132555375164e+00
-2.167672144728510997e+00
-2.167672156902456404e+00
-2.167672169077209610e+00
-2.167672181242862539e+00
-2.167672193419232229e+00
-2.167672205586502976e+00
-2.167672217744669894e+00
-2.167672229913553572e+00
-2.167672242073334310e+00
-2.167672254233922402e+00
-2.167672266385404889e+00
-2.167672278537693398e+00
-2.167672290690787928e+00
-2.167672302844688037e+00
-2.167672314999395056e+00
-2.167672327144995137e+00
-2.167672339291397243e+00
-2.167672351428690192e+00
-2.167672363576703898e+00
-2.167672375715604893e+00
-2.167672387855311911e+00
-2.167672399985905329e+00
-2.167672412127221726e+00
-2.167672424259421859e+00
-2.167672436382506174e+00
-2.167672448516316575e+00
-2.167672460641006715e+00
-2.167672472766500658e+00
-2.167672484892798401e+00
-2.167672497009975885e+00
-2.167672509127954950e+00
-2.167672521246737816e+00
-2.167672533356396425e+00
-2.167672545476785118e+00
-2.167672557588049109e+00
-2.167672569700114238e+00
-2.167672581803052889e+00
-2.167672593906793566e+00
-2.167672606011335379e+00
-2.167672618116677885e+00
-2.167672630212892138e+00
-2.167672642309904862e+00
-2.167672654407720501e+00
-2.167672666506335499e+00
-2.167672678595818692e+00
-2.167672690686100800e+00
-2.167672702777183602e+00
-2.167672714869067097e+00
-2.167672726951813011e+00
-2.167672739035358731e+00
-2.167672751109765983e+00
-2.167672763194913532e+00
-2.167672775270916397e+00
-2.167672787347720842e+00
-2.167672799425323760e+00
-2.167672811493783325e+00
-2.167672823563044471e+00
-2.167672835633098760e+00
-2.167672847694011917e+00
-2.167672859765663596e+00
-2.167672871828171477e+00
-2.167672883881529344e+00
-2.167672895945631950e+00
-2.167672908000584542e+00
-2.167672920056334274e+00
-2.167672932112880257e+00
-2.167672944160274451e+00
-2.167672956208465340e+00
-2.167672968257453814e+00
-2.167672980307238539e+00
-2.167672992347865257e+00
-2.167673004389289559e+00
-2.167673016431509225e+00
-2.167673028464570884e+00
-2.167673040508383497e+00
-2.167673052543034107e+00
-2.167673064568524488e+00
-2.167673076604767601e+00
-2.167673088631848266e+00
-2.167673100659721630e+00
-2.167673112678433434e+00
-2.167673124707895305e+00
-2.167673136728193839e+00
-2.167673148749285073e+00
-2.167673160761210305e+00
-2.167673172783888713e+00
-2.167673184797400232e+00
-2.167673196811703562e+00
-2.167673208816837338e+00
-2.167673220822763369e+00
-2.167673232829480767e+00
-2.167673244836991309e+00
-2.167673256835328299e+00
-2.167673268844424683e+00
-2.167673280834376826e+00
-2.167673292835088361e+00
-2.167673304826623681e+00
-2.167673316828917951e+00
-2.167673328812065758e+00
-2.167673340805973847e+00
-2.167673352790701724e+00
-2.167673364776219636e+00
-2.167673376762527582e+00
-2.167673388749626895e+00
-2.167673400727543331e+00
-2.167673412706249803e+00
-2.167673424685743644e+00
-2.167673436656053276e+00
-2.167673448627152499e+00
-2.167673460599037760e+00
-2.167673472571714832e+00
-2.167673484535202366e+00
-2.167673496499476826e+00
-2.167673508464540877e+00
-2.167673520430392298e+00
-2.167673532387053292e+00
-2.167673544344498548e+00
-2.167673556302735172e+00
-2.167673568261756056e+00
-2.167673580211584738e+00
-2.167673592162197682e+00
-2.167673604113599328e+00
-2.167673616055801666e+00
-2.167673627998790931e+00
-2.167673639942564900e+00
-2.167673651887127573e+00
-2.167673663822487384e+00
-2.167673675768621244e+00
-2.167673687695563345e+00
-2.167673699633280826e+00
-2.167673711561791894e+00
-2.167673723501081007e+00
-2.167673735421171255e+00
-2.167673747352038660e+00
-2.167673759273696543e+00
-2.167673771196140908e+00
-2.167673783119368203e+00
-2.167673795043379759e+00
-2.167673806958181792e+00
-2.167673818873766756e+00
-2.167673830790134204e+00
-2.167673842697288578e+00
-2.167673854605224548e+00
-2.167673866513944780e+00
-2.167673878423448386e+00
-2.167673890323734920e+00
-2.167673902234803940e+00
-2.167673914126653223e+00
-2.167673926029284548e+00
-2.167673937922698357e+00
-2.167673949826894653e+00
-2.167673961711866326e+00
-2.167673973607623594e+00
-2.167673985494158018e+00
-2.167673997381472706e+00
-2.167674009269568103e+00
-2.167674021158445541e+00
-2.167674033038093917e+00
-2.167674044918524334e+00
-2.167674056799735016e+00
-2.167674068671715748e+00
-2.167674080554486071e+00
-2.167674092428026889e+00
-2.167674104292335535e+00
-2.167674116167435550e+00
-2.167674128033300729e+00
-2.167674139899945729e+00
-2.167674151767369661e+00
-2.167674163625557426e+00
-2.167674175484524124e+00
-2.167674187344270198e+00
-2.167674199204792540e+00
-2.167674211056073386e+00
-2.167674222908135384e+00
-2.167674234760974539e+00
-2.167674246614591294e+00
-2.167674258458964776e+00
-2.167674270304117634e+00
-2.167674282150043208e+00
-2.167674293986727285e+00
-2.167674305834208948e+00
-2.167674317672443340e+00
-2.167674329501431352e+00
-2.167674341341218724e+00
-2.167674353171757495e+00
-2.167674365003071202e+00
-2.167674376835162064e+00
-2.167674388658000328e+00
-2.167674400491642395e+00
-2.167674412316030086e+00
-2.167674424131163846e+00
-2.167674435957102741e+00
-2.167674447773785040e+00
-2.167674459591242719e+00
-2.167674471399441138e+00
-2.167674483218446913e+00
-2.167674495028193427e+00
-2.167674506838714876e+00
-2.167674518650009041e+00
-2.167674530452041282e+00
-2.167674542254846681e+00
-2.167674554058424796e+00
-2.167674565852739654e+00
-2.167674577657864088e+00
-2.167674589453723044e+00
-2.167674601250353827e+00
-2.167674613037718245e+00
-2.167674624835895347e+00
-2.167674636624802087e+00
-2.167674648404439797e+00
-2.167674660194889302e+00
-2.167674671976066669e+00
-2.167674683758019860e+00
-2.167674695540739549e+00
-2.167674707324234173e+00
-2.167674719098450442e+00
-2.167674730873438982e+00
-2.167674742649198016e+00
-2.167674754415678251e+00
-2.167674766182928092e+00
-2.167674777950948872e+00
-2.167674789719740147e+00
-2.167674801479248625e+00
-2.167674813249579557e+00
-2.167674825000574845e+00
-2.167674836762392143e+00
-2.167674848524979492e+00
-2.167674860278278715e+00
-2.167674872032349320e+00
-2.167674883777131800e+00
-2.167674895532739399e+00
-2.167674907279057539e+00
-2.167674919026143954e+00
-2.167674930763942243e+00
-2.167674942512563430e+00
-2.167674954251893382e+00
-2.167674965991991609e+00
-2.167674977722795049e+00
-2.167674989464429380e+00
-2.167675001196765372e+00
-2.167675012929870970e+00
-2.167675024653678229e+00
-2.167675036388314602e+00
-2.167675048113654857e+00
-2.167675059839760721e+00
-2.167675071556565136e+00
-2.167675083274135162e+00
-2.167675094992470353e+00
-2.167675106711571598e+00
-2.167675118431438008e+00
-2.167675130142000306e+00
-2.167675141853325549e+00
-2.167675153565415958e+00
-2.167675165268201365e+00
-2.167675176981821217e+00
-2.167675188686133403e+00
-2.167675200391210755e+00
-2.167675212086977332e+00
-2.167675223783509075e+00
-2.167675235480799767e+00
-2.167675247178854736e+00
-2.167675258877675759e+00
-2.167675270567181123e+00
-2.167675282257449876e+00
-2.167675293948481130e+00
-2.167675305630195837e+00
-2.167675317312671268e+00
-2.167675328995910089e+00
-2.167675340679910523e+00
-2.167675352364673902e+00
-2.167675364040114516e+00
-2.167675375716318964e+00
-2.167675387383198427e+00
-2.167675399060924324e+00
-2.167675410729327012e+00
-2.167675422398490426e+00
-2.167675434068412343e+00
-2.167675445729009276e+00
-2.167675457390367821e+00
-2.167675469052483095e+00
-2.167675480715360425e+00
-2.167675492378996704e+00
-2.167675504033304446e+00
-2.167675515688369803e+00
-2.167675527334104846e+00
-2.167675538990687656e+00
-2.167675550637938375e+00
-2.167675562285948931e+00
-2.167675573934717104e+00
-2.167675585574150521e+00
-2.167675597214339778e+00
-2.167675608855287983e+00
-2.167675620496993805e+00
-2.167675632129361318e+00
-2.167675643762485116e+00
-2.167675655396367418e+00
-2.167675667031004672e+00
-2.167675678656300509e+00
-2.167675690292452551e+00
-2.167675701919265396e+00
-2.167675713536727944e+00
-2.167675725165050249e+00
-2.167675736784027141e+00
-2.167675748403758540e+00
-2.167675760014143638e+00
-2.167675771635387161e+00
-2.167675783247279941e+00
-2.167675794859930782e+00
-2.167675806473337019e+00
-2.167675818077388517e+00
-2.167675829682194077e+00
-2.167675841287756366e+00
-2.167675852894072275e+00
-2.167675864491033888e+00
-2.167675876088748677e+00
-2.167675887687217084e+00
-2.167675899286439556e+00
-2.167675910876303735e+00
-2.167675922466920202e+00
-2.167675934058290288e+00
-2.167675945650415770e+00
-2.167675957233174966e+00
-2.167675968826804578e+00
-2.167675980411073233e+00
-2.167675991985974715e+00
-2.167676003571745724e+00
-2.167676015148152224e+00
-2.167676026725310123e+00
-2.167676038293099516e+00
-2.167676049871761101e+00
-2.167676061441055513e+00
-2.167676073011097326e+00
-2.167676084581893203e+00
-2.167676096143317910e+00
-2.167676107705490018e+00
-2.167676119268415746e+00
-2.167676130832090209e+00
-2.167676142386389948e+00
-2.167676153951565876e+00
-2.167676165507365749e+00
-2.167676177053787789e+00
-2.167676188611087795e+00
-2.167676200159009081e+00
-2.167676211707678657e+00
-2.167676223257098300e+00
-2.167676234797136559e+00
-2.167676246337923551e+00
-2.167676257879456614e+00
-2.167676269421740631e+00
-2.167676280954638823e+00
-2.167676292498418533e+00
-2.167676304032814194e+00
-2.167676315557820033e+00
-2.167676327093711386e+00
-2.167676338620212917e+00
-2.167676350147461406e+00
-2.167676361675458629e+00
-2.167676373194062922e+00
-2.167676384713413729e+00
-2.167676396233510605e+00
-2.167676407754355772e+00
-2.167676419275946564e+00
-2.167676430788140873e+00
-2.167676442301084805e+00
-2.167676453814772586e+00
-2.167676465319060330e+00
-2.167676476834241583e+00
-2.167676488340022356e+00
-2.167676499836400428e+00
-2.167676511343671564e+00
-2.167676522841539555e+00
-2.167676534340154948e+00
-2.167676545839511082e+00
-2.167676557339616394e+00
-2.167676568830313677e+00
-2.167676580321755253e+00
-2.167676591813940234e+00
-2.167676603296717630e+00
-2.167676614790392531e+00
-2.167676626274656293e+00
-2.167676637759664793e+00
-2.167676649235260822e+00
-2.167676660721755688e+00
-2.167676672198838528e+00
-2.167676683676663441e+00
-2.167676695145073662e+00
-2.167676706624384053e+00
-2.167676718094277089e+00
-2.167676729564913973e+00
-2.167676741026133058e+00
-2.167676752498254089e+00
-2.167676763960955544e+00
-2.167676775424397739e+00
-2.167676786878418138e+00
-2.167676798343344480e+00
-2.167676809798848137e+00
-2.167676821255092534e+00
-2.167676832712077672e+00
-2.167676844159635685e+00
-2.167676855607935771e+00
-2.167676867056975709e+00
-2.167676878506754168e+00
-2.167676889947105501e+00
-2.167676901398367217e+00
-2.167676912840195591e+00
-2.167676924272595507e+00
-2.167676935715904918e+00
-2.167676947149782318e+00
-2.167676958584396907e+00
-2.167676970019750904e+00
-2.167676981445671558e+00
-2.167676992882503040e+00
-2.167677004309897626e+00
-2.167677015727855316e+00
-2.167677027156729164e+00
-2.167677038576161230e+00
-2.167677049996331817e+00
-2.167677061417238704e+00
-2.167677072838884555e+00
-2.167677084251088182e+00
-2.167677095664028553e+00
-2.167677107077704779e+00
-2.167677118492118193e+00
-2.167677129897086274e+00
-2.167677141302791100e+00
-2.167677152709230892e+00
-2.167677164116409205e+00
-2.167677175514136412e+00
-2.167677186912598586e+00
-2.167677198311797504e+00
-2.167677209711732722e+00
-2.167677221102212837e+00
-2.167677232493431028e+00
-2.167677243885382854e+00
-2.167677255278068760e+00
-2.167677266671490965e+00
-2.167677278055456291e+00
-2.167677289440155697e+00
-2.167677300825591402e+00
-2.167677312201566675e+00
-2.167677323578275139e+00
-2.167677334955717239e+00
-2.167677346333892086e+00
-2.167677357712801900e+00
-2.167677369082248617e+00
-2.167677380452428526e+00
-2.167677391823340294e+00
-2.167677403184788076e+00
-2.167677414557168003e+00
-2.167677425920079060e+00
-2.167677437283722863e+00
-2.167677448637898241e+00
-2.167677460003007539e+00
-2.167677471358645747e+00
-2.167677482715015369e+00
-2.167677494072119071e+00
-2.167677505419747241e+00
-2.167677516768108159e+00
-2.167677528117198271e+00
-2.167677539467019798e+00
-2.167677550807366682e+00
-2.167677562148442760e+00
-2.167677573490249365e+00
-2.167677584832786053e+00
-2.167677596176053711e+00
-2.167677607509840954e+00
-2.167677618844356946e+00
-2.167677630179605242e+00
-2.167677641505370012e+00
-2.167677652842075808e+00
-2.167677664169298524e+00
-2.167677675497249989e+00
-2.167677686815714821e+00
-2.167677698145125120e+00
-2.167677709465047453e+00
-2.167677720785697204e+00
-2.167677732096858545e+00
-2.167677743418966241e+00
-2.167677754731582418e+00
-2.167677766044926901e+00
-2.167677777348780310e+00
-2.167677788663579630e+00
-2.167677799968886099e+00
-2.167677811274918209e+00
-2.167677822581677738e+00
-2.167677833878942639e+00
-2.167677845176931850e+00
-2.167677856485874521e+00
-2.167677867775090750e+00
-2.167677879075260439e+00
-2.167677890365931059e+00
-2.167677901657324213e+00
-2.167677912949443453e+00
-2.167677924242290999e+00
-2.167677935525632371e+00
-2.167677946809701162e+00
-2.167677958094494262e+00
-2.167677969380010783e+00
-2.167677980656021575e+00
-2.167677991932755788e+00
-2.167678003210216531e+00
-2.167678014488400251e+00
-2.167678025757072469e+00
-2.167678037036708361e+00
-2.167678048306829641e+00
-2.167678059567436311e+00
-2.167678070839006210e+00
-2.167678082101060166e+00
-2.167678093363837988e+00
-2.167678104627338787e+00
-2.167678115891563451e+00
-2.167678127146270395e+00
-2.167678138401697652e+00
-2.167678149657848774e+00
-2.167678160914723762e+00
-2.167678172162077033e+00
-2.167678183410151949e+00
-2.167678194658949398e+00
-2.167678205908468048e+00
-2.167678217148462316e+00
-2.167678228399423812e+00
-2.167678239630613568e+00
-2.167678250872770995e+00
-2.167678262115650956e+00
-2.167678273349001206e+00
-2.167678284583073101e+00
-2.167678295817865308e+00
-2.167678307043126917e+00
-2.167678318279358418e+00
-2.167678329506061097e+00
-2.167678340733481868e+00
-2.167678351951368931e+00
-2.167678363180229439e+00
-2.167678374399553576e+00
-2.167678385619597581e+00
-2.167678396840362787e+00
-2.167678408051588068e+00
-2.167678419263532330e+00
-2.167678430476195572e+00
-2.167678441689576019e+00
-2.167678452903676778e+00
-2.167678464108234948e+00
-2.167678475313510766e+00
-2.167678486519505121e+00
-2.167678497715954222e+00
-2.167678508923383873e+00
-2.167678520121267383e+00
-2.167678531319868540e+00
-2.167678542508921780e+00
-2.167678553708957789e+00
-2.167678564899443217e+00
-2.167678576090645848e+00
-2.167678587282566127e+00
-2.167678598464933160e+00
-2.167678609658285627e+00
-2.167678620842085735e+00
-2.167678632016331264e+00
-2.167678643201561339e+00
-2.167678654377237724e+00
-2.167678665553629980e+00
-2.167678676730734111e+00
-2.167678687908554558e+00
-2.167678699076818205e+00
-2.167678710245794615e+00
-2.167678721415485565e+00
-2.167678732585892387e+00
-2.167678743746735304e+00
-2.167678754918570760e+00
-2.167678766080842756e+00
-2.167678777233549958e+00
-2.167678788397249701e+00
-2.167678799551383317e+00
-2.167678810706228809e+00
-2.167678821861789284e+00
-2.167678833018062079e+00
-2.167678844164766083e+00
-2.167678855312181518e+00
-2.167678866460311049e+00
-2.167678877609152899e+00
-2.167678888748420629e+00
-2.167678899898688449e+00
-2.167678911039381262e+00
-2.167678922170497735e+00
-2.167678933312614298e+00
-2.167678944445155409e+00
-2.167678955578405287e+00
-2.167678966712368815e+00
-2.167678977847042887e+00
-2.167678988972136178e+00
-2.167679000097940900e+00
-2.167679011224455277e+00
-2.167679022351680640e+00
-2.167679033469324335e+00
-2.167679044597971671e+00
-2.167679055717034231e+00
-2.167679066826511125e+00
-2.167679077946993438e+00
-2.167679089057888309e+00
-2.167679100169491946e+00
-2.167679111281807014e+00
-2.167679122394830848e+00
-2.167679133498263244e+00
-2.167679144602405295e+00
-2.167679155707253891e+00
-2.167679166812813474e+00
-2.167679177908778065e+00
-2.167679189005450979e+00
-2.167679200102832215e+00
-2.167679211200920442e+00
-2.167679222299717878e+00
-2.167679233388916771e+00
-2.167679244478823541e+00
-2.167679255569437746e+00
-2.167679266660758941e+00
-2.167679277742479371e+00
-2.167679288824905903e+00
-2.167679299908038981e+00
-2.167679310991879493e+00
-2.167679322066114800e+00
-2.167679333151369292e+00
-2.167679344227020355e+00
-2.167679355293058663e+00
-2.167679366370118377e+00
-2.167679377437570221e+00
-2.167679388505727722e+00
-2.167679399574590882e+00
-2.167679410644160587e+00
-2.167679421704114873e+00
-2.167679432775093229e+00
-2.167679443836459718e+00
-2.167679454888212565e+00
-2.167679465950987705e+00
-2.167679477004147870e+00
-2.167679488058012360e+00
-2.167679499112580288e+00
-2.167679510167851653e+00
-2.167679521213505822e+00
-2.167679532259862540e+00
-2.167679543306923140e+00
-2.167679554354688065e+00
-2.167679565392828689e+00
-2.167679576431672750e+00
-2.167679587471218472e+00
-2.167679598511469408e+00
-2.167679609552421116e+00
-2.167679620583747635e+00
-2.167679631615777591e+00
-2.167679642648508320e+00
-2.167679653681940710e+00
-2.167679664705744358e+00
-2.167679675730249222e+00
-2.167679686755456192e+00
-2.167679697781362158e+00
-2.167679708797638938e+00
-2.167679719824949114e+00
-2.167679730842626107e+00
-2.167679741861004761e+00
-2.167679752869745791e+00
-2.167679763889525546e+00
-2.167679774899667233e+00
-2.167679785910510581e+00
-2.167679796911712753e+00
-2.167679807923954982e+00
-2.167679818926556923e+00
-2.167679829929858304e+00
-2.167679840933860014e+00
-2.167679851928216994e+00
-2.167679862933617141e+00
-2.167679873929372558e+00
-2.167679884925826528e+00
-2.167679895912634436e+00
-2.167679906910486842e+00
-2.167679917898690078e+00
-2.167679928887592311e+00
-2.167679939877192208e+00
-2.167679950857142046e+00
-2.167679961848139936e+00
-2.167679972829485102e+00
-2.167679983811528377e+00
-2.167679994783915820e+00
-2.167680005767353091e+00
-2.167680016741137194e+00
-2.167680027715615410e+00
-2.167680038690792177e+00
-2.167680049656311780e+00
-2.167680060622525051e+00
-2.167680071589435986e+00
-2.167680082557044141e+00
-2.167680093525346408e+00
-2.167680104483987069e+00
-2.167680115453683776e+00
-2.167680126403357832e+00
-2.167680137364087045e+00
-2.167680148325509926e+00
-2.167680159277270313e+00
-2.167680170229722147e+00
-2.167680181182870758e+00
-2.167680192126350658e+00
-2.167680203080889711e+00
-2.167680214025756946e+00
-2.167680224971321401e+00
-2.167680235917577747e+00
-2.167680246854162274e+00
-2.167680257791440468e+00
-2.167680268729413218e+00
-2.167680279668078303e+00
-2.167680290607437943e+00
-2.167680301537121323e+00
-2.167680312467496151e+00
-2.167680323398565090e+00
-2.167680334330328140e+00
-2.167680345252411378e+00
-2.167680356185558210e+00
-2.167680367109024786e+00
-2.167680378022809773e+00
-2.167680388947660575e+00
-2.167680399862830232e+00
-2.167680410789066148e+00
-2.167680421695239890e+00
-2.167680432612484331e+00
-2.167680443530418444e+00
-2.167680454438666082e+00
-2.167680465347604724e+00
-2.167680476257234368e+00
-2.167680487157173985e+00
-2.167680498068184303e+00
-2.167680508969505038e+00
-2.167680519871516331e+00
-2.167680530763833602e+00
-2.167680541667223348e+00
-2.167680552560919960e+00
-2.167680563455308018e+00
-2.167680574350382194e+00
-2.167680585235760127e+00
-2.167680596132215864e+00
-2.167680607018971806e+00
-2.167680617906416973e+00
-2.167680628794552700e+00
-2.167680639672985965e+00
-2.167680650552106680e+00
-2.167680661431917510e+00
-2.167680672312415791e+00
-2.167680683193602853e+00
-2.167680694065083902e+00
-2.167680704937253733e+00
-2.167680715810110570e+00
-2.167680726683655745e+00
-2.167680737547490466e+00
-2.167680748422411874e+00
-2.167680759287622383e+00
-2.167680770153519010e+00
-2.167680781009706070e+00
-2.167680791876977153e+00
-2.167680802734535561e+00
-2.167680813592780531e+00
-2.167680824441311049e+00
-2.167680835300929143e+00
-2.167680846150830121e+00
-2.167680857001416328e+00
-2.167680867852689985e+00
-2.167680878704647540e+00
-2.167680889546887535e+00
-2.167680900389811427e+00
-2.167680911233419661e+00
-2.167680922077714012e+00
-2.167680932922691817e+00
-2.167680943757948508e+00
-2.167680954593889098e+00
-2.167680965430513140e+00
-2.167680976257412517e+00
-2.167680987095404799e+00
-2.167680997923671526e+00
-2.167681008752622152e+00
-2.167681019582254009e+00
-2.167681030402158093e+00
-2.167681041233158190e+00
-2.167681052054428736e+00
-2.167681062876380071e+00
-2.167681073688599191e+00
-2.167681084511918321e+00
-2.167681095325501683e+00
-2.167681106139768943e+00
-2.167681116954716547e+00
-2.167681127770348493e+00
-2.167681138576242894e+00
-2.167681149382816308e+00
-2.167681160190074952e+00
-2.167681170998013052e+00
-2.167681181796210055e+00
-2.167681192605511953e+00
-2.167681203405074530e+00
-2.167681214194888462e+00
-2.167681224995810396e+00
-2.167681235786985905e+00
-2.167681246589270305e+00
-2.167681257381807391e+00
-2.167681268164598052e+00
-2.167681278958495827e+00
-2.167681289742645401e+00
-2.167681300527474875e+00
-2.167681311312982917e+00
-2.167681322099172636e+00
-2.167681332875608824e+00
-2.167681343663157456e+00
-2.167681354440950781e+00
-2.167681365208991906e+00
-2.167681375988144588e+00
-2.167681386757541961e+00
-2.167681397527614795e+00
-2.167681408298368417e+00
-2.167681419069800164e+00
-2.167681429841911367e+00
-2.167681440604260601e+00
-2.167681451367287515e+00
-2.167681462130995662e+00
-2.167681472884938731e+00
-2.167681483649999574e+00
-2.167681494405296228e+00
-2.167681505161271449e+00
-2.167681515917922574e+00
-2.167681526664807734e+00
-2.167681537422813776e+00
-2.167681548171051187e+00
-2.167681558919965834e+00
-2.167681569659109186e+00
-2.167681580409376974e+00
-2.167681591149873022e+00
-2.167681601891043197e+00
-2.167681612632891941e+00
-2.167681623364963173e+00
-2.167681634108163280e+00
-2.167681644841587207e+00
-2.167681655575685706e+00
-2.167681666310459665e+00
-2.167681677035456111e+00
-2.167681687771580989e+00
-2.167681698497927023e+00
-2.167681709214490660e+00
-2.167681719942184948e+00
-2.167681730670553364e+00
-2.167681741389139383e+00
-2.167681752108399973e+00
-2.167681762828333802e+00
-2.167681773538482570e+00
-2.167681784259764211e+00
-2.167681794971256792e+00
-2.167681805683427498e+00
-2.167681816385806037e+00
-2.167681827099321001e+00
-2.167681837803046019e+00
-2.167681848507442055e+00
-2.167681859212512219e+00
-2.167681869918255178e+00
-2.167681880614203305e+00
-2.167681891321291410e+00
-2.167681902018584683e+00
-2.167681912706081349e+00
-2.167681923404718880e+00
-2.167681934093558915e+00
-2.167681944783068193e+00
-2.167681955473251154e+00
-2.167681966164104246e+00
-2.167681976855628356e+00
-2.167681987537351862e+00
-2.167681998219746831e+00
-2.167682008902811930e+00
-2.167682019586547160e+00
-2.167682030260477344e+00
-2.167682040935078103e+00
-2.167682051610348992e+00
-2.167682062286289568e+00
-2.167682072962900719e+00
-2.167682083629703715e+00
-2.167682094297174178e+00
-2.167682104965316103e+00
-2.167682115634126383e+00
-2.167682126303606349e+00
-2.167682136963272832e+00
-2.167682147623609445e+00
-2.167682158284614413e+00
-2.167682168946288179e+00
-2.167682179598145353e+00
-2.167682190250669994e+00
-2.167682200903864320e+00
-2.167682211557725225e+00
-2.167682222212254484e+00
-2.167682232856965374e+00
-2.167682243502341954e+00
-2.167682254148386889e+00
-2.167682264795097957e+00
-2.167682275442477824e+00
-2.167682286080033993e+00
-2.167682296718256296e+00
-2.167682307357145621e+00
-2.167682317996700192e+00
-2.167682328626429733e+00
-2.167682339267317904e+00
-2.167682349898380600e+00
-2.167682360530107211e+00
-2.167682371152005683e+00
-2.167682381785062784e+00
-2.167682392408290415e+00
-2.167682403032184180e+00
-2.167682413656742746e+00
-2.167682424271466957e+00
-2.167682434897355570e+00
-2.167682445513410716e+00
-2.167682456130128443e+00
-2.167682466747510972e+00
-2.167682477355057813e+00
-2.167682487963266791e+00
-2.167682498582644612e+00
-2.167682509181676487e+00
-2.167682519791877205e+00
-2.167682530402742280e+00
-2.167682541003765451e+00
-2.167682551605453867e+00
-2.167682562207802199e+00
-2.167682572810815333e+00
-2.167682583403982566e+00
-2.167682593997812379e+00
-2.167682604592304774e+00
-2.167682615187459305e+00
-2.167682625783276862e+00
-2.167682636369244520e+00
-2.167682646955876535e+00
-2.167682657543168467e+00
-2.167682668131122092e+00
-2.167682678709223154e+00
-2.167682689298502385e+00
-2.167682699877925945e+00
-2.167682710458012085e+00
-2.167682721028241222e+00
-2.167682731609648972e+00
-2.167682742181200162e+00
-2.167682752753411712e+00
-2.167682763326283180e+00
-2.167682773899816340e+00
-2.167682784463488055e+00
-2.167682795038342380e+00
-2.167682805603334817e+00
-2.167682816158463588e+00
-2.167682826724775413e+00
-2.167682837281222685e+00
-2.167682847848855232e+00
-2.167682858406621005e+00
-2.167682868954520004e+00
-2.167682879513604277e+00
-2.167682890062820888e+00
-2.167682900623225439e+00
-2.167682911163229420e+00
-2.167682921714421340e+00
-2.167682932266271401e+00
-2.167682942808252466e+00
-2.167682953350888120e+00
-2.167682963894183690e+00
-2.167682974438136068e+00
-2.167682984972211457e+00
-2.167682995517482780e+00
-2.167683006052874006e+00
-2.167683016578387356e+00
-2.167683027115094418e+00
-2.167683037652457845e+00
-2.167683048179941174e+00
-2.167683058708082200e+00
-2.167683069236878701e+00
-2.167683079755792441e+00
-2.167683090285903003e+00
-2.167683100806129026e+00
-2.167683111327011414e+00
-2.167683121848551053e+00
-2.167683132360201270e+00
-2.167683142883051417e+00
-2.167683153396013918e+00
-2.167683163909633226e+00
-2.167683174413358671e+00
-2.167683184928287154e+00
-2.167683195433322663e+00
-2.167683205939014979e+00
-2.167683216445362326e+00
-2.167683226952362041e+00
-2.167683237460017676e+00
-2.167683247957777670e+00
-2.167683258456192696e+00
-2.167683268955260978e+00
-2.167683279454983403e+00
-2.167683289944807523e+00
-2.167683300435284455e+00
-2.167683310926414197e+00
-2.167683321418198528e+00
-2.167683331910636557e+00
-2.167683342393170953e+00
-2.167683352886915049e+00
-2.167683363370756400e+00
-2.167683373844690120e+00
-2.167683384329835761e+00
-2.167683394815635545e+00
-2.167683405291527698e+00
-2.167683415768070443e+00
-2.167683426245266443e+00
-2.167683436712551259e+00
-2.167683447180488887e+00
-2.167683457659641100e+00
-2.167683468128880353e+00
-2.167683478588207979e+00
-2.167683489058749746e+00
-2.167683499519378110e+00
-2.167683509980657064e+00
-2.167683520442586609e+00
-2.167683530905167189e+00
-2.167683541368398803e+00
-2.167683551821712129e+00
-2.167683562275675158e+00
-2.167683572730288333e+00
-2.167683583185551655e+00
-2.167683593630894023e+00
-2.167683604087457194e+00
-2.167683614534098524e+00
-2.167683624981389112e+00
-2.167683635418753862e+00
-2.167683645867343412e+00
-2.167683656306006235e+00
-2.167683666745317428e+00
-2.167683677185277880e+00
-2.167683687625886702e+00
-2.167683698056567465e+00
-2.167683708498473472e+00
-2.167683718930449643e+00
-2.167683729352492872e+00
-2.167683739785766672e+00
-2.167683750219685734e+00
-2.167683760643672741e+00
-2.167683771068306342e+00
-2.167683781493587869e+00
-2.167683791908932456e+00
-2.167683802335508059e+00
-2.167683812752146721e+00
-2.167683823169431534e+00
-2.167683833587362940e+00
-2.167683843995354742e+00
-2.167683854414578892e+00
-2.167683864823862994e+00
-2.167683875233791468e+00
-2.167683885644367425e+00
-2.167683896044998892e+00
-2.167683906456866705e+00
-2.167683916858787807e+00
-2.167683927261355947e+00
-2.167683937664570237e+00
-2.167683948057834264e+00
-2.167683958462337301e+00
-2.167683968856894072e+00
-2.167683979252092108e+00
-2.167683989647934961e+00
-2.167684000033826663e+00
-2.167684010430960484e+00
-2.167684020818139601e+00
-2.167684031205964867e+00
-2.167684041594432287e+00
-2.167684051972944115e+00
-2.167684062352098984e+00
-2.167684072742499524e+00
-2.167684083122943139e+00
-2.167684093493424502e+00
-2.167684103875154200e+00
-2.167684114246921645e+00
-2.167684124619332575e+00
-2.167684134992386102e+00
-2.167684145366082227e+00
-2.167684155740423613e+00
-2.167684166104796084e+00
-2.167684176469815149e+00
-2.167684186835474591e+00
-2.167684197201776186e+00
-2.167684207558107978e+00
-2.167684217925695211e+00
-2.167684228283310865e+00
-2.167684238641569561e+00
-2.167684248989855345e+00
-2.167684259349396125e+00
-2.167684269698963995e+00
-2.167684280049172685e+00
-2.167684290400022196e+00
-2.167684300751512527e+00
-2.167684311093027283e+00
-2.167684321445799700e+00
-2.167684331788594765e+00
-2.167684342132029762e+00
-2.167684352476105136e+00
-2.167684362810200938e+00
-2.167684373144934895e+00
-2.167684383480309229e+00
-2.167684393816323052e+00
-2.167684404152976363e+00
-2.167684414490270051e+00
-2.167684424817578392e+00
-2.167684435145526223e+00
-2.167684445474112653e+00
-2.167684455803338128e+00
-2.167684466122574705e+00
-2.167684476442449437e+00
-2.167684486773592489e+00
-2.167684497084116035e+00
-2.167684507405905237e+00
-2.167684517728334814e+00
-2.167684528040771053e+00
-2.167684538353842782e+00
-2.167684548667555333e+00
-2.167684558981904708e+00
-2.167684569286256746e+00
-2.167684579601881101e+00
-2.167684589907509007e+00
-2.167684600213772406e+00
-2.167684610510036247e+00
-2.167684620817574626e+00
-2.167684631115111671e+00
-2.167684641413285540e+00
-2.167684651712094013e+00
-2.167684662011540642e+00
-2.167684672300982829e+00
-2.167684682601702217e+00
-2.167684692892414944e+00
-2.167684703183764494e+00
-2.167684713465106938e+00
-2.167684723757727028e+00
-2.167684734040339123e+00
-2.167684744323586266e+00
-2.167684754607468456e+00
-2.167684764891985250e+00
-2.167684775177136647e+00
-2.167684785452276053e+00
-2.167684795728050950e+00
-2.167684806004459563e+00
-2.167684816281501448e+00
-2.167684826548527344e+00
-2.167684836826840655e+00
-2.167684847095134870e+00
-2.167684857364062800e+00
-2.167684867633624890e+00
-2.167684877893166995e+00
-2.167684888153341483e+00
-2.167684898424804718e+00
-2.167684908686246636e+00
-2.167684918937664129e+00
-2.167684929200371702e+00
-2.167684939453055293e+00
-2.167684949706369935e+00
-2.167684959960317848e+00
-2.167684970214897699e+00
-2.167684980470110379e+00
-2.167684990715294191e+00
-2.167685000961111719e+00
-2.167685011207557189e+00
-2.167685021454636818e+00
-2.167685031702348830e+00
-2.167685041940027091e+00
-2.167685052178336846e+00
-2.167685062417278541e+00
-2.167685072656851286e+00
-2.167685082897054638e+00
-2.167685093127221574e+00
-2.167685103358017784e+00
-2.167685113589446377e+00
-2.167685123821504689e+00
-2.167685134054193608e+00
-2.167685144276843001e+00
-2.167685154500121225e+00
-2.167685164724028279e+00
-2.167685174948567273e+00
-2.167685185173734652e+00
-2.167685195388858066e+00
-2.167685205615285771e+00
-2.167685215831669066e+00
-2.167685226038003066e+00
-2.167685236255642689e+00
-2.167685246473913363e+00
-2.167685256682133854e+00
-2.167685266890983620e+00
-2.167685277100461327e+00
-2.167685287299886632e+00
-2.167685297510621112e+00
-2.167685307711301412e+00
-2.167685317912612764e+00
-2.167685328114548504e+00
-2.167685338317114407e+00
-2.167685348509623466e+00
-2.167685358713444366e+00
-2.167685368907207977e+00
-2.167685379101600862e+00
-2.167685389285930242e+00
-2.167685399481575459e+00
-2.167685409667160279e+00
-2.167685419853370821e+00
-2.167685430040207084e+00
-2.167685440227671734e+00
-2.167685450415762993e+00
-2.167685460593788083e+00
-2.167685470772439782e+00
-2.167685480951718091e+00
-2.167685491131620346e+00
-2.167685501312150542e+00
-2.167685511482613681e+00
-2.167685521653698100e+00
-2.167685531825409129e+00
-2.167685541997744547e+00
-2.167685552170706575e+00
-2.167685562333596661e+00
-2.167685572497109359e+00
-2.167685582661248667e+00
-2.167685592826010144e+00
-2.167685602991398675e+00
-2.167685613146708601e+00
-2.167685623302643361e+00
-2.167685633459202510e+00
-2.167685643616383384e+00
-2.167685653774191312e+00
-2.167685663921916195e+00
-2.167685674080972014e+00
-2.167685684229944343e+00
-2.167685694379540173e+00
-2.167685704519052514e+00
-2.167685714669894015e+00
-2.167685724810650250e+00
-2.167685734952031318e+00
-2.167685745094032779e+00
-2.167685755236658629e+00
-2.167685765369195661e+00
-2.167685775513065405e+00
-2.167685785646845442e+00
-2.167685795781248537e+00
-2.167685805916272912e+00
-2.167685816041204028e+00
-2.167685826177472741e+00
-2.167685836303648195e+00
-2.167685846430444485e+00
-2.167685856557861168e+00
-2.167685866675182815e+00
-2.167685876803842948e+00
-2.167685886922404936e+00
-2.167685897041587317e+00
-2.167685907161391867e+00
-2.167685917271094276e+00
-2.167685927392139167e+00
-2.167685937503081917e+00
-2.167685947614645503e+00
-2.167685957726829038e+00
-2.167685967839631189e+00
-2.167685977942329423e+00
-2.167685988045646717e+00
-2.167685998160311378e+00
-2.167686008254139374e+00
-2.167686018359315625e+00
-2.167686028465110493e+00
-2.167686038560795225e+00
-2.167686048657099018e+00
-2.167686058754022316e+00
-2.167686068851564229e+00
-2.167686078938992011e+00
-2.167686089037770714e+00
-2.167686099126434840e+00
-2.167686109215718915e+00
-2.167686119305618053e+00
-2.167686129385403504e+00
-2.167686139476539875e+00
-2.167686149557559006e+00
-2.167686159639194088e+00
-2.167686169721447786e+00
-2.167686179804317437e+00
-2.167686189877068514e+00
-2.167686199950434656e+00
-2.167686210024416749e+00
-2.167686220099016126e+00
-2.167686230174231454e+00
-2.167686240250064955e+00
-2.167686250315770558e+00
-2.167686260382095664e+00
-2.167686270449034058e+00
-2.167686280516589292e+00
-2.167686290574015295e+00
-2.167686300642802877e+00
-2.167686310701460339e+00
-2.167686320760732421e+00
-2.167686330820620011e+00
-2.167686340870374373e+00
-2.167686350931492090e+00
-2.167686360982476579e+00
-2.167686371034074355e+00
-2.167686381086287195e+00
-2.167686391128364143e+00
-2.167686401181807998e+00
-2.167686411225110632e+00
-2.167686421269029218e+00
-2.167686431313561535e+00
-2.167686441358708027e+00
-2.167686451393714631e+00
-2.167686461440087697e+00
-2.167686471476320431e+00
-2.167686481513164676e+00
-2.167686491539865479e+00
-2.167686501577936742e+00
-2.167686511605862343e+00
-2.167686521645160624e+00
-2.167686531674311912e+00
-2.167686541693314428e+00
-2.167686551723690958e+00
-2.167686561743916940e+00
-2.167686571775519599e+00
-2.167686581796969936e+00
-2.167686591819031783e+00
-2.167686601830941751e+00
-2.167686611854229284e+00
-2.167686621867359609e+00
-2.167686631881104997e+00
-2.167686641895457900e+00
-2.167686651910424533e+00
-2.167686661915233515e+00
-2.167686671931422282e+00
-2.167686681937451176e+00
-2.167686691944092026e+00
-2.167686701951344386e+00
-2.167686711948433764e+00
-2.167686721956905593e+00
-2.167686731955214441e+00
-2.167686741954136131e+00
-2.167686751953664892e+00
-2.167686761943028007e+00
-2.167686771943778457e+00
-2.167686781934361484e+00
-2.167686791925555134e+00
-2.167686801917354522e+00
-2.167686811909764977e+00
-2.167686821892006233e+00
-2.167686831885636156e+00
-2.167686841869093328e+00
-2.167686851853159791e+00
-2.167686861837836432e+00
-2.167686871812337657e+00
-2.167686881798230658e+00
-2.167686891773949132e+00
-2.167686901750272899e+00
-2.167686911727206400e+00
-2.167686921693962709e+00
-2.167686931672111239e+00
-2.167686941640082576e+00
-2.167686951608660095e+00
-2.167686961577843796e+00
-2.167686971547636787e+00
-2.167686981507248589e+00
-2.167686991478253944e+00
-2.167687001439078109e+00
-2.167687011400507568e+00
-2.167687021362544986e+00
-2.167687031314394996e+00
-2.167687041277646554e+00
-2.167687051230706263e+00
-2.167687061184375708e+00
-2.167687071138648669e+00
-2.167687081082734224e+00
-2.167687091038220881e+00
-2.167687100983516579e+00
-2.167687110929414906e+00
-2.167687120875919859e+00
-2.167687130823030550e+00
-2.167687140759947173e+00
-2.167687150708269339e+00
-2.167687160646394773e+00
-2.167687170585124168e+00
-2.167687180524458856e+00
-2.167687190453594592e+00
-2.167687200394138980e+00
-2.167687210324483971e+00
-2.167687220255431590e+00
-2.167687230186982283e+00
-2.167687240119139158e+00
-2.167687250041092639e+00
-2.167687259963647861e+00
-2.167687269897615732e+00
-2.167687279821379320e+00
-2.167687289734935074e+00
-2.167687299659905253e+00
-2.167687309574666266e+00
-2.167687319490031239e+00
-2.167687329416811526e+00
-2.167687339322566409e+00
-2.167687349239739714e+00
-2.167687359146699855e+00
-2.167687369065079306e+00
-2.167687378973242485e+00
-2.167687388882009181e+00
-2.167687398780560493e+00
-2.167687408690531115e+00
-2.167687418590285020e+00
-2.167687428490640666e+00
-2.167687438391598942e+00
-2.167687448293156294e+00
-2.167687458195317163e+00
-2.167687468087255098e+00
-2.167687477990619449e+00
-2.167687487883759978e+00
-2.167687497766676685e+00
-2.167687507661018920e+00
-2.167687517555963783e+00
-2.167687527440680828e+00
-2.167687537325998726e+00
-2.167687547211917920e+00
-2.167687557098436635e+00
-2.167687566974726199e+00
-2.167687576862444843e+00
-2.167687586739933447e+00
-2.167687596618021573e+00
-2.167687606496709662e+00
-2.167687616375997273e+00
-2.167687626245050403e+00
-2.167687636114703054e+00
-2.167687645984955225e+00
-2.167687655855805584e+00
-2.167687665727255020e+00
-2.167687675599302644e+00
-2.167687685461113567e+00
-2.167687695323521346e+00
-2.167687705186526426e+00
-2.167687715050131914e+00
-2.167687724914336478e+00
-2.167687734768298125e+00
-2.167687744633696401e+00
-2.167687754488853535e+00
-2.167687764344607970e+00
-2.167687774190115935e+00
-2.167687784047065414e+00
-2.167687793893766202e+00
-2.167687803741067398e+00
-2.167687813588962342e+00
-2.167687823437456363e+00
-2.167687833286546795e+00
-2.167687843125385427e+00
-2.167687852964820472e+00
-2.167687862815701028e+00
-2.167687872645479796e+00
-2.167687882486704520e+00
-2.167687892328525212e+00
-2.167687902160091440e+00
-2.167687911992252303e+00
-2.167687921825008690e+00
-2.167687931658361933e+00
-2.167687941492309811e+00
-2.167687951315999229e+00
-2.167687961140281505e+00
-2.167687970965160638e+00
-2.167687980790633517e+00
-2.167687990616703697e+00
-2.167688000443366292e+00
-2.167688010259765541e+00
-2.167688020076760758e+00
-2.167688029894349722e+00
-2.167688039712530657e+00
-2.167688049531308447e+00
-2.167688059339818896e+00
-2.167688069148919983e+00
-2.167688078958617037e+00
-2.167688088768906951e+00
-2.167688098579791056e+00
-2.167688108380402934e+00
-2.167688118192474978e+00
-2.167688127994274794e+00
-2.167688137796664360e+00
-2.167688147599648119e+00
-2.167688157392356985e+00
-2.167688167196526461e+00
-2.167688176990421045e+00
-2.167688186784906268e+00
-2.167688196579983462e+00
-2.167688206375653959e+00
-2.167688216161044235e+00
-2.167688225957898673e+00
-2.167688235744472447e+00
-2.167688245531637747e+00
-2.167688255319393242e+00
-2.167688265096868516e+00
-2.167688274885806177e+00
-2.167688284664460951e+00
-2.167688294443705921e+00
-2.167688304223544193e+00
-2.167688314003970884e+00
-2.167688323774108916e+00
-2.167688333555717328e+00
-2.167688343327037970e+00
-2.167688353098947918e+00
-2.167688362871448504e+00
-2.167688372633655547e+00
-2.167688382407336967e+00
-2.167688392170722622e+00
-2.167688401934700693e+00
-2.167688411699266293e+00
-2.167688421464421644e+00
-2.167688431230168078e+00
-2.167688440985616083e+00
-2.167688450741651618e+00
-2.167688460498277792e+00
-2.167688470255491939e+00
-2.167688480013296282e+00
-2.167688489760798642e+00
-2.167688499519779821e+00
-2.167688509268459462e+00
-2.167688519017727522e+00
-2.167688528767583112e+00
-2.167688538507133167e+00
-2.167688548258165593e+00
-2.167688557998890708e+00
-2.167688567740202910e+00
-2.167688577482104417e+00
-2.167688587213693285e+00
-2.167688596956770741e+00
-2.167688606689536002e+00
-2.167688616422887016e+00
-2.167688626156826448e+00
-2.167688635891352078e+00
-2.167688645626466126e+00
-2.167688655351263538e+00
-2.167688665087550426e+00
-2.167688674813522454e+00
-2.167688684540079347e+00
-2.167688694256317827e+00
-2.167688703984049337e+00
-2.167688713701459768e+00
-2.167688723430361897e+00
-2.167688733148943392e+00
-2.167688742857204698e+00
-2.167688752576957256e+00
-2.167688762297296901e+00
-2.167688772007313247e+00
-2.167688781717912683e+00
-2.167688791429097872e+00
-2.167688801140868371e+00
-2.167688810842310687e+00
-2.167688820555251361e+00
-2.167688830257863408e+00
-2.167688839961059877e+00
-2.167688849664839879e+00
-2.167688859369205634e+00
-2.167688869063237878e+00
-2.167688878768771588e+00
-2.167688888463972230e+00
-2.167688898159756405e+00
-2.167688907856125446e+00
-2.167688917542156979e+00
-2.167688927239692198e+00
-2.167688936926890797e+00
-2.167688946614671597e+00
-2.167688956303036818e+00
-2.167688965991983796e+00
-2.167688975670590601e+00
-2.167688985360705090e+00
-2.167688995040476740e+00
-2.167689004720830592e+00
-2.167689014401766645e+00
-2.167689024083286231e+00
-2.167689033754461203e+00
-2.167689043426215267e+00
-2.167689053109481456e+00
-2.167689062782401699e+00
-2.167689072444971998e+00
-2.167689082119055755e+00
-2.167689091793718603e+00
-2.167689101458034617e+00
-2.167689111122929280e+00
-2.167689120788405255e+00
-2.167689130454463431e+00
-2.167689140110166335e+00
-2.167689149777388025e+00
-2.167689159434252222e+00
-2.167689169091698176e+00
-2.167689178749723666e+00
-2.167689188397391220e+00
-2.167689198056577116e+00
-2.167689207705405519e+00
-2.167689217354812570e+00
-2.167689227004800046e+00
-2.167689236655367058e+00
-2.167689246306513162e+00
-2.167689255947296001e+00
-2.167689265599604287e+00
-2.167689275241545754e+00
-2.167689284884068091e+00
-2.167689294516223608e+00
-2.167689304159902797e+00
-2.167689313793212946e+00
-2.167689323438051208e+00
-2.167689333072521318e+00
-2.167689342707570077e+00
-2.167689352332246244e+00
-2.167689361968450523e+00
-2.167689371594283987e+00
-2.167689381220694322e+00
-2.167689390847679753e+00
-2.167689400475248274e+00
-2.167689410103391445e+00
-2.167689419721158028e+00
-2.167689429350458052e+00
-2.167689438969380600e+00
-2.167689448588879575e+00
-2.167689458208955866e+00
-2.167689467818651572e+00
-2.167689477439883827e+00
-2.167689487050734165e+00
-2.167689496662159598e+00
-2.167689506274162348e+00
-2.167689515886742413e+00
-2.167689525488936564e+00
-2.167689535102668152e+00
-2.167689544706015603e+00
-2.167689554309936373e+00
-2.167689563914435347e+00
-2.167689573508544409e+00
-2.167689583114193574e+00
-2.167689592709453716e+00
-2.167689602305288510e+00
-2.167689611901699287e+00
-2.167689621498683827e+00
-2.167689631096243907e+00
-2.167689640683410968e+00
-2.167689650282121683e+00
-2.167689659870438490e+00
-2.167689669459329949e+00
-2.167689679048794282e+00
-2.167689688627862044e+00
-2.167689698218476124e+00
-2.167689707798690968e+00
-2.167689717379480019e+00
-2.167689726960842833e+00
-2.167689736542780299e+00
-2.167689746114314087e+00
-2.167689755697399523e+00
-2.167689765270080393e+00
-2.167689774843335027e+00
-2.167689784417162535e+00
-2.167689793980582813e+00
-2.167689803555556516e+00
-2.167689813120122988e+00
-2.167689822685261447e+00
-2.167689832250972781e+00
-2.167689841817255658e+00
-2.167689851384113187e+00
-2.167689860940557267e+00
-2.167689870508559657e+00
-2.167689880066148600e+00
-2.167689889624308641e+00
-2.167689899183042002e+00
-2.167689908731358805e+00
-2.167689918291235252e+00
-2.167689927840695585e+00
-2.167689937390726129e+00
-2.167689946941328660e+00
-2.167689956492501402e+00
-2.167689966033255367e+00
-2.167689975585570750e+00
-2.167689985127466024e+00
-2.167689994669931508e+00
-2.167690004212965871e+00
-2.167690013756573109e+00
-2.167690023289754908e+00
-2.167690032834502567e+00
-2.167690042368822567e+00
-2.167690051903714998e+00
-2.167690061439177196e+00
-2.167690070964208626e+00
-2.167690080500809469e+00
-2.167690090026982208e+00
-2.167690099553722494e+00
-2.167690109081031657e+00
-2.167690118608911032e+00
-2.167690128137360173e+00
-2.167690137655373661e+00
-2.167690147184961003e+00
-2.167690156704113580e+00
-2.167690166223832815e+00
-2.167690175744122261e+00
-2.167690185253973389e+00
-2.167690194775400148e+00
-2.167690204286386368e+00
-2.167690213797941023e+00
-2.167690223310065001e+00
-2.167690232822755636e+00
-2.167690242336015594e+00
-2.167690251838831017e+00
-2.167690261342214875e+00
-2.167690270846164502e+00
-2.167690280350683008e+00
-2.167690289855767727e+00
-2.167690299361420436e+00
-2.167690308856625059e+00
-2.167690318352398116e+00
-2.167690327848736498e+00
-2.167690337345638874e+00
-2.167690346843109683e+00
-2.167690356341148927e+00
-2.167690365828735644e+00
-2.167690375316887241e+00
-2.167690384805604609e+00
-2.167690394294887302e+00
-2.167690403784737985e+00
-2.167690413264131699e+00
-2.167690422755114366e+00
-2.167690432235638731e+00
-2.167690441716728422e+00
-2.167690451198383439e+00
-2.167690460669577490e+00
-2.167690470152363158e+00
-2.167690479624687416e+00
-2.167690489097576112e+00
-2.167690498571029245e+00
-2.167690508045047260e+00
-2.167690517519629712e+00
-2.167690526983745869e+00
-2.167690536459458528e+00
-2.167690545924704004e+00
-2.167690555390513474e+00
-2.167690564856887825e+00
-2.167690574312791885e+00
-2.167690583780293778e+00
-2.167690593237324492e+00
-2.167690602694916979e+00
-2.167690612153074348e+00
-2.167690621611796598e+00
-2.167690631071080176e+00
-2.167690640519889467e+00
-2.167690649980301920e+00
-2.167690659430236977e+00
-2.167690668880735139e+00
-2.167690678320754127e+00
-2.167690687772377611e+00
-2.167690697213521478e+00
-2.167690706666269396e+00
-2.167690716108539029e+00
-2.167690725551367326e+00
-2.167690734994760504e+00
-2.167690744427670069e+00
-2.167690753872185905e+00
-2.167690763306218571e+00
-2.167690772740811234e+00
-2.167690782175966113e+00
-2.167690791611681433e+00
-2.167690801036910031e+00
-2.167690810473748897e+00
-2.167690819900099708e+00
-2.167690829327008295e+00
-2.167690838754480875e+00
-2.167690848182510788e+00
-2.167690857600051313e+00
-2.167690867029204771e+00
-2.167690876447863957e+00
-2.167690885867084472e+00
-2.167690895286864983e+00
-2.167690904707204602e+00
-2.167690914117045953e+00
-2.167690923538506453e+00
-2.167690932949468685e+00
-2.167690942360990025e+00
-2.167690951773070029e+00
-2.167690961185711362e+00
-2.167690970587849542e+00
-2.167690980001608203e+00
-2.167690989404865043e+00
-2.167690998808680103e+00
-2.167691008213054271e+00
-2.167691017617984439e+00
-2.167691027012411453e+00
-2.167691036418461170e+00
-2.167691045814003736e+00
-2.167691055210104523e+00
-2.167691064606762197e+00
-2.167691074003979423e+00
-2.167691083390685058e+00
-2.167691092777948469e+00
-2.167691102176838136e+00
-2.167691111565217987e+00
-2.167691120954153394e+00
-2.167691130332574545e+00
-2.167691139722624172e+00
-2.167691149102158654e+00
-2.167691158493323833e+00
-2.167691167873972091e+00
-2.167691177255177681e+00
-2.167691186625863242e+00
-2.167691196008180832e+00
-2.167691205379978836e+00
-2.167691214752332840e+00
-2.167691224136321981e+00
-2.167691233498707515e+00
-2.167691242872729962e+00
-2.167691252247309297e+00
-2.167691261611362386e+00
-2.167691270975971030e+00
-2.167691280341133897e+00
-2.167691289706853652e+00
-2.167691299073128075e+00
-2.167691308439959386e+00
-2.167691317796260453e+00
-2.167691327153115743e+00
-2.167691336510525701e+00
-2.167691345868490771e+00
-2.167691355227010508e+00
-2.167691364586085800e+00
-2.167691373934626409e+00
-2.167691383283719908e+00
-2.167691392633368963e+00
-2.167691401983571797e+00
-2.167691411334328855e+00
-2.167691420674547231e+00
-2.167691430026411847e+00
-2.167691439367738226e+00
-2.167691448709617053e+00
-2.167691458052048770e+00
-2.167691467395035598e+00
-2.167691476727477973e+00
-2.167691486071571472e+00
-2.167691495405118740e+00
-2.167691504739221564e+00
-2.167691514073874615e+00
-2.167691523409083665e+00
-2.167691532744843386e+00
-2.167691542070055988e+00
-2.167691551395819261e+00
-2.167691560722134980e+00
-2.167691570049004479e+00
-2.167691579376424649e+00
-2.167691588704398598e+00
-2.167691598021817878e+00
-2.167691607339789606e+00
-2.167691616658311560e+00
-2.167691625977385073e+00
-2.167691635297011477e+00
-2.167691644617190772e+00
-2.167691653926809625e+00
-2.167691663248091150e+00
-2.167691672558812233e+00
-2.167691681870086207e+00
-2.167691691170798407e+00
-2.167691700483171502e+00
-2.167691709796097488e+00
-2.167691719098461256e+00
-2.167691728401373474e+00
-2.167691737704837251e+00
-2.167691747008849923e+00
-2.167691756302297268e+00
-2.167691765607412169e+00
-2.167691774901957302e+00
-2.167691784197053106e+00
-2.167691793492698693e+00
-2.167691802788893618e+00
-2.167691812085638770e+00
-2.167691821371811489e+00
-2.167691830669655317e+00
-2.167691839956927158e+00
-2.167691849244747893e+00
-2.167691858533116633e+00
-2.167691867810910722e+00
-2.167691877100376807e+00
-2.167691886379268240e+00
-2.167691895658706347e+00
-2.167691904949819115e+00
-2.167691914219227023e+00
-2.167691923500309592e+00
-2.167691932781941944e+00
-2.167691942052992538e+00
-2.167691951324590693e+00
-2.167691960596735967e+00
-2.167691969869428359e+00
-2.167691979142670533e+00
-2.167691988405324732e+00
-2.167691997679660698e+00
-2.167692006943410910e+00
-2.167692016207706907e+00
-2.167692025472550466e+00
-2.167692034737941587e+00
-2.167692043992740736e+00
-2.167692053259225204e+00
-2.167692062515119034e+00
-2.167692071771558204e+00
-2.167692081028543605e+00
-2.167692090286075235e+00
-2.167692099544154427e+00
-2.167692108791637207e+00
-2.167692118039666660e+00
-2.167692127288241011e+00
-2.167692136537361147e+00
-2.167692145787026625e+00
-2.167692155037237889e+00
-2.167692164276850075e+00
-2.167692173528153354e+00
-2.167692182768854448e+00
-2.167692192010102215e+00
-2.167692201251893103e+00
-2.167692210483081805e+00
-2.167692219725963376e+00
-2.167692228958240985e+00
-2.167692238191061271e+00
-2.167692247424426899e+00
-2.167692256658336536e+00
-2.167692265892791070e+00
-2.167692275116636758e+00
-2.167692284352179311e+00
-2.167692293577110796e+00
-2.167692302802587623e+00
-2.167692312028608015e+00
-2.167692321255171972e+00
-2.167692330471121753e+00
-2.167692339698772841e+00
-2.167692348915809308e+00
-2.167692358133387565e+00
-2.167692367351510274e+00
-2.167692376570175661e+00
-2.167692385778223763e+00
-2.167692394997972727e+00
-2.167692404207106183e+00
-2.167692413416780539e+00
-2.167692422626996684e+00
-2.167692431837756839e+00
-2.167692441037892159e+00
-2.167692450249735892e+00
-2.167692459450955234e+00
-2.167692468652717253e+00
-2.167692477855017952e+00
-2.167692487057863993e+00
-2.167692496261250046e+00
-2.167692505454007712e+00
-2.167692514658478675e+00
-2.167692523852320363e+00
-2.167692533046700731e+00
-2.167692542241622888e+00
-2.167692551425914438e+00
-2.167692560621917952e+00
-2.167692569807289082e+00
-2.167692579004376618e+00
-2.167692588190829994e+00
-2.167692597377822494e+00
-2.167692606554177726e+00
-2.167692615742251139e+00
-2.167692624919687283e+00
-2.167692634108841165e+00
-2.167692643287356447e+00
-2.167692652466411740e+00
-2.167692661634825324e+00
-2.167692670814960199e+00
-2.167692679995633309e+00
-2.167692689165663822e+00
-2.167692698336234791e+00
-2.167692707507342664e+00
-2.167692716678991438e+00
-2.167692725839993173e+00
-2.167692735012718863e+00
-2.167692744174797514e+00
-2.167692753348602341e+00
-2.167692762511757465e+00
-2.167692771664261997e+00
-2.167692780828494925e+00
-2.167692789993265645e+00
-2.167692799147383553e+00
-2.167692808302040142e+00
-2.167692817457233634e+00
-2.167692826612964474e+00
-2.167692835769233550e+00
-2.167692844926041307e+00
-2.167692854072193143e+00
-2.167692863218878774e+00
-2.167692872366102197e+00
-2.167692881513863856e+00
-2.167692890662162863e+00
-2.167692899810998775e+00
-2.167692908949172104e+00
-2.167692918099081822e+00
-2.167692927238330292e+00
-2.167692936378113000e+00
-2.167692945518433056e+00
-2.167692954648087866e+00
-2.167692963789479954e+00
-2.167692972920206351e+00
-2.167692982062672691e+00
-2.167692991194469343e+00
-2.167693000326804231e+00
-2.167693009448467656e+00
-2.167693018581872355e+00
-2.167693027704606035e+00
-2.167693036839082765e+00
-2.167693045962886700e+00
-2.167693055087226206e+00
-2.167693064200889808e+00
-2.167693073326299125e+00
-2.167693082452244902e+00
-2.167693091567512997e+00
-2.167693100683314888e+00
-2.167693109799651907e+00
-2.167693118916523165e+00
-2.167693128033929106e+00
-2.167693137140654258e+00
-2.167693146247912317e+00
-2.167693155366922309e+00
-2.167693164475249290e+00
-2.167693173584110067e+00
-2.167693182682285613e+00
-2.167693191792212648e+00
-2.167693200891456673e+00
-2.167693210002450854e+00
-2.167693219102760693e+00
-2.167693228203601663e+00
-2.167693237304976872e+00
-2.167693246395662854e+00
-2.167693255498102545e+00
-2.167693264589852564e+00
-2.167693273682136379e+00
-2.167693282774951768e+00
-2.167693291868299177e+00
-2.167693300962179492e+00
-2.167693310045364363e+00
-2.167693319140309161e+00
-2.167693328224558069e+00
-2.167693337309338109e+00
-2.167693346394651499e+00
-2.167693355480495576e+00
-2.167693364555640656e+00
-2.167693373642548771e+00
-2.167693382718755668e+00
-2.167693391795493696e+00
-2.167693400872761966e+00
-2.167693409950562256e+00
-2.167693419028895896e+00
-2.167693428096522545e+00
-2.167693437164679882e+00
-2.167693446244605138e+00
-2.167693455313823847e+00
-2.167693464383573243e+00
-2.167693473442612540e+00
-2.167693482513423309e+00
-2.167693491573523090e+00
-2.167693500634152670e+00
-2.167693509706553279e+00
-2.167693518768243788e+00
-2.167693527819219312e+00
-2.167693536881968530e+00
-2.167693545934004540e+00
-2.167693554997812910e+00
-2.167693564050905408e+00
-2.167693573104527260e+00
-2.167693582158678467e+00
-2.167693591202112025e+00
-2.167693600257320163e+00
-2.167693609301809765e+00
-2.167693618358077945e+00
-2.167693627403624923e+00
-2.167693636449700811e+00
-2.167693645485053278e+00
-2.167693654532185654e+00
-2.167693663568593276e+00
-2.167693672616782585e+00
-2.167693681654245808e+00
-2.167693690692237940e+00
-2.167693699730757650e+00
-2.167693708758549054e+00
-2.167693717798123032e+00
-2.167693726826969147e+00
-2.167693735867600946e+00
-2.167693744897499997e+00
-2.167693753916667632e+00
-2.167693762947621838e+00
-2.167693771979104511e+00
-2.167693780999850439e+00
-2.167693790032388712e+00
-2.167693799054188020e+00
-2.167693808076514905e+00
-2.167693817088103714e+00
-2.167693826111483979e+00
-2.167693835135390046e+00
-2.167693844148556703e+00
-2.167693853162249606e+00
-2.167693862176467867e+00
-2.167693871191213706e+00
-2.167693880206483570e+00
-2.167693889211010028e+00
-2.167693898227332383e+00
-2.167693907232910444e+00
-2.167693916239012975e+00
-2.167693925245640418e+00
-2.167693934252793220e+00
-2.167693943260473155e+00
-2.167693952257402135e+00
-2.167693961266132341e+00
-2.167693970264109815e+00
-2.167693979262614423e+00
-2.167693988261642613e+00
-2.167693997249917182e+00
-2.167694006249993866e+00
-2.167694015239317373e+00
-2.167694024240443884e+00
-2.167694033230814998e+00
-2.167694042221709250e+00
-2.167694051213128859e+00
-2.167694060193789074e+00
-2.167694069186256733e+00
-2.167694078167963223e+00
-2.167694087150194182e+00
-2.167694096132947834e+00
-2.167694105116225067e+00
-2.167694114100024549e+00
-2.167694123084348945e+00
-2.167694132057908618e+00
-2.167694141031991872e+00
-2.167694150006596043e+00
-2.167694158981722463e+00
-2.167694167957373352e+00
-2.167694176933546935e+00
-2.167694185898950465e+00
-2.167694194876168545e+00
-2.167694203842617462e+00
-2.167694212809586851e+00
-2.167694221777079822e+00
-2.167694230745093265e+00
-2.167694239702334880e+00
-2.167694248671392376e+00
-2.167694257629676713e+00
-2.167694266588481522e+00
-2.167694275547807692e+00
-2.167694284507654334e+00
-2.167694293468024114e+00
-2.167694302417614072e+00
-2.167694311379026129e+00
-2.167694320329657476e+00
-2.167694329280810184e+00
-2.167694338232484252e+00
-2.167694347173373615e+00
-2.167694356126088628e+00
-2.167694365079323671e+00
-2.167694374021773562e+00
-2.167694382964744815e+00
-2.167694391908235652e+00
-2.167694400852245629e+00
-2.167694409796776966e+00
-2.167694418730518269e+00
-2.167694427676089219e+00
-2.167694436610869690e+00
-2.167694445546170634e+00
-2.167694454481991162e+00
-2.167694463418330386e+00
-2.167694472343876022e+00
-2.167694481281253083e+00
-2.167694490207837443e+00
-2.167694499134939612e+00
-2.167694508062559589e+00
-2.167694516990698705e+00
-2.167694525919357407e+00
-2.167694534837216747e+00
-2.167694543766912840e+00
-2.167694552685808684e+00
-2.167694561605221892e+00
-2.167694570525154685e+00
-2.167694579445604841e+00
-2.167694588366572805e+00
-2.167694597276737412e+00
-2.167694606198740548e+00
-2.167694615109941214e+00
-2.167694624021657912e+00
-2.167694632933891530e+00
-2.167694641835319125e+00
-2.167694650748587470e+00
-2.167694659662373624e+00
-2.167694668565349758e+00
-2.167694677468844144e+00
-2.167694686372853230e+00
-2.167694695277381456e+00
-2.167694704182425269e+00
-2.167694713076656843e+00
-2.167694721982733608e+00
-2.167694730877996356e+00
-2.167694739773773804e+00
-2.167694748670069949e+00
-2.167694757566879016e+00
-2.167694766452873179e+00
-2.167694775350716085e+00
-2.167694784237739647e+00
-2.167694793125277908e+00
-2.167694802013332200e+00
-2.167694810901901192e+00
-2.167694819790986216e+00
-2.167694828680587715e+00
-2.167694837559364540e+00
-2.167694846438655620e+00
-2.167694855318462288e+00
-2.167694864198781879e+00
-2.167694873079617945e+00
-2.167694881960966935e+00
-2.167694890842831512e+00
-2.167694899713870083e+00
-2.167694908585418023e+00
-2.167694917457483772e+00
-2.167694926330062000e+00
-2.167694935203153150e+00
-2.167694944076760777e+00
-2.167694952939532627e+00
-2.167694961814169208e+00
-2.167694970677968236e+00
-2.167694979542281519e+00
-2.167694988407107726e+00
-2.167694997261096823e+00
-2.167695006126950208e+00
-2.167695014981963819e+00
-2.167695023848844382e+00
-2.167695032704884284e+00
-2.167695041561436220e+00
-2.167695050418502412e+00
-2.167695059264725277e+00
-2.167695068122815982e+00
-2.167695076970062473e+00
-2.167695085829178581e+00
-2.167695094677449585e+00
-2.167695103526233513e+00
-2.167695112375528588e+00
-2.167695121213975007e+00
-2.167695130064294595e+00
-2.167695138903765528e+00
-2.167695147743746720e+00
-2.167695156584239502e+00
-2.167695165425243431e+00
-2.167695174266758951e+00
-2.167695183108786505e+00
-2.167695191939958743e+00
-2.167695200771643460e+00
-2.167695209615204455e+00
-2.167695218447910133e+00
-2.167695227281127845e+00
-2.167695236103485357e+00
-2.167695244937723142e+00
-2.167695253761101615e+00
-2.167695262596362138e+00
-2.167695271420760683e+00
-2.167695280245670375e+00
-2.167695289059716313e+00
-2.167695297885644745e+00
-2.167695306712084768e+00
-2.167695315527660149e+00
-2.167695324343744900e+00
-2.167695333160337690e+00
-2.167695341977440737e+00
-2.167695350795052711e+00
-2.167695359613174499e+00
-2.167695368420428537e+00
-2.167695377239568622e+00
-2.167695386047840067e+00
-2.167695394856619551e+00
-2.167695403665908849e+00
-2.167695412475706629e+00
-2.167695421274629552e+00
-2.167695430085444297e+00
-2.167695438885384185e+00
-2.167695447685832111e+00
-2.167695456486787631e+00
-2.167695465288251189e+00
-2.167695474090222785e+00
-2.167695482881316860e+00
-2.167695491684305864e+00
-2.167695500476413795e+00
-2.167695509269028431e+00
-2.167695518062153326e+00
-2.167695526855784038e+00
-2.167695535649922789e+00
-2.167695544433176469e+00
-2.167695553228330407e+00
-2.167695562012598387e+00
-2.167695570797371296e+00
-2.167695579582652687e+00
-2.167695588368442117e+00
-2.167695597154736475e+00
-2.167695605930142655e+00
-2.167695614717451758e+00
-2.167695623493869572e+00
-2.167695632270794093e+00
-2.167695641048224431e+00
-2.167695649826161475e+00
-2.167695658593204122e+00
-2.167695667372152357e+00
-2.167695676140206640e+00
-2.167695684908765408e+00
-2.167695693677829549e+00
-2.167695702447399508e+00
-2.167695711217475285e+00
-2.167695719988057323e+00
-2.167695728747738304e+00
-2.167695737507922882e+00
-2.167695746280021485e+00
-2.167695755041218142e+00
-2.167695763791509744e+00
-2.167695772553713596e+00
-2.167695781316425041e+00
-2.167695790068230544e+00
-2.167695798831950516e+00
-2.167695807584764545e+00
-2.167695816338082171e+00
-2.167695825091904283e+00
-2.167695833834817343e+00
-2.167695842589646649e+00
-2.167695851333566903e+00
-2.167695860089406512e+00
-2.167695868834333073e+00
-2.167695877579762787e+00
-2.167695886325696986e+00
-2.167695895060716804e+00
-2.167695903807658642e+00
-2.167695912543682990e+00
-2.167695921280211824e+00
-2.167695930028663120e+00
-2.167695938754774954e+00
-2.167695947492811914e+00
-2.167695956231352028e+00
-2.167695964970394851e+00
-2.167695973698516188e+00
-2.167695982427140233e+00
-2.167695991156265212e+00
-2.167695999885894231e+00
-2.167696008616023740e+00
-2.167696017346657733e+00
-2.167696026066364468e+00
-2.167696034798001659e+00
-2.167696043518712035e+00
-2.167696052239923787e+00
-2.167696060961637361e+00
-2.167696069683852755e+00
-2.167696078395137782e+00
-2.167696087118355930e+00
-2.167696095830643266e+00
-2.167696104543430646e+00
-2.167696113256717183e+00
-2.167696121970507317e+00
-2.167696130684797495e+00
-2.167696139399588606e+00
-2.167696148103443576e+00
-2.167696156819236109e+00
-2.167696165524093832e+00
-2.167696174229449380e+00
-2.167696182935304972e+00
-2.167696191630220870e+00
-2.167696200337076995e+00
-2.167696209044434053e+00
-2.167696217740849640e+00
-2.167696226437763496e+00
-2.167696235135178284e+00
-2.167696243833091341e+00
-2.167696252531504886e+00
-2.167696261218972076e+00
-2.167696269918384377e+00
-2.167696278606848992e+00
-2.167696287295813207e+00
-2.167696295985275245e+00
-2.167696304675236885e+00
-2.167696313365698568e+00
-2.167696322056657632e+00
-2.167696330736666788e+00
-2.167696339417172435e+00
-2.167696348109628524e+00
-2.167696356791132484e+00
-2.167696365461679875e+00
-2.167696374144179039e+00
-2.167696382827176471e+00
-2.167696391499217334e+00
-2.167696400183211303e+00
-2.167696408856247814e+00
-2.167696417529780817e+00
-2.167696426203811200e+00
-2.167696434866881461e+00
-2.167696443541907492e+00
-2.167696452205971624e+00
-2.167696460881992415e+00
-2.167696469547050420e+00
-2.167696478212605804e+00
-2.167696486878657236e+00
-2.167696495533742773e+00
-2.167696504200788077e+00
-2.167696512856865265e+00
-2.167696521524904441e+00
-2.167696530181975945e+00
-2.167696538839543496e+00
-2.167696547497606652e+00
-2.167696556156165855e+00
-2.167696564803752501e+00
-2.167696573463305132e+00
-2.167696582111883874e+00
-2.167696590760957331e+00
-2.167696599410527725e+00
-2.167696608060592389e+00
-2.167696616711153990e+00
-2.167696625350737261e+00
-2.167696634002290512e+00
-2.167696642642864102e+00
-2.167696651283932852e+00
-2.167696659925496316e+00
-2.167696668567554052e+00
-2.167696677210108724e+00
-2.167696685841678850e+00
-2.167696694485222508e+00
-2.167696703117780288e+00
-2.167696711750834115e+00
-2.167696720384383546e+00
-2.167696729018425916e+00
-2.167696737652962113e+00
-2.167696746287994358e+00
-2.167696754912036727e+00
-2.167696763536572035e+00
-2.167696772161602059e+00
-2.167696780798609613e+00
-2.167696789413141811e+00
-2.167696798039651540e+00
-2.167696806666657316e+00
-2.167696815282667000e+00
-2.167696823910659543e+00
-2.167696832527656881e+00
-2.167696841145146713e+00
-2.167696849763129485e+00
-2.167696858370113500e+00
-2.167696866989081705e+00
-2.167696875597052042e+00
-2.167696884217007014e+00
-2.167696892825960564e+00
-2.167696901435407053e+00
-2.167696910045346481e+00
-2.167696918655778848e+00
-2.167696927255206241e+00
-2.167696935866621821e+00
-2.167696944467032427e+00
-2.167696953067933308e+00
-2.167696961669328015e+00
-2.167696970271214330e+00
-2.167696978873592251e+00
-2.167696987476461334e+00
-2.167696996068321891e+00
-2.167697004660672722e+00
-2.167697013265017070e+00
-2.167697021858349782e+00
-2.167697030452174101e+00
-2.167697039034984119e+00
-2.167697047629788987e+00
-2.167697056225087238e+00
-2.167697064809368523e+00
-2.167697073394140084e+00
-2.167697081979402363e+00
-2.167697090565154916e+00
-2.167697099151397744e+00
-2.167697107738130402e+00
-2.167697116313843875e+00
-2.167697124901558414e+00
-2.167697133478250660e+00
-2.167697142055433623e+00
-2.167697150633105529e+00
-2.167697159211267710e+00
-2.167697167778404044e+00
-2.167697176357545885e+00
-2.167697184925659659e+00
-2.167697193505781605e+00
-2.167697202074875928e+00
-2.167697210644456973e+00
-2.167697219203009951e+00
-2.167697227773570656e+00
-2.167697236344620304e+00
-2.167697244904638332e+00
-2.167697253465143525e+00
-2.167697262037661776e+00
-2.167697270599145298e+00
-2.167697279149593648e+00
-2.167697287712054166e+00
-2.167697296275002294e+00
-2.167697304826914362e+00
-2.167697313379313151e+00
-2.167697321943728550e+00
-2.167697330497103447e+00
-2.167697339039439175e+00
-2.167697347593789736e+00
-2.167697356148628796e+00
-2.167697364692423356e+00
-2.167697373248238968e+00
-2.167697381793010525e+00
-2.167697390338268804e+00
-2.167697398884013360e+00
-2.167697407418712086e+00
-2.167697415965431862e+00
-2.167697424501102699e+00
-2.167697433048796363e+00
-2.167697441585441531e+00
-2.167697450122573422e+00
-2.167697458660191145e+00
-2.167697467198295147e+00
-2.167697475725347545e+00
-2.167697484264424546e+00
-2.167697492792448166e+00
-2.167697501332498611e+00
-2.167697509861494343e+00
-2.167697518390975908e+00
-2.167697526909399652e+00
-2.167697535439852885e+00
-2.167697543970792839e+00
-2.167697552490672752e+00
-2.167697561011038943e+00
-2.167697569531887858e+00
-2.167697578053224383e+00
-2.167697586575044522e+00
-2.167697595097351382e+00
-2.167697603608594203e+00
-2.167697612131870954e+00
-2.167697620644082335e+00
-2.167697629156779104e+00
-2.167697637669959043e+00
-2.167697646183625704e+00
-2.167697654697775089e+00
-2.167697663212408976e+00
-2.167697671715975716e+00
-2.167697680220025180e+00
-2.167697688724556038e+00
-2.167697697229573617e+00
-2.167697705735074809e+00
-2.167697714241058282e+00
-2.167697722747528033e+00
-2.167697731242921311e+00
-2.167697739750358288e+00
-2.167697748246718792e+00
-2.167697756743561577e+00
-2.167697765240889307e+00
-2.167697773738700207e+00
-2.167697782225430636e+00
-2.167697790724207429e+00
-2.167697799211902865e+00
-2.167697807700082357e+00
-2.167697816200307770e+00
-2.167697824689452268e+00
-2.167697833167512744e+00
-2.167697841657621360e+00
-2.167697850148213146e+00
-2.167697858627718688e+00
-2.167697867107707399e+00
-2.167697875588175727e+00
-2.167697884069127223e+00
-2.167697892550560113e+00
-2.167697901032475727e+00
-2.167697909514873178e+00
-2.167697917986179057e+00
-2.167697926457965885e+00
-2.167697934941808846e+00
-2.167697943414560235e+00
-2.167697951887790353e+00
-2.167697960349927122e+00
-2.167697968824121801e+00
-2.167697977287218247e+00
-2.167697985762375268e+00
-2.167697994226434055e+00
-2.167698002690973347e+00
-2.167698011155993587e+00
-2.167698019621493000e+00
-2.167698028087474249e+00
-2.167698036542354600e+00
-2.167698045009296859e+00
-2.167698053465136887e+00
-2.167698061921456087e+00
-2.167698070378254904e+00
-2.167698078835534226e+00
-2.167698087293294051e+00
-2.167698095739946762e+00
-2.167698104198665376e+00
-2.167698112646277320e+00
-2.167698121094367991e+00
-2.167698129542937391e+00
-2.167698137991985519e+00
-2.167698146441514595e+00
-2.167698154879930783e+00
-2.167698163330416872e+00
-2.167698171769790516e+00
-2.167698180209641556e+00
-2.167698188649970881e+00
-2.167698197090780710e+00
-2.167698205532068823e+00
-2.167698213973835664e+00
-2.167698222404483843e+00
-2.167698230847207697e+00
-2.167698239278811112e+00
-2.167698247710894144e+00
-2.167698256143453683e+00
-2.167698264576492395e+00
-2.167698273010009391e+00
-2.167698281432403284e+00
-2.167698289866873740e+00
-2.167698298290221093e+00
-2.167698306714046730e+00
-2.167698315138349319e+00
-2.167698323563128415e+00
-2.167698331988385796e+00
-2.167698340414119684e+00
-2.167698348828723809e+00
-2.167698357255412933e+00
-2.167698365670972294e+00
-2.167698374087008162e+00
-2.167698382503519205e+00
-2.167698390920508533e+00
-2.167698399326361880e+00
-2.167698407744303779e+00
-2.167698416151110585e+00
-2.167698424570005944e+00
-2.167698432977764877e+00
-2.167698441385998542e+00
-2.167698449794709603e+00
-2.167698458192282018e+00
-2.167698466601944318e+00
-2.167698475000465752e+00
-2.167698483411080623e+00
-2.167698491810553296e+00
-2.167698500210502033e+00
-2.167698508610925945e+00
-2.167698517011824588e+00
-2.167698525401578813e+00
-2.167698533803427807e+00
-2.167698542194132383e+00
-2.167698550596932172e+00
-2.167698558988584434e+00
-2.167698567380712760e+00
-2.167698575773314484e+00
-2.167698584154766461e+00
-2.167698592548318093e+00
-2.167698600930718644e+00
-2.167698609325219294e+00
-2.167698617708568420e+00
-2.167698626092389613e+00
-2.167698634476686426e+00
-2.167698642861456193e+00
-2.167698651235070884e+00
-2.167698659620788781e+00
-2.167698667995348938e+00
-2.167698676370384714e+00
-2.167698684745890336e+00
-2.167698693121870690e+00
-2.167698701498325775e+00
-2.167698709875253371e+00
-2.167698718252654366e+00
-2.167698726618892735e+00
-2.167698734985604503e+00
-2.167698743352787893e+00
-2.167698751720443795e+00
-2.167698760088572207e+00
-2.167698768457173575e+00
-2.167698776826248785e+00
-2.167698785184154708e+00
-2.167698793554175385e+00
-2.167698801913026330e+00
-2.167698810272349785e+00
-2.167698818632143531e+00
-2.167698826992411121e+00
-2.167698835341504537e+00
-2.167698843702715816e+00
-2.167698852052754699e+00
-2.167698860414908335e+00
-2.167698868765887799e+00
-2.167698877117338885e+00
-2.167698885469262926e+00
-2.167698893821657258e+00
-2.167698902162872532e+00
-2.167698910516209665e+00
-2.167698918858366852e+00
-2.167698927200994774e+00
-2.167698935544093430e+00
-2.167698943887661933e+00
-2.167698952231702059e+00
-2.167698960576213807e+00
-2.167698968909539836e+00
-2.167698977254991721e+00
-2.167698985589259220e+00
-2.167698993923994344e+00
-2.167699002259201535e+00
-2.167699010594878573e+00
-2.167699018931025012e+00
-2.167699027267642187e+00
-2.167699035593069645e+00
-2.167699043918965618e+00
-2.167699052256992331e+00
-2.167699060583827553e+00
-2.167699068911131732e+00
-2.167699077238906202e+00
-2.167699085555484739e+00
-2.167699093884198014e+00
-2.167699102201714023e+00
-2.167699110531365214e+00
-2.167699118849820472e+00
-2.167699127168743356e+00
-2.167699135488134754e+00
-2.167699143796325778e+00
-2.167699152116655092e+00
-2.167699160437453365e+00
-2.167699168747048155e+00
-2.167699177057112792e+00
-2.167699185367644610e+00
-2.167699193678644942e+00
-2.167699201990112456e+00
-2.167699210302047597e+00
-2.167699218602777478e+00
-2.167699226915650090e+00
-2.167699235217315223e+00
-2.167699243519446650e+00
-2.167699251822045259e+00
-2.167699260125111937e+00
-2.167699268428645798e+00
-2.167699276732647284e+00
-2.167699285025436851e+00
-2.167699293330373145e+00
-2.167699301624094854e+00
-2.167699309918285078e+00
-2.167699318212940263e+00
-2.167699326508063518e+00
-2.167699334803653510e+00
-2.167699343088025365e+00
-2.167699351384549278e+00
-2.167699359669853276e+00
-2.167699367955623568e+00
-2.167699376241859266e+00
-2.167699384528560369e+00
-2.167699392815730430e+00
-2.167699401103365009e+00
-2.167699409379776121e+00
-2.167699417668343731e+00
-2.167699425945683434e+00
-2.167699434223492094e+00
-2.167699442501763940e+00
-2.167699450780502968e+00
-2.167699459059706069e+00
-2.167699467339375907e+00
-2.167699475607816062e+00
-2.167699483876719846e+00
-2.167699492157785901e+00
-2.167699500427620052e+00
-2.167699508697918276e+00
-2.167699516968683238e+00
-2.167699525228211410e+00
-2.167699533499905407e+00
-2.167699541760362614e+00
-2.167699550032984757e+00
-2.167699558294371442e+00
-2.167699566556220869e+00
-2.167699574818536590e+00
-2.167699583081314607e+00
-2.167699591332854059e+00
-2.167699599596560223e+00
-2.167699607849025600e+00
-2.167699616113660355e+00
-2.167699624367052547e+00
-2.167699632620908368e+00
-2.167699640875228262e+00
-2.167699649118301153e+00
-2.167699657373548305e+00
-2.167699665629257755e+00
-2.167699673873720645e+00
-2.167699682118644944e+00
-2.167699690364034204e+00
-2.167699698609884873e+00
-2.167699706856197839e+00
-2.167699715102973546e+00
-2.167699723338497808e+00
-2.167699731586201217e+00
-2.167699739822649629e+00
-2.167699748059560783e+00
-2.167699756296932456e+00
-2.167699764534767315e+00
-2.167699772773065803e+00
-2.167699781011825699e+00
-2.167699789239327046e+00
-2.167699797479011092e+00
-2.167699805707436589e+00
-2.167699813936322606e+00
-2.167699822165670920e+00
-2.167699830395479310e+00
-2.167699838625749997e+00
-2.167699846856483425e+00
-2.167699855075951199e+00
-2.167699863295881713e+00
-2.167699871527998035e+00
-2.167699879748849145e+00
-2.167699887970162109e+00
-2.167699896191935149e+00
-2.167699904402439426e+00
-2.167699912625134839e+00
-2.167699920836558380e+00
-2.167699929060174835e+00
-2.167699937272520749e+00
-2.167699945485325852e+00
-2.167699953698591919e+00
-2.167699961912317619e+00
-2.167699970126504283e+00
-2.167699978329415522e+00
-2.167699986544521895e+00
-2.167699994748352399e+00
-2.167700002952640759e+00
-2.167700011157391415e+00
-2.167700019362600372e+00
-2.167700027568268073e+00
-2.167700035762656796e+00
-2.167700043969245094e+00
-2.167700052164550861e+00
-2.167700060372056647e+00
-2.167700068568280791e+00
-2.167700076764963235e+00
-2.167700084962103979e+00
-2.167700093147960860e+00
-2.167700101346018648e+00
-2.167700109544537401e+00
-2.167700117731769183e+00
-2.167700125919457044e+00
-2.167700134107604981e+00
-2.167700142296209442e+00
-2.167700150485272204e+00
-2.167700158674794597e+00
-2.167700166864775291e+00
-2.167700175043462352e+00
-2.167700183222607269e+00
-2.167700191413961974e+00
-2.167700199594022159e+00
-2.167700207774539312e+00
-2.167700215943761499e+00
-2.167700224125193476e+00
-2.167700232307082864e+00
-2.167700240477675955e+00
-2.167700248660481055e+00
-2.167700256831986749e+00
-2.167700265003948523e+00
-2.167700273176368153e+00
-2.167700281349245195e+00
-2.167700289510817946e+00
-2.167700297684607591e+00
-2.167700305847093389e+00
-2.167700314010035267e+00
-2.167700322185196260e+00
-2.167700330349050741e+00
-2.167700338513361302e+00
-2.167700346666361799e+00
-2.167700354831585408e+00
-2.167700362997264651e+00
-2.167700371151635608e+00
-2.167700379306458647e+00
-2.167700387461737765e+00
-2.167700395617475184e+00
-2.167700403773662909e+00
-2.167700411930311155e+00
-2.167700420087413704e+00
-2.167700428233199972e+00
-2.167700436391212460e+00
-2.167700444537910442e+00
-2.167700452685060952e+00
-2.167700460832668430e+00
-2.167700468980728878e+00
-2.167700477129246295e+00
-2.167700485266442989e+00
-2.167700493415869456e+00
-2.167700501553970760e+00
-2.167700509692529920e+00
-2.167700517831541607e+00
-2.167700525971008041e+00
-2.167700534110930555e+00
-2.167700542251304263e+00
-2.167700550392134051e+00
-2.167700558521635124e+00
-2.167700566651591387e+00
-2.167700574793784085e+00
-2.167700582924647179e+00
-2.167700591055963244e+00
-2.167700599187734500e+00
-2.167700607308171712e+00
-2.167700615440849354e+00
-2.167700623562192064e+00
-2.167700631695777425e+00
-2.167700639818026964e+00
-2.167700647940730363e+00
-2.167700656063886289e+00
-2.167700664187494297e+00
-2.167700672299765596e+00
-2.167700680424280435e+00
-2.167700688537456344e+00
-2.167700696662875792e+00
-2.167700704776955867e+00
-2.167700712891487580e+00
-2.167700721006470932e+00
-2.167700729121908143e+00
-2.167700737237798325e+00
-2.167700745342342916e+00
-2.167700753459137264e+00
-2.167700761564584244e+00
-2.167700769670484195e+00
-2.167700777776834453e+00
-2.167700785883637238e+00
-2.167700793990891661e+00
-2.167700802086795164e+00
-2.167700810194952865e+00
-2.167700818291760090e+00
-2.167700826400821068e+00
-2.167700834498528462e+00
-2.167700842596688382e+00
-2.167700850695299497e+00
-2.167700858794361363e+00
-2.167700866882065647e+00
-2.167700874982029458e+00
-2.167700883070636131e+00
-2.167700891171500110e+00
-2.167700899261007841e+00
-2.167700907350965434e+00
-2.167700915441373333e+00
-2.167700923532230206e+00
-2.167700931611726389e+00
-2.167700939703485208e+00
-2.167700947783880672e+00
-2.167700955876539659e+00
-2.167700963957835292e+00
-2.167700972039580343e+00
-2.167700980121773924e+00
-2.167700988192601042e+00
-2.167700996275694791e+00
-2.167701004359238848e+00
-2.167701012431413332e+00
-2.167701020504034126e+00
-2.167701028588928658e+00
-2.167701036662450509e+00
-2.167701044736421778e+00
-2.167701052799018147e+00
-2.167701060873886476e+00
-2.167701068949205112e+00
-2.167701077013147071e+00
-2.167701085077538004e+00
-2.167701093142377022e+00
-2.167701101207664571e+00
-2.167701109273399318e+00
-2.167701117339584371e+00
-2.167701125406217511e+00
-2.167701133461468643e+00
-2.167701141528999287e+00
-2.167701149585147036e+00
-2.167701157641742427e+00
-2.167701165698785903e+00
-2.167701173756277022e+00
-2.167701181814215339e+00
-2.167701189872601741e+00
-2.167701197919603029e+00
-2.167701205978883827e+00
-2.167701214026778622e+00
-2.167701222075121503e+00
-2.167701230123909806e+00
-2.167701238173144862e+00
-2.167701246222827560e+00
-2.167701254272957456e+00
-2.167701262311696464e+00
-2.167701270362719423e+00
-2.167701278402351051e+00
-2.167701286442427655e+00
-2.167701294482951457e+00
-2.167701302523921125e+00
-2.167701310565337103e+00
-2.167701318595355087e+00
-2.167701326637666348e+00
-2.167701334668574731e+00
-2.167701342711776391e+00
-2.167701350743578725e+00
-2.167701358775826037e+00
-2.167701366808518770e+00
-2.167701374841657813e+00
-2.167701382863393977e+00
-2.167701390897423863e+00
-2.167701398931901835e+00
-2.167701406954972931e+00
-2.167701414978489449e+00
-2.167701423002449168e+00
-2.167701431026856973e+00
-2.167701439051707535e+00
-2.167701447077004850e+00
-2.167701455090893070e+00
-2.167701463117076788e+00
-2.167701471131854518e+00
-2.167701479147074561e+00
-2.167701487162738694e+00
-2.167701495178847360e+00
-2.167701503195401003e+00
-2.167701511212399179e+00
-2.167701519217982042e+00
-2.167701527235866621e+00
-2.167701535242336774e+00
-2.167701543249248353e+00
-2.167701551256606685e+00
-2.167701559264407329e+00
-2.167701567272651175e+00
-2.167701575281339998e+00
-2.167701583290471135e+00
-2.167701591288181628e+00
-2.167701599286334879e+00
-2.167701607296797839e+00
-2.167701615295838380e+00
-2.167701623295320790e+00
-2.167701631295245512e+00
-2.167701639283742931e+00
-2.167701647284555833e+00
-2.167701655285810602e+00
-2.167701663275637181e+00
-2.167701671265906516e+00
-2.167701679256616387e+00
-2.167701687247768128e+00
-2.167701695239366178e+00
-2.167701703231403432e+00
-2.167701711223883443e+00
-2.167701719204930821e+00
-2.167701727198296346e+00
-2.167701735180227018e+00
-2.167701743162599115e+00
-2.167701751145411748e+00
-2.167701759128668026e+00
-2.167701767112365285e+00
-2.167701775084624138e+00
-2.167701783069203803e+00
-2.167701791042343284e+00
-2.167701799027808462e+00
-2.167701807001833014e+00
-2.167701814976296326e+00
-2.167701822951201063e+00
-2.167701830926547224e+00
-2.167701838890446986e+00
-2.167701846866675996e+00
-2.167701854831457275e+00
-2.167701862808569579e+00
-2.167701870774231043e+00
-2.167701878740334820e+00
-2.167701886706877357e+00
-2.167701894673862206e+00
-2.167701902629395772e+00
-2.167701910597260362e+00
-2.167701918553673224e+00
-2.167701926522418443e+00
-2.167701934479711490e+00
-2.167701942437441964e+00
-2.167701950395615196e+00
-2.167701958354226299e+00
-2.167701966313278383e+00
-2.167701974260871189e+00
-2.167701982220803014e+00
-2.167701990169274229e+00
-2.167701998118186868e+00
-2.167702006067534715e+00
-2.167702014017325318e+00
-2.167702021967553350e+00
-2.167702029918221474e+00
-2.167702037869327913e+00
-2.167702045808971079e+00
-2.167702053760956815e+00
-2.167702061701476612e+00
-2.167702069642434726e+00
-2.167702077583831155e+00
-2.167702085525665900e+00
-2.167702093467940294e+00
-2.167702101398743419e+00
-2.167702109341894001e+00
-2.167702117273573315e+00
-2.167702125217601417e+00
-2.167702133150158694e+00
-2.167702141083151179e+00
-2.167702149016581092e+00
-2.167702156950451542e+00
-2.167702164872844062e+00
-2.167702172807588923e+00
-2.167702180742771212e+00
-2.167702188666476459e+00
-2.167702196590618691e+00
-2.167702204515198794e+00
-2.167702212440214993e+00
-2.167702220365668175e+00
-2.167702228291560118e+00
-2.167702236205968358e+00
-2.167702244132733824e+00
-2.167702252048016476e+00
-2.167702259975655910e+00
-2.167702267891812085e+00
-2.167702275808403023e+00
-2.167702283725431833e+00
-2.167702291630974276e+00
-2.167702299548874390e+00
-2.167702307467212375e+00
-2.167702315374059552e+00
-2.167702323281342824e+00
-2.167702331189064413e+00
-2.167702339097219877e+00
-2.167702347005812324e+00
-2.167702354914839535e+00
-2.167702362824305506e+00
-2.167702370722273120e+00
-2.167702378632607285e+00
-2.167702386531448422e+00
-2.167702394430723434e+00
-2.167702402342365442e+00
-2.167702410230577303e+00
-2.167702418131157938e+00
-2.167702426032172447e+00
-2.167702433933623496e+00
-2.167702441823574411e+00
-2.167702449725895431e+00
-2.167702457616714984e+00
-2.167702465507966636e+00
-2.167702473399656604e+00
-2.167702481291779115e+00
-2.167702489184335501e+00
-2.167702497065387313e+00
-2.167702504958813670e+00
-2.167702512840731011e+00
-2.167702520723083559e+00
-2.167702528617814206e+00
-2.167702536501034061e+00
-2.167702544384688679e+00
-2.167702552256830284e+00
-2.167702560141352208e+00
-2.167702568026308896e+00
-2.167702575899750794e+00
-2.167702583785576564e+00
-2.167702591659883993e+00
-2.167702599534626184e+00
-2.167702607409800919e+00
-2.167702615285409973e+00
-2.167702623149499352e+00
-2.167702631025973492e+00
-2.167702638902884615e+00
-2.167702646768271180e+00
-2.167702654634091175e+00
-2.167702662500344601e+00
-2.167702670367030127e+00
-2.167702678234148195e+00
-2.167702686101698806e+00
-2.167702693969682848e+00
-2.167702701826140999e+00
-2.167702709694989682e+00
-2.167702717552312475e+00
-2.167702725410065145e+00
-2.167702733268250803e+00
-2.167702741126868560e+00
-2.167702748985917527e+00
-2.167702756845399481e+00
-2.167702764693350215e+00
-2.167702772553695034e+00
-2.167702780402508189e+00
-2.167702788263717650e+00
-2.167702796113392338e+00
-2.167702803963500457e+00
-2.167702811814037123e+00
-2.167702819653038571e+00
-2.167702827504439433e+00
-2.167702835344301970e+00
-2.167702843196562590e+00
-2.167702851037288436e+00
-2.167702858878442385e+00
-2.167702866720026655e+00
-2.167702874562042581e+00
-2.167702882404487941e+00
-2.167702890247364067e+00
-2.167702898078697871e+00
-2.167702905922435974e+00
-2.167702913754627758e+00
-2.167702921599227839e+00
-2.167702929432281600e+00
-2.167702937265763463e+00
-2.167702945099675649e+00
-2.167702952922040627e+00
-2.167702960756812125e+00
-2.167702968580034195e+00
-2.167702976415666338e+00
-2.167702984239746833e+00
-2.167702992064256318e+00
-2.167702999889197457e+00
-2.167703007714563146e+00
-2.167703015540362710e+00
-2.167703023366589932e+00
-2.167703031181260620e+00
-2.167703039008344490e+00
-2.167703046823873603e+00
-2.167703054639830818e+00
-2.167703062468204767e+00
-2.167703070285018185e+00
-2.167703078090271962e+00
-2.167703085907942473e+00
-2.167703093726042418e+00
-2.167703101532581389e+00
-2.167703109351537538e+00
-2.167703117158930493e+00
-2.167703124966750661e+00
-2.167703132774999375e+00
-2.167703140583677079e+00
-2.167703148392781998e+00
-2.167703156202314130e+00
-2.167703164000277738e+00
-2.167703171810667406e+00
-2.167703179609486330e+00
-2.167703187408732024e+00
-2.167703195208405820e+00
-2.167703203008506385e+00
-2.167703210809033720e+00
-2.167703218609987825e+00
-2.167703226411371809e+00
-2.167703234201178830e+00
-2.167703242003415909e+00
-2.167703249794076026e+00
-2.167703257585163357e+00
-2.167703265376678345e+00
-2.167703273168619660e+00
-2.167703280960985079e+00
-2.167703288753778601e+00
-2.167703296534992496e+00
-2.167703304328639557e+00
-2.167703312110704328e+00
-2.167703319893194980e+00
-2.167703327688121462e+00
-2.167703335471466097e+00
-2.167703343243222669e+00
-2.167703351027415071e+00
-2.167703358812038239e+00
-2.167703366585070235e+00
-2.167703374370542946e+00
-2.167703382144424484e+00
-2.167703389918735013e+00
-2.167703397693469203e+00
-2.167703405468628830e+00
-2.167703413244213007e+00
-2.167703421020223953e+00
-2.167703428796659892e+00
-2.167703436561501551e+00
-2.167703444338786589e+00
-2.167703452104478234e+00
-2.167703459870593541e+00
-2.167703467637132952e+00
-2.167703475404097802e+00
-2.167703483171488088e+00
-2.167703490927276544e+00
-2.167703498695515929e+00
-2.167703506452153484e+00
-2.167703514221241523e+00
-2.167703521978727288e+00
-2.167703529736637158e+00
-2.167703537494972021e+00
-2.167703545253729658e+00
-2.167703553012911399e+00
-2.167703560760487314e+00
-2.167703568520516377e+00
-2.167703576268939170e+00
-2.167703584029817776e+00
-2.167703591779086114e+00
-2.167703599528779446e+00
-2.167703607278895106e+00
-2.167703615029435760e+00
-2.167703622768362592e+00
-2.167703630519748792e+00
-2.167703638259520282e+00
-2.167703646011753804e+00
-2.167703653752373505e+00
-2.167703661493412426e+00
-2.167703669234875896e+00
-2.167703676976763028e+00
-2.167703684719071155e+00
-2.167703692461802056e+00
-2.167703700192915139e+00
-2.167703707936492030e+00
-2.167703715668447995e+00
-2.167703723400828064e+00
-2.167703731133627354e+00
-2.167703738866850305e+00
-2.167703746600494696e+00
-2.167703754334560085e+00
-2.167703762069049578e+00
-2.167703769791911483e+00
-2.167703777515195718e+00
-2.167703785250949977e+00
-2.167703792975077981e+00
-2.167703800699626093e+00
-2.167703808424596978e+00
-2.167703816149987972e+00
-2.167703823863748269e+00
-2.167703831589981700e+00
-2.167703839316637016e+00
-2.167703847031659414e+00
-2.167703854747101477e+00
-2.167703862462964981e+00
-2.167703870179250369e+00
-2.167703877895954090e+00
-2.167703885613080583e+00
-2.167703893330627629e+00
-2.167703901036534653e+00
-2.167703908754922359e+00
-2.167703916461670044e+00
-2.167703924168838725e+00
-2.167703931888490310e+00
-2.167703939596498763e+00
-2.167703947292864086e+00
-2.167703955001713201e+00
-2.167703962710981536e+00
-2.167703970408604963e+00
-2.167703978118714403e+00
-2.167703985817177159e+00
-2.167703993516058247e+00
-2.167704001215360776e+00
-2.167704008915080749e+00
-2.167704016615219942e+00
-2.167704024315780575e+00
-2.167704032016759985e+00
-2.167704039706087382e+00
-2.167704047407906121e+00
-2.167704055098071958e+00
-2.167704062788654351e+00
-2.167704070479657297e+00
-2.167704078171079907e+00
-2.167704085862919960e+00
-2.167704093555178346e+00
-2.167704101235780279e+00
-2.167704108928877105e+00
-2.167704116610314813e+00
-2.167704124292170853e+00
-2.167704131974443893e+00
-2.167704139657135709e+00
-2.167704147340246301e+00
-2.167704155023774781e+00
-2.167704162707720705e+00
-2.167704170380002626e+00
-2.167704178064785658e+00
-2.167704185737902023e+00
-2.167704193423521719e+00
-2.167704201097473415e+00
-2.167704208771843444e+00
-2.167704216446632248e+00
-2.167704224109748168e+00
-2.167704231785370528e+00
-2.167704239461409887e+00
-2.167704247125776362e+00
-2.167704254790562945e+00
-2.167704262467855525e+00
-2.167704270133473887e+00
-2.167704277799509693e+00
-2.167704285465961611e+00
-2.167704293120737091e+00
-2.167704300788022564e+00
-2.167704308455725926e+00
-2.167704316111750185e+00
-2.167704323768190999e+00
-2.167704331425046593e+00
-2.167704339094417954e+00
-2.167704346752107991e+00
-2.167704354398113598e+00
-2.167704362056635858e+00
-2.167704369715573787e+00
-2.167704377362826840e+00
-2.167704385022596991e+00
-2.167704392670681823e+00
-2.167704400319181435e+00
-2.167704407968096714e+00
-2.167704415617428548e+00
-2.167704423267175162e+00
-2.167704430917337888e+00
-2.167704438555809965e+00
-2.167704446206802249e+00
-2.167704453846105217e+00
-2.167704461497928392e+00
-2.167704469138060475e+00
-2.167704476778608225e+00
-2.167704484419568534e+00
-2.167704492060944510e+00
-2.167704499690625397e+00
-2.167704507332832264e+00
-2.167704514963340934e+00
-2.167704522606375583e+00
-2.167704530237713811e+00
-2.167704537869464598e+00
-2.167704545501628832e+00
-2.167704553134209178e+00
-2.167704560767204747e+00
-2.167704568400611986e+00
-2.167704576022317475e+00
-2.167704583656552941e+00
-2.167704591279087545e+00
-2.167704598902031154e+00
-2.167704606537510070e+00
-2.167704614161282350e+00
-2.167704621785470298e+00
-2.167704629397948057e+00
-2.167704637022962011e+00
-2.167704644648388523e+00
-2.167704652262103515e+00
-2.167704659876234174e+00
-2.167704667502901028e+00
-2.167704675117857249e+00
-2.167704682733225141e+00
-2.167704690349005148e+00
-2.167704697965199490e+00
-2.167704705569677870e+00
-2.167704713186698662e+00
-2.167704720792002160e+00
-2.167704728409845405e+00
-2.167704736015973577e+00
-2.167704743622512531e+00
-2.167704751229464044e+00
-2.167704758836826784e+00
-2.167704766444604303e+00
-2.167704774040659199e+00
-2.167704781649258283e+00
-2.167704789258271703e+00
-2.167704796855560723e+00
-2.167704804453259193e+00
-2.167704812051372443e+00
-2.167704819649895587e+00
-2.167704827248829513e+00
-2.167704834848175555e+00
-2.167704842447933711e+00
-2.167704850035962583e+00
-2.167704857636544080e+00
-2.167704865225394517e+00
-2.167704872814656181e+00
-2.167704880404329071e+00
-2.167704887994410523e+00
-2.167704895584905422e+00
-2.167704903175808884e+00
-2.167704910767125792e+00
-2.167704918346705867e+00
-2.167704925938842564e+00
-2.167704933519243760e+00
-2.167704941100054405e+00
-2.167704948693424338e+00
-2.167704956275056105e+00
-2.167704963844946597e+00
-2.167704971427398597e+00
-2.167704979010260491e+00
-2.167704986593531835e+00
-2.167704994165062349e+00
-2.167705001736999204e+00
-2.167705009321502896e+00
-2.167705016894260428e+00
-2.167705024467428299e+00
-2.167705032041004287e+00
-2.167705039602834116e+00
-2.167705047177229893e+00
-2.167705054752035565e+00
-2.167705062315091968e+00
-2.167705069890716540e+00
-2.167705077454591844e+00
-2.167705085018872602e+00
-2.167705092583565474e+00
-2.167705100148666020e+00
-2.167705107714176904e+00
-2.167705115267930971e+00
-2.167705122834257647e+00
-2.167705130388830170e+00
-2.167705137955975747e+00
-2.167705145511362730e+00
-2.167705153067156498e+00
-2.167705160623361937e+00
-2.167705168179975050e+00
-2.167705175736994949e+00
-2.167705183294424742e+00
-2.167705190840091056e+00
-2.167705198398336641e+00
-2.167705205944819635e+00
-2.167705213491708971e+00
-2.167705221051178466e+00
-2.167705228598884482e+00
-2.167705236134822133e+00
-2.167705243683342164e+00
-2.167705251232269426e+00
-2.167705258781605249e+00
-2.167705266319171820e+00
-2.167705273869321658e+00
-2.167705281407701801e+00
-2.167705288946489617e+00
-2.167705296485684219e+00
-2.167705304025283386e+00
-2.167705311565292448e+00
-2.167705319105706963e+00
-2.167705326634346008e+00
-2.167705334175574095e+00
-2.167705341705026711e+00
-2.167705349234883450e+00
-2.167705356765148750e+00
-2.167705364308004423e+00
-2.167705371839081963e+00
-2.167705379358378259e+00
-2.167705386890269370e+00
-2.167705394422564602e+00
-2.167705401943077259e+00
-2.167705409476186951e+00
-2.167705416997511403e+00
-2.167705424519241753e+00
-2.167705432041377556e+00
-2.167705439563918368e+00
-2.167705447086865078e+00
-2.167705454610219018e+00
-2.167705462121782389e+00
-2.167705469645946792e+00
-2.167705477158321070e+00
-2.167705484683295936e+00
-2.167705492196480233e+00
-2.167705499710072203e+00
-2.167705507224063854e+00
-2.167705514738463624e+00
-2.167705522253267958e+00
-2.167705529756276395e+00
-2.167705537271891192e+00
-2.167705544775708315e+00
-2.167705552292132243e+00
-2.167705559796760273e+00
-2.167705567301791092e+00
-2.167705574807225144e+00
-2.167705582313064649e+00
-2.167705589819309608e+00
-2.167705597313752897e+00
-2.167705604820802989e+00
-2.167705612328260312e+00
-2.167705619823913743e+00
-2.167705627319970407e+00
-2.167705634816430305e+00
-2.167705642313293879e+00
-2.167705649810562463e+00
-2.167705657308233835e+00
-2.167705664806308441e+00
-2.167705672292575603e+00
-2.167705679791458007e+00
-2.167705687278528970e+00
-2.167705694778219172e+00
-2.167705702266097934e+00
-2.167705709754379928e+00
-2.167705717243064711e+00
-2.167705724732152284e+00
-2.167705732209424863e+00
-2.167705739699318457e+00
-2.167705747177395725e+00
-2.167705754668094897e+00
-2.167705762146976411e+00
-2.167705769626260714e+00
-2.167705777105946474e+00
-2.167705784586035467e+00
-2.167705792066526804e+00
-2.167705799547420042e+00
-2.167705807028717402e+00
-2.167705814498190886e+00
-2.167705821980291603e+00
-2.167705829450567556e+00
-2.167705836921245854e+00
-2.167705844392326497e+00
-2.167705851863809041e+00
-2.167705859335690821e+00
-2.167705866807977610e+00
-2.167705874280663636e+00
-2.167705881741521345e+00
-2.167705889215012061e+00
-2.167705896676672239e+00
-2.167705904138732542e+00
-2.167705911601195190e+00
-2.167705919076292176e+00
-2.167705926527320859e+00
-2.167705933990986100e+00
-2.167705941455051466e+00
-2.167705948919518288e+00
-2.167705956372149689e+00
-2.167705963825181659e+00
-2.167705971290850631e+00
-2.167705978744682405e+00
-2.167705986198914747e+00
-2.167705993653547214e+00
-2.167706001108579805e+00
-2.167706008564013409e+00
-2.167706016007604486e+00
-2.167706023463838338e+00
-2.167706030908228332e+00
-2.167706038353018894e+00
-2.167706045810452675e+00
-2.167706053256044374e+00
-2.167706060702033088e+00
-2.167706068148421927e+00
-2.167706075582962910e+00
-2.167706083030150666e+00
-2.167706090477738989e+00
-2.167706097913476349e+00
-2.167706105361864033e+00
-2.167706112798402085e+00
-2.167706120235336265e+00
-2.167706127672670124e+00
-2.167706135110401888e+00
-2.167706142548535109e+00
-2.167706149974811591e+00
-2.167706157413742396e+00
-2.167706164853071993e+00
-2.167706172280543520e+00
-2.167706179708414282e+00
-2.167706187136682505e+00
-2.167706194565349520e+00
-2.167706201994414883e+00
-2.167706209423880814e+00
-2.167706216853741097e+00
-2.167706224284001948e+00
-2.167706231702398512e+00
-2.167706239133456947e+00
-2.167706246552648874e+00
-2.167706253972240038e+00
-2.167706261392228662e+00
-2.167706268812614745e+00
-2.167706276233398732e+00
-2.167706283654579735e+00
-2.167706291076158198e+00
-2.167706298485867933e+00
-2.167706305908243536e+00
-2.167706313318745970e+00
-2.167706320729647196e+00
-2.167706328153214290e+00
-2.167706335564909992e+00
-2.167706342977001821e+00
-2.167706350377218261e+00
-2.167706357790104121e+00
-2.167706365203387886e+00
-2.167706372604793597e+00
-2.167706380018870949e+00
-2.167706387421068914e+00
-2.167706394823665228e+00
-2.167706402226657225e+00
-2.167706409630046682e+00
-2.167706417033829158e+00
-2.167706424438009094e+00
-2.167706431842587822e+00
-2.167706439235281390e+00
-2.167706446640651485e+00
-2.167706454034137309e+00
-2.167706461428017040e+00
-2.167706468822294674e+00
-2.167706476216966216e+00
-2.167706483612034774e+00
-2.167706491007498570e+00
-2.167706498403358495e+00
-2.167706505787327487e+00
-2.167706513183978778e+00
-2.167706520568738693e+00
-2.167706527966180463e+00
-2.167706535351731301e+00
-2.167706542737676489e+00
-2.167706550124016474e+00
-2.167706557510752585e+00
-2.167706564897881272e+00
-2.167706572273115029e+00
-2.167706579661035526e+00
-2.167706587037058874e+00
-2.167706594425768962e+00
-2.167706601802580124e+00
-2.167706609179785637e+00
-2.167706616557386390e+00
-2.167706623935381050e+00
-2.167706631313770060e+00
-2.167706638692553867e+00
-2.167706646059433417e+00
-2.167706653439005926e+00
-2.167706660806673291e+00
-2.167706668174734563e+00
-2.167706675555490570e+00
-2.167706682924339212e+00
-2.167706690293581318e+00
-2.167706697650914283e+00
-2.167706705020943758e+00
-2.167706712391366697e+00
-2.167706719749879607e+00
-2.167706727121090804e+00
-2.167706734480389308e+00
-2.167706741852386543e+00
-2.167706749212473305e+00
-2.167706756572952198e+00
-2.167706763933821890e+00
-2.167706771282777112e+00
-2.167706778644434173e+00
-2.167706786006484698e+00
-2.167706793356616757e+00
-2.167706800719453319e+00
-2.167706808070370528e+00
-2.167706815421679867e+00
-2.167706822773381337e+00
-2.167706830125475381e+00
-2.167706837477962889e+00
-2.167706844830840751e+00
-2.167706852184113409e+00
-2.167706859525460050e+00
-2.167706866879516081e+00
-2.167706874221646984e+00
-2.167706881564169574e+00
-2.167706888919402441e+00
-2.167706896262708849e+00
-2.167706903606407387e+00
-2.167706910938174580e+00
-2.167706918282655160e+00
-2.167706925627530090e+00
-2.167706932960469679e+00
-2.167706940306125762e+00
-2.167706947639849169e+00
-2.167706954973963374e+00
-2.167706962308468821e+00
-2.167706969643365067e+00
-2.167706976978652111e+00
-2.167706984314329954e+00
-2.167706991650400372e+00
-2.167706998974531896e+00
-2.167707006311384355e+00
-2.167707013636296587e+00
-2.167707020973930199e+00
-2.167707028299624472e+00
-2.167707035625707768e+00
-2.167707042952182750e+00
-2.167707050279047198e+00
-2.167707057593966535e+00
-2.167707064921612581e+00
-2.167707072249648537e+00
-2.167707079565737160e+00
-2.167707086882217027e+00
-2.167707094211424934e+00
-2.167707101528684177e+00
-2.167707108846332442e+00
-2.167707116164371062e+00
-2.167707123482800036e+00
-2.167707130789276349e+00
-2.167707138108483811e+00
-2.167707145415739500e+00
-2.167707152735726339e+00
-2.167707160043760517e+00
-2.167707167352181941e+00
-2.167707174660993275e+00
-2.167707181970193631e+00
-2.167707189279783897e+00
-2.167707196589762297e+00
-2.167707203900129276e+00
-2.167707211198538708e+00
-2.167707218509685507e+00
-2.167707225808870319e+00
-2.167707233120794719e+00
-2.167707240420757575e+00
-2.167707247721109898e+00
-2.167707255021848134e+00
-2.167707262322976280e+00
-2.167707269612138443e+00
-2.167707276914043302e+00
-2.167707284216337182e+00
-2.167707291506662415e+00
-2.167707298797376225e+00
-2.167707306100835840e+00
-2.167707313392325030e+00
-2.167707320684202799e+00
-2.167707327976467369e+00
-2.167707335269120961e+00
-2.167707342549800131e+00
-2.167707349843228659e+00
-2.167707357137046209e+00
-2.167707364418888893e+00
-2.167707371701116603e+00
-2.167707378996097223e+00
-2.167707386279100756e+00
-2.167707393562491092e+00
-2.167707400846269117e+00
-2.167707408118067391e+00
-2.167707415402619464e+00
-2.167707422687558338e+00
-2.167707429960516574e+00
-2.167707437246229496e+00
-2.167707444519960891e+00
-2.167707451794077755e+00
-2.167707459068581421e+00
-2.167707466343472333e+00
-2.167707473618749603e+00
-2.167707480894412342e+00
-2.167707488170462771e+00
-2.167707495434525455e+00
-2.167707502711348155e+00
-2.167707509976182667e+00
-2.167707517241404425e+00
-2.167707524507008987e+00
-2.167707531772998131e+00
-2.167707539039375852e+00
-2.167707546306139044e+00
-2.167707553573287704e+00
-2.167707560840822723e+00
-2.167707568096362003e+00
-2.167707575364668404e+00
-2.167707582620979956e+00
-2.167707589877674756e+00
-2.167707597134753694e+00
-2.167707604404605526e+00
-2.167707611650071087e+00
-2.167707618908307765e+00
-2.167707626166928581e+00
-2.167707633425935754e+00
-2.167707640672939640e+00
-2.167707647932716419e+00
-2.167707655180489024e+00
-2.167707662428647986e+00
-2.167707669677190196e+00
-2.167707676926116545e+00
-2.167707684175427474e+00
-2.167707691425124317e+00
-2.167707698675204853e+00
-2.167707705913278105e+00
-2.167707713164126027e+00
-2.167707720402965332e+00
-2.167707727654584637e+00
-2.167707734894191773e+00
-2.167707742134183491e+00
-2.167707749374557569e+00
-2.167707756615317116e+00
-2.167707763856461245e+00
-2.167707771097987735e+00
-2.167707778327498946e+00
-2.167707785569792378e+00
-2.167707792800069644e+00
-2.167707800030729270e+00
-2.167707807274176446e+00
-2.167707814505604347e+00
-2.167707821737415053e+00
-2.167707828969608119e+00
-2.167707836189779247e+00
-2.167707843422738812e+00
-2.167707850656082069e+00
-2.167707857877400279e+00
-2.167707865099101294e+00
-2.167707872333595631e+00
-2.167707879556060924e+00
-2.167707886778910797e+00
-2.167707894002142144e+00
-2.167707901225757627e+00
-2.167707908449753695e+00
-2.167707915661721163e+00
-2.167707922886483729e+00
-2.167707930099214142e+00
-2.167707937324740985e+00
-2.167707944538236120e+00
-2.167707951752111839e+00
-2.167707958966369919e+00
-2.167707966181009471e+00
-2.167707973396033605e+00
-2.167707980611437879e+00
-2.167707987827224514e+00
-2.167707995030972778e+00
-2.167708002247522803e+00
-2.167708009452033124e+00
-2.167708016656925807e+00
-2.167708023874621581e+00
-2.167708031080277209e+00
-2.167708038286312977e+00
-2.167708045480304158e+00
-2.167708052687103315e+00
-2.167708059894283501e+00
-2.167708067089417767e+00
-2.167708074297360454e+00
-2.167708081493254557e+00
-2.167708088701961078e+00
-2.167708095898618570e+00
-2.167708103095656647e+00
-2.167708110293075308e+00
-2.167708117490873665e+00
-2.167708124676622550e+00
-2.167708131875182076e+00
-2.167708139074123075e+00
-2.167708146261011048e+00
-2.167708153448277386e+00
-2.167708160648360582e+00
-2.167708167836388533e+00
-2.167708175024795736e+00
-2.167708182213583523e+00
-2.167708189402751451e+00
-2.167708196592298187e+00
-2.167708203769787012e+00
-2.167708210960094473e+00
-2.167708218138342247e+00
-2.167708225329409544e+00
-2.167708232508415378e+00
-2.167708239687800020e+00
-2.167708246867564359e+00
-2.167708254047707950e+00
-2.167708261228231237e+00
-2.167708268409132444e+00
-2.167708275577969079e+00
-2.167708282759629679e+00
-2.167708289929222154e+00
-2.167708297111641702e+00
-2.167708304281993126e+00
-2.167708311452722025e+00
-2.167708318623830177e+00
-2.167708325795315361e+00
-2.167708332967180240e+00
-2.167708340139425260e+00
-2.167708347299595051e+00
-2.167708354472596799e+00
-2.167708361633522429e+00
-2.167708368807280461e+00
-2.167708375968961487e+00
-2.167708383131023098e+00
-2.167708390293460408e+00
-2.167708397456276970e+00
-2.167708404619470564e+00
-2.167708411783042521e+00
-2.167708418946993287e+00
-2.167708426098861274e+00
-2.167708433263568768e+00
-2.167708440416191262e+00
-2.167708447569192565e+00
-2.167708454735032930e+00
-2.167708461888787852e+00
-2.167708469042921138e+00
-2.167708476184967203e+00
-2.167708483339854109e+00
-2.167708490495119822e+00
-2.167708497638296095e+00
-2.167708504794314539e+00
-2.167708511938243987e+00
-2.167708519095019160e+00
-2.167708526239701339e+00
-2.167708533384761438e+00
-2.167708540530198125e+00
-2.167708547676010067e+00
-2.167708554822201705e+00
-2.167708561956295021e+00
-2.167708569103237615e+00
-2.167708576238084550e+00
-2.167708583385779875e+00
-2.167708590521379097e+00
-2.167708597657354019e+00
-2.167708604793704197e+00
-2.167708611930430074e+00
-2.167708619067533427e+00
-2.167708626205011146e+00
-2.167708633342864566e+00
-2.167708640468617887e+00
-2.167708647607224925e+00
-2.167708654733726981e+00
-2.167708661873085418e+00
-2.167708669000338428e+00
-2.167708676127966694e+00
-2.167708683255970215e+00
-2.167708690384350767e+00
-2.167708697513105243e+00
-2.167708704629749850e+00
-2.167708711759254392e+00
-2.167708718876648621e+00
-2.167708726006905007e+00
-2.167708733125047971e+00
-2.167708740243566634e+00
-2.167708747374948786e+00
-2.167708754494216628e+00
-2.167708761601367495e+00
-2.167708768721385404e+00
-2.167708775841776792e+00
-2.167708782962544323e+00
-2.167708790071192215e+00
-2.167708797192708481e+00
-2.167708804302104220e+00
-2.167708811411875658e+00
-2.167708818522019243e+00
-2.167708825632537195e+00
-2.167708832743430847e+00
-2.167708839854696201e+00
-2.167708846966337255e+00
-2.167708854078352232e+00
-2.167708861178240909e+00
-2.167708868291004176e+00
-2.167708875391641143e+00
-2.167708882492650702e+00
-2.167708889594033295e+00
-2.167708896695788923e+00
-2.167708903797918474e+00
-2.167708910900421948e+00
-2.167708918003297569e+00
-2.167708925106548445e+00
-2.167708932197664584e+00
-2.167708939301661530e+00
-2.167708946393523739e+00
-2.167708953498267643e+00
-2.167708960590876366e+00
-2.167708967683856791e+00
-2.167708974777209807e+00
-2.167708981870938079e+00
-2.167708988952524951e+00
-2.167708996046996628e+00
-2.167709003141841784e+00
-2.167709010224545541e+00
-2.167709017320134990e+00
-2.167709024403583040e+00
-2.167709031487403681e+00
-2.167709038571595581e+00
-2.167709045656160072e+00
-2.167709052741096265e+00
-2.167709059826404605e+00
-2.167709066912085980e+00
-2.167709073985617962e+00
-2.167709081072043187e+00
-2.167709088146319019e+00
-2.167709095233489425e+00
-2.167709102308506885e+00
-2.167709109383897825e+00
-2.167709116459660468e+00
-2.167709123535793481e+00
-2.167709130612299084e+00
-2.167709137689174614e+00
-2.167709144753896311e+00
-2.167709151831515246e+00
-2.167709158896979016e+00
-2.167709165975340468e+00
-2.167709173041545423e+00
-2.167709180108120748e+00
-2.167709187175068219e+00
-2.167709194242384285e+00
-2.167709201310072498e+00
-2.167709208378132413e+00
-2.167709215446560478e+00
-2.167709222502828492e+00
-2.167709229571999519e+00
-2.167709236629006941e+00
-2.167709243686384291e+00
-2.167709250756667316e+00
-2.167709257814786739e+00
-2.167709264873273867e+00
-2.167709271932132697e+00
-2.167709278978821263e+00
-2.167709286038420835e+00
-2.167709293098388557e+00
-2.167709300146187346e+00
-2.167709307206895364e+00
-2.167709314255432229e+00
-2.167709321304338133e+00
-2.167709328353614850e+00
-2.167709335403260162e+00
-2.167709342453274068e+00
-2.167709349503657901e+00
-2.167709356554411659e+00
-2.167709363605535788e+00
-2.167709370644482103e+00
-2.167709377696343420e+00
-2.167709384736026923e+00
-2.167709391776078576e+00
-2.167709398816499267e+00
-2.167709405869839845e+00
-2.167709412910999056e+00
-2.167709419939974680e+00
-2.167709426981871523e+00
-2.167709434024134740e+00
-2.167709441066767884e+00
-2.167709448097217440e+00
-2.167709455128032925e+00
-2.167709462171774071e+00
-2.167709469203326300e+00
-2.167709476235248012e+00
-2.167709483267537429e+00
-2.167709490300193664e+00
-2.167709497333219382e+00
-2.167709504366612805e+00
-2.167709511387814647e+00
-2.167709518421944814e+00
-2.167709525443881624e+00
-2.167709532478746759e+00
-2.167709539501419869e+00
-2.167709546524458464e+00
-2.167709553547863877e+00
-2.167709560571638328e+00
-2.167709567595779596e+00
-2.167709574620288571e+00
-2.167709581632598415e+00
-2.167709588657843245e+00
-2.167709595670885836e+00
-2.167709602696865190e+00
-2.167709609710642749e+00
-2.167709616724786237e+00
-2.167709623739296543e+00
-2.167709630754173666e+00
-2.167709637769419384e+00
-2.167709644785029255e+00
-2.167709651801007720e+00
-2.167709658817351670e+00
-2.167709665821489828e+00
-2.167709672825992584e+00
-2.167709679843438764e+00
-2.167709686848673822e+00
-2.167709693854275699e+00
-2.167709700860243061e+00
-2.167709707866577240e+00
-2.167709714873277349e+00
-2.167709721880343388e+00
-2.167709728887776688e+00
-2.167709735882994870e+00
-2.167709742891161362e+00
-2.167709749887109627e+00
-2.167709756883423822e+00
-2.167709763892686325e+00
-2.167709770889732823e+00
-2.167709777887143474e+00
-2.167709784884921387e+00
-2.167709791870474856e+00
-2.167709798868983295e+00
-2.167709805867855444e+00
-2.167709812854506257e+00
-2.167709819854110709e+00
-2.167709826841490273e+00
-2.167709833829234878e+00
-2.167709840817343192e+00
-2.167709847818409141e+00
-2.167709854794656721e+00
-2.167709861783860603e+00
-2.167709868773429971e+00
-2.167709875763362604e+00
-2.167709882741066796e+00
-2.167709889731729955e+00
-2.167709896710161566e+00
-2.167709903701554808e+00
-2.167709910680715168e+00
-2.167709917660240571e+00
-2.167709924640129238e+00
-2.167709931620383390e+00
-2.167709938601000363e+00
-2.167709945569380459e+00
-2.167709952550727071e+00
-2.167709959532436947e+00
-2.167709966501907282e+00
-2.167709973471742657e+00
-2.167709980454545438e+00
-2.167709987425106899e+00
-2.167709994396032513e+00
-2.167710001367322725e+00
-2.167710008338974870e+00
-2.167710015310990723e+00
-2.167710022270763925e+00
-2.167710029243505865e+00
-2.167710036204002044e+00
-2.167710043177472734e+00
-2.167710050138695443e+00
-2.167710057100281418e+00
-2.167710064062230657e+00
-2.167710071024541829e+00
-2.167710077987216266e+00
-2.167710084950252192e+00
-2.167710091913652271e+00
-2.167710098877416502e+00
-2.167710105828927425e+00
-2.167710112793415966e+00
-2.167710119745649866e+00
-2.167710126698247919e+00
-2.167710133663825367e+00
-2.167710140617146841e+00
-2.167710147570830248e+00
-2.167710154524877364e+00
-2.167710161466663621e+00
-2.167710168421433714e+00
-2.167710175376565740e+00
-2.167710182319437351e+00
-2.167710189275295019e+00
-2.167710196218889607e+00
-2.167710203162845239e+00
-2.167710210107162361e+00
-2.167710217064468203e+00
-2.167710223996882402e+00
-2.167710230942283545e+00
-2.167710237888048397e+00
-2.167710244834174738e+00
-2.167710251768030005e+00
-2.167710258714880212e+00
-2.167710265649459789e+00
-2.167710272597030752e+00
-2.167710279532331086e+00
-2.167710286467993797e+00
-2.167710293404017108e+00
-2.167710300340401020e+00
-2.167710307277145532e+00
-2.167710314214251532e+00
-2.167710321139082019e+00
-2.167710328076909221e+00
-2.167710335002460464e+00
-2.167710341941009755e+00
-2.167710348867281311e+00
-2.167710355793912580e+00
-2.167710362720903117e+00
-2.167710369648254698e+00
-2.167710376575967324e+00
-2.167710383504040550e+00
-2.167710390432473488e+00
-2.167710397348621587e+00
-2.167710404277775282e+00
-2.167710411194642361e+00
-2.167710418124517702e+00
-2.167710425042105093e+00
-2.167710431960052198e+00
-2.167710438878359014e+00
-2.167710445797025542e+00
-2.167710452716051783e+00
-2.167710459635438625e+00
-2.167710466555184290e+00
-2.167710473462638454e+00
-2.167710480383103100e+00
-2.167710487291274468e+00
-2.167710494199805993e+00
-2.167710501121349331e+00
-2.167710508030598060e+00
-2.167710514940206501e+00
-2.167710521850172434e+00
-2.167710528760499411e+00
-2.167710535658526450e+00
-2.167710542569569743e+00
-2.167710549480972304e+00
-2.167710556380075371e+00
-2.167710563292196468e+00
-2.167710570192014963e+00
-2.167710577092192725e+00
-2.167710583992728868e+00
-2.167710590893622946e+00
-2.167710597794874516e+00
-2.167710604696484022e+00
-2.167710611598455017e+00
-2.167710618500781727e+00
-2.167710625390802726e+00
-2.167710632293846640e+00
-2.167710639184582622e+00
-2.167710646075674763e+00
-2.167710652967125728e+00
-2.167710659871602275e+00
-2.167710666763768668e+00
-2.167710673643623576e+00
-2.167710680536504064e+00
-2.167710687429742933e+00
-2.167710694323339737e+00
-2.167710701204620616e+00
-2.167710708098932848e+00
-2.167710714980929598e+00
-2.167710721863281176e+00
-2.167710728758665439e+00
-2.167710735641733333e+00
-2.167710742525157386e+00
-2.167710749408936266e+00
-2.167710756280397000e+00
-2.167710763164890864e+00
-2.167710770049743108e+00
-2.167710776922270988e+00
-2.167710783807836439e+00
-2.167710790681077526e+00
-2.167710797554673885e+00
-2.167710804441311367e+00
-2.167710811315620933e+00
-2.167710818190287991e+00
-2.167710825052626689e+00
-2.167710831928004289e+00
-2.167710838803740714e+00
-2.167710845679831966e+00
-2.167710852543592637e+00
-2.167710859420397540e+00
-2.167710866284870086e+00
-2.167710873149697459e+00
-2.167710880014880992e+00
-2.167710886880420240e+00
-2.167710893746315204e+00
-2.167710900612565883e+00
-2.167710907479172278e+00
-2.167710914346134832e+00
-2.167710921200757035e+00
-2.167710928068431464e+00
-2.167710934923764210e+00
-2.167710941792149626e+00
-2.167710948648193359e+00
-2.167710955504592807e+00
-2.167710962361345750e+00
-2.167710969218456185e+00
-2.167710976075919227e+00
-2.167710982933737984e+00
-2.167710989791913345e+00
-2.167710996637741250e+00
-2.167711003496624933e+00
-2.167711010343161160e+00
-2.167711017190052214e+00
-2.167711024050003044e+00
-2.167711030897601976e+00
-2.167711037745556624e+00
-2.167711044593864322e+00
-2.167711051442527737e+00
-2.167711058278837477e+00
-2.167711065128209214e+00
-2.167711071977934889e+00
-2.167711078815306891e+00
-2.167711085665741777e+00
-2.167711092503820769e+00
-2.167711099342253700e+00
-2.167711106181039682e+00
-2.167711113020179603e+00
-2.167711119859672575e+00
-2.167711126699519930e+00
-2.167711133539720336e+00
-2.167711140380274681e+00
-2.167711147208468692e+00
-2.167711154049730027e+00
-2.167711160878628363e+00
-2.167711167720598464e+00
-2.167711174550204678e+00
-2.167711181380162166e+00
-2.167711188210474482e+00
-2.167711195041138961e+00
-2.167711201872156046e+00
-2.167711208703527070e+00
-2.167711215522527102e+00
-2.167711222354602896e+00
-2.167711229187033961e+00
-2.167711236007092257e+00
-2.167711242827503160e+00
-2.167711249660992046e+00
-2.167711256482107274e+00
-2.167711263303576885e+00
-2.167711270125397327e+00
-2.167711276947569488e+00
-2.167711283757366658e+00
-2.167711290580244032e+00
-2.167711297403474013e+00
-2.167711304214326340e+00
-2.167711311038259758e+00
-2.167711317849816854e+00
-2.167711324661722561e+00
-2.167711331473982206e+00
-2.167711338286592238e+00
-2.167711345099555320e+00
-2.167711351912867901e+00
-2.167711358726533533e+00
-2.167711365540551327e+00
-2.167711372342183918e+00
-2.167711379156904261e+00
-2.167711385959237624e+00
-2.167711392774662738e+00
-2.167711399577698650e+00
-2.167711406381086281e+00
-2.167711413184824298e+00
-2.167711419988914923e+00
-2.167711426793354601e+00
-2.167711433598145110e+00
-2.167711440403288670e+00
-2.167711447196038588e+00
-2.167711454001883364e+00
-2.167711460795334055e+00
-2.167711467589133800e+00
-2.167711474396031957e+00
-2.167711481190533362e+00
-2.167711487985385155e+00
-2.167711494780588222e+00
-2.167711501576140343e+00
-2.167711508372043738e+00
-2.167711515155545943e+00
-2.167711521952149667e+00
-2.167711528749104666e+00
-2.167711535533657141e+00
-2.167711542318558671e+00
-2.167711549116563496e+00
-2.167711555902163578e+00
-2.167711562688117155e+00
-2.167711569474416677e+00
-2.167711576261067030e+00
-2.167711583048065993e+00
-2.167711589822657992e+00
-2.167711596610357283e+00
-2.167711603398407405e+00
-2.167711610174047010e+00
-2.167711616962795684e+00
-2.167711623739132953e+00
-2.167711630515818833e+00
-2.167711637292854210e+00
-2.167711644070239529e+00
-2.167711650847972571e+00
-2.167711657626055555e+00
-2.167711664404486704e+00
-2.167711671170502008e+00
-2.167711677949632598e+00
-2.167711684716342901e+00
-2.167711691496171156e+00
-2.167711698263579567e+00
-2.167711705031337477e+00
-2.167711711799443108e+00
-2.167711718567896018e+00
-2.167711725336698425e+00
-2.167711732105848110e+00
-2.167711738875348182e+00
-2.167711745645195087e+00
-2.167711752402617265e+00
-2.167711759173161390e+00
-2.167711765931279455e+00
-2.167711772702520800e+00
-2.167711779461335198e+00
-2.167711786220495096e+00
-2.167711792980004049e+00
-2.167711799739860723e+00
-2.167711806500066007e+00
-2.167711813260618126e+00
-2.167711820008737966e+00
-2.167711826769985528e+00
-2.167711833518798148e+00
-2.167711840280742042e+00
-2.167711847030249661e+00
-2.167711853792889443e+00
-2.167711860543091618e+00
-2.167711867293641959e+00
-2.167711874044536469e+00
-2.167711880795781365e+00
-2.167711887534584214e+00
-2.167711894286521890e+00
-2.167711901038806843e+00
-2.167711907778648861e+00
-2.167711914531628370e+00
-2.167711921272164943e+00
-2.167711928013046574e+00
-2.167711934767067028e+00
-2.167711941508643658e+00
-2.167711948250564458e+00
-2.167711954992834311e+00
-2.167711961735449222e+00
-2.167711968465614092e+00
-2.167711975208922670e+00
-2.167711981952575861e+00
-2.167711988683779012e+00
-2.167711995415329884e+00
-2.167712002160023133e+00
-2.167712008892264564e+00
-2.167712015624851496e+00
-2.167712022357783930e+00
-2.167712029091062309e+00
-2.167712035824686634e+00
-2.167712042558655128e+00
-2.167712049280169140e+00
-2.167712056014828637e+00
-2.167712062749838520e+00
-2.167712069472386816e+00
-2.167712076195280613e+00
-2.167712082931325668e+00
-2.167712089654910912e+00
-2.167712096378839881e+00
-2.167712103103114352e+00
-2.167712109827733435e+00
-2.167712116552698909e+00
-2.167712123265198354e+00
-2.167712129990852610e+00
-2.167712136704041725e+00
-2.167712143430386984e+00
-2.167712150144263550e+00
-2.167712156871299367e+00
-2.167712163585866492e+00
-2.167712170300779118e+00
-2.167712177016033248e+00
-2.167712183731633768e+00
-2.167712190447578013e+00
-2.167712197151050013e+00
-2.167712203867683485e+00
-2.167712210584662014e+00
-2.167712217289166077e+00
-2.167712223994012533e+00
-2.167712230712023125e+00
-2.167712237417557919e+00
-2.167712244123437770e+00
-2.167712250829659126e+00
-2.167712257536222431e+00
-2.167712264243135678e+00
-2.167712270950388653e+00
-2.167712277657986686e+00
-2.167712284353101815e+00
-2.167712291061388186e+00
-2.167712297757189877e+00
-2.167712304466165474e+00
-2.167712311162652394e+00
-2.167712317859483484e+00
-2.167712324556659187e+00
-2.167712331254176839e+00
-2.167712337952038215e+00
-2.167712344650242429e+00
-2.167712351348789035e+00
-2.167712358034846520e+00
-2.167712364734081021e+00
-2.167712371420823736e+00
-2.167712378120744354e+00
-2.167712384808172743e+00
-2.167712391495942192e+00
-2.167712398184054923e+00
-2.167712404872511378e+00
-2.167712411561307118e+00
-2.167712418250448358e+00
-2.167712424939930216e+00
-2.167712431629756686e+00
-2.167712438307082934e+00
-2.167712444997593302e+00
-2.167712451675603447e+00
-2.167712458366799932e+00
-2.167712465045493087e+00
-2.167712471724530854e+00
-2.167712478403908793e+00
-2.167712485083628238e+00
-2.167712491763690075e+00
-2.167712498444092972e+00
-2.167712505111992538e+00
-2.167712511793079333e+00
-2.167712518474507188e+00
-2.167712525143429048e+00
-2.167712531825543021e+00
-2.167712538495147889e+00
-2.167712545165092930e+00
-2.167712551835379031e+00
-2.167712558506005749e+00
-2.167712565176974415e+00
-2.167712571848285918e+00
-2.167712578519934929e+00
-2.167712585191927666e+00
-2.167712591851406412e+00
-2.167712598524079493e+00
-2.167712605184238583e+00
-2.167712611844738735e+00
-2.167712618518436329e+00
-2.167712625179616825e+00
-2.167712631841137494e+00
-2.167712638502999667e+00
-2.167712645165201124e+00
-2.167712651827744086e+00
-2.167712658477763288e+00
-2.167712665140987482e+00
-2.167712671804552294e+00
-2.167712678455591568e+00
-2.167712685119837612e+00
-2.167712691771556344e+00
-2.167712698423616580e+00
-2.167712705076015212e+00
-2.167712711728755792e+00
-2.167712718381833881e+00
-2.167712725035253030e+00
-2.167712731689014127e+00
-2.167712738343110956e+00
-2.167712744984678253e+00
-2.167712751639458091e+00
-2.167712758281703955e+00
-2.167712764937162806e+00
-2.167712771580086795e+00
-2.167712778223350512e+00
-2.167712784866953957e+00
-2.167712791510895798e+00
-2.167712798155176479e+00
-2.167712804799798221e+00
-2.167712811444757470e+00
-2.167712818077178305e+00
-2.167712824722817899e+00
-2.167712831368795001e+00
-2.167712838002231912e+00
-2.167712844636006331e+00
-2.167712851283002173e+00
-2.167712857917455160e+00
-2.167712864552245655e+00
-2.167712871187375434e+00
-2.167712877822843165e+00
-2.167712884445764043e+00
-2.167712891081909454e+00
-2.167712897718394149e+00
-2.167712904342328883e+00
-2.167712910979489038e+00
-2.167712917604100120e+00
-2.167712924241939287e+00
-2.167712930867225829e+00
-2.167712937492851211e+00
-2.167712944118813212e+00
-2.167712950745114941e+00
-2.167712957371752402e+00
-2.167712963998729592e+00
-2.167712970613150603e+00
-2.167712977240802807e+00
-2.167712983855898834e+00
-2.167712990484226054e+00
-2.167712997099997096e+00
-2.167713003716103426e+00
-2.167713010345445390e+00
-2.167713016962226291e+00
-2.167713023579348253e+00
-2.167713030196803281e+00
-2.167713036814594929e+00
-2.167713043419826846e+00
-2.167713050038294398e+00
-2.167713056657100346e+00
-2.167713063263339901e+00
-2.167713069869916076e+00
-2.167713076489732327e+00
-2.167713083096982629e+00
-2.167713089704569107e+00
-2.167713096312491317e+00
-2.167713102920750146e+00
-2.167713109529346038e+00
-2.167713116138277663e+00
-2.167713122747547239e+00
-2.167713129344244649e+00
-2.167713135954185688e+00
-2.167713142551553229e+00
-2.167713149162170616e+00
-2.167713155760210064e+00
-2.167713162358584800e+00
-2.167713168970210713e+00
-2.167713175569259576e+00
-2.167713182168643282e+00
-2.167713188755448606e+00
-2.167713195355503775e+00
-2.167713201955896007e+00
-2.167713208556624860e+00
-2.167713215144769112e+00
-2.167713221746170316e+00
-2.167713228334985143e+00
-2.167713234924137922e+00
-2.167713241526544987e+00
-2.167713248116368341e+00
-2.167713254706524761e+00
-2.167713261297018246e+00
-2.167713267887845241e+00
-2.167713274466086304e+00
-2.167713281057586094e+00
-2.167713287649418508e+00
-2.167713294228662768e+00
-2.167713300821167532e+00
-2.167713307401080591e+00
-2.167713313981327605e+00
-2.167713320561909907e+00
-2.167713327155755376e+00
-2.167713333737005588e+00
-2.167713340318593751e+00
-2.167713346887581771e+00
-2.167713353469836512e+00
-2.167713360052426985e+00
-2.167713366622419091e+00
-2.167713373205676586e+00
-2.167713379776336602e+00
-2.167713386360265559e+00
-2.167713392931592153e+00
-2.167713399503254035e+00
-2.167713406075250315e+00
-2.167713412647578330e+00
-2.167713419220240745e+00
-2.167713425793237114e+00
-2.167713432366569215e+00
-2.167713438927294511e+00
-2.167713445501291858e+00
-2.167713452075625824e+00
-2.167713458637351209e+00
-2.167713465199409217e+00
-2.167713471774743716e+00
-2.167713478337468302e+00
-2.167713484900525511e+00
-2.167713491463918007e+00
-2.167713498027644015e+00
-2.167713504591701756e+00
-2.167713511143144700e+00
-2.167713517707870352e+00
-2.167713524272927739e+00
-2.167713530825370327e+00
-2.167713537378144206e+00
-2.167713543944201682e+00
-2.167713550497642583e+00
-2.167713557051413886e+00
-2.167713563605519145e+00
-2.167713570159956582e+00
-2.167713576714727530e+00
-2.167713583269829769e+00
-2.167713589825266851e+00
-2.167713596368078921e+00
-2.167713602924179916e+00
-2.167713609480613091e+00
-2.167713616024422585e+00
-2.167713622568562037e+00
-2.167713629113035001e+00
-2.167713635670798666e+00
-2.167713642215935987e+00
-2.167713648761403711e+00
-2.167713655307204945e+00
-2.167713661840374506e+00
-2.167713668386839210e+00
-2.167713674933635204e+00
-2.167713681467799525e+00
-2.167713688015259432e+00
-2.167713694550085002e+00
-2.167713701098210155e+00
-2.167713707633699638e+00
-2.167713714169521300e+00
-2.167713720705672920e+00
-2.167713727242156274e+00
-2.167713733778970919e+00
-2.167713740316115967e+00
-2.167713746840622679e+00
-2.167713753378430752e+00
-2.167713759916570115e+00
-2.167713766442069367e+00
-2.167713772980871312e+00
-2.167713779507030480e+00
-2.167713786033521828e+00
-2.167713792560342689e+00
-2.167713799087494397e+00
-2.167713805614974731e+00
-2.167713812142789020e+00
-2.167713818670931936e+00
-2.167713825199406585e+00
-2.167713831715232242e+00
-2.167713838244366809e+00
-2.167713844773833998e+00
-2.167713851290649529e+00
-2.167713857807795463e+00
-2.167713864338252971e+00
-2.167713870856059710e+00
-2.167713877374194631e+00
-2.167713883892660398e+00
-2.167713890411456124e+00
-2.167713896917596195e+00
-2.167713903437051393e+00
-2.167713909956836993e+00
-2.167713916463964718e+00
-2.167713922984409791e+00
-2.167713929492196101e+00
-2.167713936013301534e+00
-2.167713942521746873e+00
-2.167713949030522169e+00
-2.167713955539624759e+00
-2.167713962049057752e+00
-2.167713968558821147e+00
-2.167713975068912724e+00
-2.167713981579334259e+00
-2.167713988077089038e+00
-2.167713994588168269e+00
-2.167714001086582076e+00
-2.167714007598319448e+00
-2.167714014097389175e+00
-2.167714020596788416e+00
-2.167714027109514774e+00
-2.167714033609570823e+00
-2.167714040109956386e+00
-2.167714046610671019e+00
-2.167714053098710902e+00
-2.167714059600080567e+00
-2.167714066101781079e+00
-2.167714072590804619e+00
-2.167714079093161939e+00
-2.167714085582841399e+00
-2.167714092085857747e+00
-2.167714098576193571e+00
-2.167714105066858910e+00
-2.167714111557851098e+00
-2.167714118049172356e+00
-2.167714124540821796e+00
-2.167714131032796754e+00
-2.167714137525101670e+00
-2.167714144017735656e+00
-2.167714150497684678e+00
-2.167714156990973251e+00
-2.167714163471578193e+00
-2.167714169952509096e+00
-2.167714176446781771e+00
-2.167714182928367705e+00
-2.167714189410282266e+00
-2.167714195892524121e+00
-2.167714202375091048e+00
-2.167714208857986602e+00
-2.167714215341210782e+00
-2.167714221811741115e+00
-2.167714228295619883e+00
-2.167714234766804360e+00
-2.167714241251337270e+00
-2.167714247723174115e+00
-2.167714254208362057e+00
-2.167714260680854377e+00
-2.167714267153673102e+00
-2.167714273626820010e+00
-2.167714280100290658e+00
-2.167714286574089044e+00
-2.167714293048215168e+00
-2.167714299509639897e+00
-2.167714305984419276e+00
-2.167714312459525949e+00
-2.167714318921930339e+00
-2.167714325384658913e+00
-2.167714331860744803e+00
-2.167714338324125745e+00
-2.167714344787833536e+00
-2.167714351251867733e+00
-2.167714357716229223e+00
-2.167714364180914899e+00
-2.167714370645926980e+00
-2.167714377111265467e+00
-2.167714383563893232e+00
-2.167714390029884530e+00
-2.167714396483163775e+00
-2.167714402949806995e+00
-2.167714409403735942e+00
-2.167714415857992627e+00
-2.167714422312573053e+00
-2.167714428780520564e+00
-2.167714435235754245e+00
-2.167714441678269655e+00
-2.167714448134151262e+00
-2.167714454590360162e+00
-2.167714461046895025e+00
-2.167714467490709396e+00
-2.167714473947894405e+00
-2.167714480392358478e+00
-2.167714486850194078e+00
-2.167714493295308742e+00
-2.167714499740747591e+00
-2.167714506186512846e+00
-2.167714512632599622e+00
-2.167714519079012803e+00
-2.167714525525752389e+00
-2.167714531972814385e+00
-2.167714538420202341e+00
-2.167714544854861813e+00
-2.167714551302899917e+00
-2.167714557738208203e+00
-2.167714564186895565e+00
-2.167714570622852222e+00
-2.167714577059133951e+00
-2.167714583495738534e+00
-2.167714589932667302e+00
-2.167714596369921587e+00
-2.167714602807499169e+00
-2.167714609245400936e+00
-2.167714615683626889e+00
-2.167714622109115474e+00
-2.167714628547988465e+00
-2.167714634974125421e+00
-2.167714641413647669e+00
-2.167714647840431663e+00
-2.167714654267538066e+00
-2.167714660708033758e+00
-2.167714667135788087e+00
-2.167714673563864825e+00
-2.167714679992265747e+00
-2.167714686407923974e+00
-2.167714692836971935e+00
-2.167714699266343636e+00
-2.167714705682969090e+00
-2.167714712112987385e+00
-2.167714718530260765e+00
-2.167714724960925210e+00
-2.167714731378842075e+00
-2.167714737797082236e+00
-2.167714744215645251e+00
-2.167714750634532006e+00
-2.167714757053740282e+00
-2.167714763473270967e+00
-2.167714769893125837e+00
-2.167714776313302671e+00
-2.167714782720726596e+00
-2.167714789141549581e+00
-2.167714795549616547e+00
-2.167714801971085237e+00
-2.167714808379797464e+00
-2.167714814788830768e+00
-2.167714821198188702e+00
-2.167714827607866379e+00
-2.167714834017866465e+00
-2.167714840428188516e+00
-2.167714846838834308e+00
-2.167714853249799845e+00
-2.167714859661092230e+00
-2.167714866059616607e+00
-2.167714872471550702e+00
-2.167714878870719009e+00
-2.167714885270210612e+00
-2.167714891683110601e+00
-2.167714898083244801e+00
-2.167714904483698746e+00
-2.167714910884475987e+00
-2.167714917285573861e+00
-2.167714923686994588e+00
-2.167714930088736391e+00
-2.167714936477707077e+00
-2.167714942880090589e+00
-2.167714949282796510e+00
-2.167714955672731314e+00
-2.167714962062983641e+00
-2.167714968466653680e+00
-2.167714974857549493e+00
-2.167714981248766382e+00
-2.167714987640303903e+00
-2.167714994032161169e+00
-2.167715000424340399e+00
-2.167715006816840262e+00
-2.167715013209660757e+00
-2.167715019589701253e+00
-2.167715025983163457e+00
-2.167715032363844330e+00
-2.167715038757948687e+00
-2.167715045139269492e+00
-2.167715051520911373e+00
-2.167715057915977184e+00
-2.167715064298260330e+00
-2.167715070680862333e+00
-2.167715077063785856e+00
-2.167715083447027347e+00
-2.167715089817481733e+00
-2.167715096201364045e+00
-2.167715102585567877e+00
-2.167715108956980608e+00
-2.167715115341824372e+00
-2.167715121713876147e+00
-2.167715128086247223e+00
-2.167715134472052441e+00
-2.167715140845062116e+00
-2.167715147218393312e+00
-2.167715153592042476e+00
-2.167715159966012273e+00
-2.167715166340300925e+00
-2.167715172701793591e+00
-2.167715179076720400e+00
-2.167715185451967841e+00
-2.167715191814416631e+00
-2.167715198190303116e+00
-2.167715204553389174e+00
-2.167715210916794533e+00
-2.167715217280517859e+00
-2.167715223657683321e+00
-2.167715230022043471e+00
-2.167715236386724253e+00
-2.167715242738601056e+00
-2.167715249103918218e+00
-2.167715255469555125e+00
-2.167715261835511331e+00
-2.167715268188658673e+00
-2.167715274555252591e+00
-2.167715280909037645e+00
-2.167715287263140223e+00
-2.167715293630691153e+00
-2.167715299985430999e+00
-2.167715306340487924e+00
-2.167715312695863261e+00
-2.167715319051557898e+00
-2.167715325407570059e+00
-2.167715331763900632e+00
-2.167715338107414347e+00
-2.167715344464382188e+00
-2.167715350808530506e+00
-2.167715357166135171e+00
-2.167715363510919424e+00
-2.167715369869159581e+00
-2.167715376214581102e+00
-2.167715382560317927e+00
-2.167715388906372276e+00
-2.167715395252745481e+00
-2.167715401599436653e+00
-2.167715407946444017e+00
-2.167715414280627861e+00
-2.167715420628270717e+00
-2.167715426976231541e+00
-2.167715433311365736e+00
-2.167715439659962051e+00
-2.167715445995730406e+00
-2.167715452331815396e+00
-2.167715458668217909e+00
-2.167715465018083876e+00
-2.167715471355119217e+00
-2.167715477692473414e+00
-2.167715484030142026e+00
-2.167715490354979124e+00
-2.167715496693282784e+00
-2.167715503031903079e+00
-2.167715509357688752e+00
-2.167715515696942763e+00
-2.167715522023361707e+00
-2.167715528363250321e+00
-2.167715534690301205e+00
-2.167715541017667835e+00
-2.167715547345352878e+00
-2.167715553673351003e+00
-2.167715560001666653e+00
-2.167715566330298493e+00
-2.167715572659246082e+00
-2.167715578975351498e+00
-2.167715585304931913e+00
-2.167715591634829408e+00
-2.167715597951882511e+00
-2.167715604269250473e+00
-2.167715610600096099e+00
-2.167715616918095556e+00
-2.167715623236409428e+00
-2.167715629555039936e+00
-2.167715635873985747e+00
-2.167715642193247749e+00
-2.167715648512824167e+00
-2.167715654832716332e+00
-2.167715661139758332e+00
-2.167715667460281548e+00
-2.167715673781120511e+00
-2.167715680089107089e+00
-2.167715686397408081e+00
-2.167715692719194287e+00
-2.167715699028124110e+00
-2.167715705337369680e+00
-2.167715711646930110e+00
-2.167715717956805399e+00
-2.167715724266996880e+00
-2.167715730577500111e+00
-2.167715736888320865e+00
-2.167715743186279465e+00
-2.167715749497730382e+00
-2.167715755809494826e+00
-2.167715762108396227e+00
-2.167715768407613819e+00
-2.167715774720321953e+00
-2.167715781020168375e+00
-2.167715787320327436e+00
-2.167715793620800468e+00
-2.167715799921588360e+00
-2.167715806222689778e+00
-2.167715812524105168e+00
-2.167715818812652184e+00
-2.167715825114696404e+00
-2.167715831417055039e+00
-2.167715837706543525e+00
-2.167715844009531434e+00
-2.167715850299645197e+00
-2.167715856590074264e+00
-2.167715862894004530e+00
-2.167715869185059319e+00
-2.167715875476430742e+00
-2.167715881768112585e+00
-2.167715888060107954e+00
-2.167715894339229177e+00
-2.167715900631850712e+00
-2.167715906924787550e+00
-2.167715913204845357e+00
-2.167715919498409249e+00
-2.167715925779092778e+00
-2.167715932073284613e+00
-2.167715938354594307e+00
-2.167715944636216641e+00
-2.167715950918149836e+00
-2.167715957200398336e+00
-2.167715963482959474e+00
-2.167715969765833250e+00
-2.167715976049020110e+00
-2.167715982332519609e+00
-2.167715988603131194e+00
-2.167715994887256414e+00
-2.167716001158491501e+00
-2.167716007443244219e+00
-2.167716013715103696e+00
-2.167716019987275811e+00
-2.167716026272967333e+00
-2.167716032545763394e+00
-2.167716038818874758e+00
-2.167716045092296540e+00
-2.167716051366028740e+00
-2.167716057626868142e+00
-2.167716063901226953e+00
-2.167716070175897514e+00
-2.167716076437669948e+00
-2.167716082712966230e+00
-2.167716088975361277e+00
-2.167716095251281949e+00
-2.167716101514301830e+00
-2.167716107777633017e+00
-2.167716114041273734e+00
-2.167716120305228422e+00
-2.167716126569494417e+00
-2.167716132834072162e+00
-2.167716139098959438e+00
-2.167716145364162017e+00
-2.167716151616455811e+00
-2.167716157882279226e+00
-2.167716164135195189e+00
-2.167716170401642550e+00
-2.167716176655179794e+00
-2.167716182909027012e+00
-2.167716189176410069e+00
-2.167716195430881676e+00
-2.167716201685662814e+00
-2.167716207940756146e+00
-2.167716214196159896e+00
-2.167716220438647756e+00
-2.167716226694672343e+00
-2.167716232951010458e+00
-2.167716239194429129e+00
-2.167716245451389412e+00
-2.167716251695429808e+00
-2.167716257953009151e+00
-2.167716264197669496e+00
-2.167716270442641591e+00
-2.167716276687923216e+00
-2.167716282933515259e+00
-2.167716289179418165e+00
-2.167716295425630157e+00
-2.167716301672152568e+00
-2.167716307918986285e+00
-2.167716314152893897e+00
-2.167716320400347563e+00
-2.167716326634874235e+00
-2.167716332882949182e+00
-2.167716339118094027e+00
-2.167716345366792474e+00
-2.167716351602556824e+00
-2.167716357838632923e+00
-2.167716364075017665e+00
-2.167716370311712382e+00
-2.167716376548717072e+00
-2.167716382786030405e+00
-2.167716389010413192e+00
-2.167716395248346473e+00
-2.167716401486589728e+00
-2.167716407711895776e+00
-2.167716413950759868e+00
-2.167716420176684977e+00
-2.167716426402918284e+00
-2.167716432629461565e+00
-2.167716438869563333e+00
-2.167716445096726119e+00
-2.167716451324194882e+00
-2.167716457551976728e+00
-2.167716463766813373e+00
-2.167716469995210282e+00
-2.167716476223914945e+00
-2.167716482439678849e+00
-2.167716488669002572e+00
-2.167716494885381984e+00
-2.167716501115322547e+00
-2.167716507332319686e+00
-2.167716513549622803e+00
-2.167716519780492401e+00
-2.167716525998413246e+00
-2.167716532216642733e+00
-2.167716538435179974e+00
-2.167716544640765797e+00
-2.167716550859918989e+00
-2.167716557079382600e+00
-2.167716563285890352e+00
-2.167716569505969915e+00
-2.167716575713093619e+00
-2.167716581933789133e+00
-2.167716588141528344e+00
-2.167716594349576198e+00
-2.167716600571195418e+00
-2.167716606779859223e+00
-2.167716612988829450e+00
-2.167716619198107875e+00
-2.167716625407693165e+00
-2.167716631604317712e+00
-2.167716637814518510e+00
-2.167716644025027062e+00
-2.167716650222572650e+00
-2.167716656433696265e+00
-2.167716662631854696e+00
-2.167716668830322213e+00
-2.167716675042368202e+00
-2.167716681241449450e+00
-2.167716687440837120e+00
-2.167716693640531211e+00
-2.167716699840532613e+00
-2.167716706040842656e+00
-2.167716712241457788e+00
-2.167716718429102407e+00
-2.167716724630331271e+00
-2.167716730831868333e+00
-2.167716737020432216e+00
-2.167716743222582565e+00
-2.167716749411758403e+00
-2.167716755601241552e+00
-2.167716761791029789e+00
-2.167716767994407601e+00
-2.167716774184810902e+00
-2.167716780375518404e+00
-2.167716786566532328e+00
-2.167716792744565968e+00
-2.167716798936195399e+00
-2.167716805128128144e+00
-2.167716811307080160e+00
-2.167716817499627524e+00
-2.167716823679190163e+00
-2.167716829872347706e+00
-2.167716836052522744e+00
-2.167716842233003316e+00
-2.167716848413788533e+00
-2.167716854608173094e+00
-2.167716860789572042e+00
-2.167716866971273859e+00
-2.167716873139988731e+00
-2.167716879322302059e+00
-2.167716885504922697e+00
-2.167716891674551505e+00
-2.167716897857783209e+00
-2.167716904041320891e+00
-2.167716910211866299e+00
-2.167716916382714132e+00
-2.167716922567169302e+00
-2.167716928738629978e+00
-2.167716934910393967e+00
-2.167716941082464821e+00
-2.167716947254839432e+00
-2.167716953427518689e+00
-2.167716959600503923e+00
-2.167716965760488890e+00
-2.167716971934084746e+00
-2.167716978094678559e+00
-2.167716984268883706e+00
-2.167716990430085922e+00
-2.167716996604902135e+00
-2.167717002766714529e+00
-2.167717008928828903e+00
-2.167717015091250143e+00
-2.167717021267285382e+00
-2.167717027430315024e+00
-2.167717033580336849e+00
-2.167717039743974894e+00
-2.167717045907918028e+00
-2.167717052072164918e+00
-2.167717058223401771e+00
-2.167717064388256176e+00
-2.167717070540099211e+00
-2.167717076705566903e+00
-2.167717082858017008e+00
-2.167717089010773091e+00
-2.167717095163831598e+00
-2.167717101330514318e+00
-2.167717107484180783e+00
-2.167717113638152338e+00
-2.167717119779104973e+00
-2.167717125933682709e+00
-2.167717132088565535e+00
-2.167717138243749897e+00
-2.167717144385915784e+00
-2.167717150541707660e+00
-2.167717156684480617e+00
-2.167717162827554223e+00
-2.167717168984260034e+00
-2.167717175127941154e+00
-2.167717181271926030e+00
-2.167717187416212443e+00
-2.167717193560802613e+00
-2.167717199705695208e+00
-2.167717205850892448e+00
-2.167717211996391669e+00
-2.167717218128862200e+00
-2.167717224274968935e+00
-2.167717230408044315e+00
-2.167717236554756344e+00
-2.167717242688435242e+00
-2.167717248835754784e+00
-2.167717254970040308e+00
-2.167717261104627813e+00
-2.167717267239518186e+00
-2.167717273374711429e+00
-2.167717279510206652e+00
-2.167717285646003411e+00
-2.167717291782103928e+00
-2.167717297918506869e+00
-2.167717304041871795e+00
-2.167717310178879586e+00
-2.167717316302846697e+00
-2.167717322440458450e+00
-2.167717328565029966e+00
-2.167717334689902575e+00
-2.167717340828423822e+00
-2.167717346953899504e+00
-2.167717353079678944e+00
-2.167717359205758143e+00
-2.167717365332140211e+00
-2.167717371458825149e+00
-2.167717377572461857e+00
-2.167717383699749423e+00
-2.167717389827337193e+00
-2.167717395941878067e+00
-2.167717402070072463e+00
-2.167717408185213745e+00
-2.167717414300656564e+00
-2.167717420429755126e+00
-2.167717426545801018e+00
-2.167717432662147559e+00
-2.167717438778794747e+00
-2.167717444895743917e+00
-2.167717451012994623e+00
-2.167717457130546421e+00
-2.167717463235041109e+00
-2.167717469353193760e+00
-2.167717475471649280e+00
-2.167717481577044580e+00
-2.167717487696101841e+00
-2.167717493802098438e+00
-2.167717499908394796e+00
-2.167717506028356222e+00
-2.167717512135254321e+00
-2.167717518242453956e+00
-2.167717524349951574e+00
-2.167717530457752062e+00
-2.167717536565853198e+00
-2.167717542660886565e+00
-2.167717548769587221e+00
-2.167717554878588970e+00
-2.167717560974522062e+00
-2.167717567084125108e+00
-2.167717573180657720e+00
-2.167717579290861174e+00
-2.167717585387994639e+00
-2.167717591485426087e+00
-2.167717597583158629e+00
-2.167717603681190042e+00
-2.167717609779522547e+00
-2.167717615878153037e+00
-2.167717621977085063e+00
-2.167717628076315073e+00
-2.167717634162471541e+00
-2.167717640262302847e+00
-2.167717646362432138e+00
-2.167717652449485222e+00
-2.167717658536835401e+00
-2.167717664637865749e+00
-2.167717670725815449e+00
-2.167717676814062688e+00
-2.167717682902611465e+00
-2.167717688991457781e+00
-2.167717695080604745e+00
-2.167717701170050137e+00
-2.167717707259794402e+00
-2.167717713349837538e+00
-2.167717719440181767e+00
-2.167717725517436467e+00
-2.167717731608377107e+00
-2.167717737686229995e+00
-2.167717743764379534e+00
-2.167717749856218568e+00
-2.167717755934968071e+00
-2.167717762014014671e+00
-2.167717768093359254e+00
-2.167717774173001821e+00
-2.167717780252943705e+00
-2.167717786333184460e+00
-2.167717792413723643e+00
-2.167717798494561698e+00
-2.167717804562302675e+00
-2.167717810643737586e+00
-2.167717816712074530e+00
-2.167717822794105853e+00
-2.167717828863037433e+00
-2.167717834945666056e+00
-2.167717841015194491e+00
-2.167717847085021354e+00
-2.167717853155144425e+00
-2.167717859225566812e+00
-2.167717865296287183e+00
-2.167717871367303317e+00
-2.167717877438618324e+00
-2.167717883496829145e+00
-2.167717889568740119e+00
-2.167717895640948633e+00
-2.167717901700049854e+00
-2.167717907759449059e+00
-2.167717913832550636e+00
-2.167717919892543588e+00
-2.167717925952834968e+00
-2.167717932013420334e+00
-2.167717938074305462e+00
-2.167717944135486352e+00
-2.167717950196964782e+00
-2.167717956258739420e+00
-2.167717962320812042e+00
-2.167717968383183980e+00
-2.167717974432436190e+00
-2.167717980495401431e+00
-2.167717986545247832e+00
-2.167717992608808153e+00
-2.167717998659247858e+00
-2.167718004709985102e+00
-2.167718010774435378e+00
-2.167718016825765037e+00
-2.167718022877390460e+00
-2.167718028929314755e+00
-2.167718034981534370e+00
-2.167718041034050191e+00
-2.167718047073441845e+00
-2.167718053126550082e+00
-2.167718059179955858e+00
-2.167718065220233470e+00
-2.167718071274232106e+00
-2.167718077315103908e+00
-2.167718083356270586e+00
-2.167718089411156956e+00
-2.167718095452915605e+00
-2.167718101494969574e+00
-2.167718107537320194e+00
-2.167718113579966577e+00
-2.167718119622906947e+00
-2.167718125666144413e+00
-2.167718131709678087e+00
-2.167718137740076045e+00
-2.167718143784201246e+00
-2.167718149815190287e+00
-2.167718155859907014e+00
-2.167718161891485806e+00
-2.167718167936794949e+00
-2.167718173968963491e+00
-2.167718180001428241e+00
-2.167718186034189198e+00
-2.167718192067243255e+00
-2.167718198100593963e+00
-2.167718204134239546e+00
-2.167718210168178672e+00
-2.167718216202415338e+00
-2.167718222236946879e+00
-2.167718228258332047e+00
-2.167718234293453783e+00
-2.167718240315429146e+00
-2.167718246351140188e+00
-2.167718252373704413e+00
-2.167718258396562181e+00
-2.167718264419715268e+00
-2.167718270456607588e+00
-2.167718276480348649e+00
-2.167718282504386362e+00
-2.167718288515270153e+00
-2.167718294539895840e+00
-2.167718300564814626e+00
-2.167718306590030064e+00
-2.167718312602089359e+00
-2.167718318627893659e+00
-2.167718324640540040e+00
-2.167718330666933646e+00
-2.167718336680166669e+00
-2.167718342693695899e+00
-2.167718348720972799e+00
-2.167718354735089559e+00
-2.167718360749499418e+00
-2.167718366764204152e+00
-2.167718372779201541e+00
-2.167718378794494249e+00
-2.167718384796621933e+00
-2.167718390812502172e+00
-2.167718396828675953e+00
-2.167718402831683822e+00
-2.167718408848444245e+00
-2.167718414852038755e+00
-2.167718420855925476e+00
-2.167718426873568749e+00
-2.167718432878043000e+00
-2.167718438882810350e+00
-2.167718444887869911e+00
-2.167718450893223014e+00
-2.167718456898870549e+00
-2.167718462904809851e+00
-2.167718468911043583e+00
-2.167718474904101633e+00
-2.167718480910921119e+00
-2.167718486918033705e+00
-2.167718492911971051e+00
-2.167718498906199720e+00
-2.167718504914192490e+00
-2.167718510909006024e+00
-2.167718516904113102e+00
-2.167718522899511502e+00
-2.167718528895204333e+00
-2.167718534891187154e+00
-2.167718540887463075e+00
-2.167718546884033870e+00
-2.167718552880894656e+00
-2.167718558878049873e+00
-2.167718564862019637e+00
-2.167718570859758387e+00
-2.167718576857791124e+00
-2.167718582842635744e+00
-2.167718588827773907e+00
-2.167718594826683720e+00
-2.167718600812405860e+00
-2.167718606798418879e+00
-2.167718612784724108e+00
-2.167718618771320660e+00
-2.167718624758208978e+00
-2.167718630745390840e+00
-2.167718636732862247e+00
-2.167718642707140653e+00
-2.167718648695196482e+00
-2.167718654683545410e+00
-2.167718660658697338e+00
-2.167718666647629355e+00
-2.167718672623363929e+00
-2.167718678599390714e+00
-2.167718684589198030e+00
-2.167718690565807460e+00
-2.167718696542707324e+00
-2.167718702519897622e+00
-2.167718708497380575e+00
-2.167718714475153519e+00
-2.167718720439722802e+00
-2.167718726418080166e+00
-2.167718732396726189e+00
-2.167718738375665311e+00
-2.167718744341397219e+00
-2.167718750320918986e+00
-2.167718756287232651e+00
-2.167718762253837639e+00
-2.167718768220730841e+00
-2.167718774201417009e+00
-2.167718780168893744e+00
-2.167718786136659581e+00
-2.167718792104717629e+00
-2.167718798073065223e+00
-2.167718804041703251e+00
-2.167718809997128737e+00
-2.167718815966346746e+00
-2.167718821935857854e+00
-2.167718827892152422e+00
-2.167718833862243955e+00
-2.167718839819118060e+00
-2.167718845776281711e+00
-2.167718851747244990e+00
-2.167718857704989510e+00
-2.167718863663023576e+00
-2.167718869621347633e+00
-2.167718875579960347e+00
-2.167718881538864384e+00
-2.167718887498057523e+00
-2.167718893457541096e+00
-2.167718899403800137e+00
-2.167718905363864135e+00
-2.167718911324217235e+00
-2.167718917271344914e+00
-2.167718923232278883e+00
-2.167718929179983878e+00
-2.167718935127978863e+00
-2.167718941076262951e+00
-2.167718947038355992e+00
-2.167718952987218284e+00
-2.167718958936370122e+00
-2.167718964885812394e+00
-2.167718970835543324e+00
-2.167718976772039507e+00
-2.167718982722349086e+00
-2.167718988672946878e+00
-2.167718994610308592e+00
-2.167719000561485920e+00
-2.167719006499425838e+00
-2.167719012451181371e+00
-2.167719018389698160e+00
-2.167719024328504940e+00
-2.167719030281128667e+00
-2.167719036220510098e+00
-2.167719042160183740e+00
-2.167719048100143819e+00
-2.167719054040393001e+00
-2.167719059967399442e+00
-2.167719065908225495e+00
-2.167719071849339318e+00
-2.167719077790743576e+00
-2.167719083718900652e+00
-2.167719089660881338e+00
-2.167719095589615286e+00
-2.167719101518636116e+00
-2.167719107461482331e+00
-2.167719113391079588e+00
-2.167719119320965504e+00
-2.167719125251138301e+00
-2.167719131181600201e+00
-2.167719137112348537e+00
-2.167719143043385532e+00
-2.167719148974711629e+00
-2.167719154892781219e+00
-2.167719160824682412e+00
-2.167719166756871374e+00
-2.167719172675803385e+00
-2.167719178608567443e+00
-2.167719184528074550e+00
-2.167719190447868982e+00
-2.167719196381497238e+00
-2.167719202301866765e+00
-2.167719208222522287e+00
-2.167719214143465578e+00
-2.167719220064697527e+00
-2.167719225986215470e+00
-2.167719231908021182e+00
-2.167719237816561506e+00
-2.167719243738941870e+00
-2.167719249661608227e+00
-2.167719255571009196e+00
-2.167719261494251537e+00
-2.167719267404224492e+00
-2.167719273328041041e+00
-2.167719279238589536e+00
-2.167719285149422692e+00
-2.167719291060543618e+00
-2.167719296971950982e+00
-2.167719302883645227e+00
-2.167719308795625466e+00
-2.167719314707892142e+00
-2.167719320620446588e+00
-2.167719326533286139e+00
-2.167719332432852752e+00
-2.167719338346265623e+00
-2.167719344246402446e+00
-2.167719350160389524e+00
-2.167719356061097447e+00
-2.167719361975658288e+00
-2.167719367876939085e+00
-2.167719373778507208e+00
-2.167719379680359104e+00
-2.167719385582498326e+00
-2.167719391484922209e+00
-2.167719397387632974e+00
-2.167719403290630176e+00
-2.167719409193912927e+00
-2.167719415083910750e+00
-2.167719420987764156e+00
-2.167719426891905332e+00
-2.167719432782759803e+00
-2.167719438687472078e+00
-2.167719444578895427e+00
-2.167719450470604325e+00
-2.167719456362598329e+00
-2.167719462268455910e+00
-2.167719468161021457e+00
-2.167719474053872108e+00
-2.167719479947008310e+00
-2.167719485840429172e+00
-2.167719491720556668e+00
-2.167719497614548629e+00
-2.167719503508825696e+00
-2.167719509389806287e+00
-2.167719515284653120e+00
-2.167719521166203034e+00
-2.167719527061621854e+00
-2.167719532943741090e+00
-2.167719538826144543e+00
-2.167719544722419567e+00
-2.167719550605391898e+00
-2.167719556488651556e+00
-2.167719562372193653e+00
-2.167719568256021745e+00
-2.167719574140133165e+00
-2.167719580010941449e+00
-2.167719585895621748e+00
-2.167719591780586708e+00
-2.167719597652245866e+00
-2.167719603537780593e+00
-2.167719609410007742e+00
-2.167719615296111346e+00
-2.167719621168908262e+00
-2.167719627041985841e+00
-2.167719632915348971e+00
-2.167719638802591664e+00
-2.167719644676522339e+00
-2.167719650550738564e+00
-2.167719656425237229e+00
-2.167719662286421212e+00
-2.167719668161487867e+00
-2.167719674036839628e+00
-2.167719679898874041e+00
-2.167719685774791571e+00
-2.167719691650995095e+00
-2.167719697513879495e+00
-2.167719703377046336e+00
-2.167719709254101623e+00
-2.167719715117835566e+00
-2.167719720981852838e+00
-2.167719726846154771e+00
-2.167719732710738700e+00
-2.167719738575606847e+00
-2.167719744440756546e+00
-2.167719750306190463e+00
-2.167719756171909484e+00
-2.167719762024299612e+00
-2.167719767890583071e+00
-2.167719773743539857e+00
-2.167719779610389974e+00
-2.167719785463911197e+00
-2.167719791331330637e+00
-2.167719797185416297e+00
-2.167719803039785731e+00
-2.167719808894438493e+00
-2.167719814749372809e+00
-2.167719820604590009e+00
-2.167719826460090982e+00
-2.167719832315873507e+00
-2.167719838171938473e+00
-2.167719844028287213e+00
-2.167719849871298177e+00
-2.167719855728211353e+00
-2.167719861585409191e+00
-2.167719867429265701e+00
-2.167719873287027976e+00
-2.167719879131450256e+00
-2.167719884976152755e+00
-2.167719890821138584e+00
-2.167719896666405965e+00
-2.167719902525580444e+00
-2.167719908371412707e+00
-2.167719914203898313e+00
-2.167719920050293680e+00
-2.167719925896971489e+00
-2.167719931743929962e+00
-2.167719937591172652e+00
-2.167719943425066464e+00
-2.167719949272873148e+00
-2.167719955107327845e+00
-2.167719960955697633e+00
-2.167719966790716768e+00
-2.167719972626016567e+00
-2.167719978461598362e+00
-2.167719984297460378e+00
-2.167719990147240594e+00
-2.167719995983667047e+00
-2.167720001806736185e+00
-2.167720007643725300e+00
-2.167720013480994190e+00
-2.167720019318545077e+00
-2.167720025142737317e+00
-2.167720030980850421e+00
-2.167720036819246854e+00
-2.167720042644281975e+00
-2.167720048469596872e+00
-2.167720054308836630e+00
-2.167720060134712856e+00
-2.167720065960870190e+00
-2.167720071787308189e+00
-2.167720077614027741e+00
-2.167720083441027512e+00
-2.167720089268307948e+00
-2.167720095095869937e+00
-2.167720100923710813e+00
-2.167720106751834575e+00
-2.167720112566587254e+00
-2.167720118395272344e+00
-2.167720124210586352e+00
-2.167720130039832771e+00
-2.167720135855706776e+00
-2.167720141685512303e+00
-2.167720147501947192e+00
-2.167720153318661858e+00
-2.167720159135656743e+00
-2.167720164952930073e+00
-2.167720170770484511e+00
-2.167720176588319614e+00
-2.167720182406434493e+00
-2.167720188224828259e+00
-2.167720194043504023e+00
-2.167720199848798934e+00
-2.167720205668034250e+00
-2.167720211473887826e+00
-2.167720217293683582e+00
-2.167720223100096710e+00
-2.167720228906789171e+00
-2.167720234727424700e+00
-2.167720240534675824e+00
-2.167720246342205392e+00
-2.167720252150016513e+00
-2.167720257958105634e+00
-2.167720263766473643e+00
-2.167720269575123204e+00
-2.167720275384050321e+00
-2.167720281179588593e+00
-2.167720286989074818e+00
-2.167720292798840820e+00
-2.167720298595216200e+00
-2.167720304405540865e+00
-2.167720310202473133e+00
-2.167720315999683844e+00
-2.167720321810846951e+00
-2.167720327608614994e+00
-2.167720333406662370e+00
-2.167720339204987745e+00
-2.167720345003592897e+00
-2.167720350802476048e+00
-2.167720356601638532e+00
-2.167720362401080347e+00
-2.167720368187120439e+00
-2.167720373987119142e+00
-2.167720379787396290e+00
-2.167720385574271713e+00
-2.167720391375107969e+00
-2.167720397162538948e+00
-2.167720402950248815e+00
-2.167720408751919514e+00
-2.167720414540185825e+00
-2.167720420328729691e+00
-2.167720426117551114e+00
-2.167720431906651424e+00
-2.167720437696029734e+00
-2.167720443485686044e+00
-2.167720449275620798e+00
-2.167720455052144946e+00
-2.167720460842634367e+00
-2.167720466633403564e+00
-2.167720472410760824e+00
-2.167720478202085133e+00
-2.167720483979997059e+00
-2.167720489758185209e+00
-2.167720495550344850e+00
-2.167720501329087668e+00
-2.167720507108108485e+00
-2.167720512887406858e+00
-2.167720518666983676e+00
-2.167720524446837160e+00
-2.167720530226966869e+00
-2.167720536007375021e+00
-2.167720541788060284e+00
-2.167720547555325172e+00
-2.167720553336566880e+00
-2.167720559104383327e+00
-2.167720564886178813e+00
-2.167720570654550372e+00
-2.167720576436900970e+00
-2.167720582205824531e+00
-2.167720587975026092e+00
-2.167720593744505209e+00
-2.167720599514259661e+00
-2.167720605284291224e+00
-2.167720611054599456e+00
-2.167720616825184798e+00
-2.167720622596046809e+00
-2.167720628367186375e+00
-2.167720634138602165e+00
-2.167720639896585144e+00
-2.167720645668554269e+00
-2.167720651427088807e+00
-2.167720657199612155e+00
-2.167720662958700029e+00
-2.167720668718063237e+00
-2.167720674491417032e+00
-2.167720680251333132e+00
-2.167720686011525011e+00
-2.167720691771992669e+00
-2.167720697532736995e+00
-2.167720703293757545e+00
-2.167720709055053874e+00
-2.167720714816628202e+00
-2.167720720564758174e+00
-2.167720726326882286e+00
-2.167720732075563372e+00
-2.167720737838240375e+00
-2.167720743587472576e+00
-2.167720749350701581e+00
-2.167720755100483565e+00
-2.167720760850542661e+00
-2.167720766614599892e+00
-2.167720772365209214e+00
-2.167720778116093872e+00
-2.167720783867254752e+00
-2.167720789618690080e+00
-2.167720795370401188e+00
-2.167720801108659945e+00
-2.167720806860923055e+00
-2.167720812613458836e+00
-2.167720818352543155e+00
-2.167720824105631827e+00
-2.167720829858995391e+00
-2.167720835598902163e+00
-2.167720841339085158e+00
-2.167720847093275616e+00
-2.167720852834007506e+00
-2.167720858575014731e+00
-2.167720864316295515e+00
-2.167720870057852522e+00
-2.167720875799684421e+00
-2.167720881541790323e+00
-2.167720887284170672e+00
-2.167720893026826356e+00
-2.167720898756018144e+00
-2.167720904499223167e+00
-2.167720910228962516e+00
-2.167720915972718210e+00
-2.167720921703006010e+00
-2.167720927447310597e+00
-2.167720933178145959e+00
-2.167720938909257100e+00
-2.167720944640640912e+00
-2.167720950386045065e+00
-2.167720956117978215e+00
-2.167720961850184924e+00
-2.167720967582666525e+00
-2.167720973301674015e+00
-2.167720979034704065e+00
-2.167720984768008119e+00
-2.167720990501585288e+00
-2.167720996221687457e+00
-2.167721001955812188e+00
-2.167721007676461920e+00
-2.167721013411135544e+00
-2.167721019132331506e+00
-2.167721024853801470e+00
-2.167721030575542773e+00
-2.167721036311314187e+00
-2.167721042033603940e+00
-2.167721047756168140e+00
-2.167721053479004567e+00
-2.167721059188356669e+00
-2.167721064911740658e+00
-2.167721070635396874e+00
-2.167721076359328869e+00
-2.167721082069771654e+00
-2.167721087794249879e+00
-2.167721093505237562e+00
-2.167721099230263793e+00
-2.167721104941798149e+00
-2.167721110667370610e+00
-2.167721116379451196e+00
-2.167721122091805341e+00
-2.167721127804431269e+00
-2.167721133517331644e+00
-2.167721139230502914e+00
-2.167721144943948630e+00
-2.167721150657666129e+00
-2.167721156371657187e+00
-2.167721162072151930e+00
-2.167721167786688774e+00
-2.167721173501496956e+00
-2.167721179202808823e+00
-2.167721184918162791e+00
-2.167721190620019112e+00
-2.167721196322145438e+00
-2.167721202038319639e+00
-2.167721207740990863e+00
-2.167721213443934758e+00
-2.167721219147149991e+00
-2.167721224850640116e+00
-2.167721230554400247e+00
-2.167721236258432604e+00
-2.167721241962736745e+00
-2.167721247667314000e+00
-2.167721253358383393e+00
-2.167721259063505546e+00
-2.167721264768898592e+00
-2.167721270460782890e+00
-2.167721276152938525e+00
-2.167721281859147808e+00
-2.167721287551847009e+00
-2.167721293244816216e+00
-2.167721298951842179e+00
-2.167721304645356728e+00
-2.167721310339141727e+00
-2.167721316033196732e+00
-2.167721321727525297e+00
-2.167721327422123867e+00
-2.167721333103204806e+00
-2.167721338798348718e+00
-2.167721344493762192e+00
-2.167721350175655814e+00
-2.167721355871612854e+00
-2.167721361554047377e+00
-2.167721367250548425e+00
-2.167721372933526069e+00
-2.167721378630567575e+00
-2.167721384314087896e+00
-2.167721389997878667e+00
-2.167721395681939445e+00
-2.167721401366271117e+00
-2.167721407050873239e+00
-2.167721412735748032e+00
-2.167721418420892388e+00
-2.167721424106308081e+00
-2.167721429778193709e+00
-2.167721435464151636e+00
-2.167721441150380013e+00
-2.167721446823075659e+00
-2.167721452509845381e+00
-2.167721458183082817e+00
-2.167721463856590258e+00
-2.167721469544173551e+00
-2.167721475218220117e+00
-2.167721480892538910e+00
-2.167721486567126821e+00
-2.167721492241986070e+00
-2.167721497917113105e+00
-2.167721503592511922e+00
-2.167721509268181190e+00
-2.167721514930310622e+00
-2.167721520606520347e+00
-2.167721526282998745e+00
-2.167721531945937308e+00
-2.167721537622957939e+00
-2.167721543286434294e+00
-2.167721548963994493e+00
-2.167721554628010860e+00
-2.167721560292294569e+00
-2.167721565956850061e+00
-2.167721571635490729e+00
-2.167721577300585345e+00
-2.167721582965949967e+00
-2.167721588631584151e+00
-2.167721594283666953e+00
-2.167721599949838485e+00
-2.167721605616280911e+00
-2.167721611282992455e+00
-2.167721616936151285e+00
-2.167721622603401954e+00
-2.167721628257097688e+00
-2.167721633924886593e+00
-2.167721639579122783e+00
-2.167721645247451256e+00
-2.167721650902223463e+00
-2.167721656557264343e+00
-2.167721662212575229e+00
-2.167721667868153901e+00
-2.167721673524002135e+00
-2.167721679180118155e+00
-2.167721684836504181e+00
-2.167721690493159326e+00
-2.167721696136251097e+00
-2.167721701793444034e+00
-2.167721707450905200e+00
-2.167721713094802105e+00
-2.167721718752801952e+00
-2.167721724397234428e+00
-2.167721730055771623e+00
-2.167721735700741892e+00
-2.167721741345981279e+00
-2.167721746991486231e+00
-2.167721752637260746e+00
-2.167721758283304379e+00
-2.167721763929614909e+00
-2.167721769576194113e+00
-2.167721775223041547e+00
-2.167721780870157211e+00
-2.167721786517541105e+00
-2.167721792151350968e+00
-2.167721797799271766e+00
-2.167721803447460793e+00
-2.167721809082073570e+00
-2.167721814716954132e+00
-2.167721820365948293e+00
-2.167721826001363095e+00
-2.167721831637046126e+00
-2.167721837272996499e+00
-2.167721842923063136e+00
-2.167721848559549080e+00
-2.167721854196301923e+00
-2.167721859833323439e+00
-2.167721865456761599e+00
-2.167721871094316910e+00
-2.167721876732140895e+00
-2.167721882370232223e+00
-2.167721887994737973e+00
-2.167721893633364427e+00
-2.167721899258403973e+00
-2.167721904897565111e+00
-2.167721910523138007e+00
-2.167721916148979133e+00
-2.167721921775085381e+00
-2.167721927415317218e+00
-2.167721933041958593e+00
-2.167721938668866422e+00
-2.167721944296040260e+00
-2.167721949923481883e+00
-2.167721955537329048e+00
-2.167721961165304023e+00
-2.167721966793546340e+00
-2.167721972422055998e+00
-2.167721978036968089e+00
-2.167721983666010210e+00
-2.167721989281454764e+00
-2.167721994911032901e+00
-2.167722000527009030e+00
-2.167722006143252500e+00
-2.167722011773629553e+00
-2.167722017390406819e+00
-2.167722023007448318e+00
-2.167722028624758046e+00
-2.167722034242332452e+00
-2.167722039860172867e+00
-2.167722045478281512e+00
-2.167722051082781487e+00
-2.167722056701420819e+00
-2.167722062320327048e+00
-2.167722067925624607e+00
-2.167722073545063743e+00
-2.167722079150891989e+00
-2.167722084770863589e+00
-2.167722090377223410e+00
-2.167722095997727472e+00
-2.167722101604617979e+00
-2.167722107211776272e+00
-2.167722112819198355e+00
-2.167722118426886002e+00
-2.167722124034840991e+00
-2.167722129643060214e+00
-2.167722135251545001e+00
-2.167722140860295355e+00
-2.167722146455427268e+00
-2.167722152064709196e+00
-2.167722157674257577e+00
-2.167722163270184854e+00
-2.167722168880263922e+00
-2.167722174476720109e+00
-2.167722180073442750e+00
-2.167722185684318514e+00
-2.167722191281570510e+00
-2.167722196879087626e+00
-2.167722202476869420e+00
-2.167722208074915446e+00
-2.167722213673226594e+00
-2.167722219271804196e+00
-2.167722224870646031e+00
-2.167722230469752986e+00
-2.167722236069123731e+00
-2.167722241654865822e+00
-2.167722247254766366e+00
-2.167722252854933362e+00
-2.167722258441468597e+00
-2.167722264028267176e+00
-2.167722269629227760e+00
-2.167722275216555694e+00
-2.167722280804146973e+00
-2.167722286405903809e+00
-2.167722291994023998e+00
-2.167722297582408419e+00
-2.167722303171058407e+00
-2.167722308759971295e+00
-2.167722314349148416e+00
-2.167722319924686669e+00
-2.167722325514392256e+00
-2.167722331104362965e+00
-2.167722336694597463e+00
-2.167722342271190428e+00
-2.167722347861952947e+00
-2.167722353439073490e+00
-2.167722359016455602e+00
-2.167722364608012153e+00
-2.167722370185922731e+00
-2.167722375764095766e+00
-2.167722381342533922e+00
-2.167722386921234534e+00
-2.167722392500198936e+00
-2.167722398079427126e+00
-2.167722403658919550e+00
-2.167722409238674430e+00
-2.167722414818694432e+00
-2.167722420398976890e+00
-2.167722425965607158e+00
-2.167722431546417639e+00
-2.167722437113573264e+00
-2.167722442694910878e+00
-2.167722448262592749e+00
-2.167722453844458386e+00
-2.167722459412666947e+00
-2.167722464981137076e+00
-2.167722470549871439e+00
-2.167722476118867370e+00
-2.167722481688127090e+00
-2.167722487257650599e+00
-2.167722492827436120e+00
-2.167722498397483655e+00
-2.167722503967795866e+00
-2.167722509538370090e+00
-2.167722515095281466e+00
-2.167722520666381492e+00
-2.167722526223816892e+00
-2.167722531795443164e+00
-2.167722537353403922e+00
-2.167722542925555551e+00
-2.167722548484040779e+00
-2.167722554042787131e+00
-2.167722559601796384e+00
-2.167722565175000060e+00
-2.167722570734534671e+00
-2.167722576294330850e+00
-2.167722581840453522e+00
-2.167722587400774614e+00
-2.167722592961356387e+00
-2.167722598522202837e+00
-2.167722604083310411e+00
-2.167722609630741371e+00
-2.167722615192373858e+00
-2.167722620740330175e+00
-2.167722626302485800e+00
-2.167722631850965698e+00
-2.167722637399704499e+00
-2.167722642962648827e+00
-2.167722648511911654e+00
-2.167722654061436938e+00
-2.167722659611222902e+00
-2.167722665161271767e+00
-2.167722670711581312e+00
-2.167722676262151982e+00
-2.167722681812987329e+00
-2.167722687364081580e+00
-2.167722692901489001e+00
-2.167722698453107277e+00
-2.167722704004987122e+00
-2.167722709543179249e+00
-2.167722715095583119e+00
-2.167722720634296607e+00
-2.167722726173270775e+00
-2.167722731726458019e+00
-2.167722737265955324e+00
-2.167722742805711977e+00
-2.167722748345730199e+00
-2.167722753886010434e+00
-2.167722759426550461e+00
-2.167722764967352500e+00
-2.167722770508415220e+00
-2.167722776049738620e+00
-2.167722781577363200e+00
-2.167722787119208405e+00
-2.167722792661314735e+00
-2.167722798189721800e+00
-2.167722803732350823e+00
-2.167722809261277472e+00
-2.167722814804427856e+00
-2.167722820333877198e+00
-2.167722825863584557e+00
-2.167722831393553928e+00
-2.167722836937747921e+00
-2.167722842468237321e+00
-2.167722847998989177e+00
-2.167722853529999050e+00
-2.167722859061269158e+00
-2.167722864578832009e+00
-2.167722870110623479e+00
-2.167722875642675184e+00
-2.167722881174987126e+00
-2.167722886693587814e+00
-2.167722892226421116e+00
-2.167722897745541388e+00
-2.167722903278895163e+00
-2.167722908798536352e+00
-2.167722914318435112e+00
-2.167722919838594109e+00
-2.167722925372989273e+00
-2.167722930893668298e+00
-2.167722936414605783e+00
-2.167722941935804393e+00
-2.167722947457262350e+00
-2.167722952978980544e+00
-2.167722958486977269e+00
-2.167722964009214159e+00
-2.167722969531711286e+00
-2.167722975040484723e+00
-2.167722980563500101e+00
-2.167722986072794011e+00
-2.167722991596328530e+00
-2.167722997106138916e+00
-2.167723002630193463e+00
-2.167723008140522545e+00
-2.167723013651110087e+00
-2.167723019161956977e+00
-2.167723024673063215e+00
-2.167723030184427024e+00
-2.167723035696051070e+00
-2.167723041207933576e+00
-2.167723046720074542e+00
-2.167723052232476633e+00
-2.167723057745136295e+00
-2.167723063244063386e+00
-2.167723068757241300e+00
-2.167723074256683979e+00
-2.167723079770380146e+00
-2.167723085270340633e+00
-2.167723090784554163e+00
-2.167723096285031570e+00
-2.167723101785767881e+00
-2.167723107286761763e+00
-2.167723112802010910e+00
-2.167723118303522156e+00
-2.167723123805290975e+00
-2.167723129307317809e+00
-2.167723134795602746e+00
-2.167723140298146944e+00
-2.167723145800948714e+00
-2.167723151304009832e+00
-2.167723156793325501e+00
-2.167723162296903539e+00
-2.167723167800739592e+00
-2.167723173290828420e+00
-2.167723178781174376e+00
-2.167723184285785365e+00
-2.167723189776648240e+00
-2.167723195267767800e+00
-2.167723200759144486e+00
-2.167723206264788871e+00
-2.167723211756682922e+00
-2.167723217248833656e+00
-2.167723222741241962e+00
-2.167723228219895493e+00
-2.167723233712820274e+00
-2.167723239206000851e+00
-2.167723244699439888e+00
-2.167723250179123262e+00
-2.167723255673076999e+00
-2.167723261153272851e+00
-2.167723266647743952e+00
-2.167723272128453615e+00
-2.167723277623440747e+00
-2.167723283104664667e+00
-2.167723288586145713e+00
-2.167723294067884332e+00
-2.167723299549880522e+00
-2.167723305032133396e+00
-2.167723310514642954e+00
-2.167723315997409195e+00
-2.167723321480433896e+00
-2.167723326963714836e+00
-2.167723332447253792e+00
-2.167723337917022874e+00
-2.167723343401075198e+00
-2.167723348885385981e+00
-2.167723354355924670e+00
-2.167723359826720930e+00
-2.167723365311801320e+00
-2.167723370783109171e+00
-2.167723376254675038e+00
-2.167723381740525479e+00
-2.167723387212603825e+00
-2.167723392684937966e+00
-2.167723398157529235e+00
-2.167723403630376744e+00
-2.167723409103479604e+00
-2.167723414576839591e+00
-2.167723420036421267e+00
-2.167723425510294177e+00
-2.167723430984422439e+00
-2.167723436444770169e+00
-2.167723441919411798e+00
-2.167723447394310554e+00
-2.167723452855426558e+00
-2.167723458316798357e+00
-2.167723463792465388e+00
-2.167723469254347890e+00
-2.167723474716487519e+00
-2.167723480178881612e+00
-2.167723485641531944e+00
-2.167723491104437183e+00
-2.167723496567598662e+00
-2.167723502031016380e+00
-2.167723507494689894e+00
-2.167723512958617427e+00
-2.167723518422802975e+00
-2.167723523873195557e+00
-2.167723529337891364e+00
-2.167723534788795092e+00
-2.167723540254002046e+00
-2.167723545705415589e+00
-2.167723551171134577e+00
-2.167723556623059711e+00
-2.167723562075237087e+00
-2.167723567527670259e+00
-2.167723572994411985e+00
-2.167723578447356303e+00
-2.167723583900554640e+00
-2.167723589354009217e+00
-2.167723594807718257e+00
-2.167723600247625892e+00
-2.167723605701844747e+00
-2.167723611156319397e+00
-2.167723616611048953e+00
-2.167723622051973997e+00
-2.167723627507214257e+00
-2.167723632948647783e+00
-2.167723638404397413e+00
-2.167723643846340753e+00
-2.167723649288538113e+00
-2.167723654745053796e+00
-2.167723660187758306e+00
-2.167723665630720831e+00
-2.167723671073935154e+00
-2.167723676517405274e+00
-2.167723681961128968e+00
-2.167723687405107125e+00
-2.167723692849339301e+00
-2.167723698293826828e+00
-2.167723703724500073e+00
-2.167723709169496082e+00
-2.167723714614746111e+00
-2.167723720046180969e+00
-2.167723725491939923e+00
-2.167723730923881931e+00
-2.167723736356076625e+00
-2.167723741802598969e+00
-2.167723747235302145e+00
-2.167723752668258452e+00
-2.167723758101467446e+00
-2.167723763534931791e+00
-2.167723768982726451e+00
-2.167723774402620762e+00
-2.167723779836846276e+00
-2.167723785271324921e+00
-2.167723790706057141e+00
-2.167723796141043380e+00
-2.167723801562202901e+00
-2.167723806997697622e+00
-2.167723812433445474e+00
-2.167723817855363944e+00
-2.167723823291619389e+00
-2.167723828714045453e+00
-2.167723834136722871e+00
-2.167723839573739930e+00
-2.167723844996924054e+00
-2.167723850420362197e+00
-2.167723855844052139e+00
-2.167723861267996988e+00
-2.167723866692192747e+00
-2.167723872116642969e+00
-2.167723877541346766e+00
-2.167723882966302806e+00
-2.167723888377420138e+00
-2.167723893802881996e+00
-2.167723899228598317e+00
-2.167723904640473709e+00
-2.167723910066694959e+00
-2.167723915479075725e+00
-2.167723920905803237e+00
-2.167723926318689376e+00
-2.167723931731825537e+00
-2.167723937145216162e+00
-2.167723942572956641e+00
-2.167723947986850863e+00
-2.167723953400998660e+00
-2.167723958815398699e+00
-2.167723964230050981e+00
-2.167723969644956838e+00
-2.167723975046010665e+00
-2.167723980461420119e+00
-2.167723985877081816e+00
-2.167723991278892370e+00
-2.167723996695059441e+00
-2.167724002111478310e+00
-2.167724007514045592e+00
-2.167724012916862453e+00
-2.167724018334039826e+00
-2.167724023737360284e+00
-2.167724029140933872e+00
-2.167724034544758815e+00
-2.167724039962944271e+00
-2.167724045367272812e+00
-2.167724050771854483e+00
-2.167724056176685732e+00
-2.167724061567658289e+00
-2.167724066972993135e+00
-2.167724072378580669e+00
-2.167724077784419556e+00
-2.167724083176396199e+00
-2.167724088582739128e+00
-2.167724093989333412e+00
-2.167724099382063674e+00
-2.167724104789161110e+00
-2.167724110182393193e+00
-2.167724115575875743e+00
-2.167724120969609647e+00
-2.167724126377714722e+00
-2.167724131771950447e+00
-2.167724137166438858e+00
-2.167724142561177292e+00
-2.167724147956166192e+00
-2.167724153351408667e+00
-2.167724158746899832e+00
-2.167724164128517650e+00
-2.167724169524512412e+00
-2.167724174920757196e+00
-2.167724180303126857e+00
-2.167724185699873463e+00
-2.167724191082744944e+00
-2.167724196479994703e+00
-2.167724201863365785e+00
-2.167724207261117364e+00
-2.167724212644990711e+00
-2.167724218029112748e+00
-2.167724223413486584e+00
-2.167724228798109998e+00
-2.167724234182984766e+00
-2.167724239568109112e+00
-2.167724244953483925e+00
-2.167724250339108760e+00
-2.167724255724984950e+00
-2.167724261111111161e+00
-2.167724266497489616e+00
-2.167724271869978736e+00
-2.167724277256857679e+00
-2.167724282629847288e+00
-2.167724288017225387e+00
-2.167724293390714596e+00
-2.167724298764453383e+00
-2.167724304152583326e+00
-2.167724309526822601e+00
-2.167724314901310567e+00
-2.167724320276047667e+00
-2.167724325651035677e+00
-2.167724331026273266e+00
-2.167724336401760432e+00
-2.167724341777497621e+00
-2.167724347153484388e+00
-2.167724352529721621e+00
-2.167724357906208432e+00
-2.167724363268795695e+00
-2.167724368645781663e+00
-2.167724374008867194e+00
-2.167724379386353206e+00
-2.167724384749937006e+00
-2.167724390127922618e+00
-2.167724395492005129e+00
-2.167724400856336331e+00
-2.167724406235071122e+00
-2.167724411599902368e+00
-2.167724416964980527e+00
-2.167724422330308709e+00
-2.167724427695886913e+00
-2.167724433061712475e+00
-2.167724438427789391e+00
-2.167724443779954768e+00
-2.167724449146527732e+00
-2.167724454513351606e+00
-2.167724459880424170e+00
-2.167724465233584308e+00
-2.167724470601154252e+00
-2.167724475954810437e+00
-2.167724481322880425e+00
-2.167724486677034434e+00
-2.167724492031435357e+00
-2.167724497386085414e+00
-2.167724502755152827e+00
-2.167724508110300263e+00
-2.167724513465697278e+00
-2.167724518821341650e+00
-2.167724524177235601e+00
-2.167724529533377353e+00
-2.167724534889768240e+00
-2.167724540232234709e+00
-2.167724545589122975e+00
-2.167724550946259043e+00
-2.167724556289470250e+00
-2.167724561647103254e+00
-2.167724566990809620e+00
-2.167724572348940004e+00
-2.167724577693141530e+00
-2.167724583051768406e+00
-2.167724588396467755e+00
-2.167724593741414463e+00
-2.167724599086608528e+00
-2.167724604432049951e+00
-2.167724609777740064e+00
-2.167724615123676646e+00
-2.167724620469862806e+00
-2.167724625816295880e+00
-2.167724631162977644e+00
-2.167724636509905878e+00
-2.167724641857083689e+00
-2.167724647190324205e+00
-2.167724652537996732e+00
-2.167724657871732852e+00
-2.167724663219900538e+00
-2.167724668554129153e+00
-2.167724673902794219e+00
-2.167724679237517549e+00
-2.167724684572488680e+00
-2.167724689907706281e+00
-2.167724695257362555e+00
-2.167724700593074871e+00
-2.167724705929035878e+00
-2.167724711265242910e+00
-2.167724716601696855e+00
-2.167724721924204623e+00
-2.167724727261154172e+00
-2.167724732598350190e+00
-2.167724737935793566e+00
-2.167724743259286768e+00
-2.167724748597223972e+00
-2.167724753921211445e+00
-2.167724759259643363e+00
-2.167724764584123331e+00
-2.167724769923051298e+00
-2.167724775248024205e+00
-2.167724780573244026e+00
-2.167724785898710316e+00
-2.167724791238624604e+00
-2.167724796564585610e+00
-2.167724801890790864e+00
-2.167724807217243477e+00
-2.167724812529738365e+00
-2.167724817856684361e+00
-2.167724823183877270e+00
-2.167724828511316204e+00
-2.167724833839001164e+00
-2.167724839152725735e+00
-2.167724844480904522e+00
-2.167724849795119368e+00
-2.167724855123791983e+00
-2.167724860438499324e+00
-2.167724865753452690e+00
-2.167724871082862936e+00
-2.167724876398309242e+00
-2.167724881713999796e+00
-2.167724887029936820e+00
-2.167724892346119425e+00
-2.167724897662548500e+00
-2.167724902979222712e+00
-2.167724908296143838e+00
-2.167724913613309212e+00
-2.167724918930721500e+00
-2.167724924248380702e+00
-2.167724929552065749e+00
-2.167724934870214781e+00
-2.167724940174390102e+00
-2.167724945493032962e+00
-2.167724950797697669e+00
-2.167724956116832136e+00
-2.167724961421987562e+00
-2.167724966727389457e+00
-2.167724972047260223e+00
-2.167724977353152394e+00
-2.167724982659290589e+00
-2.167724987965673478e+00
-2.167724993272300171e+00
-2.167724998579174223e+00
-2.167725003886292967e+00
-2.167725009193656405e+00
-2.167725014487034141e+00
-2.167725019794889629e+00
-2.167725025102988035e+00
-2.167725030397100294e+00
-2.167725035705689418e+00
-2.167725041000291508e+00
-2.167725046309371795e+00
-2.167725051604462827e+00
-2.167725056914033832e+00
-2.167725062209614251e+00
-2.167725067505438030e+00
-2.167725072801507391e+00
-2.167725078097821445e+00
-2.167725083394380192e+00
-2.167725088691183188e+00
-2.167725093988229990e+00
-2.167725099285522372e+00
-2.167725104583059004e+00
-2.167725109880839884e+00
-2.167725115178865458e+00
-2.167725120462893784e+00
-2.167725125761408744e+00
-2.167725131045923792e+00
-2.167725136344929027e+00
-2.167725141629932128e+00
-2.167725146929424529e+00
-2.167725152214916573e+00
-2.167725157500651090e+00
-2.167725162800878014e+00
-2.167725168087101029e+00
-2.167725173373567404e+00
-2.167725178660278917e+00
-2.167725183947234235e+00
-2.167725189234432914e+00
-2.167725194521874954e+00
-2.167725199809562575e+00
-2.167725205083238738e+00
-2.167725210371413525e+00
-2.167725215659831672e+00
-2.167725220934238806e+00
-2.167725226223144119e+00
-2.167725231498037530e+00
-2.167725236787431786e+00
-2.167725242062811475e+00
-2.167725247352693341e+00
-2.167725252628559307e+00
-2.167725257904668634e+00
-2.167725263181022211e+00
-2.167725268457617815e+00
-2.167725273734457225e+00
-2.167725279011539996e+00
-2.167725284288866128e+00
-2.167725289566433844e+00
-2.167725294844245809e+00
-2.167725300122302023e+00
-2.167725305400601599e+00
-2.167725310664875948e+00
-2.167725315943662689e+00
-2.167725321208422873e+00
-2.167725326487695447e+00
-2.167725331752941020e+00
-2.167725337032698985e+00
-2.167725342298431279e+00
-2.167725347564404714e+00
-2.167725352844893205e+00
-2.167725358111352030e+00
-2.167725363378053771e+00
-2.167725368644998873e+00
-2.167725373912186448e+00
-2.167725379179615164e+00
-2.167725384447286796e+00
-2.167725389715203121e+00
-2.167725394969082231e+00
-2.167725400237481281e+00
-2.167725405506124581e+00
-2.167725410775009909e+00
-2.167725416029858021e+00
-2.167725421299228294e+00
-2.167725426554561352e+00
-2.167725431810134218e+00
-2.167725437080232354e+00
-2.167725442336291053e+00
-2.167725447592590005e+00
-2.167725452863416002e+00
-2.167725458120199455e+00
-2.167725463377226269e+00
-2.167725468634493780e+00
-2.167725473892003762e+00
-2.167725479149754886e+00
-2.167725484393460800e+00
-2.167725489651694204e+00
-2.167725494910172301e+00
-2.167725500168891095e+00
-2.167725505413561571e+00
-2.167725510672764422e+00
-2.167725515917918067e+00
-2.167725521177604531e+00
-2.167725526423239568e+00
-2.167725531683410090e+00
-2.167725536929529184e+00
-2.167725542175888087e+00
-2.167725547422489463e+00
-2.167725552683627210e+00
-2.167725557930709979e+00
-2.167725563178034331e+00
-2.167725568425602045e+00
-2.167725573673408679e+00
-2.167725578921456009e+00
-2.167725584155445695e+00
-2.167725589403976638e+00
-2.167725594652749166e+00
-2.167725599887459165e+00
-2.167725605136714417e+00
-2.167725610386209922e+00
-2.167725615621642454e+00
-2.167725620871621128e+00
-2.167725626107536829e+00
-2.167725631343690562e+00
-2.167725636594393546e+00
-2.167725641831029559e+00
-2.167725647067905825e+00
-2.167725652305024120e+00
-2.167725657542381335e+00
-2.167725662779980134e+00
-2.167725668017818741e+00
-2.167725673255897600e+00
-2.167725678494218489e+00
-2.167725683732779185e+00
-2.167725688957267138e+00
-2.167725694196310116e+00
-2.167725699435592457e+00
-2.167725704660800723e+00
-2.167725709900564901e+00
-2.167725715126251895e+00
-2.167725720352180030e+00
-2.167725725592665853e+00
-2.167725730819072716e+00
-2.167725736045720275e+00
-2.167725741286927743e+00
-2.167725746514056251e+00
-2.167725751741422791e+00
-2.167725756969031803e+00
-2.167725762196878847e+00
-2.167725767424965699e+00
-2.167725772638969151e+00
-2.167725777867535619e+00
-2.167725783096343228e+00
-2.167725788325390646e+00
-2.167725793540351553e+00
-2.167725798769877255e+00
-2.167725803999644985e+00
-2.167725809215323096e+00
-2.167725814431240572e+00
-2.167725819661727282e+00
-2.167725824878123042e+00
-2.167725830094760386e+00
-2.167725835325966077e+00
-2.167725840543079485e+00
-2.167725845760434034e+00
-2.167725850978027058e+00
-2.167725856195858114e+00
-2.167725861413930311e+00
-2.167725866632241427e+00
-2.167725871850791464e+00
-2.167725877055242112e+00
-2.167725882274270877e+00
-2.167725887493539449e+00
-2.167725892698707302e+00
-2.167725897918453715e+00
-2.167725903124098963e+00
-2.167725908344324104e+00
-2.167725913550445860e+00
-2.167725918771149729e+00
-2.167725923977749325e+00
-2.167725929184587841e+00
-2.167725934391663944e+00
-2.167725939598980300e+00
-2.167725944806534688e+00
-2.167725950014326664e+00
-2.167725955222357559e+00
-2.167725960430627374e+00
-2.167725965639136998e+00
-2.167725970847883765e+00
-2.167725976056869897e+00
-2.167725981251744205e+00
-2.167725986461208176e+00
-2.167725991670910624e+00
-2.167725996866498139e+00
-2.167726002076677094e+00
-2.167726007272742450e+00
-2.167726012483398357e+00
-2.167726017679939332e+00
-2.167726022876718339e+00
-2.167726028073734490e+00
-2.167726033285345189e+00
-2.167726038482837847e+00
-2.167726043680568537e+00
-2.167726048878537704e+00
-2.167726054076743569e+00
-2.167726059275187023e+00
-2.167726064459509328e+00
-2.167726069658428401e+00
-2.167726074857587282e+00
-2.167726080056983307e+00
-2.167726085242254186e+00
-2.167726090442127163e+00
-2.167726095627871441e+00
-2.167726100828220037e+00
-2.167726106014440379e+00
-2.167726111200896533e+00
-2.167726116401958336e+00
-2.167726121588890109e+00
-2.167726126776060802e+00
-2.167726131963468195e+00
-2.167726137151110066e+00
-2.167726142338991302e+00
-2.167726147527108349e+00
-2.167726152715464760e+00
-2.167726157904056983e+00
-2.167726163092887681e+00
-2.167726168281955523e+00
-2.167726173471261841e+00
-2.167726178646428803e+00
-2.167726183836208520e+00
-2.167726189011848881e+00
-2.167726194202103329e+00
-2.167726199378217977e+00
-2.167726204568946713e+00
-2.167726209745533872e+00
-2.167726214922356842e+00
-2.167726220113797897e+00
-2.167726225291095599e+00
-2.167726230468629556e+00
-2.167726235646400657e+00
-2.167726240824407569e+00
-2.167726246002650736e+00
-2.167726251181131047e+00
-2.167726256359848502e+00
-2.167726261538802657e+00
-2.167726266703607685e+00
-2.167726271883033906e+00
-2.167726277062698159e+00
-2.167726282228209289e+00
-2.167726287408347829e+00
-2.167726292574330582e+00
-2.167726297754942077e+00
-2.167726302921397341e+00
-2.167726308088090192e+00
-2.167726313269411342e+00
-2.167726318436575816e+00
-2.167726323603974770e+00
-2.167726328771610866e+00
-2.167726333939483219e+00
-2.167726339107590938e+00
-2.167726344275934913e+00
-2.167726349444514700e+00
-2.167726354613332074e+00
-2.167726359782383483e+00
-2.167726364951671592e+00
-2.167726370106796363e+00
-2.167726375276557427e+00
-2.167726380446552970e+00
-2.167726385602384731e+00
-2.167726390772852785e+00
-2.167726395929153949e+00
-2.167726401085690036e+00
-2.167726406256867744e+00
-2.167726411413875010e+00
-2.167726416571117198e+00
-2.167726421728595643e+00
-2.167726426886309010e+00
-2.167726432044257745e+00
-2.167726437202441847e+00
-2.167726442360861316e+00
-2.167726447519516597e+00
-2.167726452678406801e+00
-2.167726457837531484e+00
-2.167726462996891534e+00
-2.167726468142076257e+00
-2.167726473301907486e+00
-2.167726478461975859e+00
-2.167726483607864019e+00
-2.167726488768400905e+00
-2.167726493914758468e+00
-2.167726499061350953e+00
-2.167726504222596162e+00
-2.167726509369657162e+00
-2.167726514516953085e+00
-2.167726519664484375e+00
-2.167726524826669721e+00
-2.167726529974670857e+00
-2.167726535122906473e+00
-2.167726540271377456e+00
-2.167726545405658900e+00
-2.167726550554598397e+00
-2.167726555703772373e+00
-2.167726560853180384e+00
-2.167726565988399745e+00
-2.167726571138277158e+00
-2.167726576288390383e+00
-2.167726581424311849e+00
-2.167726586574893588e+00
-2.167726591711282236e+00
-2.167726596862333377e+00
-2.167726601999192315e+00
-2.167726607136283512e+00
-2.167726612273607856e+00
-2.167726617411167123e+00
-2.167726622563391992e+00
-2.167726627701418884e+00
-2.167726632839680700e+00
-2.167726637978176996e+00
-2.167726643102470874e+00
-2.167726648241433463e+00
-2.167726653380632307e+00
-2.167726658520063410e+00
-2.167726663659729436e+00
-2.167726668785191713e+00
-2.167726673925324921e+00
-2.167726679051253491e+00
-2.167726684191855213e+00
-2.167726689318250521e+00
-2.167726694459319869e+00
-2.167726699586183248e+00
-2.167726704713277996e+00
-2.167726709840606336e+00
-2.167726714982611824e+00
-2.167726720110408234e+00
-2.167726725238438679e+00
-2.167726730366700050e+00
-2.167726735495195456e+00
-2.167726740623925785e+00
-2.167726745738439931e+00
-2.167726750867636554e+00
-2.167726755997065879e+00
-2.167726761126728796e+00
-2.167726766242174197e+00
-2.167726771372303407e+00
-2.167726776488213325e+00
-2.167726781618810161e+00
-2.167726786735187705e+00
-2.167726791866249947e+00
-2.167726796983091564e+00
-2.167726802100167216e+00
-2.167726807231929342e+00
-2.167726812349470844e+00
-2.167726817467243716e+00
-2.167726822585248847e+00
-2.167726827703488457e+00
-2.167726832821958105e+00
-2.167726837940663565e+00
-2.167726843059599506e+00
-2.167726848178769039e+00
-2.167726853283709509e+00
-2.167726858403344448e+00
-2.167726863523212089e+00
-2.167726868628849779e+00
-2.167726873749182825e+00
-2.167726878855283701e+00
-2.167726883976082153e+00
-2.167726889082647102e+00
-2.167726894203910515e+00
-2.167726899310940425e+00
-2.167726904418202150e+00
-2.167726909525695245e+00
-2.167726914633419710e+00
-2.167726919741377323e+00
-2.167726924849567638e+00
-2.167726929957988435e+00
-2.167726935066641492e+00
-2.167726940175526806e+00
-2.167726945284644824e+00
-2.167726950393995544e+00
-2.167726955503577635e+00
-2.167726960598916008e+00
-2.167726965708962616e+00
-2.167726970804764175e+00
-2.167726975915273524e+00
-2.167726981011537823e+00
-2.167726986122512578e+00
-2.167726991219239174e+00
-2.167726996316198029e+00
-2.167727001427868672e+00
-2.167727006525289379e+00
-2.167727011622943678e+00
-2.167727016720827571e+00
-2.167727021818942834e+00
-2.167727026917290356e+00
-2.167727032015869248e+00
-2.167727037114679511e+00
-2.167727042213719368e+00
-2.167727047312992816e+00
-2.167727052398010112e+00
-2.167727057497744969e+00
-2.167727062597712528e+00
-2.167727067683422604e+00
-2.167727072783851572e+00
-2.167727077870022168e+00
-2.167727082970915653e+00
-2.167727088057548102e+00
-2.167727093144411477e+00
-2.167727098245997297e+00
-2.167727103333322525e+00
-2.167727108420878235e+00
-2.167727113508663539e+00
-2.167727118596679770e+00
-2.167727123684927371e+00
-2.167727128773405898e+00
-2.167727133862115352e+00
-2.167727138951055732e+00
-2.167727144040225262e+00
-2.167727149129627495e+00
-2.167727154204759366e+00
-2.167727159294622119e+00
-2.167727164384716243e+00
-2.167727169460538228e+00
-2.167727174551093761e+00
-2.167727179627376266e+00
-2.167727184703887922e+00
-2.167727189795135789e+00
-2.167727194872107965e+00
-2.167727199949311068e+00
-2.167727205041250826e+00
-2.167727210118913117e+00
-2.167727215196807222e+00
-2.167727220274930477e+00
-2.167727225353283327e+00
-2.167727230431867103e+00
-2.167727235510681361e+00
-2.167727240575212821e+00
-2.167727245654485824e+00
-2.167727250733990196e+00
-2.167727255813724163e+00
-2.167727260879174445e+00
-2.167727265959368044e+00
-2.167727271025277513e+00
-2.167727276105930301e+00
-2.167727281172298071e+00
-2.167727286253412267e+00
-2.167727291320239225e+00
-2.167727296387294889e+00
-2.167727301454580591e+00
-2.167727306536614496e+00
-2.167727311604358942e+00
-2.167727316672333426e+00
-2.167727321740536173e+00
-2.167727326808968069e+00
-2.167727331877632668e+00
-2.167727336946523309e+00
-2.167727342001119606e+00
-2.167727347070470323e+00
-2.167727352140048858e+00
-2.167727357195332161e+00
-2.167727362265369884e+00
-2.167727367335638533e+00
-2.167727372391607954e+00
-2.167727377462334459e+00
-2.167727382518760848e+00
-2.167727387575416831e+00
-2.167727392646831674e+00
-2.167727397703945513e+00
-2.167727402761285393e+00
-2.167727407818856200e+00
-2.167727412876656157e+00
-2.167727417934683487e+00
-2.167727422992940856e+00
-2.167727428051425598e+00
-2.167727433110140378e+00
-2.167727438169082976e+00
-2.167727443228254725e+00
-2.167727448287656067e+00
-2.167727453332746634e+00
-2.167727458392604056e+00
-2.167727463438151148e+00
-2.167727468498466425e+00
-2.167727473544469152e+00
-2.167727478605241842e+00
-2.167727483651701537e+00
-2.167727488712933859e+00
-2.167727493759846968e+00
-2.167727498806991893e+00
-2.167727503854362414e+00
-2.167727508901962086e+00
-2.167727513964337493e+00
-2.167727519012393689e+00
-2.167727524060678590e+00
-2.167727529094641170e+00
-2.167727534143381707e+00
-2.167727539192350505e+00
-2.167727544241545790e+00
-2.167727549290971112e+00
-2.167727554326071449e+00
-2.167727559375953295e+00
-2.167727564426062958e+00
-2.167727569461844972e+00
-2.167727574512410271e+00
-2.167727579548649697e+00
-2.167727584585113387e+00
-2.167727589636364360e+00
-2.167727594673284131e+00
-2.167727599710433051e+00
-2.167727604747807568e+00
-2.167727609785409015e+00
-2.167727614823240945e+00
-2.167727619875858824e+00
-2.167727624899582928e+00
-2.167727629938094314e+00
-2.167727634976834405e+00
-2.167727640015803647e+00
-2.167727645054997598e+00
-2.167727650094420699e+00
-2.167727655119504604e+00
-2.167727660159382452e+00
-2.167727665184920216e+00
-2.167727670225252812e+00
-2.167727675251244435e+00
-2.167727680292032222e+00
-2.167727685318477260e+00
-2.167727690345149671e+00
-2.167727695386619580e+00
-2.167727700413745850e+00
-2.167727705441098607e+00
-2.167727710468677849e+00
-2.167727715496484908e+00
-2.167727720524516677e+00
-2.167727725552776707e+00
-2.167727730581263224e+00
-2.167727735609977557e+00
-2.167727740638917933e+00
-2.167727745668084793e+00
-2.167727750682902688e+00
-2.167727755712522519e+00
-2.167727760727790276e+00
-2.167727765757865299e+00
-2.167727770788166808e+00
-2.167727775804113577e+00
-2.167727780820287720e+00
-2.167727785851267797e+00
-2.167727790867892246e+00
-2.167727795884744957e+00
-2.167727800916407599e+00
-2.167727805933711061e+00
-2.167727810951240119e+00
-2.167727815968997884e+00
-2.167727820986980358e+00
-2.167727826005188874e+00
-2.167727831023625207e+00
-2.167727836042284473e+00
-2.167727841046581894e+00
-2.167727846065694575e+00
-2.167727851085033741e+00
-2.167727856090007954e+00
-2.167727861109798759e+00
-2.167727866129816938e+00
-2.167727871135467055e+00
-2.167727876155936872e+00
-2.167727881162037740e+00
-2.167727886168365536e+00
-2.167727891189513034e+00
-2.167727896196292470e+00
-2.167727901203294838e+00
-2.167727906210523692e+00
-2.167727911217977699e+00
-2.167727916225655971e+00
-2.167727921233562061e+00
-2.167727926241691971e+00
-2.167727931250048368e+00
-2.167727936258629029e+00
-2.167727941267436620e+00
-2.167727946276469364e+00
-2.167727951271122500e+00
-2.167727956280605994e+00
-2.167727961290315530e+00
-2.167727966285644126e+00
-2.167727971295806189e+00
-2.167727976291582870e+00
-2.167727981302193463e+00
-2.167727986298423115e+00
-2.167727991294874812e+00
-2.167727996291551662e+00
-2.167728001303065088e+00
-2.167728006300192689e+00
-2.167728011297544111e+00
-2.167728016295122018e+00
-2.167728021292923302e+00
-2.167728026290950183e+00
-2.167728031289200885e+00
-2.167728036287676741e+00
-2.167728041286379081e+00
-2.167728046270687603e+00
-2.167728051269838474e+00
-2.167728056269214498e+00
-2.167728061254195371e+00
-2.167728066254021702e+00
-2.167728071239451548e+00
-2.167728076239726409e+00
-2.167728081225604342e+00
-2.167728086226329065e+00
-2.167728091212657304e+00
-2.167728096199207588e+00
-2.167728101185982581e+00
-2.167728106172980951e+00
-2.167728111174830552e+00
-2.167728116162279228e+00
-2.167728121149950837e+00
-2.167728126137846711e+00
-2.167728131125967295e+00
-2.167728136099683400e+00
-2.167728141088251625e+00
-2.167728146077045004e+00
-2.167728151066061759e+00
-2.167728156040672260e+00
-2.167728161030138878e+00
-2.167728166019827540e+00
-2.167728170995108172e+00
-2.167728175985245809e+00
-2.167728180960973194e+00
-2.167728185936925733e+00
-2.167728190927736165e+00
-2.167728195904134125e+00
-2.167728200880755463e+00
-2.167728205857601509e+00
-2.167728210834669156e+00
-2.167728215826602689e+00
-2.167728220804117978e+00
-2.167728225781856644e+00
-2.167728230745178841e+00
-2.167728235723366037e+00
-2.167728240701775277e+00
-2.167728245680407451e+00
-2.167728250659266109e+00
-2.167728255623702083e+00
-2.167728260603005275e+00
-2.167728265582533620e+00
-2.167728270547638836e+00
-2.167728275527613491e+00
-2.167728280493164128e+00
-2.167728285458938142e+00
-2.167728290439582040e+00
-2.167728295405801919e+00
-2.167728300372243400e+00
-2.167728305338907813e+00
-2.167728310320447882e+00
-2.167728315287559049e+00
-2.167728320254892704e+00
-2.167728325222449293e+00
-2.167728330190228814e+00
-2.167728335158230824e+00
-2.167728340111799490e+00
-2.167728345080248697e+00
-2.167728350048919062e+00
-2.167728355017812358e+00
-2.167728359972270535e+00
-2.167728364941610142e+00
-2.167728369896512408e+00
-2.167728374866297880e+00
-2.167728379821644680e+00
-2.167728384791875573e+00
-2.167728389747668238e+00
-2.167728394703681172e+00
-2.167728399674580420e+00
-2.167728404631038774e+00
-2.167728409587718730e+00
-2.167728414544624282e+00
-2.167728419501747439e+00
-2.167728424459093972e+00
-2.167728429416663882e+00
-2.167728434374454949e+00
-2.167728439332469392e+00
-2.167728444290704992e+00
-2.167728449234493038e+00
-2.167728454193174503e+00
-2.167728459152075793e+00
-2.167728464096527752e+00
-2.167728469055874907e+00
-2.167728474015444551e+00
-2.167728478960562644e+00
-2.167728483905900561e+00
-2.167728488866136338e+00
-2.167728493811919233e+00
-2.167728498757921951e+00
-2.167728503718824751e+00
-2.167728508665272003e+00
-2.167728513611939967e+00
-2.167728518558830864e+00
-2.167728523505942029e+00
-2.167728528453275239e+00
-2.167728533400829605e+00
-2.167728538348605571e+00
-2.167728543296604027e+00
-2.167728548244824527e+00
-2.167728553178579265e+00
-2.167728558127241634e+00
-2.167728563076126491e+00
-2.167728568010546031e+00
-2.167728572959874089e+00
-2.167728577894735498e+00
-2.167728582844505425e+00
-2.167728587779808258e+00
-2.167728592715333136e+00
-2.167728597665767420e+00
-2.167728602601733723e+00
-2.167728607537919849e+00
-2.167728612474327576e+00
-2.167728617410956016e+00
-2.167728622347806500e+00
-2.167728627284875031e+00
-2.167728632222166940e+00
-2.167728637159678673e+00
-2.167728642097411562e+00
-2.167728647035365164e+00
-2.167728651973540810e+00
-2.167728656911937168e+00
-2.167728661835855775e+00
-2.167728666774693558e+00
-2.167728671699052700e+00
-2.167728676638331908e+00
-2.167728681563132920e+00
-2.167728686502852220e+00
-2.167728691428092436e+00
-2.167728696368255381e+00
-2.167728701293935689e+00
-2.167728706219837154e+00
-2.167728711145957998e+00
-2.167728716072298667e+00
-2.167728720998859604e+00
-2.167728725925640809e+00
-2.167728730852642727e+00
-2.167728735779863580e+00
-2.167728740707306923e+00
-2.167728745634968313e+00
-2.167728750562852191e+00
-2.167728755490955450e+00
-2.167728760404566302e+00
-2.167728765333109653e+00
-2.167728770261874160e+00
-2.167728775176144485e+00
-2.167728780105349529e+00
-2.167728785020059057e+00
-2.167728789949704193e+00
-2.167728794864852482e+00
-2.167728799780220594e+00
-2.167728804710526980e+00
-2.167728809626335629e+00
-2.167728814542362326e+00
-2.167728819458610179e+00
-2.167728824375075192e+00
-2.167728829291761805e+00
-2.167728834208667799e+00
-2.167728839125792728e+00
-2.167728844043137482e+00
-2.167728848960701171e+00
-2.167728853878485573e+00
-2.167728858781765133e+00
-2.167728863699988295e+00
-2.167728868618430838e+00
-2.167728873522365873e+00
-2.167728878441248064e+00
-2.167728883345622748e+00
-2.167728888264942810e+00
-2.167728893169754478e+00
-2.167728898074784194e+00
-2.167728902994765061e+00
-2.167728907900233537e+00
-2.167728912805920061e+00
-2.167728917711825076e+00
-2.167728922632684352e+00
-2.167728927539028572e+00
-2.167728932445591283e+00
-2.167728937352373375e+00
-2.167728942244639079e+00
-2.167728947151858154e+00
-2.167728952059296610e+00
-2.167728956966954446e+00
-2.167728961874830329e+00
-2.167728966768187160e+00
-2.167728971676500471e+00
-2.167728976585034939e+00
-2.167728981479046357e+00
-2.167728986388016921e+00
-2.167728991282463991e+00
-2.167728996177130441e+00
-2.167729001086758700e+00
-2.167729005981860357e+00
-2.167729010877180951e+00
-2.167729015787465574e+00
-2.167729020683224039e+00
-2.167729025579199664e+00
-2.167729030475393781e+00
-2.167729035371805058e+00
-2.167729040268436158e+00
-2.167729045165284418e+00
-2.167729050062352947e+00
-2.167729054944886435e+00
-2.167729059842390171e+00
-2.167729064740112399e+00
-2.167729069638051342e+00
-2.167729074521456578e+00
-2.167729079419832949e+00
-2.167729084303673392e+00
-2.167729089202484083e+00
-2.167729094086760622e+00
-2.167729098986010072e+00
-2.167729103870720930e+00
-2.167729108755648948e+00
-2.167729113640795013e+00
-2.167729118540916655e+00
-2.167729123426497928e+00
-2.167729128312296805e+00
-2.167729133198311953e+00
-2.167729138084546037e+00
-2.167729142970997724e+00
-2.167729147857666572e+00
-2.167729152744553467e+00
-2.167729157631657966e+00
-2.167729162504212770e+00
-2.167729167391753364e+00
-2.167729172279510674e+00
-2.167729177152716957e+00
-2.167729182040909919e+00
-2.167729186914550521e+00
-2.167729191803179578e+00
-2.167729196677252723e+00
-2.167729201566315211e+00
-2.167729206440824452e+00
-2.167729211315549964e+00
-2.167729216205266596e+00
-2.167729221080426427e+00
-2.167729225955802530e+00
-2.167729230831396237e+00
-2.167729235707207547e+00
-2.167729240583233352e+00
-2.167729245459479426e+00
-2.167729250335940883e+00
-2.167729255212618611e+00
-2.167729260089515719e+00
-2.167729264966626879e+00
-2.167729269829176797e+00
-2.167729274706724052e+00
-2.167729279584487134e+00
-2.167729284447685423e+00
-2.167729289325882380e+00
-2.167729294189513656e+00
-2.167729299068144488e+00
-2.167729303932208751e+00
-2.167729308796489285e+00
-2.167729313675771152e+00
-2.167729318540483785e+00
-2.167729323405411801e+00
-2.167729328270557865e+00
-2.167729333135918868e+00
-2.167729338001496586e+00
-2.167729342867289688e+00
-2.167729347733299949e+00
-2.167729352599526038e+00
-2.167729357465967510e+00
-2.167729362332628362e+00
-2.167729367199503709e+00
-2.167729372066596660e+00
-2.167729376919109274e+00
-2.167729381786634768e+00
-2.167729386639580369e+00
-2.167729391507535297e+00
-2.167729396375710049e+00
-2.167729401229302688e+00
-2.167729406083108934e+00
-2.167729410951931168e+00
-2.167729415806170401e+00
-2.167729420660624573e+00
-2.167729425515294572e+00
-2.167729430384981892e+00
-2.167729435240084435e+00
-2.167729440095401472e+00
-2.167729444950933448e+00
-2.167729449806682140e+00
-2.167729454662646216e+00
-2.167729459518827007e+00
-2.167729464375222737e+00
-2.167729469217027471e+00
-2.167729474073853524e+00
-2.167729478930894960e+00
-2.167729483773344068e+00
-2.167729488630818935e+00
-2.167729493488507408e+00
-2.167729498331601334e+00
-2.167729503189722795e+00
-2.167729508033246599e+00
-2.167729512876985787e+00
-2.167729517735753397e+00
-2.167729522579922019e+00
-2.167729527424306468e+00
-2.167729532268905412e+00
-2.167729537113718852e+00
-2.167729541973564711e+00
-2.167729546818808917e+00
-2.167729551664267618e+00
-2.167729556509943478e+00
-2.167729561341011468e+00
-2.167729566187113655e+00
-2.167729571033434777e+00
-2.167729575879967285e+00
-2.167729580726716510e+00
-2.167729585558858307e+00
-2.167729590406036966e+00
-2.167729595238606422e+00
-2.167729600086216291e+00
-2.167729604919216069e+00
-2.167729609767252263e+00
-2.167729614600679700e+00
-2.167729619449149325e+00
-2.167729624283004419e+00
-2.167729629117074897e+00
-2.167729633951359869e+00
-2.167729638785857560e+00
-2.167729643635401438e+00
-2.167729648470329451e+00
-2.167729653305471516e+00
-2.167729658140827187e+00
-2.167729662961563886e+00
-2.167729667797349435e+00
-2.167729672633349036e+00
-2.167729677469561800e+00
-2.167729682305989058e+00
-2.167729687127795568e+00
-2.167729691964651817e+00
-2.167729696801722561e+00
-2.167729701624169447e+00
-2.167729706461668293e+00
-2.167729711284543281e+00
-2.167729716122470673e+00
-2.167729720945771987e+00
-2.167729725769287796e+00
-2.167729730593016324e+00
-2.167729735431801696e+00
-2.167729740255958326e+00
-2.167729745080325010e+00
-2.167729749904911074e+00
-2.167729754729709857e+00
-2.167729759554718250e+00
-2.167729764379942914e+00
-2.167729769205381185e+00
-2.167729774031034395e+00
-2.167729778856898992e+00
-2.167729783668127297e+00
-2.167729788494421328e+00
-2.167729793320927190e+00
-2.167729798132794983e+00
-2.167729802959729835e+00
-2.167729807772023065e+00
-2.167729812599384687e+00
-2.167729817412106019e+00
-2.167729822239893966e+00
-2.167729827053040736e+00
-2.167729831866401113e+00
-2.167729836694830325e+00
-2.167729841508614808e+00
-2.167729846322612897e+00
-2.167729851136826369e+00
-2.167729855951250784e+00
-2.167729860765889249e+00
-2.167729865580739101e+00
-2.167729870395802561e+00
-2.167729875211080515e+00
-2.167729880026569855e+00
-2.167729884827408249e+00
-2.167729889643324803e+00
-2.167729894459453632e+00
-2.167729899275795180e+00
-2.167729904077483560e+00
-2.167729908894253210e+00
-2.167729913696366140e+00
-2.167729918513559006e+00
-2.167729923316099150e+00
-2.167729928118849791e+00
-2.167729932936682147e+00
-2.167729937739856894e+00
-2.167729942543245247e+00
-2.167729947346844988e+00
-2.167729952165529994e+00
-2.167729956969555172e+00
-2.167729961773790848e+00
-2.167729966578241463e+00
-2.167729971382903464e+00
-2.167729976187778185e+00
-2.167729980977986859e+00
-2.167729985783287461e+00
-2.167729990588798561e+00
-2.167729995394523712e+00
-2.167730000185579708e+00
-2.167730004991728077e+00
-2.167730009798087831e+00
-2.167730014589779319e+00
-2.167730019396565844e+00
-2.167730024188680993e+00
-2.167730028981007084e+00
-2.167730033788429544e+00
-2.167730038581180629e+00
-2.167730043374142213e+00
-2.167730048182201941e+00
-2.167730052975587185e+00
-2.167730057769184704e+00
-2.167730062562993609e+00
-2.167730067357014789e+00
-2.167730072151245135e+00
-2.167730076945690421e+00
-2.167730081740345760e+00
-2.167730086535213818e+00
-2.167730091315401175e+00
-2.167730096110691562e+00
-2.167730100906194668e+00
-2.167730105701908716e+00
-2.167730110482939843e+00
-2.167730115279077552e+00
-2.167730120060533228e+00
-2.167730124857093266e+00
-2.167730129638968162e+00
-2.167730134435950973e+00
-2.167730139218249974e+00
-2.167730144000759918e+00
-2.167730148783478583e+00
-2.167730153581310049e+00
-2.167730158364451931e+00
-2.167730163147804756e+00
-2.167730167931368968e+00
-2.167730172715144565e+00
-2.167730177499130662e+00
-2.167730182283326812e+00
-2.167730187067736125e+00
-2.167730191852355048e+00
-2.167730196622278172e+00
-2.167730201407320312e+00
-2.167730206192572506e+00
-2.167730210978035643e+00
-2.167730215748801648e+00
-2.167730220534686669e+00
-2.167730225305873670e+00
-2.167730230092181021e+00
-2.167730234863789462e+00
-2.167730239650518254e+00
-2.167730244422547692e+00
-2.167730249194784964e+00
-2.167730253967233622e+00
-2.167730258754807071e+00
-2.167730263527677170e+00
-2.167730268300756880e+00
-2.167730273074047531e+00
-2.167730277847548237e+00
-2.167730282621261217e+00
-2.167730287395180699e+00
-2.167730292169313344e+00
-2.167730296943654711e+00
-2.167730301703286955e+00
-2.167730306478050206e+00
-2.167730311253023068e+00
-2.167730316028207316e+00
-2.167730320788678888e+00
-2.167730325564283689e+00
-2.167730330325174037e+00
-2.167730335101196726e+00
-2.167730339862508515e+00
-2.167730344638953532e+00
-2.167730349400684986e+00
-2.167730354162624273e+00
-2.167730358924772727e+00
-2.167730363702059737e+00
-2.167730368464627855e+00
-2.167730373227406027e+00
-2.167730377990393809e+00
-2.167730382753591201e+00
-2.167730387516997759e+00
-2.167730392280614815e+00
-2.167730397044442370e+00
-2.167730401808478646e+00
-2.167730406557789369e+00
-2.167730411322244866e+00
-2.167730416086909973e+00
-2.167730420851785134e+00
-2.167730425601933408e+00
-2.167730430367228234e+00
-2.167730435117793064e+00
-2.167730439883507998e+00
-2.167730444634490716e+00
-2.167730449400625314e+00
-2.167730454152027253e+00
-2.167730458903637469e+00
-2.167730463655457740e+00
-2.167730468422429446e+00
-2.167730473174668049e+00
-2.167730477927115373e+00
-2.167730482679771864e+00
-2.167730487432635744e+00
-2.167730492185710567e+00
-2.167730496938994555e+00
-2.167730501692486822e+00
-2.167730506446188254e+00
-2.167730511185148590e+00
-2.167730515939268354e+00
-2.167730520693597729e+00
-2.167730525448134493e+00
-2.167730530187929716e+00
-2.167730534942886145e+00
-2.167730539683098367e+00
-2.167730544438470019e+00
-2.167730549179098354e+00
-2.167730553934891446e+00
-2.167730558675937225e+00
-2.167730563417189948e+00
-2.167730568173610095e+00
-2.167730572915280263e+00
-2.167730577657158708e+00
-2.167730582399246320e+00
-2.167730587141540433e+00
-2.167730591884045488e+00
-2.167730596626758377e+00
-2.167730601369679988e+00
-2.167730606112807212e+00
-2.167730610856145379e+00
-2.167730615599692268e+00
-2.167730620328482072e+00
-2.167730625072445072e+00
-2.167730629816615018e+00
-2.167730634546029211e+00
-2.167730639290617045e+00
-2.167730644035414045e+00
-2.167730648765448187e+00
-2.167730653495693272e+00
-2.167730658241115105e+00
-2.167730662971774525e+00
-2.167730667717612913e+00
-2.167730672448688889e+00
-2.167730677179971810e+00
-2.167730681911461676e+00
-2.167730686643159821e+00
-2.167730691375065799e+00
-2.167730696122154299e+00
-2.167730700854477277e+00
-2.167730705572029848e+00
-2.167730710304766273e+00
-2.167730715037711420e+00
-2.167730719770863956e+00
-2.167730724504223883e+00
-2.167730729237791643e+00
-2.167730733956588551e+00
-2.167730738690571535e+00
-2.167730743424764128e+00
-2.167730748144180541e+00
-2.167730752878787914e+00
-2.167730757598618219e+00
-2.167730762318657689e+00
-2.167730767053885899e+00
-2.167730771774337484e+00
-2.167730776494997791e+00
-2.167730781230850834e+00
-2.167730785951923700e+00
-2.167730790673205732e+00
-2.167730795394693821e+00
-2.167730800116387524e+00
-2.167730804838288172e+00
-2.167730809560397987e+00
-2.167730814282714302e+00
-2.167730819005237564e+00
-2.167730823727968215e+00
-2.167730828450905367e+00
-2.167730833159056125e+00
-2.167730837882407613e+00
-2.167730842605966490e+00
-2.167730847314734977e+00
-2.167730852038706413e+00
-2.167730856762888791e+00
-2.167730861472279003e+00
-2.167730866181872162e+00
-2.167730870906674934e+00
-2.167730875616681985e+00
-2.167730880341898647e+00
-2.167730885052319145e+00
-2.167730889762946145e+00
-2.167730894473780534e+00
-2.167730899184821425e+00
-2.167730903896067041e+00
-2.167730908607520046e+00
-2.167730913319179997e+00
-2.167730918031046006e+00
-2.167730922743118072e+00
-2.167730927455396639e+00
-2.167730932167882152e+00
-2.167730936880574166e+00
-2.167730941578464687e+00
-2.167730946291568817e+00
-2.167730951004879891e+00
-2.167730955703386364e+00
-2.167730960417110442e+00
-2.167730965116028585e+00
-2.167730969830164334e+00
-2.167730974529494592e+00
-2.167730979244044232e+00
-2.167730983943785272e+00
-2.167730988643732815e+00
-2.167730993358899738e+00
-2.167730998059259839e+00
-2.167731002759823777e+00
-2.167731007460592885e+00
-2.167731012161569382e+00
-2.167731016862751048e+00
-2.167731021564137883e+00
-2.167731026265732108e+00
-2.167731030967531503e+00
-2.167731035669535622e+00
-2.167731040371744022e+00
-2.167731045059138495e+00
-2.167731049761759898e+00
-2.167731054464588247e+00
-2.167731059152595563e+00
-2.167731063855835583e+00
-2.167731068544252793e+00
-2.167731073247904483e+00
-2.167731077936732031e+00
-2.167731082640794504e+00
-2.167731087330032391e+00
-2.167731092034506979e+00
-2.167731096724156536e+00
-2.167731101414011707e+00
-2.167731106104068495e+00
-2.167731110794333560e+00
-2.167731115484802462e+00
-2.167731120175476534e+00
-2.167731124881390414e+00
-2.167731129557440628e+00
-2.167731134248729319e+00
-2.167731138940224511e+00
-2.167731143631923985e+00
-2.167731148323829515e+00
-2.167731153015939771e+00
-2.167731157693216559e+00
-2.167731162385736710e+00
-2.167731167078461585e+00
-2.167731171756352548e+00
-2.167731176449487762e+00
-2.167731181127785511e+00
-2.167731185821331952e+00
-2.167731190500040483e+00
-2.167731195178951076e+00
-2.167731199873111692e+00
-2.167731204552433510e+00
-2.167731209231958722e+00
-2.167731213911687327e+00
-2.167731218591621101e+00
-2.167731223286808895e+00
-2.167731227967151675e+00
-2.167731232647699180e+00
-2.167731237328450078e+00
-2.167731241994356850e+00
-2.167731246675517198e+00
-2.167731251356881828e+00
-2.167731256038451626e+00
-2.167731260720225706e+00
-2.167731265387149442e+00
-2.167731270069333416e+00
-2.167731274751720338e+00
-2.167731279419255142e+00
-2.167731284102050626e+00
-2.167731288769994880e+00
-2.167731293453200703e+00
-2.167731298121550410e+00
-2.167731302790105730e+00
-2.167731307473924840e+00
-2.167731312142886058e+00
-2.167731316812052444e+00
-2.167731321481421780e+00
-2.167731326150994065e+00
-2.167731330820771074e+00
-2.167731335490752809e+00
-2.167731340160937492e+00
-2.167731344831324236e+00
-2.167731349501918370e+00
-2.167731354172713676e+00
-2.167731358843713707e+00
-2.167731363514918463e+00
-2.167731368171256001e+00
-2.167731372842867543e+00
-2.167731377514683366e+00
-2.167731382171630639e+00
-2.167731386843854136e+00
-2.167731391501206861e+00
-2.167731396173837588e+00
-2.167731400831598876e+00
-2.167731405504637276e+00
-2.167731410162804018e+00
-2.167731414821174152e+00
-2.167731419494823619e+00
-2.167731424153599651e+00
-2.167731428812579075e+00
-2.167731433471761449e+00
-2.167731438131147659e+00
-2.167731442790735485e+00
-2.167731447450528037e+00
-2.167731452110523538e+00
-2.167731456770721099e+00
-2.167731461431123829e+00
-2.167731466091726844e+00
-2.167731470752536360e+00
-2.167731475398463115e+00
-2.167731480059677196e+00
-2.167731484721094226e+00
-2.167731489367629383e+00
-2.167731494029453199e+00
-2.167731498676390700e+00
-2.167731503338621746e+00
-2.167731507985965145e+00
-2.167731512648602088e+00
-2.167731517296351385e+00
-2.167731521944302298e+00
-2.167731526592455715e+00
-2.167731531255905786e+00
-2.167731535904464213e+00
-2.167731540553225589e+00
-2.167731545202191246e+00
-2.167731549851357187e+00
-2.167731554500726077e+00
-2.167731559150298359e+00
-2.167731563800072259e+00
-2.167731568450048218e+00
-2.167731573100228459e+00
-2.167731577735509951e+00
-2.167731582386094313e+00
-2.167731587036882068e+00
-2.167731591672769298e+00
-2.167731596323961618e+00
-2.167731600975355111e+00
-2.167731605611848522e+00
-2.167731610263648800e+00
-2.167731614900545445e+00
-2.167731619537645038e+00
-2.167731624190052386e+00
-2.167731628827554324e+00
-2.167731633465259211e+00
-2.167731638118273629e+00
-2.167731642756382193e+00
-2.167731647394691485e+00
-2.167731652033204615e+00
-2.167731656671919804e+00
-2.167731661310835278e+00
-2.167731665949951481e+00
-2.167731670589272852e+00
-2.167731675228794508e+00
-2.167731679868517780e+00
-2.167731684493329425e+00
-2.167731689133456374e+00
-2.167731693773783608e+00
-2.167731698399198326e+00
-2.167731703039931457e+00
-2.167731707680865760e+00
-2.167731712306884440e+00
-2.167731716948223752e+00
-2.167731721574643000e+00
-2.167731726216383770e+00
-2.167731730843208027e+00
-2.167731735470232124e+00
-2.167731740097456949e+00
-2.167731744740005517e+00
-2.167731749367634020e+00
-2.167731753995462363e+00
-2.167731758623492322e+00
-2.167731763251724342e+00
-2.167731767880156646e+00
-2.167731772508789678e+00
-2.167731777137624771e+00
-2.167731781766660148e+00
-2.167731786395898919e+00
-2.167731791025336641e+00
-2.167731795639846304e+00
-2.167731800269687703e+00
-2.167731804899729386e+00
-2.167731809514839902e+00
-2.167731814145284819e+00
-2.167731818775928243e+00
-2.167731823391642276e+00
-2.167731828007557038e+00
-2.167731832638805756e+00
-2.167731837255120197e+00
-2.167731841886770816e+00
-2.167731846503487603e+00
-2.167731851120403785e+00
-2.167731855737519364e+00
-2.167731860354837004e+00
-2.167731864987493484e+00
-2.167731869605211692e+00
-2.167731874223131960e+00
-2.167731878841250737e+00
-2.167731883459571129e+00
-2.167731888078090918e+00
-2.167731892681670214e+00
-2.167731897300591015e+00
-2.167731901919711657e+00
-2.167731906539035247e+00
-2.167731911143411239e+00
-2.167731915763134953e+00
-2.167731920383058952e+00
-2.167731924988036241e+00
-2.167731929608360808e+00
-2.167731934213736444e+00
-2.167731938834462468e+00
-2.167731943440238673e+00
-2.167731948046214718e+00
-2.167731952667542483e+00
-2.167731957273917320e+00
-2.167731961880492886e+00
-2.167731966487268735e+00
-2.167731971094242649e+00
-2.167731975716573611e+00
-2.167731980323948093e+00
-2.167731984931523748e+00
-2.167731989539298354e+00
-2.167731994132115148e+00
-2.167731998740288546e+00
-2.167732003348662673e+00
-2.167732007957236195e+00
-2.167732012566010891e+00
-2.167732017159823332e+00
-2.167732021768996375e+00
-2.167732026378369703e+00
-2.167732030972780777e+00
-2.167732035582553785e+00
-2.167732040177360542e+00
-2.167732044787534562e+00
-2.167732049382741888e+00
-2.167732053993314700e+00
-2.167732058588919486e+00
-2.167732063184724112e+00
-2.167732067780727245e+00
-2.167732072392099862e+00
-2.167732076988502676e+00
-2.167732081585103998e+00
-2.167732086181904272e+00
-2.167732090778904830e+00
-2.167732095376103452e+00
-2.167732099973501469e+00
-2.167732104571099327e+00
-2.167732109168896137e+00
-2.167732113766891455e+00
-2.167732118349912085e+00
-2.167732122948305307e+00
-2.167732127546899701e+00
-2.167732132130515410e+00
-2.167732136729508152e+00
-2.167732141328696294e+00
-2.167732145912910635e+00
-2.167732150512497569e+00
-2.167732155097105373e+00
-2.167732159681913018e+00
-2.167732164282099916e+00
-2.167732168867302800e+00
-2.167732173452705080e+00
-2.167732178053489278e+00
-2.167732182639289018e+00
-2.167732187225286822e+00
-2.167732191811482245e+00
-2.167732196397877953e+00
-2.167732200984470392e+00
-2.167732205571262227e+00
-2.167732210158252570e+00
-2.167732214745441865e+00
-2.167732219332830113e+00
-2.167732223920415535e+00
-2.167732228493008506e+00
-2.167732233080993165e+00
-2.167732237669174111e+00
-2.167732242242360385e+00
-2.167732246830938347e+00
-2.167732251419716594e+00
-2.167732255993497503e+00
-2.167732260567477365e+00
-2.167732265156847582e+00
-2.167732269731223127e+00
-2.167732274320992580e+00
-2.167732278895762921e+00
-2.167732283470729993e+00
-2.167732288045897349e+00
-2.167732292636460389e+00
-2.167732297212022097e+00
-2.167732301787780536e+00
-2.167732306363739703e+00
-2.167732310939894269e+00
-2.167732315516247787e+00
-2.167732320092799814e+00
-2.167732324669547239e+00
-2.167732329246494949e+00
-2.167732333808434664e+00
-2.167732338385776281e+00
-2.167732342963315961e+00
-2.167732347525846315e+00
-2.167732352103782567e+00
-2.167732356681916883e+00
-2.167732361245037875e+00
-2.167732365823567875e+00
-2.167732370387083662e+00
-2.167732374966010234e+00
-2.167732379529921261e+00
-2.167732384094028575e+00
-2.167732388673548005e+00
-2.167732393238050115e+00
-2.167732397802749844e+00
-2.167732402367644529e+00
-2.167732406932739941e+00
-2.167732411498029865e+00
-2.167732416078736790e+00
-2.167732420644422398e+00
-2.167732425195086243e+00
-2.167732429761165758e+00
-2.167732434327443336e+00
-2.167732438893916758e+00
-2.167732443460588687e+00
-2.167732448027458236e+00
-2.167732452579301139e+00
-2.167732457146564151e+00
-2.167732461714025227e+00
-2.167732466266456992e+00
-2.167732470834311531e+00
-2.167732475387137203e+00
-2.167732479955386982e+00
-2.167732484508606117e+00
-2.167732489077249802e+00
-2.167732493630862400e+00
-2.167732498184669954e+00
-2.167732502738674683e+00
-2.167732507308107515e+00
-2.167732511862506595e+00
-2.167732516417101074e+00
-2.167732520971891841e+00
-2.167732525526878895e+00
-2.167732530082063125e+00
-2.167732534637446307e+00
-2.167732539193022667e+00
-2.167732543748796203e+00
-2.167732548304767359e+00
-2.167732552860934359e+00
-2.167732557402060500e+00
-2.167732561958621407e+00
-2.167732566515377712e+00
-2.167732571057090940e+00
-2.167732575614240709e+00
-2.167732580156344291e+00
-2.167732584713888855e+00
-2.167732589256384124e+00
-2.167732593814320818e+00
-2.167732598357209106e+00
-2.167732602915539708e+00
-2.167732607458818794e+00
-2.167732612002295500e+00
-2.167732616545967161e+00
-2.167732621089835554e+00
-2.167732625649147593e+00
-2.167732630193407228e+00
-2.167732634737864039e+00
-2.167732639282514917e+00
-2.167732643827362971e+00
-2.167732648372406867e+00
-2.167732652917647052e+00
-2.167732657447828171e+00
-2.167732661993459153e+00
-2.167732666539286424e+00
-2.167732671085309537e+00
-2.167732675616273141e+00
-2.167732680162685721e+00
-2.167732684709298141e+00
-2.167732689240847943e+00
-2.167732693787852494e+00
-2.167732698319790430e+00
-2.167732702867185335e+00
-2.167732707399514958e+00
-2.167732711932039980e+00
-2.167732716480020638e+00
-2.167732721012937791e+00
-2.167732725546048567e+00
-2.167732730079354742e+00
-2.167732734612856316e+00
-2.167732739146551513e+00
-2.167732743695711228e+00
-2.167732748229798556e+00
-2.167732752764080839e+00
-2.167732757283289846e+00
-2.167732761817964260e+00
-2.167732766352832741e+00
-2.167732770887895732e+00
-2.167732775423153679e+00
-2.167732779943337462e+00
-2.167732784478986652e+00
-2.167732789014831685e+00
-2.167732793535598113e+00
-2.167732798071833500e+00
-2.167732802608264286e+00
-2.167732807129614692e+00
-2.167732811651160052e+00
-2.167732816188176148e+00
-2.167732820710110531e+00
-2.167732825247517425e+00
-2.167732829769841718e+00
-2.167732834292359190e+00
-2.167732838815071617e+00
-2.167732843337978998e+00
-2.167732847861082224e+00
-2.167732852399660626e+00
-2.167732856923152873e+00
-2.167732861446839188e+00
-2.167732865970719569e+00
-2.167732870479510687e+00
-2.167732875003780979e+00
-2.167732879528243561e+00
-2.167732884052903763e+00
-2.167732888577757144e+00
-2.167732893087518597e+00
-2.167732897612761445e+00
-2.167732902138198359e+00
-2.167732906648542013e+00
-2.167732911174367061e+00
-2.167732915685098849e+00
-2.167732920211313807e+00
-2.167732924722432397e+00
-2.167732929233745054e+00
-2.167732933760543990e+00
-2.167732938272244336e+00
-2.167732942784140082e+00
-2.167732947311522551e+00
-2.167732951823805543e+00
-2.167732956336280825e+00
-2.167732960848951063e+00
-2.167732965361815811e+00
-2.167732969874872850e+00
-2.167732974388125289e+00
-2.167732978901571350e+00
-2.167732983415210146e+00
-2.167732987929044342e+00
-2.167732992427771066e+00
-2.167732996941991619e+00
-2.167733001456406683e+00
-2.167733005971015814e+00
-2.167733010470516142e+00
-2.167733014985513407e+00
-2.167733019485398760e+00
-2.167733024000783715e+00
-2.167733028501056314e+00
-2.167733033016829403e+00
-2.167733037517487915e+00
-2.167733042033649138e+00
-2.167733046534692676e+00
-2.167733051035932945e+00
-2.167733055537365061e+00
-2.167733060054301664e+00
-2.167733064556120137e+00
-2.167733069058131345e+00
-2.167733073560336177e+00
-2.167733078062735075e+00
-2.167733082565326264e+00
-2.167733087068113740e+00
-2.167733091571090398e+00
-2.167733096074261567e+00
-2.167733100562306614e+00
-2.167733105065865473e+00
-2.167733109569616623e+00
-2.167733114073560952e+00
-2.167733118562379602e+00
-2.167733123066710288e+00
-2.167733127571235041e+00
-2.167733132060630563e+00
-2.167733136565542562e+00
-2.167733141055323554e+00
-2.167733145560621022e+00
-2.167733150050786151e+00
-2.167733154541145790e+00
-2.167733159047021907e+00
-2.167733163537767016e+00
-2.167733168028703528e+00
-2.167733172519831886e+00
-2.167733177011154311e+00
-2.167733181502669026e+00
-2.167733185994375145e+00
-2.167733190486274886e+00
-2.167733194978367361e+00
-2.167733199470652572e+00
-2.167733203963129629e+00
-2.167733208455798977e+00
-2.167733212948661503e+00
-2.167733217441717208e+00
-2.167733221919629916e+00
-2.167733226413070646e+00
-2.167733230906703223e+00
-2.167733235385193247e+00
-2.167733239879211293e+00
-2.167733244358083677e+00
-2.167733248852488526e+00
-2.167733253331743715e+00
-2.167733257826534032e+00
-2.167733262306174247e+00
-2.167733266801348258e+00
-2.167733271281372609e+00
-2.167733275761589251e+00
-2.167733280241997740e+00
-2.167733284722597631e+00
-2.167733289218733539e+00
-2.167733293699719344e+00
-2.167733298180896995e+00
-2.167733302662264272e+00
-2.167733307143824728e+00
-2.167733311625577031e+00
-2.167733316092172124e+00
-2.167733320574308120e+00
-2.167733325056635518e+00
-2.167733329539155651e+00
-2.167733334021868075e+00
-2.167733338489420181e+00
-2.167733342972514965e+00
-2.167733347455804260e+00
-2.167733351923930130e+00
-2.167733356407604006e+00
-2.167733360876110016e+00
-2.167733365360166253e+00
-2.167733369829056844e+00
-2.167733374298139282e+00
-2.167733378782770615e+00
-2.167733383252235413e+00
-2.167733387721891170e+00
-2.167733392191739217e+00
-2.167733396677139268e+00
-2.167733401147369676e+00
-2.167733405617791043e+00
-2.167733410088403811e+00
-2.167733414559207983e+00
-2.167733419030202668e+00
-2.167733423501390533e+00
-2.167733427972769356e+00
-2.167733432428970541e+00
-2.167733436900731281e+00
-2.167733441372682535e+00
-2.167733445844826079e+00
-2.167733450301791542e+00
-2.167733454774317892e+00
-2.167733459247035199e+00
-2.167733463704572650e+00
-2.167733468177671874e+00
-2.167733472635590797e+00
-2.167733477109073270e+00
-2.167733481567373666e+00
-2.167733486025864575e+00
-2.167733490499921256e+00
-2.167733494958793639e+00
-2.167733499417856535e+00
-2.167733503877109946e+00
-2.167733508351931349e+00
-2.167733512811565788e+00
-2.167733517271392074e+00
-2.167733521731407986e+00
-2.167733526191614857e+00
-2.167733530652012242e+00
-2.167733535112601029e+00
-2.167733539573379886e+00
-2.167733544018966896e+00
-2.167733548480125005e+00
-2.167733552941476738e+00
-2.167733557403018096e+00
-2.167733561849365387e+00
-2.167733566311287330e+00
-2.167733570773401119e+00
-2.167733575220318620e+00
-2.167733579682812106e+00
-2.167733584130108859e+00
-2.167733588592986038e+00
-2.167733593040662043e+00
-2.167733597488529007e+00
-2.167733601951976397e+00
-2.167733606400224389e+00
-2.167733610848660231e+00
-2.167733615297287475e+00
-2.167733619761496922e+00
-2.167733624210504306e+00
-2.167733628659701317e+00
-2.167733633109087954e+00
-2.167733637558665105e+00
-2.167733642008432327e+00
-2.167733646458387398e+00
-2.167733650908535203e+00
-2.167733655343473842e+00
-2.167733659794000012e+00
-2.167733664244717140e+00
-2.167733668695623450e+00
-2.167733673131318373e+00
-2.167733677582605267e+00
-2.167733682034081788e+00
-2.167733686470344256e+00
-2.167733690922200473e+00
-2.167733695358843971e+00
-2.167733699811079884e+00
-2.167733704248100413e+00
-2.167733708685308791e+00
-2.167733713138115803e+00
-2.167733717575705210e+00
-2.167733722013482023e+00
-2.167733726466858801e+00
-2.167733730905014866e+00
-2.167733735343361445e+00
-2.167733739781896318e+00
-2.167733744220621261e+00
-2.167733748659534054e+00
-2.167733753098636917e+00
-2.167733757537930295e+00
-2.167733761977411522e+00
-2.167733766417082819e+00
-2.167733770841526741e+00
-2.167733775281577291e+00
-2.167733779721816134e+00
-2.167733784162245048e+00
-2.167733788587442145e+00
-2.167733793028250755e+00
-2.167733797469246770e+00
-2.167733801895011414e+00
-2.167733806336387570e+00
-2.167733810762530133e+00
-2.167733815188861435e+00
-2.167733819630803804e+00
-2.167733824057513026e+00
-2.167733828484410097e+00
-2.167733832926921345e+00
-2.167733837354195447e+00
-2.167733841781658288e+00
-2.167733846209310311e+00
-2.167733850637151072e+00
-2.167733855065179682e+00
-2.167733859493397031e+00
-2.167733863921803117e+00
-2.167733868350398829e+00
-2.167733872779183280e+00
-2.167733877208154247e+00
-2.167733881637315729e+00
-2.167733886066666393e+00
-2.167733890496204463e+00
-2.167733894910499171e+00
-2.167733899340413828e+00
-2.167733903770518555e+00
-2.167733908185375924e+00
-2.167733912615858127e+00
-2.167733917031090307e+00
-2.167733921461950874e+00
-2.167733925877559642e+00
-2.167733930308796353e+00
-2.167733934724780376e+00
-2.167733939140954913e+00
-2.167733943572757838e+00
-2.167733947989307630e+00
-2.167733952406044384e+00
-2.167733956822970320e+00
-2.167733961240081886e+00
-2.167733965657383077e+00
-2.167733970074873895e+00
-2.167733974492549898e+00
-2.167733978910414194e+00
-2.167733983328468117e+00
-2.167733987746709445e+00
-2.167733992165139068e+00
-2.167733996583756095e+00
-2.167734001002561861e+00
-2.167734005406104281e+00
-2.167734009825285302e+00
-2.167734014244654617e+00
-2.167734018648759253e+00
-2.167734023068505156e+00
-2.167734027472983716e+00
-2.167734031893106206e+00
-2.167734036297960909e+00
-2.167734040718456878e+00
-2.167734045123686393e+00
-2.167734049529101981e+00
-2.167734053950163275e+00
-2.167734058355955007e+00
-2.167734062761931924e+00
-2.167734067168098022e+00
-2.167734071589911604e+00
-2.167734075996451626e+00
-2.167734080403180386e+00
-2.167734084810095219e+00
-2.167734089217198346e+00
-2.167734093624487546e+00
-2.167734098031964152e+00
-2.167734102439629940e+00
-2.167734106832015506e+00
-2.167734111240055217e+00
-2.167734115648282334e+00
-2.167734120056695080e+00
-2.167734124449828048e+00
-2.167734128858616938e+00
-2.167734133267594121e+00
-2.167734137661286642e+00
-2.167734142070636860e+00
-2.167734146464704192e+00
-2.167734150874429666e+00
-2.167734155268868701e+00
-2.167734159663495142e+00
-2.167734164073782832e+00
-2.167734168468782308e+00
-2.167734172863969633e+00
-2.167734177259342143e+00
-2.167734181670380345e+00
-2.167734186066125446e+00
-2.167734190462060617e+00
-2.167734194858180530e+00
-2.167734199254487404e+00
-2.167734203650981684e+00
-2.167734208047660704e+00
-2.167734212444528463e+00
-2.167734216841582739e+00
-2.167734221223338587e+00
-2.167734225620766342e+00
-2.167734230018378394e+00
-2.167734234416179628e+00
-2.167734238798679325e+00
-2.167734243196853594e+00
-2.167734247579728102e+00
-2.167734251978276294e+00
-2.167734256377008784e+00
-2.167734260760440623e+00
-2.167734265144058092e+00
-2.167734269543351910e+00
-2.167734273927341082e+00
-2.167734278327008823e+00
-2.167734282711371918e+00
-2.167734287095920642e+00
-2.167734291480652331e+00
-2.167734295865572314e+00
-2.167734300266174419e+00
-2.167734304651466104e+00
-2.167734309036943419e+00
-2.167734313422608583e+00
-2.167734317808459377e+00
-2.167734322194495800e+00
-2.167734326565219583e+00
-2.167734330951627264e+00
-2.167734335338221019e+00
-2.167734339725001291e+00
-2.167734344111968081e+00
-2.167734348483619566e+00
-2.167734352870957171e+00
-2.167734357258481737e+00
-2.167734361630688333e+00
-2.167734366018585934e+00
-2.167734370391163345e+00
-2.167734374779430873e+00
-2.167734379152379098e+00
-2.167734383541020993e+00
-2.167734387914340033e+00
-2.167734392287843370e+00
-2.167734396677043041e+00
-2.167734401050918081e+00
-2.167734405424979638e+00
-2.167734409799225492e+00
-2.167734414173658308e+00
-2.167734418548272757e+00
-2.167734422923073723e+00
-2.167734427298061206e+00
-2.167734431673234319e+00
-2.167734436048591729e+00
-2.167734440424135212e+00
-2.167734444799863436e+00
-2.167734449175779066e+00
-2.167734453551879437e+00
-2.167734457912644963e+00
-2.167734462289117481e+00
-2.167734466665772519e+00
-2.167734471027092713e+00
-2.167734475404119454e+00
-2.167734479765808686e+00
-2.167734484143206686e+00
-2.167734488505266732e+00
-2.167734492883034214e+00
-2.167734497245463743e+00
-2.167734501623602927e+00
-2.167734505986402382e+00
-2.167734510349384358e+00
-2.167734514712553295e+00
-2.167734519091431888e+00
-2.167734523454970752e+00
-2.167734527818692580e+00
-2.167734532182599594e+00
-2.167734536546691793e+00
-2.167734540910968732e+00
-2.167734545275429525e+00
-2.167734549640075503e+00
-2.167734554004905778e+00
-2.167734558369922127e+00
-2.167734562735122328e+00
-2.167734567084971697e+00
-2.167734571450541381e+00
-2.167734575816296250e+00
-2.167734580166698066e+00
-2.167734584532821529e+00
-2.167734588899129733e+00
-2.167734593250086217e+00
-2.167734597616763459e+00
-2.167734601968085428e+00
-2.167734606335132597e+00
-2.167734610686823160e+00
-2.167734615038697576e+00
-2.167734619406299856e+00
-2.167734623758541979e+00
-2.167734628110969286e+00
-2.167734632463580446e+00
-2.167734636831920358e+00
-2.167734641184900557e+00
-2.167734645538065053e+00
-2.167734649891410736e+00
-2.167734654244942050e+00
-2.167734658598657216e+00
-2.167734662952558011e+00
-2.167734667306641771e+00
-2.167734671660908941e+00
-2.167734675999809291e+00
-2.167734680354445942e+00
-2.167734684709265558e+00
-2.167734689064268583e+00
-2.167734693403903456e+00
-2.167734697759275075e+00
-2.167734702114831435e+00
-2.167734706455015647e+00
-2.167734710810940157e+00
-2.167734715151491631e+00
-2.167734719507784291e+00
-2.167734723848701694e+00
-2.167734728189803395e+00
-2.167734732546647169e+00
-2.167734736888116132e+00
-2.167734741229768058e+00
-2.167734745571602950e+00
-2.167734749929183025e+00
-2.167734754271385622e+00
-2.167734758613770296e+00
-2.167734762956338823e+00
-2.167734767299091647e+00
-2.167734771642027436e+00
-2.167734775985146189e+00
-2.167734780328448796e+00
-2.167734784671934367e+00
-2.167734789015604235e+00
-2.167734793343886857e+00
-2.167734797687923542e+00
-2.167734802032143193e+00
-2.167734806376545809e+00
-2.167734810705559401e+00
-2.167734815050329278e+00
-2.167734819379710132e+00
-2.167734823724846827e+00
-2.167734828054590501e+00
-2.167734832400094902e+00
-2.167734836730205839e+00
-2.167734841076075281e+00
-2.167734845406553035e+00
-2.167734849737211533e+00
-2.167734854083631646e+00
-2.167734858414656962e+00
-2.167734862745864799e+00
-2.167734867077255156e+00
-2.167734871408827146e+00
-2.167734875740583878e+00
-2.167734880072521353e+00
-2.167734884404642237e+00
-2.167734888736946530e+00
-2.167734893069433788e+00
-2.167734897402103122e+00
-2.167734901734954533e+00
-2.167734906067991130e+00
-2.167734910401208026e+00
-2.167734914719021244e+00
-2.167734919052604070e+00
-2.167734923386371193e+00
-2.167734927704730197e+00
-2.167734932038861473e+00
-2.167734936373176158e+00
-2.167734940692083612e+00
-2.167734945026761562e+00
-2.167734949346031392e+00
-2.167734953665484188e+00
-2.167734958000710144e+00
-2.167734962320527980e+00
-2.167734966640528338e+00
-2.167734970976303188e+00
-2.167734975296665922e+00
-2.167734979617211177e+00
-2.167734983937936732e+00
-2.167734988258845696e+00
-2.167734992579936737e+00
-2.167734996901208966e+00
-2.167735001222664160e+00
-2.167735005544302762e+00
-2.167735009866119888e+00
-2.167735014188122200e+00
-2.167735018510304368e+00
-2.167735022832670833e+00
-2.167735027155218930e+00
-2.167735031462342477e+00
-2.167735035785255171e+00
-2.167735040108349054e+00
-2.167735044416018386e+00
-2.167735048739477755e+00
-2.167735053047508131e+00
-2.167735057371330321e+00
-2.167735061679724851e+00
-2.167735066003911193e+00
-2.167735070312669876e+00
-2.167735074637220372e+00
-2.167735078946340987e+00
-2.167735083255642792e+00
-2.167735087565125340e+00
-2.167735091890404142e+00
-2.167735096200252176e+00
-2.167735100510280066e+00
-2.167735104820488701e+00
-2.167735109130879412e+00
-2.167735113441451311e+00
-2.167735117752204399e+00
-2.167735122063140007e+00
-2.167735126374255472e+00
-2.167735130685553013e+00
-2.167735134997032631e+00
-2.167735139293072155e+00
-2.167735143604913262e+00
-2.167735147916937777e+00
-2.167735152213518646e+00
-2.167735156525905538e+00
-2.167735160838472730e+00
-2.167735165135596720e+00
-2.167735169448526733e+00
-2.167735173746011768e+00
-2.167735178059305490e+00
-2.167735182357152901e+00
-2.167735186670809444e+00
-2.167735190969016568e+00
-2.167735195267407100e+00
-2.167735199565976600e+00
-2.167735203880358341e+00
-2.167735208179289774e+00
-2.167735212478402396e+00
-2.167735216777694873e+00
-2.167735221077168539e+00
-2.167735225376822950e+00
-2.167735229676657660e+00
-2.167735233976675335e+00
-2.167735238276870646e+00
-2.167735242577248478e+00
-2.167735246877807942e+00
-2.167735251178546374e+00
-2.167735255479467327e+00
-2.167735259764928202e+00
-2.167735264066209311e+00
-2.167735268367671608e+00
-2.167735272653672052e+00
-2.167735276955495838e+00
-2.167735281257501256e+00
-2.167735285544043045e+00
-2.167735289846409952e+00
-2.167735294133311896e+00
-2.167735298420394585e+00
-2.167735302723301505e+00
-2.167735307010744350e+00
-2.167735311298366163e+00
-2.167735315601817092e+00
-2.167735319889800394e+00
-2.167735324177962219e+00
-2.167735328466305678e+00
-2.167735332754827215e+00
-2.167735337059182754e+00
-2.167735341348066669e+00
-2.167735345637129551e+00
-2.167735349926373623e+00
-2.167735354215797106e+00
-2.167735358489746300e+00
-2.167735362779529051e+00
-2.167735367069493435e+00
-2.167735371359637675e+00
-2.167735375649961327e+00
-2.167735379924807138e+00
-2.167735384215491834e+00
-2.167735388506356831e+00
-2.167735392781740877e+00
-2.167735397072966474e+00
-2.167735401348709345e+00
-2.167735405640294211e+00
-2.167735409916396350e+00
-2.167735414208341371e+00
-2.167735418484802778e+00
-2.167735422761444042e+00
-2.167735427053929076e+00
-2.167735431330928719e+00
-2.167735435608107331e+00
-2.167735439885466242e+00
-2.167735444178671589e+00
-2.167735448456388880e+00
-2.167735452734286916e+00
-2.167735457012363032e+00
-2.167735461290619003e+00
-2.167735465569053499e+00
-2.167735469847667851e+00
-2.167735474126464279e+00
-2.167735478405437011e+00
-2.167735482668915026e+00
-2.167735486948247470e+00
-2.167735491227759770e+00
-2.167735495507452370e+00
-2.167735499771645813e+00
-2.167735504051695461e+00
-2.167735508331926741e+00
-2.167735512596656644e+00
-2.167735516877246749e+00
-2.167735521142333699e+00
-2.167735525423282184e+00
-2.167735529688727070e+00
-2.167735533954352256e+00
-2.167735538235839865e+00
-2.167735542501820323e+00
-2.167735546767981525e+00
-2.167735551050005594e+00
-2.167735555316525176e+00
-2.167735559583221949e+00
-2.167735563850098579e+00
-2.167735568117152845e+00
-2.167735572384388298e+00
-2.167735576651799612e+00
-2.167735580919391669e+00
-2.167735585187160474e+00
-2.167735589455110023e+00
-2.167735593723238097e+00
-2.167735597991544694e+00
-2.167735602260030703e+00
-2.167735606513001123e+00
-2.167735610781844624e+00
-2.167735615050867093e+00
-2.167735619304371752e+00
-2.167735623573751269e+00
-2.167735627843310198e+00
-2.167735632097349985e+00
-2.167735636367265961e+00
-2.167735640621661464e+00
-2.167735644891936708e+00
-2.167735649146689703e+00
-2.167735653401619000e+00
-2.167735657672430261e+00
-2.167735661927717494e+00
-2.167735666183181475e+00
-2.167735670438824869e+00
-2.167735674710350668e+00
-2.167735678966350665e+00
-2.167735683222528742e+00
-2.167735687478883566e+00
-2.167735691735418690e+00
-2.167735695992130562e+00
-2.167735700249020958e+00
-2.167735704506089434e+00
-2.167735708763336877e+00
-2.167735713020761512e+00
-2.167735717262655015e+00
-2.167735721520434478e+00
-2.167735725778395128e+00
-2.167735730036532082e+00
-2.167735734279134796e+00
-2.167735738537628798e+00
-2.167735742796300435e+00
-2.167735747039436500e+00
-2.167735751298463409e+00
-2.167735755541955633e+00
-2.167735759801338702e+00
-2.167735764045185309e+00
-2.167735768289207332e+00
-2.167735772549125528e+00
-2.167735776793503266e+00
-2.167735781038059972e+00
-2.167735785282791205e+00
-2.167735789543422609e+00
-2.167735793788511778e+00
-2.167735798033775030e+00
-2.167735802279218582e+00
-2.167735806524838438e+00
-2.167735810770635485e+00
-2.167735815016609724e+00
-2.167735819262763819e+00
-2.167735823509093773e+00
-2.167735827755600919e+00
-2.167735832002285701e+00
-2.167735836233419366e+00
-2.167735840480459419e+00
-2.167735844727677552e+00
-2.167735848975072432e+00
-2.167735853206912644e+00
-2.167735857454662796e+00
-2.167735861686857834e+00
-2.167735865934962813e+00
-2.167735870167510903e+00
-2.167735874415971153e+00
-2.167735878648871850e+00
-2.167735882897687816e+00
-2.167735887130942896e+00
-2.167735891364375611e+00
-2.167735895613723596e+00
-2.167735899847509362e+00
-2.167735904081472764e+00
-2.167735908315611582e+00
-2.167735912565670553e+00
-2.167735916800163309e+00
-2.167735921034834590e+00
-2.167735925269681285e+00
-2.167735929504706505e+00
-2.167735933739907583e+00
-2.167735937975284521e+00
-2.167735942210839539e+00
-2.167735946430825678e+00
-2.167735950666733302e+00
-2.167735954902819895e+00
-2.167735959139080570e+00
-2.167735963359770590e+00
-2.167735967596386981e+00
-2.167735971833180120e+00
-2.167735976054398606e+00
-2.167735980291544351e+00
-2.167735984528867288e+00
-2.167735988750615572e+00
-2.167735992972538384e+00
-2.167735997210392007e+00
-2.167736001432666981e+00
-2.167736005670874988e+00
-2.167736009893503901e+00
-2.167736014116308674e+00
-2.167736018339287973e+00
-2.167736022578203858e+00
-2.167736026801536653e+00
-2.167736031025045307e+00
-2.167736035248731596e+00
-2.167736039472592857e+00
-2.167736043696629977e+00
-2.167736047920844733e+00
-2.167736052145234460e+00
-2.167736056369800046e+00
-2.167736060594542380e+00
-2.167736064819461461e+00
-2.167736069044556402e+00
-2.167736073254062035e+00
-2.167736077479509582e+00
-2.167736081705132989e+00
-2.167736085915163979e+00
-2.167736090141140437e+00
-2.167736094367294086e+00
-2.167736098577850434e+00
-2.167736102804355358e+00
-2.167736107015266089e+00
-2.167736111242123176e+00
-2.167736115453382517e+00
-2.167736119680592211e+00
-2.167736123892203270e+00
-2.167736128103990190e+00
-2.167736132315953412e+00
-2.167736136543867875e+00
-2.167736140756180152e+00
-2.167736144968669176e+00
-2.167736149181334504e+00
-2.167736153394175247e+00
-2.167736157607190073e+00
-2.167736161820382090e+00
-2.167736166033748635e+00
-2.167736170247290151e+00
-2.167736174461008414e+00
-2.167736178674901648e+00
-2.167736182888971186e+00
-2.167736187103216139e+00
-2.167736191317636507e+00
-2.167736195516446696e+00
-2.167736199731218782e+00
-2.167736203946164064e+00
-2.167736208145500942e+00
-2.167736212360797943e+00
-2.167736216560482543e+00
-2.167736220776132150e+00
-2.167736224976167136e+00
-2.167736229192166686e+00
-2.167736233392550282e+00
-2.167736237608901995e+00
-2.167736241809636866e+00
-2.167736246010544932e+00
-2.167736250227422445e+00
-2.167736254428683118e+00
-2.167736258630116541e+00
-2.167736262831724048e+00
-2.167736267033508302e+00
-2.167736271235467083e+00
-2.167736275453397088e+00
-2.167736279655705367e+00
-2.167736283858189061e+00
-2.167736288045047921e+00
-2.167736292247881114e+00
-2.167736296450887945e+00
-2.167736300654070636e+00
-2.167736304857427410e+00
-2.167736309060960043e+00
-2.167736313248863844e+00
-2.167736317452746420e+00
-2.167736321656802190e+00
-2.167736325845229128e+00
-2.167736330049635729e+00
-2.167736334254217745e+00
-2.167736338443166488e+00
-2.167736342648097558e+00
-2.167736346837395800e+00
-2.167736351042676812e+00
-2.167736355232323220e+00
-2.167736359422143266e+00
-2.167736363627950080e+00
-2.167736367818118737e+00
-2.167736372008460588e+00
-2.167736376198979187e+00
-2.167736380389668760e+00
-2.167736384596349097e+00
-2.167736388787389945e+00
-2.167736392978603099e+00
-2.167736397169992557e+00
-2.167736401361554321e+00
-2.167736405553291501e+00
-2.167736409745202764e+00
-2.167736413937288109e+00
-2.167736418113726860e+00
-2.167736422306161259e+00
-2.167736426498767965e+00
-2.167736430691550975e+00
-2.167736434884508068e+00
-2.167736439061813680e+00
-2.167736443255119383e+00
-2.167736447432773161e+00
-2.167736451626427030e+00
-2.167736455820253649e+00
-2.167736459998428789e+00
-2.167736464192604018e+00
-2.167736468371126879e+00
-2.167736472549823379e+00
-2.167736476744521745e+00
-2.167736480923564635e+00
-2.167736485102781163e+00
-2.167736489298001779e+00
-2.167736493477566473e+00
-2.167736497657301697e+00
-2.167736501837214114e+00
-2.167736506017297948e+00
-2.167736510197555866e+00
-2.167736514377986534e+00
-2.167736518558591285e+00
-2.167736522739367899e+00
-2.167736526920322149e+00
-2.167736531101447817e+00
-2.167736535282746679e+00
-2.167736539464219181e+00
-2.167736543645866210e+00
-2.167736547811845771e+00
-2.167736551993839189e+00
-2.167736556176005358e+00
-2.167736560342503616e+00
-2.167736564525017950e+00
-2.167736568707707256e+00
-2.167736572874723322e+00
-2.167736577057758574e+00
-2.167736581225121029e+00
-2.167736585408501337e+00
-2.167736589576211514e+00
-2.167736593744092666e+00
-2.167736597927994335e+00
-2.167736602096223208e+00
-2.167736606264623944e+00
-2.167736610449046530e+00
-2.167736614617794100e+00
-2.167736618786713088e+00
-2.167736622955804382e+00
-2.167736627125068871e+00
-2.167736631294506111e+00
-2.167736635464117878e+00
-2.167736639633900619e+00
-2.167736643803856555e+00
-2.167736647973987019e+00
-2.167736652144288456e+00
-2.167736656314763977e+00
-2.167736660485412692e+00
-2.167736664640375288e+00
-2.167736668811368173e+00
-2.167736672982536028e+00
-2.167736677153875302e+00
-2.167736681309527125e+00
-2.167736685481211900e+00
-2.167736689637207892e+00
-2.167736693809239057e+00
-2.167736697965579218e+00
-2.167736702137956328e+00
-2.167736706294642435e+00
-2.167736710467364158e+00
-2.167736714624393990e+00
-2.167736718781595684e+00
-2.167736722954836548e+00
-2.167736727112382855e+00
-2.167736731270101469e+00
-2.167736735427991501e+00
-2.167736739601925144e+00
-2.167736743760160678e+00
-2.167736747918568962e+00
-2.167736752077148221e+00
-2.167736756235900675e+00
-2.167736760394824547e+00
-2.167736764553921169e+00
-2.167736768713191431e+00
-2.167736772856755589e+00
-2.167736777016368244e+00
-2.167736781176152761e+00
-2.167736785336110472e+00
-2.167736789496241379e+00
-2.167736793640662629e+00
-2.167736797801137705e+00
-2.167736801961784643e+00
-2.167736806106723257e+00
-2.167736810267714809e+00
-2.167736814412994040e+00
-2.167736818574331092e+00
-2.167736822719954493e+00
-2.167736826881634382e+00
-2.167736831027602395e+00
-2.167736835173741827e+00
-2.167736839335938637e+00
-2.167736843482420017e+00
-2.167736847629073704e+00
-2.167736851775900142e+00
-2.167736855938786178e+00
-2.167736860085953676e+00
-2.167736864233293925e+00
-2.167736868380806925e+00
-2.167736872528489567e+00
-2.167736876676344515e+00
-2.167736880824370882e+00
-2.167736884972569111e+00
-2.167736889120939203e+00
-2.167736893269480714e+00
-2.167736897402297469e+00
-2.167736901551181816e+00
-2.167736905700238470e+00
-2.167736909849466098e+00
-2.167736913982966751e+00
-2.167736918132539436e+00
-2.167736922282280432e+00
-2.167736926416293564e+00
-2.167736930566379172e+00
-2.167736934700736029e+00
-2.167736938851164474e+00
-2.167736942985861948e+00
-2.167736947136632786e+00
-2.167736951271673096e+00
-2.167736955406883492e+00
-2.167736959558171250e+00
-2.167736963693722707e+00
-2.167736967829446471e+00
-2.167736971965340320e+00
-2.167736976117313308e+00
-2.167736980253549106e+00
-2.167736984389957211e+00
-2.167736988526534514e+00
-2.167736992663283679e+00
-2.167736996800202931e+00
-2.167737000937294045e+00
-2.167737005074557022e+00
-2.167737009211988752e+00
-2.167737013349591901e+00
-2.167737017471452532e+00
-2.167737021609397630e+00
-2.167737025747514590e+00
-2.167737029885801636e+00
-2.167737034008341723e+00
-2.167737038146971607e+00
-2.167737042285772020e+00
-2.167737046408823254e+00
-2.167737050547964728e+00
-2.167737054671357910e+00
-2.167737058810842221e+00
-2.167737062934574688e+00
-2.167737067074400059e+00
-2.167737071198473586e+00
-2.167737075322717644e+00
-2.167737079463055938e+00
-2.167737083587639280e+00
-2.167737087712395372e+00
-2.167737091837319774e+00
-2.167737095978342410e+00
-2.167737100103607428e+00
-2.167737104229043421e+00
-2.167737108354649500e+00
-2.167737112480426553e+00
-2.167737116606372805e+00
-2.167737120732489142e+00
-2.167737124858776454e+00
-2.167737128985233852e+00
-2.167737133111862668e+00
-2.167737137222726762e+00
-2.167737141349695307e+00
-2.167737145476833494e+00
-2.167737149604142655e+00
-2.167737153715685317e+00
-2.167737157843334206e+00
-2.167737161971155402e+00
-2.167737166083206102e+00
-2.167737170211366138e+00
-2.167737174323756566e+00
-2.167737178452256774e+00
-2.167737182564986043e+00
-2.167737186693828200e+00
-2.167737190806898528e+00
-2.167737194920136723e+00
-2.167737199049488694e+00
-2.167737203163067949e+00
-2.167737207276815514e+00
-2.167737211390734053e+00
-2.167737215520765925e+00
-2.167737219635023749e+00
-2.167737223749448550e+00
-2.167737227864044769e+00
-2.167737231978811074e+00
-2.167737236093746578e+00
-2.167737240208850835e+00
-2.167737244324125623e+00
-2.167737248439568720e+00
-2.167737252555182792e+00
-2.167737256655014377e+00
-2.167737260770966401e+00
-2.167737264887088955e+00
-2.167737269003380263e+00
-2.167737273103887752e+00
-2.167737277220518344e+00
-2.167737281337319466e+00
-2.167737285438332329e+00
-2.167737289555471847e+00
-2.167737293656823550e+00
-2.167737297774303240e+00
-2.167737301875992451e+00
-2.167737305993810981e+00
-2.167737310095838144e+00
-2.167737314213995070e+00
-2.167737318316359296e+00
-2.167737322418894497e+00
-2.167737326521597119e+00
-2.167737330640433502e+00
-2.167737334743475408e+00
-2.167737338846683848e+00
-2.167737342950063706e+00
-2.167737347053611430e+00
-2.167737351157327907e+00
-2.167737355261214471e+00
-2.167737359365267125e+00
-2.167737363469490752e+00
-2.167737367573882690e+00
-2.167737371678444713e+00
-2.167737375783175491e+00
-2.167737379888075022e+00
-2.167737383977169419e+00
-2.167737388082407346e+00
-2.167737392187812695e+00
-2.167737396293388130e+00
-2.167737400383157542e+00
-2.167737404489069597e+00
-2.167737408579175185e+00
-2.167737412685425635e+00
-2.167737416791847060e+00
-2.167737420882456689e+00
-2.167737424973234628e+00
-2.167737429080161426e+00
-2.167737433171276429e+00
-2.167737437278541179e+00
-2.167737441369993689e+00
-2.167737445461613621e+00
-2.167737449553400531e+00
-2.167737453661342073e+00
-2.167737457753467822e+00
-2.167737461845759661e+00
-2.167737465938221586e+00
-2.167737470030851377e+00
-2.167737474123649033e+00
-2.167737478216615887e+00
-2.167737482309750163e+00
-2.167737486403052749e+00
-2.167737490496525421e+00
-2.167737494590164182e+00
-2.167737498683972142e+00
-2.167737502761956758e+00
-2.167737506856100449e+00
-2.167737510950412894e+00
-2.167737515044894092e+00
-2.167737519123548839e+00
-2.167737523218367102e+00
-2.167737527297355804e+00
-2.167737531392511130e+00
-2.167737535487833878e+00
-2.167737539567325733e+00
-2.167737543662984656e+00
-2.167737547742814019e+00
-2.167737551822809472e+00
-2.167737555918973769e+00
-2.167737559999304064e+00
-2.167737564079802670e+00
-2.167737568176471008e+00
-2.167737572257306233e+00
-2.167737576338307548e+00
-2.167737580419477617e+00
-2.167737584500813774e+00
-2.167737588582318242e+00
-2.167737592663989687e+00
-2.167737596745830331e+00
-2.167737600827837507e+00
-2.167737604910011218e+00
-2.167737608992354126e+00
-2.167737613074865344e+00
-2.167737617157543095e+00
-2.167737621240388712e+00
-2.167737625323401751e+00
-2.167737629390570131e+00
-2.167737633473919345e+00
-2.167737637557435093e+00
-2.167737641641119151e+00
-2.167737645708955885e+00
-2.167737649792975674e+00
-2.167737653861145919e+00
-2.167737657945501439e+00
-2.167737662014004751e+00
-2.167737666098695115e+00
-2.167737670167533715e+00
-2.167737674252558477e+00
-2.167737678321730588e+00
-2.167737682391072340e+00
-2.167737686476599368e+00
-2.167737690546272411e+00
-2.167737694616112876e+00
-2.167737698686119874e+00
-2.167737702756294738e+00
-2.167737706826636135e+00
-2.167737710913170357e+00
-2.167737714983845709e+00
-2.167737719054687151e+00
-2.167737723125697791e+00
-2.167737727196874076e+00
-2.167737731252187938e+00
-2.167737735323698178e+00
-2.167737739395375396e+00
-2.167737743467221367e+00
-2.167737747539230320e+00
-2.167737751611408470e+00
-2.167737755667721977e+00
-2.167737759740233638e+00
-2.167737763812913165e+00
-2.167737767869724941e+00
-2.167737771942737535e+00
-2.167737775999882821e+00
-2.167737780073228482e+00
-2.167737784130705947e+00
-2.167737788204386007e+00
-2.167737792262195651e+00
-2.167737796336210998e+00
-2.167737800394352821e+00
-2.167737804452661177e+00
-2.167737808527177457e+00
-2.167737812585819324e+00
-2.167737816644625948e+00
-2.167737820703599105e+00
-2.167737824762740573e+00
-2.167737828822045021e+00
-2.167737832897563166e+00
-2.167737836957202457e+00
-2.167737841017008282e+00
-2.167737845076980197e+00
-2.167737849137118200e+00
-2.167737853181373797e+00
-2.167737857241844424e+00
-2.167737861302481139e+00
-2.167737865363283944e+00
-2.167737869424254615e+00
-2.167737873485390487e+00
-2.167737877530639956e+00
-2.167737881592108895e+00
-2.167737885653744367e+00
-2.167737889699490328e+00
-2.167737893761458867e+00
-2.167737897807537450e+00
-2.167737901869835948e+00
-2.167737905916245822e+00
-2.167737909978879163e+00
-2.167737914025619439e+00
-2.167737918088584514e+00
-2.167737922135656969e+00
-2.167737926182894626e+00
-2.167737930246359745e+00
-2.167737934293928248e+00
-2.167737938341663728e+00
-2.167737942389564409e+00
-2.167737946437628960e+00
-2.167737950501926747e+00
-2.167737954550323920e+00
-2.167737958598887182e+00
-2.167737962647616978e+00
-2.167737966696511087e+00
-2.167737970745571285e+00
-2.167737974794796685e+00
-2.167737978828121470e+00
-2.167737982877677716e+00
-2.167737986927400495e+00
-2.167737990977288920e+00
-2.167737995027343434e+00
-2.167737999061490228e+00
-2.167738003111876033e+00
-2.167738007162427039e+00
-2.167738011197069437e+00
-2.167738015247952177e+00
-2.167738019299001007e+00
-2.167738023334138120e+00
-2.167738027385518684e+00
-2.167738031420986644e+00
-2.167738035456619361e+00
-2.167738039508495529e+00
-2.167738043544458648e+00
-2.167738047580585636e+00
-2.167738051632959184e+00
-2.167738055669418351e+00
-2.167738059706040943e+00
-2.167738063742827404e+00
-2.167738067795864421e+00
-2.167738071832982616e+00
-2.167738075870264680e+00
-2.167738079907713278e+00
-2.167738083945326633e+00
-2.167738087983104744e+00
-2.167738092021047613e+00
-2.167738096059155239e+00
-2.167738100097428067e+00
-2.167738104135866095e+00
-2.167738108158379973e+00
-2.167738112197147515e+00
-2.167738116236079815e+00
-2.167738120275179092e+00
-2.167738124298348446e+00
-2.167738128337776793e+00
-2.167738132377370341e+00
-2.167738136401033522e+00
-2.167738140440956141e+00
-2.167738144464949279e+00
-2.167738148505200968e+00
-2.167738152529522289e+00
-2.167738156570104380e+00
-2.167738160594754770e+00
-2.167738164635668152e+00
-2.167738168660647169e+00
-2.167738172685789166e+00
-2.167738176727197708e+00
-2.167738180752669219e+00
-2.167738184778305044e+00
-2.167738188804106070e+00
-2.167738192830070965e+00
-2.167738196856198840e+00
-2.167738200898596368e+00
-2.167738204925055534e+00
-2.167738208951677237e+00
-2.167738212978463253e+00
-2.167738217005414469e+00
-2.167738221016421551e+00
-2.167738225043699618e+00
-2.167738229071142886e+00
-2.167738233098751355e+00
-2.167738237126524581e+00
-2.167738241154460344e+00
-2.167738245166449751e+00
-2.167738249194715916e+00
-2.167738253223145950e+00
-2.167738257235624300e+00
-2.167738261264384736e+00
-2.167738265277191267e+00
-2.167738269306278553e+00
-2.167738273319413267e+00
-2.167738277348829179e+00
-2.167738281362291186e+00
-2.167738285392036168e+00
-2.167738289405825469e+00
-2.167738293419778639e+00
-2.167738297450016560e+00
-2.167738301464297912e+00
-2.167738305478741356e+00
-2.167738309493349114e+00
-2.167738313508120740e+00
-2.167738317539180226e+00
-2.167738321554279590e+00
-2.167738325569542379e+00
-2.167738329584969037e+00
-2.167738333600560008e+00
-2.167738337616314404e+00
-2.167738341632232224e+00
-2.167738345648313025e+00
-2.167738349648428819e+00
-2.167738353664837803e+00
-2.167738357681409322e+00
-2.167738361698145599e+00
-2.167738365715044857e+00
-2.167738369715976443e+00
-2.167738373733202994e+00
-2.167738377750594747e+00
-2.167738381752013943e+00
-2.167738385769733878e+00
-2.167738389771478147e+00
-2.167738393789524487e+00
-2.167738397791596938e+00
-2.167738401809969240e+00
-2.167738405812366764e+00
-2.167738409831067248e+00
-2.167738413833792510e+00
-2.167738417836679421e+00
-2.167738421855871511e+00
-2.167738425859083939e+00
-2.167738429862461125e+00
-2.167738433866000847e+00
-2.167738437869703105e+00
-2.167738441873568789e+00
-2.167738445893741428e+00
-2.167738449897933073e+00
-2.167738453902287699e+00
-2.167738457906805749e+00
-2.167738461911487224e+00
-2.167738465916330792e+00
-2.167738469905188481e+00
-2.167738473910358010e+00
-2.167738477915691409e+00
-2.167738481921186899e+00
-2.167738485926846703e+00
-2.167738489916515299e+00
-2.167738493922499732e+00
-2.167738497928648478e+00
-2.167738501918804683e+00
-2.167738505925278503e+00
-2.167738509931916635e+00
-2.167738513922560895e+00
-2.167738517929523212e+00
-2.167738521920493433e+00
-2.167738525927782156e+00
-2.167738529919075674e+00
-2.167738533910532173e+00
-2.167738537918309394e+00
-2.167738541910089634e+00
-2.167738545902033298e+00
-2.167738549910300350e+00
-2.167738553902568643e+00
-2.167738557894999918e+00
-2.167738561887591509e+00
-2.167738565880346524e+00
-2.167738569873262744e+00
-2.167738573866342389e+00
-2.167738577859584570e+00
-2.167738581852986623e+00
-2.167738585846554322e+00
-2.167738589840283669e+00
-2.167738593834174665e+00
-2.167738597828229974e+00
-2.167738601822445155e+00
-2.167738605816823760e+00
-2.167738609795192506e+00
-2.167738613789897073e+00
-2.167738617784761956e+00
-2.167738621779791153e+00
-2.167738625758807380e+00
-2.167738629754158541e+00
-2.167738633733498510e+00
-2.167738637729175633e+00
-2.167738641708838898e+00
-2.167738645704841982e+00
-2.167738649684827656e+00
-2.167738653681154481e+00
-2.167738657661464341e+00
-2.167738661641936293e+00
-2.167738665638751172e+00
-2.167738669619544201e+00
-2.167738673600501986e+00
-2.167738677597802255e+00
-2.167738681579083782e+00
-2.167738685560525180e+00
-2.167738689542129116e+00
-2.167738693523893811e+00
-2.167738697505821044e+00
-2.167738701487909925e+00
-2.167738705470159122e+00
-2.167738709452571300e+00
-2.167738713435145570e+00
-2.167738717417881045e+00
-2.167738721400777280e+00
-2.167738725383836940e+00
-2.167738729350865867e+00
-2.167738733334247492e+00
-2.167738737317792097e+00
-2.167738741301500571e+00
-2.167738745269171652e+00
-2.167738749253201647e+00
-2.167738753237392402e+00
-2.167738757205549316e+00
-2.167738761190062924e+00
-2.167738765158541359e+00
-2.167738769143380040e+00
-2.167738773112180883e+00
-2.167738777097341973e+00
-2.167738781066464337e+00
-2.167738785035748794e+00
-2.167738789021396606e+00
-2.167738792991001251e+00
-2.167738796960767989e+00
-2.167738800930695042e+00
-2.167738804916988116e+00
-2.167738808887239799e+00
-2.167738812857650910e+00
-2.167738816828223225e+00
-2.167738820798956745e+00
-2.167738824769851025e+00
-2.167738828740906509e+00
-2.167738832712123198e+00
-2.167738836683501091e+00
-2.167738840655038413e+00
-2.167738844626739603e+00
-2.167738848598599777e+00
-2.167738852554409679e+00
-2.167738856526592262e+00
-2.167738860498936493e+00
-2.167738864471441040e+00
-2.167738868427892651e+00
-2.167738872400720052e+00
-2.167738876373709545e+00
-2.167738880330641216e+00
-2.167738884303952229e+00
-2.167738888261204533e+00
-2.167738892234837067e+00
-2.167738896192411779e+00
-2.167738900166366278e+00
-2.167738904124262067e+00
-2.167738908098539419e+00
-2.167738912056754508e+00
-2.167738916015130801e+00
-2.167738919973667855e+00
-2.167738923948589580e+00
-2.167738927907446822e+00
-2.167738931866465268e+00
-2.167738935825642255e+00
-2.167738939784981778e+00
-2.167738943744480284e+00
-2.167738947704139107e+00
-2.167738951663959135e+00
-2.167738955623940367e+00
-2.167738959584079694e+00
-2.167738963544381559e+00
-2.167738967504841963e+00
-2.167738971465465347e+00
-2.167738975426247272e+00
-2.167738979387190845e+00
-2.167738983332059277e+00
-2.167738987293322150e+00
-2.167738991254746672e+00
-2.167738995216332398e+00
-2.167738999161839875e+00
-2.167739003123744457e+00
-2.167739007069573010e+00
-2.167739011031798668e+00
-2.167739014977945633e+00
-2.167739018940492812e+00
-2.167739022886960853e+00
-2.167739026849826889e+00
-2.167739030796614230e+00
-2.167739034759802674e+00
-2.167739038706907095e+00
-2.167739042654174497e+00
-2.167739046601598663e+00
-2.167739050565430148e+00
-2.167739054513175390e+00
-2.167739058461079171e+00
-2.167739062409143713e+00
-2.167739066357368571e+00
-2.167739070305752858e+00
-2.167739074254295684e+00
-2.167739078202998826e+00
-2.167739082151860508e+00
-2.167739086100884283e+00
-2.167739090050067041e+00
-2.167739093999410560e+00
-2.167739097948911287e+00
-2.167739101898574994e+00
-2.167739105848394576e+00
-2.167739109782121254e+00
-2.167739113732264578e+00
-2.167739117682564665e+00
-2.167739121616767406e+00
-2.167739125567388569e+00
-2.167739129518167829e+00
-2.167739133452849742e+00
-2.167739137403948746e+00
-2.167739141338949072e+00
-2.167739145290368707e+00
-2.167739149225686113e+00
-2.167739153161162502e+00
-2.167739157113060422e+00
-2.167739161048855223e+00
-2.167739165001072887e+00
-2.167739168937186101e+00
-2.167739172873458298e+00
-2.167739176809889479e+00
-2.167739180746479200e+00
-2.167739184699496668e+00
-2.167739188636405245e+00
-2.167739192573471030e+00
-2.167739196510699795e+00
-2.167739200448086656e+00
-2.167739204385629392e+00
-2.167739208323332889e+00
-2.167739212261196258e+00
-2.167739216199218610e+00
-2.167739220137400391e+00
-2.167739224059466618e+00
-2.167739227997964147e+00
-2.167739231936624655e+00
-2.167739235875441928e+00
-2.167739239814418628e+00
-2.167739243737277999e+00
-2.167739247676571335e+00
-2.167739251599746453e+00
-2.167739255539359089e+00
-2.167739259479132485e+00
-2.167739263402782779e+00
-2.167739267342873255e+00
-2.167739271266841516e+00
-2.167739275207248628e+00
-2.167739279131533081e+00
-2.167739283055976074e+00
-2.167739286996862802e+00
-2.167739290921621542e+00
-2.167739294846540599e+00
-2.167739298787904278e+00
-2.167739302713139082e+00
-2.167739306638532870e+00
-2.167739310564083421e+00
-2.167739314489794733e+00
-2.167739318415662364e+00
-2.167739322341689867e+00
-2.167739326267875466e+00
-2.167739330194218716e+00
-2.167739334120721395e+00
-2.167739338047381725e+00
-2.167739341974201039e+00
-2.167739345901178893e+00
-2.167739349828314843e+00
-2.167739353755610221e+00
-2.167739357683063695e+00
-2.167739361594377634e+00
-2.167739365522148187e+00
-2.167739369450077280e+00
-2.167739373361864175e+00
-2.167739377290109459e+00
-2.167739381218514172e+00
-2.167739385130774465e+00
-2.167739389059495370e+00
-2.167739392972072299e+00
-2.167739396901110727e+00
-2.167739400814001627e+00
-2.167739404727051955e+00
-2.167739408656565114e+00
-2.167739412569931190e+00
-2.167739416499760541e+00
-2.167739420413441032e+00
-2.167739424327281839e+00
-2.167739428241276745e+00
-2.167739432155432411e+00
-2.167739436086054017e+00
-2.167739440000524542e+00
-2.167739443915151387e+00
-2.167739447829938548e+00
-2.167739451744881585e+00
-2.167739455659982717e+00
-2.167739459575244165e+00
-2.167739463490659269e+00
-2.167739467406233800e+00
-2.167739471321966871e+00
-2.167739475237855817e+00
-2.167739479137587466e+00
-2.167739483053793048e+00
-2.167739486970156282e+00
-2.167739490886677611e+00
-2.167739494787038090e+00
-2.167739498703876500e+00
-2.167739502620869452e+00
-2.167739506521701554e+00
-2.167739510439011585e+00
-2.167739514340156770e+00
-2.167739518257780773e+00
-2.167739522159241705e+00
-2.167739526077182788e+00
-2.167739529978956803e+00
-2.167739533897214077e+00
-2.167739537799302951e+00
-2.167739541701547701e+00
-2.167739545620278374e+00
-2.167739549522837095e+00
-2.167739553425554355e+00
-2.167739557328427047e+00
-2.167739561231457834e+00
-2.167739565150977654e+00
-2.167739569054323301e+00
-2.167739572957825267e+00
-2.167739576861484885e+00
-2.167739580765300822e+00
-2.167739584669274411e+00
-2.167739588573406539e+00
-2.167739592477693211e+00
-2.167739596365802601e+00
-2.167739600270404132e+00
-2.167739604175161539e+00
-2.167739608080080593e+00
-2.167739611985153747e+00
-2.167739615874042958e+00
-2.167739619779430527e+00
-2.167739623684975303e+00
-2.167739627590677287e+00
-2.167739631480195328e+00
-2.167739635386210839e+00
-2.167739639276041075e+00
-2.167739643182371001e+00
-2.167739647072512987e+00
-2.167739650979157773e+00
-2.167739654869613286e+00
-2.167739658776572043e+00
-2.167739662667341971e+00
-2.167739666558265998e+00
-2.167739670465695934e+00
-2.167739674356933488e+00
-2.167739678248328694e+00
-2.167739682139878443e+00
-2.167739686031587176e+00
-2.167739689939801373e+00
-2.167739693831821857e+00
-2.167739697723997772e+00
-2.167739701616333114e+00
-2.167739705508821224e+00
-2.167739709401468318e+00
-2.167739713294269066e+00
-2.167739717187228354e+00
-2.167739721080343962e+00
-2.167739724973615445e+00
-2.167739728850685221e+00
-2.167739732744270675e+00
-2.167739736638011117e+00
-2.167739740531909209e+00
-2.167739744425962733e+00
-2.167739748303811442e+00
-2.167739752198177605e+00
-2.167739756092700976e+00
-2.167739759971018643e+00
-2.167739763865854208e+00
-2.167739767744482737e+00
-2.167739771639633162e+00
-2.167739775518571221e+00
-2.167739779414032952e+00
-2.167739783293284095e+00
-2.167739787172690225e+00
-2.167739791068621358e+00
-2.167739794948340126e+00
-2.167739798828214326e+00
-2.167739802724614417e+00
-2.167739806604800368e+00
-2.167739810485143082e+00
-2.167739814365639006e+00
-2.167739818246292582e+00
-2.167739822143475603e+00
-2.167739826024440486e+00
-2.167739829905560800e+00
-2.167739833786837877e+00
-2.167739837668270386e+00
-2.167739841549857882e+00
-2.167739845431601697e+00
-2.167739849313501388e+00
-2.167739853179177167e+00
-2.167739857061388609e+00
-2.167739860943754149e+00
-2.167739864826276897e+00
-2.167739868708956408e+00
-2.167739872575408011e+00
-2.167739876458397941e+00
-2.167739880341543302e+00
-2.167739884208460310e+00
-2.167739888091918310e+00
-2.167739891959143961e+00
-2.167739895842914599e+00
-2.167739899710450668e+00
-2.167739903594532169e+00
-2.167739907462379101e+00
-2.167739911346773241e+00
-2.167739915214929702e+00
-2.167739919083242484e+00
-2.167739922968102029e+00
-2.167739926836725228e+00
-2.167739930705503415e+00
-2.167739934590831474e+00
-2.167739938459919635e+00
-2.167739942329164116e+00
-2.167739946198563139e+00
-2.167739950068117594e+00
-2.167739953937826591e+00
-2.167739957807690576e+00
-2.167739961677709992e+00
-2.167739965547885284e+00
-2.167739969418213786e+00
-2.167739973288700384e+00
-2.167739977159339304e+00
-2.167739981030136320e+00
-2.167739984901086103e+00
-2.167739988772192650e+00
-2.167739992627049528e+00
-2.167739996498465160e+00
-2.167740000370036668e+00
-2.167740004241761831e+00
-2.167740008097237769e+00
-2.167740011969276015e+00
-2.167740015825060151e+00
-2.167740019697405263e+00
-2.167740023553499373e+00
-2.167740027426155347e+00
-2.167740031282557656e+00
-2.167740035155526712e+00
-2.167740039012238107e+00
-2.167740042885515805e+00
-2.167740046742534066e+00
-2.167740050599709534e+00
-2.167740054473453526e+00
-2.167740058330936748e+00
-2.167740062188574512e+00
-2.167740066046367708e+00
-2.167740069920731205e+00
-2.167740073778833487e+00
-2.167740077637088980e+00
-2.167740081495500348e+00
-2.167740085354066260e+00
-2.167740089212785826e+00
-2.167740093071659935e+00
-2.167740096930688587e+00
-2.167740100789872226e+00
-2.167740104649209965e+00
-2.167740108508701802e+00
-2.167740112351924875e+00
-2.167740116211726686e+00
-2.167740120071681265e+00
-2.167740123931791718e+00
-2.167740127775629855e+00
-2.167740131636048506e+00
-2.167740135496622145e+00
-2.167740139340921690e+00
-2.167740143201804415e+00
-2.167740147062841682e+00
-2.167740150907602192e+00
-2.167740154768948990e+00
-2.167740158614018586e+00
-2.167740162475673582e+00
-2.167740166321049156e+00
-2.167740170166581049e+00
-2.167740174028697897e+00
-2.167740177874535767e+00
-2.167740181720527737e+00
-2.167740185583109547e+00
-2.167740189429409270e+00
-2.167740193275863536e+00
-2.167740197122469237e+00
-2.167740200969230369e+00
-2.167740204816146932e+00
-2.167740208679654224e+00
-2.167740212526877208e+00
-2.167740216374252959e+00
-2.167740220221784142e+00
-2.167740224069468091e+00
-2.167740227917307472e+00
-2.167740231748852775e+00
-2.167740235596999465e+00
-2.167740239445298034e+00
-2.167740243293751146e+00
-2.167740247142357468e+00
-2.167740250991119222e+00
-2.167740254823586010e+00
-2.167740258672655074e+00
-2.167740262521877792e+00
-2.167740266354802880e+00
-2.167740270204333353e+00
-2.167740274037564863e+00
-2.167740277887402645e+00
-2.167740281737394525e+00
-2.167740285571085668e+00
-2.167740289404931353e+00
-2.167740293255383754e+00
-2.167740297089535417e+00
-2.167740300940296461e+00
-2.167740304774753213e+00
-2.167740308609364508e+00
-2.167740312460587404e+00
-2.167740316295503789e+00
-2.167740320130575160e+00
-2.167740323965798854e+00
-2.167740327801175315e+00
-2.167740331653166930e+00
-2.167740335488850700e+00
-2.167740339324686794e+00
-2.167740343160676986e+00
-2.167740346996819500e+00
-2.167740350833116114e+00
-2.167740354669564162e+00
-2.167740358506167198e+00
-2.167740362326456172e+00
-2.167740366163364740e+00
-2.167740370000426076e+00
-2.167740373837641066e+00
-2.167740377675010155e+00
-2.167740381496060742e+00
-2.167740385333734476e+00
-2.167740389171561866e+00
-2.167740393009544686e+00
-2.167740396831205452e+00
-2.167740400669492029e+00
-2.167740404491460549e+00
-2.167740408330052659e+00
-2.167740412152324492e+00
-2.167740415991224801e+00
-2.167740419813800390e+00
-2.167740423653007120e+00
-2.167740427475889131e+00
-2.167740431298922577e+00
-2.167740435138589383e+00
-2.167740438961927474e+00
-2.167740442785419219e+00
-2.167740446625546102e+00
-2.167740450449342049e+00
-2.167740454273291650e+00
-2.167740458097393130e+00
-2.167740461921647821e+00
-2.167740465746053946e+00
-2.167740469570614614e+00
-2.167740473395324940e+00
-2.167740477220189810e+00
-2.167740481045207002e+00
-2.167740484870374740e+00
-2.167740488695697465e+00
-2.167740492521170736e+00
-2.167740496346798551e+00
-2.167740500172577800e+00
-2.167740503982019007e+00
-2.167740507808103345e+00
-2.167740511634340894e+00
-2.167740515460730322e+00
-2.167740519270779043e+00
-2.167740523097474004e+00
-2.167740526924322175e+00
-2.167740530734825199e+00
-2.167740534561977572e+00
-2.167740538372785686e+00
-2.167740542200242704e+00
-2.167740546011354130e+00
-2.167740549839115349e+00
-2.167740553650532309e+00
-2.167740557462098927e+00
-2.167740561290319334e+00
-2.167740565102191042e+00
-2.167740568914212407e+00
-2.167740572742889338e+00
-2.167740576555216236e+00
-2.167740580367695458e+00
-2.167740584180325669e+00
-2.167740587993106427e+00
-2.167740591822547191e+00
-2.167740595635632594e+00
-2.167740599448871208e+00
-2.167740603262260812e+00
-2.167740607075803183e+00
-2.167740610889496100e+00
-2.167740614703340452e+00
-2.167740618500826333e+00
-2.167740622314975329e+00
-2.167740626129277093e+00
-2.167740629943729402e+00
-2.167740633758334035e+00
-2.167740637573091433e+00
-2.167740641371483701e+00
-2.167740645186543968e+00
-2.167740649001755227e+00
-2.167740652800603129e+00
-2.167740656616119921e+00
-2.167740660415267584e+00
-2.167740664231087688e+00
-2.167740668047059671e+00
-2.167740671846662082e+00
-2.167740675662936933e+00
-2.167740679462842657e+00
-2.167740683262898926e+00
-2.167740687079629414e+00
-2.167740690879989440e+00
-2.167740694680499125e+00
-2.167740698497685248e+00
-2.167740702298498690e+00
-2.167740706099462678e+00
-2.167740709900578100e+00
-2.167740713718373069e+00
-2.167740717519790028e+00
-2.167740721321358421e+00
-2.167740725123079137e+00
-2.167740728924950844e+00
-2.167740732726972652e+00
-2.167740736529146339e+00
-2.167740740331471017e+00
-2.167740744133948017e+00
-2.167740747936574675e+00
-2.167740751739353655e+00
-2.167740755525748408e+00
-2.167740759328830258e+00
-2.167740763132062209e+00
-2.167740766935445151e+00
-2.167740770738980860e+00
-2.167740774526127900e+00
-2.167740778329964701e+00
-2.167740782133953381e+00
-2.167740785921553393e+00
-2.167740789725844497e+00
-2.167740793513744713e+00
-2.167740797318338686e+00
-2.167740801106539550e+00
-2.167740804911435504e+00
-2.167740808699937460e+00
-2.167740812505135395e+00
-2.167740816293940220e+00
-2.167740820082896036e+00
-2.167740823888546053e+00
-2.167740827677802518e+00
-2.167740831467208640e+00
-2.167740835273313404e+00
-2.167740839063021063e+00
-2.167740842852881045e+00
-2.167740846642887576e+00
-2.167740850433046873e+00
-2.167740854223357605e+00
-2.167740858013817107e+00
-2.167740861804426711e+00
-2.167740865595187749e+00
-2.167740869386099334e+00
-2.167740873177162797e+00
-2.167740876968373254e+00
-2.167740880759738697e+00
-2.167740884551252467e+00
-2.167740888342917671e+00
-2.167740892134732089e+00
-2.167740895910140075e+00
-2.167740899702256030e+00
-2.167740903494522975e+00
-2.167740907270379935e+00
-2.167740911062946640e+00
-2.167740914855665224e+00
-2.167740918631971159e+00
-2.167740922424991279e+00
-2.167740926201597862e+00
-2.167740929994918631e+00
-2.167740933771823642e+00
-2.167740937565445503e+00
-2.167740941342651606e+00
-2.167740945136573227e+00
-2.167740948914079091e+00
-2.167740952691736389e+00
-2.167740956486108317e+00
-2.167740960264064487e+00
-2.167740964042170315e+00
-2.167740967820424469e+00
-2.167740971615400358e+00
-2.167740975393956937e+00
-2.167740979172660509e+00
-2.167740982951515072e+00
-2.167740986730520625e+00
-2.167740990509675392e+00
-2.167740994288979373e+00
-2.167740998068431679e+00
-2.167741001848035864e+00
-2.167741005627790152e+00
-2.167741009407694097e+00
-2.167741013187748589e+00
-2.167741016967950962e+00
-2.167741020731725143e+00
-2.167741024512227277e+00
-2.167741028292880845e+00
-2.167741032073684515e+00
-2.167741035838054664e+00
-2.167741039619157206e+00
-2.167741043400411183e+00
-2.167741047165228085e+00
-2.167741050946779602e+00
-2.167741054711897153e+00
-2.167741058493748429e+00
-2.167741062259162632e+00
-2.167741066041315001e+00
-2.167741069807029852e+00
-2.167741073589479317e+00
-2.167741077355492152e+00
-2.167741081121651536e+00
-2.167741084904555748e+00
-2.167741088671014005e+00
-2.167741092437622363e+00
-2.167741096220973773e+00
-2.167741099987881004e+00
-2.167741103754936560e+00
-2.167741107522142663e+00
-2.167741111289497535e+00
-2.167741115057002066e+00
-2.167741118824653146e+00
-2.167741122592455216e+00
-2.167741126360406945e+00
-2.167741130128508331e+00
-2.167741133896758488e+00
-2.167741137665156970e+00
-2.167741141433704666e+00
-2.167741145202402020e+00
-2.167741148971249920e+00
-2.167741152740247479e+00
-2.167741156492788868e+00
-2.167741160262082634e+00
-2.167741164031527390e+00
-2.167741167784515088e+00
-2.167741171554256052e+00
-2.167741175324147118e+00
-2.167741179077580682e+00
-2.167741182847771064e+00
-2.167741186601499948e+00
-2.167741190371989202e+00
-2.167741194126016069e+00
-2.167741197896803307e+00
-2.167741201651126826e+00
-2.167741205422213380e+00
-2.167741209176834882e+00
-2.167741212931604711e+00
-2.167741216703139351e+00
-2.167741220458204499e+00
-2.167741224213419748e+00
-2.167741227985402030e+00
-2.167741231740915708e+00
-2.167741235496576380e+00
-2.167741239252387153e+00
-2.167741243008345364e+00
-2.167741246764451901e+00
-2.167741250520708984e+00
-2.167741254277111729e+00
-2.167741258033665019e+00
-2.167741261790367080e+00
-2.167741265547216134e+00
-2.167741269304216178e+00
-2.167741273061362328e+00
-2.167741276818659024e+00
-2.167741280576103602e+00
-2.167741284317069361e+00
-2.167741288074811479e+00
-2.167741291832700590e+00
-2.167741295590740247e+00
-2.167741299332298865e+00
-2.167741303090634286e+00
-2.167741306849119365e+00
-2.167741310591121628e+00
-2.167741314349903803e+00
-2.167741318092200054e+00
-2.167741321851278435e+00
-2.167741325593872226e+00
-2.167741329353250368e+00
-2.167741333096139478e+00
-2.167741336855812495e+00
-2.167741340598996924e+00
-2.167741344342330567e+00
-2.167741348102448562e+00
-2.167741351846078857e+00
-2.167741355589857033e+00
-2.167741359333780871e+00
-2.167741363094493945e+00
-2.167741366838714878e+00
-2.167741370583083249e+00
-2.167741374327599502e+00
-2.167741378072264524e+00
-2.167741381817077428e+00
-2.167741385562037326e+00
-2.167741389307145994e+00
-2.167741393052402099e+00
-2.167741396797805642e+00
-2.167741400543358399e+00
-2.167741404289057705e+00
-2.167741408034906669e+00
-2.167741411780902183e+00
-2.167741415510398006e+00
-2.167741419256688395e+00
-2.167741423003129331e+00
-2.167741426749715483e+00
-2.167741430479799725e+00
-2.167741434226683417e+00
-2.167741437973714547e+00
-2.167741441704238881e+00
-2.167741445451567994e+00
-2.167741449182385871e+00
-2.167741452930009416e+00
-2.167741456661123056e+00
-2.167741460409041476e+00
-2.167741464140451324e+00
-2.167741467888666396e+00
-2.167741471620369786e+00
-2.167741475352220171e+00
-2.167741479100878443e+00
-2.167741482833024147e+00
-2.167741486565315068e+00
-2.167741490297755647e+00
-2.167741494047005890e+00
-2.167741497779739124e+00
-2.167741501512621571e+00
-2.167741505245650568e+00
-2.167741508978825671e+00
-2.167741512712148655e+00
-2.167741516445620409e+00
-2.167741520179236492e+00
-2.167741523913002233e+00
-2.167741527646914079e+00
-2.167741531380975140e+00
-2.167741535115179641e+00
-2.167741538849533800e+00
-2.167741542584036285e+00
-2.167741546318684431e+00
-2.167741550036806686e+00
-2.167741553771750596e+00
-2.167741557506841943e+00
-2.167741561225402513e+00
-2.167741564960787404e+00
-2.167741568696319732e+00
-2.167741572415322171e+00
-2.167741576151148486e+00
-2.167741579887123127e+00
-2.167741583606563882e+00
-2.167741587342834286e+00
-2.167741591062569029e+00
-2.167741594782452541e+00
-2.167741598519161705e+00
-2.167741602239336540e+00
-2.167741605976341468e+00
-2.167741609696810734e+00
-2.167741613417426105e+00
-2.167741617138187138e+00
-2.167741620875780040e+00
-2.167741624596835948e+00
-2.167741628318036184e+00
-2.167741632039385191e+00
-2.167741635760879859e+00
-2.167741639499209949e+00
-2.167741643220998160e+00
-2.167741646942932476e+00
-2.167741650665013342e+00
-2.167741654387241201e+00
-2.167741658109616498e+00
-2.167741661832138345e+00
-2.167741665538111207e+00
-2.167741669260925264e+00
-2.167741672983885870e+00
-2.167741676706992582e+00
-2.167741680430246731e+00
-2.167741684153646986e+00
-2.167741687860496480e+00
-2.167741691584191610e+00
-2.167741695308031069e+00
-2.167741699015318879e+00
-2.167741702739452325e+00
-2.167741706463732321e+00
-2.167741710171458003e+00
-2.167741713896031541e+00
-2.167741717604049878e+00
-2.167741721328916071e+00
-2.167741725037224398e+00
-2.167741728762384579e+00
-2.167741732470985561e+00
-2.167741736179732648e+00
-2.167741739905332032e+00
-2.167741743614372218e+00
-2.167741747323557622e+00
-2.167741751049596211e+00
-2.167741754759072048e+00
-2.167741758468695323e+00
-2.167741762178464704e+00
-2.167741765888378414e+00
-2.167741769598439117e+00
-2.167741773325358778e+00
-2.167741777035709916e+00
-2.167741780746209823e+00
-2.167741784456853615e+00
-2.167741788167646177e+00
-2.167741791878580404e+00
-2.167741795572946994e+00
-2.167741799284175208e+00
-2.167741802995548639e+00
-2.167741806707067731e+00
-2.167741810418735149e+00
-2.167741814130546008e+00
-2.167741817825784345e+00
-2.167741821537887859e+00
-2.167741825250137033e+00
-2.167741828962533202e+00
-2.167741832658351520e+00
-2.167741836371039454e+00
-2.167741840067149095e+00
-2.167741843780127908e+00
-2.167741847476527539e+00
-2.167741851189799451e+00
-2.167741854886488628e+00
-2.167741858600052751e+00
-2.167741862297032807e+00
-2.167741866010889140e+00
-2.167741869708160074e+00
-2.167741873405576669e+00
-2.167741877119869098e+00
-2.167741880817576572e+00
-2.167741884515429707e+00
-2.167741888230160896e+00
-2.167741891928303133e+00
-2.167741895626593696e+00
-2.167741899325027255e+00
-2.167741903023605587e+00
-2.167741906722329581e+00
-2.167741910421199680e+00
-2.167741914120214108e+00
-2.167741917819373754e+00
-2.167741921518679060e+00
-2.167741925218129584e+00
-2.167741928917725769e+00
-2.167741932617467171e+00
-2.167741936317353346e+00
-2.167741940017386071e+00
-2.167741943717564457e+00
-2.167741947401143676e+00
-2.167741951101611164e+00
-2.167741954802225202e+00
-2.167741958502984012e+00
-2.167741962187139659e+00
-2.167741965888189348e+00
-2.167741969589384254e+00
-2.167741973273974221e+00
-2.167741976975460894e+00
-2.167741980660341738e+00
-2.167741984362115737e+00
-2.167741988047289237e+00
-2.167741991749353225e+00
-2.167741995434813163e+00
-2.167741999120416985e+00
-2.167742002822917957e+00
-2.167742006508811325e+00
-2.167742010194850355e+00
-2.167742013897788311e+00
-2.167742017584114222e+00
-2.167742021270587127e+00
-2.167742024957203473e+00
-2.167742028660721854e+00
-2.167742032347628189e+00
-2.167742036034677522e+00
-2.167742039721872072e+00
-2.167742043409211838e+00
-2.167742047096695934e+00
-2.167742050784325691e+00
-2.167742054472100222e+00
-2.167742058160018193e+00
-2.167742061848081381e+00
-2.167742065536287566e+00
-2.167742069224638968e+00
-2.167742072913136919e+00
-2.167742076585011723e+00
-2.167742080273797001e+00
-2.167742083962728827e+00
-2.167742087651802319e+00
-2.167742091324253106e+00
-2.167742095013618808e+00
-2.167742098703127951e+00
-2.167742102376010394e+00
-2.167742106065809082e+00
-2.167742109738979295e+00
-2.167742113429066642e+00
-2.167742117102524180e+00
-2.167742120792903293e+00
-2.167742124466648157e+00
-2.167742128157312820e+00
-2.167742131831347674e+00
-2.167742135522303215e+00
-2.167742139196627171e+00
-2.167742142871091904e+00
-2.167742146562481764e+00
-2.167742150237236931e+00
-2.167742153912135095e+00
-2.167742157587178031e+00
-2.167742161262362188e+00
-2.167742164954475026e+00
-2.167742168629950950e+00
-2.167742172305568538e+00
-2.167742175981330899e+00
-2.167742179657236701e+00
-2.167742183333287276e+00
-2.167742187009480404e+00
-2.167742190685818748e+00
-2.167742194362300978e+00
-2.167742198038927093e+00
-2.167742201715697092e+00
-2.167742205392611865e+00
-2.167742209052880398e+00
-2.167742212730081608e+00
-2.167742216407427147e+00
-2.167742220084917459e+00
-2.167742223745758423e+00
-2.167742227423536061e+00
-2.167742231101458028e+00
-2.167742234762730202e+00
-2.167742238440938163e+00
-2.167742242119292229e+00
-2.167742245780993837e+00
-2.167742249459637449e+00
-2.167742253121623719e+00
-2.167742256800553324e+00
-2.167742260462827364e+00
-2.167742264125245288e+00
-2.167742267804606104e+00
-2.167742271467310022e+00
-2.167742275146960829e+00
-2.167742278809951184e+00
-2.167742282473086313e+00
-2.167742286136362662e+00
-2.167742289816589008e+00
-2.167742293480152238e+00
-2.167742297143858909e+00
-2.167742300807712130e+00
-2.167742304471706127e+00
-2.167742308135841789e+00
-2.167742311800122668e+00
-2.167742315464546543e+00
-2.167742319129113859e+00
-2.167742322793824172e+00
-2.167742326458678370e+00
-2.167742330123675565e+00
-2.167742333788816200e+00
-2.167742337454099832e+00
-2.167742341119527794e+00
-2.167742344785097863e+00
-2.167742348433998600e+00
-2.167742352099855108e+00
-2.167742355765854612e+00
-2.167742359431998889e+00
-2.167742363081468504e+00
-2.167742366747898775e+00
-2.167742370414473374e+00
-2.167742374064370203e+00
-2.167742377731230796e+00
-2.167742381381413175e+00
-2.167742385048561093e+00
-2.167742388699028577e+00
-2.167742392366462045e+00
-2.167742396017215523e+00
-2.167742399684937649e+00
-2.167742403335975787e+00
-2.167742406987156034e+00
-2.167742410655308039e+00
-2.167742414306773391e+00
-2.167742417958382628e+00
-2.167742421610135306e+00
-2.167742425278859297e+00
-2.167742428930895748e+00
-2.167742432583075640e+00
-2.167742436235398085e+00
-2.167742439887863970e+00
-2.167742443540472408e+00
-2.167742447193221622e+00
-2.167742450846116498e+00
-2.167742454499150373e+00
-2.167742458152329021e+00
-2.167742461805651111e+00
-2.167742465459113088e+00
-2.167742469112722059e+00
-2.167742472766470474e+00
-2.167742476420362774e+00
-2.167742480074397626e+00
-2.167742483711735169e+00
-2.167742487366055126e+00
-2.167742491020517637e+00
-2.167742494675121367e+00
-2.167742498313027788e+00
-2.167742501967919733e+00
-2.167742505606108594e+00
-2.167742509261285200e+00
-2.167742512916602582e+00
-2.167742516555219989e+00
-2.167742520210822921e+00
-2.167742523849722769e+00
-2.167742527505612582e+00
-2.167742531144796203e+00
-2.167742534784122821e+00
-2.167742538440439404e+00
-2.167742542080048018e+00
-2.167742545719800962e+00
-2.167742549376546535e+00
-2.167742553016581475e+00
-2.167742556656760744e+00
-2.167742560313932643e+00
-2.167742563954394353e+00
-2.167742567594998171e+00
-2.167742571235744542e+00
-2.167742574876633022e+00
-2.167742578517662277e+00
-2.167742582158833642e+00
-2.167742585800147559e+00
-2.167742589441603140e+00
-2.167742593083202607e+00
-2.167742596724941961e+00
-2.167742600366823424e+00
-2.167742604008846996e+00
-2.167742607651013564e+00
-2.167742611293320465e+00
-2.167742614918906963e+00
-2.167742618561499413e+00
-2.167742622204233083e+00
-2.167742625847109750e+00
-2.167742629473260685e+00
-2.167742633116422457e+00
-2.167742636759724117e+00
-2.167742640386299602e+00
-2.167742644029885035e+00
-2.167742647673613465e+00
-2.167742651300613499e+00
-2.167742654944625258e+00
-2.167742658571909065e+00
-2.167742662216205041e+00
-2.167742665843771732e+00
-2.167742669471477868e+00
-2.167742673116199281e+00
-2.167742676744189190e+00
-2.167742680372320763e+00
-2.167742684017468946e+00
-2.167742687645882516e+00
-2.167742691274436861e+00
-2.167742694903132872e+00
-2.167742698548849933e+00
-2.167742702177828384e+00
-2.167742705806949832e+00
-2.167742709436210280e+00
-2.167742713065614168e+00
-2.167742716695158833e+00
-2.167742720324844719e+00
-2.167742723954671380e+00
-2.167742727584641482e+00
-2.167742731214750584e+00
-2.167742734845002683e+00
-2.167742738475394226e+00
-2.167742742105928322e+00
-2.167742745736603194e+00
-2.167742749367419286e+00
-2.167742752981489662e+00
-2.167742756612587751e+00
-2.167742760243831057e+00
-2.167742763875211587e+00
-2.167742767489844624e+00
-2.167742771121509371e+00
-2.167742774736425293e+00
-2.167742778368371148e+00
-2.167742782000458668e+00
-2.167742785615796031e+00
-2.167742789248166879e+00
-2.167742792863784018e+00
-2.167742796496438640e+00
-2.167742800112339108e+00
-2.167742803745274838e+00
-2.167742807361455082e+00
-2.167742810977774770e+00
-2.167742814611135937e+00
-2.167742818227738510e+00
-2.167742821844481416e+00
-2.167742825461365097e+00
-2.167742829095291146e+00
-2.167742832712455492e+00
-2.167742836329761946e+00
-2.167742839947209177e+00
-2.167742843564795407e+00
-2.167742847182523303e+00
-2.167742850817297118e+00
-2.167742854435306565e+00
-2.167742858053458566e+00
-2.167742861671747789e+00
-2.167742865290179566e+00
-2.167742868891841646e+00
-2.167742872510554974e+00
-2.167742876129408192e+00
-2.167742879748400409e+00
-2.167742883367536955e+00
-2.167742886986812501e+00
-2.167742890606227935e+00
-2.167742894208870563e+00
-2.167742897828567994e+00
-2.167742901448406201e+00
-2.167742905051469382e+00
-2.167742908671588697e+00
-2.167742912291849677e+00
-2.167742915895332967e+00
-2.167742919515873723e+00
-2.167742923119637233e+00
-2.167742926740459541e+00
-2.167742930344503716e+00
-2.167742933965609797e+00
-2.167742937569931083e+00
-2.167742941191318273e+00
-2.167742944795921112e+00
-2.167742948400665171e+00
-2.167742952022472025e+00
-2.167742955627496748e+00
-2.167742959232658251e+00
-2.167742962837962750e+00
-2.167742966460332710e+00
-2.167742970065919206e+00
-2.167742973671640705e+00
-2.167742977277503424e+00
-2.167742980883507808e+00
-2.167742984489650748e+00
-2.167742988095935797e+00
-2.167742991702358513e+00
-2.167742995308921561e+00
-2.167742998915625385e+00
-2.167743002522469542e+00
-2.167743006129453587e+00
-2.167743009736577076e+00
-2.167743013343840897e+00
-2.167743016951244606e+00
-2.167743020558788647e+00
-2.167743024166473464e+00
-2.167743027757360164e+00
-2.167743031365323425e+00
-2.167743034973427463e+00
-2.167743038564731162e+00
-2.167743042173115420e+00
-2.167743045781641342e+00
-2.167743049373362485e+00
-2.167743052982168184e+00
-2.167743056591111994e+00
-2.167743060183253245e+00
-2.167743063792476388e+00
-2.167743067384896527e+00
-2.167743070994400778e+00
-2.167743074587098029e+00
-2.167743078179936500e+00
-2.167743081789860415e+00
-2.167743085382977775e+00
-2.167743088976232801e+00
-2.167743092586576825e+00
-2.167743096180111628e+00
-2.167743099773784099e+00
-2.167743103367597790e+00
-2.167743106978502254e+00
-2.167743110572594389e+00
-2.167743114166826413e+00
-2.167743117761196991e+00
-2.167743121355705238e+00
-2.167743124950356037e+00
-2.167743128545144504e+00
-2.167743132140072415e+00
-2.167743135735138882e+00
-2.167743139330345681e+00
-2.167743142925691924e+00
-2.167743146521177167e+00
-2.167743150116801409e+00
-2.167743153712565540e+00
-2.167743157291507572e+00
-2.167743160887551479e+00
-2.167743164483733054e+00
-2.167743168080054517e+00
-2.167743171659551216e+00
-2.167743175256151567e+00
-2.167743178852891361e+00
-2.167743182432803284e+00
-2.167743186029823743e+00
-2.167743189626980538e+00
-2.167743193207309016e+00
-2.167743196804746031e+00
-2.167743200385352509e+00
-2.167743203983069300e+00
-2.167743207563951557e+00
-2.167743211161946792e+00
-2.167743214743107494e+00
-2.167743218324408083e+00
-2.167743221922819430e+00
-2.167743225504396687e+00
-2.167743229086112944e+00
-2.167743232684943955e+00
-2.167743236266937323e+00
-2.167743239849068360e+00
-2.167743243431340172e+00
-2.167743247013749652e+00
-2.167743250613278772e+00
-2.167743254195964475e+00
-2.167743257778791843e+00
-2.167743261361756435e+00
-2.167743264944858694e+00
-2.167743268528100842e+00
-2.167743272111482433e+00
-2.167743275695001248e+00
-2.167743279278659507e+00
-2.167743282862456766e+00
-2.167743286446393913e+00
-2.167743290013480539e+00
-2.167743293597694354e+00
-2.167743297182046280e+00
-2.167743300766536763e+00
-2.167743304351165357e+00
-2.167743307918945206e+00
-2.167743311503853132e+00
-2.167743315088896949e+00
-2.167743318657089358e+00
-2.167743322242412951e+00
-2.167743325810881139e+00
-2.167743329396480512e+00
-2.167743332982220217e+00
-2.167743336551103628e+00
-2.167743340137119112e+00
-2.167743343706279191e+00
-2.167743347275575161e+00
-2.167743350862007645e+00
-2.167743354431581615e+00
-2.167743358018291655e+00
-2.167743361588141404e+00
-2.167743365158128821e+00
-2.167743368745254529e+00
-2.167743372315517725e+00
-2.167743375885919921e+00
-2.167743379456459785e+00
-2.167743383027137316e+00
-2.167743386614957135e+00
-2.167743390185910890e+00
-2.167743393757003201e+00
-2.167743397328233179e+00
-2.167743400899602157e+00
-2.167743404471108359e+00
-2.167743408042752673e+00
-2.167743411614534210e+00
-2.167743415186455636e+00
-2.167743418758513840e+00
-2.167743422330711045e+00
-2.167743425886034636e+00
-2.167743429458506288e+00
-2.167743433031117384e+00
-2.167743436603866591e+00
-2.167743440176752578e+00
-2.167743443732763176e+00
-2.167743447305926274e+00
-2.167743450879226597e+00
-2.167743454435649308e+00
-2.167743458009226298e+00
-2.167743461582939624e+00
-2.167743465139777115e+00
-2.167743468713767108e+00
-2.167743472270876826e+00
-2.167743475845144374e+00
-2.167743479402528983e+00
-2.167743482977072755e+00
-2.167743486534730923e+00
-2.167743490109550919e+00
-2.167743493667485755e+00
-2.167743497225557370e+00
-2.167743500800790368e+00
-2.167743504359137763e+00
-2.167743507917620160e+00
-2.167743511476241114e+00
-2.167743515052027004e+00
-2.167743518610922848e+00
-2.167743522169957249e+00
-2.167743525729127985e+00
-2.167743529288434612e+00
-2.167743532847881127e+00
-2.167743536407463090e+00
-2.167743539967182720e+00
-2.167743543527040462e+00
-2.167743547087035427e+00
-2.167743550647168949e+00
-2.167743554207437917e+00
-2.167743557767844553e+00
-2.167743561328390633e+00
-2.167743564889073937e+00
-2.167743568449891356e+00
-2.167743572010848663e+00
-2.167743575554904822e+00
-2.167743579116136132e+00
-2.167743582677505110e+00
-2.167743586239012643e+00
-2.167743589783615477e+00
-2.167743593345396569e+00
-2.167743596907315329e+00
-2.167743600452328945e+00
-2.167743604014520376e+00
-2.167743607559808439e+00
-2.167743611122275205e+00
-2.167743614667836827e+00
-2.167743618230579372e+00
-2.167743621776414997e+00
-2.167743625339430658e+00
-2.167743628885538065e+00
-2.167743632431782252e+00
-2.167743635995212248e+00
-2.167743639541728662e+00
-2.167743643088383187e+00
-2.167743646652225298e+00
-2.167743650199152938e+00
-2.167743653746216470e+00
-2.167743657293417670e+00
-2.167743660840755648e+00
-2.167743664388229519e+00
-2.167743667952895414e+00
-2.167743671500644176e+00
-2.167743675048528385e+00
-2.167743678596549817e+00
-2.167743682144708028e+00
-2.167743685693002575e+00
-2.167743689241435678e+00
-2.167743692790003340e+00
-2.167743696338709558e+00
-2.167743699870488427e+00
-2.167743703419467316e+00
-2.167743706968582540e+00
-2.167743710517834543e+00
-2.167743714067223326e+00
-2.167743717599683428e+00
-2.167743721149346214e+00
-2.167743724699145336e+00
-2.167743728249080348e+00
-2.167743731782085792e+00
-2.167743735332294364e+00
-2.167743738865572034e+00
-2.167743742416054165e+00
-2.167743745966673519e+00
-2.167743749500360195e+00
-2.167743753051252664e+00
-2.167743756585209347e+00
-2.167743760119303698e+00
-2.167743763670606061e+00
-2.167743767204973526e+00
-2.167743770756549448e+00
-2.167743774291186920e+00
-2.167743777825961615e+00
-2.167743781377947876e+00
-2.167743784912996130e+00
-2.167743788448176279e+00
-2.167743791983494539e+00
-2.167743795536028806e+00
-2.167743799071619293e+00
-2.167743802607345671e+00
-2.167743806143208385e+00
-2.167743809679207434e+00
-2.167743813215343263e+00
-2.167743816751612762e+00
-2.167743820288020817e+00
-2.167743823824563876e+00
-2.167743827361243270e+00
-2.167743830898058555e+00
-2.167743834435008843e+00
-2.167743837972097687e+00
-2.167743841509320202e+00
-2.167743845029591387e+00
-2.167743848567087017e+00
-2.167743852104718538e+00
-2.167743855642486395e+00
-2.167743859180391475e+00
-2.167743862701339896e+00
-2.167743866239515871e+00
-2.167743869777827737e+00
-2.167743873299182944e+00
-2.167743876837766592e+00
-2.167743880359392694e+00
-2.167743883898248125e+00
-2.167743887420145121e+00
-2.167743890959273223e+00
-2.167743894481438893e+00
-2.167743898020840998e+00
-2.167743901543277563e+00
-2.167743905082951894e+00
-2.167743908605661574e+00
-2.167743912128504480e+00
-2.167743915668586485e+00
-2.167743919191700730e+00
-2.167743922714952198e+00
-2.167743926255441878e+00
-2.167743929778962020e+00
-2.167743933302620274e+00
-2.167743936826412643e+00
-2.167743940350339127e+00
-2.167743943874401502e+00
-2.167743947415708305e+00
-2.167743950940042463e+00
-2.167743954464512068e+00
-2.167743957989117565e+00
-2.167743961513856732e+00
-2.167743965038734011e+00
-2.167743968563743184e+00
-2.167743972088891358e+00
-2.167743975597059336e+00
-2.167743979122477516e+00
-2.167743982648030698e+00
-2.167743986173717552e+00
-2.167743989699542961e+00
-2.167743993225501598e+00
-2.167743996734478262e+00
-2.167744000260708237e+00
-2.167744003787073659e+00
-2.167744007296455777e+00
-2.167744010823091649e+00
-2.167744014349862969e+00
-2.167744017859650540e+00
-2.167744021386693198e+00
-2.167744024896747668e+00
-2.167744028424061220e+00
-2.167744031934386140e+00
-2.167744035461971031e+00
-2.167744038972565512e+00
-2.167744042500421298e+00
-2.167744046011285786e+00
-2.167744049522283944e+00
-2.167744053050546515e+00
-2.167744056561815569e+00
-2.167744060073217849e+00
-2.167744063601885873e+00
-2.167744067113559492e+00
-2.167744070625366781e+00
-2.167744074137309074e+00
-2.167744077649386369e+00
-2.167744081178731186e+00
-2.167744084691079820e+00
-2.167744088203559905e+00
-2.167744091716176769e+00
-2.167744095228927304e+00
-2.167744098741815062e+00
-2.167744102254835159e+00
-2.167744105767991591e+00
-2.167744109281281251e+00
-2.167744112794706801e+00
-2.167744116308267355e+00
-2.167744119804822400e+00
-2.167744123318651184e+00
-2.167744126832615414e+00
-2.167744130346714204e+00
-2.167744133860948885e+00
-2.167744137358173173e+00
-2.167744140872676528e+00
-2.167744144387314442e+00
-2.167744147884941963e+00
-2.167744151399850772e+00
-2.167744154914892807e+00
-2.167744158412921784e+00
-2.167744161928233826e+00
-2.167744165426532366e+00
-2.167744168942114413e+00
-2.167744172440680295e+00
-2.167744175956531461e+00
-2.167744179455366016e+00
-2.167744182971486300e+00
-2.167744186470589085e+00
-2.167744189969825985e+00
-2.167744193486350834e+00
-2.167744196985855076e+00
-2.167744200485495210e+00
-2.167744204002426844e+00
-2.167744207502332543e+00
-2.167744211002374133e+00
-2.167744214502550726e+00
-2.167744218002860546e+00
-2.167744221503304480e+00
-2.167744225021042137e+00
-2.167744228521754746e+00
-2.167744232022600581e+00
-2.167744235523581420e+00
-2.167744239024695929e+00
-2.167744242525945442e+00
-2.167744246027328181e+00
-2.167744249528845923e+00
-2.167744253030496449e+00
-2.167744256515116152e+00
-2.167744260017034907e+00
-2.167744263519088666e+00
-2.167744267021275650e+00
-2.167744270523598971e+00
-2.167744274026053741e+00
-2.167744277511473250e+00
-2.167744281014198915e+00
-2.167744284517057363e+00
-2.167744288002877440e+00
-2.167744291506004117e+00
-2.167744295009264022e+00
-2.167744298495485555e+00
-2.167744301999014578e+00
-2.167744305485501677e+00
-2.167744308989299373e+00
-2.167744312476054258e+00
-2.167744315980120184e+00
-2.167744319467141967e+00
-2.167744322971474347e+00
-2.167744326458765247e+00
-2.167744329946187154e+00
-2.167744333450922323e+00
-2.167744336938612015e+00
-2.167744340426433602e+00
-2.167744343914389749e+00
-2.167744347419661821e+00
-2.167744350907885753e+00
-2.167744354396241580e+00
-2.167744357884732409e+00
-2.167744361373354689e+00
-2.167744364879299113e+00
-2.167744368368187846e+00
-2.167744371857212915e+00
-2.167744375346368990e+00
-2.167744378835660957e+00
-2.167744382325085262e+00
-2.167744385814642794e+00
-2.167744389304334884e+00
-2.167744392794159758e+00
-2.167744396266924056e+00
-2.167744399757016271e+00
-2.167744403247239937e+00
-2.167744406737599494e+00
-2.167744410228090501e+00
-2.167744413718717400e+00
-2.167744417192279727e+00
-2.167744420683171747e+00
-2.167744424174197437e+00
-2.167744427648159444e+00
-2.167744431139451144e+00
-2.167744434630876960e+00
-2.167744438105237759e+00
-2.167744441596930471e+00
-2.167744445071555059e+00
-2.167744448563516002e+00
-2.167744452038404823e+00
-2.167744455530632219e+00
-2.167744459005789714e+00
-2.167744462498283120e+00
-2.167744465973705736e+00
-2.167744469449260247e+00
-2.167744472942154221e+00
-2.167744476417974298e+00
-2.167744479893927601e+00
-2.167744483387222143e+00
-2.167744486863440567e+00
-2.167744490339792218e+00
-2.167744493816276652e+00
-2.167744497292893424e+00
-2.167744500786855877e+00
-2.167744504263739103e+00
-2.167744507740754667e+00
-2.167744511217903014e+00
-2.167744514695183700e+00
-2.167744518172598500e+00
-2.167744521650146083e+00
-2.167744525127826005e+00
-2.167744528605637822e+00
-2.167744532083583309e+00
-2.167744535561662911e+00
-2.167744539039873075e+00
-2.167744542500996907e+00
-2.167744545979473525e+00
-2.167744549458083370e+00
-2.167744552936824221e+00
-2.167744556415698742e+00
-2.167744559877484267e+00
-2.167744563356626575e+00
-2.167744566835898112e+00
-2.167744570298079765e+00
-2.167744573777618200e+00
-2.167744577257289862e+00
-2.167744580719868530e+00
-2.167744584199805757e+00
-2.167744587662647326e+00
-2.167744591142850119e+00
-2.167744594605955921e+00
-2.167744598086424279e+00
-2.167744601549796535e+00
-2.167744605030530902e+00
-2.167744608494165615e+00
-2.167744611957932221e+00
-2.167744615439065381e+00
-2.167744618903095777e+00
-2.167744622367258511e+00
-2.167744625848790463e+00
-2.167744629313218763e+00
-2.167744632777778957e+00
-2.167744636242471046e+00
-2.167744639707295029e+00
-2.167744643189489562e+00
-2.167744646654578666e+00
-2.167744650119799665e+00
-2.167744653585152115e+00
-2.167744657050636903e+00
-2.167744660516255362e+00
-2.167744663982003495e+00
-2.167744667447885742e+00
-2.167744670913900329e+00
-2.167744674380045034e+00
-2.167744677846322965e+00
-2.167744681295487030e+00
-2.167744684762030083e+00
-2.167744688228703254e+00
-2.167744691695510095e+00
-2.167744695162448831e+00
-2.167744698612270149e+00
-2.167744702079473118e+00
-2.167744705546807982e+00
-2.167744709014274740e+00
-2.167744712464621859e+00
-2.167744715932353738e+00
-2.167744719382965091e+00
-2.167744722850958983e+00
-2.167744726319088322e+00
-2.167744729770091805e+00
-2.167744733238484045e+00
-2.167744736689752649e+00
-2.167744740158409122e+00
-2.167744743609941516e+00
-2.167744747061604027e+00
-2.167744750530656184e+00
-2.167744753982580708e+00
-2.167744757434638903e+00
-2.167744760904086743e+00
-2.167744764356407838e+00
-2.167744767808859940e+00
-2.167744771278704796e+00
-2.167744774731419355e+00
-2.167744778184264920e+00
-2.167744781637242379e+00
-2.167744785090351733e+00
-2.167744788543592094e+00
-2.167744791996962572e+00
-2.167744795450465833e+00
-2.167744798921368510e+00
-2.167744802375134672e+00
-2.167744805829032284e+00
-2.167744809265792050e+00
-2.167744812719952119e+00
-2.167744816174244527e+00
-2.167744819628667940e+00
-2.167744823083222805e+00
-2.167744826537909120e+00
-2.167744829992726441e+00
-2.167744833447676989e+00
-2.167744836885482584e+00
-2.167744840340694701e+00
-2.167744843796038712e+00
-2.167744847251515061e+00
-2.167744850689844682e+00
-2.167744854145581712e+00
-2.167744857601452413e+00
-2.167744861040174609e+00
-2.167744864496307322e+00
-2.167744867935291531e+00
-2.167744871391686701e+00
-2.167744874830932034e+00
-2.167744878287590993e+00
-2.167744881727096118e+00
-2.167744885184018422e+00
-2.167744888623787336e+00
-2.167744892063684148e+00
-2.167744895521002135e+00
-2.167744898961162292e+00
-2.167744902401452123e+00
-2.167744905859163129e+00
-2.167744909299717193e+00
-2.167744912740400487e+00
-2.167744916181215231e+00
-2.167744919639451595e+00
-2.167744923080528352e+00
-2.167744926521735227e+00
-2.167744929963074885e+00
-2.167744933404542884e+00
-2.167744936846142334e+00
-2.167744940287872346e+00
-2.167744943729734697e+00
-2.167744947171725833e+00
-2.167744950613849308e+00
-2.167744954056102458e+00
-2.167744957498487501e+00
-2.167744960941001775e+00
-2.167744964383648387e+00
-2.167744967826426006e+00
-2.167744971269333298e+00
-2.167744974695070770e+00
-2.167744978138240963e+00
-2.167744981581540387e+00
-2.167744985024973481e+00
-2.167744988451230093e+00
-2.167744991894923423e+00
-2.167744995338746872e+00
-2.167744998765395170e+00
-2.167745002209481076e+00
-2.167745005653695767e+00
-2.167745009080736196e+00
-2.167745012525214232e+00
-2.167745015952513121e+00
-2.167745019397253170e+00
-2.167745022824812295e+00
-2.167745026269813469e+00
-2.167745029697634607e+00
-2.167745033125583642e+00
-2.167745036570976502e+00
-2.167745039999188439e+00
-2.167745043444843311e+00
-2.167745046873314152e+00
-2.167745050301914223e+00
-2.167745053730645743e+00
-2.167745057176824197e+00
-2.167745060605815954e+00
-2.167745064034937830e+00
-2.167745067464189823e+00
-2.167745070893571491e+00
-2.167745074323084165e+00
-2.167745077752726068e+00
-2.167745081182498090e+00
-2.167745084629723262e+00
-2.167745088059756409e+00
-2.167745091489918785e+00
-2.167745094902888692e+00
-2.167745098333312193e+00
-2.167745101763864035e+00
-2.167745105194547328e+00
-2.167745108625362072e+00
-2.167745112056304713e+00
-2.167745115487380136e+00
-2.167745118918583902e+00
-2.167745122332589869e+00
-2.167745125764053871e+00
-2.167745129195648879e+00
-2.167745132610041203e+00
-2.167745136041896892e+00
-2.167745139473881366e+00
-2.167745142888663157e+00
-2.167745146320908756e+00
-2.167745149753284029e+00
-2.167745153168455730e+00
-2.167745156601092127e+00
-2.167745160016519623e+00
-2.167745163449416701e+00
-2.167745166865104878e+00
-2.167745170298263080e+00
-2.167745173714210161e+00
-2.167745177130286471e+00
-2.167745180563832808e+00
-2.167745183980169799e+00
-2.167745187396634687e+00
-2.167745190830573598e+00
-2.167745194247297835e+00
-2.167745197664151302e+00
-2.167745201081133555e+00
-2.167745204515591606e+00
-2.167745207932834983e+00
-2.167745211350208034e+00
-2.167745214767708539e+00
-2.167745218185340050e+00
-2.167745221603100791e+00
-2.167745225020990318e+00
-2.167745228439009075e+00
-2.167745231857158394e+00
-2.167745235275436055e+00
-2.167745238693844723e+00
-2.167745242112381732e+00
-2.167745245531048859e+00
-2.167745248949845216e+00
-2.167745252368770359e+00
-2.167745255787826952e+00
-2.167745259207012332e+00
-2.167745262608969714e+00
-2.167745266028413109e+00
-2.167745269447987955e+00
-2.167745272867689810e+00
-2.167745276270164112e+00
-2.167745279690126203e+00
-2.167745283110217525e+00
-2.167745286513078184e+00
-2.167745289933427078e+00
-2.167745293336545309e+00
-2.167745296757155327e+00
-2.167745300177894130e+00
-2.167745303581399163e+00
-2.167745307002397315e+00
-2.167745310406158588e+00
-2.167745313810049090e+00
-2.167745317231436264e+00
-2.167745320635584783e+00
-2.167745324057231304e+00
-2.167745327461636506e+00
-2.167745330866171827e+00
-2.167745334288206038e+00
-2.167745337692998930e+00
-2.167745341097920608e+00
-2.167745344502971072e+00
-2.167745347908148545e+00
-2.167745351330830683e+00
-2.167745354736268837e+00
-2.167745358141834444e+00
-2.167745361547529725e+00
-2.167745364953353349e+00
-2.167745368359305314e+00
-2.167745371765385620e+00
-2.167745375171594713e+00
-2.167745378577934812e+00
-2.167745381984401920e+00
-2.167745385390999147e+00
-2.167745388797723383e+00
-2.167745392204578625e+00
-2.167745395611561321e+00
-2.167745399018674135e+00
-2.167745402408530531e+00
-2.167745405815900916e+00
-2.167745409223399644e+00
-2.167745412631027158e+00
-2.167745416021396032e+00
-2.167745419429280229e+00
-2.167745422837295877e+00
-2.167745426228049332e+00
-2.167745429636321219e+00
-2.167745433044721892e+00
-2.167745436435861262e+00
-2.167745439844519062e+00
-2.167745443235913783e+00
-2.167745446644829599e+00
-2.167745450036481891e+00
-2.167745453445653947e+00
-2.167745456837563811e+00
-2.167745460246994327e+00
-2.167745463639159986e+00
-2.167745467031451767e+00
-2.167745470441269529e+00
-2.167745473833817549e+00
-2.167745477226495687e+00
-2.167745480636701583e+00
-2.167745484029633740e+00
-2.167745487422696460e+00
-2.167745490815885745e+00
-2.167745494226605452e+00
-2.167745497620052308e+00
-2.167745501013627951e+00
-2.167745504407331048e+00
-2.167745507801162042e+00
-2.167745511195121377e+00
-2.167745514589207723e+00
-2.167745517983424186e+00
-2.167745521377767659e+00
-2.167745524772240806e+00
-2.167745528166840074e+00
-2.167745531561568573e+00
-2.167745534956424525e+00
-2.167745538351411039e+00
-2.167745541746524562e+00
-2.167745545141765540e+00
-2.167745548519723009e+00
-2.167745551915221114e+00
-2.167745555310845784e+00
-2.167745558706601461e+00
-2.167745562085067856e+00
-2.167745565481078884e+00
-2.167745568877217366e+00
-2.167745572256068343e+00
-2.167745575652462620e+00
-2.167745579048986571e+00
-2.167745582428219020e+00
-2.167745585824999655e+00
-2.167745589204487011e+00
-2.167745592601522553e+00
-2.167745595981267037e+00
-2.167745599378558374e+00
-2.167745602758556878e+00
-2.167745606138682390e+00
-2.167745609536358753e+00
-2.167745612916740505e+00
-2.167745616314673995e+00
-2.167745619695308879e+00
-2.167745623076073436e+00
-2.167745626456964558e+00
-2.167745629855410527e+00
-2.167745633236556113e+00
-2.167745636617830041e+00
-2.167745639999230978e+00
-2.167745643380758924e+00
-2.167745646779845714e+00
-2.167745650161631676e+00
-2.167745653543541540e+00
-2.167745656925580633e+00
-2.167745660307746736e+00
-2.167745663690041180e+00
-2.167745667072463078e+00
-2.167745670455011542e+00
-2.167745673837688347e+00
-2.167745677220492606e+00
-2.167745680603424763e+00
-2.167745683969044990e+00
-2.167745687352231165e+00
-2.167745690735545683e+00
-2.167745694118987654e+00
-2.167745697502557523e+00
-2.167745700868812353e+00
-2.167745704252635353e+00
-2.167745707636588470e+00
-2.167745711020668153e+00
-2.167745714387430578e+00
-2.167745717771764724e+00
-2.167745721138782056e+00
-2.167745724523370221e+00
-2.167745727908088060e+00
-2.167745731275485976e+00
-2.167745734660456947e+00
-2.167745738028108882e+00
-2.167745741413335647e+00
-2.167745744781240713e+00
-2.167745748149271900e+00
-2.167745751534881915e+00
-2.167745754903166233e+00
-2.167745758289031599e+00
-2.167745761657570824e+00
-2.167745765026236615e+00
-2.167745768412483454e+00
-2.167745771781404152e+00
-2.167745775150451859e+00
-2.167745778519624356e+00
-2.167745781888923862e+00
-2.167745785275809300e+00
-2.167745788645363714e+00
-2.167745792015044248e+00
-2.167745795384853125e+00
-2.167745798754787234e+00
-2.167745802124848353e+00
-2.167745805495037814e+00
-2.167745808865352952e+00
-2.167745812235794656e+00
-2.167745815606364257e+00
-2.167745818977059535e+00
-2.167745822347883156e+00
-2.167745825718832897e+00
-2.167745829089908760e+00
-2.167745832461112965e+00
-2.167745835814976374e+00
-2.167745839186432377e+00
-2.167745842558017166e+00
-2.167745845929728077e+00
-2.167745849301565997e+00
-2.167745852656060457e+00
-2.167745856028151508e+00
-2.167745859400370900e+00
-2.167745862755242836e+00
-2.167745866127714915e+00
-2.167745869482839538e+00
-2.167745872855565636e+00
-2.167745876228420077e+00
-2.167745879583923063e+00
-2.167745882957029746e+00
-2.167745886312785863e+00
-2.167745889668667658e+00
-2.167745893042154925e+00
-2.167745896398290295e+00
-2.167745899772030693e+00
-2.167745903128418306e+00
-2.167745906484930707e+00
-2.167745909859052134e+00
-2.167745913215818554e+00
-2.167745916572710652e+00
-2.167745919947212663e+00
-2.167745923304357447e+00
-2.167745926661627909e+00
-2.167745930019023604e+00
