2.922411521039436008e-02
4.088685821423895250e-01
8.007725603986542984e-01
1.116116384200616096e+00
1.365861682063045146e+00
1.564935040591115545e+00
1.723827744659549577e+00
1.848579260520897050e+00
1.943863795230200919e+00
2.014785326353069284e+00
2.066687548353687731e+00
2.104443241641076767e+00
2.132038123423760201e+00
2.152505245389530586e+00
2.168048317495716582e+00
2.180221847967509952e+00
2.190101676091020799e+00
2.198422996787054995e+00
2.205683753442467587e+00
2.212218841636289568e+00
2.218252056362320257e+00
2.223931928321844609e+00
2.229356232630508750e+00
2.234588665232409621e+00
2.239670155053036904e+00
2.244626521145784093e+00
2.249473645783154563e+00
2.254220961056601968e+00
2.258873790803788584e+00
2.263434915687321691e+00
2.267905611241566977e+00
2.272286328727512572e+00
2.276577134401850611e+00
2.280777985971080390e+00
2.284888899937754569e+00
2.288910046453737301e+00
2.292841796616669203e+00
2.296684739154536192e+00
2.300439677964355667e+00
2.304107618217625220e+00
2.307689746167927769e+00
2.311187406037418235e+00
2.314602076152719956e+00
2.317935345684845938e+00
2.321188892795290393e+00
2.324364464622040938e+00
2.327463859296218462e+00
2.330488910024152815e+00
2.333441471171914028e+00
2.336323406231994415e+00
2.339136577522324956e+00
2.341882837451285226e+00
2.344564021186745784e+00
2.347181940565666647e+00
2.349738379096153462e+00
2.352235087912271094e+00
2.354673782555722461e+00
2.357056140472809425e+00
2.359383799124503245e+00
2.361658354620536304e+00
2.363881360801706855e+00
2.366054328699137788e+00
2.368178726312782700e+00
2.370255978656256257e+00
2.372287468023970725e+00
2.374274534441279005e+00
2.376218476264379209e+00
2.378120550901829944e+00
2.379981975632006197e+00
2.381803928496889267e+00
2.383587549253748605e+00
2.385333940368996597e+00
2.387044168041431380e+00
2.388719263246027680e+00
2.390360222785454791e+00
2.391968010346215756e+00
2.393543557547907152e+00
2.395087764985898815e+00
2.396601503258332322e+00
2.398085613977428476e+00
2.399540910760323165e+00
2.400968180197221802e+00
2.402368182797450125e+00
2.403741653909486686e+00
2.405089304614548951e+00
2.406411822595409866e+00
2.407709872976990351e+00
2.408984099140469404e+00
2.410235123510688471e+00
2.411463548316469918e+00
2.412669956325704135e+00
2.413854911552772098e+00
2.415018959941900079e+00
2.416162630024738522e+00
2.417286433555553504e+00
2.418390866120248894e+00
2.419476407724224121e+00
2.420543523356403881e+00
2.421592663535156564e+00
2.422624264828535878e+00
2.423638750359024652e+00
2.424636530285005254e+00
2.425618002266154871e+00
2.426583551910947545e+00
2.427533553203574446e+00
2.428468368917963360e+00
2.429388351014572400e+00
2.430293841019118162e+00
2.431185170391468642e+00
2.432062660875497606e+00
2.432926624837737695e+00
2.433777365593134512e+00
2.434615177716899836e+00
2.435440347343765133e+00
2.436253152459255666e+00
2.437053863175211887e+00
2.437842741996604001e+00
2.438620044079943039e+00
2.439386017478699209e+00
2.440140903380604520e+00
2.440884936337407218e+00
2.441618344483382774e+00
2.442341349746395718e+00
2.443054168053383712e+00
2.443757009523618962e+00
2.444450078659181180e+00
2.445133574525315101e+00
2.445807690926387501e+00
2.446472616572699987e+00
2.447128535242656167e+00
2.447775625940648236e+00
2.448414063045418754e+00
2.449044016456604300e+00
2.449665651733195393e+00
2.450279130228703028e+00
2.450884609221382515e+00
2.451482242037856807e+00
2.452072178177119088e+00
2.452654563423076972e+00
2.453229539958899696e+00
2.453797246475566407e+00
2.454357818275556991e+00
2.454911387374856258e+00
2.455458082598771519e+00
2.455998029677062711e+00
2.456531351335641933e+00
2.457058167382518921e+00
2.457578594792803717e+00
2.458092747792330890e+00
2.458600737933968272e+00
2.459102674177201742e+00
2.459598662958520698e+00
2.460088808266240434e+00
2.460573211706632346e+00
2.461051972573043756e+00
2.461525187908750301e+00
2.461992952570332349e+00
2.462455359287443635e+00
2.462912498721898213e+00
2.463364459523706973e+00
2.463811328387710997e+00
2.464253190102397628e+00
2.464690127604952430e+00
2.465122222031225885e+00
2.465549552759958019e+00
2.465972197463935256e+00
2.466390232152098072e+00
2.466803731214068485e+00
2.467212767462974021e+00
2.467617412176896341e+00
2.468017735137872481e+00
2.468413804670088307e+00
2.468805687678293559e+00
2.469193449684838892e+00
2.469577154862368396e+00
2.469956866070537771e+00
2.470332644886514828e+00
2.470704551641118574e+00
2.471072645444766902e+00
2.471436984222078248e+00
2.471797624740617927e+00
2.472154622636185906e+00
2.472508032444979520e+00
2.472857907627056928e+00
2.473204300594235683e+00
2.473547262733816421e+00
2.473886844437246157e+00
2.474223095118438298e+00
2.474556063240354931e+00
2.474885796337482624e+00
2.475212341037611896e+00
2.475535743082829310e+00
2.475856047350294631e+00
2.476173297871218093e+00
2.476487537854737742e+00
2.476798809700608395e+00
2.477107155024248719e+00
2.477412614669521229e+00
2.477715228729158170e+00
2.478015036562739137e+00
2.478312076810487152e+00
2.478606387409835410e+00
2.478898005613982214e+00
2.479186968004404523e+00
2.479473310507558814e+00
2.479757068406895915e+00
2.480038276360635230e+00
2.480316968413083689e+00
2.480593178008296817e+00
2.480866938002833422e+00
2.481138280679986874e+00
2.481407237762165430e+00
2.481673840419591048e+00
2.481938119288773059e+00
2.482200104474527880e+00
2.482459825571925904e+00
2.482717311667290705e+00
2.482972591354899450e+00
2.483225692748004754e+00
2.483476643483988333e+00
2.483725470736609431e+00
2.483972201228519250e+00
2.484216861235012175e+00
2.484459476599416128e+00
2.484700072736957033e+00
2.484938674644854295e+00
2.485175306912430049e+00
2.485409993727575095e+00
2.485642758885832304e+00
2.485873625798465270e+00
2.486102617499498457e+00
2.486329756651586287e+00
2.486555065559203914e+00
2.486778566166659932e+00
2.487000280074559644e+00
2.487220228540087508e+00
2.487438432487322437e+00
2.487654912510604444e+00
2.487869688884240205e+00
2.488082781567066970e+00
2.488294210207565804e+00
2.488503994151478604e+00
2.488712152447057679e+00
2.488918703850854008e+00
2.489123666833019222e+00
2.489327059582124413e+00
2.489528900012444979e+00
2.489729205766757048e+00
2.489927994221542651e+00
2.490125282495709857e+00
2.490321087450658943e+00
2.490515425697830132e+00
2.490708313599524715e+00
2.490899767281415933e+00
2.491089802627996619e+00
2.491278435291727433e+00
2.491465680697467544e+00
2.491651554044079564e+00
2.491836070311638007e+00
2.492019244261608701e+00
2.492201090444725153e+00
2.492381623201814556e+00
2.492560856668065483e+00
2.492738804779793149e+00
2.492915481271813061e+00
2.493090899686931650e+00
2.493265073377119556e+00
2.493438015504903404e+00
2.493609739049396978e+00
2.493780256809329909e+00
2.493949581404101057e+00
2.494117725278389042e+00
2.494284700704795465e+00
2.494450519788954157e+00
2.494615194467038943e+00
2.494778736514676076e+00
2.494941157545991661e+00
2.495102469017359770e+00
2.495262682227915807e+00
2.495421808329466806e+00
2.495579858318237587e+00
2.495736843046312714e+00
2.495892773220644845e+00
2.496047659403332286e+00
2.496201512019085467e+00
2.496354341352355899e+00
2.496506157553993077e+00
2.496656970639853590e+00
2.496806790494249029e+00
2.496955626874791445e+00
2.497103489409021826e+00
2.497250387601941846e+00
2.497396330832903466e+00
2.497541328364687008e+00
2.497685389335795758e+00
2.497828522772254978e+00
2.497970737581352019e+00
2.498112042557630197e+00
2.498252446386656445e+00
2.498391957640222039e+00
2.498530584785280340e+00
2.498668336179348692e+00
2.498805220077233713e+00
2.498941244631647685e+00
2.499076417890122581e+00
2.499210747802098176e+00
2.499344242219857737e+00
2.499476908896987926e+00
2.499608755492012779e+00
2.499739789570894377e+00
2.499870018603156385e+00
2.499999449972306387e+00
2.500128090969565342e+00
2.500255948795399252e+00
2.500383030568997356e+00
2.500509343316950073e+00
2.500634893988158858e+00
2.500759689442617173e+00
2.500883736461266604e+00
2.501007041744135240e+00
2.501129611912466189e+00
2.501251453505595634e+00
2.501372572988586285e+00
2.501492976750605113e+00
2.501612671106020702e+00
2.501731662291489133e+00
2.501849956475314940e+00
2.501967559753359271e+00
2.502084478147628133e+00
2.502200717614548431e+00
2.502316284039616257e+00
2.502431183240292789e+00
2.502545420967622114e+00
2.502659002907906327e+00
2.502771934683055477e+00
2.502884221846753299e+00
2.502995869896128767e+00
2.503106884261006471e+00
2.503217270312896758e+00
2.503327033359927345e+00
2.503436178653149824e+00
2.503544711385840227e+00
2.503652636689918332e+00
2.503759959643908850e+00
2.503866685266562087e+00
2.503972818523502397e+00
2.504078364323796713e+00
2.504183327523816782e+00
2.504287712928262799e+00
2.504391525285340592e+00
2.504494769293694301e+00
2.504597449600614478e+00
2.504699570801702802e+00
2.504801137446544868e+00
2.504902154032532913e+00
2.505002625007605399e+00
2.505102554774560897e+00
2.505201947686424457e+00
2.505300808053864792e+00
2.505399140137571035e+00
2.505496948154248837e+00
2.505594236276591058e+00
2.505691008631788286e+00
2.505787269306144704e+00
2.505883022339020716e+00
2.505978271732145490e+00
2.506073021440506476e+00
2.506167275381764536e+00
2.506261037430249417e+00
2.506354311421821190e+00
2.506447101152559753e+00
2.506539410375882238e+00
2.506631242812233928e+00
2.506722602139997758e+00
2.506813492002113897e+00
2.506903916000114307e+00
2.506993877704013052e+00
2.507083380643193138e+00
2.507172428314800250e+00
2.507261024179415543e+00
2.507349171661521048e+00
2.507436874151600215e+00
2.507524135006665933e+00
2.507610957549183617e+00
2.507697345070891704e+00
2.507783300825235706e+00
2.507868828041030618e+00
2.507953929910028190e+00
2.508038609590801826e+00
2.508122870216004330e+00
2.508206714883177035e+00
2.508290146660391962e+00
2.508373168588648561e+00
2.508455783675984652e+00
2.508537994899864287e+00
2.508619805212990883e+00
2.508701217537418149e+00
2.508782234763656138e+00
2.508862859761627373e+00
2.508943095368028509e+00
2.509022944390531862e+00
2.509102409617191665e+00
2.509181493803748442e+00
2.509260199679617553e+00
2.509338529952276353e+00
2.509416487297912557e+00
2.509494074372710326e+00
2.509571293805216374e+00
2.509648148197321404e+00
2.509724640130477802e+00
2.509800772159795912e+00
2.509876546815047682e+00
2.509951966605243001e+00
2.510027034014448155e+00
2.510101751502853862e+00
2.510176121507875280e+00
2.510250146448821607e+00
2.510323828715621985e+00
2.510397170682377777e+00
2.510470174696074253e+00
2.510542843084871745e+00
2.510615178157513228e+00
2.510687182199156098e+00
2.510758857472542349e+00
2.510830206222834704e+00
2.510901230675261164e+00
2.510971933032730696e+00
2.511042315477059805e+00
2.511112380175742231e+00
2.511182129270452812e+00
2.511251564889298127e+00
2.511320689137159334e+00
2.511389504100632664e+00
2.511458011851254835e+00
2.511526214437584503e+00
2.511594113893976576e+00
2.511661712232645449e+00
2.511729011450636762e+00
2.511796013527476834e+00
2.511862720426605744e+00
2.511929134089247562e+00
2.511995256445239910e+00
2.512061089405059899e+00
2.512126634859348950e+00
2.512191894689855598e+00
2.512256870755727789e+00
2.512321564902565196e+00
2.512385978958198152e+00
2.512450114738006945e+00
2.512513974036840292e+00
2.512577558640137987e+00
2.512640870311981800e+00
2.512703910806263430e+00
2.512766681860524098e+00
2.512829185193590220e+00
2.512891422516883022e+00
2.512953395522354416e+00
2.513015105885999301e+00
2.513076555275333579e+00
2.513137745339228957e+00
2.513198677717403573e+00
2.513259354028212655e+00
2.513319775884112151e+00
2.513379944881455330e+00
2.513439862600101105e+00
2.513499530611062571e+00
2.513558950470201836e+00
2.513618123721898190e+00
2.513677051896727299e+00
2.513735736513149632e+00
2.513794179075176771e+00
2.513852381076095988e+00
2.513910343998185137e+00
2.513968069310372311e+00
2.514025558469986876e+00
2.514082812918355447e+00
2.514139834092783410e+00
2.514196623414007625e+00
2.514253182292051303e+00
2.514309512123875656e+00
2.514365614297232820e+00
2.514421490190401176e+00
2.514477141167790641e+00
2.514532568581719474e+00
2.514587773778404145e+00
2.514642758089381758e+00
2.514697522835398047e+00
2.514752069328261896e+00
2.514806398870601534e+00
2.514860512751416977e+00
2.514914412252139631e+00
2.514968098644299488e+00
2.515021573187167014e+00
2.515074837129620100e+00
2.515127891716300468e+00
2.515180738174629838e+00
2.515233377727337682e+00
2.515285811585862064e+00
2.515338040952256993e+00
2.515390067021123777e+00
2.515441890975103068e+00
2.515493513988953378e+00
2.515544937229356570e+00
2.515596161850369938e+00
2.515647189001899875e+00
2.515698019820806319e+00
2.515748655439417725e+00
2.515799096978792893e+00
2.515849345550689176e+00
2.515899402259573758e+00
2.515949268200226019e+00
2.515998944464172382e+00
2.516048432128470402e+00
2.516097732264344078e+00
2.516146845934790210e+00
2.516195774194410983e+00
2.516244518091445226e+00
2.516293078667620087e+00
2.516341456949017896e+00
2.516389653963796214e+00
2.516437670726355158e+00
2.516485508243878844e+00
2.516533167520687897e+00
2.516580649549064574e+00
2.516627955315847487e+00
2.516675085797746458e+00
2.516722041970264279e+00
2.516768824793901960e+00
2.516815435229939446e+00
2.516861874226604900e+00
2.516908142725751141e+00
2.516954241669618675e+00
2.517000171982307855e+00
2.517045934588006517e+00
2.517091530406281308e+00
2.517136960342671426e+00
2.517182225302418974e+00
2.517227326181092018e+00
2.517272263869047677e+00
2.517317039249004296e+00
2.517361653200552496e+00
2.517406106590677872e+00
2.517450400287667200e+00
2.517494535149274348e+00
2.517538512024911412e+00
2.517582331764949721e+00
2.517625995206450362e+00
2.517669503187208058e+00
2.517712856529046750e+00
2.517756056061421610e+00
2.517799102597559013e+00
2.517841996948583017e+00
2.517884739918642367e+00
2.517927332309578325e+00
2.517969774913625614e+00
2.518012068520489866e+00
2.518054213910013939e+00
2.518096211861708067e+00
2.518138063147407735e+00
2.518179768533574503e+00
2.518221328781185431e+00
2.518262744645621609e+00
2.518304016879004070e+00
2.518345146225211550e+00
2.518386133424643791e+00
2.518426979211689343e+00
2.518467684319520394e+00
2.518508249470185589e+00
2.518548675386778957e+00
2.518588962781045826e+00
2.518629112365602385e+00
2.518669124846454999e+00
2.518709000922874974e+00
2.518748741289794868e+00
2.518788346642684584e+00
2.518827817662530499e+00
2.518867155035676930e+00
2.518906359436262843e+00
2.518945431541147251e+00
2.518984372012254891e+00
2.519023181519110643e+00
2.519061860718621482e+00
2.519100410265056933e+00
2.519138830809982021e+00
2.519177122997094731e+00
2.519215287472306830e+00
2.519253324868401478e+00
2.519291235822769259e+00
2.519329020964598875e+00
2.519366680914764345e+00
2.519404216295985766e+00
2.519441627727655675e+00
2.519478915818027964e+00
2.519516081179577593e+00
2.519553124416064271e+00
2.519590046124997595e+00
2.519626846907940365e+00
2.519663527352283605e+00
2.519700088051935793e+00
2.519736529589066354e+00
2.519772852547041975e+00
2.519809057499917682e+00
2.519845145025438438e+00
2.519881115694519558e+00
2.519916970068515560e+00
2.519952708712294154e+00
2.519988332186298585e+00
2.520023841046475699e+00
2.520059235844198220e+00
2.520094517126196365e+00
2.520129685437134004e+00
2.520164741322235002e+00
2.520199685316559357e+00
2.520234517955594278e+00
2.520269239769850955e+00
2.520303851287488683e+00
2.520338353034250467e+00
2.520372745528026037e+00
2.520407029292246470e+00
2.520441204834274807e+00
2.520475272669602251e+00
2.520509233308330099e+00
2.520543087249659031e+00
2.520576835000810867e+00
2.520610477057989574e+00
2.520644013917180182e+00
2.520677446071377670e+00
2.520710774007802080e+00
2.520743998213291093e+00
2.520777119174290704e+00
2.520810137368549420e+00
2.520843053270535705e+00
2.520875867362429190e+00
2.520908580106496988e+00
2.520941191978147700e+00
2.520973703441036662e+00
2.521006114958058930e+00
2.521038426988535086e+00
2.521070639988151729e+00
2.521102754414497937e+00
2.521134770715853346e+00
2.521166689345108569e+00
2.521198510745736421e+00
2.521230235360127026e+00
2.521261863629551847e+00
2.521293395994130382e+00
2.521324832887148926e+00
2.521356174743463185e+00
2.521387421990992195e+00
2.521418575059148459e+00
2.521449634370298121e+00
2.521480600348226186e+00
2.521511473415272153e+00
2.521542253983719117e+00
2.521572942472865897e+00
2.521603539291863427e+00
2.521634044853960255e+00
2.521664459565015726e+00
2.521694783829176778e+00
2.521725018051726774e+00
2.521755162627523639e+00
2.521785217961137526e+00
2.521815184446633662e+00
2.521845062473263344e+00
2.521874852434132563e+00
2.521904554720384439e+00
2.521934169715335905e+00
2.521963697803152549e+00
2.521993139368837955e+00
2.522022494786502200e+00
2.522051764439799726e+00
2.522080948698460112e+00
2.522110047938782351e+00
2.522139062531864262e+00
2.522167992843544315e+00
2.522196839240256061e+00
2.522225602089018359e+00
2.522254281754449323e+00
2.522282878589818811e+00
2.522311392957777620e+00
2.522339825215497378e+00
2.522368175714622573e+00
2.522396444804194893e+00
2.522424632842595216e+00
2.522452740170603835e+00
2.522480767135279578e+00
2.522508714083973924e+00
2.522536581355278695e+00
2.522564369291012021e+00
2.522592078227159362e+00
2.522619708505916769e+00
2.522647260454507823e+00
2.522674734409341646e+00
2.522702130700859247e+00
2.522729449656516021e+00
2.522756691603802448e+00
2.522783856867164776e+00
2.522810945767973489e+00
2.522837958633668443e+00
2.522864895779389549e+00
2.522891757523226808e+00
2.522918544180072331e+00
2.522945256067746556e+00
2.522971893497750528e+00
2.522998456778290155e+00
2.523024946220425502e+00
2.523051362131889519e+00
2.523077704817035194e+00
2.523103974579913533e+00
2.523130171721147619e+00
2.523156296547228283e+00
2.523182349351836162e+00
2.523208330434476565e+00
2.523234240087988578e+00
2.523260078607887369e+00
2.523285846289238243e+00
2.523311543420343916e+00
2.523337170292129450e+00
2.523362727188691146e+00
2.523388214399862939e+00
2.523413632208599822e+00
2.523438980897242612e+00
2.523464260750684751e+00
2.523489472043651816e+00
2.523514615059726296e+00
2.523539690069085850e+00
2.523564697353913644e+00
2.523589637186121060e+00
2.523614509836852093e+00
2.523639315576467368e+00
2.523664054677729585e+00
2.523688727406190324e+00
2.523713334029750399e+00
2.523737874812246762e+00
2.523762350019847389e+00
2.523786759911375466e+00
2.523811104751184864e+00
2.523835384796218939e+00
2.523859600308945517e+00
2.523883751541116105e+00
2.523907838749968491e+00
2.523931862191721720e+00
2.523955822118306713e+00
2.523979718777320969e+00
2.524003552425077679e+00
2.524027323306992532e+00
2.524051031670627943e+00
2.524074677762410346e+00
2.524098261827607548e+00
2.524121784110317179e+00
2.524145244853444048e+00
2.524168644295381903e+00
2.524191982676584622e+00
2.524215260239573322e+00
2.524238477215676291e+00
2.524261633848185138e+00
2.524284730365822682e+00
2.524307767005950609e+00
2.524330743997941884e+00
2.524353661576472785e+00
2.524376519968176247e+00
2.524399319404970754e+00
2.524422060114031474e+00
2.524444742317745849e+00
2.524467366247116651e+00
2.524489932124991398e+00
2.524512440172723693e+00
2.524534890613543858e+00
2.524557283669174979e+00
2.524579619556434729e+00
2.524601898497358832e+00
2.524624120705644792e+00
2.524646286400203721e+00
2.524668395794950282e+00
2.524690449105596812e+00
2.524712446546231615e+00
2.524734388325894585e+00
2.524756274655369115e+00
2.524778105743762158e+00
2.524799881805354751e+00
2.524821603042434859e+00
2.524843269665868917e+00
2.524864881877912914e+00
2.524886439882504163e+00
2.524907943888713202e+00
2.524929394093484714e+00
2.524950790698857972e+00
2.524972133908527816e+00
2.524993423924379421e+00
2.525014660936032218e+00
2.525035845148612346e+00
2.525056976754948224e+00
2.525078055952942435e+00
2.525099082938609740e+00
2.525120057899052028e+00
2.525140981036924526e+00
2.525161852535450890e+00
2.525182672586379518e+00
2.525203441386528080e+00
2.525224159116674194e+00
2.525244825969653384e+00
2.525265442132776705e+00
2.525286007787792109e+00
2.525306523128537872e+00
2.525326988329113398e+00
2.525347403579238481e+00
2.525367769059471357e+00
2.525388084951817547e+00
2.525408351439731192e+00
2.525428568700989196e+00
2.525448736914783776e+00
2.525468856258154648e+00
2.525488926909553289e+00
2.525508949045250251e+00
2.525528922839323176e+00
2.525548848470824836e+00
2.525568726109410633e+00
2.525588555933291346e+00
2.525608338107633521e+00
2.525628072809761981e+00
2.525647760211136905e+00
2.525667400473698088e+00
2.525686993775180245e+00
2.525706540280161505e+00
2.525726040154508301e+00
2.525745493565390465e+00
2.525764900681276348e+00
2.525784261664638652e+00
2.525803576682872365e+00
2.525822845893688662e+00
2.525842069467021389e+00
2.525861247559432865e+00
2.525880380332382824e+00
2.525899467948570454e+00
2.525918510564586938e+00
2.525937508345603710e+00
2.525956461443286116e+00
2.525975370017871757e+00
2.525994234223416512e+00
2.526013054222574716e+00
2.526031830160684333e+00
2.526050562199067873e+00
2.526069250492831486e+00
2.526087895190810340e+00
2.526106496442980465e+00
2.526125054407935000e+00
2.526143569234239994e+00
2.526162041067851582e+00
2.526180470063335903e+00
2.526198856365163614e+00
2.526217200126416706e+00
2.526235501490043500e+00
2.526253760607604537e+00
2.526271977620489384e+00
2.526290152678704715e+00
2.526308285922038266e+00
2.526326377495121456e+00
2.526344427547456473e+00
2.526362436214478091e+00
2.526380403640245742e+00
2.526398329969894441e+00
2.526416215342010219e+00
2.526434059896223605e+00
2.526451863769386463e+00
2.526469627107015725e+00
2.526487350040392155e+00
2.526505032713274090e+00
2.526522675258965567e+00
2.526540277815605862e+00
2.526557840514668918e+00
2.526575363496291082e+00
2.526592846893934929e+00
2.526610290842040918e+00
2.526627695472181578e+00
2.526645060916894892e+00
2.526662387313558966e+00
2.526679674785049734e+00
2.526696923466798417e+00
2.526714133491332337e+00
2.526731304984359827e+00
2.526748438080301362e+00
2.526765532902856215e+00
2.526782589580526928e+00
2.526799608242755735e+00
2.526816589016000592e+00
2.526833532027641382e+00
2.526850437402052840e+00
2.526867305260593000e+00
2.526884135737279991e+00
2.526900928947418468e+00
2.526917685018974957e+00
2.526934404076877971e+00
2.526951086235113664e+00
2.526967731628257496e+00
2.526984340368087167e+00
2.527000912575120939e+00
2.527017448378669151e+00
2.527033947889095522e+00
2.527050411229496696e+00
2.527066838519855807e+00
2.527083229877022941e+00
2.527099585414695149e+00
2.527115905259359252e+00
2.527132189522391492e+00
2.527148438319969159e+00
2.527164651765085424e+00
2.527180829979558396e+00
2.527196973073998265e+00
2.527213081159817687e+00
2.527229154357252483e+00
2.527245192775291471e+00
2.527261196527725851e+00
2.527277165725111185e+00
2.527293100482815191e+00
2.527309000912960180e+00
2.527324867120351204e+00
2.527340699218640019e+00
2.527356497314154460e+00
2.527372261526153796e+00
2.527387991950294843e+00
2.527403688707368090e+00
2.527419351898583688e+00
2.527434981629948840e+00
2.527450578012298887e+00
2.527466141153128731e+00
2.527481671156583065e+00
2.527497168123429283e+00
2.527512632171548645e+00
2.527528063390848789e+00
2.527543461896573973e+00
2.527558827788252582e+00
2.527574161170231815e+00
2.527589462147570742e+00
2.527604730817779810e+00
2.527619967287316527e+00
2.527635171655077784e+00
2.527650344024780171e+00
2.527665484496697257e+00
2.527680593171779400e+00
2.527695670147504181e+00
2.527710715526185759e+00
2.527725729406648192e+00
2.527740711888389669e+00
2.527755663067400960e+00
2.527770583040327423e+00
2.527785471912842752e+00
2.527800329770355514e+00
2.527815156719856127e+00
2.527829952852233220e+00
2.527844718263194235e+00
2.527859453053310723e+00
2.527874157311162051e+00
2.527888831138599190e+00
2.527903474621244317e+00
2.527918087862219387e+00
2.527932670948386029e+00
2.527947223975670621e+00
2.527961747036396645e+00
2.527976240223496429e+00
2.527990703630523139e+00
2.528005137343131814e+00
2.528019541460342801e+00
2.528033916069016840e+00
2.528048261260872120e+00
2.528062577123952437e+00
2.528076863751165249e+00
2.528091121231745397e+00
2.528105349651223577e+00
2.528119549099992369e+00
2.528133719669040325e+00
2.528147861445639855e+00
2.528161974513333021e+00
2.528176058960530881e+00
2.528190114880533912e+00
2.528204142354275596e+00
2.528218141467562852e+00
2.528232112311083135e+00
2.528246054963108502e+00
2.528259969515448180e+00
2.528273856047468016e+00
2.528287714652101226e+00
2.528301545401106409e+00
2.528315348388516348e+00
2.528329123695867597e+00
2.528342871405225623e+00
2.528356591599193237e+00
2.528370284356526554e+00
2.528383949765262706e+00
2.528397587905215183e+00
2.528411198861111764e+00
2.528424782705036122e+00
2.528438339527142809e+00
2.528451869404940489e+00
2.528465372420845458e+00
2.528478848648973099e+00
2.528492298172760222e+00
2.528505721067324963e+00
2.528519117421545559e+00
2.528532487302701526e+00
2.528545830796260052e+00
2.528559147979338118e+00
2.528572438925100307e+00
2.528585703716082378e+00
2.528598942430879681e+00
2.528612155139667195e+00
2.528625341926461267e+00
2.528638502857932124e+00
2.528651638019068226e+00
2.528664747481953690e+00
2.528677831319130043e+00
2.528690889612573933e+00
2.528703922431290607e+00
2.528716929849228467e+00
2.528729911945296838e+00
2.528742868789882081e+00
2.528755800458328817e+00
2.528768707021934237e+00
2.528781588556965332e+00
2.528794445131111068e+00
2.528807276821547489e+00
2.528820083696857957e+00
2.528832865830598742e+00
2.528845623296771983e+00
2.528858356165299526e+00
2.528871064501987398e+00
2.528883748386713037e+00
2.528896407881608965e+00
2.528909043062888884e+00
2.528921653998092989e+00
2.528934240755185137e+00
2.528946803407122967e+00
2.528959342022728762e+00
2.528971856666664575e+00
2.528984347413172351e+00
2.528996814327755693e+00
2.529009257476322770e+00
2.529021676929795959e+00
2.529034072759512863e+00
2.529046445023427125e+00
2.529058793798306226e+00
2.529071119142899171e+00
2.529083421130194687e+00
2.529095699819733589e+00
2.529107955285324394e+00
2.529120187587298840e+00
2.529132396791007764e+00
2.529144582966845967e+00
2.529156746176318027e+00
2.529168886485965828e+00
2.529181003958067997e+00
2.529193098659949790e+00
2.529205170649996948e+00
2.529217219996305666e+00
2.529229246767374484e+00
2.529241251018054193e+00
2.529253232812914920e+00
2.529265192216914038e+00
2.529277129295393500e+00
2.529289044109379603e+00
2.529300936715555892e+00
2.529312807185095213e+00
2.529324655570712732e+00
2.529336481939611581e+00
2.529348286354663244e+00
2.529360068869653588e+00
2.529371829552899520e+00
2.529383568458896114e+00
2.529395285651959036e+00
2.529406981192032333e+00
2.529418655134657357e+00
2.529430307549991763e+00
2.529441938484771946e+00
2.529453548009870545e+00
2.529465136172699413e+00
2.529476703044851060e+00
2.529488248674414130e+00
2.529499773124137540e+00
2.529511276452333313e+00
2.529522758712869912e+00
2.529534219974330700e+00
2.529545660281666830e+00
2.529557079699346289e+00
2.529568478282575139e+00
2.529579856091704215e+00
2.529591213177788234e+00
2.529602549601839723e+00
2.529613865415558216e+00
2.529625160680622820e+00
2.529636435449383214e+00
2.529647689779340958e+00
2.529658923723482111e+00
2.529670137339956160e+00
2.529681330682385543e+00
2.529692503804708892e+00
2.529703656761175701e+00
2.529714789611221981e+00
2.529725902409741156e+00
2.529736995202181760e+00
2.529748068048922605e+00
2.529759121000903832e+00
2.529770154114252101e+00
2.529781167440517287e+00
2.529792161036447773e+00
2.529803134949298649e+00
2.529814089236427144e+00
2.529825023945679874e+00
2.529835939135024248e+00
2.529846834852900628e+00
2.529857711152962541e+00
2.529868568084226332e+00
2.529879405700938833e+00
2.529890224057647075e+00
2.529901023204252919e+00
2.529911803185993069e+00
2.529922564058286305e+00
2.529933305871893801e+00
2.529944028677864942e+00
2.529954732527537331e+00
2.529965417462583410e+00
2.529976083544850596e+00
2.529986730821556673e+00
2.529997359335201423e+00
2.530007969143518665e+00
2.530018560289555740e+00
2.530029132826622451e+00
2.530039686803308374e+00
2.530050222268476201e+00
2.530060739266252412e+00
2.530071237851051702e+00
2.530081718067537899e+00
2.530092179965656829e+00
2.530102623595631872e+00
2.530113049002922221e+00
2.530123456233243751e+00
2.530133845332573905e+00
2.530144216357250286e+00
2.530154569343676663e+00
2.530164904343670695e+00
2.530175221409320940e+00
2.530185520577783009e+00
2.530195801901668151e+00
2.530206065423699968e+00
2.530216311191932022e+00
2.530226539254680329e+00
2.530236749650336403e+00
2.530246942437908153e+00
2.530257117646086851e+00
2.530267275334395993e+00
2.530277415542215635e+00
2.530287538314264673e+00
2.530297643695512910e+00
2.530307731731170406e+00
2.530317802466699906e+00
2.530327855947807514e+00
2.530337892215307249e+00
2.530347911310244058e+00
2.530357913289336125e+00
2.530367898183826014e+00
2.530377866045773416e+00
2.530387816912023524e+00
2.530397750829968206e+00
2.530407667836903407e+00
2.530417567985871585e+00
2.530427451314634979e+00
2.530437317866359503e+00
2.530447167684444665e+00
2.530457000812523116e+00
2.530466817284059644e+00
2.530476617153534669e+00
2.530486400460072005e+00
2.530496167237799909e+00
2.530505917536697957e+00
2.530515651396553434e+00
2.530525368857372559e+00
2.530535069959377381e+00
2.530544754748246916e+00
2.530554423264650410e+00
2.530564075544236680e+00
2.530573711633349543e+00
2.530583331568068139e+00
2.530592935395179932e+00
2.530602523151195271e+00
2.530612094872818574e+00
2.530621650607503437e+00
2.530631190387111484e+00
2.530640714259535518e+00
2.530650222262331273e+00
2.530659714433261431e+00
2.530669190815585168e+00
2.530678651442186844e+00
2.530688096356742633e+00
2.530697525592537023e+00
2.530706939198975380e+00
2.530716337209757416e+00
2.530725719658768469e+00
2.530735086596052952e+00
2.530744438045259503e+00
2.530753774056849092e+00
2.530763094665513968e+00
2.530772399906133785e+00
2.530781689824472380e+00
2.530790964445108315e+00
2.530800223819561268e+00
2.530809467978145655e+00
2.530818696956712799e+00
2.530827910802051939e+00
2.530837109539668894e+00
2.530846293211368003e+00
2.530855461859164990e+00
2.530864615509112792e+00
2.530873754208998072e+00
2.530882877990637603e+00
2.530891986891426804e+00
2.530901080943546155e+00
2.530910160184757896e+00
2.530919224658442435e+00
2.530928274391917032e+00
2.530937309428943571e+00
2.530946329797195027e+00
2.530955335535378659e+00
2.530964326676953924e+00
2.530973303266443875e+00
2.530982265326787939e+00
2.530991212902881315e+00
2.531000146023460573e+00
2.531009064728340086e+00
2.531017969052068217e+00
2.531026859023896680e+00
2.531035734684190075e+00
2.531044596062545171e+00
2.531053443199692943e+00
2.531062276125579658e+00
2.531071094870312344e+00
2.531079899480654483e+00
2.531088689976069617e+00
2.531097466403684493e+00
2.531106228788792656e+00
2.531114977162347124e+00
2.531123711566508838e+00
2.531132432032580759e+00
2.531141138592031936e+00
2.531149831276491735e+00
2.531158510123291183e+00
2.531167175158858029e+00
2.531175826420859032e+00
2.531184463947144359e+00
2.531193087759071148e+00
2.531201697894811087e+00
2.531210294392720161e+00
2.531218877274621804e+00
2.531227446579190854e+00
2.531236002339716240e+00
2.531244544578467259e+00
2.531253073340211213e+00
2.531261588653129557e+00
2.531270090545552520e+00
2.531278579045958210e+00
2.531287054199794717e+00
2.531295516024654635e+00
2.531303964555086772e+00
2.531312399825812243e+00
2.531320821866091197e+00
2.531329230705330779e+00
2.531337626378726391e+00
2.531346008915996482e+00
2.531354378347011824e+00
2.531362734701791517e+00
2.531371078010506537e+00
2.531379408303476630e+00
2.531387725616833784e+00
2.531396029975544248e+00
2.531404321404708835e+00
2.531412599946586628e+00
2.531420865626585304e+00
2.531429118464555206e+00
2.531437358508917601e+00
2.531445585774129370e+00
2.531453800297540191e+00
2.531462002105262954e+00
2.531470191223546440e+00
2.531478367690199516e+00
2.531486531531764506e+00
2.531494682774918292e+00
2.531502821452201069e+00
2.531510947590574823e+00
2.531519061217135658e+00
2.531527162364852757e+00
2.531535251055366587e+00
2.531543327327675286e+00
2.531551391197939260e+00
2.531559442711206032e+00
2.531567481878139514e+00
2.531575508738322267e+00
2.531583523319965501e+00
2.531591525645639607e+00
2.531599515743814255e+00
2.531607493648886376e+00
2.531615459383820266e+00
2.531623412971707232e+00
2.531631354453150795e+00
2.531639283845716459e+00
2.531647201178684359e+00
2.531655106481474515e+00
2.531662999777829270e+00
2.531670881103253556e+00
2.531678750475930606e+00
2.531686607925805355e+00
2.531694453482963958e+00
2.531702287171793131e+00
2.531710109022641930e+00
2.531717919054300658e+00
2.531725717297371059e+00
2.531733503782598316e+00
2.531741278534997530e+00
2.531749041579711701e+00
2.531756792942005063e+00
2.531764532647257759e+00
2.531772260726861568e+00
2.531779977200572240e+00
2.531787682100033798e+00
2.531795375451132202e+00
2.531803057273985580e+00
2.531810727600610100e+00
2.531818386451364145e+00
2.531826033858521896e+00
2.531833669842673995e+00
2.531841294430436484e+00
2.531848907648545310e+00
2.531856509523865206e+00
2.531864100077446889e+00
2.531871679336388237e+00
2.531879247327911475e+00
2.531886804073413266e+00
2.531894349600353422e+00
2.531901883936312991e+00
2.531909407097071796e+00
2.531916919116409481e+00
2.531924420016292032e+00
2.531931909824781002e+00
2.531939388558090975e+00
2.531946856250492317e+00
2.531954312918422101e+00
2.531961758590403733e+00
2.531969193289076880e+00
2.531976617037196231e+00
2.531984029863637353e+00
2.531991431785364899e+00
2.531998822837500551e+00
2.532006203031206049e+00
2.532013572401837997e+00
2.532020930966794925e+00
2.532028278749606454e+00
2.532035615779948845e+00
2.532042942069494096e+00
2.532050257654180125e+00
2.532057562551939700e+00
2.532064856786841567e+00
2.532072140377011227e+00
2.532079413352796404e+00
2.532086675738604242e+00
2.532093927552873769e+00
2.532101168820217296e+00
2.532108399559271028e+00
2.532115619800948458e+00
2.532122829564096733e+00
2.532130028873758487e+00
2.532137217748983815e+00
2.532144396215020521e+00
2.532151564291119428e+00
2.532158722002741058e+00
2.532165869369330302e+00
2.532173006416559513e+00
2.532180133170210734e+00
2.532187249643900184e+00
2.532194355869751057e+00
2.532201451861574082e+00
2.532208537639407009e+00
2.532215613235694995e+00
2.532222678664530324e+00
2.532229733952413131e+00
2.532236779113618663e+00
2.532243814181017516e+00
2.532250839169079004e+00
2.532257854098530103e+00
2.532264858996381207e+00
2.532271853877372969e+00
2.532278838768714291e+00
2.532285813685327458e+00
2.532292778660826027e+00
2.532299733704121980e+00
2.532306678836605318e+00
2.532313614092209342e+00
2.532320539473877030e+00
2.532327455021961882e+00
2.532334360739576518e+00
2.532341256661054363e+00
2.532348142795899371e+00
2.532355019178661681e+00
2.532361885819015335e+00
2.532368742739211420e+00
2.532375589961596951e+00
2.532382427508612643e+00
2.532389255396530370e+00
2.532396073654248347e+00
2.532402882285663903e+00
2.532409681332418838e+00
2.532416470798578789e+00
2.532423250707130258e+00
2.532430021081156557e+00
2.532436781943840920e+00
2.532443533312155992e+00
2.532450275203156131e+00
2.532457007640290136e+00
2.532463730640786004e+00
2.532470444228271944e+00
2.532477148420152702e+00
2.532483843233909404e+00
2.532490528693443821e+00
2.532497204816407610e+00
2.532503871620543023e+00
2.532510529130017396e+00
2.532517177362742178e+00
2.532523816330352062e+00
2.532530446063637086e+00
2.532537066574397588e+00
2.532543677887244993e+00
2.532550280014130184e+00
2.532556872986221563e+00
2.532563456809252322e+00
2.532570031508176722e+00
2.532576597101653171e+00
2.532583153608424453e+00
2.532589701047308406e+00
2.532596239437212571e+00
2.532602768797122650e+00
2.532609289139686304e+00
2.532615800496891723e+00
2.532622302875124909e+00
2.532628796300123053e+00
2.532635280791285748e+00
2.532641756361650565e+00
2.532648223030766754e+00
2.532654680811817549e+00
2.532661129737417305e+00
2.532667569814456510e+00
2.532674001062804603e+00
2.532680423502413181e+00
2.532686837153317772e+00
2.532693242029159464e+00
2.532699638150122556e+00
2.532706025529995131e+00
2.532712404195609945e+00
2.532718774154414376e+00
2.532725135433401942e+00
2.532731488046664925e+00
2.532737832008352896e+00
2.532744167345718722e+00
2.532750494066554836e+00
2.532756812191748530e+00
2.532763121735746026e+00
2.532769422726126596e+00
2.532775715164413466e+00
2.532781999084883218e+00
2.532788274495740399e+00
2.532794541411786504e+00
2.532800799854449725e+00
2.532807049845243519e+00
2.532813291392633559e+00
2.532819524518271415e+00
2.532825749237328061e+00
2.532831965565035759e+00
2.532838173523274783e+00
2.532844373127427051e+00
2.532850564392941983e+00
2.532856747341932113e+00
2.532862921983392468e+00
2.532869088339579910e+00
2.532875246419615589e+00
2.532881396245900696e+00
2.532887537840923464e+00
2.532893671207384401e+00
2.532899796374531221e+00
2.532905913351811034e+00
2.532912022155369591e+00
2.532918122808054395e+00
2.532924215312860827e+00
2.532930299706077193e+00
2.532936375984170319e+00
2.532942444176934149e+00
2.532948504294262992e+00
2.532954556346107999e+00
2.532960600362490489e+00
2.532966636353500611e+00
2.532972664335966240e+00
2.532978684320088991e+00
2.532984696329511731e+00
2.532990700374572857e+00
2.532996696472356035e+00
2.533002684640019098e+00
2.533008664888077188e+00
2.533014637247243961e+00
2.533020601714736753e+00
2.533026558314686927e+00
2.533032507064586714e+00
2.533038447975260787e+00
2.533044381064327943e+00
2.533050306342725211e+00
2.533056223834948550e+00
2.533062133552069994e+00
2.533068035511968574e+00
2.533073929725841111e+00
2.533079816204926615e+00
2.533085694974062552e+00
2.533091566037844800e+00
2.533097429421252933e+00
2.533103285142556338e+00
2.533109133199739738e+00
2.533114973624766009e+00
2.533120806422512139e+00
2.533126631604698975e+00
2.533132449203510994e+00
2.533138259217186938e+00
2.533144061664432733e+00
2.533149856564020030e+00
2.533155643927972545e+00
2.533161423775188936e+00
2.533167196110979624e+00
2.533172960961198594e+00
2.533178718331262402e+00
2.533184468240317067e+00
2.533190210700730916e+00
2.533195945724918019e+00
2.533201673332219794e+00
2.533207393535170660e+00
2.533213106353237709e+00
2.533218811792202096e+00
2.533224509864768326e+00
2.533230200597454740e+00
2.533235883989322978e+00
2.533241560067019282e+00
2.533247228843486187e+00
2.533252890324817930e+00
2.533258544530959000e+00
2.533264191475013138e+00
2.533269831170140485e+00
2.533275463629552249e+00
2.533281088866516040e+00
2.533286706901281882e+00
2.533292317740308608e+00
2.533297921397022812e+00
2.533303517891851708e+00
2.533309107238352009e+00
2.533314689443174839e+00
2.533320264519969722e+00
2.533325832489403240e+00
2.533331393365242157e+00
2.533336947154346319e+00
2.533342493870581524e+00
2.533348033534850163e+00
2.533353566154158187e+00
2.533359091742537927e+00
2.533364610321071630e+00
2.533370121889918281e+00
2.533375626470265374e+00
2.533381124076365953e+00
2.533386614715515073e+00
2.533392098409081417e+00
2.533397575164461735e+00
2.533403044996117792e+00
2.533408507918566421e+00
2.533413963939344704e+00
2.533419413080106875e+00
2.533424855348492155e+00
2.533430290759225656e+00
2.533435719320036306e+00
2.533441141052805712e+00
2.533446555965367164e+00
2.533451964072653162e+00
2.533457365389656157e+00
2.533462759917273210e+00
2.533468147684741822e+00
2.533473528693049648e+00
2.533478902957391643e+00
2.533484270493007173e+00
2.533489631308103007e+00
2.533494985418022871e+00
2.533500332838166447e+00
2.533505673583992035e+00
2.533511007656779945e+00
2.533516335072076409e+00
2.533521655845474729e+00
2.533526969992637490e+00
2.533532277522140497e+00
2.533537578442602634e+00
2.533542872776968213e+00
2.533548160526805759e+00
2.533553441708020770e+00
2.533558716329408877e+00
2.533563984414135106e+00
2.533569245963936289e+00
2.533574500994912437e+00
2.533579749516048807e+00
2.533584991543543996e+00
2.533590227086471636e+00
2.533595456161138237e+00
2.533600678769513781e+00
2.533605894935186065e+00
2.533611104667416569e+00
2.533616307975501414e+00
2.533621504868777130e+00
2.533626695363835779e+00
2.533631879470109816e+00
2.533637057197068554e+00
2.533642228568679045e+00
2.533647393580047424e+00
2.533652552248003786e+00
2.533657704596674609e+00
2.533662850621273499e+00
2.533667990338772658e+00
2.533673123766206459e+00
2.533678250906138629e+00
2.533683371775690141e+00
2.533688486384772176e+00
2.533693594743327893e+00
2.533698696868629252e+00
2.533703792770718000e+00
2.533708882452384348e+00
2.533713965931034373e+00
2.533719043224124334e+00
2.533724114334573674e+00
2.533729179272617760e+00
2.533734238055859400e+00
2.533739290694632995e+00
2.533744337191995211e+00
2.533749377573004669e+00
2.533754411833469611e+00
2.533759439998548135e+00
2.533764462064116429e+00
2.533769478055428070e+00
2.533774487983118995e+00
2.533779491843159537e+00
2.533784489660955153e+00
2.533789481447261238e+00
2.533794467205513712e+00
2.533799446946535028e+00
2.533804420688570591e+00
2.533809388435159793e+00
2.533814350204637300e+00
2.533819306000617555e+00
2.533824255834132622e+00
2.533829199723653058e+00
2.533834137672901221e+00
2.533839069693034851e+00
2.533843995795250326e+00
2.533848915990781769e+00
2.533853830298333776e+00
2.533858738714386050e+00
2.533863641250288179e+00
2.533868537932297826e+00
2.533873428756997725e+00
2.533878313735858701e+00
2.533883192887844693e+00
2.533888066209618373e+00
2.533892933727679875e+00
2.533897795438758038e+00
2.533902651361986891e+00
2.533907501501619031e+00
2.533912345876881744e+00
2.533917184484619778e+00
2.533922017351626810e+00
2.533926844467321970e+00
2.533931665866083094e+00
2.533936481537387042e+00
2.533941291500713344e+00
2.533946095768093265e+00
2.533950894344089377e+00
2.533955687240802668e+00
2.533960474470379420e+00
2.533965256045006775e+00
2.533970031961850999e+00
2.533974802248229352e+00
2.533979566901372937e+00
2.533984325941159188e+00
2.533989079372422459e+00
2.533993827200021975e+00
2.533998569443961735e+00
2.534003306101612729e+00
2.534008037200625285e+00
2.534012762730867951e+00
2.534017482720081205e+00
2.534022197158178447e+00
2.534026906072985419e+00
2.534031609469642454e+00
2.534036307353314310e+00
2.534040999736781430e+00
2.534045686632877548e+00
2.534050368039257872e+00
2.534055043976421118e+00
2.534059714457314705e+00
2.534064379479679996e+00
2.534069039056519923e+00
2.534073693200881827e+00
2.534078341925855682e+00
2.534082985229291207e+00
2.534087623131984657e+00
2.534092255639489366e+00
2.534096882757387981e+00
2.534101504498944557e+00
2.534106120877468005e+00
2.534110731890973245e+00
2.534115337560499892e+00
2.534119937884116602e+00
2.534124532882950476e+00
2.534129122555123459e+00
2.534133706921841700e+00
2.534138285981285321e+00
2.534142859747043008e+00
2.534147428232743415e+00
2.534151991444354213e+00
2.534156549380153667e+00
2.534161102069298899e+00
2.534165649502413409e+00
2.534170191701020425e+00
2.534174728671241272e+00
2.534179260419220370e+00
2.534183786951131445e+00
2.534188308280917123e+00
2.534192824422565771e+00
2.534197335374599458e+00
2.534201841158822965e+00
2.534206341766052528e+00
2.534210837218163093e+00
2.534215327521552208e+00
2.534219812682635187e+00
2.534224292715641980e+00
2.534228767627055401e+00
2.534233237423386687e+00
2.534237702111177271e+00
2.534242161704784557e+00
2.534246616210815262e+00
2.534251065635895195e+00
2.534255509986683919e+00
2.534259949285494251e+00
2.534264383523417763e+00
2.534268812715016583e+00
2.534273236874893254e+00
2.534277656009865431e+00
2.534282070126771202e+00
2.534286479224630018e+00
2.534290883326021593e+00
2.534295282437879937e+00
2.534299676559304437e+00
2.534304065712995158e+00
2.534308449890238624e+00
2.534312829113808618e+00
2.534317203382905337e+00
2.534321572704619108e+00
2.534325937101843174e+00
2.534330296565970198e+00
2.534334651119956927e+00
2.534339000755233773e+00
2.534343345494831645e+00
2.534347685346032719e+00
2.534352020308226816e+00
2.534356350388734747e+00
2.534360675610747737e+00
2.534364995965808554e+00
2.534369311477184805e+00
2.534373622136455229e+00
2.534377927966953603e+00
2.534382228968244277e+00
2.534386525155798431e+00
2.534390816521266743e+00
2.534395103096090729e+00
2.534399384864006954e+00
2.534403661856536871e+00
2.534407934065415535e+00
2.534412201498330131e+00
2.534416464178952388e+00
2.534420722099077761e+00
2.534424975274459424e+00
2.534429223704909084e+00
2.534433467414247687e+00
2.534437706394336409e+00
2.534441940661062098e+00
2.534446170222337535e+00
2.534450395078092111e+00
2.534454615244300157e+00
2.534458830728957501e+00
2.534463041540092387e+00
2.534467247677721691e+00
2.534471449157949863e+00
2.534475645988887749e+00
2.534479838170615729e+00
2.534484025711285504e+00
2.534488208627132089e+00
2.534492386918309581e+00
2.534496560601117832e+00
2.534500729667682695e+00
2.534504894142435294e+00
2.534509054025620767e+00
2.534513209325581329e+00
2.534517360042595868e+00
2.534521506201241614e+00
2.534525647793756775e+00
2.534529784828580379e+00
2.534533917322291607e+00
2.534538045275287033e+00
2.534542168696085174e+00
2.534546287593244074e+00
2.534550401975340428e+00
2.534554511850979797e+00
2.534558617220664889e+00
2.534562718101186718e+00
2.534566814493087961e+00
2.534570906405079427e+00
2.534574993845890134e+00
2.534579076824286847e+00
2.534583155340894400e+00
2.534587229404516862e+00
2.534591299032162404e+00
2.534595364224528247e+00
2.534599424982318272e+00
2.534603481322628138e+00
2.534607533254402245e+00
2.534611580770222972e+00
2.534615623895468239e+00
2.534619662622757286e+00
2.534623696969331874e+00
2.534627726927839220e+00
2.534631752523790915e+00
2.534635773758096455e+00
2.534639790631672884e+00
2.534643803153681318e+00
2.534647811341548707e+00
2.534651815188020407e+00
2.534655814702330812e+00
2.534659809901994798e+00
2.534663800779800802e+00
2.534667787361574831e+00
2.534671769631885230e+00
2.534675747616617514e+00
2.534679721308629841e+00
2.534683690725605398e+00
2.534687655868710809e+00
2.534691616747406062e+00
2.534695573362893750e+00
2.534699525724683156e+00
2.534703473850608013e+00
2.534707417725331258e+00
2.534711357383347075e+00
2.534715292801035247e+00
2.534719224012964567e+00
2.534723151012165943e+00
2.534727073799995178e+00
2.534730992394479188e+00
2.534734906797020848e+00
2.534738817017376356e+00
2.534742723056985891e+00
2.534746624925641179e+00
2.534750522633176129e+00
2.534754416181090431e+00
2.534758305579251303e+00
2.534762190837565043e+00
2.534766071949209998e+00
2.534769948940883477e+00
2.534773821797417170e+00
2.534777690545571005e+00
2.534781555178591717e+00
2.534785415698118438e+00
2.534789272131007465e+00
2.534793124470553494e+00
2.534796972718456498e+00
2.534800816893256314e+00
2.534804656996706651e+00
2.534808493030561216e+00
2.534812325005026512e+00
2.534816152930328581e+00
2.534819976808288633e+00
2.534823796640739424e+00
2.534827612446418410e+00
2.534831424227208529e+00
2.534835231976546588e+00
2.534839035721704104e+00
2.534842835456160515e+00
2.534846631181855603e+00
2.534850422917691581e+00
2.534854210665658414e+00
2.534857994427757610e+00
2.534861774214491881e+00
2.534865550036391912e+00
2.534869321887024185e+00
2.534873089785453892e+00
2.534876853725272827e+00
2.534880613725603915e+00
2.534884369780065594e+00
2.534888121907834524e+00
2.534891870111083634e+00
2.534895614383468221e+00
2.534899354752774947e+00
2.534903091204155690e+00
2.534906823756922556e+00
2.534910552413330187e+00
2.534914277184205922e+00
2.534917998063282774e+00
2.534921715069978987e+00
2.534925428198063102e+00
2.534929137467003102e+00
2.534932842879169534e+00
2.534936544428363803e+00
2.534940242134135158e+00
2.534943935998901665e+00
2.534947626025090273e+00
2.534951312223743702e+00
2.534954994605932654e+00
2.534958673156933351e+00
2.534962347905058699e+00
2.534966018844222901e+00
2.534969685985575261e+00
2.534973349323045078e+00
2.534977008885071825e+00
2.534980664656994787e+00
2.534984316650041869e+00
2.534987964884113598e+00
2.534991609344569685e+00
2.534995250042703319e+00
2.534998886989836109e+00
2.535002520197318088e+00
2.535006149659203345e+00
2.535009775378204377e+00
2.535013397374398458e+00
2.535017015641874316e+00
2.535020630192078794e+00
2.535024241036491155e+00
2.535027848160542607e+00
2.535031451593127816e+00
2.535035051328398570e+00
2.535038647369209031e+00
2.535042239727133051e+00
2.535045828405064317e+00
2.535049413414624198e+00
2.535052994758744571e+00
2.535056572431635846e+00
2.535060146453706142e+00
2.535063716827936631e+00
2.535067283548573691e+00
2.535070846636104491e+00
2.535074406093561716e+00
2.535077961915229050e+00
2.535081514112909495e+00
2.535085062698435365e+00
2.535088607666131644e+00
2.535092149036639597e+00
2.535095686804312187e+00
2.535099220972280243e+00
2.535102751552474665e+00
2.535106278548065362e+00
2.535109801962235565e+00
2.535113321806980125e+00
2.535116838076713286e+00
2.535120350792278821e+00
2.535123859948117619e+00
2.535127365556309798e+00
2.535130867611314898e+00
2.535134366125244565e+00
2.535137861110244195e+00
2.535141352560810191e+00
2.535144840480276329e+00
2.535148324889688887e+00
2.535151805783579348e+00
2.535155283165336559e+00
2.535158757047220490e+00
2.535162227423789716e+00
2.535165694307341511e+00
2.535169157710200238e+00
2.535172617626964442e+00
2.535176074069994456e+00
2.535179527033904812e+00
2.535182976539983812e+00
2.535186422573977971e+00
2.535189865157220002e+00
2.535193304293278604e+00
2.535196739976820268e+00
2.535200172220342996e+00
2.535203601036374987e+00
2.535207026410694731e+00
2.535210448364783709e+00
2.535213866902298108e+00
2.535217282017973695e+00
2.535220693724422603e+00
2.535224102025343207e+00
2.535227506933397379e+00
2.535230908443365294e+00
2.535234306558984851e+00
2.535237701292970325e+00
2.535241092649098693e+00
2.535244480631158037e+00
2.535247865242951093e+00
2.535251246488292587e+00
2.535254624380000266e+00
2.535257998912935573e+00
2.535261370090952759e+00
2.535264737926921086e+00
2.535268102433742232e+00
2.535271463597316810e+00
2.535274821430564263e+00
2.535278175946440893e+00
2.535281527130855750e+00
2.535284875014845341e+00
2.535288219575305479e+00
2.535291560843329517e+00
2.535294898804854480e+00
2.535298233463891826e+00
2.535301564842577626e+00
2.535304892935918097e+00
2.535308217747978876e+00
2.535311539282843363e+00
2.535314857544599398e+00
2.535318172546433324e+00
2.535321484283395765e+00
2.535324792759617196e+00
2.535328097988338580e+00
2.535331399973729471e+00
2.535334698710876911e+00
2.535337994213072932e+00
2.535341286484529721e+00
2.535344575529471900e+00
2.535347861352144072e+00
2.535351143947674579e+00
2.535354423338570307e+00
2.535357699519993790e+00
2.535360972496239373e+00
2.535364242271612945e+00
2.535367508850437712e+00
2.535370772246194448e+00
2.535374032444938308e+00
2.535377289469335160e+00
2.535380543323771718e+00
2.535383794003482016e+00
2.535387041512868311e+00
2.535390285856347070e+00
2.535393527047526518e+00
2.535396765090864424e+00
2.535399999981640118e+00
2.535403231724322914e+00
2.535406460332596978e+00
2.535409685801768731e+00
2.535412908145555200e+00
2.535416127359283678e+00
2.535419343456709385e+00
2.535422556442396669e+00
2.535425766311696361e+00
2.535428973069191905e+00
2.535432176728709130e+00
2.535435377285628178e+00
2.535438574753813512e+00
2.535441769128665257e+00
2.535444960414829030e+00
2.535448148626225695e+00
2.535451333767544835e+00
2.535454515824953070e+00
2.535457694821684260e+00
2.535460870762467511e+00
2.535464043633486764e+00
2.535467213458043378e+00
2.535470380231616083e+00
2.535473543958980169e+00
2.535476704644919810e+00
2.535479862294234721e+00
2.535483016911741494e+00
2.535486168502262938e+00
2.535489317070643622e+00
2.535492462621736998e+00
2.535495605160412502e+00
2.535498744682223027e+00
2.535501881201386976e+00
2.535505014722815531e+00
2.535508145242090006e+00
2.535511272764134461e+00
2.535514397303240575e+00
2.535517518864376818e+00
2.535520637433798630e+00
2.535523753035208383e+00
2.535526865664241569e+00
2.535529975325909291e+00
2.535533082025234641e+00
2.535536185757869099e+00
2.535539286547630056e+00
2.535542384380807590e+00
2.535545479262468760e+00
2.535548571207097091e+00
2.535551660219799164e+00
2.535554746296285522e+00
2.535557829441675182e+00
2.535560909661110252e+00
2.535563986959737726e+00
2.535567061342721917e+00
2.535570132805808008e+00
2.535573201363615414e+00
2.535576267021350194e+00
2.535579329784236613e+00
2.535582389638596723e+00
2.535585446608577431e+00
2.535588500689974989e+00
2.535591551878586980e+00
2.535594600198626924e+00
2.535597645636442188e+00
2.535600688206814279e+00
2.535603727905572757e+00
2.535606764738041363e+00
2.535609798719054897e+00
2.535612829844476224e+00
2.535615858110167320e+00
2.535618883531003398e+00
2.535621906112374369e+00
2.535624925850174183e+00
2.535627942759334896e+00
2.535630956835763783e+00
2.535633968075366784e+00
2.535636976502657625e+00
2.535639982104032519e+00
2.535642984884957318e+00
2.535645984860465774e+00
2.535648982026511344e+00
2.535651976398164642e+00
2.535654967961836537e+00
2.535657956723051498e+00
2.535660942706495113e+00
2.535663925889019232e+00
2.535666906295340084e+00
2.535669883921467971e+00
2.535672858763413196e+00
2.535675830845962153e+00
2.535678800145955591e+00
2.535681766688217653e+00
2.535684730468794168e+00
2.535687691493341944e+00
2.535690649767532889e+00
2.535693605287428376e+00
2.535696558058715855e+00
2.535699508096727506e+00
2.535702455387921717e+00
2.535705399957294937e+00
2.535708341791315323e+00
2.535711280895730280e+00
2.535714217276295201e+00
2.535717150938790354e+00
2.535720081889002220e+00
2.535723010123068555e+00
2.535725935656466312e+00
2.535728858485351012e+00
2.535731778605876841e+00
2.535734696033562496e+00
2.535737610774275730e+00
2.535740522824195153e+00
2.535743432179503820e+00
2.535746338865488614e+00
2.535749242868656328e+00
2.535752144194915125e+00
2.535755042859908048e+00
2.535757938850141446e+00
2.535760832181283231e+00
2.535763722849571522e+00
2.535766610860976211e+00
2.535769496231223386e+00
2.535772378937084515e+00
2.535775259013799410e+00
2.535778136438149311e+00
2.535781011225906489e+00
2.535783883383117221e+00
2.535786752915841991e+00
2.535789619810604911e+00
2.535792484093027266e+00
2.535795345749647822e+00
2.535798204796343658e+00
2.535801061219653540e+00
2.535803915045275136e+00
2.535806766259759648e+00
2.535809614869242168e+00
2.535812460889687703e+00
2.535815304317458274e+00
2.535818145148918124e+00
2.535820983390252970e+00
2.535823819047658301e+00
2.535826652127348702e+00
2.535829482635553411e+00
2.535832310568670422e+00
2.535835135923098171e+00
2.535837958714934892e+00
2.535840778950452901e+00
2.535843596626082608e+00
2.535846411738248207e+00
2.535849224303111438e+00
2.535852034317118253e+00
2.535854841786591152e+00
2.535857646717865510e+00
2.535860449107405934e+00
2.535863248961564675e+00
2.535866046286712638e+00
2.535868841079327751e+00
2.535871633355700983e+00
2.535874423102426167e+00
2.535877210335819143e+00
2.535879995052389368e+00
2.535882777258565923e+00
2.535885556960796983e+00
2.535888334155609769e+00
2.535891108849464892e+00
2.535893881038902453e+00
2.535896650740343983e+00
2.535899417950347345e+00
2.535902182675419780e+00
2.535904944922088511e+00
2.535907704676959362e+00
2.535910461956534689e+00
2.535913216767364364e+00
2.535915969106043111e+00
2.535918718969161212e+00
2.535921466373281419e+00
2.535924211325002897e+00
2.535926953810952345e+00
2.535929693837736476e+00
2.535932431421981548e+00
2.535935166560326692e+00
2.535937899249407934e+00
2.535940629495879506e+00
2.535943357306409851e+00
2.535946082687680292e+00
2.535948805636357051e+00
2.535951526149104573e+00
2.535954244242664579e+00
2.535956959913722386e+00
2.535959673169009498e+00
2.535962384005216563e+00
2.535965092429095513e+00
2.535967798447408050e+00
2.535970502066934973e+00
2.535973203274322074e+00
2.535975902086432754e+00
2.535978598499994519e+00
2.535981292521819697e+00
2.535983984158739268e+00
2.535986673407501168e+00
2.535989360274946591e+00
2.535992044757834130e+00
2.535994726863025850e+00
2.535997406597401138e+00
2.536000083957732354e+00
2.536002758961037884e+00
2.536005431593987502e+00
2.536008101863490793e+00
2.536010769776475549e+00
2.536013435329743881e+00
2.536016098540386565e+00
2.536018759395073818e+00
2.536021417910923503e+00
2.536024074084767044e+00
2.536026727913430534e+00
2.536029379414078466e+00
2.536032028573386832e+00
2.536034675408543659e+00
2.536037319906225829e+00
2.536039962093836753e+00
2.536042601947867681e+00
2.536045239495764214e+00
2.536047874724208118e+00
2.536050507640275953e+00
2.536053138251062489e+00
2.536055766553459101e+00
2.536058392554575214e+00
2.536061016251313305e+00
2.536063637650797897e+00
2.536066256770406646e+00
2.536068873586597050e+00
2.536071488116756978e+00
2.536074100368063799e+00
2.536076710337453299e+00
2.536079318021865703e+00
2.536081923438754160e+00
2.536084526574812870e+00
2.536087127447523848e+00
2.536089726053853965e+00
2.536092322390766096e+00
2.536094916465508664e+00
2.536097508295624969e+00
2.536100097857533431e+00
2.536102685179088212e+00
2.536105270246994614e+00
2.536107853058243045e+00
2.536110433640750728e+00
2.536113011981228738e+00
2.536115588076687022e+00
2.536118161944779459e+00
2.536120733582536424e+00
2.536123302986988293e+00
2.536125870165498508e+00
2.536128435125446057e+00
2.536130997863878633e+00
2.536133558377843489e+00
2.536136116685093533e+00
2.536138672782698666e+00
2.536141226678088501e+00
2.536143778357971446e+00
2.536146327840153702e+00
2.536148875111342349e+00
2.536151420199755258e+00
2.536153963081728691e+00
2.536156503785512051e+00
2.536159042297825295e+00
2.536161578615771628e+00
2.536164112757255396e+00
2.536166644719403784e+00
2.536169174499332879e+00
2.536171702115001203e+00
2.536174227553126492e+00
2.536176750821261372e+00
2.536179271926978895e+00
2.536181790867425789e+00
2.536184307639747892e+00
2.536186822261984997e+00
2.536189334731302036e+00
2.536191845044866611e+00
2.536194353210301067e+00
2.536196859235248180e+00
2.536199363106423021e+00
2.536201864841943543e+00
2.536204364439003545e+00
2.536206861905279997e+00
2.536209357227487526e+00
2.536211850423800485e+00
2.536214341501926928e+00
2.536216830448588588e+00
2.536219317271501517e+00
2.536221801978391976e+00
2.536224284566492404e+00
2.536226765043549936e+00
2.536229243406806333e+00
2.536231719653494032e+00
2.536234193812450854e+00
2.536236665849333605e+00
2.536239135803544098e+00
2.536241603651269827e+00
2.536244069400315659e+00
2.536246533069056674e+00
2.536248994633659493e+00
2.536251454123080062e+00
2.536253911524046778e+00
2.536256366844416021e+00
2.536258820081479737e+00
2.536261271243112958e+00
2.536263720337207594e+00
2.536266167350483158e+00
2.536268612301429748e+00
2.536271055187373058e+00
2.536273496005632566e+00
2.536275934764137485e+00
2.536278371470833015e+00
2.536280806112439556e+00
2.536283238707532028e+00
2.536285669253460107e+00
2.536288097747570802e+00
2.536290524197848395e+00
2.536292948612295817e+00
2.536295370977629915e+00
2.536297791312508654e+00
2.536300209603653766e+00
2.536302625869748084e+00
2.536305040097513341e+00
2.536307452305662125e+00
2.536309862491589850e+00
2.536312270652688383e+00
2.536314676797037926e+00
2.536317080922037004e+00
2.536319483025089916e+00
2.536321883124987409e+00
2.536324281219156429e+00
2.536326677294312049e+00
2.536329071369279653e+00
2.536331463452210500e+00
2.536333853529823656e+00
2.536336241610271713e+00
2.536338627690994052e+00
2.536341011790892885e+00
2.536343393885953645e+00
2.536345774005838383e+00
2.536348152137270162e+00
2.536350528299206708e+00
2.536352902467615245e+00
2.536355274661469483e+00
2.536357644878246109e+00
2.536360013136959246e+00
2.536362379413557910e+00
2.536364743727071769e+00
2.536367106074993938e+00
2.536369466454818422e+00
2.536371824885623294e+00
2.536374181354123181e+00
2.536376535868625215e+00
2.536378888426639389e+00
2.536381239047297065e+00
2.536383587706501519e+00
2.536385934423400546e+00
2.536388279206349239e+00
2.536390622042061782e+00
2.536392962938898599e+00
2.536395301905235655e+00
2.536397638927780918e+00
2.536399974036611660e+00
2.536402307207596962e+00
2.536404638449136772e+00
2.536406967769647913e+00
2.536409295166699884e+00
2.536411620648726384e+00
2.536413944213305349e+00
2.536416265868891351e+00
2.536418585613069876e+00
2.536420903443426411e+00
2.536423219368436399e+00
2.536425533385693765e+00
2.536427845503694378e+00
2.536430155720041490e+00
2.536432464032336576e+00
2.536434770460012089e+00
2.536437074989773777e+00
2.536439377630154368e+00
2.536441678389707466e+00
2.536443977255129489e+00
2.536446274234979370e+00
2.536448569337827585e+00
2.536450862561316022e+00
2.536453153903083901e+00
2.536455443382681363e+00
2.536457730975848257e+00
2.536460016713117938e+00
2.536462300570217376e+00
2.536464582566743342e+00
2.536466862700363478e+00
2.536469140979728643e+00
2.536471417391528149e+00
2.536473691955410725e+00
2.536475964658067461e+00
2.536478235508173640e+00
2.536480504514421419e+00
2.536482771674505088e+00
2.536485036986119823e+00
2.536487300457978211e+00
2.536489562087786087e+00
2.536491821884272913e+00
2.536494079845156513e+00
2.536496335968144500e+00
2.536498590250949370e+00
2.536500842713377502e+00
2.536503093353161375e+00
2.536505342168033472e+00
2.536507589155722275e+00
2.536509834325023860e+00
2.536512077673678256e+00
2.536514319210500190e+00
2.536516558933239018e+00
2.536518796839641876e+00
2.536521032938547471e+00
2.536523267238805612e+00
2.536525499727088739e+00
2.536527730412254655e+00
2.536529959292069591e+00
2.536532186386522447e+00
2.536534411682286994e+00
2.536536635177138344e+00
2.536538856879974713e+00
2.536541076799711636e+00
2.536543294923010006e+00
2.536545511269931996e+00
2.536547725827137612e+00
2.536549938614719224e+00
2.536552149608183093e+00
2.536554358838793988e+00
2.536556566282052394e+00
2.536558771969256831e+00
2.536560975875901125e+00
2.536563178010971420e+00
2.536565378383465852e+00
2.536567576991217710e+00
2.536569773843246889e+00
2.536571968926201404e+00
2.536574162260303300e+00
2.536576353832204589e+00
2.536578543650948259e+00
2.536580731725597282e+00
2.536582918042793455e+00
2.536585102622824106e+00
2.536587285452336360e+00
2.536589466540415394e+00
2.536591645884930468e+00
2.536593823494984967e+00
2.536595999368457921e+00
2.536598173503226583e+00
2.536600345908414766e+00
2.536602516581913935e+00
2.536604685521603564e+00
2.536606852736637663e+00
2.536609018236183122e+00
2.536611182006866638e+00
2.536613344057864872e+00
2.536615504398364251e+00
2.536617663014991031e+00
2.536619819916940077e+00
2.536621975113423133e+00
2.536624128602363193e+00
2.536626280370377184e+00
2.536628430437995352e+00
2.536630578814466297e+00
2.536632725475095995e+00
2.536634870440449330e+00
2.536637013708471056e+00
2.536639155277098379e+00
2.536641295155611875e+00
2.536643433341959408e+00
2.536645569834092839e+00
2.536647704641310952e+00
2.536649837772933402e+00
2.536651969204203105e+00
2.536654098967165094e+00
2.536656227048430079e+00
2.536658353445964131e+00
2.536660478169113997e+00
2.536662601215855517e+00
2.536664722595553645e+00
2.536666842306197100e+00
2.536668960345770607e+00
2.536671076723663543e+00
2.536673191437869956e+00
2.536675304486384341e+00
2.536677415878620945e+00
2.536679525612582697e+00
2.536681633686272086e+00
2.536683740109123342e+00
2.536685844879150054e+00
2.536687948005805993e+00
2.536690049475670783e+00
2.536692149298202636e+00
2.536694247482877529e+00
2.536696344016270643e+00
2.536698438919326115e+00
2.536700532178620904e+00
2.536702623803654966e+00
2.536704713780995046e+00
2.536706802143108952e+00
2.536708888865091271e+00
2.536710973956469495e+00
2.536713057426785767e+00
2.536715139274102526e+00
2.536717219496475550e+00
2.536719298091967723e+00
2.536721375070144724e+00
2.536723450429077431e+00
2.536725524178352842e+00
2.536727596304523491e+00
2.536729666828716923e+00
2.536731735737487448e+00
2.536733803040447377e+00
2.536735868735686683e+00
2.536737932821288233e+00
2.536739995306892315e+00
2.536742056202150319e+00
2.536744115482045814e+00
2.536746173179362351e+00
2.536748229269072397e+00
2.536750283772420289e+00
2.536752336687522202e+00
2.536754388012490313e+00
2.536756437745441239e+00
2.536758485896078774e+00
2.536760532462527085e+00
2.536762577442909894e+00
2.536764620835345596e+00
2.536766662661182004e+00
2.536768702906945450e+00
2.536770741582388133e+00
2.536772778685653762e+00
2.536774814203250461e+00
2.536776848168213583e+00
2.536778880555424998e+00
2.536780911374666214e+00
2.536782940635739170e+00
2.536784968336801782e+00
2.536786994476015522e+00
2.536789019051536087e+00
2.536791042073190727e+00
2.536793063539147575e+00
2.536795083459251199e+00
2.536797101819998179e+00
2.536799118631241967e+00
2.536801133891158688e+00
2.536803147621312871e+00
2.536805159784809582e+00
2.536807170426626179e+00
2.536809179509842416e+00
2.536811187067774753e+00
2.536813193086912221e+00
2.536815197565447377e+00
2.536817200501577219e+00
2.536819201916956423e+00
2.536821201809801529e+00
2.536823200166586911e+00
2.536825196985517117e+00
2.536827192288289012e+00
2.536829186073130238e+00
2.536831178338265325e+00
2.536833169070153993e+00
2.536835158290539294e+00
2.536837145997658638e+00
2.536839132189738777e+00
2.536841116865015788e+00
2.536843100033506548e+00
2.536845081693452020e+00
2.536847061843094053e+00
2.536849040492469065e+00
2.536851017628029226e+00
2.536852993271626833e+00
2.536854967409712724e+00
2.536856940040534969e+00
2.536858911185985832e+00
2.536860880832509935e+00
2.536862848978364227e+00
2.536864815645480054e+00
2.536866780808457289e+00
2.536868744489240601e+00
2.536870706686109145e+00
2.536872667397342518e+00
2.536874626621214990e+00
2.536876584356006603e+00
2.536878540623728640e+00
2.536880495398931679e+00
2.536882448703643433e+00
2.536884400536165707e+00
2.536886350894793196e+00
2.536888299777819711e+00
2.536890247195436210e+00
2.536892193134049567e+00
2.536894137615759881e+00
2.536896080626975802e+00
2.536898022177915379e+00
2.536899962266890629e+00
2.536901900892217565e+00
2.536903838064134220e+00
2.536905773780967710e+00
2.536907708029103148e+00
2.536909640830733892e+00
2.536911572184191499e+00
2.536913502087814631e+00
2.536915430527973747e+00
2.536917357538869489e+00
2.536919283094928979e+00
2.536921207206449758e+00
2.536923129883745798e+00
2.536925051113191998e+00
2.536926970905111212e+00
2.536928889257852759e+00
2.536930806169764629e+00
2.536932721651192324e+00
2.536934635700496266e+00
2.536936548328043717e+00
2.536938459520193589e+00
2.536940369275304086e+00
2.536942277615769292e+00
2.536944184527945456e+00
2.536946090010203214e+00
2.536947994084970404e+00
2.536949896726566234e+00
2.536951797957436305e+00
2.536953697763923543e+00
2.536955596156454718e+00
2.536957493145473475e+00
2.536959388717316077e+00
2.536961282882433277e+00
2.536963175627152900e+00
2.536965066974006699e+00
2.536966956909320281e+00
2.536968845443573706e+00
2.536970732575170473e+00
2.536972618302516302e+00
2.536974502636112572e+00
2.536976385574373438e+00
2.536978267115715724e+00
2.536980147258548701e+00
2.536982026001290969e+00
2.536983903354469216e+00
2.536985779328632340e+00
2.536987653910086848e+00
2.536989527097257557e+00
2.536991398900699135e+00
2.536993269318845279e+00
2.536995138362274194e+00
2.536997006017277734e+00
2.536998872306599928e+00
2.537000737204373024e+00
2.537002600733354818e+00
2.537004462879827837e+00
2.537006323654405371e+00
2.537008183055541544e+00
2.537010041093860302e+00
2.537011897755644618e+00
2.537013753063723343e+00
2.537015606992176320e+00
2.537017459563851940e+00
2.537019310765016300e+00
2.537021160618544879e+00
2.537023009098492654e+00
2.537024856227751091e+00
2.537026701992579181e+00
2.537028546415899033e+00
2.537030389471731873e+00
2.537032231183022457e+00
2.537034071536015567e+00
2.537035910553681273e+00
2.537037748210015042e+00
2.537039584528004710e+00
2.537041419493887062e+00
2.537043253118411279e+00
2.537045085412344303e+00
2.537046916349646519e+00
2.537048745953355500e+00
2.537050574221979105e+00
2.537052401154024750e+00
2.537054226760286468e+00
2.537056051026987280e+00
2.537057873952629716e+00
2.537059695560325512e+00
2.537061515836295023e+00
2.537063334779046553e+00
2.537065152399416768e+00
2.537066968695928182e+00
2.537068783667102423e+00
2.537070597323799692e+00
2.537072409652212368e+00
2.537074220663207313e+00
2.537076030367660273e+00
2.537077838751768510e+00
2.537079645814061202e+00
2.537081451565428747e+00
2.537083256004414089e+00
2.537085059141927168e+00
2.537086860964148372e+00
2.537088661481994301e+00
2.537090460694019001e+00
2.537092258598769856e+00
2.537094055207191445e+00
2.537095850505449057e+00
2.537097644504490379e+00
2.537099437215282194e+00
2.537101228623987126e+00
2.537103018729160553e+00
2.537104807541784357e+00
2.537106595072847526e+00
2.537108381308505578e+00
2.537110166247325438e+00
2.537111949900312524e+00
2.537113732266044863e+00
2.537115513343101370e+00
2.537117293142510555e+00
2.537119071650405733e+00
2.537120848877822965e+00
2.537122624823349160e+00
2.537124399498040361e+00
2.537126172888025444e+00
2.537127945004362672e+00
2.537129715845652278e+00
2.537131485422978283e+00
2.537133253709962233e+00
2.537135020742679714e+00
2.537136786494745166e+00
2.537138550977257712e+00
2.537140314201334235e+00
2.537142076153075188e+00
2.537143836843604561e+00
2.537145596271536796e+00
2.537147354448016756e+00
2.537149111346605146e+00
2.537150867003510335e+00
2.537152621392292140e+00
2.537154374524104306e+00
2.537156126410123669e+00
2.537157877036427589e+00
2.537159626414203561e+00
2.537161374542079351e+00
2.537163121418692047e+00
2.537164867042671190e+00
2.537166611425227369e+00
2.537168354565006112e+00
2.537170096460648061e+00
2.537171837110796080e+00
2.537173576514089923e+00
2.537175314681771710e+00
2.537177051612494516e+00
2.537178787317523110e+00
2.537180521770282748e+00
2.537182254994658770e+00
2.537183986989309581e+00
2.537185717740265911e+00
2.537187447271446850e+00
2.537189175568879129e+00
2.537190902643870594e+00
2.537192628482442203e+00
2.537194353108558342e+00
2.537196076508241305e+00
2.537197798680161931e+00
2.537199519622986621e+00
2.537201239360720173e+00
2.537202957866709685e+00
2.537204675164975942e+00
2.537206391241527470e+00
2.537208106107727623e+00
2.537209819749573825e+00
2.537211532191134822e+00
2.537213243418410258e+00
2.537214953430086517e+00
2.537216662237558040e+00
2.537218369839526311e+00
2.537220076234684818e+00
2.537221781421733269e+00
2.537223485412094526e+00
2.537225188191742919e+00
2.537226889784848893e+00
2.537228590164648523e+00
2.537230289355325574e+00
2.537231987342844164e+00
2.537233684125916877e+00
2.537235379728760343e+00
2.537237074137339565e+00
2.537238767350369351e+00
2.537240459366564505e+00
2.537242150197416279e+00
2.537243839841649695e+00
2.537245528310779541e+00
2.537247215577953519e+00
2.537248901667480183e+00
2.537250586565289012e+00
2.537252270282909006e+00
2.537253952831887815e+00
2.537255634198153587e+00
2.537257314380437556e+00
2.537258993377470517e+00
2.537260671213645846e+00
2.537262347862046852e+00
2.537264023347082897e+00
2.537265697654662144e+00
2.537267370796376653e+00
2.537269042770976757e+00
2.537270713577214565e+00
2.537272383200980919e+00
2.537274051679610842e+00
2.537275718973267757e+00
2.537277385119315110e+00
2.537279050090766930e+00
2.537280713912138719e+00
2.537282376569313769e+00
2.537284038073946313e+00
2.537285698411908985e+00
2.537287357594862236e+00
2.537289015621575938e+00
2.537290672503730526e+00
2.537292328214274306e+00
2.537293982790725266e+00
2.537295636218951600e+00
2.537297288484801072e+00
2.537298939612909532e+00
2.537300589589127853e+00
2.537302238425176881e+00
2.537303886106897721e+00
2.537305532646018325e+00
2.537307178054283963e+00
2.537308822317534407e+00
2.537310465434554185e+00
2.537312107430071961e+00
2.537313748276947667e+00
2.537315387986943893e+00
2.537317026558860711e+00
2.537318664004479807e+00
2.537320300309616083e+00
2.537321935486064550e+00
2.537323569545633095e+00
2.537325202461125251e+00
2.537326834257358499e+00
2.537328464920134863e+00
2.537330094461274221e+00
2.537331722879600626e+00
2.537333350173923918e+00
2.537334976343061488e+00
2.537336601398863856e+00
2.537338225327115726e+00
2.537339848139678278e+00
2.537341469835376895e+00
2.537343090413033853e+00
2.537344709871474979e+00
2.537346328222587211e+00
2.537347945465208809e+00
2.537349561585097835e+00
2.537351176607232972e+00
2.537352790517378942e+00
2.537354403314368678e+00
2.537356014997030229e+00
2.537357625590392463e+00
2.537359235067109253e+00
2.537360843452222792e+00
2.537362450718363860e+00
2.537364056890595521e+00
2.537365661967770247e+00
2.537367265948740958e+00
2.537368868819230627e+00
2.537370470604349837e+00
2.537372071289819342e+00
2.537373670874489839e+00
2.537375269370361064e+00
2.537376866776295703e+00
2.537378463091152447e+00
2.537380058313795317e+00
2.537381652443081670e+00
2.537383245491041883e+00
2.537384837443375396e+00
2.537386428325295817e+00
2.537388018109321131e+00
2.537389606820685817e+00
2.537391194445077325e+00
2.537392780981363671e+00
2.537394366441615201e+00
2.537395950837923575e+00
2.537397534142751709e+00
2.537399116368184160e+00
2.537400697526323690e+00
2.537402277602829326e+00
2.537403856609812269e+00
2.537405434532923110e+00
2.537407011397519341e+00
2.537408587189258213e+00
2.537410161907024619e+00
2.537411735562960402e+00
2.537413308155962000e+00
2.537414879671669343e+00
2.537416450135496326e+00
2.537418019533085545e+00
2.537419587863331216e+00
2.537421155125129335e+00
2.537422721343945753e+00
2.537424286492122594e+00
2.537425850581843445e+00
2.537427413612020288e+00
2.537428975594858471e+00
2.537430536515970836e+00
2.537432096387568947e+00
2.537433655195258986e+00
2.537435212964582298e+00
2.537436769681143289e+00
2.537438325343855716e+00
2.537439879951635113e+00
2.537441433516733458e+00
2.537442986038077386e+00
2.537444537514592202e+00
2.537446087945204098e+00
2.537447637328832162e+00
2.537449185677767893e+00
2.537450732977577506e+00
2.537452279253927578e+00
2.537453824465636387e+00
2.537455368651753140e+00
2.537456911811226679e+00
2.537458453916220602e+00
2.537459994992444123e+00
2.537461535038842086e+00
2.537463074054358447e+00
2.537464612037934941e+00
2.537466148975102698e+00
2.537467684905043264e+00
2.537469219786458119e+00
2.537470753658553235e+00
2.537472286493433593e+00
2.537473818303476847e+00
2.537475349087632281e+00
2.537476878844849182e+00
2.537478407587532736e+00
2.537479935301189649e+00
2.537481461998228660e+00
2.537482987677611046e+00
2.537484512338298526e+00
2.537486035979252819e+00
2.537487558599432980e+00
2.537489080211281500e+00
2.537490600800281548e+00
2.537492120378886717e+00
2.537493638959558595e+00
2.537495156514285366e+00
2.537496673055521512e+00
2.537498188595750381e+00
2.537499703120440486e+00
2.537501216655592362e+00
2.537502729159633930e+00
2.537504240672099343e+00
2.537505751178449120e+00
2.537507260677663190e+00
2.537508769182256874e+00
2.537510276677680032e+00
2.537511783176456870e+00
2.537513288677574863e+00
2.537514793180025041e+00
2.537516296682797101e+00
2.537517799198443669e+00
2.537519300698819702e+00
2.537520801223633438e+00
2.537522300744729620e+00
2.537523799274680858e+00
2.537525296812485287e+00
2.537526793370735056e+00
2.537528288934840059e+00
2.537529783503797098e+00
2.537531277090208537e+00
2.537532769679470501e+00
2.537534261297813121e+00
2.537535751917010085e+00
2.537537241563312396e+00
2.537538730222099748e+00
2.537540217906018913e+00
2.537541704600445591e+00
2.537543190318029218e+00
2.537544675057788357e+00
2.537546158832389764e+00
2.537547641613544958e+00
2.537549123427582654e+00
2.537550604259863452e+00
2.537552084123070983e+00
2.537553563002556967e+00
2.537555040924694083e+00
2.537556517861150329e+00
2.537557993838318815e+00
2.537559468841539712e+00
2.537560942883537507e+00
2.537562415949643935e+00
2.537563888052587036e+00
2.537565359191406689e+00
2.537566829365131671e+00
2.537568298586521998e+00
2.537569766827169282e+00
2.537571234113555896e+00
2.537572700444726159e+00
2.537574165805984272e+00
2.537575630223851242e+00
2.537577093669885819e+00
2.537578556156869336e+00
2.537580017697605328e+00
2.537581478277383784e+00
2.537582937909015346e+00
2.537584396577780232e+00
2.537585854310273614e+00
2.537587311077996510e+00
2.537588766893775549e+00
2.537590221770453791e+00
2.537591675693297688e+00
2.537593128675159626e+00
2.537594580701298952e+00
2.537596031784571160e+00
2.537597481924041443e+00
2.537598931118768331e+00
2.537600379367816128e+00
2.537601826684069639e+00
2.537603273052772224e+00
2.537604718486817568e+00
2.537606162971437485e+00
2.537607606519537207e+00
2.537609049130183703e+00
2.537610490816306630e+00
2.537611931549265787e+00
2.537613371369714432e+00
2.537614810235137242e+00
2.537616248172336775e+00
2.537617685180394655e+00
2.537619121258389843e+00
2.537620556419290629e+00
2.537621990634405744e+00
2.537623423916695486e+00
2.537624856279139252e+00
2.537626287720827989e+00
2.537627718226941553e+00
2.537629147824385534e+00
2.537630576484425582e+00
2.537632004220059745e+00
2.537633431030374531e+00
2.537634856928391525e+00
2.537636281913210556e+00
2.537637705969990165e+00
2.537639129097815527e+00
2.537640551323672611e+00
2.537641972632721732e+00
2.537643393010095672e+00
2.537644812482809265e+00
2.537646231049973444e+00
2.537647648696721880e+00
2.537649065422149519e+00
2.537650481253319157e+00
2.537651896161375653e+00
2.537653310159405429e+00
2.537654723246513200e+00
2.537656135435807592e+00
2.537657546712402734e+00
2.537658957089411693e+00
2.537660366551939717e+00
2.537661775113108309e+00
2.537663182772035064e+00
2.537664589527834025e+00
2.537665995379626782e+00
2.537667400340558821e+00
2.537668804395719846e+00
2.537670207544224787e+00
2.537671609799236450e+00
2.537673011159881309e+00
2.537674411625285398e+00
2.537675811194573861e+00
2.537677209866874062e+00
2.537678607641307593e+00
2.537680004516999155e+00
2.537681400507152407e+00
2.537682795610908926e+00
2.537684189827400072e+00
2.537685583141664925e+00
2.537686975566927128e+00
2.537688367116425425e+00
2.537689757775196231e+00
2.537691147542374459e+00
2.537692536431209511e+00
2.537693924426724479e+00
2.537695311542178533e+00
2.537696697776715915e+00
2.537698083115342840e+00
2.537699467585473379e+00
2.537700851172118632e+00
2.537702233888570635e+00
2.537703615719828054e+00
2.537704996665034241e+00
2.537706376737492775e+00
2.537707755936357223e+00
2.537709134260783816e+00
2.537710511709921679e+00
2.537711888297107699e+00
2.537713263993130575e+00
2.537714638825515401e+00
2.537716012779225316e+00
2.537717385867614084e+00
2.537718758089842375e+00
2.537720129430864890e+00
2.537721499918260015e+00
2.537722869536980674e+00
2.537724238286190648e+00
2.537725606165049275e+00
2.537726973186948065e+00
2.537728339336825734e+00
2.537729704628079119e+00
2.537731069059884881e+00
2.537732432631410795e+00
2.537733795327572484e+00
2.537735157176048695e+00
2.537736518161757715e+00
2.537737878298139016e+00
2.537739237570098894e+00
2.537740595991087034e+00
2.537741953545998186e+00
2.537743310248290918e+00
2.537744666111435787e+00
2.537746021106033201e+00
2.537747375245549719e+00
2.537748728543473220e+00
2.537750080984680245e+00
2.537751432582666222e+00
2.537752783322302363e+00
2.537754133217091201e+00
2.537755482266220497e+00
2.537756830468881120e+00
2.537758177824260386e+00
2.537759524331547389e+00
2.537760869989930335e+00
2.537762214812948169e+00
2.537763558799801977e+00
2.537764901935330109e+00
2.537766244218718992e+00
2.537767585677893845e+00
2.537768926297690353e+00
2.537770266062929991e+00
2.537771605001564623e+00
2.537772943112801105e+00
2.537774280367065760e+00
2.537775616792337985e+00
2.537776952387824636e+00
2.537778287152735235e+00
2.537779621071864611e+00
2.537780954173241454e+00
2.537782286427242351e+00
2.537783617861913754e+00
2.537784948447614930e+00
2.537786278226838110e+00
2.537787607169942117e+00
2.537788935276129809e+00
2.537790262559054710e+00
2.537791589017929006e+00
2.537792914651975096e+00
2.537794239460406054e+00
2.537795563442439839e+00
2.537796886611761060e+00
2.537798208938649047e+00
2.537799530465743025e+00
2.537800851148830361e+00
2.537802171030580922e+00
2.537803490081243396e+00
2.537804808314532146e+00
2.537806125744172192e+00
2.537807442340390907e+00
2.537808758116909758e+00
2.537810073087468421e+00
2.537811387251303508e+00
2.537812700578605529e+00
2.537814013112168254e+00
2.537815324822175533e+00
2.537816635722387915e+00
2.537817945812038456e+00
2.537819255090361992e+00
2.537820563571146160e+00
2.537821871224524184e+00
2.537823178078839170e+00
2.537824484118769153e+00
2.537825789358120421e+00
2.537827093796134914e+00
2.537828397417478232e+00
2.537829700235967767e+00
2.537831002265433789e+00
2.537832303475946905e+00
2.537833603895934154e+00
2.537834903510048257e+00
2.537836202317530709e+00
2.537837500332237539e+00
2.537838797538800151e+00
2.537840093951088782e+00
2.537841389568352923e+00
2.537842684389844727e+00
2.537843978414820345e+00
2.537845271627892529e+00
2.537846564072228972e+00
2.537847855703165401e+00
2.537849146549242541e+00
2.537850436595071368e+00
2.537851725854560758e+00
2.537853014326974410e+00
2.537854302011576024e+00
2.537855588892952596e+00
2.537856874999712353e+00
2.537858160301762922e+00
2.537859444827727184e+00
2.537860728562186807e+00
2.537862011519100847e+00
2.537863293683040755e+00
2.537864575053263128e+00
2.537865855658453462e+00
2.537867135468463431e+00
2.537868414497273406e+00
2.537869692744151529e+00
2.537870970208370380e+00
2.537872246903935647e+00
2.537873522800651926e+00
2.537874797927261561e+00
2.537876072283048678e+00
2.537877345852539879e+00
2.537878618649765272e+00
2.537879890674001437e+00
2.537881161909766536e+00
2.537882432385865084e+00
2.537883702086820570e+00
2.537884970997128953e+00
2.537886239145623613e+00
2.537887506531601112e+00
2.537888773139557852e+00
2.537890038968769524e+00
2.537891304033318640e+00
2.537892568332495102e+00
2.537893831865590144e+00
2.537895094631891446e+00
2.537896356615869209e+00
2.537897617846447851e+00
2.537898878308102013e+00
2.537900138014951512e+00
2.537901396936621090e+00
2.537902655116915707e+00
2.537903912525450778e+00
2.537905169161514429e+00
2.537906425054105686e+00
2.537907680172816427e+00
2.537908934531794447e+00
2.537910188130340305e+00
2.537911440982627553e+00
2.537912693073085979e+00
2.537913944401012589e+00
2.537915194965703503e+00
2.537916444781350478e+00
2.537917693847262068e+00
2.537918942162746383e+00
2.537920189712207009e+00
2.537921436509847251e+00
2.537922682554974330e+00
2.537923927861821305e+00
2.537925172399853047e+00
2.537926416198224899e+00
2.537927659241319578e+00
2.537928901543385241e+00
2.537930143088793500e+00
2.537931383891799619e+00
2.537932623936767662e+00
2.537933863237959997e+00
2.537935101809656313e+00
2.537936339621252646e+00
2.537937576687022023e+00
2.537938813021258788e+00
2.537940048608308796e+00
2.537941283447490370e+00
2.537942517553106736e+00
2.537943750909488205e+00
2.537944983530951770e+00
2.537946215401821082e+00
2.537947446551421571e+00
2.537948676949071114e+00
2.537949906609098250e+00
2.537951135545850168e+00
2.537952363728613214e+00
2.537953591186760338e+00
2.537954817904592986e+00
2.537956043896475666e+00
2.537957269146701833e+00
2.537958493669642657e+00
2.537959717449581820e+00
2.537960940515955777e+00
2.537962162837989588e+00
2.537963384430073521e+00
2.537964605291540110e+00
2.537965825421724553e+00
2.537967044835041985e+00
2.537968263515752554e+00
2.537969481463192345e+00
2.537970698691785820e+00
2.537971915185780691e+00
2.537973130959614743e+00
2.537974346012630722e+00
2.537975560344173154e+00
2.537976773938471098e+00
2.537977986825097787e+00
2.537979198973157935e+00
2.537980410412242094e+00
2.537981621126573550e+00
2.537982831130631389e+00
2.537984040408629571e+00
2.537985248959910844e+00
2.537986456798967172e+00
2.537987663925153292e+00
2.537988870322663182e+00
2.537990076021169550e+00
2.537991280989697174e+00
2.537992485242759777e+00
2.537993688794894176e+00
2.537994891615092286e+00
2.537996093733075220e+00
2.537997295148205712e+00
2.537998495829451251e+00
2.537999695821759882e+00
2.538000895094093767e+00
2.538002093645801871e+00
2.538003291506670145e+00
2.538004488645627443e+00
2.538005685077252771e+00
2.538006880816138899e+00
2.538008075831188926e+00
2.538009270152231878e+00
2.538010463763396896e+00
2.538011656664045823e+00
2.538012848868790972e+00
2.538014040361748158e+00
2.538015231157540796e+00
2.538016421255540500e+00
2.538017610639848876e+00
2.538018799340375775e+00
2.538019987325947469e+00
2.538021174611203357e+00
2.538022361195516829e+00
2.538023547093552601e+00
2.538024732289394958e+00
2.538025916782414626e+00
2.538027100587288754e+00
2.538028283688087861e+00
2.538029466084179564e+00
2.538030647805575857e+00
2.538031828821020852e+00
2.538033009145213015e+00
2.538034188777532396e+00
2.538035367717359492e+00
2.538036545964075241e+00
2.538037723517057920e+00
2.538038900391043740e+00
2.538040076554706204e+00
2.538041252038136797e+00
2.538042426840729338e+00
2.538043600946501499e+00
2.538044774370207257e+00
2.538045947095857180e+00
2.538047119153600040e+00
2.538048290512060046e+00
2.538049461186006273e+00
2.538050631174828098e+00
2.538051800493321686e+00
2.538052969110071277e+00
2.538054137055273163e+00
2.538055304312917926e+00
2.538056470882390059e+00
2.538057636778504822e+00
2.538058802000662695e+00
2.538059966532827616e+00
2.538061130389826836e+00
2.538062293571059946e+00
2.538063456075926538e+00
2.538064617888369678e+00
2.538065779038693570e+00
2.538066939510848830e+00
2.538068099304228387e+00
2.538069258418230500e+00
2.538070416867733048e+00
2.538071574636663996e+00
2.538072731739904331e+00
2.538073888161373581e+00
2.538075043915961615e+00
2.538076198987580856e+00
2.538077353406632763e+00
2.538078507141521278e+00
2.538079660207157584e+00
2.538080812602943936e+00
2.538081964343815056e+00
2.538083115398135803e+00
2.538084265796360484e+00
2.538085415522375321e+00
2.538086564591127470e+00
2.538087712986489386e+00
2.538088860723415330e+00
2.538090007785773317e+00
2.538091154188524268e+00
2.538092299931085982e+00
2.538093444997308268e+00
2.538094589417740465e+00
2.538095733176236379e+00
2.538096876256629386e+00
2.538098018689495916e+00
2.538099160458674231e+00
2.538100301579175433e+00
2.538101442034828015e+00
2.538102581825048887e+00
2.538103720964862031e+00
2.538104859438075955e+00
2.538105997259727076e+00
2.538107134429243406e+00
2.538108270946050737e+00
2.538109406793941591e+00
2.538110542003606973e+00
2.538111676543199913e+00
2.538112810443424738e+00
2.538113943688068197e+00
2.538115076276559634e+00
2.538116208208320845e+00
2.538117339498438874e+00
2.538118470146353722e+00
2.538119600120154473e+00
2.538120729466285752e+00
2.538121858152831756e+00
2.538122986194901731e+00
2.538124113591932574e+00
2.538125240343359845e+00
2.538126366432918779e+00
2.538127491891438936e+00
2.538128616702660878e+00
2.538129740866017947e+00
2.538130864396663355e+00
2.538131987262596923e+00
2.538133109494695727e+00
2.538134231092404658e+00
2.538135352039434522e+00
2.538136472350957185e+00
2.538137592010674126e+00
2.538138711033768313e+00
2.538139829419682414e+00
2.538140947167863537e+00
2.538142064277757459e+00
2.538143180748800631e+00
2.538144296580444603e+00
2.538145411787908756e+00
2.538146526339083664e+00
2.538147640264974303e+00
2.538148753549244852e+00
2.538149866207132455e+00
2.538150978222292409e+00
2.538152089609972073e+00
2.538153200353816086e+00
2.538154310469082020e+00
2.538155419955221426e+00
2.538156528811688517e+00
2.538157637037937064e+00
2.538158744633421726e+00
2.538159851597595384e+00
2.538160957929910033e+00
2.538162063629818110e+00
2.538163168712622042e+00
2.538164273161933604e+00
2.538165376977202570e+00
2.538166480173744688e+00
2.538167582735158412e+00
2.538168684676764819e+00
2.538169785998027894e+00
2.538170886682529659e+00
2.538171986761494914e+00
2.538173086202614392e+00
2.538174185021235818e+00
2.538175283216819178e+00
2.538176380788828901e+00
2.538177477752636690e+00
2.538178574075887095e+00
2.538179669789867532e+00
2.538180764894049979e+00
2.538181859356053671e+00
2.538182953223124816e+00
2.538184046446938069e+00
2.538185139074763619e+00
2.538186231074196719e+00
2.538187322460647266e+00
2.538188413233586793e+00
2.538189503376527600e+00
2.538190592920859245e+00
2.538191681834126356e+00
2.538192770147733590e+00
2.538193857845188361e+00
2.538194944925959540e+00
2.538196031389521323e+00
2.538197117251333346e+00
2.538198202494881706e+00
2.538199287135639359e+00
2.538200371157078639e+00
2.538201454574684490e+00
2.538202537371921252e+00
2.538203619564276536e+00
2.538204701151232534e+00
2.538205782132269217e+00
2.538206862506870554e+00
2.538207942258479122e+00
2.538209021418643019e+00
2.538210099970810596e+00
2.538211177914464933e+00
2.538212255265136719e+00
2.538213332006260536e+00
2.538214408137318134e+00
2.538215483657784155e+00
2.538216558583212823e+00
2.538217632913095212e+00
2.538218706630840593e+00
2.538219779752013405e+00
2.538220852276105610e+00
2.538221924202606949e+00
2.538222995514907154e+00
2.538224066244693766e+00
2.538225136359248957e+00
2.538226205890281140e+00
2.538227274805049394e+00
2.538228343135280785e+00
2.538229410864347280e+00
2.538230478007872826e+00
2.538231544549220065e+00
2.538232610487874741e+00
2.538233675839475012e+00
2.538234740587366645e+00
2.538235804747194457e+00
2.538236868318459294e+00
2.538237931284494486e+00
2.538238993677128352e+00
2.538240055463521827e+00
2.538241116659341490e+00
2.538242177264085520e+00
2.538243237293441368e+00
2.538244296714534887e+00
2.538245355559245020e+00
2.538246413810882895e+00
2.538247471468944028e+00
2.538248528532926152e+00
2.538249585018541588e+00
2.538250640925302726e+00
2.538251696236491384e+00
2.538252750967836757e+00
2.538253805102611338e+00
2.538254858656550539e+00
2.538255911629164085e+00
2.538256964019958595e+00
2.538258015812192347e+00
2.538259067037872185e+00
2.538260117680256833e+00
2.538261167738856905e+00
2.538262217213178129e+00
2.538263266102728011e+00
2.538264314407012723e+00
2.538265362141822301e+00
2.538266409290391046e+00
2.538267455868512990e+00
2.538268501859414883e+00
2.538269547278900973e+00
2.538270592126491199e+00
2.538271636385393215e+00
2.538272680071425924e+00
2.538273723184109265e+00
2.538274765706635350e+00
2.538275807671166007e+00
2.538276849044565964e+00
2.538277889859014369e+00
2.538278930097698005e+00
2.538279969743785447e+00
2.538281008829485152e+00
2.538282047354324611e+00
2.538283085301474173e+00
2.538284122670444898e+00
2.538285159460759832e+00
2.538286195704676285e+00
2.538287231352599704e+00
2.538288266453183617e+00
2.538289300973191054e+00
2.538290334912137070e+00
2.538291368302330930e+00
2.538292401110505914e+00
2.538293433368992158e+00
2.538294465044503845e+00
2.538295496169387100e+00
2.538296526710340117e+00
2.538297556699725011e+00
2.538298586120650402e+00
2.538299614972642892e+00
2.538300643255224642e+00
2.538301670984365987e+00
2.538302698143156455e+00
2.538303724747571266e+00
2.538304750780692842e+00
2.538305776258506619e+00
2.538306801180545413e+00
2.538307825529879658e+00
2.538308849322504113e+00
2.538309872557957370e+00
2.538310895235774911e+00
2.538311917355490444e+00
2.538312938900147753e+00
2.538313959902264383e+00
2.538314980344885896e+00
2.538316000227547331e+00
2.538317019566292299e+00
2.538318038327640025e+00
2.538319056544149799e+00
2.538320074198843201e+00
2.538321091307783384e+00
2.538322107853986154e+00
2.538323123853520435e+00
2.538324139305931482e+00
2.538325154194220890e+00
2.538326168534469574e+00
2.538327182309665808e+00
2.538328195552467914e+00
2.538329208229300527e+00
2.538330220356264988e+00
2.538331231949479516e+00
2.538332242975349651e+00
2.538333253449979399e+00
2.538334263389511403e+00
2.538335272776902851e+00
2.538336281611701217e+00
2.538337289893444204e+00
2.538338297638286001e+00
2.538339304829171361e+00
2.538340311482257139e+00
2.538341317580478318e+00
2.538342323140001966e+00
2.538343328143755517e+00
2.538344332607911369e+00
2.538345336532027208e+00
2.538346339915656280e+00
2.538347342741704704e+00
2.538348345043018206e+00
2.538349346785850003e+00
2.538350348003063139e+00
2.538351348660893070e+00
2.538352348792219715e+00
2.538353348379933205e+00
2.538354347423587676e+00
2.538355345922736817e+00
2.538356343893620082e+00
2.538357341319106730e+00
2.538358338215450871e+00
2.538359334565513326e+00
2.538360330368844231e+00
2.538361325641707467e+00
2.538362320383666937e+00
2.538363314594287878e+00
2.538364308256404911e+00
2.538365301386301898e+00
2.538366293983541411e+00
2.538367286047686466e+00
2.538368277578297860e+00
2.538369268574939941e+00
2.538370259037176169e+00
2.538371248964568228e+00
2.538372238356676469e+00
2.538373227213063466e+00
2.538374215550063706e+00
2.538375203350471843e+00
2.538376190630634799e+00
2.538377177356553105e+00
2.538378163578142832e+00
2.538379149261406287e+00
2.538380134405899380e+00
2.538381119027986799e+00
2.538382103127242218e+00
2.538383086703240199e+00
2.538384069738732762e+00
2.538385052250102802e+00
2.538386034236923550e+00
2.538387015698765570e+00
2.538387996635200317e+00
2.538388977045800576e+00
2.538389956930136915e+00
2.538390936287781230e+00
2.538391915135156385e+00
2.538392893438135012e+00
2.538393871229992715e+00
2.538394848510318713e+00
2.538395825244950554e+00
2.538396801484072096e+00
2.538397777176642833e+00
2.538398752355985000e+00
2.538399727021682040e+00
2.538400701173316065e+00
2.538401674793572038e+00
2.538402647898920783e+00
2.538403620472035715e+00
2.538404592546311456e+00
2.538405564087509614e+00
2.538406535112117446e+00
2.538407505636642192e+00
2.538408475626817040e+00
2.538409445099143014e+00
2.538410414070144228e+00
2.538411382522465676e+00
2.538412350455688138e+00
2.538413317869395058e+00
2.538414284780119878e+00
2.538415251170493825e+00
2.538416217040097678e+00
2.538417182405476424e+00
2.538418147249252854e+00
2.538419111587982613e+00
2.538420075421258915e+00
2.538421038731681012e+00
2.538422001535823647e+00
2.538422963833276480e+00
2.538423925606626774e+00
2.538424886889469434e+00
2.538425847647380884e+00
2.538426807896956738e+00
2.538427767654807710e+00
2.538428726886484910e+00
2.538429685625627208e+00
2.538430643837765288e+00
2.538431601556554007e+00
2.538432558764553093e+00
2.538433515461350432e+00
2.538434471663589154e+00
2.538435427353811225e+00
2.538436382548668213e+00
2.538437337230697199e+00
2.538438291399479407e+00
2.538439245071686834e+00
2.538440198246913582e+00
2.538441150907677635e+00
2.538442103087745316e+00
2.538443054735447291e+00
2.538444005901652201e+00
2.538444956568873145e+00
2.538445906719597023e+00
2.538446856370526028e+00
2.538447805538374347e+00
2.538448754188512346e+00
2.538449702354778292e+00
2.538450650019651977e+00
2.538451597165594986e+00
2.538452543826475782e+00
2.538453490001904456e+00
2.538454435674340814e+00
2.538455380843385623e+00
2.538456325508633871e+00
2.538457269686847262e+00
2.538458213360466953e+00
2.538459156546261308e+00
2.538460099243844859e+00
2.538461041435642329e+00
2.538461983138436295e+00
2.538462924351835071e+00
2.538463865058255831e+00
2.538464805274491365e+00
2.538465745017354003e+00
2.538466684252052019e+00
2.538467622995389306e+00
2.538468561246978616e+00
2.538469499006423824e+00
2.538470436273335018e+00
2.538471373047320512e+00
2.538472309345220168e+00
2.538473245132176093e+00
2.538474180442273465e+00
2.538475115275130367e+00
2.538476049595859596e+00
2.538476983438570755e+00
2.538477916802883261e+00
2.538478849671151671e+00
2.538479782060250933e+00
2.538480713952525392e+00
2.538481645364861095e+00
2.538482576279590841e+00
2.538483506713610005e+00
2.538484436666538002e+00
2.538485366137992028e+00
2.538486295127590608e+00
2.538487223617642563e+00
2.538488151642379620e+00
2.538489079166796003e+00
2.538490006225139872e+00
2.538490932782389020e+00
2.538491858872808038e+00
2.538492784478692421e+00
2.538493709599659365e+00
2.538494634235324288e+00
2.538495558402652286e+00
2.538496482083918870e+00
2.538497405278741237e+00
2.538498328004096471e+00
2.538499250242245431e+00
2.538500172010178080e+00
2.538501093290143285e+00
2.538502014099137227e+00
2.538502934436790426e+00
2.538503854285337091e+00
2.538504773661790725e+00
2.538505692565774297e+00
2.538506610979513578e+00
2.538507528920029621e+00
2.538508446404364349e+00
2.538509363397321472e+00
2.538510279915935364e+00
2.538511195959834765e+00
2.538512111546074479e+00
2.538513026639424908e+00
2.538513941274377128e+00
2.538514855415681115e+00
2.538515769097849262e+00
2.538516682303063376e+00
2.538517595048410680e+00
2.538518507316062767e+00
2.538519419105645714e+00
2.538520330434258732e+00
2.538521241284059649e+00
2.538522151672154781e+00
2.538523061598184416e+00
2.538523971044291283e+00
2.538524880010100127e+00
2.538525788530235250e+00
2.538526696569337382e+00
2.538527604144539485e+00
2.538528511237961638e+00
2.538529417884265449e+00
2.538530324048053899e+00
2.538531229764005026e+00
2.538532134996703160e+00
2.538533039780843659e+00
2.538533944080992200e+00
2.538534847931863681e+00
2.538535751298003351e+00
2.538536654214143873e+00
2.538537556679933083e+00
2.538538458659891361e+00
2.538539360188774907e+00
2.538540261248660279e+00
2.538541161856757711e+00
2.538542061995131771e+00
2.538542961663416975e+00
2.538543860878838210e+00
2.538544759641039761e+00
2.538545657932069322e+00
2.538546555769165991e+00
2.538547453134363252e+00
2.538548350044909974e+00
2.538549246500450884e+00
2.538550142500632933e+00
2.538551038045098629e+00
2.538551933115861914e+00
2.538552827747831753e+00
2.538553721905379312e+00
2.538554615623429100e+00
2.538555508866337629e+00
2.538556401669046725e+00
2.538557293995894248e+00
2.538558185881838902e+00
2.538559077308869316e+00
2.538559968294303637e+00
2.538560858802441089e+00
2.538561748868276791e+00
2.538562638473782052e+00
2.538563527636289230e+00
2.538564416337760310e+00
2.538565304595537420e+00
2.538566192391570997e+00
2.538567079743213384e+00
2.538567966632406581e+00
2.538568853076510923e+00
2.538569739057456864e+00
2.538570624610344773e+00
2.538571509699375284e+00
2.538572394341926497e+00
2.538573278519914211e+00
2.538574162268468992e+00
2.538575045551758169e+00
2.538575928404932736e+00
2.538576810792141369e+00
2.538577692748550163e+00
2.538578574238290919e+00
2.538579455296549714e+00
2.538580335905215257e+00
2.538581216063940715e+00
2.538582095772377922e+00
2.538582975030180933e+00
2.538583853854797567e+00
2.538584732228092555e+00
2.538585610167523932e+00
2.538586487654948876e+00
2.538587364690016557e+00
2.538588241290198777e+00
2.538589117437338061e+00
2.538589993148911539e+00
2.538590868406753298e+00
2.538591743246186638e+00
2.538592617613366187e+00
2.538593491561467630e+00
2.538594365054466451e+00
2.538595238109866870e+00
2.538596110727335375e+00
2.538596982906534016e+00
2.538597854647125729e+00
2.538598725930900635e+00
2.538599596793264634e+00
2.538600467216011403e+00
2.538601337180915962e+00
2.538602206723411303e+00
2.538603075825276889e+00
2.538603944486174324e+00
2.538604812723672666e+00
2.538605680501625717e+00
2.538606547855511764e+00
2.538607414767084514e+00
2.538608281253933452e+00
2.538609147279871525e+00
2.538610012898347978e+00
2.538610878073176202e+00
2.538611742804015137e+00
2.538612607108473807e+00
2.538613470968273056e+00
2.538614334401029460e+00
2.538615197406417057e+00
2.538616059966144700e+00
2.538616922097840067e+00
2.538617783801178973e+00
2.538618645075831459e+00
2.538619505903487727e+00
2.538620366301795883e+00
2.538621226270427744e+00
2.538622085827051400e+00
2.538622944935352344e+00
2.538623803612993335e+00
2.538624661859644860e+00
2.538625519674979181e+00
2.538626377076691476e+00
2.538627234028412616e+00
2.538628090565859807e+00
2.538628946670685060e+00
2.538629802342558861e+00
2.538630657599194596e+00
2.538631512422228731e+00
2.538632366811331753e+00
2.538633220784229483e+00
2.538634074322545953e+00
2.538634927425950760e+00
2.538635780112183049e+00
2.538636632380925739e+00
2.538637484213784212e+00
2.538638335628509157e+00
2.538639186624785715e+00
2.538640037184202392e+00
2.538640887324524531e+00
2.538641737045435498e+00
2.538642586328510475e+00
2.538643435191528575e+00
2.538644283652287115e+00
2.538645131674242439e+00
2.538645979275184317e+00
2.538646826454795669e+00
2.538647673212757638e+00
2.538648519548750926e+00
2.538649365462457119e+00
2.538650210953555142e+00
2.538651056039878728e+00
2.538651900684808282e+00
2.538652744924331461e+00
2.538653588739979483e+00
2.538654432131428607e+00
2.538655275116535215e+00
2.538656117676811874e+00
2.538656959830123405e+00
2.538657801539785819e+00
2.538658642860040615e+00
2.538659483736005029e+00
2.538660324221948983e+00
2.538661164281164506e+00
2.538662003913330967e+00
2.538662843136340719e+00
2.538663681949887785e+00
2.538664520353662191e+00
2.538665358329127208e+00
2.538666195894192512e+00
2.538667033030313824e+00
2.538667869773649777e+00
2.538668706105661865e+00
2.538669542007788493e+00
2.538670377497960207e+00
2.538671212575870584e+00
2.538672047259472375e+00
2.538672881511930157e+00
2.538673715351196236e+00
2.538674548795237573e+00
2.538675381825477473e+00
2.538676214423312150e+00
2.538677046625004152e+00
2.538677878430259494e+00
2.538678709802173028e+00
2.538679540777036614e+00
2.538680371336238473e+00
2.538681201497785089e+00
2.538682031243057580e+00
2.538682860571741973e+00
2.538683689501859853e+00
2.538684518014775016e+00
2.538685346128516152e+00
2.538686173842784832e+00
2.538687001138932864e+00
2.538687828016648051e+00
2.538688654512332832e+00
2.538689480588977254e+00
2.538690306264633101e+00
2.538691131520633970e+00
2.538691956393412497e+00
2.538692780845925867e+00
2.538693604896243627e+00
2.538694428544066461e+00
2.538695251789091056e+00
2.538696074631021204e+00
2.538696897069553593e+00
2.538697719104388906e+00
2.538698540716812779e+00
2.538699361961761269e+00
2.538700182783695247e+00
2.538701003200728668e+00
2.538701823230987031e+00
2.538702642837315615e+00
2.538703462056274951e+00
2.538704280887577713e+00
2.538705099294039425e+00
2.538705917312249483e+00
2.538706734941917453e+00
2.538707552145833990e+00
2.538708368979079033e+00
2.538709185385967793e+00
2.538710001421605078e+00
2.538710817030277234e+00
2.538711632267124596e+00
2.538712447094887636e+00
2.538713261513266595e+00
2.538714075540452697e+00
2.538714889176157730e+00
2.538715702420092590e+00
2.538716515253451433e+00
2.538717327712966210e+00
2.538718139761315662e+00
2.538718951416721659e+00
2.538719762660364143e+00
2.538720573529005264e+00
2.538721384003832515e+00
2.538722194066003190e+00
2.538723003752314966e+00
2.538723813043934463e+00
2.538724621940571247e+00
2.538725430441931330e+00
2.538726238547724279e+00
2.538727046257657438e+00
2.538727853571437265e+00
2.538728660507350909e+00
2.538729467046537014e+00
2.538730273188700703e+00
2.538731078952144227e+00
2.538731884317988019e+00
2.538732689285942534e+00
2.538733493874316238e+00
2.538734298064221129e+00
2.538735101855362331e+00
2.538735905284687178e+00
2.538736708296053912e+00
2.538737510926413865e+00
2.538738313175488592e+00
2.538739115042993433e+00
2.538739916510007077e+00
2.538740717594881957e+00
2.538741518278683884e+00
2.538742318598433023e+00
2.538743118516537667e+00
2.538743918051369342e+00
2.538744717202644718e+00
2.538745515951409182e+00
2.538746314334725085e+00
2.538747112314954979e+00
2.538747909929184754e+00
2.538748707139751204e+00
2.538749503983760647e+00
2.538750300423536999e+00
2.538751096496197235e+00
2.538751892182760983e+00
2.538752687482944914e+00
2.538753482396467032e+00
2.538754276923042674e+00
2.538755071062386293e+00
2.538755864832956455e+00
2.538756658215734596e+00
2.538757451229185946e+00
2.538758243835544270e+00
2.538759036072013142e+00
2.538759827938323888e+00
2.538760619415447728e+00
2.538761410503093341e+00
2.538762201219752157e+00
2.538762991565151061e+00
2.538763781520237739e+00
2.538764571084729749e+00
2.538765360295917706e+00
2.538766149115957660e+00
2.538766937544564950e+00
2.538767725600251879e+00
2.538768513301560947e+00
2.538769300591790401e+00
2.538770087527097097e+00
2.538770874069574468e+00
2.538771660256591733e+00
2.538772446050226783e+00
2.538773231469027447e+00
2.538774016512723719e+00
2.538774801181038931e+00
2.538775585473702634e+00
2.538776369390439491e+00
2.538777152930974168e+00
2.538777936095039767e+00
2.538778718882356511e+00
2.538779501292652618e+00
2.538780283344528765e+00
2.538781064999962922e+00
2.538781846296441991e+00
2.538782627233698186e+00
2.538783407773687273e+00
2.538784187953917026e+00
2.538784967755222777e+00
2.538785747196235842e+00
2.538786526238871577e+00
2.538787304939592815e+00
2.538788083260307360e+00
2.538788861200739433e+00
2.538789638779545221e+00
2.538790415977525416e+00
2.538791192813345976e+00
2.538791969267799153e+00
2.538792745359558012e+00
2.538793521088360983e+00
2.538794296434984332e+00
2.538795071437079720e+00
2.538795846037495085e+00
2.538796620292856243e+00
2.538797394183934575e+00
2.538798167691488583e+00
2.538798940834225970e+00
2.538799713611882503e+00
2.538800486024193503e+00
2.538801258051899268e+00
2.538802029732727839e+00
2.538802801047416846e+00
2.538803571995709163e+00
2.538804342558317106e+00
2.538805112773009576e+00
2.538805882620507326e+00
2.538806652100547012e+00
2.538807421212861737e+00
2.538808189976228924e+00
2.538808958352305911e+00
2.538809726378914000e+00
2.538810494036745080e+00
2.538811261344596115e+00
2.538812028264086251e+00
2.538812794833070985e+00
2.538813561051298962e+00
2.538814326899440754e+00
2.538815092377230798e+00
2.538815857503489148e+00
2.538816622258871725e+00
2.538817386643111185e+00
2.538818150694141185e+00
2.538818914354411760e+00
2.538819677680964837e+00
2.538820440635336961e+00
2.538821203217259459e+00
2.538821965445588802e+00
2.538822727320069639e+00
2.538823488840449283e+00
2.538824249987336579e+00
2.538825010779607982e+00
2.538825771217004146e+00
2.538826531299275491e+00
2.538827291026161781e+00
2.538828050378256762e+00
2.538828809393613550e+00
2.538829568033658113e+00
2.538830326336464438e+00
2.538831084263438953e+00
2.538831841833493641e+00
2.538832599065561357e+00
2.538833355921015666e+00
2.538834112437978519e+00
2.538834868577812376e+00
2.538835624378651623e+00
2.538836379821046041e+00
2.538837134904744275e+00
2.538837889629482092e+00
2.538838644014232315e+00
2.538839398039521633e+00
2.538840151705097803e+00
2.538840905029937201e+00
2.538841657975314803e+00
2.538842410598696198e+00
2.538843162842104206e+00
2.538843914743775798e+00
2.538844666303467612e+00
2.538845417501672586e+00
2.538846168357399957e+00
2.538846918851136447e+00
2.538847668982620931e+00
2.538848418790159656e+00
2.538849168215666197e+00
2.538849917316738924e+00
2.538850666054556449e+00
2.538851414448163091e+00
2.538852162478002494e+00
2.538852910182442635e+00
2.538853657522620821e+00
2.538854404498279038e+00
2.538855151147804801e+00
2.538855897451637311e+00
2.538856643390200674e+00
2.538857388982572516e+00
2.538858134228506813e+00
2.538858879127755763e+00
2.538859623699427637e+00
2.538860367904578030e+00
2.538861111762307665e+00
2.538861855272370072e+00
2.538862598434518780e+00
2.538863341248506877e+00
2.538864083733465282e+00
2.538864825850398965e+00
2.538865567637816234e+00
2.538866309076099448e+00
2.538867050164994588e+00
2.538867790923660550e+00
2.538868531313050347e+00
2.538869271371724690e+00
2.538870011099445101e+00
2.538870750457145942e+00
2.538871489483410571e+00
2.538872228178001400e+00
2.538872966501824813e+00
2.538873704512925489e+00
2.538874442152762700e+00
2.538875179479406885e+00
2.538875916434291558e+00
2.538876653075514689e+00
2.538877389363938697e+00
2.538878125299314448e+00
2.538878860900861234e+00
2.538879596168343689e+00
2.538880331082049580e+00
2.538881065661211078e+00
2.538881799905593262e+00
2.538882533814960318e+00
2.538883267369580921e+00
2.538884000588705447e+00
2.538884733472098532e+00
2.538885466019523030e+00
2.538886198211228962e+00
2.538886930086003524e+00
2.538887661604578128e+00
2.538888392786230241e+00
2.538889123650254653e+00
2.538889854157355241e+00
2.538890584326824573e+00
2.538891314158419732e+00
2.538892043671460819e+00
2.538892772826611299e+00
2.538893501662737862e+00
2.538894230140491981e+00
2.538894958298757221e+00
2.538895686117735639e+00
2.538896413597194091e+00
2.538897140756472659e+00
2.538897867556173971e+00
2.538898594035229106e+00
2.538899320173818808e+00
2.538900045991304477e+00
2.538900771467857087e+00
2.538901496603235941e+00
2.538902221416817540e+00
2.538902945888761309e+00
2.538903670018823888e+00
2.538904393826395989e+00
2.538905117291619717e+00
2.538905840433892891e+00
2.538906563252989024e+00
2.538907285729038676e+00
2.538908007861800264e+00
2.538908729690345645e+00
2.538909451155483055e+00
2.538910172315952174e+00
2.538910893132198865e+00
2.538911613623661800e+00
2.538912333770434238e+00
2.538913053611641324e+00
2.538913773107695171e+00
2.538914492258357747e+00
2.538915211102779068e+00
2.538915929601342381e+00
2.538916647793221237e+00
2.538917365638782453e+00
2.538918083157493566e+00
2.538918800349133420e+00
2.538919517213471977e+00
2.538920233750282307e+00
2.538920949959336149e+00
2.538921665840405240e+00
2.538922381393263095e+00
2.538923096617680564e+00
2.538923811513429385e+00
2.538924526080282629e+00
2.538925240337770894e+00
2.538925954246150418e+00
2.538926667844717322e+00
2.538927381113482262e+00
2.538928094052216977e+00
2.538928806660694093e+00
2.538929518958469078e+00
2.538930230925536158e+00
2.538930942561666626e+00
2.538931653886431050e+00
2.538932364879808112e+00
2.538933075541569551e+00
2.538933785891301032e+00
2.538934495908964806e+00
2.538935205614155421e+00
2.538935914986831133e+00
2.538936624026758793e+00
2.538937332753546716e+00
2.538938041166978632e+00
2.538938749246990145e+00
2.538939457013205114e+00
2.538940164445547598e+00
2.538940871563647228e+00
2.538941578367290841e+00
2.538942284836388286e+00
2.538942990990583404e+00
2.538943696829657704e+00
2.538944402333515260e+00
2.538945107541692892e+00
2.538945812414209691e+00
2.538946516950828070e+00
2.538947221191123482e+00
2.538947925114983128e+00
2.538948628702280441e+00
2.538949331972697010e+00
2.538950034926015675e+00
2.538950737562017057e+00
2.538951439880484440e+00
2.538952141881195779e+00
2.538952843583873964e+00
2.538953544948427510e+00
2.538954245994571313e+00
2.538954946722086436e+00
2.538955647130753057e+00
2.538956347220352683e+00
2.538957047010629964e+00
2.538957746481411704e+00
2.538958445612503834e+00
2.538959144443628801e+00
2.538959842974582326e+00
2.538960541165182327e+00
2.538961239055179231e+00
2.538961936624371862e+00
2.538962633872538177e+00
2.538963330819462794e+00
2.538964027444932547e+00
2.538964723748726726e+00
2.538965419750639274e+00
2.538966115430444148e+00
2.538966810807948171e+00
2.538967505862911089e+00
2.538968200595112634e+00
2.538968895044414253e+00
2.538969589150484651e+00
2.538970282953189717e+00
2.538970976452323391e+00
2.538971669627616556e+00
2.538972362498912894e+00
2.538973055045935290e+00
2.538973747288537197e+00
2.538974439226509894e+00
2.538975130859643770e+00
2.538975822167645724e+00
2.538976513170383420e+00
2.538977203847553543e+00
2.538977894239135669e+00
2.538978584304723007e+00
2.538979274064203207e+00
2.538979963517371541e+00
2.538980652643893166e+00
2.538981341483798726e+00
2.538982030016760927e+00
2.538982718222440038e+00
2.538983406120749464e+00
2.538984093731621705e+00
2.538984781014567815e+00
2.538985467989516742e+00
2.538986154656257099e+00
2.538986841034741815e+00
2.538987527084445084e+00
2.538988212845479264e+00
2.538988898277302564e+00
2.538989583420047325e+00
2.538990268253334737e+00
2.538990952776952525e+00
2.538991636990691969e+00
2.538992320894342569e+00
2.538993004507895890e+00
2.538993687810946476e+00
2.538994370803286937e+00
2.538995053484703668e+00
2.538995735875206439e+00
2.538996417954373364e+00
2.538997099721994388e+00
2.538997781198091275e+00
2.538998462362226149e+00
2.538999143234433209e+00
2.538999823794267030e+00
2.539000504041514894e+00
2.539001183996221211e+00
2.539001863658190139e+00
2.539002543006955825e+00
2.539003222042306440e+00
2.539003900784305934e+00
2.539004579232754022e+00
2.539005257367170643e+00
2.539005935187341745e+00
2.539006612733641255e+00
2.539007289965288461e+00
2.539007966902373958e+00
2.539008643524391928e+00
2.539009319851439628e+00
2.539009995883319881e+00
2.539010671619831516e+00
2.539011347040450950e+00
2.539012022165293203e+00
2.539012696994161988e+00
2.539013371526854801e+00
2.539014045742829406e+00
2.539014719682568977e+00
2.539015393305180446e+00
2.539016066651166526e+00
2.539016739679615942e+00
2.539017412410681018e+00
2.539018084844162360e+00
2.539018756979859681e+00
2.539019428817571367e+00
2.539020100357097576e+00
2.539020771618627048e+00
2.539021442561184116e+00
2.539022113204953968e+00
2.539022783570137776e+00
2.539023453615734116e+00
2.539024123382351394e+00
2.539024792849385648e+00
2.539025462016637036e+00
2.539026130883902166e+00
2.539026799471410634e+00
2.539027467738105504e+00
2.539028135724650248e+00
2.539028803410412038e+00
2.539029470815636902e+00
2.539030137919685792e+00
2.539030804722355761e+00
2.539031471243906157e+00
2.539032137443217430e+00
2.539032803381482850e+00
2.539033468997105913e+00
2.539034134351306093e+00
2.539034799382458463e+00
2.539035464131321973e+00
2.539036128597709219e+00
2.539036792760931860e+00
2.539037456620788280e+00
2.539038120218089389e+00
2.539038783491124107e+00
2.539039446501226038e+00
2.539040109186652572e+00
2.539040771608770175e+00
2.539041433726336727e+00
2.539042095559685741e+00
2.539042757088086688e+00
2.539043418331882407e+00
2.539044079290880163e+00
2.539044739964892106e+00
2.539045400333169056e+00
2.539046060416069395e+00
2.539046720213403496e+00
2.539047379724979514e+00
2.539048038950608266e+00
2.539048697869520144e+00
2.539049356502090404e+00
2.539050014848132530e+00
2.539050672907457340e+00
2.539051330679869878e+00
2.539051988165180074e+00
2.539052645363198302e+00
2.539053302273730939e+00
2.539053958896590135e+00
2.539054615231580492e+00
2.539055271278513271e+00
2.539055927037196625e+00
2.539056582507439153e+00
2.539057237689047231e+00
2.539057892581833009e+00
2.539058547185596648e+00
2.539059201520808884e+00
2.539059855545971356e+00
2.539060509302202284e+00
2.539061162768657454e+00
2.539061815945144129e+00
2.539062468831470909e+00
2.539063121448122740e+00
2.539063773774241195e+00
2.539064425809629100e+00
2.539065077574789164e+00
2.539065729048842535e+00
2.539066380231598696e+00
2.539067031122865803e+00
2.539067681743156335e+00
2.539068332092296654e+00
2.539068982128662721e+00
2.539069631914228076e+00
2.539070281386630601e+00
2.539070930587137731e+00
2.539071579515564281e+00
2.539072228150991428e+00
2.539072876493222886e+00
2.539073524583572272e+00
2.539074172359598869e+00
2.539074819883382794e+00
2.539075467092456240e+00
2.539076114048926414e+00
2.539076760711073355e+00
2.539077407099483707e+00
2.539078053193192908e+00
2.539078699012794704e+00
2.539079344558109241e+00
2.539079989808157301e+00
2.539080634804348868e+00
2.539081279504901811e+00
2.539081923909622063e+00
2.539082568059948919e+00
2.539083211914069604e+00
2.539083855492616060e+00
2.539084498795407541e+00
2.539085141822262415e+00
2.539085784572997717e+00
2.539086427047433148e+00
2.539087069224536641e+00
2.539087711145822546e+00
2.539088352769403478e+00
2.539088994115947351e+00
2.539089635206139839e+00
2.539090275998068691e+00
2.539090916512412477e+00
2.539091556769871083e+00
2.539092196728505613e+00
2.539092836429899691e+00
2.539093475832092217e+00
2.539094114976690797e+00
2.539094753842619401e+00
2.539095392429693732e+00
2.539096030737733045e+00
2.539096668766554377e+00
2.539097306515972541e+00
2.539097944006734053e+00
2.539098581217737571e+00
2.539099218148797021e+00
2.539099854799732547e+00
2.539100491191302655e+00
2.539101127302387795e+00
2.539101763132808109e+00
2.539102398703336760e+00
2.539103033992839098e+00
2.539103669001133046e+00
2.539104303728033418e+00
2.539104938194333361e+00
2.539105572399862787e+00
2.539106206323465287e+00
2.539106839964955675e+00
2.539107473345145749e+00
2.539108106442866220e+00
2.539108739278933324e+00
2.539109371832172002e+00
2.539110004123407371e+00
2.539110636131451493e+00
2.539111267877141920e+00
2.539111899339282719e+00
2.539112530538715440e+00
2.539113161475275326e+00
2.539113792127746017e+00
2.539114422516988157e+00
2.539115052642828996e+00
2.539115682484046843e+00
2.539116312061511227e+00
2.539116941353987578e+00
2.539117570403428559e+00
2.539118199167529344e+00
2.539118827667180334e+00
2.539119455881128751e+00
2.539120083851361009e+00
2.539120711535537644e+00
2.539121338954567708e+00
2.539121966108277118e+00
2.539122592996496675e+00
2.539123219597942960e+00
2.539123845954657455e+00
2.539124472024243406e+00
2.539125097848760060e+00
2.539125723385796007e+00
2.539126348656293608e+00
2.539126973681218757e+00
2.539127598418128073e+00
2.539128222887982567e+00
2.539128847090605934e+00
2.539129471046981834e+00
2.539130094714632691e+00
2.539130718114534169e+00
2.539131341267678366e+00
2.539131964152737453e+00
2.539132586748358289e+00
2.539133209096717803e+00
2.539133831176467737e+00
2.539134452987434010e+00
2.539135074550641136e+00
2.539135695823526717e+00
2.539136316848311203e+00
2.539136937603627686e+00
2.539137558089299418e+00
2.539138178326371786e+00
2.539138798293461008e+00
2.539139417990393000e+00
2.539140037416992790e+00
2.539140656594321754e+00
2.539141275500978345e+00
2.539141894136787592e+00
2.539142512522825079e+00
2.539143130637675938e+00
2.539143748502421083e+00
2.539144366095639427e+00
2.539144983438420766e+00
2.539145600509334688e+00
2.539146217308201336e+00
2.539146833856130048e+00
2.539147450131672201e+00
2.539148066155946015e+00
2.539148681928782292e+00
2.539149297428728413e+00
2.539149912655600971e+00
2.539150527630538612e+00
2.539151142353375690e+00
2.539151756802631610e+00
2.539152370999457009e+00
2.539152984943686242e+00
2.539153598613826723e+00
2.539154212031036195e+00
2.539154825195155674e+00
2.539155438084673921e+00
2.539156050720764668e+00
2.539156663103268485e+00
2.539157275232018840e+00
2.539157887085491616e+00
2.539158498684876086e+00
2.539159110030011046e+00
2.539159721120733071e+00
2.539160331935495840e+00
2.539160942516896835e+00
2.539161552822003287e+00
2.539162162872034667e+00
2.539162772666826218e+00
2.539163382206215402e+00
2.539163991490039241e+00
2.539164600518132087e+00
2.539165209268912538e+00
2.539165817785049573e+00
2.539166426044965341e+00
2.539167034027063341e+00
2.539167641774039641e+00
2.539168249264302180e+00
2.539168856497685756e+00
2.539169463452578768e+00
2.539170070171710147e+00
2.539170676633470514e+00
2.539171282837695554e+00
2.539171888805690891e+00
2.539172494494356780e+00
2.539173099924992627e+00
2.539173705118919599e+00
2.539174310054494565e+00
2.539174914731555432e+00
2.539175519149939220e+00
2.539176123330976864e+00
2.539176727231509556e+00
2.539177330894378581e+00
2.539177934319429397e+00
2.539178537463475660e+00
2.539179140369383525e+00
2.539179743015474777e+00
2.539180345401581995e+00
2.539180947549077416e+00
2.539181549436267726e+00
2.539182151084534489e+00
2.539182752472172844e+00
2.539183353599019810e+00
2.539183954486463612e+00
2.539184555112793173e+00
2.539185155499410040e+00
2.539185755624587593e+00
2.539186355488160629e+00
2.539186955111543575e+00
2.539187554494585886e+00
2.539188153615541399e+00
2.539188752495841417e+00
2.539189351113732229e+00
2.539189949490651799e+00
2.539190547604837089e+00
2.539191145477736278e+00
2.539191743087577890e+00
2.539192340455818542e+00
2.539192937582304133e+00
2.539193534466881008e+00
2.539194131087760375e+00
2.539194727444774369e+00
2.539195323581047603e+00
2.539195919453139716e+00
2.539196515082537520e+00
2.539197110469088248e+00
2.539197705590974241e+00
2.539198300469695635e+00
2.539198895105098774e+00
2.539199489497029560e+00
2.539200083623652571e+00
2.539200677528174133e+00
2.539201271167069507e+00
2.539201864561868582e+00
2.539202457712414152e+00
2.539203050618554780e+00
2.539203643280134592e+00
2.539204235675285748e+00
2.539204827847276302e+00
2.539205419752519788e+00
2.539206011434304244e+00
2.539206602849020999e+00
2.539207194018242131e+00
2.539207784963551706e+00
2.539208375641316628e+00
2.539208966094871567e+00
2.539209556280561664e+00
2.539210146241740240e+00
2.539210735934736007e+00
2.539211325402918273e+00
2.539211914624370348e+00
2.539212503598939463e+00
2.539213092326467969e+00
2.539213680806801321e+00
2.539214269039783645e+00
2.539214857047057183e+00
2.539215444784876041e+00
2.539216032296682357e+00
2.539216619560524801e+00
2.539217206576246166e+00
2.539217793365510012e+00
2.539218379906351242e+00
2.539218966198611760e+00
2.539219552242137024e+00
2.539220138036772489e+00
2.539220723604199925e+00
2.539221308944279443e+00
2.539221894013164782e+00
2.539222478854398446e+00
2.539223063445976258e+00
2.539223647809607076e+00
2.539224231923278730e+00
2.539224815786832234e+00
2.539225399421991991e+00
2.539225982806730730e+00
2.539226565962780846e+00
2.539227148868103967e+00
2.539227731544442257e+00
2.539228313969748907e+00
2.539228896165774518e+00
2.539229478110463400e+00
2.539230059803659678e+00
2.539230641289044854e+00
2.539231222500715646e+00
2.539231803504288454e+00
2.539232384233832462e+00
2.539232964754990274e+00
2.539233545023745542e+00
2.539234125061889280e+00
2.539234704847324053e+00
2.539235284401850201e+00
2.539235863725322062e+00
2.539236442795630211e+00
2.539237021634586977e+00
2.539237600242047144e+00
2.539238178595888407e+00
2.539238756717935974e+00
2.539239334608043741e+00
2.539239912266069155e+00
2.539240489669868595e+00
2.539241066841286365e+00
2.539241643780177249e+00
2.539242220486396029e+00
2.539242796959799264e+00
2.539243373178219798e+00
2.539243949185548743e+00
2.539244524937597003e+00
2.539245100456239967e+00
2.539245675741330643e+00
2.539246250792723814e+00
2.539246825588229672e+00
2.539247400171789515e+00
2.539247974521215312e+00
2.539248548614302603e+00
2.539249122495021993e+00
2.539249696119101785e+00
2.539250269530529902e+00
2.539250842685018661e+00
2.539251415626573749e+00
2.539251988310888386e+00
2.539252560781986467e+00
2.539253133017639996e+00
2.539253704995600103e+00
2.539254276759919549e+00
2.539254848288355682e+00
2.539255419580761508e+00
2.539255990636991811e+00
2.539256561479022345e+00
2.539257132062465061e+00
2.539257702431425567e+00
2.539258272541494499e+00
2.539258842436797003e+00
2.539259412117200299e+00
2.539259981538268818e+00
2.539260550744152134e+00
2.539261119690397805e+00
2.539261688421174945e+00
2.539262256936350326e+00
2.539262825213616459e+00
2.539263393230646315e+00
2.539263961053830787e+00
2.539264528616485883e+00
2.539265095962834451e+00
2.539265663070547241e+00
2.539266229961676835e+00
2.539266796613883770e+00
2.539267363027023272e+00
2.539267929223160358e+00
2.539268495179940022e+00
2.539269060919442378e+00
2.539269626419302206e+00
2.539270191679372513e+00
2.539270756721742739e+00
2.539271321546279214e+00
2.539271886130600731e+00
2.539272450474558962e+00
2.539273014600261114e+00
2.539273578485313987e+00
2.539274142151833225e+00
2.539274705599684268e+00
2.539275268806458818e+00
2.539275831772007663e+00
2.539276394518467317e+00
2.539276957045701000e+00
2.539277519353575485e+00
2.539278081419657163e+00
2.539278643243798150e+00
2.539279204870464213e+00
2.539279766254908033e+00
2.539280327396984838e+00
2.539280888341183928e+00
2.539281449042734451e+00
2.539282009501487192e+00
2.539282569761961650e+00
2.539283129779358550e+00
2.539283689575871694e+00
2.539284249151365636e+00
2.539284808483353473e+00
2.539285367594041443e+00
2.539285926483294098e+00
2.539286485150975992e+00
2.539287043596950344e+00
2.539287601798708494e+00
2.539288159800857425e+00
2.539288717558507269e+00
2.539289275093898457e+00
2.539289832406892877e+00
2.539290389497355083e+00
2.539290946342747102e+00
2.539291502987732763e+00
2.539292059409778979e+00
2.539292615586327795e+00
2.539293171562076346e+00
2.539293727292049496e+00
2.539294282820956372e+00
2.539294838103804963e+00
2.539295393162884995e+00
2.539295948020503069e+00
2.539296502631637864e+00
2.539297057041046468e+00
2.539297611203692018e+00
2.539298165164343146e+00
2.539298718900415253e+00
2.539299272411768449e+00
2.539299825675791045e+00
2.539300378737290309e+00
2.539300931596145894e+00
2.539301484207252990e+00
2.539302036592956391e+00
2.539302588775615988e+00
2.539303140732605435e+00
2.539303692463787510e+00
2.539304243969024100e+00
2.539304795248177982e+00
2.539305346323632584e+00
2.539305897150210711e+00
2.539306447772824882e+00
2.539306998191348974e+00
2.539307548360580480e+00
2.539308098325454566e+00
2.539308648063299589e+00
2.539309197596529621e+00
2.539309746879906182e+00
2.539310295958400854e+00
2.539310844831890623e+00
2.539311393477678092e+00
2.539311941895625591e+00
2.539312490085593232e+00
2.539313038070029283e+00
2.539313585826219466e+00
2.539314133376618265e+00
2.539314680698502968e+00
2.539315227814337383e+00
2.539315774701391248e+00
2.539316321359522899e+00
2.539316867811210354e+00
2.539317414033708697e+00
2.539317960049504386e+00
2.539318505835841400e+00
2.539319051415217299e+00
2.539319596787503297e+00
2.539320141929933605e+00
2.539320686842367891e+00
2.539321231547317925e+00
2.539321776044660250e+00
2.539322320311607317e+00
2.539322864370683774e+00
2.539323408199095855e+00
2.539323951819377978e+00
2.539324495231406686e+00
2.539325038412368674e+00
2.539325581384813901e+00
2.539326124148617136e+00
2.539326666680953970e+00
2.539327209004386354e+00
2.539327751118791276e+00
2.539328293001326564e+00
2.539328834674570601e+00
2.539329376138395933e+00
2.539329917369953726e+00
2.539330458414561509e+00
2.539330999226637964e+00
2.539331539828781459e+00
2.539332080198121844e+00
2.539332620380016614e+00
2.539333160328844929e+00
2.539333700067226918e+00
2.539334239595031129e+00
2.539334778912135437e+00
2.539335317995639052e+00
2.539335856890954091e+00
2.539336395552405090e+00
2.539336934002640156e+00
2.539337472264314499e+00
2.539338010291733116e+00
2.539338548107552107e+00
2.539339085711642241e+00
2.539339623081069863e+00
2.539340160261319923e+00
2.539340697229459209e+00
2.539341233985362489e+00
2.539341770528900533e+00
2.539342306837116148e+00
2.539342842955538693e+00
2.539343378861212308e+00
2.539343914554012649e+00
2.539344450033809153e+00
2.539344985300475255e+00
2.539345520353883501e+00
2.539346055193904217e+00
2.539346589820412170e+00
2.539347124233277686e+00
2.539347658455247903e+00
2.539348192440447960e+00
2.539348726234507581e+00
2.539349259814421167e+00
2.539349793180060377e+00
2.539350326331298202e+00
2.539350859268004079e+00
2.539351391990052775e+00
2.539351924520225179e+00
2.539352456835492156e+00
2.539352988935721811e+00
2.539353520820789356e+00
2.539354052513493443e+00
2.539354583990785397e+00
2.539355115252536876e+00
2.539355646298618652e+00
2.539356177151850247e+00
2.539356707789163892e+00
2.539357238210429912e+00
2.539357768438482488e+00
2.539358298450237417e+00
2.539358828245568134e+00
2.539359357847319476e+00
2.539359887232396584e+00
2.539360416400670672e+00
2.539360945375000345e+00
2.539361474132275642e+00
2.539362002695369380e+00
2.539362531041160054e+00
2.539363059169516657e+00
2.539363587103324438e+00
2.539364114819449014e+00
2.539364642340783185e+00
2.539365169644184572e+00
2.539365696752555301e+00
2.539366223642740117e+00
2.539366750337654910e+00
2.539367276814134655e+00
2.539367803095100129e+00
2.539368329157381421e+00
2.539368855023905081e+00
2.539369380671492316e+00
2.539369906123082554e+00
2.539370431355485458e+00
2.539370956391649781e+00
2.539371481231453842e+00
2.539372005851699754e+00
2.539372530275347373e+00
2.539373054502276794e+00
2.539373578509275475e+00
2.539374102319313931e+00
2.539374625909168515e+00
2.539375149301820400e+00
2.539375672497154124e+00
2.539376195495052002e+00
2.539376718272269962e+00
2.539377240851809159e+00
2.539377763233551022e+00
2.539378285394237267e+00
2.539378807356887258e+00
2.539379329121377538e+00
2.539379850687593976e+00
2.539380372032259192e+00
2.539380893178406318e+00
2.539381414125917225e+00
2.539381934874674229e+00
2.539382455424559648e+00
2.539382975752275229e+00
2.539383495880874975e+00
2.539384015833431985e+00
2.539384535563451006e+00
2.539385055070801922e+00
2.539385574401761936e+00
2.539386093533014144e+00
2.539386612441233204e+00
2.539387131172717638e+00
2.539387649680922010e+00
2.539388167988940737e+00
2.539388686119887328e+00
2.539389204027181268e+00
2.539389721733937400e+00
2.539390239240033154e+00
2.539390756545352179e+00
2.539391273649775016e+00
2.539391790553183981e+00
2.539392307255461834e+00
2.539392823756486450e+00
2.539393340056140147e+00
2.539393856177583952e+00
2.539394372074148087e+00
2.539394887768986475e+00
2.539395403261980988e+00
2.539395918576306865e+00
2.539396433665259245e+00
2.539396948575315616e+00
2.539397463283062262e+00
2.539397977765062819e+00
2.539398492067826751e+00
2.539399006191241703e+00
2.539399520088553075e+00
2.539400033782957866e+00
2.539400547297674393e+00
2.539401060609254301e+00
2.539401573717580796e+00
2.539402086622529975e+00
2.539402599323988596e+00
2.539403111845192740e+00
2.539403624162673179e+00
2.539404136276309565e+00
2.539404648185983771e+00
2.539405159914953192e+00
2.539405671416347765e+00
2.539406182760195030e+00
2.539406693876225862e+00
2.539407204811102048e+00
2.539407715541314392e+00
2.539408226066744767e+00
2.539408736410681211e+00
2.539409246549604759e+00
2.539409756483394176e+00
2.539410266235352598e+00
2.539410775781947294e+00
2.539411285123057915e+00
2.539411794281998702e+00
2.539412303235225821e+00
2.539412812006059283e+00
2.539413320570947263e+00
2.539413828953220875e+00
2.539414337129315413e+00
2.539414845099111417e+00
2.539415352885954213e+00
2.539415860466266217e+00
2.539416367863402968e+00
2.539416875053775779e+00
2.539417382060751294e+00
2.539417888860729722e+00
2.539418395477089696e+00
2.539418901886218549e+00
2.539419408111503795e+00
2.539419914152837521e+00
2.539420419986597732e+00
2.539420925612664526e+00
2.539421431054438294e+00
2.539421936311813344e+00
2.539422441361147698e+00
2.539422946225859956e+00
2.539423450882299704e+00
2.539423955353891316e+00
2.539424459640528653e+00
2.539424963718546646e+00
2.539425467611384768e+00
2.539425971318935993e+00
2.539426474817522816e+00
2.539426978130598034e+00
2.539427481258051955e+00
2.539427984176195530e+00
2.539428486908494431e+00
2.539428989454840746e+00
2.539429491815121676e+00
2.539429993965636179e+00
2.539430495929862808e+00
2.539430997707695425e+00
2.539431499275409454e+00
2.539432000656502986e+00
2.539432501850868107e+00
2.539433002858395128e+00
2.539433503678977022e+00
2.539434004288868785e+00
2.539434504735229581e+00
2.539435004970671983e+00
2.539435505018726058e+00
2.539436004855627260e+00
2.539436504528573835e+00
2.539437003990140607e+00
2.539437503287544473e+00
2.539438002373341607e+00
2.539438501271089166e+00
2.539438999980676570e+00
2.539439498501995907e+00
2.539439996834940594e+00
2.539440494979395613e+00
2.539440992911555561e+00
2.539441490678711055e+00
2.539441988257048255e+00
2.539442485622751100e+00
2.539442982823131523e+00
2.539443479810647553e+00
2.539443976632632882e+00
2.539444473265257685e+00
2.539444969684677034e+00
2.539445465938251267e+00
2.539445961978387345e+00
2.539446457852473138e+00
2.539446953536650398e+00
2.539447449007050661e+00
2.539447944311080452e+00
2.539448439424873971e+00
2.539448934348322418e+00
2.539449429081315657e+00
2.539449923623743999e+00
2.539450417999284504e+00
2.539450912160257978e+00
2.539451406154132229e+00
2.539451899933211187e+00
2.539452393544979536e+00
2.539452886965533729e+00
2.539453380194761856e+00
2.539453873256373839e+00
2.539454366102624316e+00
2.539454858781048152e+00
2.539455351267714267e+00
2.539455843562513415e+00
2.539456335665333686e+00
2.539456827599912536e+00
2.539457319342302011e+00
2.539457810892391976e+00
2.539458302250070521e+00
2.539458793439093309e+00
2.539459284435493736e+00
2.539459775239160333e+00
2.539460265849983855e+00
2.539460756291736843e+00
2.539461246540432704e+00
2.539461736595961749e+00
2.539462226482110729e+00
2.539462716174879731e+00
2.539463205674159507e+00
2.539463695003746579e+00
2.539464184139630376e+00
2.539464673081701651e+00
2.539465161853772024e+00
2.539465650455743351e+00
2.539466138839651776e+00
2.539466627053248882e+00
2.539467115096436522e+00
2.539467602921223310e+00
2.539468090599339867e+00
2.539468578082789918e+00
2.539469065371458001e+00
2.539469552465239310e+00
2.539470039387986766e+00
2.539470526139605333e+00
2.539471012696018271e+00
2.539471499081095818e+00
2.539471985270752796e+00
2.539472471264878628e+00
2.539472957087356875e+00
2.539473442738090725e+00
2.539473928192975904e+00
2.539474413475910630e+00
2.539474898562781746e+00
2.539475383477495463e+00
2.539475868195933295e+00
2.539476352742009002e+00
2.539476837115626218e+00
2.539477321292646472e+00
2.539477805297000401e+00
2.539478289104543762e+00
2.539478772739215184e+00
2.539479256200915636e+00
2.539479739465488883e+00
2.539480222556883771e+00
2.539480705475003930e+00
2.539481188195675365e+00
2.539481670742865571e+00
2.539482153116474628e+00
2.539482635292317436e+00
2.539483117294370373e+00
2.539483599122540181e+00
2.539484080752622219e+00
2.539484562208611074e+00
2.539485043490408156e+00
2.539485524597913546e+00
2.539486005506907951e+00
2.539486486241404162e+00
2.539486966801303591e+00
2.539487447186505875e+00
2.539487927372773957e+00
2.539488407408278192e+00
2.539488887244642612e+00
2.539489366905904433e+00
2.539489846367805281e+00
2.539490325678557703e+00
2.539490804789743095e+00
2.539491283725418214e+00
2.539491762485482695e+00
2.539492241069839285e+00
2.539492719478386284e+00
2.539493197711025108e+00
2.539493675743463186e+00
2.539494153623981454e+00
2.539494631304090255e+00
2.539495108807882762e+00
2.539495586159469909e+00
2.539496063310332286e+00
2.539496540284580828e+00
2.539497017082113395e+00
2.539497493702828734e+00
2.539497970146626926e+00
2.539498446389171438e+00
2.539498922478834242e+00
2.539499398391281026e+00
2.539499874126409651e+00
2.539500349684122860e+00
2.539500825064316736e+00
2.539501300242629434e+00
2.539501775267485328e+00
2.539502250114521242e+00
2.539502724783640808e+00
2.539503199274739664e+00
2.539503673587719668e+00
2.539504147722479566e+00
2.539504621703214671e+00
2.539505095481239039e+00
2.539505569080739544e+00
2.539506042525929708e+00
2.539506515768089834e+00
2.539506988855745995e+00
2.539507461764487051e+00
2.539507934494210417e+00
2.539508407044817506e+00
2.539508879416207954e+00
2.539509351632619705e+00
2.539509823645274000e+00
2.539510295502760417e+00
2.539510767180633621e+00
2.539511238678791472e+00
2.539511709997136713e+00
2.539512181159934379e+00
2.539512652118347980e+00
2.539513122921024380e+00
2.539513593543488490e+00
2.539514064010028882e+00
2.539514534296165582e+00
2.539515004377399521e+00
2.539515474326820677e+00
2.539515944071137010e+00
2.539516413659054006e+00
2.539516883066068154e+00
2.539517352292078201e+00
2.539517821361408689e+00
2.539518290249541010e+00
2.539518758956373023e+00
2.539519227481804808e+00
2.539519695850175562e+00
2.539520164036951133e+00
2.539520632066480488e+00
2.539521099914221036e+00
2.539521567580067973e+00
2.539522035088388918e+00
2.539522502414620408e+00
2.539522969558665633e+00
2.539523436544898871e+00
2.539523903348747336e+00
2.539524369994600850e+00
2.539524836457873302e+00
2.539525302738465662e+00
2.539525768860777077e+00
2.539526234824719619e+00
2.539526700581180130e+00
2.539527166203591868e+00
2.539527631618319070e+00
2.539528096898819864e+00
2.539528561971428289e+00
2.539529026885100738e+00
2.539529491639746617e+00
2.539529956210733630e+00
2.539530420622505780e+00
2.539530884850423664e+00
2.539531348918941056e+00
2.539531812803407007e+00
2.539532276528285060e+00
2.539532740068914940e+00
2.539533203449772181e+00
2.539533666670763523e+00
2.539534129707218035e+00
2.539534592559031800e+00
2.539535055275289110e+00
2.539535517782119722e+00
2.539535980153215800e+00
2.539536442339290101e+00
2.539536904364842584e+00
2.539537366205175672e+00
2.539537827884804422e+00
2.539538289379013491e+00
2.539538750736961781e+00
2.539539211884667136e+00
2.539539672895931410e+00
2.539540133721390092e+00
2.539540594385589767e+00
2.539541054888442506e+00
2.539541515205193889e+00
2.539541975360409154e+00
2.539542435353995931e+00
2.539542895161195801e+00
2.539543354806578002e+00
2.539543814290053270e+00
2.539544273611531011e+00
2.539544732746236377e+00
2.539545191718754591e+00
2.539545650528995946e+00
2.539546109176873401e+00
2.539546567637587238e+00
2.539547025935745328e+00
2.539547484071259298e+00
2.539547942044037221e+00
2.539548399853989835e+00
2.539548857476296106e+00
2.539549314960323212e+00
2.539549772256513016e+00
2.539550229389507141e+00
2.539550686334466789e+00
2.539551143140793332e+00
2.539551599783652858e+00
2.539552056238192357e+00
2.539552512529074768e+00
2.539552968656209053e+00
2.539553424619503730e+00
2.539553880418869980e+00
2.539554336054215877e+00
2.539554791525452160e+00
2.539555246832486013e+00
2.539555701950430677e+00
2.539556156928784780e+00
2.539556611717857848e+00
2.539557066367170712e+00
2.539557520827010251e+00
2.539557975122093136e+00
2.539558429277156471e+00
2.539558883242461373e+00
2.539559337042736065e+00
2.539559790677892170e+00
2.539560244172681003e+00
2.539560697477328599e+00
2.539561150616582275e+00
2.539561603615210661e+00
2.539562056423409597e+00
2.539562509065941054e+00
2.539562961567587429e+00
2.539563413878516585e+00
2.539563866048384799e+00
2.539564318027345280e+00
2.539564769865071625e+00
2.539565221536592254e+00
2.539565673041813909e+00
2.539566124380647771e+00
2.539566575553000582e+00
2.539567026558781748e+00
2.539567477397897566e+00
2.539567928095180172e+00
2.539568378600698395e+00
2.539568828964207103e+00
2.539569279160696080e+00
2.539569729190070735e+00
2.539570179052239141e+00
2.539570628747112480e+00
2.539571078299547757e+00
2.539571527659552075e+00
2.539571976876949133e+00
2.539572425926689636e+00
2.539572874808681657e+00
2.539573323547809736e+00
2.539573772119015693e+00
2.539574220522205827e+00
2.539574668757288656e+00
2.539575116824171808e+00
2.539575564747763359e+00
2.539576012502979374e+00
2.539576460089728371e+00
2.539576907507917092e+00
2.539577354782473151e+00
2.539577801888292630e+00
2.539578248825284490e+00
2.539578695593357249e+00
2.539579142217453178e+00
2.539579588672452815e+00
2.539580034983309531e+00
2.539580481124894096e+00
2.539580927097113694e+00
2.539581372899877287e+00
2.539581818558153348e+00
2.539582264046796212e+00
2.539582709390785009e+00
2.539583154564963863e+00
2.539583599569240402e+00
2.539584044403521368e+00
2.539584489092804542e+00
2.539584933637010877e+00
2.539585378010960959e+00
2.539585822214562860e+00
2.539586266272830350e+00
2.539586710160573357e+00
2.539587153877696846e+00
2.539587597449231016e+00
2.539588040849968920e+00
2.539588484104950084e+00
2.539588927188957790e+00
2.539589370127038226e+00
2.539589812893970233e+00
2.539590255514807549e+00
2.539590697964316579e+00
2.539591140267563496e+00
2.539591582399304937e+00
2.539592024359447198e+00
2.539592466198241638e+00
2.539592907840091840e+00
2.539593349335253603e+00
2.539593790683646990e+00
2.539594231860001550e+00
2.539594672889419869e+00
2.539595113771818014e+00
2.539595554456711035e+00
2.539595995019618080e+00
2.539596435410044872e+00
2.539596875653116648e+00
2.539597315723529203e+00
2.539597755646417987e+00
2.539598195396468139e+00
2.539598634998824878e+00
2.539599074453406491e+00
2.539599513734888347e+00
2.539599952868425881e+00
2.539600391828682024e+00
2.539600830640829088e+00
2.539601269304776032e+00
2.539601707795183572e+00
2.539602146137224015e+00
2.539602584330821422e+00
2.539603022375893637e+00
2.539603460247071620e+00
2.539603897969556101e+00
2.539604335517967382e+00
2.539604772917513742e+00
2.539605210168112137e+00
2.539605647269683963e+00
2.539606084196833535e+00
2.539606520974786008e+00
2.539606957603459669e+00
2.539607394057445511e+00
2.539607830387314635e+00
2.539608266542326298e+00
2.539608702522384576e+00
2.539609138378088993e+00
2.539609574058669050e+00
2.539610009589385431e+00
2.539610444970158643e+00
2.539610880200906085e+00
2.539611315256179225e+00
2.539611750186629102e+00
2.539612184941432371e+00
2.539612619545877692e+00
2.539613053974494328e+00
2.539613488277972841e+00
2.539613922405453472e+00
2.539614356382240867e+00
2.539614790233659214e+00
2.539615223883411321e+00
2.539615657407632288e+00
2.539616090780834945e+00
2.539616523977513918e+00
2.539616957048430379e+00
2.539617389942652181e+00
2.539617822685520832e+00
2.539618255302396044e+00
2.539618687742318137e+00
2.539619120030640609e+00
2.539619552141830106e+00
2.539619984126706864e+00
2.539620415959741084e+00
2.539620847640851498e+00
2.539621279144481214e+00
2.539621710521490439e+00
2.539622141720847992e+00
2.539622572793431399e+00
2.539623003688189051e+00
2.539623434456018458e+00
2.539623865045848028e+00
2.539624295508595253e+00
2.539624725793170334e+00
2.539625155950506752e+00
2.539625585929498719e+00
2.539626015781096591e+00
2.539626445454177706e+00
2.539626874999707962e+00
2.539627304366547822e+00
2.539627733605684057e+00
2.539628162691501601e+00
2.539628591598367180e+00
2.539629020377295099e+00
2.539629449002658745e+00
2.539629877474372854e+00
2.539630305792357490e+00
2.539630733956529163e+00
2.539631161966805717e+00
2.539631589848687199e+00
2.539632017550930598e+00
2.539632445124622606e+00
2.539632872518502005e+00
2.539633299783676357e+00
2.539633726894467980e+00
2.539634153850796494e+00
2.539634580652577966e+00
2.539635007325348859e+00
2.539635433817794663e+00
2.539635860181073568e+00
2.539636286389483466e+00
2.539636712442942645e+00
2.539637138341367617e+00
2.539637564084675780e+00
2.539637989698435128e+00
2.539638415156920903e+00
2.539638840460051838e+00
2.539639265607740892e+00
2.539639690599909905e+00
2.539640115462145076e+00
2.539640540168702110e+00
2.539640964719495742e+00
2.539641389114444259e+00
2.539641813379156954e+00
2.539642237487865550e+00
2.539642661440488336e+00
2.539643085236942710e+00
2.539643508902853952e+00
2.539643932412439131e+00
2.539644355765613426e+00
2.539644778988019880e+00
2.539645202053857354e+00
2.539645624963045023e+00
2.539646047715497179e+00
2.539646470336873740e+00
2.539646892801359801e+00
2.539647315134619276e+00
2.539647737310830600e+00
2.539648159329907617e+00
2.539648581191766397e+00
2.539649002922095278e+00
2.539649424495047825e+00
2.539649845936319927e+00
2.539650267220058044e+00
2.539650688346179130e+00
2.539651109340391510e+00
2.539651530176828320e+00
2.539651950855404738e+00
2.539652371401845077e+00
2.539652791816075617e+00
2.539653212046399489e+00
2.539653632144355910e+00
2.539654052109876048e+00
2.539654471917060619e+00
2.539654891591657471e+00
2.539655311081924882e+00
2.539655730465286698e+00
2.539656149689996312e+00
2.539656568755967569e+00
2.539656987688972301e+00
2.539657406463081024e+00
2.539657825104072231e+00
2.539658243586009778e+00
2.539658661908805293e+00
2.539659080124133439e+00
2.539659498154287931e+00
2.539659916050945654e+00
2.539660333814035109e+00
2.539660751417591289e+00
2.539661168887429543e+00
2.539661586223479262e+00
2.539662003373848620e+00
2.539662420416183508e+00
2.539662837298590325e+00
2.539663254020981142e+00
2.539663670609204615e+00
2.539664087063184805e+00
2.539664503356915404e+00
2.539664919516255726e+00
2.539665335515184363e+00
2.539665751379569514e+00
2.539666167109342787e+00
2.539666582678465900e+00
2.539666998112826590e+00
2.539667413386379025e+00
2.539667828550989714e+00
2.539668243528663716e+00
2.539668658397252088e+00
2.539669073078733685e+00
2.539669487650987545e+00
2.539669902061962858e+00
2.539670316337574008e+00
2.539670730477752159e+00
2.539671144456413288e+00
2.539671558299486875e+00
2.539671972006905865e+00
2.539672385552569800e+00
2.539672798962423705e+00
2.539673212236398303e+00
2.539673625348380259e+00
2.539674038324329253e+00
2.539674451164174673e+00
2.539674863867841026e+00
2.539675276409204763e+00
2.539675688814238441e+00
2.539676101082871895e+00
2.539676513188963813e+00
2.539676925158500964e+00
2.539677336991413625e+00
2.539677748687629411e+00
2.539678160247076821e+00
2.539678571643590121e+00
2.539678982903183169e+00
2.539679394025782688e+00
2.539679805011315850e+00
2.539680215833598709e+00
2.539680626518665996e+00
2.539681037092562654e+00
2.539681447476857201e+00
2.539681857749835014e+00
2.539682267885308153e+00
2.539682677857062920e+00
2.539683087691158025e+00
2.539683497387520639e+00
2.539683906946079706e+00
2.539684316366763284e+00
2.539684725649493657e+00
2.539685134768041141e+00
2.539685543748485319e+00
2.539685952616927977e+00
2.539686361320955044e+00
2.539686769886662532e+00
2.539687178313975835e+00
2.539687586602827452e+00
2.539687994726942399e+00
2.539688402738641937e+00
2.539688810585452927e+00
2.539689218319711728e+00
2.539689625888928326e+00
2.539690033345456399e+00
2.539690440636787283e+00
2.539690847789063621e+00
2.539691254802214360e+00
2.539691661676164891e+00
2.539692068410844605e+00
2.539692475006179784e+00
2.539692881462097596e+00
2.539693287778524322e+00
2.539693693955388909e+00
2.539694099992617637e+00
2.539694505890137677e+00
2.539694911647877085e+00
2.539695317265760366e+00
2.539695722743718242e+00
2.539696128081673443e+00
2.539696533279556689e+00
2.539696938337293375e+00
2.539697343254811113e+00
2.539697748032035740e+00
2.539698152668895759e+00
2.539698557165317006e+00
2.539698961521226650e+00
2.539699365762875694e+00
2.539699769837546750e+00
2.539700173797819982e+00
2.539700577590963348e+00
2.539700981269566782e+00
2.539701384780882254e+00
2.539701788177525899e+00
2.539702191433081069e+00
2.539702594547474490e+00
2.539702997520632444e+00
2.539703400352482987e+00
2.539703803042949293e+00
2.539704205618340094e+00
2.539704608025826982e+00
2.539705010318101586e+00
2.539705412468706847e+00
2.539705814477572599e+00
2.539706216344626011e+00
2.539706618069789812e+00
2.539707019679403821e+00
2.539707421146992328e+00
2.539707822446060081e+00
2.539708223629371986e+00
2.539708624670436343e+00
2.539709025595615177e+00
2.539709426351967725e+00
2.539709826992296637e+00
2.539710227490092898e+00
2.539710627845281454e+00
2.539711028084246092e+00
2.539711428154004302e+00
2.539711828107402702e+00
2.539712227917903853e+00
2.539712627585439364e+00
2.539713027136413004e+00
2.539713426544279784e+00
2.539713825808969094e+00
2.539714224930401443e+00
2.539714623935003690e+00
2.539715022796213084e+00
2.539715421513955018e+00
2.539715820088154441e+00
2.539716218545256421e+00
2.539716616858676002e+00
2.539717015028339908e+00
2.539717413080703423e+00
2.539717810989174929e+00
2.539718208753675821e+00
2.539718606374134602e+00
2.539719003877022985e+00
2.539719401235728036e+00
2.539719798476734347e+00
2.539720195573416994e+00
2.539720592525701814e+00
2.539720989333517753e+00
2.539721386023361838e+00
2.539721782568594932e+00
2.539722178995726054e+00
2.539722575278105410e+00
2.539722971415659725e+00
2.539723367434910450e+00
2.539723763309197579e+00
2.539724159065048337e+00
2.539724554649182675e+00
2.539724950141359017e+00
2.539725345461666617e+00
2.539725740689897204e+00
2.539726135746108060e+00
2.539726530683483752e+00
2.539726925475322528e+00
2.539727320148194245e+00
2.539727714675387826e+00
2.539728109083481122e+00
2.539728503345757726e+00
2.539728897488803039e+00
2.539729291485889551e+00
2.539729685336942655e+00
2.539730079068560187e+00
2.539730472680686191e+00
2.539730866146569621e+00
2.539731259466138091e+00
2.539731652666009865e+00
2.539732045719422349e+00
2.539732438653008018e+00
2.539732831466703811e+00
2.539733224133732925e+00
2.539733616654024306e+00
2.539734009054221531e+00
2.539734401307537581e+00
2.539734793440628025e+00
2.539735185453430688e+00
2.539735577319144788e+00
2.539735969064439214e+00
2.539736360662503412e+00
2.539736752113262330e+00
2.539737143470155001e+00
2.539737534679610498e+00
2.539737925741550217e+00
2.539738316682672803e+00
2.539738707476139723e+00
2.539739098175437082e+00
2.539739488700159420e+00
2.539739879130588296e+00
2.539740269413086615e+00
2.539740659547577994e+00
2.539741049560791719e+00
2.539741439452664284e+00
2.539741829196322076e+00
2.539742218818504149e+00
2.539742608319150108e+00
2.539742997671373459e+00
2.539743386901927025e+00
2.539743776010749077e+00
2.539744164970937135e+00
2.539744553809260896e+00
2.539744942498808111e+00
2.539745331066356027e+00
2.539745719511845135e+00
2.539746107835209710e+00
2.539746496009521515e+00
2.539746884061576448e+00
2.539747271964436059e+00
2.539747659744905128e+00
2.539748047402922371e+00
2.539748434938420729e+00
2.539748822324448874e+00
2.539749209587827572e+00
2.539749596728493763e+00
2.539749983746386608e+00
2.539750370614527242e+00
2.539750757359759969e+00
2.539751143982020842e+00
2.539751530454321227e+00
2.539751916803518306e+00
2.539752303029545466e+00
2.539752689132340979e+00
2.539753075111843561e+00
2.539753460941040597e+00
2.539753846646809698e+00
2.539754232229086917e+00
2.539754617660846314e+00
2.539755002995950139e+00
2.539755388180401141e+00
2.539755773241100911e+00
2.539756158151004417e+00
2.539756542964008990e+00
2.539756927626081850e+00
2.539757312191139427e+00
2.539757696605128956e+00
2.539758080867978052e+00
2.539758465033626678e+00
2.539758849075008929e+00
2.539759232965048685e+00
2.539759616730687064e+00
2.539760000371865445e+00
2.539760383888515882e+00
2.539760767280578424e+00
2.539761150520950306e+00
2.539761533663641657e+00
2.539761916654504681e+00
2.539762299520518241e+00
2.539762682288676743e+00
2.539763064904803969e+00
2.539763447368823535e+00
2.539763829734802414e+00
2.539764211975614749e+00
2.539764594091196148e+00
2.539764976054398549e+00
2.539765357892235897e+00
2.539765739631736352e+00
2.539766121218656636e+00
2.539766502680016913e+00
2.539766884015758119e+00
2.539767265252930173e+00
2.539767646337246720e+00
2.539768027295752351e+00
2.539768408101257258e+00
2.539768788807946542e+00
2.539769169388635284e+00
2.539769549843259533e+00
2.539769930171754453e+00
2.539770310374056539e+00
2.539770690422948007e+00
2.539771070372671247e+00
2.539771450196011582e+00
2.539771829892904176e+00
2.539772209436111705e+00
2.539772588879914750e+00
2.539772968197078651e+00
2.539773347387540348e+00
2.539773726424044753e+00
2.539774105360905754e+00
2.539774484170872704e+00
2.539774862853881210e+00
2.539775241409867768e+00
2.539775619838769316e+00
2.539775998140521018e+00
2.539776376315056705e+00
2.539776754362317313e+00
2.539777132282234451e+00
2.539777510074744615e+00
2.539777887767028286e+00
2.539778265304540650e+00
2.539778642714454193e+00
2.539779020023959166e+00
2.539779397205747191e+00
2.539779774232489462e+00
2.539780151158645527e+00
2.539780527956890577e+00
2.539780904627161995e+00
2.539781281169393168e+00
2.539781657610810761e+00
2.539782033896774482e+00
2.539782410054509221e+00
2.539782786111246971e+00
2.539783162039634945e+00
2.539783537839605199e+00
2.539783913511096447e+00
2.539784289054041633e+00
2.539784664468378139e+00
2.539785039781368159e+00
2.539785414965630483e+00
2.539785789993761256e+00
2.539786164947707814e+00
2.539786539745395366e+00
2.539786914414096319e+00
2.539787288981095958e+00
2.539787663391631867e+00
2.539788037700350110e+00
2.539788411907199617e+00
2.539788785957383332e+00
2.539789159878201197e+00
2.539789533696971802e+00
2.539789907386252654e+00
2.539790280945983802e+00
2.539790654403494496e+00
2.539791027703934390e+00
2.539791400902030372e+00
2.539791773997735369e+00
2.539792146936169281e+00
2.539792519772089641e+00
2.539792892450599915e+00
2.539793265053905458e+00
2.539793637499668577e+00
2.539794009842688105e+00
2.539794382055468702e+00
2.539794754137946420e+00
2.539795126090055977e+00
2.539795497939187019e+00
2.539795869657829996e+00
2.539796241245916519e+00
2.539796612730854886e+00
2.539796984085116449e+00
2.539797355308638593e+00
2.539797726428835833e+00
2.539798097418172418e+00
2.539798468276581289e+00
2.539798839031491617e+00
2.539799209627855880e+00
2.539799580148108582e+00
2.539799950509679327e+00
2.539800320767520159e+00
2.539800690894061130e+00
2.539801060916759390e+00
2.539801430808033889e+00
2.539801800567821566e+00
2.539802170223593336e+00
2.539802539747755272e+00
2.539802909140242093e+00
2.539803278428538924e+00
2.539803647585039403e+00
2.539804016609676918e+00
2.539804385529951247e+00
2.539804754318241820e+00
2.539805123002055520e+00
2.539805491553762895e+00
2.539805860000881044e+00
2.539806228315770298e+00
2.539806596498364932e+00
2.539806964576196702e+00
2.539807332521610839e+00
2.539807700362148424e+00
2.539808068070147584e+00
2.539808435645541262e+00
2.539808803115884306e+00
2.539809170453498410e+00
2.539809537685951302e+00
2.539809904785550909e+00
2.539810271779873396e+00
2.539810638641222695e+00
2.539811005397182520e+00
2.539811372020045255e+00
2.539811738537403052e+00
2.539812104921542968e+00
2.539812471172399277e+00
2.539812837317574790e+00
2.539813203357017102e+00
2.539813569262995507e+00
2.539813935035444281e+00
2.539814300701984884e+00
2.539814666262565801e+00
2.539815031689434566e+00
2.539815397010230402e+00
2.539815762197192850e+00
2.539816127250257072e+00
2.539816492224783229e+00
2.539816857037576980e+00
2.539817221744006481e+00
2.539817586344018441e+00
2.539817950837561344e+00
2.539818315169105833e+00
2.539818679421799175e+00
2.539819043540108900e+00
2.539819407523968398e+00
2.539819771428822204e+00
2.539820135171352078e+00
2.539820498834770568e+00
2.539820862335733231e+00
2.539821225757479262e+00
2.539821589044411798e+00
2.539821952224250445e+00
2.539822315269152586e+00
2.539822678206844486e+00
2.539823041009477755e+00
2.539823403704784432e+00
2.539823766292713003e+00
2.539824128745400422e+00
2.539824491090595604e+00
2.539824853300423513e+00
2.539825215430469019e+00
2.539825577397205159e+00
2.539825939284050982e+00
2.539826301035291944e+00
2.539826662678703162e+00
2.539827024186385174e+00
2.539827385586122865e+00
2.539827746877862946e+00
2.539828108033691301e+00
2.539828469081406581e+00
2.539828830020955941e+00
2.539829190824410610e+00
2.539829551519584783e+00
2.539829912106422505e+00
2.539830272584872706e+00
2.539830632926987963e+00
2.539830993132703885e+00
2.539831353257754998e+00
2.539831713246288203e+00
2.539832073126149226e+00
2.539832432897283443e+00
2.539832792531718120e+00
2.539833152057309196e+00
2.539833511474007821e+00
2.539833870781752712e+00
2.539834229952561806e+00
2.539834589014303923e+00
2.539834947966927103e+00
2.539835306782425306e+00
2.539835665516646301e+00
2.539836024113627300e+00
2.539836382573300355e+00
2.539836740951538108e+00
2.539837099192354231e+00
2.539837457323657510e+00
2.539837815345395100e+00
2.539838173257514597e+00
2.539838531031967772e+00
2.539838888696684283e+00
2.539839246251613503e+00
2.539839603696698589e+00
2.539839961031887583e+00
2.539840318229108718e+00
2.539840675316318297e+00
2.539841032293460366e+00
2.539841389160481189e+00
2.539841745917327032e+00
2.539842102535905255e+00
2.539842459072234604e+00
2.539842815470180870e+00
2.539843171757727003e+00
2.539843527934820600e+00
2.539843883973344152e+00
2.539844239929363479e+00
2.539844595746696854e+00
2.539844951453352984e+00
2.539845307049275469e+00
2.539845662534411908e+00
2.539846017908706788e+00
2.539846373172107707e+00
2.539846728296462075e+00
2.539847083337907652e+00
2.539847438240188104e+00
2.539847793031348999e+00
2.539848147711335713e+00
2.539848502280093179e+00
2.539848856737567662e+00
2.539849211083704983e+00
2.539849565290316580e+00
2.539849919413613932e+00
2.539850273397266545e+00
2.539850627297503660e+00
2.539850981057981461e+00
2.539851334706786812e+00
2.539851688272027008e+00
2.539852041697330698e+00
2.539852395010798514e+00
2.539852748212377165e+00
2.539853101302012028e+00
2.539853454279648926e+00
2.539853807145233233e+00
2.539854159870516881e+00
2.539854512511826812e+00
2.539854865040922061e+00
2.539855217457746672e+00
2.539855569734034368e+00
2.539855921926148508e+00
2.539856274005829029e+00
2.539856625944794999e+00
2.539856977799438198e+00
2.539857329513249162e+00
2.539857681142636991e+00
2.539858032659317644e+00
2.539858384034987981e+00
2.539858735326085082e+00
2.539859086476052852e+00
2.539859437541347020e+00
2.539859788493661785e+00
2.539860139304668696e+00
2.539860490030851903e+00
2.539860840643888729e+00
2.539861191115440953e+00
2.539861541502018927e+00
2.539861891775286207e+00
2.539862241935188614e+00
2.539862591981671969e+00
2.539862941914680761e+00
2.539863291734159922e+00
2.539863641440054831e+00
2.539863991032308643e+00
2.539864340510870733e+00
2.539864689904011819e+00
2.539865039155023485e+00
2.539865388320514672e+00
2.539865737343757424e+00
2.539866086281378443e+00
2.539866435104983111e+00
2.539866783786161264e+00
2.539867132381566250e+00
2.539867480862790128e+00
2.539867829258148912e+00
2.539868177510851588e+00
2.539868525649205733e+00
2.539868873701543350e+00
2.539869221611044559e+00
2.539869569434426211e+00
2.539869917143251499e+00
2.539870264737464467e+00
2.539870612217006496e+00
2.539870959581825627e+00
2.539871306860281841e+00
2.539871653995490419e+00
2.539872001044235716e+00
2.539872347978044065e+00
2.539872694796860397e+00
2.539873041500630979e+00
2.539873388089298523e+00
2.539873734591257204e+00
2.539874080978009818e+00
2.539874427221048059e+00
2.539874773377222450e+00
2.539875119446490803e+00
2.539875465371873808e+00
2.539875811210248191e+00
2.539876156933096318e+00
2.539876502540358683e+00
2.539876848031983769e+00
2.539877193407913403e+00
2.539877538696589276e+00
2.539877883869469777e+00
2.539878228926496728e+00
2.539878573867614175e+00
2.539878918721286460e+00
2.539879263430424583e+00
2.539879608052014515e+00
2.539879952586013179e+00
2.539880296975305818e+00
2.539880641276902828e+00
2.539880985462222185e+00
2.539881329531204379e+00
2.539881673483794788e+00
2.539882017348495058e+00
2.539882361096699626e+00
2.539882704728354756e+00
2.539883048271974086e+00
2.539883391698940507e+00
2.539883735009197618e+00
2.539884078202688134e+00
2.539884421307948781e+00
2.539884764267747563e+00
2.539885107167810130e+00
2.539885449922298477e+00
2.539885792588358893e+00
2.539886135137335632e+00
2.539886477569174517e+00
2.539886819912438920e+00
2.539887162138461552e+00
2.539887504275817776e+00
2.539887846267192106e+00
2.539888188169796557e+00
2.539888529983586718e+00
2.539888871651224456e+00
2.539889213229945319e+00
2.539889554691051821e+00
2.539889896063144636e+00
2.539890237317517840e+00
2.539890578454115477e+00
2.539890919501554656e+00
2.539891260431115683e+00
2.539891601271425436e+00
2.539891941965061406e+00
2.539892282598037454e+00
2.539892623084226475e+00
2.539892963480967936e+00
2.539893303759509724e+00
2.539893643948506696e+00
2.539893984019200524e+00
2.539894323971535250e+00
2.539894663834180388e+00
2.539895003578359400e+00
2.539895343232755565e+00
2.539895682768583463e+00
2.539896022214532145e+00
2.539896361513059642e+00
2.539896700750357894e+00
2.539897039840121273e+00
2.539897378839807818e+00
2.539897717749370010e+00
2.539898056539999338e+00
2.539898395211634075e+00
2.539898733793000130e+00
2.539899072255270340e+00
2.539899410627176835e+00
2.539899748879879127e+00
2.539900087042127552e+00
2.539900425085067415e+00
2.539900763008645868e+00
2.539901100841617243e+00
2.539901438555122404e+00
2.539901776177925896e+00
2.539902113709985088e+00
2.539902451093592806e+00
2.539902788415188795e+00
2.539903125588220512e+00
2.539903462699152126e+00
2.539903799661406669e+00
2.539904136561473624e+00
2.539904473312749378e+00
2.539904809972890476e+00
2.539905146541852510e+00
2.539905482990719499e+00
2.539905819348310168e+00
2.539906155585704983e+00
2.539906491731726224e+00
2.539906827757443697e+00
2.539907163691694336e+00
2.539907499505536848e+00
2.539907835227815713e+00
2.539908170858490521e+00
2.539908506339688010e+00
2.539908841758093949e+00
2.539909177055831080e+00
2.539909512232844779e+00
2.539909847318006619e+00
2.539910182311273967e+00
2.539910517183666450e+00
2.539910851964066740e+00
2.539911186623484252e+00
2.539911521190814980e+00
2.539911855666016294e+00
2.539912190020079397e+00
2.539912524252950110e+00
2.539912858393541750e+00
2.539913192441809908e+00
2.539913526368729357e+00
2.539913860203231621e+00
2.539914193945269627e+00
2.539914527565805713e+00
2.539914861093784726e+00
2.539915194500153905e+00
2.539915527813868312e+00
2.539915861005868969e+00
2.539916194105117153e+00
2.539916527111569788e+00
2.539916860025180245e+00
2.539917192816876224e+00
2.539917525486598215e+00
2.539917858063331035e+00
2.539918190547028498e+00
2.539918522937648415e+00
2.539918855206094062e+00
2.539919187381363130e+00
2.539919519434350015e+00
2.539919851394064843e+00
2.539920183260464537e+00
2.539920515004427060e+00
2.539920846684057931e+00
2.539921178212069197e+00
2.539921509675661326e+00
2.539921841016612447e+00
2.539922172234866160e+00
2.539922503388573283e+00
2.539922834419484410e+00
2.539923165356654966e+00
2.539923496170923389e+00
2.539923826891357539e+00
2.539924157517908121e+00
2.539924488050534723e+00
2.539924818460055356e+00
2.539925148775552977e+00
2.539925478996982733e+00
2.539925809095152420e+00
2.539926139099156988e+00
2.539926469008952470e+00
2.539926798795332008e+00
2.539927128516572985e+00
2.539927458085126322e+00
2.539927787588453612e+00
2.539928116997340002e+00
2.539928446282556873e+00
2.539928775473236033e+00
2.539929104540138649e+00
2.539929433541606052e+00
2.539929762419196990e+00
2.539930091202065476e+00
2.539930419860950916e+00
2.539930748454233722e+00
2.539931076923435782e+00
2.539931405297726208e+00
2.539931733547829307e+00
2.539932061732159241e+00
2.539932389792205925e+00
2.539932717757152680e+00
2.539933045626955543e+00
2.539933373372317504e+00
2.539933701051698911e+00
2.539934028606538163e+00
2.539934356066047449e+00
2.539934683430183249e+00
2.539935010669621462e+00
2.539935337842867735e+00
2.539935664891319167e+00
2.539935991844205709e+00
2.539936318701488283e+00
2.539936645433817475e+00
2.539936972099745560e+00
2.539937298640622565e+00
2.539937625085703310e+00
2.539937951434944274e+00
2.539938277658978727e+00
2.539938603816399798e+00
2.539938929848514881e+00
2.539939255813937535e+00
2.539939581653955614e+00
2.539939907397855023e+00
2.539940233045590912e+00
2.539940558567764128e+00
2.539940884023033529e+00
2.539941209352643003e+00
2.539941534585899330e+00
2.539941859722759432e+00
2.539942184763178457e+00
2.539942509707107554e+00
2.539942834554508089e+00
2.539943159305332099e+00
2.539943483930134249e+00
2.539943808458263064e+00
2.539944132919075059e+00
2.539944457253720866e+00
2.539944781491557002e+00
2.539945105632535061e+00
2.539945429676611965e+00
2.539945753623742419e+00
2.539946077444448669e+00
2.539946401197546777e+00
2.539946724824120317e+00
2.539947048383004002e+00
2.539947371815264088e+00
2.539947695150297058e+00
2.539948018388060724e+00
2.539948341557969780e+00
2.539948664601056727e+00
2.539948987546736259e+00
2.539949310394962190e+00
2.539949633116207917e+00
2.539949955769387202e+00
2.539950278324978772e+00
2.539950600782935997e+00
2.539950923113712733e+00
2.539951245376259603e+00
2.539951567541038013e+00
2.539951889578486277e+00
2.539952211547581662e+00
2.539952533389246980e+00
2.539952855162480372e+00
2.539953176808183333e+00
2.539953498385372210e+00
2.539953819834928961e+00
2.539954141215890804e+00
2.539954462469121932e+00
2.539954783624119194e+00
2.539955104710396316e+00
2.539955425668793065e+00
2.539955746528819613e+00
2.539956067320002564e+00
2.539956387983156816e+00
2.539956708577384425e+00
2.539957029043481196e+00
2.539957349440571832e+00
2.539957669709430377e+00
2.539957989909199298e+00
2.539958309980636653e+00
2.539958629982902671e+00
2.539958949856736314e+00
2.539959269661316021e+00
2.539959589337363433e+00
2.539959908944073863e+00
2.539960228451783486e+00
2.539960547860447448e+00
2.539960867140376610e+00
2.539961186350804478e+00
2.539961505462048574e+00
2.539961824474062713e+00
2.539962143386802929e+00
2.539962462200218152e+00
2.539962780943937126e+00
2.539963099558577575e+00
2.539963418073758916e+00
2.539963736519117887e+00
2.539964054835248675e+00
2.539964373081472715e+00
2.539964691228065341e+00
2.539965009245275240e+00
2.539965327192455380e+00
2.539965645039865105e+00
2.539965962787456899e+00
2.539966280435184576e+00
2.539966598012726173e+00
2.539966915460593277e+00
2.539967232808456821e+00
2.539967550086011272e+00
2.539967867263481338e+00
2.539968184340819501e+00
2.539968501317980909e+00
2.539968818194919375e+00
2.539969134971587827e+00
2.539969451647939636e+00
2.539969768253700799e+00
2.539970084729287869e+00
2.539970401134200362e+00
2.539970717438622572e+00
2.539971033642504317e+00
2.539971349745804741e+00
2.539971665778270715e+00
2.539971981680269053e+00
2.539972297511349453e+00
2.539972613241673560e+00
2.539972928871188973e+00
2.539973244399853058e+00
2.539973559827617855e+00
2.539973875154437621e+00
2.539974190410101862e+00
2.539974505564734031e+00
2.539974820618293272e+00
2.539975135570729847e+00
2.539975450451852357e+00
2.539975765201912150e+00
2.539976079880572168e+00
2.539976394457933662e+00
2.539976708933950889e+00
2.539977023338452433e+00
2.539977337611647012e+00
2.539977651813240200e+00
2.539977965913312374e+00
2.539978279911816017e+00
2.539978593838603693e+00
2.539978907633837490e+00
2.539979221357270056e+00
2.539979534978957343e+00
2.539979848528769235e+00
2.539980161946831405e+00
2.539980475292933360e+00
2.539980788537113732e+00
2.539981101679324560e+00
2.539981414749457489e+00
2.539981727717537829e+00
2.539982040583517620e+00
2.539982353347351118e+00
2.539982666038949510e+00
2.539982978598354091e+00
2.539983291085437855e+00
2.539983603500167497e+00
2.539983915782559887e+00
2.539984227992512889e+00
2.539984540100012733e+00
2.539984852134995474e+00
2.539985164037447340e+00
2.539985475867300835e+00
2.539985787594519095e+00
2.539986099249063933e+00
2.539986410800890049e+00
2.539986722249950368e+00
2.539987033596198707e+00
2.539987344869614638e+00
2.539987656040131991e+00
2.539987967107705469e+00
2.539988278102326191e+00
2.539988588993918217e+00
2.539988899782437137e+00
2.539989210497882510e+00
2.539989521080112223e+00
2.539989831619247074e+00
2.539990142025070785e+00
2.539990452357663298e+00
2.539990762586915807e+00
2.539991072742861178e+00
2.539991382765299122e+00
2.539991692714344218e+00
2.539992002589963604e+00
2.539992312362026716e+00
2.539992622030484704e+00
2.539992931625400630e+00
2.539993241086514253e+00
2.539993550504115127e+00
2.539993859787819996e+00
2.539994168997821600e+00
2.539994478103952957e+00
2.539994787136302001e+00
2.539995096064698199e+00
2.539995404919236144e+00
2.539995713639586761e+00
2.539996022316147517e+00
2.539996330858423246e+00
2.539996639326681738e+00
2.539996947690719598e+00
2.539997255980662061e+00
2.539997564166299071e+00
2.539997872277764301e+00
2.539998180254652738e+00
2.539998488187474646e+00
2.539998795985624724e+00
2.539999103739639441e+00
2.539999411358887738e+00
2.539999718903725778e+00
2.540000026343906647e+00
2.540000333709600433e+00
2.540000640970550450e+00
2.540000948156936111e+00
2.540001255238493627e+00
2.540001562215175035e+00
2.540001869117171740e+00
2.540002175914207072e+00
2.540002482636481318e+00
2.540002789253707149e+00
2.540003095796095067e+00
2.540003402233350194e+00
2.540003708565422791e+00
2.540004014822536238e+00
2.540004320974383667e+00
2.540004627051195119e+00
2.540004933022653510e+00
2.540005238918998209e+00
2.540005544709906360e+00
2.540005850425622658e+00
2.540006156035814477e+00
2.540006461570738061e+00
2.540006767000049681e+00
2.540007072323702264e+00
2.540007377571967595e+00
2.540007682744811479e+00
2.540007987811872425e+00
2.540008292773097587e+00
2.540008597658783174e+00
2.540008902468892771e+00
2.540009207173044459e+00
2.540009511771188944e+00
2.540009816293637979e+00
2.540010120709995434e+00
2.540010425050578391e+00
2.540010729315355320e+00
2.540011033473910995e+00
2.540011337526203228e+00
2.540011641502565531e+00
2.540011945402966820e+00
2.540012249196975880e+00
2.540012552884545638e+00
2.540012856496031812e+00
2.540013160031399320e+00
2.540013463460201848e+00
2.540013766812808438e+00
2.540014070058763451e+00
2.540014373228443922e+00
2.540014676291387108e+00
2.540014979277977591e+00
2.540015282157741972e+00
2.540015584961078154e+00
2.540015887687950169e+00
2.540016190307869515e+00
2.540016492820789562e+00
2.540016795287586060e+00
2.540017097616838360e+00
2.540017399899898720e+00
2.540017702075794581e+00
2.540018004144476649e+00
2.540018306136382797e+00
2.540018608051478832e+00
2.540018909859234952e+00
2.540019211559603196e+00
2.540019513213542357e+00
2.540019814760016370e+00
2.540020116198976385e+00
2.540020417560891364e+00
2.540020718845724890e+00
2.540021020022920073e+00
2.540021321122955644e+00
2.540021622145797409e+00
2.540021923060872489e+00
2.540022223868132478e+00
2.540022524628626321e+00
2.540022825281225582e+00
2.540023125825882744e+00
2.540023426293111619e+00
2.540023726682878014e+00
2.540024026995145956e+00
2.540024327199304377e+00
2.540024627295308424e+00
2.540024927344275429e+00
2.540025227285006348e+00
2.540025527117455439e+00
2.540025826872168491e+00
2.540026126549113972e+00
2.540026426148256355e+00
2.540026725638947713e+00
2.540027025051756926e+00
2.540027324356027627e+00
2.540027623582337579e+00
2.540027922730651255e+00
2.540028221770298522e+00
2.540028520731871353e+00
2.540028819615334221e+00
2.540029118420653820e+00
2.540029417117138699e+00
2.540029715704742230e+00
2.540030014244741174e+00
2.540030312675779278e+00
2.540030611028480045e+00
2.540030909272130710e+00
2.540031207437364991e+00
2.540031505524146915e+00
2.540031803532443622e+00
2.540032101431522804e+00
2.540032399252037276e+00
2.540032696963245407e+00
2.540032994626516771e+00
2.540033292180404079e+00
2.540033589655576129e+00
2.540033887021274417e+00
2.540034184308180176e+00
2.540034481516253884e+00
2.540034778645464009e+00
2.540035075665032949e+00
2.540035372605657038e+00
2.540035669467301638e+00
2.540035966219178043e+00
2.540036262891995023e+00
2.540036559485717049e+00
2.540036856000308152e+00
2.540037152404964971e+00
2.540037448730410485e+00
2.540037744976612277e+00
2.540038041143533931e+00
2.540038337200352103e+00
2.540038633177806204e+00
2.540038929075867813e+00
2.540039224894500069e+00
2.540039520602856982e+00
2.540039816231705494e+00
2.540040111781006527e+00
2.540040407250728549e+00
2.540040702610007362e+00
2.540040997920455457e+00
2.540041293089547736e+00
2.540041588209738244e+00
2.540041883250161447e+00
2.540042178179936272e+00
2.540042473029859860e+00
2.540042767799902457e+00
2.540043062490027204e+00
2.540043357069331709e+00
2.540043651568637983e+00
2.540043945987910945e+00
2.540044240327115510e+00
2.540044534586215264e+00
2.540044828734285165e+00
2.540045122802169875e+00
2.540045416789835642e+00
2.540045710697244274e+00
2.540046004524362466e+00
2.540046298240239420e+00
2.540046591906662155e+00
2.540046885461766379e+00
2.540047178936427841e+00
2.540047472299678422e+00
2.540047765613341557e+00
2.540048058815515208e+00
2.540048351937093774e+00
2.540048645008991635e+00
2.540048937938323981e+00
2.540049230817904125e+00
2.540049523616747962e+00
2.540049816303852293e+00
2.540050108910135052e+00
2.540050401435564709e+00
2.540050693880105293e+00
2.540050986243723052e+00
2.540051278526377576e+00
2.540051570697040795e+00
2.540051862817661377e+00
2.540052154826210717e+00
2.540052446753645388e+00
2.540052738599931637e+00
2.540053030365032605e+00
2.540053322048912765e+00
2.540053613620507633e+00
2.540053905141834267e+00
2.540054196550795229e+00
2.540054487878382616e+00
2.540054779124561346e+00
2.540055070289294115e+00
2.540055361372544951e+00
2.540055652374279660e+00
2.540055943294460050e+00
2.540056234101985222e+00
2.540056524858945508e+00
2.540056815503169751e+00
2.540057106065686909e+00
2.540057396546461455e+00
2.540057686945459192e+00
2.540057977262641042e+00
2.540058267497972810e+00
2.540058557651418081e+00
2.540058847722940882e+00
2.540059137712505688e+00
2.540059427588957419e+00
2.540059717414490770e+00
2.540060007126831998e+00
2.540060296757058911e+00
2.540060586336275517e+00
2.540060875802175211e+00
2.540061165185854897e+00
2.540061454487275938e+00
2.540061743706406805e+00
2.540062032843207085e+00
2.540062321897642139e+00
2.540062610869675996e+00
2.540062899759272241e+00
2.540063188566394015e+00
2.540063477259824065e+00
2.540063765901884985e+00
2.540064054461363963e+00
2.540064342907026873e+00
2.540064631301225617e+00
2.540064919581531022e+00
2.540065207810306092e+00
2.540065495925103001e+00
2.540065783988308734e+00
2.540066071937457259e+00
2.540066359834947107e+00
2.540066647618297146e+00
2.540066935318692209e+00
2.540067222967338001e+00
2.540067510501717862e+00
2.540067797953034390e+00
2.540068085352505722e+00
2.540068372637589000e+00
2.540068659839498366e+00
2.540068946989467058e+00
2.540069234024925571e+00
2.540069520977100925e+00
2.540069807877239683e+00
2.540070094662745248e+00
2.540070381364856189e+00
2.540070668014837718e+00
2.540070954550060822e+00
2.540071241033086569e+00
2.540071527401275286e+00
2.540071813717203142e+00
2.540072099918208259e+00
2.540072386035566510e+00
2.540072672100567530e+00
2.540072958081857291e+00
2.540073243948060444e+00
2.540073529761811333e+00
2.540073815460393902e+00
2.540074101106459814e+00
2.540074386668630169e+00
2.540074672146868995e+00
2.540074957541140321e+00
2.540075242851405068e+00
2.540075528046253694e+00
2.540075813188394704e+00
2.540076098277802341e+00
2.540076383251680170e+00
2.540076668141368454e+00
2.540076952946832556e+00
2.540077237668033838e+00
2.540077522336341875e+00
2.540077806888912715e+00
2.540078091388526804e+00
2.540078375772318431e+00
2.540078660103092023e+00
2.540078944349389634e+00
2.540079228511177067e+00
2.540079512588416577e+00
2.540079796581073523e+00
2.540080080489107495e+00
2.540080364312484740e+00
2.540080648051166179e+00
2.540080931736576453e+00
2.540081215305761475e+00
2.540081498821613160e+00
2.540081782221154771e+00
2.540082065567297320e+00
2.540082348828532233e+00
2.540082632004821317e+00
2.540082915096131266e+00
2.540083198133920472e+00
2.540083481055161574e+00
2.540083763891312074e+00
2.540084046673841467e+00
2.540084329371214089e+00
2.540084611951874738e+00
2.540084894478820132e+00
2.540085176952023183e+00
2.540085459308400129e+00
2.540085741579434231e+00
2.540086023796631842e+00
2.540086305896874563e+00
2.540086587943216845e+00
2.540086869904075506e+00
2.540087151779418129e+00
2.540087433569204300e+00
2.540087715304967908e+00
2.540087996923536373e+00
2.540088278488016993e+00
2.540088559966802606e+00
2.540088841359855465e+00
2.540089122667140042e+00
2.540089403888618147e+00
2.540089685024251587e+00
2.540089966105611552e+00
2.540090247101063348e+00
2.540090528010567006e+00
2.540090808834086999e+00
2.540091089571588689e+00
2.540091370254659253e+00
2.540091650851644012e+00
2.540091931330868302e+00
2.540092211755565543e+00
2.540092492125709533e+00
2.540092772377978925e+00
2.540093052575630672e+00
2.540093332686983896e+00
2.540093612711993742e+00
2.540093892650631791e+00
2.540094172502855407e+00
2.540094452300309946e+00
2.540094732011285661e+00
2.540095011635744804e+00
2.540095291173651404e+00
2.540095570624966825e+00
2.540095850021356405e+00
2.540096129331088193e+00
2.540096408554128882e+00
2.540096687690438504e+00
2.540096966771694831e+00
2.540097245734433518e+00
2.540097524642055848e+00
2.540097803494541395e+00
2.540098082228389398e+00
2.540098360907030006e+00
2.540098639498696631e+00
2.540098918003350192e+00
2.540099196420953831e+00
2.540099474783230171e+00
2.540099753058389975e+00
2.540100031246396828e+00
2.540100309347210761e+00
2.540100587392577491e+00
2.540100865350683357e+00
2.540101143221494606e+00
2.540101421004975268e+00
2.540101698732879498e+00
2.540101976373386972e+00
2.540102253926456832e+00
2.540102531392054441e+00
2.540102808801954826e+00
2.540103086124313680e+00
2.540103363359094590e+00
2.540103640506260696e+00
2.540103917597605232e+00
2.540104194601268794e+00
2.540104471549055276e+00
2.540104748377246757e+00
2.540105025149497209e+00
2.540105301833917473e+00
2.540105578462342084e+00
2.540105854971010046e+00
2.540106131423608193e+00
2.540106407820118317e+00
2.540106684096753664e+00
2.540106960317231266e+00
2.540107236481526698e+00
2.540107512525830114e+00
2.540107788513887410e+00
2.540108064413767242e+00
2.540108340257342334e+00
2.540108615980765983e+00
2.540108891647816503e+00
2.540109167258469469e+00
2.540109442780777993e+00
2.540109718214702994e+00
2.540109993560205837e+00
2.540110268849186781e+00
2.540110544049682062e+00
2.540110819161649935e+00
2.540111094217005316e+00
2.540111369183768453e+00
2.540111644061899376e+00
2.540111918883329878e+00
2.540112193616060665e+00
2.540112468260055323e+00
2.540112742847255856e+00
2.540113017345656310e+00
2.540113291755213165e+00
2.540113566107884857e+00
2.540113840371648557e+00
2.540114114546468294e+00
2.540114388664309608e+00
2.540114662693139014e+00
2.540114936664932710e+00
2.540115210547646107e+00
2.540115484341243235e+00
2.540115758045683236e+00
2.540116031692964071e+00
2.540116305283060871e+00
2.540116578751861365e+00
2.540116852163408989e+00
2.540117125517683316e+00
2.540117398782597569e+00
2.540117671958116663e+00
2.540117945044203296e+00
2.540118218072887402e+00
2.540118491044146332e+00
2.540118763893794540e+00
2.540119036718034184e+00
2.540119309420586724e+00
2.540119582065588411e+00
2.540119854620916051e+00
2.540120127118632887e+00
2.540120399526609507e+00
2.540120671876917591e+00
2.540120944137416181e+00
2.540121216308068419e+00
2.540121488420959750e+00
2.540121760443936338e+00
2.540122032376959993e+00
2.540122304252130814e+00
2.540122576069425708e+00
2.540122847796669081e+00
2.540123119433824961e+00
2.540123390980854712e+00
2.540123662469881083e+00
2.540123933900879649e+00
2.540124205241654387e+00
2.540124476492167105e+00
2.540124747684558315e+00
2.540125018786621780e+00
2.540125289830506450e+00
2.540125560783991876e+00
2.540125831679241220e+00
2.540126102484024262e+00
2.540126373198304144e+00
2.540126643854252908e+00
2.540126914419630122e+00
2.540127184926619819e+00
2.540127455342969576e+00
2.540127725700870087e+00
2.540127995968064489e+00
2.540128266176751914e+00
2.540128536294663064e+00
2.540128806321761523e+00
2.540129076290261967e+00
2.540129346200136418e+00
2.540129615986834732e+00
2.540129885747109295e+00
2.540130155416405078e+00
2.540130424994682112e+00
2.540130694514183052e+00
2.540130963942598186e+00
2.540131233312176828e+00
2.540131502590601276e+00
2.540131771810132388e+00
2.540132040938440028e+00
2.540132310007792604e+00
2.540132578985857315e+00
2.540132847904907010e+00
2.540133116732598673e+00
2.540133385501217589e+00
2.540133654178410083e+00
2.540133922764136187e+00
2.540134191323036195e+00
2.540134459758066843e+00
2.540134728133872866e+00
2.540134996450430283e+00
2.540135264675353888e+00
2.540135532840968491e+00
2.540135800914881781e+00
2.540136068929429669e+00
2.540136336852202970e+00
2.540136604715551805e+00
2.540136872487062547e+00
2.540137140199085319e+00
2.540137407851595697e+00
2.540137675412170282e+00
2.540137942880769550e+00
2.540138210289763165e+00
2.540138477606713074e+00
2.540138744863996045e+00
2.540139012061589430e+00
2.540139279167038744e+00
2.540139546212739852e+00
2.540139813166229388e+00
2.540140080059908989e+00
2.540140346861307297e+00
2.540140613602837938e+00
2.540140880252018452e+00
2.540141146841270903e+00
2.540141413338106169e+00
2.540141679774951200e+00
2.540141946151781127e+00
2.540142212436096170e+00
2.540142478660337044e+00
2.540142744791991092e+00
2.540143010863513240e+00
2.540143276842381059e+00
2.540143542761052586e+00
2.540143808619507393e+00
2.540144074385209727e+00
2.540144340090631836e+00
2.540144605703232195e+00
2.540144871255492820e+00
2.540145136714864194e+00
2.540145402113835882e+00
2.540145667452381684e+00
2.540145932697937425e+00
2.540146197883009549e+00
2.540146462975022335e+00
2.540146728006491550e+00
2.540146992977388329e+00
2.540147257855128071e+00
2.540147522672237645e+00
2.540147787396118240e+00
2.540148052059308714e+00
2.540148316661784644e+00
2.540148581170933006e+00
2.540148845619305540e+00
2.540149109974279451e+00
2.540149374268419802e+00
2.540149638501697282e+00
2.540149902641477553e+00
2.540150166720338110e+00
2.540150430705631734e+00
2.540150694629943473e+00
2.540150958493246236e+00
2.540151222262885256e+00
2.540151485971454903e+00
2.540151749618930310e+00
2.540152013172641166e+00
2.540152276665198272e+00
2.540152540063920661e+00
2.540152803401427128e+00
2.540153066677693694e+00
2.540153329892694600e+00
2.540153593013729783e+00
2.540153856040762825e+00
2.540154119039114367e+00
2.540154381943402040e+00
2.540154644753585877e+00
2.540154907535015827e+00
2.540155170222283765e+00
2.540155432815345726e+00
2.540155695346876019e+00
2.540155957816844001e+00
2.540156220225225248e+00
2.540156482539274396e+00
2.540156744791675081e+00
2.540157006982403765e+00
2.540157269078698210e+00
2.540157531113259815e+00
2.540157793053317903e+00
2.540158054931579645e+00
2.540158316748022838e+00
2.540158578502619946e+00
2.540158840162582088e+00
2.540159101760636418e+00
2.540159363296760731e+00
2.540159624738147492e+00
2.540159886117542065e+00
2.540160147434916471e+00
2.540160408657456070e+00
2.540160669817914219e+00
2.540160930916266935e+00
2.540161191919681816e+00
2.540161452893738403e+00
2.540161713772798979e+00
2.540161974556820912e+00
2.540162235278588643e+00
2.540162495938076415e+00
2.540162756535258470e+00
2.540163017037272208e+00
2.540163277476916726e+00
2.540163537854168929e+00
2.540163798169001730e+00
2.540164058388535651e+00
2.540164318545586664e+00
2.540164578640131232e+00
2.540164838639276113e+00
2.540165098575852820e+00
2.540165358449835153e+00
2.540165618261197800e+00
2.540165877977027087e+00
2.540166137630175403e+00
2.540166397220614325e+00
2.540166656715423521e+00
2.540166916147462040e+00
2.540167175516705456e+00
2.540167434823127568e+00
2.540167694033783619e+00
2.540167953214480079e+00
2.540168212299350525e+00
2.540168471288353214e+00
2.540168730247322593e+00
2.540168989110363373e+00
2.540169247910381234e+00
2.540169506614401218e+00
2.540169765288290193e+00
2.540170023866119120e+00
2.540170282380810551e+00
2.540170540832340951e+00
2.540170799187708717e+00
2.540171057479851502e+00
2.540171315708744437e+00
2.540171573874359989e+00
2.540171831976671069e+00
2.540172089982658310e+00
2.540172347925279350e+00
2.540172605804510209e+00
2.540172863620322907e+00
2.540173121339677653e+00
2.540173378995552955e+00
2.540173636587921724e+00
2.540173894116760867e+00
2.540174151549006609e+00
2.540174408950697238e+00
2.540174666255734515e+00
2.540174923497124482e+00
2.540175180641793151e+00
2.540175437755806342e+00
2.540175694773033399e+00
2.540175951726500347e+00
2.540176208616180098e+00
2.540176465442044229e+00
2.540176722170991219e+00
2.540176978869145064e+00
2.540177235470315598e+00
2.540177492007559934e+00
2.540177748447750350e+00
2.540178004857051697e+00
2.540178261169239171e+00
2.540178517417381876e+00
2.540178773601454054e+00
2.540179029721429060e+00
2.540179285777280693e+00
2.540179541735854141e+00
2.540179797630242042e+00
2.540180053493554357e+00
2.540180309226353739e+00
2.540180564928024243e+00
2.540180820565401731e+00
2.540181076105308300e+00
2.540181331580861457e+00
2.540181587025193366e+00
2.540181842338791185e+00
2.540182097621119794e+00
2.540182352838987079e+00
2.540182607959184935e+00
2.540182863048046968e+00
2.540183118039176513e+00
2.540183372965729713e+00
2.540183627794479371e+00
2.540183882591795062e+00
2.540184137324454472e+00
2.540184391959217525e+00
2.540184646529261236e+00
2.540184901034560294e+00
2.540185155475084944e+00
2.540185409850812093e+00
2.540185664161713763e+00
2.540185918374519680e+00
2.540186172555687349e+00
2.540186426638697093e+00
2.540186680656764562e+00
2.540186934609864000e+00
2.540187188497966986e+00
2.540187442321049538e+00
2.540187696079083235e+00
2.540187949738763606e+00
2.540188203366613440e+00
2.540188456896049551e+00
2.540188710360318236e+00
2.540188963759397289e+00
2.540189217093256957e+00
2.540189470361871038e+00
2.540189723565212887e+00
2.540189976669942507e+00
2.540190229742653738e+00
2.540190482716691012e+00
2.540190735658665488e+00
2.540190988501902059e+00
2.540191241279694978e+00
2.540191493992019378e+00
2.540191746638846837e+00
2.540191999220151153e+00
2.540192251735904794e+00
2.540192504152720687e+00
2.540192756537292151e+00
2.540193008822860588e+00
2.540193261076135300e+00
2.540193513230348366e+00
2.540193765318839336e+00
2.540194017341582899e+00
2.540194269298551522e+00
2.540194521189718113e+00
2.540194773015055141e+00
2.540195024774538624e+00
2.540195276468137475e+00
2.540195528095826383e+00
2.540195779624160100e+00
2.540196031119942965e+00
2.540196282516309356e+00
2.540196533880079599e+00
2.540196785144368086e+00
2.540197036342574322e+00
2.540197287508120016e+00
2.540197538574088476e+00
2.540197789573894305e+00
2.540198040507510413e+00
2.540198291374909711e+00
2.540198542176066443e+00
2.540198792910950409e+00
2.540199043579538074e+00
2.540199294181800571e+00
2.540199544684222488e+00
2.540199795153749385e+00
2.540200045556868513e+00
2.540200295893553228e+00
2.540200546130273906e+00
2.540200796334005862e+00
2.540201046437709831e+00
2.540201296508379780e+00
2.540201546478956462e+00
2.540201796416456936e+00
2.540202046253799750e+00
2.540202296058021059e+00
2.540202545762022091e+00
2.540202795432851879e+00
2.540203045003399662e+00
2.540203294507178633e+00
2.540203543977720635e+00
2.540203793347881600e+00
2.540204042651194705e+00
2.540204291887628862e+00
2.540204541090735457e+00
2.540204790193335782e+00
2.540205039228975892e+00
2.540205288197628697e+00
2.540205537132862013e+00
2.540205785967462049e+00
2.540206034734993512e+00
2.540206283435426649e+00
2.540206532102350589e+00
2.540206780668514241e+00
2.540207029167500075e+00
2.540207277599277447e+00
2.540207525997455473e+00
2.540207774294744869e+00
2.540208022524744536e+00
2.540208270687428715e+00
2.540208518816421179e+00
2.540208766844396671e+00
2.540209014804973187e+00
2.540209262731792705e+00
2.540209510557495776e+00
2.540209758315722599e+00
2.540210006040116042e+00
2.540210253663301554e+00
2.540210501252612829e+00
2.540210748740651336e+00
2.540210996194768533e+00
2.540211243547549458e+00
2.540211490866362443e+00
2.540211738117487350e+00
2.540211985267176065e+00
2.540212232382830226e+00
2.540212479430711046e+00
2.540212726410790545e+00
2.540212973323042966e+00
2.540213220133699767e+00
2.540213466910207440e+00
2.540213713618804547e+00
2.540213960259462667e+00
2.540214206865911262e+00
2.540214453370613246e+00
2.540214699807294974e+00
2.540214946175926691e+00
2.540215192476483530e+00
2.540215438742713605e+00
2.540215684907038085e+00
2.540215931036992281e+00
2.540216177064976044e+00
2.540216423058540229e+00
2.540216668983871884e+00
2.540216914807137627e+00
2.540217160595917179e+00
2.540217406316378934e+00
2.540217651968497137e+00
2.540217897552244697e+00
2.540218143067592749e+00
2.540218388514513315e+00
2.540218633926818903e+00
2.540218879236809002e+00
2.540219124512135274e+00
2.540219369685081219e+00
2.540219614823317151e+00
2.540219859859109697e+00
2.540220104860147821e+00
2.540220349792544852e+00
2.540220594656275033e+00
2.540220839451309498e+00
2.540221084177621602e+00
2.540221328869072259e+00
2.540221573457860593e+00
2.540221818011739074e+00
2.540222062462892616e+00
2.540222306879091008e+00
2.540222551226407610e+00
2.540222795470899797e+00
2.540223039680368888e+00
2.540223283854796676e+00
2.540223527926314340e+00
2.540223771928812546e+00
2.540224015896200171e+00
2.540224259760579528e+00
2.540224503589803007e+00
2.540224747349903556e+00
2.540224991040856750e+00
2.540225234662632392e+00
2.540225478215199839e+00
2.540225721698533778e+00
2.540225965112608897e+00
2.540226208491372706e+00
2.540226451800827956e+00
2.540226695006959634e+00
2.540226938177711613e+00
2.540227181279068880e+00
2.540227424345011364e+00
2.540227667307507708e+00
2.540227910200525407e+00
2.540228153058059046e+00
2.540228395846069631e+00
2.540228638564529184e+00
2.540228881213408840e+00
2.540229123792682397e+00
2.540229366302321878e+00
2.540229608776341408e+00
2.540229851146631024e+00
2.540230093481254947e+00
2.540230335746142210e+00
2.540230577941263057e+00
2.540230820100656040e+00
2.540231062156164121e+00
2.540231304175899485e+00
2.540231546091686887e+00
2.540231787971651389e+00
2.540232029781690937e+00
2.540232271555871169e+00
2.540232513225980870e+00
2.540232754860184627e+00
2.540232996390251685e+00
2.540233237884368389e+00
2.540233479308395825e+00
2.540233720696434272e+00
2.540233961980215227e+00
2.540234203227957011e+00
2.540234444371376465e+00
2.540234685478708343e+00
2.540234926549942429e+00
2.540235167516763148e+00
2.540235408447436338e+00
2.540235649273632657e+00
2.540235890063633040e+00
2.540236130783257718e+00
2.540236371466649157e+00
2.540236612045441600e+00
2.540236852587953287e+00
2.540237093059983131e+00
2.540237333461509373e+00
2.540237573792496928e+00
2.540237814052920040e+00
2.540238054276952706e+00
2.540238294430373411e+00
2.540238534513153290e+00
2.540238774525265697e+00
2.540239014500902393e+00
2.540239254405822766e+00
2.540239494239997953e+00
2.540239734003401306e+00
2.540239973696004849e+00
2.540240213352021659e+00
2.540240452902942536e+00
2.540240692417229162e+00
2.540240931894869991e+00
2.540241171267322962e+00
2.540241410603081729e+00
2.540241649867858165e+00
2.540241889061626512e+00
2.540242128184356574e+00
2.540242367270305834e+00
2.540242606250879831e+00
2.540242845194624621e+00
2.540243084101527327e+00
2.540243322902964174e+00
2.540243561667508310e+00
2.540243800360835635e+00
2.540244038982917285e+00
2.540244277568044939e+00
2.540244516047550860e+00
2.540244754490055712e+00
2.540244992861208306e+00
2.540245231195322972e+00
2.540245469423692448e+00
2.540245707614974702e+00
2.540245945769153746e+00
2.540246183817498782e+00
2.540246421828694423e+00
2.540246659768357063e+00
2.540246897636456946e+00
2.540247135432970094e+00
2.540247373192245028e+00
2.540247610879881712e+00
2.540247848495853056e+00
2.540248086074524458e+00
2.540248323547083409e+00
2.540248560982293569e+00
2.540248798380140727e+00
2.540249035671784839e+00
2.540249272926017987e+00
2.540249510108403719e+00
2.540249747253339407e+00
2.540249984291946816e+00
2.540250221293058885e+00
2.540250458222216956e+00
2.540250695113838386e+00
2.540250931933456968e+00
2.540251168681048721e+00
2.540251405356582115e+00
2.540251641994489606e+00
2.540251878560291665e+00
2.540252115053958537e+00
2.540252351475461801e+00
2.540252587859253453e+00
2.540252824170833534e+00
2.540253060410172736e+00
2.540253296611736822e+00
2.540253532741012954e+00
2.540253768797971823e+00
2.540254004817090738e+00
2.540254240763845761e+00
2.540254476638204917e+00
2.540254712440143336e+00
2.540254948204154317e+00
2.540255183895693492e+00
2.540255419549268812e+00
2.540255655095783993e+00
2.540255890604285582e+00
2.540256126074760257e+00
2.540256361438081534e+00
2.540256596763328822e+00
2.540256832015919120e+00
2.540257067230394572e+00
2.540257302372166848e+00
2.540257537441208413e+00
2.540257772472067632e+00
2.540258007430150400e+00
2.540258242315420745e+00
2.540258477127854686e+00
2.540258711902020572e+00
2.540258946603298540e+00
2.540259181266272037e+00
2.540259415856308767e+00
2.540259650373381639e+00
2.540259884817463565e+00
2.540260119223148205e+00
2.540260353555792605e+00
2.540260587850001528e+00
2.540260822071120472e+00
2.540261056219120128e+00
2.540261290293973406e+00
2.540261524330303278e+00
2.540261758293437033e+00
2.540261992218006082e+00
2.540262226069330609e+00
2.540262459847382637e+00
2.540262693586807341e+00
2.540262927252908920e+00
2.540263160845658952e+00
2.540263394399717267e+00
2.540263627880374742e+00
2.540263861287604286e+00
2.540264094656078164e+00
2.540264327951073486e+00
2.540264561207274063e+00
2.540264794355231004e+00
2.540265027499064576e+00
2.540265260534597225e+00
2.540265493531245866e+00
2.540265726488995846e+00
2.540265959338351642e+00
2.540266192148759483e+00
2.540266424920205601e+00
2.540266657617917812e+00
2.540266890241870801e+00
2.540267122792031707e+00
2.540267355303142516e+00
2.540267587775185021e+00
2.540267820138592647e+00
2.540268052462883119e+00
2.540268284748041783e+00
2.540268516959264922e+00
2.540268749096520118e+00
2.540268981194578668e+00
2.540269213218624422e+00
2.540269445168622298e+00
2.540269677079360910e+00
2.540269908916005015e+00
2.540270140713350777e+00
2.540270372436550961e+00
2.540270604085579809e+00
2.540270835695243257e+00
2.540271067230685631e+00
2.540271298726722193e+00
2.540271530148488832e+00
2.540271761495954461e+00
2.540271992803950774e+00
2.540272224037598559e+00
2.540272455231734394e+00
2.540272686351474185e+00
2.540272917396785513e+00
2.540273148402520942e+00
2.540273379333780390e+00
2.540273610225423973e+00
2.540273841042540948e+00
2.540274071820003421e+00
2.540274302522889105e+00
2.540274533151170910e+00
2.540274763739732045e+00
2.540274994253638230e+00
2.540275224727782888e+00
2.540275455127225968e+00
2.540275685451934606e+00
2.540275915736818213e+00
2.540276145946918973e+00
2.540276376117152957e+00
2.540276606212555688e+00
2.540276836268049898e+00
2.540277066248665339e+00
2.540277296189332290e+00
2.540277526055068069e+00
2.540277755845843810e+00
2.540277985596607557e+00
2.540278215272361528e+00
2.540278444908062205e+00
2.540278674468702924e+00
2.540278903989250381e+00
2.540279133434689030e+00
2.540279362804989560e+00
2.540279592135130660e+00
2.540279821425097229e+00
2.540280050604837303e+00
2.540280279779377093e+00
2.540280508878656640e+00
2.540280737902650188e+00
2.540280966886363068e+00
2.540281195794739322e+00
2.540281424627746532e+00
2.540281653420410013e+00
2.540281882172709782e+00
2.540282110849574337e+00
2.540282339450971261e+00
2.540282568011941855e+00
2.540282796532469245e+00
2.540283024977459725e+00
2.540283253346883097e+00
2.540283481675798871e+00
2.540283709929098688e+00
2.540283938141850051e+00
2.540284166278934386e+00
2.540284394375428523e+00
2.540284622396206338e+00
2.540284850376354875e+00
2.540285078280734687e+00
2.540285306144444810e+00
2.540285533932338247e+00
2.540285761644387463e+00
2.540285989315698156e+00
2.540286216946254783e+00
2.540286444500896579e+00
2.540286672014743896e+00
2.540286899452624425e+00
2.540287126814510632e+00
2.540287354135537079e+00
2.540287581415684670e+00
2.540287808619767773e+00
2.540288035782933385e+00
2.540288262869982994e+00
2.540288489880886846e+00
2.540288716850807482e+00
2.540288943779727582e+00
2.540289170632432647e+00
2.540289397408892036e+00
2.540289624144284275e+00
2.540289850838595154e+00
2.540290077456591078e+00
2.540290304033463453e+00
2.540290530533968472e+00
2.540290756993309973e+00
2.540290983376233491e+00
2.540291209682711493e+00
2.540291435983204948e+00
2.540291662171961118e+00
2.540291888319443636e+00
2.540292114425640513e+00
2.540292340455268860e+00
2.540292566443568045e+00
2.540292792390522969e+00
2.540293018225559862e+00
2.540293244054486532e+00
2.540293469806722104e+00
2.540293695482240821e+00
2.540293921116304698e+00
2.540294146708900858e+00
2.540294372224708663e+00
2.540294597663694809e+00
2.540294823061145735e+00
2.540295048417045898e+00
2.540295273696055123e+00
2.540295498933471841e+00
2.540295724093946994e+00
2.540295949212788784e+00
2.540296174254637940e+00
2.540296399254811988e+00
2.540296624213294052e+00
2.540296849094713316e+00
2.540297073899039582e+00
2.540297298661607250e+00
2.540297523382401224e+00
2.540297748026029367e+00
2.540297972627844292e+00
2.540298197152441873e+00
2.540298421635182269e+00
2.540298646076049494e+00
2.540298870439630541e+00
2.540299094725894768e+00
2.540299318970218323e+00
2.540299543172585217e+00
2.540299767297565126e+00
2.540299991380546629e+00
2.540300215386088301e+00
2.540300439349591155e+00
2.540300663271037873e+00
2.540300887114973705e+00
2.540301110916811655e+00
2.540301334641090314e+00
2.540301558323227127e+00
2.540301781927753133e+00
2.540302005490097770e+00
2.540302228974780974e+00
2.540302452452707804e+00
2.540302675817460720e+00
2.540302899175424400e+00
2.540303122420151105e+00
2.540303345658058376e+00
2.540303568818160329e+00
2.540303791935921929e+00
2.540304014975828917e+00
2.540304237973352475e+00
2.540304460892969463e+00
2.540304683770163940e+00
2.540304906569399002e+00
2.540305129361693837e+00
2.540305352040458153e+00
2.540305574712250714e+00
2.540305797305991042e+00
2.540306019821650274e+00
2.540306242294744887e+00
2.540306464725257118e+00
2.540306687113172313e+00
2.540306909422912263e+00
2.540307131654448103e+00
2.540307353843319405e+00
2.540307575989507960e+00
2.540307798057420019e+00
2.540308020082608476e+00
2.540308242065056454e+00
2.540308463969155994e+00
2.540308685830472868e+00
2.540308907648992420e+00
2.540309129389089815e+00
2.540309351050736186e+00
2.540309572705131025e+00
2.540309794281033540e+00
2.540310015778411312e+00
2.540310237232864754e+00
2.540310458644376990e+00
2.540310680012931588e+00
2.540310901302869517e+00
2.540311122514159248e+00
2.540311343718075765e+00
2.540311564843302339e+00
2.540311785889810103e+00
2.540312006893232333e+00
2.540312227853554816e+00
2.540312448770760678e+00
2.540312669609151808e+00
2.540312890404383683e+00
2.540313111120750200e+00
2.540313331793915719e+00
2.540313552423862919e+00
2.540313772974873263e+00
2.540313993482622212e+00
2.540314213947093336e+00
2.540314434332555216e+00
2.540314654674697969e+00
2.540314874937778633e+00
2.540315095157498870e+00
2.540315315333838253e+00
2.540315535466782570e+00
2.540315755520572871e+00
2.540315975530925030e+00
2.540316195462070326e+00
2.540316415349736623e+00
2.540316635193903938e+00
2.540316854958793336e+00
2.540317074680144227e+00
2.540317294357937961e+00
2.540317513992159881e+00
2.540317733547007517e+00
2.540317953022451558e+00
2.540318172490047655e+00
2.540318391878198412e+00
2.540318611222674328e+00
2.540318830487652058e+00
2.540319049708913646e+00
2.540319268886441328e+00
2.540319487984398883e+00
2.540319707038578567e+00
2.540319926048965726e+00
2.540320144979709482e+00
2.540320363902455192e+00
2.540320582709673314e+00
2.540320801508860082e+00
2.540321020228307525e+00
2.540321238903845646e+00
2.540321457499592928e+00
2.540321676087250680e+00
2.540321894559205873e+00
2.540322113023038675e+00
2.540322331406987377e+00
2.540322549746905523e+00
2.540322768042775792e+00
2.540322986258688687e+00
2.540323204430509740e+00
2.540323422558225630e+00
2.540323640605910427e+00
2.540323858609443874e+00
2.540324076568812206e+00
2.540324294483995438e+00
2.540324512319053429e+00
2.540324730109886797e+00
2.540324947856473781e+00
2.540325165522862694e+00
2.540325383144967031e+00
2.540325600722767696e+00
2.540325818220295240e+00
2.540326035673477367e+00
2.540326253082295871e+00
2.540326470446734763e+00
2.540326687730807720e+00
2.540326904970456212e+00
2.540327122165665585e+00
2.540327339280435304e+00
2.540327556350721494e+00
2.540327773376508169e+00
2.540327990357778454e+00
2.540328207258513160e+00
2.540328424114687067e+00
2.540328640926285964e+00
2.540328857657275119e+00
2.540329074343644411e+00
2.540329290985376964e+00
2.540329507582456792e+00
2.540329724098831843e+00
2.540329940570510203e+00
2.540330156997475441e+00
2.540330373343661741e+00
2.540330589681143891e+00
2.540330805937805358e+00
2.540331022149675988e+00
2.540331238280672199e+00
2.540331454366834052e+00
2.540331670408146891e+00
2.540331886404591177e+00
2.540332102320065566e+00
2.540332318190629213e+00
2.540332534016265242e+00
2.540332749796955447e+00
2.540332965496581163e+00
2.540333181187325984e+00
2.540333396760850349e+00
2.540333612325460066e+00
2.540333827845029813e+00
2.540334043283417387e+00
2.540334258676721912e+00
2.540334473988792752e+00
2.540334689291875225e+00
2.540334904513682268e+00
2.540335119690327659e+00
2.540335334785642551e+00
2.540335549871911347e+00
2.540335764876806124e+00
2.540335979836462865e+00
2.540336194750865140e+00
2.540336409583819233e+00
2.540336624371474450e+00
2.540336839113813916e+00
2.540337053810821644e+00
2.540337268462478981e+00
2.540337483032570010e+00
2.540337697557268903e+00
2.540337912036556567e+00
2.540338126434203758e+00
2.540338340822614338e+00
2.540338555129340925e+00
2.540338769390579898e+00
2.540338983606312606e+00
2.540339197740288046e+00
2.540339411828713700e+00
2.540339625871574469e+00
2.540339839868849481e+00
2.540340053820524524e+00
2.540340267690324616e+00
2.540340481514479443e+00
2.540340695292972573e+00
2.540340909025785798e+00
2.540341122712904465e+00
2.540341336318030052e+00
2.540341549877414007e+00
2.540341763391042118e+00
2.540341976858895290e+00
2.540342190244657239e+00
2.540342403584602948e+00
2.540342616878711990e+00
2.540342830126968821e+00
2.540343043329356121e+00
2.540343256449535403e+00
2.540343469560124579e+00
2.540343682588463992e+00
2.540343895570853938e+00
2.540344108470938167e+00
2.540344321361376334e+00
2.540344534169464374e+00
2.540344746931525233e+00
2.540344959647542922e+00
2.540345172317499678e+00
2.540345384905010384e+00
2.540345597446414860e+00
2.540345809978073355e+00
2.540346022427221406e+00
2.540346234793825708e+00
2.540346447150636067e+00
2.540346659424860931e+00
2.540346871652866323e+00
2.540347083834637143e+00
2.540347295970152075e+00
2.540347508059398240e+00
2.540347720065939008e+00
2.540347932062586800e+00
2.540348143976483897e+00
2.540348355844034067e+00
2.540348567665215107e+00
2.540348779403572621e+00
2.540348991131963885e+00
2.540349202777486770e+00
2.540349414376563697e+00
2.540349625929177346e+00
2.540349837435310398e+00
2.540350048858477816e+00
2.540350260271591942e+00
2.540350471601696913e+00
2.540350682885242684e+00
2.540350894122211045e+00
2.540351105312583346e+00
2.540351316419851013e+00
2.540351527516978347e+00
2.540351738530954417e+00
2.540351949498257156e+00
2.540352160418867911e+00
2.540352371292770695e+00
2.540352582119946412e+00
2.540352792863852738e+00
2.540353003560987144e+00
2.540353214247869751e+00
2.540353424851416353e+00
2.540353635408139077e+00
2.540353845881471617e+00
2.540354056344491074e+00
2.540354266724076826e+00
2.540354477093322849e+00
2.540354687379089427e+00
2.540354897617918883e+00
2.540355107809794788e+00
2.540355317954695380e+00
2.540355528016020603e+00
2.540355738066920388e+00
2.540355948034199507e+00
2.540356157954426042e+00
2.540356367827583561e+00
2.540356577653650749e+00
2.540356787432614727e+00
2.540356997164456843e+00
2.540357206812536184e+00
2.540357416450072847e+00
2.540357626003804992e+00
2.540357835510334006e+00
2.540358044969642126e+00
2.540358254381713810e+00
2.540358463746529960e+00
2.540358673064073258e+00
2.540358882297665932e+00
2.540359091520605350e+00
2.540359300659551955e+00
2.540359509751145328e+00
2.540359718795366817e+00
2.540359927792200434e+00
2.540360136741630193e+00
2.540360345643634332e+00
2.540360554461503106e+00
2.540360763268603606e+00
2.540360971991522554e+00
2.540361180666938612e+00
2.540361389331545094e+00
2.540361597911906077e+00
2.540361806444709991e+00
2.540362014893210674e+00
2.540362223330842717e+00
2.540362431720866176e+00
2.540362640026518459e+00
2.540362848321263911e+00
2.540363056531593777e+00
2.540363264694236456e+00
2.540363472809170187e+00
2.540363680876378982e+00
2.540363888895843303e+00
2.540364096867546717e+00
2.540364304791470573e+00
2.540364512630818083e+00
2.540364720459125536e+00
2.540364928202812234e+00
2.540365135935432672e+00
2.540365343583387947e+00
2.540365551183444648e+00
2.540365758735591672e+00
2.540365966239808149e+00
2.540366173696074092e+00
2.540366381104374849e+00
2.540366588464691322e+00
2.540366795777007081e+00
2.540367003004465829e+00
2.540367210220718874e+00
2.540367417352070056e+00
2.540367624435339700e+00
2.540367831507364116e+00
2.540368038494418723e+00
2.540368245433338501e+00
2.540368452324103021e+00
2.540368659166698073e+00
2.540368865961100564e+00
2.540369072707297171e+00
2.540369279405267910e+00
2.540369486018104084e+00
2.540369692619564468e+00
2.540369899135847209e+00
2.540370105640727516e+00
2.540370312060383995e+00
2.540370518468610062e+00
2.540370724791568779e+00
2.540370931066149307e+00
2.540371137292333881e+00
2.540371343507035196e+00
2.540371549636378123e+00
2.540371755717270918e+00
2.540371961749696261e+00
2.540372167696685946e+00
2.540372373632116432e+00
2.540372579519025731e+00
2.540372785357396523e+00
2.540372991110239731e+00
2.540373196851470006e+00
2.540373402544109371e+00
2.540373608151153650e+00
2.540373813746546361e+00
2.540374019256300908e+00
2.540374224717377949e+00
2.540374430166763009e+00
2.540374635530443292e+00
2.540374840845394111e+00
2.540375046111598145e+00
2.540375251366055576e+00
2.540375456534715415e+00
2.540375661654573847e+00
2.540375866725614884e+00
2.540376071747818543e+00
2.540376276721166171e+00
2.540376481645641338e+00
2.540376686521224059e+00
2.540376891310843988e+00
2.540377096088585418e+00
2.540377300817382444e+00
2.540377505497214639e+00
2.540377710128066013e+00
2.540377914672839577e+00
2.540378119205668472e+00
2.540378323689461482e+00
2.540378528087109178e+00
2.540378732472770906e+00
2.540378936809343902e+00
2.540379141059700530e+00
2.540379345298032998e+00
2.540379549450105579e+00
2.540379753590126022e+00
2.540379957643841724e+00
2.540380161685475979e+00
2.540380365640762417e+00
2.540380569583940318e+00
2.540380773440721995e+00
2.540380977248224426e+00
2.540381181043578351e+00
2.540381384752468108e+00
2.540381588449184491e+00
2.540381792059388744e+00
2.540381995620222710e+00
2.540382199168841559e+00
2.540382402630880776e+00
2.540382606043493752e+00
2.540382809443852530e+00
2.540383012757563286e+00
2.540383216021793622e+00
2.540383419273725796e+00
2.540383622438944222e+00
2.540383825554627606e+00
2.540384028657971083e+00
2.540384231674532423e+00
2.540384434641503653e+00
2.540384637596094564e+00
2.540384840463834948e+00
2.540385043319168368e+00
2.540385246087603743e+00
2.540385448806359303e+00
2.540385651512665710e+00
2.540385854132007459e+00
2.540386056701612105e+00
2.540386259258727630e+00
2.540386461728810108e+00
2.540386664186374599e+00
2.540386866556862078e+00
2.540387068914801372e+00
2.540387271185619245e+00
2.540387473443863176e+00
2.540387675614936835e+00
2.540387877773411685e+00
2.540388079844670077e+00
2.540388281903299905e+00
2.540388483874669756e+00
2.540388685833383953e+00
2.540388887742114576e+00
2.540389089563515057e+00
2.540389291372218583e+00
2.540389493130883025e+00
2.540389694839491952e+00
2.540389896498025379e+00
2.540390098069114089e+00
2.540390299627437010e+00
2.540390501135629364e+00
2.540390702593672945e+00
2.540390904001549544e+00
2.540391105359240509e+00
2.540391306666727633e+00
2.540391507923992709e+00
2.540391709131017528e+00
2.540391910287781663e+00
2.540392111431665878e+00
2.540392312487862014e+00
2.540392513493745064e+00
2.540392714449294154e+00
2.540392915391905593e+00
2.540393116246738803e+00
2.540393317088606384e+00
2.540393517842650439e+00
2.540393718583701776e+00
2.540393919236881182e+00
2.540394119877041668e+00
2.540394320429282704e+00
2.540394520968478176e+00
2.540394721457164273e+00
2.540394921895324121e+00
2.540395122282938178e+00
2.540395322619990459e+00
2.540395522906459647e+00
2.540395723142328421e+00
2.540395923327579020e+00
2.540396123462191902e+00
2.540396323546148860e+00
2.540396523616927915e+00
2.540396723599522399e+00
2.540396923531405893e+00
2.540397123450069738e+00
2.540397323317992395e+00
2.540397523097639443e+00
2.540397722864023766e+00
2.540397922579615830e+00
2.540398122206859455e+00
2.540398321820799943e+00
2.540398521383888220e+00
2.540398720896111850e+00
2.540398920357444190e+00
2.540399119805427652e+00
2.540399319164935221e+00
2.540399518473496876e+00
2.540399717768671017e+00
2.540399916975296435e+00
2.540400116168502365e+00
2.540400315273116938e+00
2.540400514364282714e+00
2.540400713404403099e+00
2.540400912393458999e+00
2.540401111331431760e+00
2.540401310218303177e+00
2.540401509054055929e+00
2.540401707838670031e+00
2.540401906572125057e+00
2.540402105292030033e+00
2.540402303923120719e+00
2.540402502540631158e+00
2.540402701106918126e+00
2.540402899584320640e+00
2.540403098048102493e+00
2.540403296460608473e+00
2.540403494821814157e+00
2.540403693131706664e+00
2.540403891390260238e+00
2.540404089635134088e+00
2.540404287790969384e+00
2.540404485933092982e+00
2.540404683986133616e+00
2.540404882025435018e+00
2.540405080013298011e+00
2.540405277949705720e+00
2.540405475834638160e+00
2.540405673668076680e+00
2.540405871450002628e+00
2.540406069180399129e+00
2.540406266896965803e+00
2.540406464524247454e+00
2.540406662137673077e+00
2.540406859699499975e+00
2.540407057171974348e+00
2.540407254630549616e+00
2.540407452075217343e+00
2.540407649430470371e+00
2.540407846734035857e+00
2.540408043985890263e+00
2.540408241223780728e+00
2.540408438409938352e+00
2.540408635506563151e+00
2.540408832589182708e+00
2.540409029620008585e+00
2.540409226599021686e+00
2.540409423563997127e+00
2.540409620439333604e+00
2.540409817300604445e+00
2.540410014072188805e+00
2.540410210829679549e+00
2.540410407535254933e+00
2.540410604188891863e+00
2.540410800790577017e+00
2.540410997340290411e+00
2.540411193875845797e+00
2.540411390321559715e+00
2.540411586753092088e+00
2.540411783094735476e+00
2.540411979422165345e+00
2.540412175697519093e+00
2.540412371958638005e+00
2.540412568129785775e+00
2.540412764248803690e+00
2.540412960353542804e+00
2.540413156406121420e+00
2.540413352368634747e+00
2.540413548316830195e+00
2.540413744250699768e+00
2.540413940094443213e+00
2.540414135885931124e+00
2.540414331663052749e+00
2.540414527387888644e+00
2.540414723022506926e+00
2.540414918642714071e+00
2.540415114248504302e+00
2.540415309764015195e+00
2.540415505227145765e+00
2.540415700675819011e+00
2.540415896072084401e+00
2.540416091377975416e+00
2.540416286707318339e+00
2.540416481946246030e+00
2.540416677132693035e+00
2.540416872304603224e+00
2.540417067386030681e+00
2.540417262452893787e+00
2.540417457467207374e+00
2.540417652428951012e+00
2.540417847338108714e+00
2.540418042232651441e+00
2.540418237036582649e+00
2.540418431825870460e+00
2.540418626562502613e+00
2.540418821246461345e+00
2.540419015915746925e+00
2.540419210494306856e+00
2.540419405058162994e+00
2.540419599531249073e+00
2.540419793989602049e+00
2.540419988395175466e+00
2.540420182785996239e+00
2.540420377085961245e+00
2.540420571371146075e+00
2.540420765565425398e+00
2.540420959744893459e+00
2.540421153909548924e+00
2.540421347983236267e+00
2.540421542004004163e+00
2.540421736009912390e+00
2.540421929962870529e+00
2.540422123862858594e+00
2.540422317709858380e+00
2.540422511503852565e+00
2.540422705282922244e+00
2.540422899008958346e+00
2.540423092681936446e+00
2.540423286301841888e+00
2.540423479868652912e+00
2.540423673382351311e+00
2.540423866881050152e+00
2.540424060326605726e+00
2.540424253719000713e+00
2.540424447058218238e+00
2.540424640382384247e+00
2.540424833615189559e+00
2.540425026832916267e+00
2.540425219997392681e+00
2.540425413108605479e+00
2.540425606166532901e+00
2.540425799209332869e+00
2.540425992198817262e+00
2.540426185134967874e+00
2.540426378017768716e+00
2.540426570847196697e+00
2.540426763661431941e+00
2.540426956422267679e+00
2.540427149091476267e+00
2.540427341783658921e+00
2.540427534384178010e+00
2.540427726969441302e+00
2.540427919462990847e+00
2.540428111941254397e+00
2.540428304365993206e+00
2.540428496775427369e+00
2.540428689093061632e+00
2.540428881395362382e+00
2.540429073644069558e+00
2.540429265839164508e+00
2.540429458018889974e+00
2.540429650106707182e+00
2.540429842179125153e+00
2.540430034197863840e+00
2.540430226201183306e+00
2.540430418112510580e+00
2.540430610008389767e+00
2.540430801850518172e+00
2.540430993638881585e+00
2.540431185373458245e+00
2.540431377092537524e+00
2.540431568757802516e+00
2.540431760369232350e+00
2.540431951926806597e+00
2.540432143430510603e+00
2.540432334918651058e+00
2.540432526352890186e+00
2.540432717733204893e+00
2.540432909097926739e+00
2.540433100370345088e+00
2.540433291627139045e+00
2.540433482829943301e+00
2.540433673978739204e+00
2.540433865111872969e+00
2.540434056190967738e+00
2.540434247216005303e+00
2.540434438186967014e+00
2.540434629103832442e+00
2.540434820004970451e+00
2.540435010851982423e+00
2.540435201644852370e+00
2.540435392383555868e+00
2.540435583106484430e+00
2.540435773775219452e+00
2.540435964389740953e+00
2.540436154950028946e+00
2.540436345494492709e+00
2.540436535984695432e+00
2.540436726420615798e+00
2.540436916802234713e+00
2.540437107167979214e+00
2.540437297440943265e+00
2.540437487698002261e+00
2.540437677939154426e+00
2.540437868087458639e+00
2.540438058219825379e+00
2.540438248297774315e+00
2.540438438321287684e+00
2.540438628328824500e+00
2.540438818281892885e+00
2.540439008180475966e+00
2.540439198024555090e+00
2.540439387852605257e+00
2.540439577587618292e+00
2.540439767306575281e+00
2.540439957009472671e+00
2.540440146619265871e+00
2.540440336212969719e+00
2.540440525752049705e+00
2.540440715275019912e+00
2.540440904704798442e+00
2.540441094118439214e+00
2.540441283477386403e+00
2.540441472820172297e+00
2.540441662069682138e+00
2.540441851303000931e+00
2.540442040481560859e+00
2.540442229643907979e+00
2.540442418751464260e+00
2.540442607804211050e+00
2.540442796802129699e+00
2.540442985783784913e+00
2.540443174671991322e+00
2.540443363543905875e+00
2.540443552399521465e+00
2.540443741161626967e+00
2.540443929907401088e+00
2.540444118598231604e+00
2.540444307272710311e+00
2.540444495892212995e+00
2.540444684456720115e+00
2.540444872966211687e+00
2.540445061459302156e+00
2.540445249858708898e+00
2.540445438280329871e+00
2.540445626608226259e+00
2.540445814919672252e+00
2.540446003176004108e+00
2.540446191377201401e+00
2.540446379523245479e+00
2.540446567652788090e+00
2.540446755727149064e+00
2.540446943784987255e+00
2.540447131748924114e+00
2.540447319696311546e+00
2.540447507627140666e+00
2.540447695464007616e+00
2.540447883284286945e+00
2.540448071049263401e+00
2.540448258797632253e+00
2.540448446451951448e+00
2.540448634089631952e+00
2.540448821710667549e+00
2.540449009237590872e+00
2.540449196747838201e+00
2.540449384202666749e+00
2.540449571640799764e+00
2.540449759023482024e+00
2.540449946350693100e+00
2.540450133622413453e+00
2.540450320877387647e+00
2.540450508076843139e+00
2.540450695220758615e+00
2.540450882347890627e+00
2.540451069419453312e+00
2.540451256435426242e+00
2.540451443434581513e+00
2.540451630339321198e+00
2.540451817266012213e+00
2.540452004098249006e+00
2.540452190913617514e+00
2.540452377673298123e+00
2.540452564377265521e+00
2.540452751064329995e+00
2.540452937695655500e+00
2.540453124271222052e+00
2.540453310829848377e+00
2.540453497332683774e+00
2.540453683779712257e+00
2.540453870209762322e+00
2.540454056583972609e+00
2.540454242902326243e+00
2.540454429164801908e+00
2.540454615410249861e+00
2.540454801599785206e+00
2.540454987772272410e+00
2.540455173888821250e+00
2.540455359949411740e+00
2.540455545954023897e+00
2.540455731941535511e+00
2.540455917873038594e+00
2.540456103787417153e+00
2.540456289606849438e+00
2.540456475448041651e+00
2.540456661194247623e+00
2.540456846923278000e+00
2.540457032596199483e+00
2.540457218212993862e+00
2.540457403812577120e+00
2.540457589356001300e+00
2.540457774843249084e+00
2.540457960313246666e+00
2.540458145727038541e+00
2.540458331123561120e+00
2.540458516424880742e+00
2.540458701747869696e+00
2.540458886975615282e+00
2.540459072186042278e+00
2.540459257340160093e+00
2.540459442437949189e+00
2.540459627518381946e+00
2.540459812542453122e+00
2.540459997549147086e+00
2.540460182460447136e+00
2.540460367393348129e+00
2.540460552230816127e+00
2.540460737050852291e+00
2.540460921814429174e+00
2.540461106560554683e+00
2.540461291250190712e+00
2.540461475883316389e+00
2.540461660459913951e+00
2.540461845019006404e+00
2.540462029560589308e+00
2.540462214006547814e+00
2.540462398434963909e+00
2.540462582845835371e+00
2.540462767161016266e+00
2.540462951458620111e+00
2.540463135738642020e+00
2.540463319922908081e+00
2.540463504128648964e+00
2.540463688238596252e+00
2.540463872330907424e+00
2.540464056366475987e+00
2.540464240384389782e+00
2.540464424345530325e+00
2.540464608249879408e+00
2.540464792097414826e+00
2.540464975927241298e+00
2.540465159739354384e+00
2.540465343494612505e+00
2.540465527192996564e+00
2.540465710834488355e+00
2.540465894458213025e+00
2.540466078025013008e+00
2.540466261574024109e+00
2.540466445066081214e+00
2.540466628501162116e+00
2.540466811918417722e+00
2.540466995278669593e+00
2.540467178581893748e+00
2.540467361867256191e+00
2.540467545095562940e+00
2.540467728266792680e+00
2.540467911420123848e+00
2.540468094555548895e+00
2.540468277594650104e+00
2.540468460615814550e+00
2.540468643619036904e+00
2.540468826565090765e+00
2.540469009453956595e+00
2.540469192285613964e+00
2.540469375099274618e+00
2.540469557894935004e+00
2.540469740594102799e+00
2.540469923275237907e+00
2.540470105938337664e+00
2.540470288544131261e+00
2.540470471092607152e+00
2.540470653583741800e+00
2.540470836096054619e+00
2.540471018511729184e+00
2.540471200909293348e+00
2.540471383249452320e+00
2.540471565532190112e+00
2.540471747796778867e+00
2.540471930043209703e+00
2.540472112192874388e+00
2.540472294363658179e+00
2.540472476437637184e+00
2.540472658493404978e+00
2.540472840491638351e+00
2.540473022471640530e+00
2.540473204394076312e+00
2.540473386298260028e+00
2.540473568144845373e+00
2.540473749933813252e+00
2.540473931704491761e+00
2.540474113417521718e+00
2.540474295072883137e+00
2.540474476709917440e+00
2.540474658289251231e+00
2.540474839850237920e+00
2.540475021353493457e+00
2.540475202838376134e+00
2.540475384265497016e+00
2.540475565634838784e+00
2.540475746985770389e+00
2.540475928278889128e+00
2.540476109514176351e+00
2.540476290731018771e+00
2.540476471929403957e+00
2.540476653069917212e+00
2.540476834152534558e+00
2.540477015177240006e+00
2.540477196183437147e+00
2.540477377171123763e+00
2.540477558100850519e+00
2.540477738972602317e+00
2.540477919825804065e+00
2.540478100620997104e+00
2.540478281358163226e+00
2.540478462076741106e+00
2.540478642776724083e+00
2.540478823379169082e+00
2.540479003962986759e+00
2.540479184528174894e+00
2.540479365035238857e+00
2.540479545523649740e+00
2.540479725914415177e+00
2.540479906325992410e+00
2.540480086679388183e+00
2.540480266974578072e+00
2.540480447211543868e+00
2.540480627429780647e+00
2.540480807629281301e+00
2.540480987770516119e+00
2.540481167853463340e+00
2.540481347917637134e+00
2.540481527923493577e+00
2.540481707871011796e+00
2.540481887799717953e+00
2.540482067709607161e+00
2.540482247561115514e+00
2.540482427354222139e+00
2.540482607128474513e+00
2.540482786844294072e+00
2.540482966501662609e+00
2.540483146179716378e+00
2.540483325759711697e+00
2.540483505320790591e+00
2.540483684823355404e+00
2.540483864306982476e+00
2.540484043732063490e+00
2.540484223138183673e+00
2.540484402485725823e+00
2.540484581814288045e+00
2.540484761084238929e+00
2.540484940295561600e+00
2.540485119487863486e+00
2.540485298621505184e+00
2.540485477736103004e+00
2.540485656831654282e+00
2.540485835828853123e+00
2.540486014806972115e+00
2.540486193766003264e+00
2.540486372666279635e+00
2.540486551507781243e+00
2.540486730330157261e+00
2.540486909133401916e+00
2.540487087877829175e+00
2.540487266563417279e+00
2.540487445229836716e+00
2.540487623837384579e+00
2.540487802425742458e+00
2.540487980955198566e+00
2.540488159425734249e+00
2.540488337877037761e+00
2.540488516309104661e+00
2.540488694682207615e+00
2.540488872996326641e+00
2.540489051291170419e+00
2.540489229526999182e+00
2.540489407743527828e+00
2.540489585901012148e+00
2.540489764039173259e+00
2.540489942118257183e+00
2.540490120177999245e+00
2.540490298178629480e+00
2.540490476159894762e+00
2.540490654082018462e+00
2.540490831944980599e+00
2.540491009788536925e+00
2.540491187612685220e+00
2.540491365377627986e+00
2.540491543083344794e+00
2.540491720769613160e+00
2.540491898396624926e+00
2.540492076004164712e+00
2.540492253552417257e+00
2.540492431081174729e+00
2.540492608550612985e+00
2.540492786000534853e+00
2.540492963391104198e+00
2.540493140762135837e+00
2.540493318073782092e+00
2.540493495326025197e+00
2.540493672558691074e+00
2.540493849771772616e+00
2.540494026925408821e+00
2.540494204059436711e+00
2.540494381133987289e+00
2.540494558149038351e+00
2.540494735144442906e+00
2.540494912080318191e+00
2.540495088996525208e+00
2.540495265893057741e+00
2.540495442730017928e+00
2.540495619507381786e+00
2.540495796265032524e+00
2.540495972963058069e+00
2.540496149641349177e+00
2.540496326299895635e+00
2.540496502858853756e+00
2.540496679437962868e+00
2.540496855917440122e+00
2.540497032417055934e+00
2.540497208856938638e+00
2.540497385237067807e+00
2.540497561597370169e+00
2.540497737897887465e+00
2.540497914178556194e+00
2.540498090399407438e+00
2.540498266600386579e+00
2.540498442741516705e+00
2.540498618862752966e+00
2.540498794924108239e+00
2.540498970965545222e+00
2.540499146947071019e+00
2.540499322908655877e+00
2.540499498810296686e+00
2.540499674691973908e+00
2.540499850513674662e+00
2.540500026315391402e+00
2.540500202057097034e+00
2.540500377778795560e+00
2.540500553440454112e+00
2.540500729082080689e+00
2.540500904663635318e+00
2.540501080225135322e+00
2.540501255726530960e+00
2.540501431207849770e+00
2.540501606629033571e+00
2.540501782030115674e+00
2.540501957411092526e+00
2.540502132691822457e+00
2.540502307992485331e+00
2.540502483232936370e+00
2.540502658413155146e+00
2.540502833573203834e+00
2.540503008672989615e+00
2.540503183752583993e+00
2.540503358811980306e+00
2.540503533811069303e+00
2.540503708749827005e+00
2.540503883668349783e+00
2.540504058566629197e+00
2.540504233404536016e+00
2.540504408182050256e+00
2.540504582939279832e+00
2.540504757676220304e+00
2.540504932352724676e+00
2.540505107008916852e+00
2.540505281604639620e+00
2.540505456180027544e+00
2.540505630694914085e+00
2.540505805189441801e+00
2.540505979623437494e+00
2.540506154037051267e+00
2.540506328390099711e+00
2.540506502722743143e+00
2.540506676994790158e+00
2.540506851246409958e+00
2.540507025477592329e+00
2.540507199648136538e+00
2.540507373758019050e+00
2.540507547847426828e+00
2.540507721916352768e+00
2.540507895924575266e+00
2.540508069872070784e+00
2.540508243839274094e+00
2.540508417705495958e+00
2.540508591591409182e+00
2.540508765376304545e+00
2.540508939180876169e+00
2.540509112924635104e+00
2.540509286607559147e+00
2.540509460269888109e+00
2.540509633871349759e+00
2.540509807452191904e+00
2.540509981012407437e+00
2.540510154511714358e+00
2.540510327990368467e+00
2.540510501408081101e+00
2.540510674805122271e+00
2.540510848141187328e+00
2.540511021456556051e+00
2.540511194710919352e+00
2.540511367944561449e+00
2.540511541117165706e+00
2.540511714269026999e+00
2.540511887400138669e+00
2.540512060470165867e+00
2.540512233519421237e+00
2.540512406507561494e+00
2.540512579474905497e+00
2.540512752381101080e+00
2.540512925266477318e+00
2.540513098090673605e+00
2.540513270894026565e+00
2.540513443676530869e+00
2.540513616397809926e+00
2.540513789057844196e+00
2.540513961737365989e+00
2.540514134315237982e+00
2.540514306912584175e+00
2.540514479408237047e+00
2.540514651923350797e+00
2.540514824377131387e+00
2.540514996769557499e+00
2.540515169141017715e+00
2.540515341491503154e+00
2.540515513780591927e+00
2.540515686048683719e+00
2.540515858255345538e+00
2.540516030440985951e+00
2.540516202605600071e+00
2.540516374708738923e+00
2.540516546750381632e+00
2.540516718811407948e+00
2.540516890770462055e+00
2.540517062748882449e+00
2.540517234665752522e+00
2.540517406521051402e+00
2.540517578355229400e+00
2.540517750168278077e+00
2.540517921919710265e+00
2.540518093649991371e+00
2.540518265318623570e+00
2.540518436966080706e+00
2.540518608551856961e+00
2.540518780116435060e+00
2.540518951659807456e+00
2.540519123141453228e+00
2.540519294601869760e+00
2.540519466000529913e+00
2.540519637377935958e+00
2.540519808693551429e+00
2.540519979987891031e+00
2.540520151260946324e+00
2.540520322472167969e+00
2.540520493662081769e+00
2.540520664830681952e+00
2.540520835896844964e+00
2.540521006982223717e+00
2.540521178005689329e+00
2.540521349007794694e+00
2.540521519947955387e+00
2.540521690866730964e+00
2.540521861764115208e+00
2.540522032599509927e+00
2.540522203372894694e+00
2.540522374124846827e+00
2.540522544855360110e+00
2.540522715564428324e+00
2.540522886211429299e+00
2.540523056796342161e+00
2.540523227359769098e+00
2.540523397901703007e+00
2.540523568422136336e+00
2.540523738880426485e+00
2.540523909276551251e+00
2.540524079651134137e+00
2.540524250004172035e+00
2.540524420294999253e+00
2.540524590564253060e+00
2.540524760811930349e+00
2.540524930997352104e+00
2.540525101161173360e+00
2.540525271262705775e+00
2.540525441342612378e+00
2.540525611360200386e+00
2.540525781356138602e+00
2.540525951330419474e+00
2.540526121283035454e+00
2.540526291132572112e+00
2.540526461001117120e+00
2.540526630807257380e+00
2.540526800591685230e+00
2.540526970313669253e+00
2.540527140013919549e+00
2.540527309692425462e+00
2.540527479308446246e+00
2.540527648902699553e+00
2.540527818434433538e+00
2.540527987944376953e+00
2.540528157432523138e+00
2.540528326858105146e+00
2.540528496261865943e+00
2.540528665603029701e+00
2.540528834922348267e+00
2.540529004219813203e+00
2.540529173454635803e+00
2.540529342667584789e+00
2.540529511817855912e+00
2.540529680946228552e+00
2.540529850052692939e+00
2.540530019096437719e+00
2.540530188118251154e+00
2.540530357118125693e+00
2.540530526055236216e+00
2.540530694970383419e+00
2.540530863822733743e+00
2.540531032653096322e+00
2.540531201461466715e+00
2.540531370206994932e+00
2.540531538930503430e+00
2.540531707631987768e+00
2.540531876270584632e+00
2.540532044887132024e+00
2.540532213440760412e+00
2.540532381972314013e+00
2.540532550481786167e+00
2.540532718928296241e+00
2.540532887352701330e+00
2.540533055714107480e+00
2.540533224053385108e+00
2.540533392370527999e+00
2.540533560665526824e+00
2.540533728897469867e+00
2.540533897066336699e+00
2.540534065253934770e+00
2.540534233378431761e+00
2.540534401439807688e+00
2.540534569478968052e+00
2.540534737495907081e+00
2.540534905490615003e+00
2.540535073422143242e+00
2.540535241290473145e+00
2.540535409177484105e+00
2.540535577001269196e+00
2.540535744761811543e+00
2.540535912541014518e+00
2.540536080256948548e+00
2.540536247909593648e+00
2.540536415539903725e+00
2.540536583147874783e+00
2.540536750733495275e+00
2.540536918255769994e+00
2.540537085714676291e+00
2.540537253192193479e+00
2.540537420606319596e+00
2.540537587957029331e+00
2.540537755326334857e+00
2.540537922632203127e+00
2.540538089874611050e+00
2.540538257135592559e+00
2.540538424333094625e+00
2.540538591467091489e+00
2.540538758578604561e+00
2.540538925667626735e+00
2.540539092734149129e+00
2.540539259737110811e+00
2.540539426676489576e+00
2.540539593634393079e+00
2.540539760528689683e+00
2.540539927400430997e+00
2.540540094208532551e+00
2.540540260994055721e+00
2.540540427756991626e+00
2.540540594456243362e+00
2.540540761132884739e+00
2.540540927786905989e+00
2.540541094377197329e+00
2.540541260944846336e+00
2.540541427489846349e+00
2.540541593971069378e+00
2.540541760429618989e+00
2.540541926865484967e+00
2.540542093237531329e+00
2.540542259586870966e+00
2.540542425872355459e+00
2.540542592176257664e+00
2.540542758416278524e+00
2.540542924592398943e+00
2.540543090745757127e+00
2.540543256876348188e+00
2.540543422984159694e+00
2.540543589028013916e+00
2.540543755049068597e+00
2.540543921047310860e+00
2.540544086981551875e+00
2.540544252892956933e+00
2.540544418740327437e+00
2.540544584564840669e+00
2.540544750366486859e+00
2.540544916145261567e+00
2.540545081859940879e+00
2.540545247551723840e+00
2.540545413220601567e+00
2.540545578825337270e+00
2.540545744407146422e+00
2.540545909924779799e+00
2.540546075460701214e+00
2.540546240932426425e+00
2.540546406339930563e+00
2.540546571765704531e+00
2.540546737085975337e+00
2.540546902424500431e+00
2.540547067698749828e+00
2.540547232949971868e+00
2.540547398178160332e+00
2.540547563342027804e+00
2.540547728482837719e+00
2.540547893600582086e+00
2.540548058695256017e+00
2.540548223725546340e+00
2.540548388691434845e+00
2.540548553675520793e+00
2.540548718595179167e+00
2.540548883491708487e+00
2.540549048323776926e+00
2.540549213132692774e+00
2.540549377918447149e+00
2.540549542681032058e+00
2.540549707379099242e+00
2.540549872053973424e+00
2.540550036705646164e+00
2.540550201292755439e+00
2.540550365856637072e+00
2.540550530397286622e+00
2.540550694873326076e+00
2.540550859326108135e+00
2.540551023755624804e+00
2.540551188120485193e+00
2.540551352462057100e+00
2.540551516780328534e+00
2.540551681075295942e+00
2.540551845305548895e+00
2.540552009512474285e+00
2.540552173654648360e+00
2.540552337814884432e+00
2.540552501910347427e+00
2.540552665941017363e+00
2.540552829989729311e+00
2.540552993973623330e+00
2.540553157892674996e+00
2.540553321829751354e+00
2.540553485701964043e+00
2.540553649550741255e+00
2.540553813376075887e+00
2.540553977136500663e+00
2.540554140873457545e+00
2.540554304545470377e+00
2.540554468235467489e+00
2.540554631860494350e+00
2.540554795462014681e+00
2.540554958998532786e+00
2.540555122511518160e+00
2.540555286000964585e+00
2.540555449466864069e+00
2.540555612867701818e+00
2.540555776244969088e+00
2.540555939598655222e+00
2.540556102887234324e+00
2.540556266193734203e+00
2.540556429393573623e+00
2.540556592611316944e+00
2.540556755763893726e+00
2.540556918892828087e+00
2.540557081998106703e+00
2.540557245038176148e+00
2.540557408096123293e+00
2.540557571047274088e+00
2.540557734016287483e+00
2.540557896920031311e+00
2.540558059800055890e+00
2.540558222656357668e+00
2.540558385447342360e+00
2.540558548214575385e+00
2.540558710958052302e+00
2.540558873677761120e+00
2.540559036332098231e+00
2.540559198962642817e+00
2.540559361569388663e+00
2.540559524110713507e+00
2.540559686628215186e+00
2.540559849121886593e+00
2.540560011591718848e+00
2.540560173996070148e+00
2.540560336376558759e+00
2.540560498733175354e+00
2.540560661065911496e+00
2.540560823333111173e+00
2.540560985576405528e+00
2.540561147795786567e+00
2.540561309949584512e+00
2.540561472079445160e+00
2.540561634185360518e+00
2.540561796267323480e+00
2.540561958283641619e+00
2.540562120275982494e+00
2.540562282244339443e+00
2.540562444147003163e+00
2.540562606025659420e+00
2.540562767880296668e+00
2.540562929710909579e+00
2.540563091517484828e+00
2.540563253258300236e+00
2.540563414975056666e+00
2.540563576626016840e+00
2.540563738294627782e+00
2.540563899897417599e+00
2.540564061476108471e+00
2.540564222988943577e+00
2.540564384477656645e+00
2.540564545983989397e+00
2.540564707382672260e+00
2.540564868798961484e+00
2.540565030149325665e+00
2.540565191475515405e+00
2.540565352777526265e+00
2.540565514013562343e+00
2.540565675267181689e+00
2.540565836454802273e+00
2.540565997576404111e+00
2.540566158715569678e+00
2.540566319788689853e+00
2.540566480837552987e+00
2.540566641862157304e+00
2.540566802820669157e+00
2.540566963754893326e+00
2.540567124664819154e+00
2.540567285550443977e+00
2.540567446369917715e+00
2.540567607165063357e+00
2.540567767935871135e+00
2.540567928682335275e+00
2.540568089362588822e+00
2.540568250060336375e+00
2.540568410649980180e+00
2.540568571257100672e+00
2.540568731839826899e+00
2.540568892356273700e+00
2.540569052848301368e+00
2.540569213274012306e+00
2.540569373717173729e+00
2.540569534093994442e+00
2.540569694446355165e+00
2.540569854774248348e+00
2.540570015035753748e+00
2.540570175272765852e+00
2.540570335485277997e+00
2.540570495673280416e+00
2.540570655794835542e+00
2.540570815933792304e+00
2.540570976006275572e+00
2.540571136012266251e+00
2.540571296035638582e+00
2.540571455992490346e+00
2.540571615924760884e+00
2.540571775832437762e+00
2.540571935715518759e+00
2.540572095532017904e+00
2.540572255323894524e+00
2.540572415091138847e+00
2.540572574833740216e+00
2.540572734509705555e+00
2.540572894161005291e+00
2.540573053787631430e+00
2.540573213389575535e+00
2.540573372924820994e+00
2.540573532435360438e+00
2.540573691921185873e+00
2.540573851382285753e+00
2.540574010818656525e+00
2.540574170188257597e+00
2.540574329533101583e+00
2.540574488853180046e+00
2.540574648148488102e+00
2.540574807376964728e+00
2.540574966580644745e+00
2.540575125759518826e+00
2.540575284913579868e+00
2.540575444000749528e+00
2.540575603063081278e+00
2.540575762100565349e+00
2.540575921113195523e+00
2.540576080100960699e+00
2.540576239021764327e+00
2.540576397917679863e+00
2.540576556788698426e+00
2.540576715634812022e+00
2.540576874413903674e+00
2.540577033210178470e+00
2.540577191939406454e+00
2.540577350601566309e+00
2.540577509280889323e+00
2.540577667893118008e+00
2.540577826522501859e+00
2.540577985042627773e+00
2.540578143579891535e+00
2.540578302092152185e+00
2.540578460537245675e+00
2.540578618957310741e+00
2.540578777352337170e+00
2.540578935722316967e+00
2.540579094025071427e+00
2.540579252302754831e+00
2.540579410555357853e+00
2.540579568782874276e+00
2.540579726985292552e+00
2.540579885120415327e+00
2.540580043230415086e+00
2.540580201315286057e+00
2.540580359375019359e+00
2.540580517367393654e+00
2.540580675376821862e+00
2.540580833318867526e+00
2.540580991235733777e+00
2.540581149085181067e+00
2.540581306951659624e+00
2.540581464750692575e+00
2.540581622524504368e+00
2.540581780273090118e+00
2.540581937996435613e+00
2.540582095652278660e+00
2.540582253282857472e+00
2.540582410930432911e+00
2.540582568468194413e+00
2.540582726022935667e+00
2.540582883552380711e+00
2.540583041014237153e+00
2.540583198450771185e+00
2.540583355861976145e+00
2.540583513205543653e+00
2.540583670566062047e+00
2.540583827858918120e+00
2.540583985126399380e+00
2.540584142368503162e+00
2.540584299585218808e+00
2.540584456734211294e+00
2.540584613857792995e+00
2.540584770955951033e+00
2.540584928028678746e+00
2.540585085075969474e+00
2.540585242097813001e+00
2.540585399051848992e+00
2.540585555980412913e+00
2.540585712883497216e+00
2.540585869761092130e+00
2.540586026570819556e+00
2.540586183397407716e+00
2.540586340156102629e+00
2.540586496889268187e+00
2.540586653554503638e+00
2.540586810236578508e+00
2.540586966850697959e+00
2.540587123481648835e+00
2.540587280044618534e+00
2.540587436582002923e+00
2.540587593051369275e+00
2.540587749537543516e+00
2.540587905955677961e+00
2.540588062348180021e+00
2.540588218715043034e+00
2.540588375056258563e+00
2.540588531329371236e+00
2.540588687619262487e+00
2.540588843841026012e+00
2.540589000037099421e+00
2.540589156207475163e+00
2.540589312309675663e+00
2.540589468428622766e+00
2.540589624479372866e+00
2.540589780504380446e+00
2.540589936503640178e+00
2.540590092477142292e+00
2.540590248382383898e+00
2.540590404304342353e+00
2.540590560158012323e+00
2.540590715985885595e+00
2.540590871787950178e+00
2.540591027564198523e+00
2.540591183272099318e+00
2.540591338954158562e+00
2.540591494652899129e+00
2.540591650283253955e+00
2.540591805845201279e+00
2.540591961423809941e+00
2.540592116976533532e+00
2.540592272460812318e+00
2.540592427919181162e+00
2.540592583351632960e+00
2.540592738758157942e+00
2.540592894138748115e+00
2.540593049450819763e+00
2.540593204736930399e+00
2.540593359997073364e+00
2.540593515231239330e+00
2.540593670439419860e+00
2.540593825621606072e+00
2.540593980735186719e+00
2.540594135865356318e+00
2.540594290926893706e+00
2.540594445962395476e+00
2.540594600971850081e+00
2.540594755912628955e+00
2.540594910869967471e+00
2.540595065758598725e+00
2.540595220621144179e+00
2.540595375457594507e+00
2.540595530267939495e+00
2.540595685052172925e+00
2.540595839767626707e+00
2.540595994499605936e+00
2.540596149162780648e+00
2.540596303799798950e+00
2.540596458410655067e+00
2.540596612952655597e+00
2.540596767511154930e+00
2.540596922000775137e+00
2.540597076506883045e+00
2.540597230944087848e+00
2.540597385355067850e+00
2.540597539739816391e+00
2.540597694055613864e+00
2.540597848387870616e+00
2.540598002651147436e+00
2.540598156888152381e+00
2.540598311098873019e+00
2.540598465283303131e+00
2.540598619441432948e+00
2.540598773573257141e+00
2.540598927636014359e+00
2.540599081672437975e+00
2.540599235682519108e+00
2.540599389666248431e+00
2.540599543623620615e+00
2.540599697554625003e+00
2.540599851459251823e+00
2.540600005294714414e+00
2.540600159103774569e+00
2.540600312886422962e+00
2.540600466642654265e+00
2.540600620372456930e+00
2.540600774075824297e+00
2.540600927709938617e+00
2.540601081360404745e+00
2.540601234941590292e+00
2.540601388496297908e+00
2.540601542024518267e+00
2.540601695526244264e+00
2.540601849001465240e+00
2.540602002407333249e+00
2.540602155829514430e+00
2.540602309182317775e+00
2.540602462508572579e+00
2.540602615808272624e+00
2.540602769081409029e+00
2.540602922327973356e+00
2.540603075505081687e+00
2.540603228698469884e+00
2.540603381822378104e+00
2.540603534919669837e+00
2.540603687990337978e+00
2.540603841034373644e+00
2.540603994051767955e+00
2.540604147042512917e+00
2.540604299963689083e+00
2.540604452901102928e+00
2.540604605768925328e+00
2.540604758610053082e+00
2.540604911424479972e+00
2.540605064212198005e+00
2.540605216930259758e+00
2.540605369664527213e+00
2.540605522372057834e+00
2.540605675009896203e+00
2.540605827620971535e+00
2.540605980205277170e+00
2.540606132762803337e+00
2.540606285293543820e+00
2.540606437797487516e+00
2.540606590231649253e+00
2.540606742681971397e+00
2.540606895062484938e+00
2.540607047416159503e+00
2.540607199742987099e+00
2.540607352042958400e+00
2.540607504316064968e+00
2.540607656562297922e+00
2.540607808781649268e+00
2.540607960931091203e+00
2.540608113053625328e+00
2.540608265192270565e+00
2.540608417260967755e+00
2.540608569302730935e+00
2.540608721317552110e+00
2.540608873262375944e+00
2.540609025223282025e+00
2.540609177157219456e+00
2.540609329021121354e+00
2.540609480858028402e+00
2.540609632667933049e+00
2.540609784450825970e+00
2.540609936206698727e+00
2.540610087935541994e+00
2.540610239637349554e+00
2.540610391312109861e+00
2.540610542916721837e+00
2.540610694494259469e+00
2.540610846087822061e+00
2.540610997611194577e+00
2.540611149107470101e+00
2.540611300576638421e+00
2.540611452018691097e+00
2.540611603390492856e+00
2.540611754778284492e+00
2.540611906095799455e+00
2.540612057429296300e+00
2.540612208692488938e+00
2.540612359928506425e+00
2.540612511137337659e+00
2.540612662318975978e+00
2.540612813473412945e+00
2.540612964600640122e+00
2.540613115700647739e+00
2.540613266730248565e+00
2.540613417775787308e+00
2.540613568750893947e+00
2.540613719698737061e+00
2.540613870619309100e+00
2.540614021512601628e+00
2.540614172378605318e+00
2.540614323217311288e+00
2.540614474028710656e+00
2.540614624769577112e+00
2.540614775526333968e+00
2.540614926212531266e+00
2.540615076914610970e+00
2.540615227546105359e+00
2.540615378150230974e+00
2.540615528726982042e+00
2.540615679276347905e+00
2.540615829798322345e+00
2.540615980249634198e+00
2.540616130716790266e+00
2.540616281156527378e+00
2.540616431525562824e+00
2.540616581867153112e+00
2.540616732224572516e+00
2.540616882511249397e+00
2.540617032770456252e+00
2.540617183002181534e+00
2.540617333206418138e+00
2.540617483339850935e+00
2.540617633489078653e+00
2.540617783610792380e+00
2.540617933661661887e+00
2.540618083728313437e+00
2.540618233724095454e+00
2.540618383692319071e+00
2.540618533632974074e+00
2.540618683589396021e+00
2.540618833474894700e+00
2.540618983289447463e+00
2.540619133119744966e+00
2.540619282922431665e+00
2.540619432697497793e+00
2.540619582401565157e+00
2.540619732121361274e+00
2.540619881770131094e+00
2.540620031391238598e+00
2.540620181028059754e+00
2.540620330593816867e+00
2.540620480131883241e+00
2.540620629642250883e+00
2.540620779124913131e+00
2.540620928536444723e+00
2.540621077963657992e+00
2.540621227363138779e+00
2.540621376691451161e+00
2.540621526035432787e+00
2.540621675308219807e+00
2.540621824596668077e+00
2.540621973813894652e+00
2.540622123003327459e+00
2.540622272164954953e+00
2.540622421298769584e+00
2.540622570404762470e+00
2.540622719482923397e+00
2.540622868533247480e+00
2.540623017512247284e+00
2.540623166506859931e+00
2.540623315473607313e+00
2.540623464368992668e+00
2.540623613279977544e+00
2.540623762119574636e+00
2.540623910931260276e+00
2.540624059715027805e+00
2.540624208514379756e+00
2.540624357242287523e+00
2.540624505942250089e+00
2.540624654614259459e+00
2.540624803214777128e+00
2.540624951830848133e+00
2.540625100418938409e+00
2.540625248979040407e+00
2.540625397467596525e+00
2.540625545971689103e+00
2.540625694404209156e+00
2.540625842808696966e+00
2.540625991228706582e+00
2.540626139577105924e+00
2.540626287897445490e+00
2.540626436189713289e+00
2.540626584453907100e+00
2.540626732690013156e+00
2.540626880898025242e+00
2.540627029077932697e+00
2.540627177229727085e+00
2.540627325353399968e+00
2.540627473405332015e+00
2.540627621472729913e+00
2.540627769511982770e+00
2.540627917479450826e+00
2.540628065418745418e+00
2.540628213373490318e+00
2.540628361256412671e+00
2.540628509111134470e+00
2.540628656981293254e+00
2.540628804779589522e+00
2.540628952549657704e+00
2.540629100291491138e+00
2.540629248005076946e+00
2.540629395690408465e+00
2.540629543347476371e+00
2.540629690932593387e+00
2.540629838533104312e+00
2.540629986105325866e+00
2.540630133605553453e+00
2.540630281121163403e+00
2.540630428608456448e+00
2.540630576023717779e+00
2.540630723454346374e+00
2.540630870812917053e+00
2.540631018143124642e+00
2.540631165488688392e+00
2.540631312762152927e+00
2.540631460007230391e+00
2.540631607223909683e+00
2.540631754412183696e+00
2.540631901572043105e+00
2.540632048703479473e+00
2.540632195806483917e+00
2.540632342881047112e+00
2.540632489927158844e+00
2.540632636944813783e+00
2.540632783890225621e+00
2.540632930850929228e+00
2.540633077783148508e+00
2.540633224643084276e+00
2.540633371518301598e+00
2.540633518321207429e+00
2.540633665139385489e+00
2.540633811885225857e+00
2.540633958646330459e+00
2.540634105335071169e+00
2.540634251995244952e+00
2.540634398670669647e+00
2.540634545273688261e+00
2.540634691848116411e+00
2.540634838393940775e+00
2.540634984911155581e+00
2.540635131443598205e+00
2.540635277903567690e+00
2.540635424334901415e+00
2.540635570737586946e+00
2.540635717067752264e+00
2.540635863413114315e+00
2.540636009729802858e+00
2.540636156017809455e+00
2.540636302277124781e+00
2.540636448507739953e+00
2.540636594665752312e+00
2.540636740838936092e+00
2.540636886983391740e+00
2.540637033055205496e+00
2.540637179142175572e+00
2.540637325156477111e+00
2.540637471185925200e+00
2.540637617142678550e+00
2.540637763114570902e+00
2.540637909013737428e+00
2.540638054928037626e+00
2.540638200769584909e+00
2.540638346582307250e+00
2.540638492410146387e+00
2.540638638165194418e+00
2.540638783891389973e+00
2.540638929588722839e+00
2.540639075257185020e+00
2.540639220940743570e+00
2.540639366551442180e+00
2.540639512133243905e+00
2.540639657686138086e+00
2.540639803210116288e+00
2.540639948705170514e+00
2.540640094171290997e+00
2.540640239608467521e+00
2.540640385016692981e+00
2.540640530395958940e+00
2.540640675746253851e+00
2.540640821067571054e+00
2.540640966359899444e+00
2.540641111623231474e+00
2.540641256813517934e+00
2.540641402018824380e+00
2.540641547195107819e+00
2.540641692342358038e+00
2.540641837416508952e+00
2.540641982505661645e+00
2.540642127565755359e+00
2.540642272596778994e+00
2.540642417554649590e+00
2.540642562527503756e+00
2.540642707471262085e+00
2.540642852341826519e+00
2.540642997227361199e+00
2.540643142039674451e+00
2.540643286866949513e+00
2.540643431665083440e+00
2.540643576389954195e+00
2.540643721129773880e+00
2.540643865796302858e+00
2.540644010477772330e+00
2.540644155085924893e+00
2.540644299709006848e+00
2.540644444258745249e+00
2.540644588823404604e+00
2.540644733314693759e+00
2.540644877820894099e+00
2.540645022253696261e+00
2.540645166657238718e+00
2.540645311075680368e+00
2.540645455420682985e+00
2.540645599780575026e+00
2.540645744067000500e+00
2.540645888324121415e+00
2.540646032596118431e+00
2.540646176794608024e+00
2.540646320963765525e+00
2.540646465147785360e+00
2.540646609258257804e+00
2.540646753339371067e+00
2.540646897435332008e+00
2.540647041457704702e+00
2.540647185450691126e+00
2.540647329458512793e+00
2.540647473392704025e+00
2.540647617297481453e+00
2.540647761217081246e+00
2.540647905063009304e+00
2.540648048879496912e+00
2.540648192710792230e+00
2.540648336468374513e+00
2.540648480196490588e+00
2.540648623939398387e+00
2.540648767608554515e+00
2.540648911248215125e+00
2.540649054902655912e+00
2.540649198483302840e+00
2.540649342034426272e+00
2.540649485600317892e+00
2.540649629092373907e+00
2.540649772554878894e+00
2.540649916032138744e+00
2.540650059435520802e+00
2.540650202809324298e+00
2.540650346197868892e+00
2.540650489512496613e+00
2.540650632797517350e+00
2.540650776097265862e+00
2.540650919323054424e+00
2.540651062519210690e+00
2.540651205730079631e+00
2.540651348866949100e+00
2.540651492018519697e+00
2.540651635096064620e+00
2.540651778143931061e+00
2.540651921206486641e+00
2.540652064194973025e+00
2.540652207198140555e+00
2.540652350127212689e+00
2.540652493070954865e+00
2.540652635940573667e+00
2.540652778824854074e+00
2.540652921634984018e+00
2.540653064459766242e+00
2.540653207210370024e+00
2.540653349975617203e+00
2.540653492666658408e+00
2.540653635372334129e+00
2.540653778048211464e+00
2.540653920649842412e+00
2.540654063266092777e+00
2.540654205808069666e+00
2.540654348364657533e+00
2.540654490891402162e+00
2.540654633343829794e+00
2.540654775810855526e+00
2.540654918248010041e+00
2.540655060655284458e+00
2.540655202988188588e+00
2.540655345335670834e+00
2.540655487653245892e+00
2.540655629940903548e+00
2.540655772198635365e+00
2.540655914381927172e+00
2.540656056579774447e+00
2.540656198747668348e+00
2.540656340885599107e+00
2.540656482993558285e+00
2.540656625071535224e+00
2.540656767119521930e+00
2.540656909137508634e+00
2.540657051125486454e+00
2.540657193083446952e+00
2.540657335011378581e+00
2.540657476909274237e+00
2.540657618821682728e+00
2.540657760659481568e+00
2.540657902467217344e+00
2.540658044244878067e+00
2.540658185992456630e+00
2.540658327754524048e+00
2.540658469441913425e+00
2.540658611099193109e+00
2.540658752770948325e+00
2.540658894367981979e+00
2.540659035979483171e+00
2.540659177516236600e+00
2.540659319022833262e+00
2.540659460543881476e+00
2.540659602034764486e+00
2.540659743450844665e+00
2.540659884881362185e+00
2.540660026237049784e+00
2.540660167607166287e+00
2.540660308947070067e+00
2.540660450212101296e+00
2.540660591491548992e+00
2.540660732740754657e+00
2.540660873959711630e+00
2.540661015148409696e+00
2.540661156306839086e+00
2.540661297434991805e+00
2.540661438532857197e+00
2.540661579600427711e+00
2.540661720637692689e+00
2.540661861644641473e+00
2.540662002621269178e+00
2.540662143567562481e+00
2.540662284483513833e+00
2.540662425413827030e+00
2.540662566269070499e+00
2.540662707093943595e+00
2.540662847933164326e+00
2.540662988697273139e+00
2.540663129430984046e+00
2.540663270179029265e+00
2.540663410896666807e+00
2.540663551539136478e+00
2.540663692195925805e+00
2.540663832777521058e+00
2.540663973373426199e+00
2.540664113938877033e+00
2.540664254473863792e+00
2.540664394933600523e+00
2.540664535407628932e+00
2.540664675851164400e+00
2.540664816264200265e+00
2.540664956646728090e+00
2.540665096998734107e+00
2.540665237320212100e+00
2.540665377655960011e+00
2.540665517916357974e+00
2.540665658146198602e+00
2.540665798345473014e+00
2.540665938558999137e+00
2.540666078697118024e+00
2.540666218849480629e+00
2.540666358926406687e+00
2.540666499017566693e+00
2.540666639033261731e+00
2.540666779063182279e+00
2.540666919062470441e+00
2.540667058986253224e+00
2.540667198924246417e+00
2.540667338831578359e+00
2.540667478708242832e+00
2.540667618554227403e+00
2.540667758369525853e+00
2.540667898154126192e+00
2.540668037908020871e+00
2.540668177631198787e+00
2.540668317368557805e+00
2.540668457030281324e+00
2.540668596661261436e+00
2.540668736306406661e+00
2.540668875875875088e+00
2.540669015459498858e+00
2.540669154967418741e+00
2.540669294489484198e+00
2.540669433980759173e+00
2.540669573396287184e+00
2.540669712825947890e+00
2.540669852224788361e+00
2.540669991592801047e+00
2.540670130929975734e+00
2.540670270236303541e+00
2.540670409511773364e+00
2.540670548756378544e+00
2.540670688015089329e+00
2.540670827197938575e+00
2.540670966349892090e+00
2.540671105515939665e+00
2.540671244606082180e+00
2.540671383710307651e+00
2.540671522738599641e+00
2.540671661780965707e+00
2.540671800792389412e+00
2.540671939772862320e+00
2.540672078677348011e+00
2.540672217595886018e+00
2.540672356483445249e+00
2.540672495385057683e+00
2.540672634210635827e+00
2.540672773005204998e+00
2.540672911768758091e+00
2.540673050546343958e+00
2.540673189247840469e+00
2.540673327918289814e+00
2.540673466602759945e+00
2.540673605256174028e+00
2.540673743833441023e+00
2.540673882424712815e+00
2.540674020984901915e+00
2.540674159513998109e+00
2.540674298011992072e+00
2.540674436478873588e+00
2.540674574914635553e+00
2.540674713319267308e+00
2.540674851692758196e+00
2.540674990080224127e+00
2.540675128391411519e+00
2.540675266716564629e+00
2.540675404965411666e+00
2.540675543228212874e+00
2.540675681459827473e+00
2.540675819615092923e+00
2.540675957784299221e+00
2.540676095922290934e+00
2.540676234029055180e+00
2.540676372104586189e+00
2.540676510194047388e+00
2.540676648207083943e+00
2.540676786188859282e+00
2.540676924184548824e+00
2.540677062103772865e+00
2.540677200036902228e+00
2.540677337893538112e+00
2.540677475764069992e+00
2.540677613603290030e+00
2.540677751411190677e+00
2.540677889187760830e+00
2.540678026932992939e+00
2.540678164646875015e+00
2.540678302329399951e+00
2.540678439980556202e+00
2.540678577645578251e+00
2.540678715233975815e+00
2.540678852836227186e+00
2.540678990361826983e+00
2.540679127901271706e+00
2.540679265409302001e+00
2.540679402885905880e+00
2.540679540331076236e+00
2.540679677744802412e+00
2.540679815127073304e+00
2.540679952477883141e+00
2.540680089842511258e+00
2.540680227130369673e+00
2.540680364386737278e+00
2.540680501656909396e+00
2.540680638895579158e+00
2.540680776057423707e+00
2.540680913233057669e+00
2.540681050377161743e+00
2.540681187489727488e+00
2.540681324570742472e+00
2.540681461665537100e+00
2.540681598683429243e+00
2.540681735669743979e+00
2.540681872669823704e+00
2.540682009592960089e+00
2.540682146529850360e+00
2.540682283435133471e+00
2.540682420308799649e+00
2.540682557150841347e+00
2.540682693961247463e+00
2.540682830740008669e+00
2.540682967487113864e+00
2.540683104202558162e+00
2.540683240931723041e+00
2.540683377583813130e+00
2.540683514249616692e+00
2.540683650883727829e+00
2.540683787440721098e+00
2.540683924011412742e+00
2.540684060550382206e+00
2.540684197057621496e+00
2.540684333578552057e+00
2.540684470022303465e+00
2.540684606434295389e+00
2.540684742859964373e+00
2.540684879208412461e+00
2.540685015570528282e+00
2.540685151900854422e+00
2.540685288199381553e+00
2.540685424466100795e+00
2.540685560701001933e+00
2.540685696904075641e+00
2.540685833075312150e+00
2.540685969260191523e+00
2.540686105367729652e+00
2.540686241488900432e+00
2.540686377578204258e+00
2.540686513635632249e+00
2.540686649615664372e+00
2.540686785654822977e+00
2.540686921616565730e+00
2.540687057546394456e+00
2.540687193444300274e+00
2.540687329355805879e+00
2.540687465189838790e+00
2.540687601037463494e+00
2.540687736853134648e+00
2.540687872636841593e+00
2.540688008388578112e+00
2.540688144108332658e+00
2.540688279796094573e+00
2.540688415451856308e+00
2.540688551121182748e+00
2.540688686712917921e+00
2.540688822318206253e+00
2.540688957891462874e+00
2.540689093387090036e+00
2.540689228896254370e+00
2.540689364418963425e+00
2.540689499864003054e+00
2.540689635276966563e+00
2.540689770703454808e+00
2.540689906052235880e+00
2.540690041414534583e+00
2.540690176699095915e+00
2.540690311997164219e+00
2.540690447263106222e+00
2.540690582496909489e+00
2.540690717744217508e+00
2.540690852913723319e+00
2.540690988096721892e+00
2.540691123201890722e+00
2.540691258320541213e+00
2.540691393407006338e+00
2.540691528461276771e+00
2.540691663483342744e+00
2.540691798473193153e+00
2.540691933430820448e+00
2.540692068356213973e+00
2.540692203295060736e+00
2.540692338201664846e+00
2.540692473030307319e+00
2.540692607872388376e+00
2.540692742682197913e+00
2.540692877459724386e+00
2.540693012250684113e+00
2.540693146963620475e+00
2.540693281644245349e+00
2.540693416338289268e+00
2.540693551000009265e+00
2.540693685629398679e+00
2.540693820226446853e+00
2.540693954791145348e+00
2.540694089323480842e+00
2.540694223823448006e+00
2.540694358336803127e+00
2.540694492772007429e+00
2.540694627220589474e+00
2.540694761636771659e+00
2.540694896020545546e+00
2.540695030371898255e+00
2.540695164690824015e+00
2.540695299023112419e+00
2.540695433277154969e+00
2.540695567544551281e+00
2.540695701733673317e+00
2.540695835936138902e+00
2.540695970106125579e+00
2.540696104243624465e+00
2.540696238394461126e+00
2.540696372466961783e+00
2.540696506506944008e+00
2.540696640560249353e+00
2.540696774581026496e+00
2.540696908569268331e+00
2.540697042524962423e+00
2.540697176448100336e+00
2.540697310338673631e+00
2.540697444242544289e+00
2.540697578067961260e+00
2.540697711906666711e+00
2.540697845712776459e+00
2.540697979486281621e+00
2.540698113227170651e+00
2.540698246935435556e+00
2.540698380611066565e+00
2.540698514299964295e+00
2.540698647956217471e+00
2.540698781533894390e+00
2.540698915124823376e+00
2.540699048683079386e+00
2.540699182254585242e+00
2.540699315747467768e+00
2.540699449207647564e+00
2.540699582681061663e+00
2.540699716121763263e+00
2.540699849529740373e+00
2.540699982904985443e+00
2.540700116247486928e+00
2.540700249557238166e+00
2.540700382834222282e+00
2.540700516124416275e+00
2.540700649381838705e+00
2.540700782606477581e+00
2.540700915798325799e+00
2.540701048957370478e+00
2.540701182083603626e+00
2.540701315177015029e+00
2.540701448283607000e+00
2.540701581357367900e+00
2.540701714398286626e+00
2.540701847406354297e+00
2.540701980381560254e+00
2.540702113323894729e+00
2.540702246233348838e+00
2.540702379155956869e+00
2.540702512045672989e+00
2.540702644902488316e+00
2.540702777726392192e+00
2.540702910517375734e+00
2.540703043275429618e+00
2.540703176046613443e+00
2.540703308738782695e+00
2.540703441444071231e+00
2.540703574116399466e+00
2.540703706755758517e+00
2.540703839362135952e+00
2.540703971935524663e+00
2.540704104522015339e+00
2.540704237029400403e+00
2.540704369549877661e+00
2.540704502037335555e+00
2.540704634491763869e+00
2.540704766959277272e+00
2.540704899347622003e+00
2.540705031749041609e+00
2.540705164071261457e+00
2.540705296406547742e+00
2.540705428708753821e+00
2.540705560977873034e+00
2.540705693260048914e+00
2.540705825462962864e+00
2.540705957678926818e+00
2.540706089815597757e+00
2.540706221965309375e+00
2.540706354081879503e+00
2.540706486211487203e+00
2.540706618261754812e+00
2.540706750325049335e+00
2.540706882308975345e+00
2.540707014305917610e+00
2.540707146269669536e+00
2.540707278200224462e+00
2.540707410143788536e+00
2.540707542007919706e+00
2.540707673885051143e+00
2.540707805728952273e+00
2.540707937539615102e+00
2.540708069317028972e+00
2.540708201061185889e+00
2.540708332818323534e+00
2.540708464495937680e+00
2.540708596186522783e+00
2.540708727843818515e+00
2.540708859467816882e+00
2.540708991058506339e+00
2.540709122662154318e+00
2.540709254186202415e+00
2.540709385723200153e+00
2.540709517226855674e+00
2.540709648697164535e+00
2.540709780134113860e+00
2.540709911584000835e+00
2.540710042954209769e+00
2.540710174337344363e+00
2.540710305687088777e+00
2.540710437003435906e+00
2.540710568286373761e+00
2.540710699582225285e+00
2.540710830798322384e+00
2.540710962027321607e+00
2.540711093222881356e+00
2.540711224384992306e+00
2.540711355513646019e+00
2.540711486608831393e+00
2.540711617716901571e+00
2.540711748791490088e+00
2.540711879832592945e+00
2.540712010840195489e+00
2.540712141814289282e+00
2.540712272754865886e+00
2.540712403708302869e+00
2.540712534628210673e+00
2.540712665514581303e+00
2.540712796367400994e+00
2.540712927186661751e+00
2.540713057972356026e+00
2.540713188770887143e+00
2.540713319535839343e+00
2.540713450267201523e+00
2.540713580964965246e+00
2.540713711629120297e+00
2.540713842306097092e+00
2.540713972903008155e+00
2.540714103512728972e+00
2.540714234088811363e+00
2.540714364631243782e+00
2.540714495186479294e+00
2.540714625661587345e+00
2.540714756149489162e+00
2.540714886603709921e+00
2.540715017024241185e+00
2.540715147411072294e+00
2.540715277764193480e+00
2.540715408130090225e+00
2.540715538462266387e+00
2.540715668760711310e+00
2.540715799025416999e+00
2.540715929256371464e+00
2.540716059500083723e+00
2.540716189663511759e+00
2.540716319839686932e+00
2.540716449982081571e+00
2.540716580090685905e+00
2.540716710212028495e+00
2.540716840253024689e+00
2.540716970306751143e+00
2.540717100326654876e+00
2.540717230312727004e+00
2.540717360264959535e+00
2.540717490229905451e+00
2.540717620161001555e+00
2.540717750011658005e+00
2.540717879875014518e+00
2.540718009751074646e+00
2.540718139546661369e+00
2.540718269354942382e+00
2.540718399082719792e+00
2.540718528823180833e+00
2.540718658529717899e+00
2.540718788248935933e+00
2.540718917887602402e+00
2.540719047538938735e+00
2.540719177156321784e+00
2.540719306739742223e+00
2.540719436289188948e+00
2.540719565851292661e+00
2.540719695332767092e+00
2.540719824826887407e+00
2.540719954287005145e+00
2.540720083713108313e+00
2.540720213151850260e+00
2.540720342509899865e+00
2.540720471880577147e+00
2.540720601217208330e+00
2.540720730519786308e+00
2.540720859788299091e+00
2.540720989069429336e+00
2.540721118316482396e+00
2.540721247529449389e+00
2.540721376708322321e+00
2.540721505853087869e+00
2.540721635010452228e+00
2.540721764086982137e+00
2.540721893176097979e+00
2.540722022231078459e+00
2.540722151251911587e+00
2.540722280285325319e+00
2.540722409284581040e+00
2.540722538202923708e+00
2.540722667180580707e+00
2.540722796077304224e+00
2.540722924939829763e+00
2.540723053814912369e+00
2.540723182655786339e+00
2.540723311462442791e+00
2.540723440234870179e+00
2.540723568973058732e+00
2.540723697723786589e+00
2.540723826440263178e+00
2.540723955122481836e+00
2.540724083770431019e+00
2.540724212384101399e+00
2.540724341010291543e+00
2.540724469602190894e+00
2.540724598159790126e+00
2.540724726683078138e+00
2.540724855218875256e+00
2.540724983673517734e+00
2.540725112140655995e+00
2.540725240573452837e+00
2.540725368971900267e+00
2.540725497382835485e+00
2.540725625712553004e+00
2.540725754054749430e+00
2.540725882362563137e+00
2.540726010635984800e+00
2.540726138921876043e+00
2.540726267173364583e+00
2.540726395343556376e+00
2.540726523526203540e+00
2.540726651721308293e+00
2.540726779835083438e+00
2.540726907961303738e+00
2.540727036053071153e+00
2.540727164110372804e+00
2.540727292133199811e+00
2.540727420168461315e+00
2.540727548122312385e+00
2.540727676088589071e+00
2.540727804020358693e+00
2.540727931964549491e+00
2.540728059827281449e+00
2.540728187702424368e+00
2.540728315543028693e+00
2.540728443349086874e+00
2.540728571167548910e+00
2.540728698904486826e+00
2.540728826653817940e+00
2.540728954368570491e+00
2.540729082048733822e+00
2.540729209741281025e+00
2.540729337352243711e+00
2.540729464975578722e+00
2.540729592564294315e+00
2.540729720118379831e+00
2.540729847684832343e+00
2.540729975216642345e+00
2.540730102713803618e+00
2.540730230176303284e+00
2.540730357604132017e+00
2.540730485044308651e+00
2.540730612402769317e+00
2.540730739773567670e+00
2.540730867156705486e+00
2.540730994458093139e+00
2.540731121771809597e+00
2.540731249050803164e+00
2.540731376295063182e+00
2.540731503504579436e+00
2.540731630679343933e+00
2.540731757866415919e+00
2.540731885018725045e+00
2.540732012136258433e+00
2.540732139266094869e+00
2.540732266314052801e+00
2.540732393374301346e+00
2.540732520399746619e+00
2.540732647390374410e+00
2.540732774393285709e+00
2.540732901314255443e+00
2.540733028247497138e+00
2.540733155193017012e+00
2.540733282056558018e+00
2.540733408885231803e+00
2.540733535726165560e+00
2.540733662532220105e+00
2.540733789350532401e+00
2.540733916086802768e+00
2.540734042835321116e+00
2.540734169548928278e+00
2.540734296227616262e+00
2.540734422871370413e+00
2.540734549527360109e+00
2.540734676101229716e+00
2.540734802687320659e+00
2.540734929285637378e+00
2.540735055801799369e+00
2.540735182330175590e+00
2.540735308823568683e+00
2.540735435281968435e+00
2.540735561705364631e+00
2.540735688140961290e+00
2.540735814541544180e+00
2.540735940907102197e+00
2.540736067237624241e+00
2.540736193580334756e+00
2.540736319840761759e+00
2.540736446113365687e+00
2.540736572398149651e+00
2.540736698600613686e+00
2.540736824815248429e+00
2.540736950994794796e+00
2.540737077139241240e+00
2.540737203248581988e+00
2.540737329370077457e+00
2.540737455456453908e+00
2.540737581507700682e+00
2.540737707523807565e+00
2.540737833504764787e+00
2.540737959497858078e+00
2.540738085455791495e+00
2.540738211378553046e+00
2.540738337313443118e+00
2.540738463165836514e+00
2.540738589030346883e+00
2.540738714859654745e+00
2.540738840701078693e+00
2.540738966459954895e+00
2.540739092230933860e+00
2.540739217966680563e+00
2.540739343714530918e+00
2.540739469379781568e+00
2.540739595057124767e+00
2.540739720699200177e+00
2.540739846305998917e+00
2.540739971924882212e+00
2.540740097461103630e+00
2.540740223009397170e+00
2.540740348569766383e+00
2.540740474047437303e+00
2.540740599537173239e+00
2.540740724991580102e+00
2.540740850410647234e+00
2.540740975794365308e+00
2.540741101190131523e+00
2.540741226550538467e+00
2.540741351875573706e+00
2.540741477165227025e+00
2.540741602466919602e+00
2.540741727733216493e+00
2.540741852964112368e+00
2.540741978159593906e+00
2.540742103367100047e+00
2.540742228491728039e+00
2.540742353628370420e+00
2.540742478777028523e+00
2.540742603842773839e+00
2.540742728920524662e+00
2.540742853962807413e+00
2.540742978969617205e+00
2.540743103988420515e+00
2.540743228971736656e+00
2.540743353919554082e+00
2.540743478831862134e+00
2.540743603708654152e+00
2.540743728597421924e+00
2.540743853450657674e+00
2.540743978268354297e+00
2.540744103098020901e+00
2.540744227844611736e+00
2.540744352603160117e+00
2.540744477373670485e+00
2.540744602061068669e+00
2.540744726760417294e+00
2.540744851424172168e+00
2.540744976052323967e+00
2.540745100644858923e+00
2.540745225249332329e+00
2.540745349818180010e+00
2.540745474351391309e+00
2.540745598896530844e+00
2.540745723358443175e+00
2.540745847832273974e+00
2.540745972270436859e+00
2.540746096720514213e+00
2.540746221134914329e+00
2.540746345466020184e+00
2.540746469856632217e+00
2.540746594163930450e+00
2.540746718483126720e+00
2.540746842766600455e+00
2.540746967014342328e+00
2.540747091226341681e+00
2.540747215450223084e+00
2.540747339638351310e+00
2.540747463790717031e+00
2.540747587954955478e+00
2.540747712083418541e+00
2.540747836176096897e+00
2.540747960232979885e+00
2.540748084254055073e+00
2.540748208286987442e+00
2.540748332284100908e+00
2.540748456245387032e+00
2.540748580218519681e+00
2.540748704155812554e+00
2.540748828057256770e+00
2.540748951922839005e+00
2.540749075800258439e+00
2.540749199594097174e+00
2.540749323399757564e+00
2.540749447217241830e+00
2.540749570951112535e+00
2.540749694696796457e+00
2.540749818406566884e+00
2.540749942128147421e+00
2.540750065766065102e+00
2.540750189415782234e+00
2.540750313029551677e+00
2.540750436655120570e+00
2.540750560196973318e+00
2.540750683750611749e+00
2.540750807268271405e+00
2.540750930797717189e+00
2.540751054291171762e+00
2.540751177748627576e+00
2.540751301170072640e+00
2.540751424555498961e+00
2.540751547952687872e+00
2.540751671313845605e+00
2.540751794638962391e+00
2.540751917975832441e+00
2.540752041276649997e+00
2.540752164541403513e+00
2.540752287770082773e+00
2.540752411010504197e+00
2.540752534214838931e+00
2.540752657383078539e+00
2.540752780515210585e+00
2.540752903659072803e+00
2.540753026766814138e+00
2.540753149838429259e+00
2.540753272921763006e+00
2.540753395921095059e+00
2.540753518932133748e+00
2.540753641954884401e+00
2.540753764893596944e+00
2.540753887844010794e+00
2.540754010758239811e+00
2.540754133684166582e+00
2.540754256526006394e+00
2.540754379379531080e+00
2.540754502196842068e+00
2.540754625025833491e+00
2.540754747770688660e+00
2.540754870527215381e+00
2.540754993295416764e+00
2.540755115979442813e+00
2.540755238675132865e+00
2.540755361334554152e+00
2.540755483957695127e+00
2.540755606592491667e+00
2.540755729190999901e+00
2.540755851753203842e+00
2.540755974279099050e+00
2.540756096816633836e+00
2.540756219317846121e+00
2.540756341782723915e+00
2.540756464259232406e+00
2.540756586699400632e+00
2.540756709103210831e+00
2.540756831470655897e+00
2.540756953849719224e+00
2.540757076192404540e+00
2.540757198498703406e+00
2.540757320768603833e+00
2.540757443050108311e+00
2.540757565295203246e+00
2.540757687503877982e+00
2.540757809724149219e+00
2.540757931907988265e+00
2.540758054055384463e+00
2.540758176166329818e+00
2.540758298288855244e+00
2.540758420374917392e+00
2.540758542424504718e+00
2.540758664485665896e+00
2.540758786462277818e+00
2.540758908450453823e+00
2.540759030450189915e+00
2.540759152365344775e+00
2.540759274292049064e+00
2.540759396230314771e+00
2.540759518083958834e+00
2.540759639949146553e+00
2.540759761777783510e+00
2.540759883569859934e+00
2.540760005373472019e+00
2.540760127140512026e+00
2.540760248870967075e+00
2.540760370564830062e+00
2.540760492270212723e+00
2.540760613938992218e+00
2.540760735571154338e+00
2.540760857214829471e+00
2.540760978821877902e+00
2.540761100392288530e+00
2.540761221926049807e+00
2.540761343471310774e+00
2.540761464979913509e+00
2.540761586451841580e+00
2.540761707935262681e+00
2.540761829382002013e+00
2.540761950792048030e+00
2.540762072213576417e+00
2.540762193550209602e+00
2.540762314898314500e+00
2.540762436257891110e+00
2.540762557532540100e+00
2.540762678818650144e+00
2.540762800068012695e+00
2.540762921328834523e+00
2.540763042504675440e+00
2.540763163691965421e+00
2.540763284890702689e+00
2.540763406004425740e+00
2.540763527129588084e+00
2.540763648266191943e+00
2.540763769317743836e+00
2.540763890380724810e+00
2.540764011406883682e+00
2.540764132396204911e+00
2.540764253396950778e+00
2.540764374360848343e+00
2.540764495287889169e+00
2.540764616226343975e+00
2.540764737079643343e+00
2.540764857992635406e+00
2.540764978820452491e+00
2.540765099659668014e+00
2.540765220461982388e+00
2.540765341227384511e+00
2.540765462004176634e+00
2.540765582695728497e+00
2.540765703446980162e+00
2.540765824112970250e+00
2.540765944790335240e+00
2.540766065430745346e+00
2.540766186034185914e+00
2.540766306648996498e+00
2.540766427226827773e+00
2.540766547767669525e+00
2.540766668319869748e+00
2.540766788835069345e+00
2.540766909313255884e+00
2.540767029754422257e+00
2.540767150206933334e+00
2.540767270622410035e+00
2.540767391000841258e+00
2.540767511390609634e+00
2.540767631743320543e+00
2.540767752058965101e+00
2.540767872385937043e+00
2.540767992627421812e+00
2.540768112928635691e+00
2.540768233144340638e+00
2.540768353371357868e+00
2.540768473561263896e+00
2.540768593714047618e+00
2.540768713878133855e+00
2.540768834005089793e+00
2.540768954094900778e+00
2.540769074196005395e+00
2.540769194211500714e+00
2.540769314286738023e+00
2.540769434276345162e+00
2.540769554277230391e+00
2.540769674240927589e+00
2.540769794167426099e+00
2.540769914105196037e+00
2.540770034005753963e+00
2.540770153869090997e+00
2.540770273743691909e+00
2.540770393581057718e+00
2.540770513381179985e+00
2.540770633144047608e+00
2.540770752918162678e+00
2.540770872655012447e+00
2.540770992403107886e+00
2.540771112065395965e+00
2.540771231738919500e+00
2.540771351423679381e+00
2.540771471022597261e+00
2.540771590632740828e+00
2.540771710254111415e+00
2.540771829789603586e+00
2.540771949336313007e+00
2.540772068845678966e+00
2.540772188366258622e+00
2.540772307800907015e+00
2.540772427295333813e+00
2.540772546703812473e+00
2.540772666123489287e+00
2.540772785505775122e+00
2.540772904850663316e+00
2.540773024206740782e+00
2.540773143525406397e+00
2.540773262806649058e+00
2.540773382099073885e+00
2.540773501354063768e+00
2.540773620571608493e+00
2.540773739751699178e+00
2.540773858942952934e+00
2.540773978096743768e+00
2.540774097261695896e+00
2.540774216389167783e+00
2.540774335479150992e+00
2.540774454531634419e+00
2.540774573595266261e+00
2.540774692621385000e+00
2.540774811609980866e+00
2.540774930609717597e+00
2.540775049571918132e+00
2.540775168496573588e+00
2.540775287432361473e+00
2.540775406330590069e+00
2.540775525191250939e+00
2.540775644063034022e+00
2.540775762897237833e+00
2.540775881693850380e+00
2.540776000452861894e+00
2.540776119222980522e+00
2.540776237955486572e+00
2.540776356699096628e+00
2.540776475405080781e+00
2.540776594073430594e+00
2.540776712704132301e+00
2.540776831345927356e+00
2.540776949950059649e+00
2.540777068516525183e+00
2.540777187094070300e+00
2.540777305633936223e+00
2.540777424184876843e+00
2.540777542649353737e+00
2.540777661124895559e+00
2.540777779562722660e+00
2.540777898011614244e+00
2.540778016422776453e+00
2.540778134796203958e+00
2.540778253180684843e+00
2.540778371527417256e+00
2.540778489836390541e+00
2.540778608156407881e+00
2.540778726438653656e+00
2.540778844683118542e+00
2.540778962889790549e+00
2.540779081107491510e+00
2.540779199287388490e+00
2.540779317478311761e+00
2.540779435631418171e+00
2.540779553746698838e+00
2.540779671824140440e+00
2.540779789912595010e+00
2.540779907963197193e+00
2.540780026024809235e+00
2.540780144048560008e+00
2.540780262034437520e+00
2.540780379982432002e+00
2.540780497941420357e+00
2.540780615862513692e+00
2.540780733745699571e+00
2.540780851639870885e+00
2.540780969496124087e+00
2.540781087363360502e+00
2.540781205143750832e+00
2.540781322984028812e+00
2.540781440737442498e+00
2.540781558501822524e+00
2.540781676228238695e+00
2.540781793916679909e+00
2.540781911616080802e+00
2.540782029277493859e+00
2.540782146900911087e+00
2.540782264535276447e+00
2.540782382131632211e+00
2.540782499689968166e+00
2.540782617259245146e+00
2.540782734790489883e+00
2.540782852283691717e+00
2.540782969787824364e+00
2.540783087253902117e+00
2.540783204730907130e+00
2.540783322120849341e+00
2.540783439521705489e+00
2.540783556933480902e+00
2.540783674258155322e+00
2.540783791593736574e+00
2.540783908940226432e+00
2.540784026199578882e+00
2.540784143469831058e+00
2.540784260750980739e+00
2.540784377944958372e+00
2.540784495149824185e+00
2.540784612365578621e+00
2.540784729543178244e+00
2.540784846682607956e+00
2.540784963783859318e+00
2.540785080895986425e+00
2.540785197969920972e+00
2.540785315005653189e+00
2.540785432052254045e+00
2.540785549060639248e+00
2.540785666030799916e+00
2.540785783011818122e+00
2.540785899954598470e+00
2.540786016908233691e+00
2.540786133774513456e+00
2.540786250651635214e+00
2.540786367539602963e+00
2.540786484389296884e+00
2.540786601200708539e+00
2.540786717973827713e+00
2.540786834757775559e+00
2.540786951503419377e+00
2.540787068259888759e+00
2.540787184928893438e+00
2.540787301657863040e+00
2.540787418299346179e+00
2.540787534951642890e+00
2.540787651565587169e+00
2.540787768190339246e+00
2.540787884727553347e+00
2.540788001324743473e+00
2.540788117834372084e+00
2.540788234354794728e+00
2.540788350836820975e+00
2.540788467329633704e+00
2.540788583784039822e+00
2.540788700200026451e+00
2.540788816626791569e+00
2.540788933015124762e+00
2.540789049365014485e+00
2.540789165725676479e+00
2.540789282047885678e+00
2.540789398331622984e+00
2.540789514626125900e+00
2.540789630882149375e+00
2.540789747099684526e+00
2.540789863327971077e+00
2.540789979517757313e+00
2.540790095669033910e+00
2.540790211831051693e+00
2.540790327954545624e+00
2.540790444088779410e+00
2.540790560135196774e+00
2.540790676241626578e+00
2.540790792260219533e+00
2.540790908289537242e+00
2.540791024280283139e+00
2.540791140281752014e+00
2.540791256244638419e+00
2.540791372168930806e+00
2.540791488103935958e+00
2.540791603951015443e+00
2.540791719858119357e+00
2.540791835677276733e+00
2.540791951507130886e+00
2.540792067347682703e+00
2.540792183100252455e+00
2.540792298912855074e+00
2.540792414637453867e+00
2.540792530372736557e+00
2.540792646069344851e+00
2.540792761727267202e+00
2.540792877395865457e+00
2.540792993025765334e+00
2.540793108666336231e+00
2.540793224268198092e+00
2.540793339831340703e+00
2.540793455405142787e+00
2.540793570890814923e+00
2.540793686436538579e+00
2.540793801894111414e+00
2.540793917362330401e+00
2.540794032841198202e+00
2.540794148281297460e+00
2.540794263682618404e+00
2.540794379045149043e+00
2.540794494418314731e+00
2.540794609752676347e+00
2.540794725048228564e+00
2.540794840354400286e+00
2.540794955671201727e+00
2.540795070899719121e+00
2.540795186138851136e+00
2.540795301339136003e+00
2.540795416550029273e+00
2.540795531722065626e+00
2.540795646855228629e+00
2.540795761998994706e+00
2.540795877103876332e+00
2.540795992219357480e+00
2.540796107246443558e+00
2.540796222284116723e+00
2.540796337332379196e+00
2.540796452341722134e+00
2.540796567312133103e+00
2.540796682293127606e+00
2.540796797235177262e+00
2.540796912138274966e+00
2.540797027051942436e+00
2.540797141926645075e+00
2.540797256762369116e+00
2.540797371608655375e+00
2.540797486415953266e+00
2.540797601233807157e+00
2.540797715963099890e+00
2.540797830752503650e+00
2.540797945453322715e+00
2.540798060164682681e+00
2.540798174837009871e+00
2.540798289519873965e+00
2.540798404163690627e+00
2.540798518818042862e+00
2.540798633383736238e+00
2.540798747959953197e+00
2.540798862546695069e+00
2.540798977094353983e+00
2.540799091602919280e+00
2.540799206122000164e+00
2.540799320601974554e+00
2.540799435042831789e+00
2.540799549494195730e+00
2.540799663906429640e+00
2.540799778279523746e+00
2.540799892663113901e+00
2.540800007007553152e+00
2.540800121312826398e+00
2.540800235628587256e+00
2.540800349954839277e+00
2.540800464192241481e+00
2.540800578440122859e+00
2.540800692698484298e+00
2.540800806867959505e+00
2.540800921047903671e+00
2.540801035238317684e+00
2.540801149389509295e+00
2.540801263501464291e+00
2.540801377623880697e+00
2.540801491707050275e+00
2.540801605750960146e+00
2.540801719805322101e+00
2.540801833820414135e+00
2.540801947796224258e+00
2.540802061782475807e+00
2.540802175729433454e+00
2.540802289686829418e+00
2.540802403604919935e+00
2.540802517483691680e+00
2.540802631323135330e+00
2.540802745222763726e+00
2.540802859033294503e+00
2.540802972854244057e+00
2.540803086635839758e+00
2.540803200378072724e+00
2.540803314130715140e+00
2.540803427893769673e+00
2.540803541567651980e+00
2.540803655251933524e+00
2.540803768946619634e+00
2.540803882601903485e+00
2.540803996217774419e+00
2.540804109794221333e+00
2.540804223381056826e+00
2.540804336928454532e+00
2.540804450486238153e+00
2.540804564004571553e+00
2.540804677533285538e+00
2.540804790972694960e+00
2.540804904422471200e+00
2.540805017882617811e+00
2.540805131303280895e+00
2.540805244684447572e+00
2.540805358075976628e+00
2.540805471427996398e+00
2.540805584740499334e+00
2.540805698063350437e+00
2.540805811346672272e+00
2.540805924640340940e+00
2.540806037894466574e+00
2.540806151109037625e+00
2.540806264333944409e+00
2.540806377519287285e+00
2.540806490714961896e+00
2.540806603821140541e+00
2.540806716987561664e+00
2.540806830064465949e+00
2.540806943151688646e+00
2.540807056249230200e+00
2.540807169257217613e+00
2.540807282325458161e+00
2.540807395304119698e+00
2.540807508293088990e+00
2.540807621242407333e+00
2.540807734202027213e+00
2.540807847121983709e+00
2.540807960052238634e+00
2.540808072892842162e+00
2.540808185793711260e+00
2.540808298604908533e+00
2.540808411426386471e+00
2.540808524258149070e+00
2.540808637000202097e+00
2.540808749752526907e+00
2.540808862515127053e+00
2.540808975237991874e+00
2.540809087921110709e+00
2.540809200614494223e+00
2.540809313268120651e+00
2.540809425881978001e+00
2.540809538506089815e+00
2.540809651090419230e+00
2.540809763685000888e+00
2.540809876239788601e+00
2.540809988754769932e+00
2.540810101279993738e+00
2.540810213765400061e+00
2.540810326261043972e+00
2.540810438716857078e+00
2.540810551132829609e+00
2.540810663559029514e+00
2.540810775945375966e+00
2.540810888291856529e+00
2.540811000648556028e+00
2.540811112965377205e+00
2.540811225292414655e+00
2.540811337579561346e+00
2.540811449876917649e+00
2.540811562084257069e+00
2.540811674351914906e+00
2.540811786529531435e+00
2.540811898717342920e+00
2.540812010915352026e+00
2.540812123023282076e+00
2.540812235191541646e+00
2.540812347269700400e+00
2.540812459358041231e+00
2.540812571456566360e+00
2.540812683464952482e+00
2.540812795483510467e+00
2.540812907512243868e+00
2.540813019500977710e+00
2.540813131449703111e+00
2.540813243408588828e+00
2.540813355327455891e+00
2.540813467206287424e+00
2.540813579095274388e+00
2.540813690994417229e+00
2.540813802803306043e+00
2.540813914622337855e+00
2.540814026451517549e+00
2.540814138240625297e+00
2.540814249989651330e+00
2.540814361748813699e+00
2.540814473467883694e+00
2.540814585146842663e+00
2.540814696835930864e+00
2.540814808484900489e+00
2.540814920143994016e+00
2.540815031762955201e+00
2.540815143341773830e+00
2.540815254930708811e+00
2.540815366479483917e+00
2.540815478038371822e+00
2.540815589557092302e+00
2.540815701085918921e+00
2.540815812524273465e+00
2.540815924023016592e+00
2.540816035431266329e+00
2.540816146849607993e+00
2.540816258278042028e+00
2.540816369666258900e+00
2.540816481014247064e+00
2.540816592321995415e+00
2.540816703639821483e+00
2.540816814967726156e+00
2.540816926255376362e+00
2.540817037502763220e+00
2.540817148760219801e+00
2.540817259977397491e+00
2.540817371154287407e+00
2.540817482341236389e+00
2.540817593487883386e+00
2.540817704644587671e+00
2.540817815760976650e+00
2.540817926837040552e+00
2.540818037923151085e+00
2.540818148968922330e+00
2.540818260024736652e+00
2.540818371040199253e+00
2.540818482015300805e+00
2.540818593000435222e+00
2.540818703995603389e+00
2.540818814899984623e+00
2.540818925814381846e+00
2.540819036738807046e+00
2.540819147622832119e+00
2.540819258466445962e+00
2.540819369320074017e+00
2.540819480133278851e+00
2.540819590906049363e+00
2.540819701688822985e+00
2.540819812481604600e+00
2.540819923183476270e+00
2.540820033945806689e+00
2.540820144617208953e+00
2.540820255298598340e+00
2.540820365939504555e+00
2.540820476590400112e+00
2.540820587200793845e+00
2.540820697821173368e+00
2.540820808401043962e+00
2.540820918940392747e+00
2.540821029489713556e+00
2.540821139998501899e+00
2.540821250517259156e+00
2.540821360995470179e+00
2.540821471483645233e+00
2.540821581880735813e+00
2.540821692338309568e+00
2.540821802704775756e+00
2.540821913081190431e+00
2.540822023467555812e+00
2.540822133813325667e+00
2.540822244118489337e+00
2.540822354433592611e+00
2.540822464708077710e+00
2.540822574992499749e+00
2.540822685236289402e+00
2.540822795439437787e+00
2.540822905652508013e+00
2.540823015824923647e+00
2.540823126007265564e+00
2.540823236148935571e+00
2.540823346249927006e+00
2.540823456360830512e+00
2.540823566431041236e+00
2.540823676511161366e+00
2.540823786550575392e+00
2.540823896599894383e+00
2.540824006557868664e+00
2.540824116576366976e+00
2.540824226554136089e+00
2.540824336491158686e+00
2.540824446387426327e+00
2.540824556293582059e+00
2.540824666209624993e+00
2.540824776084899650e+00
2.540824885919394482e+00
2.540824995763766747e+00
2.540825105567346753e+00
2.540825215330122511e+00
2.540825325102766818e+00
2.540825434834593999e+00
2.540825544576284400e+00
2.540825654277146572e+00
2.540825763987867969e+00
2.540825873657745593e+00
2.540825983286771006e+00
2.540826092925646762e+00
2.540826202574374193e+00
2.540826312131511333e+00
2.540826421698485937e+00
2.540826531275302447e+00
2.540826640811229442e+00
2.540826750306251380e+00
2.540826859811104566e+00
2.540826969275042480e+00
2.540827078748808532e+00
2.540827188181644658e+00
2.540827297573540200e+00
2.540827406975254998e+00
2.540827516386788609e+00
2.540827625706590265e+00
2.540827735086980788e+00
2.540827844375616706e+00
2.540827953674056339e+00
2.540828062982302349e+00
2.540828172198754231e+00
2.540828281475806083e+00
2.540828390661041158e+00
2.540828499856067957e+00
2.540828609060885590e+00
2.540828718224673821e+00
2.540828827347423324e+00
2.540828936479952560e+00
2.540829045571430633e+00
2.540829154672684886e+00
2.540829263732873322e+00
2.540829372802837050e+00
2.540829481831720749e+00
2.540829590819518202e+00
2.540829699817072296e+00
2.540829808773529486e+00
2.540829917739743316e+00
2.540830026664838037e+00
2.540830135548809654e+00
2.540830244442529917e+00
2.540830353295109756e+00
2.540830462157435132e+00
2.540830570978607206e+00
2.540830679809521264e+00
2.540830788599268253e+00
2.540830897347840178e+00
2.540831006106142986e+00
2.540831114874177565e+00
2.540831223550092499e+00
2.540831332286660249e+00
2.540831440931087037e+00
2.540831549585229610e+00
2.540831658249091518e+00
2.540831766871723740e+00
2.540831875453116950e+00
2.540831984044218395e+00
2.540832092594065728e+00
2.540832201153620851e+00
2.540832309671906764e+00
2.540832418148917249e+00
2.540832526635621313e+00
2.540832635081033963e+00
2.540832743536139304e+00
2.540832851949940796e+00
2.540832960373427873e+00
2.540833068755598667e+00
2.540833177147452826e+00
2.540833285497975602e+00
2.540833393807161222e+00
2.540833502126015997e+00
2.540833610403518517e+00
2.540833718690689302e+00
2.540833826936492734e+00
2.540833935140918598e+00
2.540834043355003402e+00
2.540834151578746702e+00
2.540834259710043508e+00
2.540834367902046864e+00
2.540834476001578857e+00
2.540834584161824505e+00
2.540834692229577474e+00
2.540834800306969399e+00
2.540834908394002944e+00
2.540835016388506062e+00
2.540835124443729942e+00
2.540835232457498094e+00
2.540835340429798084e+00
2.540835448360621029e+00
2.540835556301064280e+00
2.540835664251130943e+00
2.540835772159704131e+00
2.540835880026772298e+00
2.540835987903454551e+00
2.540836095738619349e+00
2.540836203583390684e+00
2.540836311386633461e+00
2.540836419199480112e+00
2.540836526970783993e+00
2.540836634700531782e+00
2.540836742439874563e+00
2.540836850137649705e+00
2.540836957845014066e+00
2.540837065510799242e+00
2.540837173186168307e+00
2.540837280819944866e+00
2.540837388412116038e+00
2.540837496013861774e+00
2.540837603625186958e+00
2.540837711194890769e+00
2.540837818722964325e+00
2.540837926260604895e+00
2.540838033756601000e+00
2.540838141210939760e+00
2.540838248674837097e+00
2.540838356148293897e+00
2.540838463580079143e+00
2.540838570970183063e+00
2.540838678369836678e+00
2.540838785727792981e+00
2.540838893095296758e+00
2.540839000421089899e+00
2.540839107705164857e+00
2.540839214998774409e+00
2.540839322301920777e+00
2.540839429563332530e+00
2.540839536782996788e+00
2.540839644012189424e+00
2.540839751199621688e+00
2.540839858396577444e+00
2.540839965551761281e+00
2.540840072716462839e+00
2.540840179839377377e+00
2.540840286920498681e+00
2.540840394011126158e+00
2.540840501059943080e+00
2.540840608118264399e+00
2.540840715134763617e+00
2.540840822160761903e+00
2.540840929144923876e+00
2.540841036138581366e+00
2.540841143090389664e+00
2.540841250000337226e+00
2.540841356919770533e+00
2.540841463797329780e+00
2.540841570684370332e+00
2.540841677580893965e+00
2.540841784384153534e+00
2.540841891196883751e+00
2.540841998019086834e+00
2.540842104799376777e+00
2.540842211589135147e+00
2.540842318336967054e+00
2.540842425042860953e+00
2.540842531758213951e+00
2.540842638431614287e+00
2.540842745114470169e+00
2.540842851755361842e+00
2.540842958405702845e+00
2.540843065014066759e+00
2.540843171580442039e+00
2.540843278156256879e+00
2.540843384741513056e+00
2.540843491284765499e+00
2.540843597786003549e+00
2.540843704296673167e+00
2.540843810765313293e+00
2.540843917243380545e+00
2.540844023679406316e+00
2.540844130124855216e+00
2.540844236528249311e+00
2.540844342889577945e+00
2.540844449260318161e+00
2.540844555640473068e+00
2.540844661927049053e+00
2.540844768274528764e+00
2.540844874579913260e+00
2.540844980843192769e+00
2.540845087064356633e+00
2.540845193346433106e+00
2.540845299534863599e+00
2.540845405732683027e+00
2.540845511939894941e+00
2.540845618104959680e+00
2.540845724227869251e+00
2.540845830360158430e+00
2.540845936450279119e+00
2.540846042549775419e+00
2.540846148607089017e+00
2.540846254673775118e+00
2.540846360698264306e+00
2.540846466732121556e+00
2.540846572723769459e+00
2.540846678673197356e+00
2.540846784631981770e+00
2.540846890600126251e+00
2.540846996526035184e+00
2.540847102409696134e+00
2.540847208302706051e+00
2.540847314153456438e+00
2.540847420013549129e+00
2.540847525831370302e+00
2.540847631658531114e+00
2.540847737443405752e+00
2.540847843185981336e+00
2.540847948937885903e+00
2.540848054699124781e+00
2.540848160418049062e+00
2.540848266094647201e+00
2.540848371780568549e+00
2.540848477424151763e+00
2.540848583077050193e+00
2.540848688687598944e+00
2.540848794307459801e+00
2.540848899884954992e+00
2.540849005471760513e+00
2.540849111016186157e+00
2.540849216518223930e+00
2.540849322029560931e+00
2.540849427550197159e+00
2.540849533028428198e+00
2.540849638464242943e+00
2.540849743909347147e+00
2.540849849312023068e+00
2.540849954723984450e+00
2.540850060093502005e+00
2.540850165472301025e+00
2.540850270808643785e+00
2.540850376154264456e+00
2.540850481457415988e+00
2.540850586769837882e+00
2.540850692039779091e+00
2.540850797267227179e+00
2.540850902503935416e+00
2.540851007698136765e+00
2.540851112901596043e+00
2.540851218114315468e+00
2.540851323232726777e+00
2.540851428412173707e+00
2.540851533497291204e+00
2.540851638643448762e+00
2.540851743695255127e+00
2.540851848756298548e+00
2.540851953826583909e+00
2.540852058854293993e+00
2.540852163891240245e+00
2.540852268885597898e+00
2.540852373837360734e+00
2.540852478798346858e+00
2.540852583716720847e+00
2.540852688644316792e+00
2.540852793581135138e+00
2.540852898423472173e+00
2.540853003326879023e+00
2.540853108135781024e+00
2.540853213005758171e+00
2.540853317781207821e+00
2.540853422617734836e+00
2.540853527359715258e+00
2.540853632110890548e+00
2.540853736871267810e+00
2.540853841588951667e+00
2.540853946263933683e+00
2.540854050948102127e+00
2.540854155641462775e+00
2.540854260292105149e+00
2.540854364900015483e+00
2.540854469517107805e+00
2.540854574091455209e+00
2.540854678674979716e+00
2.540854783215746870e+00
2.540854887765684467e+00
2.540854992272852719e+00
2.540855096789187861e+00
2.540855201262738117e+00
2.540855305745452597e+00
2.540855410185370200e+00
2.540855514582478936e+00
2.540855618988739018e+00
2.540855723404153999e+00
2.540855827776744569e+00
2.540855932106499182e+00
2.540856036445398924e+00
2.540856140793442464e+00
2.540856245046637873e+00
2.540856349360967492e+00
2.540856453632433176e+00
2.540856557861023823e+00
2.540856662098744057e+00
2.540856766293576374e+00
2.540856870497533393e+00
2.540856974658587397e+00
2.540857078828765658e+00
2.540857182956027138e+00
2.540857287040359402e+00
2.540857391133803489e+00
2.540857495236360730e+00
2.540857599295974101e+00
2.540857703364698406e+00
2.540857807390465517e+00
2.540857911373263889e+00
2.540858015365159872e+00
2.540858119314076013e+00
2.540858223272085326e+00
2.540858327239189585e+00
2.540858431163297126e+00
2.540858535044397293e+00
2.540858638934581748e+00
2.540858742781745061e+00
2.540858846637988222e+00
2.540858950451196474e+00
2.540859054273480133e+00
2.540859158052715561e+00
2.540859261841023287e+00
2.540859365586268126e+00
2.540859469340580823e+00
2.540859573051817755e+00
2.540859676719968263e+00
2.540859780397175083e+00
2.540859884083439102e+00
2.540859987726601599e+00
2.540860091378819074e+00
2.540860194987918153e+00
2.540860298553892616e+00
2.540860402128909179e+00
2.540860505712970063e+00
2.540860609253889013e+00
2.540860712751653594e+00
2.540860816258452282e+00
2.540860919722082834e+00
2.540861023194743495e+00
2.540861126676436044e+00
2.540861230062728016e+00
2.540861333510260778e+00
2.540861436862369427e+00
2.540861540275722863e+00
2.540861643645868195e+00
2.540861746972789437e+00
2.540861850308724357e+00
2.540861953601423195e+00
2.540862056850876183e+00
2.540862160161588612e+00
2.540862263376787222e+00
2.540862366600980859e+00
2.540862469834175741e+00
2.540862573024092796e+00
2.540862676223005323e+00
2.540862779378628034e+00
2.540862882543241330e+00
2.540862985664551488e+00
2.540863088742546516e+00
2.540863191829521028e+00
2.540863294925477689e+00
2.540863397978102789e+00
2.540863500987387447e+00
2.540863604005644039e+00
2.540863707032868568e+00
2.540863810016738000e+00
2.540863912957241233e+00
2.540864015906702633e+00
2.540864118812784955e+00
2.540864221727821448e+00
2.540864324651817441e+00
2.540864427532416592e+00
2.540864530369606022e+00
2.540864633215742963e+00
2.540864736018457748e+00
2.540864838830115602e+00
2.540864941598338866e+00
2.540865044375498982e+00
2.540865147109210298e+00
2.540865249851855801e+00
2.540865352603437266e+00
2.540865455259149641e+00
2.540865557976194289e+00
2.540865660597345421e+00
2.540865763279832379e+00
2.540865865866407169e+00
2.540865968514320450e+00
2.540866071066296250e+00
2.540866173679620310e+00
2.540866276196980245e+00
2.540866378723247276e+00
2.540866481258420961e+00
2.540866583750052587e+00
2.540866686250583317e+00
2.540866788707556889e+00
2.540866891173430897e+00
2.540866993595730872e+00
2.540867096026926397e+00
2.540867198414535011e+00
2.540867300758547831e+00
2.540867403111443323e+00
2.540867505473222820e+00
2.540867607791390981e+00
2.540867710118438261e+00
2.540867812401859105e+00
2.540867914641643743e+00
2.540868016942814833e+00
2.540868119147820625e+00
2.540868221361692214e+00
2.540868323584430044e+00
2.540868425763500582e+00
2.540868527898893170e+00
2.540868630043141785e+00
2.540868732196247759e+00
2.540868834305658908e+00
2.540868936423923863e+00
2.540869038498480670e+00
2.540869140529318226e+00
2.540869242568997599e+00
2.540869344617521897e+00
2.540869446622310512e+00
2.540869548583351900e+00
2.540869650553227110e+00
2.540869752531937920e+00
2.540869854466885513e+00
2.540869956358058346e+00
2.540870058258056563e+00
2.540870160166877945e+00
2.540870262031914351e+00
2.540870363853148017e+00
2.540870465683195523e+00
2.540870567522060419e+00
2.540870669317107478e+00
2.540870771068326484e+00
2.540870872828351335e+00
2.540870974597184695e+00
2.540871076322172684e+00
2.540871178003304642e+00
2.540871279693234452e+00
2.540871381391962558e+00
2.540871483046819090e+00
2.540871584657792503e+00
2.540871686277552222e+00
2.540871787906103130e+00
2.540871889490754931e+00
2.540871991031496080e+00
2.540872092581015096e+00
2.540872194139315088e+00
2.540872295653688440e+00
2.540872397124123161e+00
2.540872498603328200e+00
2.540872600091304001e+00
2.540872701535327849e+00
2.540872802935384200e+00
2.540872904344201544e+00
2.540873005761782988e+00
2.540873107135379172e+00
2.540873208464985655e+00
2.540873309803341584e+00
2.540873411150450956e+00
2.540873512453552419e+00
2.540873613712632650e+00
2.540873714980456111e+00
2.540873816257022799e+00
2.540873917489553158e+00
2.540874018730823636e+00
2.540874119928044461e+00
2.540874221081203643e+00
2.540874322243091843e+00
2.540874423413709504e+00
2.540874524540250423e+00
2.540874625622700389e+00
2.540874726766689573e+00
2.540874827813762504e+00
2.540874928869548910e+00
2.540875029934051899e+00
2.540875130954437289e+00
2.540875231983532156e+00
2.540875332968497879e+00
2.540875433909318026e+00
2.540875534858839657e+00
2.540875635817062772e+00
2.540875736731126988e+00
2.540875837653889580e+00
2.540875938532478617e+00
2.540876039419759813e+00
2.540876140262856353e+00
2.540876241114639722e+00
2.540876341922222448e+00
2.540876442738489338e+00
2.540876543510541374e+00
2.540876644291274022e+00
2.540876745027776717e+00
2.540876845772957360e+00
2.540876946473892506e+00
2.540877047183497162e+00
2.540877147848848772e+00
2.540877248522865006e+00
2.540877349152611320e+00
2.540877449791016929e+00
2.540877550385144179e+00
2.540877650987923175e+00
2.540877751546406049e+00
2.540877852113541557e+00
2.540877952636364512e+00
2.540878053167836104e+00
2.540878153707955445e+00
2.540878254203748465e+00
2.540878354655203175e+00
2.540878455115294976e+00
2.540878555531036032e+00
2.540878655955407073e+00
2.540878756388415205e+00
2.540878856777054828e+00
2.540878957121313952e+00
2.540879057474198177e+00
2.540879157835706614e+00
2.540879258152819453e+00
2.540879358425526480e+00
2.540879458706845284e+00
2.540879558996782084e+00
2.540879659242295752e+00
2.540879759496421197e+00
2.540879859706108412e+00
2.540879959871345850e+00
2.540880060045186628e+00
2.540880160227626305e+00
2.540880260365603327e+00
2.540880360512177916e+00
2.540880460614273417e+00
2.540880560724960713e+00
2.540880660791157375e+00
2.540880760865942278e+00
2.540880860896218785e+00
2.540880960935080868e+00
2.540881060929422119e+00
2.540881160932342731e+00
2.540881260890728299e+00
2.540881360857690119e+00
2.540881460780102685e+00
2.540881560711083065e+00
2.540881660650637031e+00
2.540881760545627088e+00
2.540881860396043468e+00
2.540881960255017002e+00
2.540882060069399095e+00
2.540882159892341452e+00
2.540882259723840075e+00
2.540882359510732158e+00
2.540882459253008818e+00
2.540882559003830643e+00
2.540882658763200741e+00
2.540882758477936321e+00
2.540882858201217509e+00
2.540882957879849524e+00
2.540883057567020487e+00
2.540883157209531618e+00
2.540883256807370039e+00
2.540883356466945742e+00
2.540883456028629528e+00
2.540883555652054149e+00
2.540883655177565981e+00
2.540883754764823532e+00
2.540883854254141649e+00
2.540883953805211259e+00
2.540884053311561974e+00
2.540884152773183136e+00
2.540884252243315711e+00
2.540884351668700081e+00
2.540884451102592756e+00
2.540884550544993736e+00
2.540884649942633189e+00
2.540884749295501788e+00
2.540884848656864037e+00
2.540884948026726153e+00
2.540885047351800097e+00
2.540885146632073877e+00
2.540885245974132900e+00
2.540885345218085956e+00
2.540885444470518895e+00
2.540885543731435714e+00
2.540885642947523504e+00
2.540885742172090289e+00
2.540885841351814278e+00
2.540885940540011489e+00
2.540886039683350806e+00
2.540886138835160679e+00
2.540886237995441554e+00
2.540886337057501887e+00
2.540886436181371888e+00
2.540886535260353796e+00
2.540886634294436952e+00
2.540886733336974679e+00
2.540886832387970085e+00
2.540886931394051640e+00
2.540887030355204246e+00
2.540887129324802096e+00
2.540887228302849188e+00
2.540887327235952675e+00
2.540887426177497410e+00
2.540887525074086106e+00
2.540887623979113386e+00
2.540887722839168639e+00
2.540887821707658034e+00
2.540887920531161193e+00
2.540888019363094941e+00
2.540888118150029129e+00
2.540888216945386358e+00
2.540888315749172399e+00
2.540888414507939341e+00
2.540888513221679190e+00
2.540888611943834086e+00
2.540888710674405360e+00
2.540888809359935774e+00
2.540888908000408009e+00
2.540889006649285520e+00
2.540889105306572304e+00
2.540889203918784922e+00
2.540889302539401928e+00
2.540889401114930557e+00
2.540889499698858689e+00
2.540889598237686897e+00
2.540889696784907947e+00
2.540889795287015751e+00
2.540889893797510624e+00
2.540889992316395229e+00
2.540890090790151490e+00
2.540890189218765638e+00
2.540890287655757973e+00
2.540890386101129828e+00
2.540890484501344027e+00
2.540890582909934636e+00
2.540890681273353380e+00
2.540890779591589599e+00
2.540890877971745176e+00
2.540890976253152189e+00
2.540891074596483445e+00
2.540891172841043932e+00
2.540891271147531771e+00
2.540891369408804223e+00
2.540891467624849742e+00
2.540891565849246359e+00
2.540891664028400942e+00
2.540891762215902183e+00
2.540891860411751857e+00
2.540891958562343511e+00
2.540892056721277381e+00
2.540892154834941685e+00
2.540892252903321769e+00
2.540892351033659402e+00
2.540892449065078829e+00
2.540892547158459802e+00
2.540892645206538347e+00
2.540892743209304250e+00
2.540892841220392828e+00
2.540892939186154109e+00
2.540893037160234513e+00
2.540893135142635817e+00
2.540893233079692504e+00
2.540893330971395248e+00
2.540893428871407345e+00
2.540893526779727907e+00
2.540893624642678983e+00
2.540893722513936304e+00
2.540893820339805931e+00
2.540893918173977362e+00
2.540894015962749553e+00
2.540894113759816886e+00
2.540894211565186467e+00
2.540894309271418905e+00
2.540894407039658631e+00
2.540894504762468920e+00
2.540894602439836447e+00
2.540894700179220145e+00
2.540894797819418294e+00
2.540894895467893377e+00
2.540894993124646284e+00
2.540895090735927564e+00
2.540895188355484891e+00
2.540895285929552383e+00
2.540895383511890149e+00
2.540895481102498632e+00
2.540895578647605291e+00
2.540895676147197690e+00
2.540895773655048373e+00
2.540895871171159559e+00
2.540895968641740499e+00
2.540896066120579277e+00
2.540896163553871823e+00
2.540896260941607920e+00
2.540896358391400156e+00
2.540896455795633280e+00
2.540896553154291304e+00
2.540896650521191624e+00
2.540896747842505299e+00
2.540896845172055940e+00
2.540896942509843548e+00
2.540897039802027635e+00
2.540897137048597543e+00
2.540897234357247125e+00
2.540897331566418949e+00
2.540897428783814416e+00
2.540897526009429086e+00
2.540897623243272285e+00
2.540897720377591984e+00
2.540897817574003348e+00
2.540897914724753015e+00
2.540898011829828995e+00
2.540898108943113076e+00
2.540898206064608811e+00
2.540898303140413095e+00
2.540898400224424147e+00
2.540898497262730427e+00
2.540898594309239478e+00
2.540898691310027768e+00
2.540898788319013946e+00
2.540898885282267372e+00
2.540898982253710248e+00
2.540899079233347457e+00
2.540899176167235485e+00
2.540899273055364116e+00
2.540899369951671982e+00
2.540899466856163968e+00
2.540899563714878795e+00
2.540899660581771080e+00
2.540899757402872439e+00
2.540899854232147703e+00
2.540899951069597318e+00
2.540900047807254758e+00
2.540900144607062039e+00
2.540900241361049083e+00
2.540900338123199820e+00
2.540900434839516109e+00
2.540900531509983296e+00
2.540900628242616754e+00
2.540900724875379879e+00
2.540900821570314161e+00
2.540900918219381133e+00
2.540901014822568804e+00
2.540901111433902848e+00
2.540901208053384153e+00
2.540901304626972834e+00
2.540901401154649353e+00
2.540901497690464694e+00
2.540901594234417082e+00
2.540901690732445761e+00
2.540901787238608378e+00
2.540901883752904489e+00
2.540901980221259571e+00
2.540902076643665630e+00
2.540902173074191417e+00
2.540902269512843148e+00
2.540902365905527205e+00
2.540902462252230265e+00
2.540902558661149335e+00
2.540902654969976471e+00
2.540902751341023169e+00
2.540902847666071107e+00
2.540902943945108738e+00
2.540903040232249666e+00
2.540903136527498773e+00
2.540903232776718923e+00
2.540903328979901232e+00
2.540903425191177512e+00
2.540903521410549093e+00
2.540903617583867291e+00
2.540903713765276795e+00
2.540903809954777604e+00
2.540903906098207266e+00
2.540904002195553346e+00
2.540904098300980074e+00
2.540904194414491002e+00
2.540904290481900585e+00
2.540904386557389039e+00
2.540904482586761493e+00
2.540904578624208376e+00
2.540904674615526382e+00
2.540904770614913044e+00
2.540904866622368807e+00
2.540904962583679261e+00
2.540905058498833746e+00
2.540905154422044898e+00
2.540905250353317157e+00
2.540905346238415685e+00
2.540905442131568659e+00
2.540905538032776967e+00
2.540905633887796000e+00
2.540905729696613768e+00
2.540905825513474880e+00
2.540905921338384221e+00
2.540906017117074978e+00
2.540906112903805969e+00
2.540906208644304609e+00
2.540906304392839932e+00
2.540906400095128248e+00
2.540906495805449250e+00
2.540906591469506370e+00
2.540906687141592624e+00
2.540906782821705789e+00
2.540906878455540863e+00
2.540906974097399296e+00
2.540907069692967646e+00
2.540907165296551362e+00
2.540907260908157106e+00
2.540907356419121133e+00
2.540907451992429511e+00
2.540907547519412724e+00
2.540907643054405973e+00
2.540907738543063843e+00
2.540907834039725088e+00
2.540907929490034523e+00
2.540908024948346888e+00
2.540908120360289679e+00
2.540908215780230517e+00
2.540908311208164960e+00
2.540908406589719171e+00
2.540908501979264322e+00
2.540908597322413698e+00
2.540908692673547797e+00
2.540908787978273242e+00
2.540908883290977638e+00
2.540908978557259612e+00
2.540909073831515208e+00
2.540909169113751087e+00
2.540909264349544117e+00
2.540909359593311656e+00
2.540909454790621691e+00
2.540909549995900907e+00
2.540909645154709740e+00
2.540909740321480648e+00
2.540909835496218072e+00
2.540909930624467350e+00
2.540910025760676483e+00
2.540910120850384146e+00
2.540910215948047224e+00
2.540910310999194177e+00
2.540910406058290771e+00
2.540910501070856142e+00
2.540910596091369822e+00
2.540910691119826481e+00
2.540910786101737706e+00
2.540910881091589690e+00
2.540910976034882029e+00
2.540911070986111131e+00
2.540911165890760604e+00
2.540911260803344618e+00
2.540911355723863174e+00
2.540911450597787447e+00
2.540911545479639599e+00
2.540911640314885922e+00
2.540911735158054796e+00
2.540911829954602741e+00
2.540911924759070128e+00
2.540912019571456959e+00
2.540912114337204208e+00
2.540912209056302551e+00
2.540912303783308790e+00
2.540912398518226478e+00
2.540912493261053839e+00
2.540912587902630193e+00
2.540912682606691231e+00
2.540912777264069167e+00
2.540912871929347006e+00
2.540912966547928420e+00
2.540913061119800087e+00
2.540913155754171981e+00
2.540913250341827023e+00
2.540913344882757219e+00
2.540913439431574883e+00
2.540913533988277795e+00
2.540913628498238985e+00
2.540913722961445576e+00
2.540913817487169712e+00
2.540913911966133920e+00
2.540914006398324876e+00
2.540914100838389977e+00
2.540914195231668504e+00
2.540914289687479233e+00
2.540914384041829788e+00
2.540914478458713877e+00
2.540914572774116476e+00
2.540914667152058826e+00
2.540914761483180406e+00
2.540914855767470559e+00
2.540914950059614874e+00
2.540915044359614239e+00
2.540915138612766189e+00
2.540915232873767415e+00
2.540915327087906572e+00
2.540915421309891009e+00
2.540915515539721614e+00
2.540915609722672830e+00
2.540915703913465773e+00
2.540915798057364672e+00
2.540915892209101301e+00
2.540915986313929231e+00
2.540916080426587342e+00
2.540916174547080519e+00
2.540916268620648122e+00
2.540916362647279492e+00
2.540916456736499462e+00
2.540916550724005241e+00
2.540916644774103617e+00
2.540916738777246664e+00
2.540916832733421948e+00
2.540916926697409206e+00
2.540917020669210658e+00
2.540917114594027471e+00
2.540917208526654036e+00
2.540917302467090355e+00
2.540917396360525604e+00
2.540917490206947793e+00
2.540917584061168633e+00
2.540917677923187679e+00
2.540917771738178565e+00
2.540917865560964550e+00
2.540917959336704168e+00
2.540918053120236220e+00
2.540918146911558928e+00
2.540918240655819282e+00
2.540918334407868961e+00
2.540918428112838523e+00
2.540918521825592080e+00
2.540918615546129633e+00
2.540918709219572413e+00
2.540918802845911095e+00
2.540918896480020450e+00
2.540918990121904031e+00
2.540919083716663973e+00
2.540919177319192812e+00
2.540919270929490992e+00
2.540919364492649990e+00
2.540919458008659593e+00
2.540919551587345282e+00
2.540919645063950405e+00
2.540919738603237388e+00
2.540919832095353215e+00
2.540919925540287672e+00
2.540920018992969265e+00
2.540920112453404212e+00
2.540920205866637360e+00
2.540920299287617201e+00
2.540920392716344178e+00
2.540920486097855147e+00
2.540920579432136783e+00
2.540920672774155786e+00
2.540920766123910379e+00
2.540920859426420098e+00
2.540920952736660521e+00
2.540921046054634314e+00
2.540921139325347688e+00
2.540921232548787323e+00
2.540921325779948337e+00
2.540921419018828953e+00
2.540921512265436721e+00
2.540921605409731221e+00
2.540921698616759095e+00
2.540921791776480365e+00
2.540921884943915021e+00
2.540921978064029307e+00
2.540922071191852094e+00
2.540922164272339412e+00
2.540922257360527681e+00
2.540922350456422230e+00
2.540922443504963546e+00
2.540922536561205369e+00
2.540922629570077529e+00
2.540922722586646643e+00
2.540922815610910934e+00
2.540922908587793128e+00
2.540923001517272795e+00
2.540923094454442754e+00
2.540923187399296346e+00
2.540923280351838009e+00
2.540923373256962492e+00
2.540923466114660467e+00
2.540923558980032748e+00
2.540923651853082887e+00
2.540923744678685203e+00
2.540923837511964045e+00
2.540923930352916305e+00
2.540924023146402977e+00
2.540924115947559514e+00
2.540924208701240694e+00
2.540924301462585522e+00
2.540924394176435452e+00
2.540924486897946810e+00
2.540924579627117375e+00
2.540924672308778831e+00
2.540924764942920966e+00
2.540924857639887957e+00
2.540924950289330297e+00
2.540925042891237773e+00
2.540925135500788024e+00
2.540925228117982382e+00
2.540925320687623667e+00
2.540925413264905508e+00
2.540925505794618289e+00
2.540925598331967183e+00
2.540925690876952192e+00
2.540925783374350821e+00
2.540925875879382900e+00
2.540925968336811724e+00
2.540926060801868225e+00
2.540926153274555066e+00
2.540926245699621777e+00
2.540926338132312168e+00
2.540926430517370438e+00
2.540926522910046614e+00
2.540926615255075127e+00
2.540926707607717994e+00
2.540926799967974326e+00
2.540926892280565674e+00
2.540926984600766936e+00
2.540927076873289892e+00
2.540927169153416099e+00
2.540927261441147333e+00
2.540927353681183831e+00
2.540927445928820028e+00
2.540927538128745944e+00
2.540927630336267118e+00
2.540927722551384882e+00
2.540927814718775046e+00
2.540927906838426065e+00
2.540927999020996975e+00
2.540928091155822521e+00
2.540928183242892935e+00
2.540928275337543063e+00
2.540928367439776014e+00
2.540928459494235625e+00
2.540928551556270953e+00
2.540928643570520507e+00
2.540928735592340448e+00
2.540928827621733443e+00
2.540928919603321123e+00
2.540929011592479192e+00
2.540929103533815514e+00
2.540929195482715119e+00
2.540929287439179340e+00
2.540929379347808048e+00
2.540929471263993822e+00
2.540929563132328983e+00
2.540929655008218546e+00
2.540929746836242842e+00
2.540929838671815766e+00
2.540929930514938206e+00
2.540930022310177616e+00
2.540930114112962102e+00
2.540930205923292107e+00
2.540930297685722650e+00
2.540930389455695604e+00
2.540930481177753109e+00
2.540930572907344587e+00
2.540930664589011290e+00
2.540930756278205749e+00
2.540930847974931961e+00
2.540930939623713414e+00
2.540931031280020846e+00
2.540931122888367089e+00
2.540931214504236202e+00
2.540931306127627742e+00
2.540931397703040329e+00
2.540931489285972233e+00
2.540931580820911861e+00
2.540931672363362370e+00
2.540931763913327757e+00
2.540931855415283103e+00
2.540931946924748885e+00
2.540932038386189085e+00
2.540932129855132615e+00
2.540932221331581253e+00
2.540932312759989209e+00
2.540932404140344048e+00
2.540932495583748008e+00
2.540932586979092633e+00
2.540932678326369043e+00
2.540932769681132797e+00
2.540932861043387003e+00
2.540932952357553898e+00
2.540933043679205916e+00
2.540933135008345722e+00
2.540933226289380453e+00
2.540933317577896311e+00
2.540933408818292882e+00
2.540933500066165696e+00
2.540933591265903235e+00
2.540933682473113020e+00
2.540933773687793717e+00
2.540933864854325819e+00
2.540933956028323060e+00
2.540934047209789881e+00
2.540934138343087678e+00
2.540934229483847950e+00
2.540934320576426764e+00
2.540934411676463611e+00
2.540934502728302569e+00
2.540934593787592455e+00
2.540934684854338599e+00
2.540934775872868645e+00
2.540934866898848288e+00
2.540934957932279303e+00
2.540935048917477346e+00
2.540935139854430869e+00
2.540935230854514781e+00
2.540935321806352398e+00
2.540935412709926844e+00
2.540935503620935343e+00
2.540935594539379672e+00
2.540935685409546618e+00
2.540935776287142733e+00
2.540935867116447255e+00
2.540935958008906148e+00
2.540936048797331814e+00
2.540936139593175991e+00
2.540936230396442674e+00
2.540936321207133197e+00
2.540936411969495268e+00
2.540936502739274072e+00
2.540936593460710657e+00
2.540936684189560868e+00
2.540936774870053760e+00
2.540936865557953173e+00
2.540936956253261769e+00
2.540937046900193952e+00
2.540937137554530878e+00
2.540937228216271215e+00
2.540937318829621816e+00
2.540937409450371387e+00
2.540937500022713902e+00
2.540937590602450502e+00
2.540937681133765835e+00
2.540937771728291494e+00
2.540937862218564547e+00
2.540937952772049702e+00
2.540938043277097158e+00
2.540938133733688264e+00
2.540938224197660134e+00
2.540938314669013209e+00
2.540938405091895724e+00
2.540938495522153673e+00
2.540938585959788831e+00
2.540938676348936109e+00
2.540938766745455712e+00
2.540938857093472336e+00
2.540938947448855956e+00
2.540939037811607459e+00
2.540939128125838664e+00
2.540939218447433312e+00
2.540939308720493006e+00
2.540939399000910370e+00
2.540939489288684516e+00
2.540939579527910830e+00
2.540939669774488596e+00
2.540939759972498546e+00
2.540939850177858172e+00
2.540939940390565255e+00
2.540940030554690754e+00
2.540940120726159712e+00
2.540940210904973906e+00
2.540940301035188309e+00
2.540940391116787822e+00
2.540940481261678929e+00
2.540940571357951150e+00
2.540940661405594270e+00
2.540940751460565306e+00
2.540940841522869142e+00
2.540940931536523451e+00
2.540941021557504342e+00
2.540941111585810930e+00
2.540941201565452889e+00
2.540941291552416992e+00
2.540941381490701367e+00
2.540941471436300780e+00
2.540941561389219228e+00
2.540941651293438852e+00
2.540941741204972182e+00
2.540941831067794254e+00
2.540941920937921594e+00
2.540942010815357754e+00
2.540942100644064450e+00
2.540942190480075524e+00
2.540942280267341147e+00
2.540942370117959204e+00
2.540942459863766434e+00
2.540942549672931428e+00
2.540942639377262946e+00
2.540942729144953116e+00
2.540942818863864971e+00
2.540942908590066551e+00
2.540942998267473829e+00
2.540943087952165502e+00
2.540943177644144235e+00
2.540943267287309570e+00
2.540943356937757969e+00
2.540943446539380091e+00
2.540943536148275506e+00
2.540943625764449543e+00
2.540943715331779984e+00
2.540943804906380166e+00
2.540943894432122985e+00
2.540943984021267532e+00
2.540944073505408074e+00
2.540944163052954341e+00
2.540944252495470401e+00
2.540944342001396627e+00
2.540944431458429520e+00
2.540944520922721495e+00
2.540944610338103704e+00
2.540944699760738335e+00
2.540944789190628050e+00
2.540944878571592902e+00
2.540944967959806178e+00
2.540945057299078158e+00
2.540945146645593677e+00
2.540945235999355400e+00
2.540945325304157620e+00
2.540945414616201603e+00
2.540945503935484240e+00
2.540945593205791830e+00
2.540945682483336299e+00
2.540945771711890622e+00
2.540945860947673385e+00
2.540945950190689029e+00
2.540946039384697208e+00
2.540946128585929831e+00
2.540946217738141666e+00
2.540946306897573947e+00
2.540946396064228452e+00
2.540946485181843073e+00
2.540946574306673700e+00
2.540946663438723441e+00
2.540946752521715091e+00
2.540946841555637548e+00
2.540946930653052771e+00
2.540947019701391696e+00
2.540947108700644996e+00
2.540947197763399057e+00
2.540947286720757869e+00
2.540947375741619219e+00
2.540947464713375403e+00
2.540947553692329830e+00
2.540947642622163105e+00
2.540947731559190181e+00
2.540947820447080119e+00
2.540947909342158528e+00
2.540947998244425854e+00
2.540948087153885204e+00
2.540948176014188320e+00
2.540948264825322322e+00
2.540948353699993056e+00
2.540948442469126434e+00
2.540948531301800539e+00
2.540948620085286436e+00
2.540948708875947482e+00
2.540948797617404775e+00
2.540948886366033665e+00
2.540948975121835041e+00
2.540949063828413124e+00
2.540949152542159251e+00
2.540949241206668763e+00
2.540949329878340102e+00
2.540949418557174599e+00
2.540949507186753387e+00
2.540949595823491336e+00
2.540949684467387115e+00
2.540949773062010308e+00
2.540949861607352034e+00
2.540949950216282005e+00
2.540950038775919850e+00
2.540950127342708864e+00
2.540950215860194206e+00
2.540950304384822278e+00
2.540950392860131579e+00
2.540950481342580503e+00
2.540950569832167716e+00
2.540950658272419282e+00
2.540950746719804254e+00
2.540950835174326627e+00
2.540950923579494258e+00
2.540951011991791741e+00
2.540951100411221297e+00
2.540951188781279679e+00
2.540951277101955341e+00
2.540951365486262326e+00
2.540951453821181705e+00
2.540951542106699268e+00
2.540951630455859700e+00
2.540951718699080430e+00
2.540951807005947582e+00
2.540951895263393823e+00
2.540951983527952596e+00
2.540952071743075802e+00
2.540952159965304435e+00
2.540952248138083291e+00
2.540952336374526777e+00
2.540952424504943963e+00
2.540952512699032440e+00
2.540952600843648490e+00
2.540952688995362418e+00
2.540952777097590154e+00
2.540952865206912215e+00
2.540952953323328600e+00
2.540953041390241474e+00
2.540953129464243343e+00
2.540953217488726601e+00
2.540953305520293082e+00
2.540953393558945450e+00
2.540953481548060999e+00
2.540953569544256663e+00
2.540953657547531996e+00
2.540953745501254524e+00
2.540953833462052280e+00
2.540953921373281688e+00
2.540954009291580107e+00
2.540954097216951091e+00
2.540954185092734186e+00
2.540954272975584516e+00
2.540954360865502082e+00
2.540954448705813995e+00
2.540954536553189591e+00
2.540954624350946212e+00
2.540954712155757633e+00
2.540954799967628741e+00
2.540954887786557315e+00
2.540954975499146506e+00
2.540955063275485593e+00
2.540955151002170620e+00
2.540955238735903787e+00
2.540955326476685983e+00
2.540955414167795912e+00
2.540955501865950428e+00
2.540955589514418023e+00
2.540955677169923987e+00
2.540955764832470098e+00
2.540955852445310637e+00
2.540955940065186880e+00
2.540956027635342007e+00
2.540956115212527955e+00
2.540956202796742502e+00
2.540956290387989203e+00
2.540956377929496135e+00
2.540956465421249533e+00
2.540956552976807448e+00
2.540956640425818147e+00
2.540956727938633364e+00
2.540956815401677726e+00
2.540956902871737810e+00
2.540956990292009277e+00
2.540957077776103468e+00
2.540957165153588271e+00
2.540957252594898463e+00
2.540957339986399610e+00
2.540957427328080165e+00
2.540957514676763118e+00
2.540957602032447582e+00
2.540957689395136221e+00
2.540957776707983840e+00
2.540957864027831192e+00
2.540957951297821982e+00
2.540958038574806288e+00
2.540958125858784555e+00
2.540958213092890272e+00
2.540958300333982844e+00
2.540958387525188211e+00
2.540958474780259380e+00
2.540958561928548853e+00
2.540958649140707237e+00
2.540958736302958876e+00
2.540958823472187156e+00
2.540958910591496700e+00
2.540958997717776668e+00
2.540959084851033722e+00
2.540959171934350724e+00
2.540959259024638595e+00
2.540959346064969537e+00
2.540959433112264687e+00
2.540959520166526264e+00
2.540959607170814039e+00
2.540959694239010691e+00
2.540959781200274215e+00
2.540959868168493507e+00
2.540959955143668569e+00
2.540960042125802953e+00
2.540960129057928008e+00
2.540960215997003946e+00
2.540960302943035209e+00
2.540960389839039379e+00
2.540960476685003133e+00
2.540960563594899746e+00
2.540960650454751502e+00
2.540960737321547924e+00
2.540960824138283947e+00
2.540960910961959307e+00
2.540960997735557836e+00
2.540961084516090818e+00
2.540961171303556476e+00
2.540961258097959252e+00
2.540961344842265213e+00
2.540961431593502518e+00
2.540961518294628352e+00
2.540961605002678425e+00
2.540961691717655402e+00
2.540961778382503589e+00
2.540961865054272018e+00
2.540961951675896557e+00
2.540962038361505915e+00
2.540962124996965166e+00
2.540962211582264985e+00
2.540962298174472167e+00
2.540962384773593818e+00
2.540962471322536054e+00
2.540962557878383876e+00
2.540962644441139506e+00
2.540962730953697069e+00
2.540962817473158886e+00
2.540962903999524514e+00
2.540962990475672978e+00
2.540963076958720368e+00
2.540963163391538604e+00
2.540963249831247328e+00
2.540963336277851425e+00
2.540963422731348675e+00
2.540963509134596787e+00
2.540963595487583770e+00
2.540963681904607974e+00
2.540963768271365275e+00
2.540963854587839243e+00
2.540963940968362422e+00
2.540964027241424450e+00
2.540964113578539241e+00
2.540964199865351159e+00
2.540964286159040242e+00
2.540964372402412685e+00
2.540964458652653413e+00
2.540964544909765976e+00
2.540964631173749932e+00
2.540964717387399485e+00
2.540964803550699092e+00
2.540964889778078550e+00
2.540964975897877842e+00
2.540965062081759651e+00
2.540965148215272862e+00
2.540965234355642810e+00
2.540965320502870384e+00
2.540965406599711152e+00
2.540965492703404660e+00
2.540965578756695376e+00
2.540965664816832614e+00
2.540965750883818597e+00
2.540965836900384467e+00
2.540965922923792419e+00
2.540966008954044675e+00
2.540966094933858166e+00
2.540966180920510631e+00
2.540966266856710121e+00
2.540966352857038757e+00
2.540966438749606482e+00
2.540966524706307794e+00
2.540966610612535259e+00
2.540966696525592372e+00
2.540966782388159650e+00
2.540966868257552136e+00
2.540966954133768940e+00
2.540967039959479479e+00
2.540967125792010783e+00
2.540967211631361078e+00
2.540967297420189119e+00
2.540967383215831266e+00
2.540967469018291069e+00
2.540967554770207304e+00
2.540967640528935867e+00
2.540967726237105762e+00
2.540967812009457205e+00
2.540967897673862552e+00
2.540967983402456110e+00
2.540968069080467462e+00
2.540968154765282261e+00
2.540968240399504641e+00
2.540968326040522030e+00
2.540968411688339756e+00
2.540968497285545524e+00
2.540968582889544081e+00
2.540968668500335426e+00
2.540968754060497936e+00
2.540968839627447906e+00
2.540968925143754831e+00
2.540969010666844330e+00
2.540969096196717292e+00
2.540969181733375049e+00
2.540969267219368888e+00
2.540969352712141749e+00
2.540969438154234705e+00
2.540969523603100466e+00
2.540969609058741252e+00
2.540969694463685702e+00
2.540969779875399404e+00
2.540969865293883245e+00
2.540969950661652543e+00
2.540970036036183988e+00
2.540970121417485128e+00
2.540970206748050408e+00
2.540970292085377391e+00
2.540970377371955191e+00
2.540970462722804246e+00
2.540970547965375026e+00
2.540970633272225054e+00
2.540970718528302807e+00
2.540970803791130717e+00
2.540970889003175692e+00
2.540970974221965939e+00
2.540971059447505898e+00
2.540971144622242051e+00
2.540971229803719478e+00
2.540971314991939956e+00
2.540971400129340640e+00
2.540971485273479491e+00
2.540971570424356507e+00
2.540971655524394635e+00
2.540971740631166487e+00
2.540971825744672952e+00
2.540971910807324541e+00
2.540971995876701861e+00
2.540972080895209206e+00
2.540972165978046426e+00
2.540972250952393985e+00
2.540972335991076303e+00
2.540972420978863333e+00
2.540972505973372098e+00
2.540972590916972695e+00
2.540972675867287478e+00
2.540972760824318666e+00
2.540972845788067147e+00
2.540972930700886145e+00
2.540973015562764559e+00
2.540973100489004377e+00
2.540973185364298281e+00
2.540973270188631172e+00
2.540973355077335682e+00
2.540973439857399097e+00
2.540973524701838127e+00
2.540973609495296159e+00
2.540973694295450613e+00
2.540973779102304597e+00
2.540973863858160264e+00
2.540973948620707912e+00
2.540974033332241255e+00
2.540974118108175972e+00
2.540974202775372781e+00
2.540974287506974516e+00
2.540974372187538854e+00
2.540974456874788956e+00
2.540974541510990115e+00
2.540974626153867266e+00
2.540974710803425296e+00
2.540974795401915287e+00
2.540974880007079051e+00
2.540974964618919696e+00
2.540975049179673206e+00
2.540975133804862729e+00
2.540975218321189999e+00
2.540975302844179495e+00
2.540975387373835659e+00
2.540975471910156713e+00
2.540975556395357771e+00
2.540975640887218390e+00
2.540975725385740791e+00
2.540975809833122323e+00
2.540975894287162973e+00
2.540975978747860076e+00
2.540976063157399878e+00
2.540976147573590360e+00
2.540976231938607555e+00
2.540976316310271876e+00
2.540976400688583325e+00
2.540976485073543234e+00
2.540976569407308094e+00
2.540976653747716973e+00
2.540976738036917926e+00
2.540976822332754015e+00
2.540976906635228794e+00
2.540976990944344482e+00
2.540977075202229596e+00
2.540977159408872588e+00
2.540977243680023534e+00
2.540977327899925253e+00
2.540977412126456780e+00
2.540977496301725758e+00
2.540977580483616549e+00
2.540977664672134928e+00
2.540977748809371661e+00
2.540977832953226656e+00
2.540977917103701689e+00
2.540978001202879089e+00
2.540978085308669865e+00
2.540978169421078015e+00
2.540978253482167215e+00
2.540978337549868016e+00
2.540978421566235657e+00
2.540978505647157437e+00
2.540978589676738952e+00
2.540978673654971765e+00
2.540978757639802410e+00
2.540978841631235774e+00
2.540978925629271856e+00
2.540979009575936143e+00
2.540979093529196930e+00
2.540979177489056884e+00
2.540979261397525946e+00
2.540979345312587512e+00
2.540979429176244420e+00
2.540979513046488059e+00
2.540979596923319761e+00
2.540979680806741747e+00
2.540979764638736871e+00
2.540979848477314729e+00
2.540979932264450181e+00
2.540980016058165258e+00
2.540980099858460406e+00
2.540980183665333403e+00
2.540980267420746230e+00
2.540980351124682457e+00
2.540980434893241213e+00
2.540980518610317596e+00
2.540980602333966054e+00
2.540980686006118372e+00
2.540980769684833884e+00
2.540980853370113479e+00
2.540980937061962930e+00
2.540981020702294479e+00
2.540981104291097470e+00
2.540981187944548303e+00
2.540981271546463915e+00
2.540981355154937393e+00
2.540981438711859663e+00
2.540981522275331361e+00
2.540981605845355151e+00
2.540981689363813079e+00
2.540981772888816881e+00
2.540981856420365670e+00
2.540981939900329944e+00
2.540982023386835653e+00
2.540982106879884572e+00
2.540982190321327661e+00
2.540982273769309074e+00
2.540982357223827925e+00
2.540982440626724959e+00
2.540982524036154544e+00
2.540982607452117570e+00
2.540982690816440126e+00
2.540982774187291238e+00
2.540982857564670905e+00
2.540982940890391450e+00
2.540983024222635223e+00
2.540983107561404886e+00
2.540983190848497220e+00
2.540983274142107007e+00
2.540983357442237800e+00
2.540983440690675277e+00
2.540983523945624878e+00
2.540983607207090600e+00
2.540983690416842133e+00
2.540983773633105791e+00
2.540983856855878464e+00
2.540983940026920074e+00
2.540984023204467146e+00
2.540984106388521901e+00
2.540984189520825165e+00
2.540984272659629006e+00
2.540984355804936978e+00
2.540984438898475251e+00
2.540984521998507439e+00
2.540984605046760603e+00
2.540984688159788618e+00
2.540984771221026506e+00
2.540984854230461831e+00
2.540984937304683999e+00
2.540985020327095611e+00
2.540985103297690451e+00
2.540985186333077905e+00
2.540985269258320134e+00
2.540985352248359863e+00
2.540985435186561059e+00
2.540985518131238852e+00
2.540985601082396350e+00
2.540985683981693555e+00
2.540985766887464692e+00
2.540985849799710650e+00
2.540985932660079882e+00
2.540986015526916386e+00
2.540986098400224602e+00
2.540986181221636553e+00
2.540986264049513110e+00
2.540986346883855163e+00
2.540986429666283186e+00
2.540986512455169599e+00
2.540986595250518398e+00
2.540986677993934517e+00
2.540986760743805473e+00
2.540986843500133485e+00
2.540986926204510610e+00
2.540987008915339018e+00
2.540987091632618267e+00
2.540987174297929752e+00
2.540987256969685859e+00
2.540987339647889254e+00
2.540987422274106233e+00
2.540987504906765615e+00
2.540987587545866067e+00
2.540987670132962339e+00
2.540987752726493909e+00
2.540987835326464328e+00
2.540987917874411028e+00
2.540988000428790361e+00
2.540988082989603214e+00
2.540988165498373696e+00
2.540988248013571926e+00
2.540988330535199236e+00
2.540988413063256068e+00
2.540988495539250991e+00
2.540988577963168904e+00
2.540988660452009107e+00
2.540988742888767860e+00
2.540988825331945478e+00
2.540988907723026102e+00
2.540988990120521152e+00
2.540989072524431069e+00
2.540989154876226230e+00
2.540989237234430043e+00
2.540989319599044727e+00
2.540989401970070283e+00
2.540989484288960654e+00
2.540989566614256123e+00
2.540989648887399088e+00
2.540989731166943599e+00
2.540989813452888768e+00
2.540989895745236815e+00
2.540989977985408821e+00
2.540990060231981928e+00
2.540990142426363896e+00
2.540990224627137639e+00
2.540990306834302714e+00
2.540990389047861786e+00
2.540990471209210178e+00
2.540990553376945904e+00
2.540990635492456295e+00
2.540990717614349581e+00
2.540990799742625317e+00
2.540990881877281726e+00
2.540990963959695481e+00
2.540991046048485913e+00
2.540991128143656130e+00
2.540991210186560600e+00
2.540991292235839971e+00
2.540991374291494687e+00
2.540991456294863671e+00
2.540991538304602670e+00
2.540991620262042616e+00
2.540991702284519427e+00
2.540991784254691410e+00
2.540991866172545688e+00
2.540991948155446600e+00
2.540992030086023590e+00
2.540992111964263334e+00
2.540992193907559482e+00
2.540992275798515720e+00
2.540992357695824211e+00
2.540992439540777248e+00
2.540992521392081649e+00
2.540992603249736526e+00
2.540992685055017297e+00
2.540992766866642327e+00
2.540992848684615613e+00
2.540992930508936265e+00
2.540993012280860164e+00
2.540993094059126101e+00
2.540993175784981517e+00
2.540993257517172754e+00
2.540993339255698924e+00
2.540993421000567132e+00
2.540993502693001282e+00
2.540993584391768145e+00
2.540993666038085852e+00
2.540993747690732718e+00
2.540993829349704747e+00
2.540993911015005935e+00
2.540993992627837983e+00
2.540994074246993861e+00
2.540994155872475346e+00
2.540994237445467263e+00
2.540994319024777237e+00
2.540994400610410153e+00
2.540994482143532185e+00
2.540994563682970941e+00
2.540994645228725091e+00
2.540994726721952812e+00
2.540994808221490597e+00
2.540994889727341111e+00
2.540994971180643880e+00
2.540995052640253160e+00
2.540995134106168063e+00
2.540995215578390365e+00
2.540995296998048047e+00
2.540995378365128232e+00
2.540995459797385614e+00
2.540995541177059280e+00
2.540995622563028800e+00
2.540995703896398616e+00
2.540995785294962950e+00
2.540995866640921363e+00
2.540995947934262311e+00
2.540996029233888009e+00
2.540996110539801123e+00
2.540996191852002539e+00
2.540996273111566062e+00
2.540996354377411670e+00
2.540996435649540253e+00
2.540996516869012734e+00
2.540996598094761971e+00
2.540996679326790630e+00
2.540996760506144092e+00
2.540996841691769426e+00
2.540996922883668852e+00
2.540997004022875316e+00
2.540997085168348324e+00
2.540997166320092315e+00
2.540997247478106846e+00
2.540997328583405324e+00
2.540997409694969456e+00
2.540997490753801102e+00
2.540997571818892187e+00
2.540997652890243153e+00
2.540997733967856220e+00
2.540997814992716375e+00
2.540997896023830638e+00
2.540997977061203450e+00
2.540998058045804253e+00
2.540998139036655612e+00
2.540998219974721195e+00
2.540998300978073221e+00
2.540998381928632366e+00
2.540998462826388415e+00
2.540998543789438457e+00
2.540998624699678743e+00
2.540998705616160258e+00
2.540998786479816474e+00
2.540998867349708146e+00
2.540998948225837495e+00
2.540999029049122004e+00
2.540999109937726708e+00
2.540999190773478134e+00
2.540999271556369177e+00
2.540999352345485462e+00
2.540999433140830543e+00
2.540999513942402199e+00
2.540999594691092600e+00
2.540999675446005135e+00
2.540999756207141580e+00
2.540999836915375010e+00
2.540999917629827465e+00
2.540999998350498057e+00
2.541000079018248314e+00
2.541000159692210492e+00
2.541000240372389918e+00
2.541000320999627693e+00
2.541000401633074279e+00
2.541000482272730565e+00
2.541000562918600103e+00
2.541000643511506674e+00
2.541000724110617615e+00
2.541000804656752265e+00
2.541000885268274168e+00
2.541000965826813562e+00
2.541001046332357127e+00
2.541001126844093960e+00
2.541001207362026726e+00
2.541001287886156312e+00
2.541001368416485828e+00
2.541001448893792869e+00
2.541001529318068997e+00
2.541001609807758133e+00
2.541001690244409250e+00
2.541001770687246974e+00
2.541001851077031581e+00
2.541001931472996134e+00
2.541002011875144184e+00
2.541002092283474845e+00
2.541002172638729739e+00
2.541002253000162803e+00
2.541002333308505001e+00
2.541002413682292627e+00
2.541002494002984058e+00
2.541002574270564196e+00
2.541002654603601307e+00
2.541002734883520464e+00
2.541002815169611129e+00
2.541002895402569184e+00
2.541002975641690753e+00
2.541003055886975837e+00
2.541003136079110547e+00
2.541003216336727100e+00
2.541003296541184397e+00
2.541003376692474447e+00
2.541003456849917352e+00
2.541003537013514446e+00
2.541003617183270169e+00
2.541003697299834663e+00
2.541003777422548016e+00
2.541003857551414669e+00
2.541003937627071441e+00
2.541004017708873075e+00
2.541004097796821792e+00
2.541004177890918037e+00
2.541004257931783972e+00
2.541004337978791661e+00
2.541004417972553497e+00
2.541004497972450427e+00
2.541004577978483336e+00
2.541004657990656224e+00
2.541004737949561054e+00
2.541004817914596980e+00
2.541004897885767555e+00
2.541004977803650533e+00
2.541005057727662386e+00
2.541005137657800894e+00
2.541005217534634930e+00
2.541005297477029856e+00
2.541005377306671420e+00
2.541005457201876094e+00
2.541005537043754536e+00
2.541005616891752084e+00
2.541005696745867848e+00
2.541005776546640949e+00
2.541005856353526049e+00
2.541005936166528478e+00
2.541006015926164707e+00
2.541006095691912048e+00
2.541006175463767836e+00
2.541006255182241880e+00
2.541006334906820374e+00
2.541006414637504651e+00
2.541006494374294267e+00
2.541006574057680822e+00
2.541006653747167388e+00
2.541006733383235350e+00
2.541006813084922378e+00
2.541006892733183697e+00
2.541006972328007762e+00
2.541007051988459331e+00
2.541007131595467428e+00
2.541007211208568872e+00
2.541007290768208193e+00
2.541007370333934645e+00
2.541007449905747340e+00
2.541007529424081035e+00
2.541007609008069323e+00
2.541007688538571063e+00
2.541007768015575152e+00
2.541007847558240940e+00
2.541007927047403747e+00
2.541008006483051140e+00
2.541008085984367337e+00
2.541008165432161459e+00
2.541008244886029832e+00
2.541008324286361031e+00
2.541008403692759821e+00
2.541008483105226645e+00
2.541008562523763725e+00
2.541008641888742758e+00
2.541008721259783609e+00
2.541008800577251314e+00
2.541008879960419797e+00
2.541008959290007141e+00
2.541009038625656746e+00
2.541009117907709225e+00
2.541009197195812863e+00
2.541009276489974766e+00
2.541009355790191826e+00
2.541009435036791775e+00
2.541009514289441107e+00
2.541009593488456453e+00
2.541009672753206772e+00
2.541009751964315555e+00
2.541009831121773921e+00
2.541009910344974365e+00
2.541009989514515954e+00
2.541010068690099821e+00
2.541010147812007958e+00
2.541010226939952155e+00
2.541010306073932856e+00
2.541010385213953171e+00
2.541010464300276883e+00
2.541010543392630883e+00
2.541010622491020499e+00
2.541010701535693972e+00
2.541010780586394180e+00
2.541010859643121123e+00
2.541010938646119044e+00
2.541011017714903453e+00
2.541011096670176883e+00
2.541011175691241242e+00
2.541011254658551710e+00
2.541011333631879587e+00
2.541011412611227982e+00
2.541011491536801614e+00
2.541011570468387770e+00
2.541011649405990447e+00
2.541011728289800597e+00
2.541011807239430986e+00
2.541011886075445148e+00
2.541011964977283100e+00
2.541012043825308098e+00
2.541012122679337182e+00
2.541012201539370796e+00
2.541012280345572361e+00
2.541012359157774014e+00
2.541012437975975313e+00
2.541012516740325911e+00
2.541012595570529609e+00
2.541012674287011830e+00
2.541012753069351149e+00
2.541012831797815341e+00
2.541012910532271185e+00
2.541012989272719569e+00
2.541013067959274618e+00
2.541013146651817323e+00
2.541013225350345905e+00
2.541013303994964279e+00
2.541013382705467727e+00
2.541013461302144893e+00
2.541013539964709356e+00
2.541013618573342292e+00
2.541013697187950893e+00
2.541013775808538711e+00
2.541013854375175463e+00
2.541013932947784770e+00
2.541014011526367078e+00
2.541014090110923274e+00
2.541014168641507087e+00
2.541014247178059460e+00
2.541014325660623907e+00
2.541014404149148920e+00
2.541014482643638051e+00
2.541014561144091299e+00
2.541014639590534863e+00
2.541014718102918124e+00
2.541014796501297912e+00
2.541014874965620507e+00
2.541014953375909879e+00
2.541015031792154488e+00
2.541015110154351220e+00
2.541015188582503637e+00
2.541015266956602403e+00
2.541015345276634196e+00
2.541015423662631889e+00
2.541015501994556836e+00
2.541015580332427248e+00
2.541015658616209372e+00
2.541015736965970717e+00
2.541015815261637556e+00
2.541015893503196565e+00
2.541015971750690827e+00
2.541016050064177634e+00
2.541016128263485552e+00
2.541016206528790011e+00
2.541016284739962661e+00
2.541016362957067454e+00
2.541016441120024005e+00
2.541016519348990865e+00
2.541016597463714888e+00
2.541016675644451883e+00
2.541016753831118802e+00
2.541016831963612610e+00
2.541016910041921317e+00
2.541016988186257652e+00
2.541017066276402225e+00
2.541017144372466063e+00
2.541017222474448278e+00
2.541017300522219191e+00
2.541017378575904928e+00
2.541017456635504601e+00
2.541017534640874320e+00
2.541017612652152646e+00
2.541017690669339135e+00
2.541017768692436896e+00
2.541017846661283830e+00
2.541017924636034930e+00
2.541018002616688864e+00
2.541018080543077318e+00
2.541018158475362831e+00
2.541018236413547626e+00
2.541018314297443847e+00
2.541018392187235353e+00
2.541018470082920810e+00
2.541018547984504661e+00
2.541018625831775513e+00
2.541018703684938096e+00
2.541018781543991079e+00
2.541018859408937125e+00
2.541018937219551077e+00
2.541019015036051876e+00
2.541019092798203260e+00
2.541019170566234386e+00
2.541019248340147474e+00
2.541019326119941635e+00
2.541019403845367730e+00
2.541019481636928479e+00
2.541019559313848930e+00
2.541019637056905367e+00
2.541019714745571978e+00
2.541019792440109004e+00
2.541019870140520887e+00
2.541019947786521183e+00
2.541020025438387897e+00
2.541020103096125027e+00
2.541020180699430586e+00
2.541020258308599011e+00
2.541020335923630746e+00
2.541020413544527123e+00
2.541020491110971502e+00
2.541020568683274305e+00
2.541020646261437754e+00
2.541020723845460516e+00
2.541020801375009075e+00
2.541020878910414726e+00
2.541020956391327523e+00
2.541021033878090307e+00
2.541021111370701746e+00
2.541021188869165393e+00
2.541021266313115312e+00
2.541021343823278045e+00
2.541021421218550014e+00
2.541021498680037460e+00
2.541021576086991640e+00
2.541021653499785593e+00
2.541021730918421540e+00
2.541021808282504679e+00
2.541021885652423151e+00
2.541021963028177399e+00
2.541022040409770977e+00
2.541022117736789987e+00
2.541022195069639000e+00
2.541022272347897903e+00
2.541022349692410032e+00
2.541022426982325388e+00
2.541022504278067640e+00
2.541022581519198464e+00
2.541022658766149966e+00
2.541022736018923478e+00
2.541022813277520775e+00
2.541022890481484886e+00
2.541022967691263901e+00
2.541023044906864037e+00
2.541023122067808337e+00
2.541023199295044499e+00
2.541023276467619052e+00
2.541023353585522671e+00
2.541023430709234976e+00
2.541023507899249356e+00
2.541023584974081651e+00
2.541023662115221349e+00
2.541023739201662135e+00
2.541023816293907167e+00
2.541023893331439520e+00
2.541023970435292600e+00
2.541024047484428561e+00
2.541024124478830082e+00
2.541024201539561655e+00
2.541024278545555681e+00
2.541024355557343739e+00
2.541024432574929381e+00
2.541024509537757492e+00
2.541024586506375194e+00
2.541024663480784707e+00
2.541024740400417592e+00
2.541024817325835627e+00
2.541024894257040145e+00
2.541024971194031146e+00
2.541025048076225090e+00
2.541025124964199300e+00
2.541025201857955995e+00
2.541025278696895651e+00
2.541025355541608022e+00
2.541025432392102879e+00
2.541025509248373560e+00
2.541025586049804996e+00
2.541025662857006928e+00
2.541025739669983352e+00
2.541025816428101880e+00
2.541025893191985574e+00
2.541025969961637987e+00
2.541026046737059563e+00
2.541026123457601926e+00
2.541026200183905459e+00
2.541026276915973714e+00
2.541026353593143661e+00
2.541026430336738251e+00
2.541026506964752851e+00
2.541026583659199645e+00
2.541026660298722373e+00
2.541026736944000497e+00
2.541026813595031797e+00
2.541026890251820713e+00
2.541026966853665581e+00
2.541027043461259183e+00
2.541027120013894525e+00
2.541027196632986929e+00
2.541027273197114855e+00
2.541027349706263649e+00
2.541027426281878387e+00
2.541027502802508664e+00
2.541027579328880126e+00
2.541027655860992773e+00
2.541027732338100975e+00
2.541027808820946809e+00
2.541027885309526724e+00
2.541027961743084429e+00
2.541028038243137832e+00
2.541028114688161477e+00
2.541028191078144705e+00
2.541028267534628959e+00
2.541028343936067024e+00
2.541028420343232508e+00
2.541028496695332706e+00
2.541028573053154993e+00
2.541028649416699370e+00
2.541028725785967168e+00
2.541028802100147921e+00
2.541028878420046322e+00
2.541028954745662372e+00
2.541029031076996958e+00
2.541029107353224514e+00
2.541029183635164390e+00
2.541029259922818806e+00
2.541029336155346208e+00
2.541029412393580600e+00
2.541029488637524203e+00
2.541029564887177905e+00
2.541029641081681945e+00
2.541029717281890310e+00
2.541029793487802557e+00
2.541029869638545602e+00
2.541029945855868277e+00
2.541030021957131790e+00
2.541030098124974490e+00
2.541030174237627115e+00
2.541030250416870473e+00
2.541030326480016033e+00
2.541030402609754546e+00
2.541030478684281224e+00
2.541030554764497573e+00
2.541030630850405814e+00
2.541030706881082679e+00
2.541030782917443442e+00
2.541030858959491212e+00
2.541030934946288511e+00
2.541031010999708073e+00
2.541031086997869615e+00
2.541031162940762034e+00
2.541031238950285154e+00
2.541031314904532046e+00
2.541031390864455286e+00
2.541031466830057983e+00
2.541031542740364024e+00
2.541031618656344637e+00
2.541031694577995381e+00
2.541031770444333038e+00
2.541031846316336384e+00
2.541031922194007642e+00
2.541031998077347254e+00
2.541032073905350686e+00
2.541032149739015811e+00
2.541032225578347070e+00
2.541032301423340467e+00
2.541032377212975923e+00
2.541032453008269520e+00
2.541032528809221702e+00
2.541032604554797736e+00
2.541032680306026137e+00
2.541032756062908238e+00
2.541032831825446259e+00
2.541032907532584595e+00
2.541032983245371302e+00
2.541033058963808600e+00
2.541033134626825341e+00
2.541033210295488676e+00
2.541033285969794164e+00
2.541033361649745359e+00
2.541033437274256457e+00
2.541033512904407043e+00
2.541033588540198451e+00
2.541033664181632012e+00
2.541033739767601496e+00
2.541033815359206471e+00
2.541033890956448271e+00
2.541033966498206453e+00
2.541034042045596131e+00
2.541034117598615527e+00
2.541034193157269083e+00
2.541034268660417261e+00
2.541034344169190273e+00
2.541034419683592116e+00
2.541034495203621013e+00
2.541034570668123660e+00
2.541034646138249364e+00
2.541034721613995462e+00
2.541034797034195769e+00
2.541034872460014249e+00
2.541034947891448237e+00
2.541035023328503506e+00
2.541035098709989892e+00
2.541035174097086902e+00
2.541035249489799419e+00
2.541035324826924402e+00
2.541035400169654679e+00
2.541035475517994247e+00
2.541035550871943549e+00
2.541035626170283113e+00
2.541035701474225306e+00
2.541035776783771016e+00
2.541035852098923797e+00
2.541035927358441970e+00
2.541036002623560996e+00
2.541036077894279543e+00
2.541036153109345719e+00
2.541036228391263752e+00
2.541036303617523195e+00
2.541036378788112504e+00
2.541036454025561220e+00
2.541036529207332251e+00
2.541036604394693921e+00
2.541036679526364139e+00
2.541036754663616559e+00
2.541036829806455177e+00
2.541036904954879105e+00
2.541036980108891452e+00
2.541037055207186590e+00
2.541037130311060821e+00
2.541037205359201856e+00
2.541037280474238713e+00
2.541037355533532605e+00
2.541037430598406033e+00
2.541037505607521396e+00
2.541037580683547237e+00
2.541037655703808795e+00
2.541037730668295858e+00
2.541037805699700503e+00
2.541037880675322214e+00
2.541037955656511471e+00
2.541038030643269163e+00
2.541038105574226158e+00
2.541038180510745370e+00
2.541038255452826800e+00
2.541038330339089768e+00
2.541038405292295188e+00
2.541038480189676374e+00
2.541038555092615336e+00
2.541038629939713189e+00
2.541038704792361713e+00
2.541038779650564461e+00
2.541038854514322320e+00
2.541038929322213757e+00
2.541039004135654977e+00
2.541039078954643760e+00
2.541039153779185433e+00
2.541039228547838036e+00
2.541039303322035092e+00
2.541039378101777046e+00
2.541039452887066119e+00
2.541039527616443916e+00
2.541039602351363502e+00
2.541039677030357602e+00
2.541039751776354549e+00
2.541039826466418461e+00
2.541039901162019277e+00
2.541039975863156553e+00
2.541040050508343029e+00
2.541040125159060192e+00
2.541040199815306266e+00
2.541040274415582889e+00
2.541040349082893002e+00
2.541040423694225669e+00
2.541040498249568458e+00
2.541040572871951397e+00
2.541040647438337352e+00
2.541040722010246888e+00
2.541040796587678674e+00
2.541040871109094379e+00
2.541040945636026116e+00
2.541041020168477882e+00
2.541041094706447456e+00
2.541041169188377857e+00
2.541041243675820738e+00
2.541041318168777874e+00
2.541041392605677629e+00
2.541041467109660168e+00
2.541041541557577776e+00
2.541041615949419796e+00
2.541041690408353926e+00
2.541041764811204029e+00
2.541041839219558618e+00
2.541041913571815414e+00
2.541041987991175422e+00
2.541042062354430975e+00
2.541042136723186573e+00
2.541042211035819509e+00
2.541042285415572088e+00
2.541042359739199341e+00
2.541042434068318201e+00
2.541042508341293527e+00
2.541042582619758683e+00
2.541042656903715002e+00
2.541042731193160265e+00
2.541042805426440232e+00
2.541042879726868264e+00
2.541042953909453672e+00
2.541043028159188921e+00
2.541043102352737115e+00
2.541043176613444476e+00
2.541043250756273242e+00
2.541043324966265171e+00
2.541043399120044732e+00
2.541043473279300802e+00
2.541043547444033379e+00
2.541043621614244241e+00
2.541043695728221863e+00
2.541043769847671108e+00
2.541043843972592420e+00
2.541043918041260952e+00
2.541043992115396222e+00
2.541044066194999118e+00
2.541044140280068309e+00
2.541044214308863403e+00
2.541044288343121238e+00
2.541044362382840482e+00
2.541044436428024689e+00
2.541044510416912150e+00
2.541044584411254803e+00
2.541044658411057089e+00
2.541044732416318119e+00
2.541044806365260644e+00
2.541044880319655697e+00
2.541044954279504609e+00
2.541045028183013699e+00
2.541045102091972208e+00
2.541045176006378803e+00
2.541045249926235705e+00
2.541045323789729249e+00
2.541045397720484544e+00
2.541045471533049493e+00
2.541045545412877082e+00
2.541045619236321329e+00
2.541045693127038874e+00
2.541045766899526104e+00
2.541045840739291073e+00
2.541045914522647831e+00
2.541045988311439352e+00
2.541046062105667414e+00
2.541046135905331127e+00
2.541046209648567089e+00
2.541046283397233374e+00
2.541046357151330426e+00
2.541046430848979298e+00
2.541046504552053165e+00
2.541046578260552913e+00
2.541046651974479431e+00
2.541046725631934233e+00
2.541046799356714736e+00
2.541046872963107717e+00
2.541046946636827730e+00
2.541047020254055155e+00
2.541047093938620716e+00
2.541047167504759230e+00
2.541047241138238100e+00
2.541047314715200400e+00
2.541047388297574372e+00
2.541047461885362679e+00
2.541047535478565766e+00
2.541047609015226971e+00
2.541047682557297627e+00
2.541047756104775956e+00
2.541047829595696417e+00
2.541047903153992316e+00
2.541047976655722795e+00
2.541048050100875866e+00
2.541048123613411924e+00
2.541048197069362580e+00
2.541048270530713360e+00
2.541048343997464265e+00
2.541048417407612448e+00
2.541048490823150541e+00
2.541048564244087871e+00
2.541048637670415999e+00
2.541048711040120534e+00
2.541048784415214978e+00
2.541048857795698002e+00
2.541048931181573156e+00
2.541049004510798959e+00
2.541049077845411119e+00
2.541049151185405197e+00
2.541049224468734824e+00
2.541049297819500730e+00
2.541049371113593303e+00
2.541049444350999664e+00
2.541049517655850742e+00
2.541049590904009392e+00
2.541049664157542409e+00
2.541049737416452903e+00
2.541049810618649207e+00
2.541049883888314653e+00
2.541049957101257473e+00
2.541050030257468784e+00
2.541050103481153677e+00
2.541050176648100845e+00
2.541050249820413498e+00
2.541050322935972439e+00
2.541050396119017840e+00
2.541050469245302867e+00
2.541050542376950716e+00
2.541050615513962274e+00
2.541050688594191254e+00
2.541050761679780390e+00
2.541050834770724798e+00
2.541050907804869308e+00
2.541050980906530476e+00
2.541051053951383754e+00
2.541051127001591414e+00
2.541051199994976084e+00
2.541051273055890292e+00
2.541051346059975735e+00
2.541051419007217760e+00
2.541051492021997316e+00
2.541051564979927235e+00
2.541051637943203545e+00
2.541051710911823136e+00
2.541051783885789561e+00
2.541051856802883258e+00
2.541051929725316239e+00
2.541052002653091169e+00
2.541052075523975162e+00
2.541052148400192667e+00
2.541052221281744572e+00
2.541052294168631320e+00
2.541052366998607592e+00
2.541052439896165804e+00
2.541052512674545127e+00
2.541052585520512164e+00
2.541052658371811823e+00
2.541052731166171252e+00
2.541052803965857088e+00
2.541052876708588038e+00
2.541052949518924020e+00
2.541053022272298456e+00
2.541053095030993525e+00
2.541053167732714169e+00
2.541053240502051391e+00
2.541053313214405307e+00
2.541053385932075415e+00
2.541053458592745340e+00
2.541053531321048720e+00
2.541053603992344812e+00
2.541053676668953987e+00
2.541053749288539443e+00
2.541053821975773452e+00
2.541053894605975305e+00
2.541053967241487133e+00
2.541054039819952592e+00
2.541054112403720033e+00
2.541054184992789011e+00
2.541054257587161302e+00
2.541054330186839572e+00
2.541054402729445272e+00
2.541054475277348956e+00
2.541054547830552401e+00
2.541054620326664182e+00
2.541054692890464928e+00
2.541054765397166015e+00
2.541054837909163311e+00
2.541054910364046293e+00
2.541054982824219266e+00
2.541055055289676456e+00
2.541055127760427190e+00
2.541055200236468359e+00
2.541055272655370789e+00
2.541055345079557437e+00
2.541055417509028747e+00
2.541055489881341778e+00
2.541055562258931033e+00
2.541055634641803618e+00
2.541055707029957311e+00
2.541055779423393890e+00
2.541055851759641548e+00
2.541055924101166319e+00
2.541055996385490623e+00
2.541056068737566065e+00
2.541056141032432603e+00
2.541056213332571367e+00
2.541056285637981027e+00
2.541056357886164463e+00
2.541056430139612576e+00
2.541056502398327144e+00
2.541056574662309053e+00
2.541056646931560525e+00
2.541056719143557352e+00
2.541056791360818412e+00
2.541056863520808395e+00
2.541056935748590817e+00
2.541057007919096833e+00
2.541057080094860421e+00
2.541057152275882913e+00
2.541057224399609460e+00
2.541057296528587361e+00
2.541057368662818838e+00
2.541057440802305223e+00
2.541057512884471681e+00
2.541057584971886829e+00
2.541057657064549336e+00
2.541057729162460088e+00
2.541057801203032263e+00
2.541057873311442172e+00
2.541057945362506842e+00
2.541058017356207621e+00
2.541058089417756349e+00
2.541058161421937633e+00
2.541058233431359170e+00
2.541058305383396831e+00
2.541058377403294877e+00
2.541058449365803718e+00
2.541058521333546594e+00
2.541058593306526170e+00
2.541058665222095669e+00
2.541058737142893431e+00
2.541058809068923008e+00
2.541058881000183067e+00
2.541058952874012178e+00
2.541059024753064222e+00
2.541059096637342751e+00
2.541059168526847323e+00
2.541059240358897409e+00
2.541059312196168207e+00
2.541059384038658830e+00
2.541059455886374163e+00
2.541059527676608365e+00
2.541059599534765567e+00
2.541059671335435866e+00
2.541059743078610822e+00
2.541059814889714996e+00
2.541059886643315835e+00
2.541059958402128061e+00
2.541060030103419187e+00
2.541060101872653298e+00
2.541060173584361870e+00
2.541060245301278275e+00
2.541060317023401627e+00
2.541060388687977678e+00
2.541060460357757567e+00
2.541060532032739960e+00
2.541060603712925303e+00
2.541060675335542030e+00
2.541060747026134603e+00
2.541060818659151455e+00
2.541060890234581038e+00
2.541060961877991353e+00
2.541061033463808627e+00
2.541061105054819080e+00
2.541061176651024045e+00
2.541061248189612876e+00
2.541061319733392665e+00
2.541061391282360304e+00
2.541061462836516682e+00
2.541061534333037386e+00
2.541061605897571241e+00
2.541061677404465868e+00
2.541061748853699065e+00
2.541061820370960511e+00
2.541061891830557418e+00
2.541061963295332404e+00
2.541062034765288580e+00
2.541062106177562008e+00
2.541062177595010851e+00
2.541062249017632446e+00
2.541062320445431233e+00
2.541062391878407212e+00
2.541062463253673354e+00
2.541062534634112247e+00
2.541062606019721226e+00
2.541062677347600829e+00
2.541062748743553090e+00
2.541062820081767981e+00
2.541062891362235288e+00
2.541062962710781914e+00
2.541063034001572074e+00
2.541063105297524771e+00
2.541063176598639117e+00
2.541063247904918221e+00
2.541063319153418654e+00
2.541063390407075406e+00
2.541063461665890699e+00
2.541063532866907337e+00
2.541063604136036602e+00
2.541063675347361439e+00
2.541063746563839487e+00
2.541063817722497564e+00
2.541063888949279814e+00
2.541063960118234988e+00
2.541064031292339820e+00
2.541064102408600700e+00
2.541064173592999964e+00
2.541064244719550391e+00
2.541064315851244260e+00
2.541064386925071972e+00
2.541064458067051390e+00
2.541064529151158879e+00
2.541064600240405369e+00
2.541064671271762609e+00
2.541064742371286211e+00
2.541064813412913459e+00
2.541064884459676598e+00
2.541064955511573409e+00
2.541065026505555657e+00
2.541065097504666248e+00
2.541065168508907401e+00
2.541065239518279562e+00
2.541065310469713179e+00
2.541065381489345576e+00
2.541065452451031881e+00
2.541065523354762767e+00
2.541065594326699539e+00
2.541065665240672011e+00
2.541065736159763944e+00
2.541065807083977113e+00
2.541065877950208662e+00
2.541065948884664305e+00
2.541066019761128114e+00
2.541066090579589876e+00
2.541066161466285944e+00
2.541066232294971972e+00
2.541066303128766801e+00
2.541066373967675762e+00
2.541066444811697078e+00
2.541066515597686148e+00
2.541066586388780912e+00
2.541066657184982258e+00
2.541066727986294183e+00
2.541066798729548104e+00
2.541066869477905055e+00
2.541066940231364590e+00
2.541067010989927599e+00
2.541067081690410845e+00
2.541067152395991791e+00
2.541067223106671769e+00
2.541067293822449447e+00
2.541067364480125601e+00
2.541067435142894571e+00
2.541067505810755911e+00
2.541067576483713175e+00
2.541067647161765031e+00
2.541067717781688273e+00
2.541067788406700334e+00
2.541067859036802989e+00
2.541067929608756604e+00
2.541068000185794151e+00
2.541068070767915188e+00
2.541068141355120602e+00
2.541068211947412614e+00
2.541068282481528495e+00
2.541068353020726533e+00
2.541068423565002732e+00
2.541068494051087256e+00
2.541068564605523328e+00
2.541068635101759732e+00
2.541068705603071631e+00
2.541068776046166100e+00
2.541068846557626326e+00
2.541068917010864237e+00
2.541068987469173202e+00
2.541069057932553221e+00
2.541069128337689609e+00
2.541069198747892610e+00
2.541069269163160449e+00
2.541069339583495346e+00
2.541069409945564850e+00
2.541069480312695195e+00
2.541069550684885048e+00
2.541069621062138850e+00
2.541069691444453937e+00
2.541069761768479651e+00
2.541069832097559988e+00
2.541069902431698946e+00
2.541069972707524105e+00
2.541070043051777194e+00
2.541070113337710268e+00
2.541070183628696633e+00
2.541070253861347883e+00
2.541070324162439054e+00
2.541070394405187560e+00
2.541070464652985805e+00
2.541070534842424067e+00
2.541070605100316904e+00
2.541070675299843096e+00
2.541070745504411921e+00
2.541070815650602555e+00
2.541070885865259310e+00
2.541070956021526328e+00
2.541071026182832426e+00
2.541071096349178049e+00
2.541071166457117947e+00
2.541071236570088931e+00
2.541071306751550463e+00
2.541071376811133486e+00
2.541071446939210166e+00
2.541071517008853142e+00
2.541071587083521877e+00
2.541071657163223474e+00
2.541071727247955714e+00
2.541071797274231159e+00
2.541071867305530141e+00
2.541071937341856213e+00
2.541072007383207598e+00
2.541072077366077764e+00
2.541072147353967914e+00
2.541072217346879825e+00
2.541072287344812608e+00
2.541072357284242411e+00
2.541072427292219604e+00
2.541072497241682271e+00
2.541072567132624194e+00
2.541072637092119280e+00
2.541072706993084740e+00
2.541072776899060415e+00
2.541072846810048524e+00
2.541072916726049957e+00
2.541072986583499560e+00
2.541073056445953604e+00
2.541073126313414754e+00
2.541073196185884786e+00
2.541073265999780340e+00
2.541073335818676338e+00
2.541073405642574112e+00
2.541073475471475440e+00
2.541073545241777865e+00
2.541073615080685411e+00
2.541073684797374721e+00
2.541073754582670929e+00
2.541073824372964474e+00
2.541073894104635578e+00
2.541073963841299133e+00
2.541074033582955138e+00
2.541074103265968276e+00
2.541074173017610072e+00
2.541074242710602782e+00
2.541074312408581726e+00
2.541074382047893376e+00
2.541074451755850561e+00
2.541074521405132458e+00
2.541074591059397925e+00
2.541074660718648737e+00
2.541074730319206054e+00
2.541074799924739835e+00
2.541074869535254965e+00
2.541074939150749668e+00
2.541075008771226607e+00
2.541075078332980741e+00
2.541075147899710451e+00
2.541075217471415737e+00
2.541075286984380899e+00
2.541075356566034671e+00
2.541075426088942102e+00
2.541075495616818447e+00
2.541075565085933796e+00
2.541075634623751522e+00
2.541075704102798483e+00
2.541075773586812137e+00
2.541075843075791152e+00
2.541075912505980305e+00
2.541075982004893152e+00
2.541076051445008144e+00
2.541076120826312401e+00
2.541076190276347901e+00
2.541076259667566006e+00
2.541076329063742367e+00
2.541076398464872099e+00
2.541076467870962752e+00
2.541076537218212916e+00
2.541076606570414675e+00
2.541076675927568029e+00
2.541076745289673866e+00
2.541076814592918343e+00
2.541076883964930921e+00
2.541076953278072814e+00
2.541077022532331142e+00
2.541077091855366898e+00
2.541077161119511985e+00
2.541077230388601116e+00
2.541077299662632960e+00
2.541077368941609738e+00
2.541077438161673641e+00
2.541077507386674483e+00
2.541077576616614486e+00
2.541077645851494093e+00
2.541077715027436845e+00
2.541077784272195217e+00
2.541077853458009628e+00
2.541077922584869864e+00
2.541077991780551493e+00
2.541078060917269177e+00
2.541078130058917139e+00
2.541078199205494492e+00
2.541078268357002568e+00
2.541078337449525382e+00
2.541078406546971813e+00
2.541078475649344082e+00
2.541078544756640856e+00
2.541078613804931496e+00
2.541078682922078613e+00
2.541078751980211603e+00
2.541078820979316255e+00
2.541078890047288041e+00
2.541078959056224829e+00
2.541079028070074575e+00
2.541079097088843053e+00
2.541079166112528043e+00
2.541079235077154053e+00
2.541079304046691245e+00
2.541079373021138732e+00
2.541079442000498290e+00
2.541079510920777551e+00
2.541079579845962666e+00
2.541079648776052746e+00
2.541079717711050900e+00
2.541079786650956240e+00
2.541079855531754639e+00
2.541079924417453118e+00
2.541079993308056117e+00
2.541080062203560974e+00
2.541080131039935353e+00
2.541080199881205814e+00
2.541080268727375024e+00
2.541080337578440762e+00
2.541080406370352929e+00
2.541080475231215274e+00
2.541080544032918720e+00
2.541080612775443726e+00
2.541080681586928236e+00
2.541080750339231198e+00
2.541080819096421806e+00
2.541080887858501391e+00
2.541080956625472176e+00
2.541081025333236987e+00
2.541081094109984395e+00
2.541081162827520501e+00
2.541081231485832426e+00
2.541081300213134053e+00
2.541081368881205726e+00
2.541081437554155720e+00
2.541081506231984921e+00
2.541081574914695551e+00
2.541081643538153134e+00
2.541081712166482376e+00
2.541081780799686385e+00
2.541081849437770046e+00
2.541081918016571350e+00
2.541081986600243425e+00
2.541082055188786271e+00
2.541082123782198998e+00
2.541082192380484273e+00
2.541082260919464542e+00
2.541082329463310252e+00
2.541082398012022292e+00
2.541082466565601550e+00
2.541082535059852709e+00
2.541082603558963537e+00
2.541082672062935366e+00
2.541082740571769527e+00
2.541082809021253830e+00
2.541082877539812213e+00
2.541082945999010523e+00
2.541083014463065837e+00
2.541083082867747756e+00
2.541083151341519741e+00
2.541083219755905453e+00
2.541083288175145505e+00
2.541083356534989512e+00
2.541083424963932025e+00
2.541083493333471388e+00
2.541083561707855321e+00
2.541083630087090039e+00
2.541083698406898961e+00
2.541083766795828591e+00
2.541083835125325763e+00
2.541083903459667948e+00
2.541083971734562574e+00
2.541084040078585904e+00
2.541084108363158123e+00
2.541084176652566917e+00
2.541084244946815840e+00
2.541084313181591003e+00
2.541084381485516186e+00
2.541084449729960504e+00
2.541084517979240065e+00
2.541084586169020554e+00
2.541084654427966605e+00
2.541084722627408254e+00
2.541084790831678930e+00
2.541084859040778632e+00
2.541084927190356169e+00
2.541084995344754738e+00
2.541085063503978780e+00
2.541085131668028740e+00
2.541085199836902841e+00
2.541085267946226800e+00
2.541085336124753624e+00
2.541085404179335150e+00
2.541085472303118653e+00
2.541085540431726297e+00
2.541085608500755377e+00
2.541085676574600605e+00
2.541085744653261536e+00
2.541085812672325250e+00
2.541085880760615368e+00
2.541085948789301163e+00
2.541086016822800442e+00
2.541086084861111427e+00
2.541086152839798551e+00
2.541086220823287167e+00
2.541086288811586158e+00
2.541086356804691082e+00
2.541086424802602828e+00
2.541086492740865399e+00
2.541086560683927686e+00
2.541086628631792799e+00
2.541086696584461624e+00
2.541086764477454185e+00
2.541086832439725107e+00
2.541086900342316657e+00
2.541086968185214179e+00
2.541087036097397167e+00
2.541087103949879911e+00
2.541087171871660111e+00
2.541087239669221898e+00
2.541087307536082918e+00
2.541087375407738769e+00
2.541087443219667730e+00
2.541087511036384416e+00
2.541087578857889273e+00
2.541087646619647256e+00
2.541087714450728896e+00
2.541087782222056113e+00
2.541087849998166615e+00
2.541087917714506705e+00
2.541087985500183777e+00
2.541088053226082444e+00
2.541088120956762175e+00
2.541088188692217642e+00
2.541088256367877829e+00
2.541088324112893204e+00
2.541088391798104418e+00
2.541088459488089146e+00
2.541088527182850054e+00
2.541088594817786817e+00
2.541088662457492209e+00
2.541088730101967563e+00
2.541088797751211992e+00
2.541088865405229491e+00
2.541088932999395311e+00
2.541089000598324432e+00
2.541089068202021739e+00
2.541089135810483679e+00
2.541089203359071291e+00
2.541089270977065606e+00
2.541089338535177156e+00
2.541089406098050674e+00
2.541089473601026327e+00
2.541089541173420230e+00
2.541089608685910939e+00
2.541089676203156955e+00
2.541089743660482014e+00
2.541089811187239533e+00
2.541089878654067657e+00
2.541089946125647536e+00
2.541090013601980058e+00
2.541090081083066110e+00
2.541090148504199231e+00
2.541090215930079221e+00
2.541090283360705637e+00
2.541090350796081587e+00
2.541090418236205295e+00
2.541090485616352979e+00
2.541090553001240426e+00
2.541090620390872079e+00
2.541090687720502839e+00
2.541090755119618017e+00
2.541090822458727860e+00
2.541090889802577024e+00
2.541090957151162844e+00
2.541091024439724233e+00
2.541091091797786916e+00
2.541091159095818952e+00
2.541091226398582315e+00
2.541091293641297266e+00
2.541091360953527278e+00
2.541091428205702218e+00
2.541091495462604932e+00
2.541091562724238528e+00
2.541091629990602119e+00
2.541091697196886656e+00
2.541091764407894082e+00
2.541091831623627950e+00
2.541091898844084263e+00
2.541091966004439762e+00
2.541092033234347625e+00
2.541092100404147569e+00
2.541092167513820943e+00
2.541092234693055119e+00
2.541092301812161391e+00
2.541092369000836904e+00
2.541092436129377852e+00
2.541092503197768249e+00
2.541092570335735878e+00
2.541092637413548516e+00
2.541092704496070276e+00
2.541092771583303822e+00
2.541092838675249155e+00
2.541092905707016847e+00
2.541092972808384420e+00
2.541093039849562807e+00
2.541093106830545789e+00
2.541093173881137091e+00
2.541093240871523662e+00
2.541093307866608697e+00
2.541093374866395749e+00
2.541093441870886149e+00
2.541093508880080343e+00
2.541093575829039608e+00
2.541093642782695117e+00
2.541093709741051754e+00
2.541093776639152146e+00
2.541093843606899494e+00
2.541093910514387488e+00
2.541093977426567729e+00
2.541094044343440217e+00
2.541094111200033367e+00
2.541094178126291681e+00
2.541094244992263551e+00
2.541094311862921895e+00
2.541094378673277809e+00
2.541094445553310432e+00
2.541094512373034853e+00
2.541094579197440417e+00
2.541094646026531123e+00
2.541094712795289645e+00
2.541094779633747525e+00
2.541094846411866559e+00
2.541094913194663629e+00
2.541094979982140067e+00
2.541095046709259897e+00
2.541095113506096403e+00
2.541095180242566975e+00
2.541095246918659623e+00
2.541095313664476496e+00
2.541095380414969185e+00
2.541095447105073735e+00
2.541095513799848327e+00
2.541095580499292517e+00
2.541095647138329028e+00
2.541095713847113302e+00
2.541095780495481904e+00
2.541095847148515219e+00
2.541095913741115542e+00
2.541095980403480059e+00
2.541096047005404035e+00
2.541096113611987395e+00
2.541096180223233247e+00
2.541096246839139372e+00
2.541096313394583639e+00
2.541096380019813417e+00
2.541096446584573787e+00
2.541096513088852316e+00
2.541096579662921684e+00
2.541096646176502105e+00
2.541096712694732584e+00
2.541096779217616231e+00
2.541096845745151711e+00
2.541096912277341247e+00
2.541096978749013857e+00
2.541097045225332085e+00
2.541097111706298151e+00
2.541097178191913386e+00
2.541097244616989048e+00
2.541097311046704554e+00
2.541097377481063457e+00
2.541097443920064869e+00
2.541097510363710121e+00
2.541097576746788267e+00
2.541097643134504036e+00
2.541097709526857429e+00
2.541097775923849333e+00
2.541097842325482858e+00
2.541097908666519967e+00
2.541097975012191590e+00
2.541098041362495508e+00
2.541098107717434385e+00
2.541098174011755972e+00
2.541098240310703638e+00
2.541098306614282709e+00
2.541098372922489634e+00
2.541098439235327078e+00
2.541098505487519255e+00
2.541098571744336176e+00
2.541098638005775179e+00
2.541098704271840703e+00
2.541098770542530971e+00
2.541098836752550660e+00
2.541098902967189765e+00
2.541098969186448286e+00
2.541099035410327556e+00
2.541099101573511376e+00
2.541099167806628589e+00
2.541099233979047689e+00
2.541099300156079543e+00
2.541099366272395077e+00
2.541099432458655549e+00
2.541099498584191263e+00
2.541099564714338399e+00
2.541099630849096513e+00
2.541099696923108553e+00
2.541099763067085959e+00
2.541099829150312850e+00
2.541099895238144502e+00
2.541099961330583135e+00
2.541100027362249492e+00
2.541100093398515281e+00
2.541100159504772193e+00
2.541100225484850483e+00
2.541100291534921674e+00
2.541100357589595404e+00
2.541100423583467549e+00
2.541100489581935573e+00
2.541100555584999476e+00
2.541100621592663256e+00
2.541100687539500136e+00
2.541100753490927566e+00
2.541100819446946435e+00
2.541100885407559407e+00
2.541100951372766481e+00
2.541101017277118679e+00
2.541101083186058762e+00
2.541101149099586287e+00
2.541101215017702586e+00
2.541101280874940027e+00
2.541101346802232541e+00
2.541101412668639981e+00
2.541101478539631309e+00
2.541101544349719799e+00
2.541101610229876684e+00
2.541101676049124070e+00
2.541101741872949571e+00
2.541101807701354520e+00
2.541101873534338917e+00
2.541101939306392943e+00
2.541102005148535348e+00
2.541102070929741163e+00
2.541102136649993071e+00
2.541102202440343127e+00
2.541102268169734391e+00
2.541102333969234017e+00
2.541102399707767745e+00
2.541102465385323583e+00
2.541102531132994891e+00
2.541102596819679427e+00
2.541102662576490978e+00
2.541102728206743322e+00
2.541102793907123125e+00
2.541102859612068610e+00
2.541102925256004674e+00
2.541102990904499759e+00
2.541103056557555195e+00
2.541103122215169208e+00
2.541103187811748931e+00
2.541103253478488089e+00
2.541103319084181411e+00
2.541103384628819128e+00
2.541103450243622497e+00
2.541103515862983109e+00
2.541103581421277902e+00
2.541103646984121944e+00
2.541103712551518790e+00
2.541103778057828499e+00
2.541103843634328285e+00
2.541103909149732942e+00
2.541103974669683740e+00
2.541104040194182900e+00
2.541104105657565171e+00
2.541104171191159278e+00
2.541104236663629390e+00
2.541104302140642979e+00
2.541104367556517474e+00
2.541104433042612243e+00
2.541104498467562589e+00
2.541104563897050639e+00
2.541104629331075948e+00
2.541104694769637629e+00
2.541104760212741009e+00
2.541104825594672434e+00
2.541104890981135789e+00
2.541104956372132850e+00
2.541105021767663619e+00
2.541105087101999338e+00
2.541105152440861215e+00
2.541105217784251913e+00
2.541105283132170545e+00
2.541105348484619775e+00
2.541105413775846422e+00
2.541105479137353740e+00
2.541105544437631369e+00
2.541105609676665544e+00
2.541105674985988383e+00
2.541105740299836491e+00
2.541105805552432262e+00
2.541105870809548417e+00
2.541105936071180960e+00
2.541106001271542070e+00
2.541106066476415126e+00
2.541106131751606600e+00
2.541106196965513764e+00
2.541106262118122849e+00
2.541106327341057902e+00
2.541106392502687328e+00
2.541106457668827368e+00
2.541106522839476689e+00
2.541106588014637957e+00
2.541106653194311171e+00
2.541106718312652113e+00
2.541106783435497896e+00
2.541106848562850296e+00
2.541106913694708425e+00
2.541106978765212521e+00
2.541107043906082552e+00
2.541107108985590557e+00
2.541107174069600738e+00
2.541107239092231129e+00
2.541107304185242555e+00
2.541107369216866196e+00
2.541107434252986685e+00
2.541107499293604910e+00
2.541107564338720426e+00
2.541107629322425510e+00
2.541107694376534276e+00
2.541107759369226393e+00
2.541107824300488538e+00
2.541107889302162359e+00
2.541107954308329475e+00
2.541108019253057737e+00
2.541108084202271300e+00
2.541108149155974161e+00
2.541108214048215075e+00
2.541108279010893423e+00
2.541108343912101830e+00
2.541108408817793318e+00
2.541108473727966999e+00
2.541108538576655196e+00
2.541108603495795482e+00
2.541108668353440514e+00
2.541108733215563742e+00
2.541108798082166054e+00
2.541108862887253572e+00
2.541108927762811387e+00
2.541108992576848191e+00
2.541109057395358750e+00
2.541109122218342620e+00
2.541109186979784607e+00
2.541109251811715986e+00
2.541109316582100153e+00
2.541109381356950081e+00
2.541109446136271544e+00
2.541109510854023590e+00
2.541109575642284124e+00
2.541109640368966804e+00
2.541109705100113914e+00
2.541109769835726340e+00
2.541109834509743148e+00
2.541109899188218169e+00
2.541109963937225213e+00
2.541110028624623762e+00
2.541110093250401381e+00
2.541110157946717241e+00
2.541110222581407285e+00
2.541110287220551101e+00
2.541110351864150907e+00
2.541110416512206260e+00
2.541110481164720269e+00
2.541110545755576933e+00
2.541110610350888255e+00
2.541110674950647130e+00
2.541110739554858888e+00
2.541110804097392428e+00
2.541110868710506399e+00
2.541110933261934157e+00
2.541110997817809469e+00
2.541111062311981694e+00
2.541111126876747228e+00
2.541111191379803458e+00
2.541111255887301024e+00
2.541111320399242146e+00
2.541111384915622828e+00
2.541111449370271558e+00
2.541111513895538909e+00
2.541111578359066314e+00
2.541111642827027950e+00
2.541111707299431366e+00
2.541111771710072631e+00
2.541111836125143242e+00
2.541111900544647639e+00
2.541111964968586712e+00
2.541112029396957794e+00
2.541112093829763552e+00
2.541112158200778293e+00
2.541112222576220159e+00
2.541112286956091815e+00
2.541112351340391484e+00
2.541112415662875268e+00
2.541112479989782624e+00
2.541112544387366778e+00
2.541112608656864946e+00
2.541112672997044797e+00
2.541112737341647776e+00
2.541112801624405115e+00
2.541112865911581586e+00
2.541112930203177189e+00
2.541112994499191924e+00
2.541113058733338370e+00
2.541113123038192700e+00
2.541113187281171193e+00
2.541113251528561712e+00
2.541113315714059517e+00
2.541113379970277641e+00
2.541113444164597723e+00
2.541113508363324947e+00
2.541113572566462864e+00
2.541113636774011919e+00
2.541113700919636287e+00
2.541113765136005398e+00
2.541113829290441828e+00
2.541113893449286731e+00
2.541113957546180302e+00
2.541114021713832827e+00
2.541114085819528690e+00
2.541114149929625476e+00
2.541114214044123631e+00
2.541114278163022711e+00
2.541114342286325378e+00
2.541114406347644294e+00
2.541114470413359250e+00
2.541114534483471132e+00
2.541114598557979942e+00
2.541114662570481464e+00
2.541114726653782796e+00
2.541114790675069735e+00
2.541114854700748271e+00
2.541114918730821959e+00
2.541114982698859048e+00
2.541115046671281519e+00
2.541115110714528225e+00
2.541115174695728562e+00
2.541115238614872318e+00
2.541115302604846971e+00
2.541115366532754827e+00
2.541115430465044511e+00
2.541115494401718244e+00
2.541115558342775138e+00
2.541115622288215636e+00
2.541115686171563137e+00
2.541115750059289358e+00
2.541115813951392077e+00
2.541115877847873072e+00
2.541115941748736340e+00
2.541116005587478632e+00
2.541116069430592539e+00
2.541116133278081168e+00
2.541116197129942300e+00
2.541116260986179931e+00
2.541116324780270386e+00
2.541116388578727570e+00
2.541116452381553259e+00
2.541116516188750118e+00
2.541116580000316372e+00
2.541116643749707915e+00
2.541116707503463079e+00
2.541116771261583640e+00
2.541116835024066489e+00
2.541116898790916956e+00
2.541116962495564291e+00
2.541117026271143775e+00
2.541117089984515687e+00
2.541117153635662707e+00
2.541117217357747649e+00
2.541117281084199320e+00
2.541117344748416329e+00
2.541117408416987189e+00
2.541117472089913676e+00
2.541117535700586405e+00
2.541117599382222814e+00
2.541117663001597915e+00
2.541117726625324202e+00
2.541117790253401232e+00
2.541117853885830336e+00
2.541117917455974595e+00
2.541117981097105183e+00
2.541118044675943377e+00
2.541118108259129649e+00
2.541118171780005763e+00
2.541118235371881973e+00
2.541118298901443140e+00
2.541118362435343503e+00
2.541118425973586614e+00
2.541118489516172474e+00
2.541118553063102414e+00
2.541118616547688891e+00
2.541118680036610566e+00
2.541118743529870105e+00
2.541118807027467952e+00
2.541118870529404106e+00
2.541118933968970151e+00
2.541118997412866065e+00
2.541119060861097179e+00
2.541119124313659050e+00
2.541119187770556564e+00
2.541119251165054216e+00
2.541119314563880849e+00
2.541119377967033799e+00
2.541119441374515731e+00
2.541119504786327976e+00
2.541119568135714601e+00
2.541119631489420883e+00
2.541119694847452593e+00
2.541119758209807955e+00
2.541119821576486970e+00
2.541119884880713276e+00
2.541119948256041816e+00
2.541120011568908765e+00
2.541120074886095370e+00
2.541120138140804841e+00
2.541120201466628536e+00
2.541120264729965328e+00
2.541120327997618666e+00
2.541120391269585888e+00
2.541120454545867879e+00
2.541120517759643871e+00
2.541120581044553184e+00
2.541120644266948947e+00
2.541120707493653263e+00
2.541120770724670574e+00
2.541120833893150355e+00
2.541120897132787437e+00
2.541120960309880772e+00
2.541121023491277775e+00
2.541121086676981999e+00
2.541121149800122492e+00
2.541121212994436274e+00
2.541121276126180550e+00
2.541121339262224055e+00
2.541121402402569007e+00
2.541121465480324026e+00
2.541121528629270099e+00
2.541121591715617800e+00
2.541121654806260732e+00
2.541121717901200228e+00
2.541121781000438062e+00
2.541121844037053989e+00
2.541121907077958930e+00
2.541121970190086898e+00
2.541122033172644290e+00
2.541122096226424709e+00
2.541122159284499915e+00
2.541122222279922571e+00
2.541122285279629356e+00
2.541122348283624266e+00
2.541122411291906857e+00
2.541122474237512918e+00
2.541122537254369984e+00
2.541122600208542082e+00
2.541122663166996531e+00
2.541122726129735110e+00
2.541122789029768292e+00
2.541122852001071131e+00
2.541122914909661912e+00
2.541122977822529716e+00
2.541123040739677208e+00
2.541123103661102611e+00
2.541123166519793308e+00
2.541123229382756143e+00
2.541123292249991117e+00
2.541123355121501337e+00
2.541123417997284140e+00
2.541123480877342189e+00
2.541123543694634002e+00
2.541123606516194844e+00
2.541123669342023383e+00
2.541123732172122285e+00
2.541123794939430525e+00
2.541123857778067041e+00
2.541123920553904902e+00
2.541123983334007352e+00
2.541124046118375279e+00
2.541124108839922791e+00
2.541124171632819007e+00
2.541124234362889034e+00
2.541124297097218765e+00
2.541124359835806423e+00
2.541124422511552350e+00
2.541124485258659860e+00
2.541124547942915424e+00
2.541124610631424474e+00
2.541124673324189231e+00
2.541124736021210140e+00
2.541124798655355121e+00
2.541124861360887000e+00
2.541124924003533181e+00
2.541124986650431961e+00
2.541125049234428168e+00
2.541125111889826371e+00
2.541125174482315785e+00
2.541125237146215632e+00
2.541125299747199584e+00
2.541125362285255207e+00
2.541125424894729701e+00
2.541125487441267872e+00
2.541125550059235572e+00
2.541125612614258511e+00
2.541125675173526055e+00
2.541125737669832407e+00
2.541125800237580723e+00
2.541125862742360297e+00
2.541125925251380036e+00
2.541125987764631944e+00
2.541126050282123572e+00
2.541126112736625142e+00
2.541126175262590436e+00
2.541126237725559012e+00
2.541126300192757981e+00
2.541126362664191340e+00
2.541126425072604889e+00
2.541126487552502589e+00
2.541126549969373816e+00
2.541126612390472772e+00
2.541126674815800790e+00
2.541126737178080575e+00
2.541126799611862719e+00
2.541126861982589968e+00
2.541126924357543171e+00
2.541126986736714777e+00
2.541127049120113224e+00
2.541127111440435016e+00
2.541127173832280040e+00
2.541127236161040415e+00
2.541127298494018749e+00
2.541127360831217263e+00
2.541127423105310257e+00
2.541127485450946910e+00
2.541127547733469161e+00
2.541127610020206262e+00
2.541127672311155994e+00
2.541127734538975780e+00
2.541127796838354769e+00
2.541127859074592710e+00
2.541127921315040616e+00
2.541127983559698489e+00
2.541128045808567215e+00
2.541128107994273133e+00
2.541128170251558682e+00
2.541128232445674762e+00
2.541128294643995034e+00
2.541128356846520830e+00
2.541128418985856285e+00
2.541128481196793132e+00
2.541128543344530755e+00
2.541128605496467685e+00
2.541128667652606588e+00
2.541128729745524950e+00
2.541128791910064244e+00
2.541128854011375893e+00
2.541128916116881520e+00
2.541128978226582902e+00
2.541129040340484035e+00
2.541129102391133543e+00
2.541129164513424854e+00
2.541129226572458322e+00
2.541129288635682659e+00
2.541129350703100975e+00
2.541129412707238355e+00
2.541129474783038411e+00
2.541129536795551314e+00
2.541129598812250645e+00
2.541129660833136850e+00
2.541129722858213036e+00
2.541129784819978532e+00
2.541129846785923352e+00
2.541129908823558825e+00
2.541129970797872950e+00
2.541130032708853292e+00
2.541130094691530061e+00
2.541130156610864610e+00
2.541130218534376706e+00
2.541130280529602103e+00
2.541130342393934871e+00
2.541130404329982273e+00
2.541130466202659477e+00
2.541130528147064194e+00
2.541130590028090275e+00
2.541130651913290350e+00
2.541130713735096691e+00
2.541130775628642979e+00
2.541130837458788427e+00
2.541130899293101209e+00
2.541130961131581767e+00
2.541131022974232323e+00
2.541131084821054209e+00
2.541131146604445945e+00
2.541131208459605162e+00
2.541131270251327567e+00
2.541131331979603392e+00
2.541131393779652026e+00
2.541131455583866661e+00
2.541131517324622280e+00
2.541131579069536350e+00
2.541131640818610204e+00
2.541131702571843398e+00
2.541131764261594483e+00
2.541131826023146800e+00
2.541131887721207683e+00
2.541131949423426128e+00
2.541132011129797252e+00
2.541132072840325939e+00
2.541132134487339211e+00
2.541132196138502053e+00
2.541132257793813132e+00
2.541132319453275556e+00
2.541132381116889327e+00
2.541132442784656220e+00
2.541132504388875724e+00
2.541132565997240356e+00
2.541132627609749228e+00
2.541132689226406782e+00
2.541132750847210353e+00
2.541132812404441221e+00
2.541132874033536826e+00
2.541132935599051734e+00
2.541132997168708219e+00
2.541133058674767131e+00
2.541133120252704103e+00
2.541133181767034621e+00
2.541133243285503607e+00
2.541133304808108839e+00
2.541133366334850763e+00
2.541133427865731598e+00
2.541133489332976669e+00
2.541133550804354435e+00
2.541133612347644011e+00
2.541133673759504497e+00
2.541133735243279901e+00
2.541133796731187999e+00
2.541133858155433245e+00
2.541133919583803191e+00
2.541133981016300947e+00
2.541134042452928288e+00
2.541134103893683882e+00
2.541134165270748202e+00
2.541134226651933226e+00
2.541134288037239841e+00
2.541134349426672046e+00
2.541134410820227174e+00
2.541134472217906559e+00
2.541134533551864028e+00
2.541134594889936871e+00
2.541134656232130862e+00
2.541134717578441560e+00
2.541134778928872962e+00
2.541134840215552693e+00
2.541134901506343802e+00
2.541134962801252062e+00
2.541135024100270368e+00
2.541135085403407601e+00
2.541135146642766074e+00
2.541135207954126507e+00
2.541135269201704183e+00
2.541135330453389241e+00
2.541135391709184788e+00
2.541135452901174041e+00
2.541135514165187903e+00
2.541135575365387478e+00
2.541135636569690881e+00
2.541135697778099889e+00
2.541135758990614057e+00
2.541135820139290402e+00
2.541135881360014892e+00
2.541135942516894453e+00
2.541136003677871624e+00
2.541136064842951736e+00
2.541136125944166047e+00
2.541136187117442713e+00
2.541136248226848693e+00
2.541136309340348731e+00
2.541136370457944604e+00
2.541136431579638533e+00
2.541136492637434241e+00
2.541136553767317618e+00
2.541136614833297891e+00
2.541136675903366893e+00
2.541136736977529953e+00
2.541136797987766371e+00
2.541136859070108667e+00
2.541136920088517215e+00
2.541136981111014492e+00
2.541137042137597835e+00
2.541137103168268130e+00
2.541137164203026710e+00
2.541137225173824010e+00
2.541137286148702046e+00
2.541137347127663482e+00
2.541137408110705653e+00
2.541137469097831669e+00
2.541137530020969759e+00
2.541137591016258135e+00
2.541137651947554588e+00
2.541137712882926447e+00
2.541137773822376822e+00
2.541137834697810849e+00
2.541137895645416034e+00
2.541137956528996433e+00
2.541138017416649131e+00
2.541138078308375903e+00
2.541138139136059237e+00
2.541138200035930605e+00
2.541138260871749655e+00
2.541138321711636561e+00
2.541138382555590880e+00
2.541138443403615721e+00
2.541138504255709307e+00
2.541138565043723929e+00
2.541138625903955450e+00
2.541138686700099125e+00
2.541138747500307105e+00
2.541138808236413915e+00
2.541138869044747395e+00
2.541138929788971712e+00
2.541138990605435133e+00
2.541139051357778733e+00
2.541139112045992299e+00
2.541139172806453850e+00
2.541139233570976153e+00
2.541139294271355098e+00
2.541139354975788578e+00
2.541139415684277481e+00
2.541139476396820029e+00
2.541139537045197905e+00
2.541139597765850411e+00
2.541139658422328029e+00
2.541139719082856629e+00
2.541139779747434879e+00
2.541139840416065443e+00
2.541139901020495806e+00
2.541139961697226113e+00
2.541140022309750890e+00
2.541140082926319099e+00
2.541140143546935182e+00
2.541140204103325750e+00
2.541140264732032250e+00
2.541140325296503466e+00
2.541140385865017226e+00
2.541140446437571754e+00
2.541140507014167937e+00
2.541140567526505745e+00
2.541140628111183464e+00
2.541140688631595701e+00
2.541140749156044265e+00
2.541140809684528712e+00
2.541140870217051706e+00
2.541140930685285682e+00
2.541140991157549767e+00
2.541141051702180853e+00
2.541141112182512263e+00
2.541141172598528897e+00
2.541141233086922302e+00
2.541141293579348925e+00
2.541141354007450115e+00
2.541141414439579194e+00
2.541141474875734829e+00
2.541141535315920574e+00
2.541141595691754684e+00
2.541141656139994431e+00
2.541141716523877214e+00
2.541141776911781225e+00
2.541141837303710016e+00
2.541141897631260971e+00
2.541141958031233106e+00
2.541142018366822075e+00
2.541142078706426943e+00
2.541142139050049931e+00
2.541142199397692369e+00
2.541142259749354704e+00
2.541142320036604119e+00
2.541142380396304912e+00
2.541142440691583904e+00
2.541142500990877018e+00
2.541142561225734564e+00
2.541142621533052370e+00
2.541142681775926615e+00
2.541142742091274442e+00
2.541142802342171603e+00
2.541142862597075780e+00
2.541142922787513747e+00
2.541142983050437287e+00
2.541143043248883959e+00
2.541143103451334539e+00
2.541143163657787696e+00
2.541143223868250534e+00
2.541143284082715503e+00
2.541143344232677848e+00
2.541143404455153743e+00
2.541143464613118574e+00
2.541143524775082430e+00
2.541143584941050193e+00
2.541143645042482024e+00
2.541143705216449167e+00
2.541143765325875048e+00
2.541143825439296844e+00
2.541143885556713222e+00
2.541143945678126403e+00
2.541144005734977895e+00
2.541144065864380686e+00
2.541144125929215569e+00
2.541144185998039262e+00
2.541144246070856205e+00
2.541144306079080373e+00
2.541144366159875378e+00
2.541144426176074056e+00
2.541144486196257990e+00
2.541144546220426736e+00
2.541144606248583848e+00
2.541144666280727549e+00
2.541144726248245611e+00
2.541144786288362933e+00
2.541144846263846180e+00
2.541144906243312462e+00
2.541144966226760893e+00
2.541145026145555263e+00
2.541145086136967990e+00
2.541145146063715998e+00
2.541145205994441270e+00
2.541145265929146024e+00
2.541145325867826710e+00
2.541145385741822693e+00
2.541145445688460569e+00
2.541145505570403085e+00
2.541145565456318867e+00
2.541145625346205694e+00
2.541145685171381174e+00
2.541145745069213646e+00
2.541145804902325445e+00
2.541145864739402960e+00
2.541145924580447524e+00
2.541145984425463134e+00
2.541146044274447124e+00
2.541146104058682464e+00
2.541146163915603218e+00
2.541146223707767327e+00
2.541146283503894931e+00
2.541146343303987365e+00
2.541146403039302282e+00
2.541146462847320375e+00
2.541146522590552959e+00
2.541146582337746818e+00
2.541146642088897067e+00
2.541146701844007705e+00
2.541146761534309739e+00
2.541146821297338931e+00
2.541146880995551083e+00
2.541146940697716960e+00
2.541147000403837009e+00
2.541147060113914335e+00
2.541147119759150197e+00
2.541147179477135420e+00
2.541147239130273405e+00
2.541147298787358455e+00
2.541147358448394122e+00
2.541147418044562123e+00
2.541147477713499470e+00
2.541147537317558047e+00
2.541147596925561469e+00
2.541147656537510180e+00
2.541147716153404623e+00
2.541147775773246575e+00
2.541147835328182669e+00
2.541147894955915643e+00
2.541147954518736096e+00
2.541148014085495621e+00
2.541148073656199990e+00
2.541148133161969636e+00
2.541148192740553924e+00
2.541148252254197715e+00
2.541148311771776136e+00
2.541148371293292296e+00
2.541148430818744419e+00
2.541148490348134281e+00
2.541148549812557889e+00
2.541148609280908577e+00
2.541148668753192563e+00
2.541148728229410292e+00
2.541148787709558210e+00
2.541148847193641203e+00
2.541148906612723302e+00
2.541148966035731149e+00
2.541149025462667410e+00
2.541149084893527643e+00
2.541149144328316734e+00
2.541149203767037790e+00
2.541149263140724646e+00
2.541149322518333697e+00
2.541149381899865833e+00
2.541149441285319721e+00
2.541149500674698913e+00
2.541149559999016372e+00
2.541149619396239956e+00
2.541149678728396477e+00
2.541149738064470753e+00
2.541149797404463229e+00
2.541149856679368213e+00
2.541149916027196198e+00
2.541149975309928255e+00
2.541150034596572738e+00
2.541150093887131423e+00
2.541150153181603422e+00
2.541150212479990955e+00
2.541150271713255471e+00
2.541150331019469188e+00
2.541150390260552783e+00
2.541150449505546138e+00
2.541150508754447479e+00
2.541150567938198712e+00
2.541150627194917355e+00
2.541150686386477453e+00
2.541150745581939763e+00
2.541150804781310057e+00
2.541150863984583008e+00
2.541150923191762612e+00
2.541150982333753916e+00
2.541151041548744605e+00
2.541151100698537224e+00
2.541151159852231167e+00
2.541151218940714607e+00
2.541151278102204980e+00
2.541151337198479077e+00
2.541151396367771653e+00
2.541151455471836851e+00
2.541151514579798487e+00
2.541151573691656118e+00
2.541151632738266386e+00
2.541151691857913342e+00
2.541151750912306717e+00
2.541151809970590314e+00
2.541151869032765021e+00
2.541151928098829060e+00
2.541151987099616427e+00
2.541152046173463575e+00
2.541152105182023835e+00
2.541152164194469432e+00
2.541152223210802141e+00
2.541152282231021964e+00
2.541152341185930918e+00
2.541152400213921858e+00
2.541152459176596157e+00
2.541152518143150907e+00
2.541152577113587441e+00
2.541152636087906203e+00
2.541152694996881234e+00
2.541152753978965340e+00
2.541152812895697277e+00
2.541152871816304781e+00
2.541152930740790961e+00
2.541152989669155815e+00
2.541153048532145409e+00
2.541153107468263173e+00
2.541153166338999014e+00
2.541153225213607314e+00
2.541153284092090292e+00
2.541153342974443063e+00
2.541153401791391708e+00
2.541153460681490284e+00
2.541153519506176295e+00
2.541153578334729435e+00
2.541153637167151480e+00
2.541153696003440654e+00
2.541153754774293727e+00
2.541153813549008156e+00
2.541153872396900493e+00
2.541153931179344294e+00
2.541153989965651228e+00
2.541154048686492306e+00
2.541154107480525060e+00
2.541154166209084408e+00
2.541154225010845202e+00
2.541154283747124154e+00
2.541154342487262241e+00
2.541154401161902943e+00
2.541154459909756635e+00
2.541154518592107170e+00
2.541154577278308846e+00
2.541154636037740833e+00
2.541154694662274949e+00
2.541154753360041596e+00
2.541154812061662938e+00
2.541154870697747370e+00
2.541154929337680279e+00
2.541154987981462110e+00
2.541155046629095082e+00
2.541155105280578308e+00
2.541155163935912675e+00
2.541155222525678603e+00
2.541155281119287679e+00
2.541155339716740791e+00
2.541155398318040604e+00
2.541155456923186229e+00
2.541155515532178555e+00
2.541155574075570023e+00
2.541155632622801086e+00
2.541155691173870856e+00
2.541155749728782887e+00
2.541155808287536289e+00
2.541155866780659967e+00
2.541155925347093447e+00
2.541155983847890987e+00
2.541156042352523237e+00
2.541156100860992861e+00
2.541156159373299861e+00
2.541156217819942942e+00
2.541156276339921138e+00
2.541156334794229199e+00
2.541156393252370194e+00
2.541156451714342346e+00
2.541156510180146100e+00
2.541156568649783232e+00
2.541156627053723138e+00
2.541156685461489317e+00
2.541156743873081325e+00
2.541156802288499605e+00
2.541156860707746823e+00
2.541156919130822534e+00
2.541156977488168600e+00
2.541157035849335610e+00
2.541157094214324896e+00
2.541157152583137790e+00
2.541157210955772516e+00
2.541157269332231294e+00
2.541157327642928454e+00
2.541157386027033116e+00
2.541157444345369054e+00
2.541157502667522827e+00
2.541157560923891445e+00
2.541157619253678668e+00
2.541157677587285946e+00
2.541157735855096522e+00
2.541157794126718272e+00
2.541157852402155637e+00
2.541157910681405951e+00
2.541157968894834251e+00
2.541158027181711354e+00
2.541158085402758005e+00
2.541158143627613608e+00
2.541158201856276833e+00
2.541158260088749454e+00
2.541158318325031917e+00
2.541158376495458171e+00
2.541158434739359873e+00
2.541158492917395151e+00
2.541158551099236718e+00
2.541158609284882353e+00
2.541158667404642024e+00
2.541158725597893575e+00
2.541158783725255166e+00
2.541158841856412387e+00
2.541158900061077919e+00
2.541158958130127488e+00
2.541159016272685367e+00
2.541159074419045538e+00
2.541159132499481110e+00
2.541159190583710981e+00
2.541159248671734261e+00
2.541159306763553616e+00
2.541159364859170378e+00
2.541159422888832342e+00
2.541159480992035924e+00
2.541159539029282044e+00
2.541159597070316245e+00
2.541159655115142968e+00
2.541159713163759992e+00
2.541159771146392465e+00
2.541159829202589648e+00
2.541159887192796063e+00
2.541159945186787006e+00
2.541160003184563365e+00
2.541160061186126917e+00
2.541160119191477218e+00
2.541160177130808329e+00
2.541160235073919083e+00
2.541160293020810812e+00
2.541160350971483517e+00
2.541160408925937642e+00
2.541160466884174962e+00
2.541160524776359786e+00
2.541160582742161722e+00
2.541160640641901391e+00
2.541160698545419372e+00
2.541160756452714331e+00
2.541160814293928372e+00
2.541160872208776844e+00
2.541160930057535516e+00
2.541160987910065838e+00
2.541161045766368254e+00
2.541161103626443207e+00
2.541161161490292031e+00
2.541161219288023521e+00
2.541161277159416532e+00
2.541161334964686880e+00
2.541161392773722216e+00
2.541161450586526982e+00
2.541161508403100733e+00
2.541161566153524287e+00
2.541161623977632900e+00
2.541161681735585987e+00
2.541161739497299621e+00
2.541161797262778688e+00
2.541161855032020078e+00
2.541161912735082407e+00
2.541161970511849333e+00
2.541162028222430536e+00
2.541162085936768289e+00
2.541162143654864813e+00
2.541162201376720553e+00
2.541162259032363480e+00
2.541162316761735429e+00
2.541162374424885684e+00
2.541162432091792045e+00
2.541162489762450516e+00
2.541162547436864649e+00
2.541162605115032225e+00
2.541162662726953236e+00
2.541162720412629916e+00
2.541162778032051150e+00
2.541162835655221830e+00
2.541162893282142399e+00
2.541162950842784873e+00
2.541163008477203000e+00
2.541163066045335484e+00
2.541163123687254277e+00
2.541163181262880322e+00
2.541163238842250927e+00
2.541163296355313683e+00
2.541163353942173408e+00
2.541163411462715516e+00
2.541163469057066138e+00
2.541163526585091148e+00
2.541163584116858054e+00
2.541163641582283361e+00
2.541163699121529174e+00
2.541163756664515994e+00
2.541163814141151445e+00
2.541163871621521686e+00
2.541163929105626718e+00
2.541163986593469204e+00
2.541164044014935453e+00
2.541164101510248852e+00
2.541164158939177131e+00
2.541164216441962775e+00
2.541164273878357527e+00
2.541164331248345842e+00
2.541164388692199072e+00
2.541164446139785760e+00
2.541164503520956686e+00
2.541164560905851744e+00
2.541164618294473154e+00
2.541164675686823138e+00
2.541164733082899030e+00
2.541164790482703495e+00
2.541164847816059780e+00
2.541164905153136200e+00
2.541164962493934976e+00
2.541165019838454775e+00
2.541165077186697818e+00
2.541165134538664994e+00
2.541165191824151126e+00
2.541165249183563013e+00
2.541165306476486307e+00
2.541165363773127517e+00
2.541165421073486641e+00
2.541165478307334968e+00
2.541165535615127702e+00
2.541165592856403421e+00
2.541165650171632429e+00
2.541165707420336872e+00
2.541165764672754790e+00
2.541165821858632157e+00
2.541165879118474358e+00
2.541165936311768014e+00
2.541165993579038496e+00
2.541166050779750663e+00
2.541166107984172751e+00
2.541166165122019649e+00
2.541166222333855806e+00
2.541166279549403217e+00
2.541166336698365669e+00
2.541166393851030492e+00
2.541166451007399019e+00
2.541166508167473026e+00
2.541166565331249849e+00
2.541166622428415511e+00
2.541166679529279104e+00
2.541166736704168372e+00
2.541166793812433156e+00
2.541166850924398091e+00
2.541166907969719890e+00
2.541166965089080687e+00
2.541167022141793908e+00
2.541167079268554119e+00
2.541167136328658760e+00
2.541167193392457335e+00
2.541167250459952065e+00
2.541167307460768132e+00
2.541167364535652506e+00
2.541167421543850669e+00
2.541167478555737880e+00
2.541167535571315916e+00
2.541167592590583446e+00
2.541167649613544022e+00
2.541167706569789519e+00
2.541167763600129081e+00
2.541167820563748236e+00
2.541167877531053332e+00
2.541167934502043479e+00
2.541167991476720012e+00
2.541168048384651712e+00
2.541168105366698793e+00
2.541168162281994825e+00
2.541168219200967915e+00
2.541168276123624725e+00
2.541168333049961703e+00
2.541168389979982400e+00
2.541168446843220963e+00
2.541168503710135251e+00
2.541168560651197783e+00
2.541168617525467965e+00
2.541168674403414762e+00
2.541168731214552778e+00
2.541168788099850140e+00
2.541168844918331171e+00
2.541168901740482156e+00
2.541168958636811581e+00
2.541169015466310910e+00
2.541169072228966819e+00
2.541169129065809607e+00
2.541169185835801425e+00
2.541169242679987672e+00
2.541169299457315844e+00
2.541169356238311750e+00
2.541169413022975831e+00
2.541169469740760967e+00
2.541169526532758738e+00
2.541169583257870457e+00
2.541169640057205914e+00
2.541169696789644661e+00
2.541169753525747588e+00
2.541169810194942258e+00
2.541169866938366884e+00
2.541169923614876147e+00
2.541169980365629577e+00
2.541170037049456099e+00
2.541170093736944580e+00
2.541170150428090579e+00
2.541170207052287910e+00
2.541170263750749392e+00
2.541170320382255987e+00
2.541170377088035170e+00
2.541170433726852806e+00
2.541170490298695128e+00
2.541170546944816255e+00
2.541170603594592681e+00
2.541170660177384022e+00
2.541170716834471932e+00
2.541170773424561879e+00
2.541170830018302684e+00
2.541170886545033092e+00
2.541170943146068950e+00
2.541170999750758330e+00
2.541171056288424435e+00
2.541171112829732959e+00
2.541171169374686567e+00
2.541171225923285704e+00
2.541171282475529480e+00
2.541171338960724224e+00
2.541171395520257725e+00
2.541171452012732423e+00
2.541171508508846877e+00
2.541171565008602862e+00
2.541171621511996825e+00
2.541171678019034097e+00
2.541171734458984588e+00
2.541171790973303146e+00
2.541171847420524266e+00
2.541171903871384252e+00
2.541171960325878665e+00
2.541172016713257431e+00
2.541172073175021584e+00
2.541172129569662097e+00
2.541172186038697767e+00
2.541172242440602691e+00
2.541172298846139821e+00
2.541172355255307380e+00
2.541172411597325542e+00
2.541172468013753516e+00
2.541172524363023655e+00
2.541172580715918894e+00
2.541172637072440565e+00
2.541172693432588225e+00
2.541172749796364982e+00
2.541172806163769060e+00
2.541172862463981552e+00
2.541172918767814704e+00
2.541172975075268958e+00
2.541173031386346093e+00
2.541173087701044331e+00
2.541173144019366781e+00
2.541173200270465671e+00
2.541173256596032104e+00
2.541173312854366984e+00
2.541173369116318970e+00
2.541173425381888507e+00
2.541173481651076926e+00
2.541173537853009368e+00
2.541173594129432001e+00
2.541173650338590218e+00
2.541173706551361544e+00
2.541173762767744648e+00
2.541173818987742195e+00
2.541173875211352406e+00
2.541173931367671557e+00
2.541173987598508432e+00
2.541174043762044477e+00
2.541174099929190966e+00
2.541174156099943904e+00
2.541174212203377358e+00
2.541174268381344969e+00
2.541174324562923026e+00
2.541174380677169609e+00
2.541174436795018199e+00
2.541174492916471905e+00
2.541174549041528952e+00
2.541174605170190670e+00
2.541174661231492493e+00
2.541174717367361779e+00
2.541174773435862289e+00
2.541174829507962585e+00
2.541174885583661336e+00
2.541174941662961206e+00
2.541174997674866542e+00
2.541175053761363767e+00
2.541175109780458907e+00
2.541175165803148062e+00
2.541175221829433006e+00
2.541175277859311521e+00
2.541175333892785382e+00
2.541175389858831846e+00
2.541175445899494623e+00
2.541175501872721565e+00
2.541175557849538080e+00
2.541175613829943281e+00
2.541175669813940718e+00
2.541175725801528618e+00
2.541175781721651816e+00
2.541175837716420638e+00
2.541175893643716766e+00
2.541175949574597581e+00
2.541176005509063973e+00
2.541176061376036799e+00
2.541176117317672123e+00
2.541176173262895688e+00
2.541176229140614140e+00
2.541176285021912395e+00
2.541176340906791342e+00
2.541176396795252312e+00
2.541176452687294862e+00
2.541176508511803878e+00
2.541176564411007810e+00
2.541176620242670658e+00
2.541176676077909757e+00
2.541176731916724663e+00
2.541176787759117151e+00
2.541176843533943241e+00
2.541176899383487786e+00
2.541176955165458384e+00
2.541177010950999460e+00
2.541177066740111901e+00
2.541177122532796595e+00
2.541177178329054875e+00
2.541177234128885409e+00
2.541177289861110911e+00
2.541177345596902004e+00
2.541177401336258690e+00
2.541177457079183633e+00
2.541177512825675500e+00
2.541177568575736068e+00
2.541177624329365781e+00
2.541177680015353602e+00
2.541177735704902574e+00
2.541177791398014474e+00
2.541177847094688413e+00
2.541177902794926169e+00
2.541177958498727740e+00
2.541178014134855001e+00
2.541178069845782428e+00
2.541178125489027106e+00
2.541178181135830716e+00
2.541178236786191036e+00
2.541178292368849956e+00
2.541178348026326361e+00
2.541178403616091153e+00
2.541178459280683199e+00
2.541178514877558303e+00
2.541178570477986121e+00
2.541178626081967984e+00
2.541178681618209811e+00
2.541178737229298434e+00
2.541178792772639472e+00
2.541178848390835299e+00
2.541178903941276435e+00
2.541178959495266731e+00
2.541179015052806633e+00
2.541179070542571861e+00
2.541179126107208752e+00
2.541179181604062531e+00
2.541179237104459254e+00
2.541179292608400253e+00
2.541179348115886860e+00
2.541179403626918187e+00
2.541179459141495123e+00
2.541179514588256971e+00
2.541179570038556879e+00
2.541179625563767974e+00
2.541179681021151104e+00
2.541179736482074070e+00
2.541179791875153526e+00
2.541179847343154830e+00
2.541179902743304186e+00
2.541179958218387824e+00
2.541180013625610634e+00
2.541180069036367506e+00
2.541180124379250671e+00
2.541180179797075667e+00
2.541180235218440053e+00
2.541180290571914746e+00
2.541180345928919948e+00
2.541180401289455659e+00
2.541180456653520991e+00
2.541180512021119497e+00
2.541180567392248069e+00
2.541180622695457636e+00
2.541180678073649890e+00
2.541180733383913370e+00
2.541180788697702475e+00
2.541180844015017648e+00
2.541180899335860666e+00
2.541180954588750929e+00
2.541181009916645639e+00
2.541181065176579601e+00
2.541181120440033858e+00
2.541181175707010631e+00
2.541181230977509031e+00
2.541181286251529503e+00
2.541181341457561693e+00
2.541181396738624976e+00
2.541181451951692871e+00
2.541181507168275733e+00
2.541181562388376225e+00
2.541181617611993460e+00
2.541181672839130101e+00
2.541181727998240714e+00
2.541181783232411284e+00
2.541181838398550497e+00
2.541181893568197570e+00
2.541181948741359609e+00
2.541182003918033949e+00
2.541182059098223256e+00
2.541182114210349674e+00
2.541182169397564472e+00
2.541182224516709276e+00
2.541182279639360608e+00
2.541182334765520690e+00
2.541182389895188187e+00
2.541182444956764375e+00
2.541182500093448926e+00
2.541182555162029733e+00
2.541182610234113959e+00
2.541182665309702493e+00
2.541182720388794003e+00
2.541182775471388933e+00
2.541182830557489503e+00
2.541182885575455686e+00
2.541182940596919515e+00
2.541182995693530344e+00
2.541183050721993908e+00
2.541183105682299548e+00
2.541183160717758849e+00
2.541183215756719349e+00
2.541183270727507715e+00
2.541183325773466173e+00
2.541183380751245835e+00
2.541183435732520035e+00
2.541183490717288773e+00
2.541183545633858287e+00
2.541183600625612993e+00
2.541183655549163145e+00
2.541183710547908703e+00
2.541183765478439494e+00
2.541183820412459049e+00
2.541183875349969146e+00
2.541183930219244935e+00
2.541183985163733894e+00
2.541184040039979664e+00
2.541184094919708869e+00
2.541184149874667675e+00
2.541184204689622028e+00
2.541184259579807314e+00
2.541184314473478256e+00
2.541184369370636631e+00
2.541184424199515401e+00
2.541184479031874055e+00
2.541184533867712592e+00
2.541184588707032344e+00
2.541184643549831534e+00
2.541184698396114605e+00
2.541184753174084765e+00
2.541184808027328934e+00
2.541184862812253531e+00
2.541184917600653570e+00
2.541184972392528607e+00
2.541185027187881751e+00
2.541185081914889565e+00
2.541185136717192705e+00
2.541185191451145187e+00
2.541185246188566893e+00
2.541185300929459157e+00
2.541185355673824198e+00
2.541185410421662016e+00
2.541185465172972169e+00
2.541185519855897468e+00
2.541185574614151843e+00
2.541185629304012039e+00
2.541185683997340128e+00
2.541185738694134777e+00
2.541185793322517039e+00
2.541185848026243477e+00
2.541185902733438251e+00
2.541185957372209536e+00
2.541186012014442941e+00
2.541186066660136245e+00
2.541186121309293888e+00
2.541186175961914095e+00
2.541186230546080616e+00
2.541186285205625062e+00
2.541186339796708271e+00
2.541186394391247827e+00
2.541186448989245950e+00
2.541186503590701307e+00
2.541186558195615675e+00
2.541186612803989942e+00
2.541186667343869665e+00
2.541186721887201294e+00
2.541186776505949041e+00
2.541186831056191142e+00
2.541186885537912943e+00
2.541186940095058411e+00
2.541186994655658449e+00
2.541187049147727972e+00
2.541187103715234930e+00
2.541187158214204711e+00
2.541187212716622845e+00
2.541187267222489332e+00
2.541187321659796439e+00
2.541187376172559631e+00
2.541187430616754561e+00
2.541187485136416235e+00
2.541187539587501654e+00
2.541187594042031872e+00
2.541187648500006446e+00
2.541187702889384781e+00
2.541187757354246735e+00
2.541187811750503123e+00
2.541187866222254677e+00
2.541187920625394003e+00
2.541187975031973245e+00
2.541188029441991958e+00
2.541188083855451474e+00
2.541188138200275226e+00
2.541188192620613240e+00
2.541188246972307496e+00
2.541188301327436783e+00
2.541188355686000655e+00
2.541188410048000001e+00
2.541188464413434822e+00
2.541188518710197464e+00
2.541188573082502344e+00
2.541188627386127941e+00
2.541188681693181906e+00
2.541188736003666460e+00
2.541188790317582047e+00
2.541188844634929556e+00
2.541188898883566694e+00
2.541188953207775825e+00
2.541189007463267036e+00
2.541189061722182618e+00
2.541189115984524793e+00
2.541189170250293117e+00
2.541189224519488921e+00
2.541189278792112205e+00
2.541189332995986039e+00
2.541189387203279360e+00
2.541189441413993944e+00
2.541189495700319156e+00
2.541189549845686013e+00
2.541189604066665275e+00
2.541189658291068021e+00
2.541189712446683124e+00
2.541189766677931061e+00
2.541189820840383362e+00
2.541189875006252485e+00
2.541189929175539319e+00
2.541189983276010089e+00
2.541190037452128347e+00
2.541190091559424324e+00
2.541190145742377560e+00
2.541190199856498744e+00
2.541190253974033197e+00
2.541190308094980921e+00
2.541190362219341914e+00
2.541190416274847763e+00
2.541190470406030855e+00
2.541190524468352585e+00
2.541190578534080480e+00
2.541190632603216315e+00
2.541190686675759647e+00
2.541190740751712696e+00
2.541190794831074129e+00
2.541190848841540006e+00
2.541190902855407163e+00
2.541190956944991974e+00
2.541191010965668795e+00
2.541191064989749560e+00
2.541191118944905902e+00
2.541191172975791002e+00
2.541191227010080489e+00
2.541191280975435340e+00
2.541191334944187474e+00
2.541191388916336891e+00
2.541191442891884922e+00
2.541191496870833788e+00
2.541191550853183045e+00
2.541191604766562584e+00
2.541191658755708627e+00
2.541191712675877401e+00
2.541191766599440793e+00
2.541191820526397915e+00
2.541191874456749655e+00
2.541191928318101034e+00
2.541191982255240234e+00
2.541192036123369746e+00
2.541192090067299070e+00
2.541192143942210713e+00
2.541192197820512533e+00
2.541192251629780685e+00
2.541192305514857530e+00
2.541192359403327217e+00
2.541192413222750801e+00
2.541192467045557457e+00
2.541192520944196787e+00
2.541192574773777579e+00
2.541192628534289177e+00
2.541192682370637002e+00
2.541192736210372782e+00
2.541192789981025602e+00
2.541192843755057496e+00
2.541192897604947376e+00
2.541192951385743637e+00
2.541193005097434732e+00
2.541193058884988254e+00
2.541193112675924848e+00
2.541193166397742953e+00
2.541193220195442137e+00
2.541193273924013507e+00
2.541193327655960399e+00
2.541193381391283257e+00
2.541193435057460093e+00
2.541193488799533107e+00
2.541193542472452105e+00
2.541193596221277495e+00
2.541193649900939988e+00
2.541193703583974006e+00
2.541193757270379106e+00
2.541193810960155730e+00
2.541193864580746364e+00
2.541193918277266484e+00
2.541193971904589066e+00
2.541194025607851348e+00
2.541194079241911208e+00
2.541194132879338596e+00
2.541194186447544912e+00
2.541194240091703360e+00
2.541194293739229781e+00
2.541194347317524027e+00
2.541194400899179584e+00
2.541194454484196896e+00
2.541194508072575964e+00
2.541194561664317675e+00
2.541194615259422918e+00
2.541194668785263566e+00
2.541194722387093208e+00
2.541194775919649373e+00
2.541194829455563742e+00
2.541194882994835424e+00
2.541194936537464866e+00
2.541194990083452954e+00
2.541195043632801021e+00
2.541195097112843637e+00
2.541195150596236463e+00
2.541195204082982162e+00
2.541195257573081623e+00
2.541195311066533957e+00
2.541195364563340497e+00
2.541195418063500355e+00
2.541195471494320568e+00
2.541195525001187505e+00
2.541195578438705027e+00
2.541195631879571426e+00
2.541195685323785369e+00
2.541195738771349966e+00
2.541195792149539834e+00
2.541195845603798631e+00
2.541195898988676038e+00
2.541195952376896550e+00
2.541196005841203309e+00
2.541196059236114912e+00
2.541196112561620257e+00
2.541196165963218512e+00
2.541196219368161202e+00
2.541196272703685199e+00
2.541196326042548304e+00
2.541196379384749626e+00
2.541196432730288279e+00
2.541196486079170036e+00
2.541196539431390011e+00
2.541196592786952202e+00
2.541196646073058396e+00
2.541196699362497036e+00
2.541196752728077435e+00
2.541196806024189847e+00
2.541196859323636037e+00
2.541196912553600473e+00
2.541196965859715551e+00
2.541197019096339549e+00
2.541197072409123514e+00
2.541197125652409294e+00
2.541197178899023967e+00
2.541197232148969753e+00
2.541197285402245765e+00
2.541197338658853777e+00
2.541197391845933407e+00
2.541197445109201425e+00
2.541197498302933955e+00
2.541197551499991381e+00
2.541197604700374590e+00
2.541197657904083140e+00
2.541197711111118807e+00
2.541197764248589230e+00
2.541197817462276465e+00
2.541197870606389575e+00
2.541197923753823584e+00
2.541197976904579381e+00
2.541198030058655633e+00
2.541198083216052783e+00
2.541198136303849608e+00
2.541198189467889890e+00
2.541198242562319631e+00
2.541198295660065831e+00
2.541198348761126713e+00
2.541198401865505829e+00
2.541198454973202292e+00
2.541198508084215213e+00
2.541198561125586508e+00
2.541198614243233678e+00
2.541198667291229896e+00
2.541198720342538131e+00
2.541198773397158384e+00
2.541198826455091542e+00
2.541198879516336273e+00
2.541198932507902963e+00
2.541198985575772618e+00
2.541199038573954905e+00
2.541199091575442992e+00
2.541199144580239100e+00
2.541199197588342784e+00
2.541199250599755821e+00
2.541199303614476435e+00
2.541199356559478595e+00
2.541199409580815249e+00
2.541199462532423681e+00
2.541199515487335248e+00
2.541199568445550394e+00
2.541199621407067788e+00
2.541199674298832534e+00
2.541199727266954866e+00
2.541199780165316113e+00
2.541199833140046493e+00
2.541199886045008238e+00
2.541199938953266457e+00
2.541199991864825147e+00
2.541200044706592998e+00
2.541200097624747301e+00
2.541200150473101438e+00
2.541200203397853130e+00
2.541200256252798884e+00
2.541200309111038447e+00
2.541200361972570487e+00
2.541200414837398114e+00
2.541200467632396709e+00
2.541200520503810178e+00
2.541200573305385735e+00
2.541200626183389044e+00
2.541200678991547335e+00
2.541200731802993218e+00
2.541200784617730246e+00
2.541200837362599607e+00
2.541200890183913152e+00
2.541200942935351925e+00
2.541200995763245096e+00
2.541201048521255501e+00
2.541201101282549502e+00
2.541201154047129762e+00
2.541201206814995395e+00
2.541201259512952948e+00
2.541201312287387548e+00
2.541201364991906075e+00
2.541201417699703757e+00
2.541201470410780594e+00
2.541201523125137030e+00
2.541201575842776617e+00
2.541201628563696246e+00
2.541201681287898140e+00
2.541201733942147545e+00
2.541201786599671220e+00
2.541201839260470052e+00
2.541201891924543155e+00
2.541201944591893636e+00
2.541201997262519718e+00
2.541202049936423180e+00
2.541202102540338625e+00
2.541202155220793735e+00
2.541202207831252391e+00
2.541202260444982208e+00
2.541202313061982299e+00
2.541202365682253550e+00
2.541202418232504368e+00
2.541202470859317053e+00
2.541202523416101755e+00
2.541202576049456319e+00
2.541202628612775349e+00
2.541202681179359768e+00
2.541202733749211795e+00
2.541202786322331875e+00
2.541202838825388000e+00
2.541202891405040631e+00
2.541202943914619539e+00
2.541202996427463390e+00
2.541203048943565967e+00
2.541203101462930825e+00
2.541203153985558849e+00
2.541203206511451373e+00
2.541203258967239975e+00
2.541203311499654838e+00
2.541203363961959560e+00
2.541203416427520789e+00
2.541203468896338524e+00
2.541203521368414986e+00
2.541203573843748842e+00
2.541203626322341869e+00
2.541203678730791005e+00
2.541203731142491762e+00
2.541203783630856528e+00
2.541203836049064524e+00
2.541203888470528138e+00
2.541203940895241153e+00
2.541203993249780968e+00
2.541204045681000778e+00
2.541204098042036730e+00
2.541204150479763335e+00
2.541204202847296756e+00
2.541204255218079133e+00
2.541204307592109135e+00
2.541204359895927301e+00
2.541204412276452107e+00
2.541204464660227202e+00
2.541204516973778027e+00
2.541204569290570703e+00
2.541204621610606562e+00
2.541204673933886493e+00
2.541204726260410496e+00
2.541204778590179902e+00
2.541204830849690399e+00
2.541204883185946173e+00
2.541204935451937263e+00
2.541204987721165764e+00
2.541205039993631676e+00
2.541205092269338550e+00
2.541205144548285499e+00
2.541205196830472968e+00
2.541205249042361558e+00
2.541205301331026956e+00
2.541205353549385482e+00
2.541205405770979198e+00
2.541205457995806327e+00
2.541205510223869979e+00
2.541205562455168820e+00
2.541205614616130148e+00
2.541205666853897149e+00
2.541205719021321308e+00
2.541205771191973106e+00
2.541205823365856542e+00
2.541205875542968062e+00
2.541205927723311220e+00
2.541205979906886014e+00
2.541206032020084660e+00
2.541206084210118732e+00
2.541206136329768661e+00
2.541206188452643566e+00
2.541206240578743891e+00
2.541206292708070524e+00
2.541206344840623466e+00
2.541206396976403603e+00
2.541206449041765403e+00
2.541206501110348182e+00
2.541206553255803247e+00
2.541206605330829760e+00
2.541206657409077696e+00
2.541206709490545723e+00
2.541206761501564770e+00
2.541206813589473423e+00
2.541206865606925547e+00
2.541206917701276158e+00
2.541206969725163134e+00
2.541207021752264872e+00
2.541207073782584480e+00
2.541207125816119738e+00
2.541207177779164716e+00
2.541207229819132607e+00
2.541207281788602668e+00
2.541207333835003190e+00
2.541207385810898334e+00
2.541207437790005130e+00
2.541207489772324024e+00
2.541207541684115334e+00
2.541207593672856646e+00
2.541207645664809611e+00
2.541207697586226555e+00
2.541207749510846270e+00
2.541207801438673641e+00
2.541207853369710001e+00
2.541207905303953130e+00
2.541207957241404358e+00
2.541208009108284038e+00
2.541208061052149692e+00
2.541208112925435803e+00
2.541208164801922464e+00
2.541208216681612342e+00
2.541208268564504991e+00
2.541208320450600855e+00
2.541208372339900823e+00
2.541208424158587498e+00
2.541208476054293897e+00
2.541208527879377677e+00
2.541208579707659343e+00
2.541208631539139784e+00
2.541208683373817223e+00
2.541208735211695213e+00
2.541208787052771978e+00
2.541208838823195482e+00
2.541208890596811099e+00
2.541208942447481078e+00
2.541208994227485363e+00
2.541209046010684869e+00
2.541209097797077376e+00
2.541209149512782428e+00
2.541209201305560939e+00
2.541209253027644444e+00
2.541209304826811177e+00
2.541209356555274024e+00
2.541209408286924543e+00
2.541209460021767175e+00
2.541209511759797923e+00
2.541209563501017676e+00
2.541209615171506897e+00
2.541209666919105992e+00
2.541209718595965228e+00
2.541209770276007696e+00
2.541209821959234727e+00
2.541209873645647210e+00
2.541209925335244701e+00
2.541209976954073024e+00
2.541210028650040087e+00
2.541210080275227767e+00
2.541210131977561293e+00
2.541210183609113216e+00
2.541210235243843485e+00
2.541210286881754321e+00
2.541210338448859574e+00
2.541210390093127991e+00
2.541210441740578752e+00
2.541210493317213714e+00
2.541210544897019918e+00
2.541210596480004913e+00
2.541210648066161593e+00
2.541210699655494398e+00
2.541210751248004662e+00
2.541210802843691940e+00
2.541210854368524785e+00
2.541210905896527095e+00
2.541210957501740975e+00
2.541211009036087987e+00
2.541211060573605351e+00
2.541211112040238973e+00
2.541211163584096155e+00
2.541211215131125911e+00
2.541211266607259933e+00
2.541211318160630839e+00
2.541211369643099349e+00
2.541211421128734660e+00
2.541211472617535883e+00
2.541211524109503905e+00
2.541211575530543332e+00
2.541211627028843179e+00
2.541211678456205547e+00
2.541211729886729387e+00
2.541211781394528302e+00
2.541211832831378636e+00
2.541211884271389998e+00
2.541211935640437236e+00
2.541211987086770652e+00
2.541212038536269091e+00
2.541212089914789640e+00
2.541212141296464999e+00
2.541212192681297388e+00
2.541212244069288140e+00
2.541212295460434145e+00
2.541212346854740289e+00
2.541212398252203908e+00
2.541212449578654553e+00
2.541212500982430900e+00
2.541212552315188500e+00
2.541212603651097801e+00
2.541212654990158359e+00
2.541212706332372395e+00
2.541212757677740797e+00
2.541212808952057589e+00
2.541212860303730725e+00
2.541212911584342038e+00
2.541212962868103276e+00
2.541213014155011329e+00
2.541213065445066643e+00
2.541213116738272326e+00
2.541213168034625713e+00
2.541213219334128581e+00
2.541213270562536763e+00
2.541213321794085545e+00
2.541213373103033302e+00
2.541213424340871718e+00
2.541213475581855619e+00
2.541213526825982338e+00
2.541213577998979289e+00
2.541213629249392092e+00
2.541213680428668020e+00
2.541213731685368238e+00
2.541213782870923144e+00
2.541213834059616872e+00
2.541213885251449867e+00
2.541213936446423016e+00
2.541213987570225985e+00
2.541214038771475003e+00
2.541214089901546735e+00
2.541214141109072955e+00
2.541214192245416115e+00
2.541214243384891436e+00
2.541214294527502027e+00
2.541214345673248332e+00
2.541214396822130350e+00
2.541214447899796003e+00
2.541214499054947673e+00
2.541214550138873207e+00
2.541214601225928682e+00
2.541214652316115874e+00
2.541214703409431674e+00
2.541214754505877416e+00
2.541214805531072152e+00
2.541214856633775554e+00
2.541214907665221290e+00
2.541214958774186350e+00
2.541215009811884862e+00
2.541215060852706209e+00
2.541215111896655721e+00
2.541215162943731176e+00
2.541215213919511218e+00
2.541215264972834120e+00
2.541215315954858056e+00
2.541215367014433291e+00
2.541215418002700677e+00
2.541215468994086901e+00
2.541215519988594629e+00
2.541215570986224748e+00
2.541215621912520817e+00
2.541215672916390389e+00
2.541215723848918806e+00
2.541215774859031384e+00
2.541215825797793926e+00
2.541215876739672641e+00
2.541215927684669307e+00
2.541215978558292399e+00
2.541216029509517860e+00
2.541216080463862159e+00
2.541216131346822227e+00
2.541216182232891363e+00
2.541216233196585073e+00
2.541216284088881672e+00
2.541216334984291780e+00
2.541216385808290124e+00
2.541216436709920590e+00
2.541216487614664565e+00
2.541216538447984341e+00
2.541216589284411409e+00
2.541216640123943105e+00
2.541216690966582537e+00
2.541216741812328372e+00
2.541216792661182389e+00
2.541216843513146806e+00
2.541216894293647943e+00
2.541216945151824724e+00
2.541216995938532897e+00
2.541217046728342588e+00
2.541217097521254686e+00
2.541217148317270969e+00
2.541217199116387881e+00
2.541217249918610310e+00
2.541217300649329935e+00
2.541217351457757623e+00
2.541217402194675401e+00
2.541217452934690257e+00
2.541217503677801304e+00
2.541217554424011649e+00
2.541217605173321736e+00
2.541217655925729346e+00
2.541217706606594628e+00
2.541217757365199503e+00
2.541217808052252281e+00
2.541217858742398139e+00
2.541217909435637079e+00
2.541217960131970877e+00
2.541218010831396867e+00
2.541218061459244559e+00
2.541218112164857157e+00
2.541218162798880797e+00
2.541218213510681778e+00
2.541218264150885808e+00
2.541218314794177591e+00
2.541218365440559790e+00
2.541218416090031074e+00
2.541218466667882758e+00
2.541218517323530435e+00
2.541218567982268972e+00
2.541218618569375032e+00
2.541218669159565291e+00
2.541218719752838417e+00
2.541218770349195744e+00
2.541218820948639490e+00
2.541218871551168768e+00
2.541218922082031373e+00
2.541218972690725941e+00
2.541219023227749396e+00
2.541219073767851278e+00
2.541219124311031585e+00
2.541219174857292096e+00
2.541219225406633253e+00
2.541219275959054613e+00
2.541219326439770221e+00
2.541219376998349766e+00
2.541219427485216009e+00
2.541219477975155350e+00
2.541219528468170896e+00
2.541219578964260428e+00
2.541219629463424390e+00
2.541219679965668554e+00
2.541219730470986704e+00
2.541219780904553360e+00
2.541219831341189117e+00
2.541219881855733220e+00
2.541219932298512507e+00
2.541219982744362671e+00
2.541220033193282823e+00
2.541220083570419952e+00
2.541220134025480970e+00
2.541220184483613753e+00
2.541220234869952410e+00
2.541220285259352618e+00
2.541220335651818374e+00
2.541220386047350566e+00
2.541220436445950970e+00
2.541220486847616478e+00
2.541220537252350198e+00
2.541220587585248936e+00
2.541220637996115528e+00
2.541220688335139144e+00
2.541220738677223867e+00
2.541220789022370141e+00
2.541220839370577966e+00
2.541220889721847787e+00
2.541220940001246653e+00
2.541220990358638243e+00
2.541221040644150442e+00
2.541221091007667354e+00
2.541221141299296438e+00
2.541221191593981299e+00
2.541221241891723270e+00
2.541221292192524572e+00
2.541221342421413176e+00
2.541221392728324702e+00
2.541221442963319088e+00
2.541221493276347054e+00
2.541221543517446335e+00
2.541221593761597397e+00
2.541221644008801128e+00
2.541221694259058417e+00
2.541221744437361707e+00
2.541221794693722114e+00
2.541221844878120972e+00
2.541221895140587161e+00
2.541221945331082921e+00
2.541221995524626465e+00
2.541222045721217349e+00
2.541222095920857349e+00
2.541222146123546466e+00
2.541222196254236287e+00
2.541222246463020085e+00
2.541222296599797481e+00
2.541222346739616889e+00
2.541222396882476975e+00
2.541222447028383513e+00
2.541222497177332063e+00
2.541222547329324843e+00
2.541222597484363188e+00
2.541222647567356496e+00
2.541222697728481528e+00
2.541222747817554861e+00
2.541222797909664877e+00
2.541222848004814239e+00
2.541222898103002947e+00
2.541222948204231002e+00
2.541222998233378050e+00
2.541223048340681245e+00
2.541223098375897216e+00
2.541223148489280437e+00
2.541223198530565774e+00
2.541223248574884686e+00
2.541223298622238058e+00
2.541223348672627225e+00
2.541223398650892751e+00
2.541223448707349064e+00
2.541223498766841615e+00
2.541223548754198536e+00
2.541223598744585921e+00
2.541223648738001106e+00
2.541223698734445868e+00
2.541223748733922427e+00
2.541223798736427675e+00
2.541223848666766205e+00
2.541223898675331938e+00
2.541223948611720296e+00
2.541223998626346514e+00
2.541224048568787808e+00
2.541224098514256013e+00
2.541224148462748023e+00
2.541224198339036899e+00
2.541224248293576959e+00
2.541224298251143932e+00
2.541224348136494005e+00
2.541224398024862996e+00
2.541224447916255791e+00
2.541224497810664396e+00
2.541224547708096360e+00
2.541224597608548130e+00
2.541224647512023704e+00
2.541224697343242411e+00
2.541224747252756266e+00
2.541224797090010146e+00
2.541224846930278503e+00
2.541224896848855330e+00
2.541224946619860425e+00
2.541224996469176656e+00
2.541225046321510472e+00
2.541225096176859655e+00
2.541225145959912446e+00
2.541225195821295468e+00
2.541225245610371886e+00
2.541225295402458784e+00
2.541225345197558827e+00
2.541225394995667575e+00
2.541225444796789468e+00
2.541225494525575890e+00
2.541225544332720521e+00
2.541225594067520355e+00
2.541225643805324452e+00
2.541225693621504078e+00
2.541225743365327361e+00
2.541225793112156683e+00
2.541225842786611899e+00
2.541225892539453746e+00
2.541225942295302520e+00
2.541225991978767418e+00
2.541226041740632269e+00
2.541226091430101697e+00
2.541226141122574056e+00
2.541226190818047570e+00
2.541226240516525792e+00
2.541226290142585498e+00
2.541226339847065141e+00
2.541226389554550380e+00
2.541226439189604669e+00
2.541226488827654784e+00
2.541226538468703389e+00
2.541226588112747375e+00
2.541226637759791629e+00
2.541226687409832152e+00
2.541226737062874719e+00
2.541226786643447699e+00
2.541226836302484582e+00
2.541226885889044773e+00
2.541226935478597682e+00
2.541226985071143307e+00
2.541227034666681206e+00
2.541227084265215375e+00
2.541227133866740928e+00
2.541227183395760036e+00
2.541227233003273689e+00
2.541227282538269350e+00
2.541227332151771545e+00
2.541227381692745979e+00
2.541227431236710466e+00
2.541227480783664117e+00
2.541227530258071798e+00
2.541227579811000670e+00
2.541227629291373358e+00
2.541227678850279670e+00
2.541227728336624914e+00
2.541227777825950440e+00
2.541227827318261578e+00
2.541227876813556108e+00
2.541227926311835805e+00
2.541227975813100670e+00
2.541228025241769828e+00
2.541228074749001919e+00
2.541228124183632531e+00
2.541228173696834514e+00
2.541228223137426578e+00
2.541228272580996261e+00
2.541228322027546671e+00
2.541228371401464514e+00
2.541228420853971048e+00
2.541228470233837911e+00
2.541228519692304122e+00
2.541228569078123556e+00
2.541228618466915279e+00
2.541228667858681955e+00
2.541228717253422698e+00
2.541228766651140614e+00
2.541228816051833483e+00
2.541228865379845381e+00
2.541228914786488602e+00
2.541228964120441969e+00
2.541229013457364072e+00
2.541229062872934374e+00
2.541229112215801056e+00
2.541229161485952570e+00
2.541229210834756280e+00
2.541229260186534944e+00
2.541229309465585562e+00
2.541229358823303475e+00
2.541229408108284016e+00
2.541229457396231961e+00
2.541229506687144646e+00
2.541229555981022514e+00
2.541229605277869119e+00
2.541229654577681796e+00
2.541229703804725570e+00
2.541229753110470391e+00
2.541229802343437427e+00
2.541229851579364762e+00
2.541229900818253284e+00
2.541229950060102993e+00
2.541229999304912557e+00
2.541230048552686860e+00
2.541230097803423238e+00
2.541230146981346305e+00
2.541230196238005057e+00
2.541230245421840728e+00
2.541230294608634033e+00
2.541230343798384972e+00
2.541230392991089992e+00
2.541230442186753091e+00
2.541230491385372936e+00
2.541230540511140390e+00
2.541230589715675503e+00
2.541230638847345347e+00
2.541230687981966163e+00
2.541230737195373734e+00
2.541230786335904934e+00
2.541230835403545552e+00
2.541230884549975588e+00
2.541230933699361927e+00
2.541230982775845249e+00
2.541231031931135753e+00
2.541231081013514803e+00
2.541231130098843494e+00
2.541231179187118272e+00
2.541231228278340026e+00
2.541231277372509645e+00
2.541231326469629792e+00
2.541231375569697803e+00
2.541231424596821054e+00
2.541231473702785237e+00
2.541231522735793558e+00
2.541231571771748410e+00
2.541231620810642688e+00
2.541231669852480834e+00
2.541231718897264624e+00
2.541231767869062352e+00
2.541231816919729880e+00
2.541231865897406905e+00
2.541231914953961279e+00
2.541231963937515825e+00
2.541232012924009354e+00
2.541232061913440532e+00
2.541232110905810693e+00
2.541232159901120724e+00
2.541232208823402061e+00
2.541232257824588281e+00
2.541232306752737813e+00
2.541232355759801553e+00
2.541232404693821056e+00
2.541232453630774213e+00
2.541232502570661911e+00
2.541232551513483262e+00
2.541232600383235507e+00
2.541232649331924165e+00
2.541232698207533947e+00
2.541232747162090355e+00
2.541232796043562114e+00
2.541232844927960421e+00
2.541232893815288829e+00
2.541232942705547782e+00
2.541232991598734614e+00
2.541233040494854656e+00
2.541233089317854077e+00
2.541233138219832099e+00
2.541233187048683284e+00
2.541233235880457020e+00
2.541233284715155971e+00
2.541233333552778806e+00
2.541233382393327300e+00
2.541233431236801010e+00
2.541233480083203489e+00
2.541233528856439605e+00
2.541233577632592056e+00
2.541233626487766628e+00
2.541233675269765513e+00
2.541233724054682508e+00
2.541233772842520278e+00
2.541233821633279266e+00
2.541233870350835922e+00
2.541233919147433351e+00
2.541233967946953776e+00
2.541234016673259433e+00
2.541234065402478759e+00
2.541234114134614419e+00
2.541234162869666857e+00
2.541234211607632520e+00
2.541234260348516738e+00
2.541234309092317289e+00
2.541234357762866214e+00
2.541234406512498545e+00
2.541234455188870811e+00
2.541234503868151862e+00
2.541234552626532306e+00
2.541234601311641583e+00
2.541234649923463707e+00
2.541234698614392773e+00
2.541234747308233288e+00
2.541234795928776879e+00
2.541234844628439404e+00
2.541234893254796567e+00
2.541234941884060738e+00
2.541234990516228365e+00
2.541235039151305219e+00
2.541235087789287306e+00
2.541235136430179065e+00
2.541235185073978720e+00
2.541235233644435709e+00
2.541235282294048048e+00
2.541235330870310616e+00
2.541235379449473974e+00
2.541235428031539456e+00
2.541235476616506617e+00
2.541235525204376344e+00
2.541235573795150415e+00
2.541235622312538744e+00
2.541235670909116617e+00
2.541235719432301643e+00
2.541235767958383018e+00
2.541235816487360299e+00
2.541235865019237039e+00
2.541235913554009684e+00
2.541235962091681344e+00
2.541236010632251130e+00
2.541236059099392541e+00
2.541236107645757691e+00
2.541236156118685585e+00
2.541236204670846988e+00
2.541236253149563140e+00
2.541236301631172978e+00
2.541236350115675169e+00
2.541236398526709461e+00
2.541236447016996358e+00
2.541236495510178717e+00
2.541236543929879854e+00
2.541236592352469792e+00
2.541236640854329210e+00
2.541236689282697636e+00
2.541236737713955307e+00
2.541236786148100890e+00
2.541236834508734610e+00
2.541236882948655129e+00
2.541236931391467557e+00
2.541236979760754799e+00
2.541237028132924181e+00
2.541237076507975701e+00
2.541237124962340221e+00
2.541237173343164901e+00
2.541237221650435529e+00
2.541237270037024487e+00
2.541237318426497804e+00
2.541237366742407300e+00
2.541237415137648892e+00
2.541237463459317336e+00
2.541237511783864811e+00
2.541237560111290872e+00
2.541237608441594187e+00
2.541237656774780085e+00
2.541237705110845013e+00
2.541237753373303931e+00
2.541237801715127365e+00
2.541237849983335018e+00
2.541237898330918288e+00
2.541237946604878672e+00
2.541237994881712758e+00
2.541238043161421434e+00
2.541238091444006031e+00
2.541238139652942873e+00
2.541238187941275317e+00
2.541238236155951125e+00
2.541238284450034079e+00
2.541238332670450628e+00
2.541238380893738658e+00
2.541238429119893727e+00
2.541238477348922942e+00
2.541238525580822305e+00
2.541238573815590485e+00
2.541238621976661172e+00
2.541238670217171869e+00
2.541238718383976192e+00
2.541238766553641337e+00
2.541238814802764256e+00
2.541238862978165258e+00
2.541238911156434188e+00
2.541238959260966546e+00
2.541239007444966447e+00
2.541239055631828947e+00
2.541239103744945993e+00
2.541239151860922529e+00
2.541239200056382153e+00
2.541239248178084331e+00
2.541239296302646000e+00
2.541239344430068048e+00
2.541239392560353583e+00
2.541239440616854584e+00
2.541239488752860876e+00
2.541239536815074196e+00
2.541239584956802133e+00
2.541239633024728661e+00
2.541239681095512015e+00
2.541239729169153083e+00
2.541239777245647868e+00
2.541239825325002144e+00
2.541239873330526589e+00
2.541239921415591851e+00
2.541239969503515717e+00
2.541240017517597316e+00
2.541240065534529080e+00
2.541240113554313673e+00
2.541240161576948431e+00
2.541240209602436462e+00
2.541240257630776878e+00
2.541240305661970122e+00
2.541240353619285131e+00
2.541240401656181369e+00
2.541240449619191377e+00
2.541240497585045777e+00
2.541240545553749008e+00
2.541240593525298408e+00
2.541240641499694863e+00
2.541240689476940151e+00
2.541240737457035159e+00
2.541240785363202193e+00
2.541240833348991757e+00
2.541240881260846241e+00
2.541240929175542451e+00
2.541240977169873627e+00
2.541241025090260841e+00
2.541241072936687218e+00
2.541241120862755221e+00
2.541241168791667615e+00
2.541241216723425289e+00
2.541241264581208359e+00
2.541241312441823386e+00
2.541241360382108461e+00
2.541241408248406941e+00
2.541241456117541819e+00
2.541241503989516204e+00
2.541241551787482678e+00
2.541241599665130746e+00
2.541241647545618321e+00
2.541241695352087326e+00
2.541241743238250805e+00
2.541241791050389054e+00
2.541241838865357483e+00
2.541241886683162754e+00
2.541241934503799982e+00
2.541241982327271387e+00
2.541242030076685587e+00
2.541242077905821795e+00
2.541242125660894136e+00
2.541242173495700918e+00
2.541242221256430955e+00
2.541242269019989397e+00
2.541242316786380240e+00
2.541242364555597710e+00
2.541242412327646250e+00
2.541242460102524969e+00
2.541242507803294970e+00
2.541242555583831830e+00
2.541242603290251090e+00
2.541242650999494757e+00
2.541242698788519494e+00
2.541242746503415528e+00
2.541242794144169981e+00
2.541242841864712609e+00
2.541242889588080534e+00
2.541242937314274197e+00
2.541242984966310292e+00
2.541243032698154991e+00
2.541243080355831463e+00
2.541243128016328789e+00
2.541243175679646527e+00
2.541243223345783342e+00
2.541243271014741012e+00
2.541243318686519537e+00
2.541243366284098748e+00
2.541243413961516762e+00
2.541243461564728356e+00
2.541243509170753700e+00
2.541243556779593238e+00
2.541243604468292450e+00
2.541243652082767923e+00
2.541243699623005892e+00
2.541243747243109308e+00
2.541243794866029138e+00
2.541243842414701248e+00
2.541243890043251685e+00
2.541243937597546854e+00
2.541243985154650886e+00
2.541244032714565115e+00
2.541244080277291761e+00
2.541244127842829048e+00
2.541244175411177864e+00
2.541244222905237660e+00
2.541244270479207756e+00
2.541244317978877731e+00
2.541244365558471774e+00
2.541244413063759033e+00
2.541244460571852493e+00
2.541244508082749043e+00
2.541244555596453125e+00
2.541244603112967848e+00
2.541244650555144258e+00
2.541244698077268271e+00
2.541244745525046866e+00
2.541244793052786832e+00
2.541244840506172054e+00
2.541244887962358145e+00
2.541244935421347328e+00
2.541244982883138270e+00
2.541245030347732303e+00
2.541245077737944058e+00
2.541245125208138056e+00
2.541245172681136921e+00
2.541245220079743738e+00
2.541245267481145653e+00
2.541245314885343998e+00
2.541245362292338328e+00
2.541245409702131752e+00
2.541245457114722939e+00
2.541245504530113664e+00
2.541245551871070596e+00
2.541245599292055957e+00
2.541245646638597755e+00
2.541245694065176419e+00
2.541245741417309745e+00
2.541245788772232839e+00
2.541245836129949254e+00
2.541245883490460766e+00
2.541245930776497630e+00
2.541245978142590900e+00
2.541246025434204636e+00
2.541246072805883216e+00
2.541246120103073380e+00
2.541246167403050649e+00
2.541246214705815909e+00
2.541246262011369605e+00
2.541246309319711294e+00
2.541246356630842751e+00
2.541246403944763088e+00
2.541246451184156374e+00
2.541246498503653140e+00
2.541246545748615748e+00
2.541246592996360576e+00
2.541246640246888067e+00
2.541246687500198220e+00
2.541246734756292813e+00
2.541246782015173178e+00
2.541246829276835761e+00
2.541246876463929549e+00
2.541246923731160123e+00
2.541246970923810800e+00
2.541247018119239698e+00
2.541247065317445930e+00
2.541247112595812041e+00
2.541247159722194837e+00
2.541247206928740621e+00
2.541247254138064626e+00
2.541247301350171295e+00
2.541247348487653657e+00
2.541247395627911576e+00
2.541247442848352023e+00
2.541247489994158393e+00
2.541247537142739876e+00
2.541247584294095141e+00
2.541247631448226407e+00
2.541247678605132787e+00
2.541247725687375336e+00
2.541247772849830611e+00
2.541247819937612284e+00
2.541247867028163299e+00
2.541247914198940805e+00
2.541247961295034496e+00
2.541248008393898417e+00
2.541248055495532121e+00
2.541248102522460250e+00
2.541248149629631303e+00
2.541248196739574805e+00
2.541248243774800741e+00
2.541248290890284700e+00
2.541248337931042656e+00
2.541248384974564622e+00
2.541248432020852377e+00
2.541248479069904587e+00
2.541248526121723916e+00
2.541248573098789265e+00
2.541248620156137061e+00
2.541248667216252866e+00
2.541248714201603587e+00
2.541248761189709438e+00
2.541248808180577967e+00
2.541248855174205623e+00
2.541248902170594182e+00
2.541248949169746751e+00
2.541248996171658447e+00
2.541249043176332378e+00
2.541249090106198150e+00
2.541249137116393886e+00
2.541249184051773469e+00
2.541249230989907293e+00
2.541249277930796246e+00
2.541249324874442550e+00
2.541249371820845759e+00
2.541249418770004542e+00
2.541249465721922007e+00
2.541249512598984683e+00
2.541249559556413740e+00
2.541249606438979569e+00
2.541249653324296087e+00
2.541249700289994973e+00
2.541249747180819085e+00
2.541249794074394330e+00
2.541249840893076595e+00
2.541249887792152773e+00
2.541249934693981416e+00
2.541249981520905088e+00
2.541250028428238661e+00
2.541250075260658825e+00
2.541250122095824793e+00
2.541250168933737452e+00
2.541250215774399024e+00
2.541250262617804623e+00
2.541250309463960022e+00
2.541250356312864334e+00
2.541250403086819265e+00
2.541250449941215628e+00
2.541250496720654617e+00
2.541250543502835413e+00
2.541250590287758016e+00
2.541250637075423313e+00
2.541250683865830862e+00
2.541250730658981105e+00
2.541250777454875820e+00
2.541250824175774081e+00
2.541250870977153742e+00
2.541250917703528955e+00
2.541250964510394894e+00
2.541251011242246172e+00
2.541251057976836591e+00
2.541251104714165265e+00
2.541251151454232637e+00
2.541251198197037375e+00
2.541251244864802583e+00
2.541251291613083385e+00
2.541251338286313555e+00
2.541251385040070865e+00
2.541251431718770881e+00
2.541251478400202934e+00
2.541251525084367913e+00
2.541251571771267148e+00
2.541251618460899753e+00
2.541251665153267947e+00
2.541251711770543764e+00
2.541251758468377808e+00
2.541251805091111038e+00
2.541251851716572308e+00
2.541251898422607347e+00
2.541251945053529582e+00
2.541251991687181189e+00
2.541252038245702671e+00
2.541252084884807694e+00
2.541252131526645197e+00
2.541252178093340142e+00
2.541252224740635057e+00
2.541252271312776756e+00
2.541252317965530416e+00
2.541252364543125974e+00
2.541252411123445132e+00
2.541252457706487888e+00
2.541252504214353003e+00
2.541252550802843402e+00
2.541252597394059620e+00
2.541252643910083542e+00
2.541252690506748291e+00
2.541252737028213637e+00
2.541252783552396810e+00
2.541252830079300029e+00
2.541252876608922850e+00
2.541252923141266162e+00
2.541252969676329077e+00
2.541253016214114258e+00
2.541253062676662733e+00
2.541253109219886230e+00
2.541253155687864584e+00
2.541253202158557656e+00
2.541253248709941737e+00
2.541253295186068240e+00
2.541253341664910348e+00
2.541253388068476227e+00
2.541253434552746437e+00
2.541253481039734474e+00
2.541253527451430294e+00
2.541253573943847766e+00
2.541253620360968135e+00
2.541253666780799225e+00
2.541253713203341036e+00
2.541253759628593567e+00
2.541253806056554154e+00
2.541253852487228571e+00
2.541253898920614596e+00
2.541253945278667103e+00
2.541253991717474126e+00
2.541254038080938749e+00
2.541254084525168988e+00
2.541254130894047503e+00
2.541254177265634517e+00
2.541254223639925591e+00
2.541254270016923833e+00
2.541254316318547701e+00
2.541254362700955394e+00
2.541254409086072918e+00
2.541254455395802303e+00
2.541254501708231306e+00
2.541254548101465893e+00
2.541254594419301238e+00
2.541254640739837090e+00
2.541254687063076112e+00
2.541254733389015197e+00
2.541254779639530614e+00
2.541254825970874265e+00
2.541254872226782258e+00
2.541254918563527809e+00
2.541254964824831042e+00
2.541255011088830784e+00
2.541255057355526592e+00
2.541255103624919798e+00
2.541255149897010401e+00
2.541255196171799291e+00
2.541255242449285578e+00
2.541255288651293576e+00
2.541255334934173771e+00
2.541255381141566350e+00
2.541255427429843117e+00
2.541255473642623386e+00
2.541255519858096168e+00
2.541255566076261019e+00
2.541255612297117938e+00
2.541255658442455712e+00
2.541255704668696325e+00
2.541255750897630783e+00
2.541255797051033660e+00
2.541255843207121501e+00
2.541255889444133942e+00
2.541255935605601035e+00
2.541255981769753092e+00
2.541256027936597661e+00
2.541256074106128526e+00
2.541256120200088287e+00
2.541256166374992631e+00
2.541256212552588600e+00
2.541256258654599698e+00
2.541256304759293538e+00
2.541256350944952391e+00
2.541256397055015714e+00
2.541256443167760448e+00
2.541256489283191478e+00
2.541256535323005217e+00
2.541256581443799512e+00
2.541256627567277881e+00
2.541256673615128747e+00
2.541256719743976156e+00
2.541256765797183625e+00
2.541256811853072506e+00
2.541256857911637024e+00
2.541256903972880288e+00
2.541256950036804962e+00
2.541256996103407051e+00
2.541257042172690550e+00
2.541257088166299027e+00
2.541257134240939575e+00
2.541257180239896662e+00
2.541257226241528944e+00
2.541257272245830645e+00
2.541257318252807096e+00
2.541257364262459184e+00
2.541257410274785133e+00
2.541257456289787164e+00
2.541257502307464833e+00
2.541257548249416853e+00
2.541257594272443132e+00
2.541257640219736214e+00
2.541257686169697383e+00
2.541257732122326640e+00
2.541257778156051028e+00
2.541257824035596080e+00
2.541257869996235819e+00
2.541257915959544533e+00
2.541257961925527109e+00
2.541258007815733411e+00
2.541258053787054827e+00
2.541258099682592420e+00
2.541258145580794547e+00
2.541258191481660766e+00
2.541258237385190633e+00
2.541258283291388587e+00
2.541258329200251076e+00
2.541258375111780321e+00
2.541258420947487995e+00
2.541258466864346310e+00
2.541258512705374617e+00
2.541258558627564224e+00
2.541258604473917160e+00
2.541258650322928414e+00
2.541258696174600651e+00
2.541258742028934758e+00
2.541258787885929848e+00
2.541258833745587697e+00
2.541258879529372461e+00
2.541258925394349610e+00
2.541258971183447457e+00
2.541259016975199625e+00
2.541259062848159722e+00
2.541259108645226306e+00
2.541259154444950319e+00
2.541259200247330874e+00
2.541259245973797043e+00
2.541259291781487129e+00
2.541259337591834200e+00
2.541259383326257559e+00
2.541259429063328579e+00
2.541259474881643499e+00
2.541259520624019608e+00
2.541259566369048706e+00
2.541259612116729016e+00
2.541259657867059651e+00
2.541259703620044164e+00
2.541259749297060555e+00
2.541259795055347492e+00
2.541259840737655651e+00
2.541259886501245457e+00
2.541259932188850712e+00
2.541259977879101406e+00
2.541260023571999760e+00
2.541260069267543997e+00
2.541260114965736783e+00
2.541260160666575896e+00
2.541260206370065333e+00
2.541260251997532471e+00
2.541260297706314120e+00
2.541260343339067695e+00
2.541260388974460049e+00
2.541260434691184233e+00
2.541260480331865246e+00
2.541260525975188589e+00
2.541260571542454105e+00
2.541260617191059890e+00
2.541260662842308893e+00
2.541260708417487191e+00
2.541260754074021300e+00
2.541260799654473157e+00
2.541260845316295924e+00
2.541260890902027114e+00
2.541260936490398414e+00
2.541260982081404496e+00
2.541261027675051132e+00
2.541261073192583542e+00
2.541261118791502405e+00
2.541261164393062266e+00
2.541261209918495911e+00
2.541261255446560341e+00
2.541261301056031652e+00
2.541261346589366532e+00
2.541261392125333529e+00
2.541261437663932643e+00
2.541261483205167426e+00
2.541261528749036103e+00
2.541261574216736818e+00
2.541261619765871060e+00
2.541261665238828460e+00
2.541261710793229600e+00
2.541261756271446792e+00
2.541261801752292104e+00
2.541261847235765092e+00
2.541261892721865756e+00
2.541261938210597648e+00
2.541261983701957661e+00
2.541262029117101306e+00
2.541262074613719779e+00
2.541262120034110339e+00
2.541262165535985496e+00
2.541262210961626078e+00
2.541262256389890339e+00
2.541262301820779168e+00
2.541262347254290344e+00
2.541262392690430527e+00
2.541262438129190393e+00
2.541262483491684598e+00
2.541262528935696707e+00
2.541262574303427613e+00
2.541262619752685747e+00
2.541262665125660014e+00
2.541262710501252187e+00
2.541262755879463153e+00
2.541262801260296467e+00
2.541262846643747686e+00
2.541262892029819032e+00
2.541262937418513612e+00
2.541262982730884801e+00
2.541263028124816525e+00
2.541263073442419529e+00
2.541263118762635109e+00
2.541263164164425437e+00
2.541263209489874164e+00
2.541263254817938577e+00
2.541263300069641851e+00
2.541263345402932305e+00
2.541263390738840222e+00
2.541263435998375453e+00
2.541263481339512964e+00
2.541263526604268908e+00
2.541263571950637790e+00
2.541263617220617999e+00
2.541263662493206787e+00
2.541263707768407265e+00
2.541263753046218987e+00
2.541263798326641510e+00
2.541263843530645161e+00
2.541263888816287508e+00
2.541263934025502991e+00
2.541263979316366051e+00
2.541264024530795584e+00
2.541264069747828369e+00
2.541264114967468402e+00
2.541264160189712573e+00
2.541264205414563548e+00
2.541264250642022660e+00
2.541264295872088574e+00
2.541264341025679663e+00
2.541264386260956964e+00
2.541264431419752334e+00
2.541264476660242355e+00
2.541264521824242451e+00
2.541264566990843576e+00
2.541264612160046177e+00
2.541264657331852028e+00
2.541264702506256690e+00
2.541264747604143004e+00
2.541264792783752391e+00
2.541264837886832328e+00
2.541264883071642444e+00
2.541264928179918670e+00
2.541264973290788820e+00
2.541265018483405136e+00
2.541265063599473351e+00
2.541265108638980585e+00
2.541265153760239315e+00
2.541265198884095966e+00
2.541265244010550983e+00
2.541265289060428145e+00
2.541265334192076786e+00
2.541265379247139578e+00
2.541265424304793186e+00
2.541265469365039387e+00
2.541265514427877292e+00
2.541265559493306903e+00
2.541265604561329994e+00
2.541265649631946566e+00
2.541265694705156619e+00
2.541265739701738191e+00
2.541265784780132542e+00
2.541265829781892194e+00
2.541265874786236889e+00
2.541265919793169736e+00
2.541265964802689403e+00
2.541266009814796334e+00
2.541266054829492305e+00
2.541266099846775539e+00
2.541266144866649590e+00
2.541266189809844978e+00
2.541266234834893556e+00
2.541266279783258142e+00
2.541266324813481692e+00
2.541266369767012812e+00
2.541266414723125422e+00
2.541266459681823076e+00
2.541266504643103552e+00
2.541266549527664509e+00
2.541266594494110187e+00
2.541266639463138688e+00
2.541266684355436567e+00
2.541266729329632046e+00
2.541266774227087577e+00
2.541266819127121046e+00
2.541266864029732453e+00
2.541266908934922686e+00
2.541266953842691301e+00
2.541266998753038742e+00
2.541267043665967229e+00
2.541267088502117133e+00
2.541267133420201496e+00
2.541267178261499282e+00
2.541267223184741297e+00
2.541267268031188742e+00
2.541267312880211016e+00
2.541267357731805010e+00
2.541267402585973834e+00
2.541267447442719707e+00
2.541267492302036857e+00
2.541267537084527905e+00
2.541267581948993826e+00
2.541267626736622987e+00
2.541267671606238121e+00
2.541267716399008059e+00
2.541267761194346164e+00
2.541267805992253770e+00
2.541267850792731320e+00
2.541267895595778370e+00
2.541267940401397585e+00
2.541267985209584523e+00
2.541268029940888518e+00
2.541268074754217121e+00
2.541268119490652566e+00
2.541268164229652626e+00
2.541268209050687510e+00
2.541268253794820353e+00
2.541268298541516479e+00
2.541268343290779441e+00
2.541268387963116382e+00
2.541268432717507686e+00
2.541268477474463605e+00
2.541268522154482845e+00
2.541268566916569771e+00
2.541268611601709804e+00
2.541268656289410455e+00
2.541268700979670392e+00
2.541268745672489615e+00
2.541268790367870789e+00
2.541268835065812581e+00
2.541268879766315436e+00
2.541268924469379797e+00
2.541268969095457742e+00
2.541269013803643340e+00
2.541269058434832306e+00
2.541269103068577451e+00
2.541269147704876552e+00
2.541269192423303291e+00
2.541269237064718300e+00
2.541269281629108256e+00
2.541269326275632068e+00
2.541269370924711613e+00
2.541269415576350443e+00
2.541269460150946902e+00
2.541269504728092432e+00
2.541269549387396687e+00
2.541269593969647467e+00
2.541269638554448207e+00
2.541269683141800684e+00
2.541269727731704453e+00
2.541269772324159071e+00
2.541269816919167646e+00
2.541269861437088107e+00
2.541269906037197046e+00
2.541269950560210766e+00
2.541269995165424067e+00
2.541270039693531491e+00
2.541270084224186654e+00
2.541270128757387781e+00
2.541270173293134427e+00
2.541270217831430145e+00
2.541270262372273159e+00
2.541270306835976989e+00
2.541270351381911041e+00
2.541270395850698804e+00
2.541270440401728781e+00
2.541270484875600921e+00
2.541270529352015917e+00
2.541270573830972879e+00
2.541270618312470919e+00
2.541270662796512703e+00
2.541270707283095120e+00
2.541270751772223058e+00
2.541270796263892962e+00
2.541270840678367726e+00
2.541270885095377352e+00
2.541270929594673600e+00
2.541270974016760054e+00
2.541271018441384033e+00
2.541271062868545094e+00
2.541271107298242349e+00
2.541271151730478461e+00
2.541271196165254320e+00
2.541271240602569037e+00
2.541271284962636212e+00
2.541271329405025092e+00
2.541271373770157993e+00
2.541271418137823090e+00
2.541271462587825880e+00
2.541271506960560700e+00
2.541271551335827272e+00
2.541271595713628262e+00
2.541271640014139077e+00
2.541271684397003128e+00
2.541271728782402484e+00
2.541271773090499231e+00
2.541271817480963424e+00
2.541271861794119236e+00
2.541271906109801026e+00
2.541271950428011905e+00
2.541271994828608882e+00
2.541272039072016042e+00
2.541272083397811521e+00
2.541272127726136087e+00
2.541272172056992407e+00
2.541272216310494603e+00
2.541272260646405545e+00
2.541272304904958368e+00
2.541272349245927487e+00
2.541272393509528715e+00
2.541272437775654147e+00
2.541272482044302450e+00
2.541272526315474956e+00
2.541272570589170776e+00
2.541272614785472062e+00
2.541272659064214068e+00
2.541272703345484274e+00
2.541272747549342625e+00
2.541272791755718963e+00
2.541272836044559114e+00
2.541272880255977196e+00
2.541272924469914596e+00
2.541272968686369982e+00
2.541273012905345130e+00
2.541273057126842261e+00
2.541273101270884904e+00
2.541273145497419339e+00
2.541273189646490849e+00
2.541273233878063920e+00
2.541273278032166516e+00
2.541273322188783546e+00
2.541273366347914564e+00
2.541273410509561348e+00
2.541273454673720789e+00
2.541273498840396883e+00
2.541273543009588742e+00
2.541273587181297700e+00
2.541273631275494882e+00
2.541273675452231817e+00
2.541273719551450316e+00
2.541273763653177031e+00
2.541273807837460375e+00
2.541273851944211071e+00
2.541273896053470427e+00
2.541273940165242884e+00
2.541273984199461822e+00
2.541274028316251155e+00
2.541274072435552256e+00
2.541274116477287404e+00
2.541274160601609378e+00
2.541274204648357404e+00
2.541274248697610538e+00
2.541274292749367447e+00
2.541274336883731166e+00
2.541274380860397919e+00
2.541274424919671482e+00
2.541274468981454149e+00
2.541274513045741923e+00
2.541274557032414005e+00
2.541274601101713326e+00
2.541274645093388074e+00
2.541274689167701162e+00
2.541274733164378574e+00
2.541274777163558873e+00
2.541274821165239839e+00
2.541274865169420138e+00
2.541274909176104657e+00
2.541274953185289842e+00
2.541274997116809153e+00
2.541275041130996115e+00
2.541275085067509210e+00
2.541275129086698392e+00
2.541275173028204826e+00
2.541275216972207929e+00
2.541275260918705037e+00
2.541275304867701035e+00
2.541275348819191038e+00
2.541275392773181707e+00
2.541275436729668158e+00
2.541275480608433668e+00
2.541275524569913458e+00
2.541275568453662981e+00
2.541275612420136554e+00
2.541275656308872755e+00
2.541275700200098075e+00
2.541275744093816513e+00
2.541275787990027624e+00
2.541275831888730075e+00
2.541275875789925642e+00
2.541275919693614771e+00
2.541275963519528336e+00
2.541276007428201034e+00
2.541276051259088398e+00
2.541276095092463549e+00
2.541276139008612489e+00
2.541276182846963216e+00
2.541276226687803508e+00
2.541276270531130255e+00
2.541276314376945678e+00
2.541276358144938907e+00
2.541276401995725465e+00
2.541276445849002918e+00
2.541276489624443968e+00
2.541276533482697886e+00
2.541276577263106962e+00
2.541276621045997608e+00
2.541276664831372045e+00
2.541276708619228053e+00
2.541276752409567408e+00
2.541276796202390109e+00
2.541276839997697490e+00
2.541276883795489550e+00
2.541276927515396800e+00
2.541276971318153333e+00
2.541277015043016174e+00
2.541277058770357478e+00
2.541277102500174578e+00
2.541277146312864055e+00
2.541277190047642964e+00
2.541277233704499761e+00
2.541277277444228044e+00
2.541277321186441895e+00
2.541277364931133764e+00
2.541277408597885312e+00
2.541277452347533661e+00
2.541277496019233695e+00
2.541277539693405974e+00
2.541277583450490152e+00
2.541277627129612693e+00
2.541277670811210587e+00
2.541277714495281614e+00
2.541277758101371020e+00
2.541277801790387425e+00
2.541277845481879183e+00
2.541277889095376885e+00
2.541277932791816685e+00
2.541277976410252215e+00
2.541278020031158658e+00
2.541278063735020964e+00
2.541278107360866567e+00
2.541278150989182194e+00
2.541278194539467350e+00
2.541278238172718140e+00
2.541278281808440731e+00
2.541278325446632458e+00
2.541278369006775950e+00
2.541278412649906393e+00
2.541278456214980608e+00
2.541278499782517741e+00
2.541278543352520458e+00
2.541278586924986094e+00
2.541278630499916424e+00
2.541278674077312338e+00
2.541278717657172947e+00
2.541278761239502693e+00
2.541278804743729580e+00
2.541278848330985163e+00
2.541278891840133003e+00
2.541278935432320196e+00
2.541278978946391209e+00
2.541279022462919812e+00
2.541279065981909557e+00
2.541279109503360445e+00
2.541279153027270254e+00
2.541279196553641651e+00
2.541279240082475077e+00
2.541279283533153688e+00
2.541279327066906291e+00
2.541279370522497416e+00
2.541279413980541690e+00
2.541279457521675056e+00
2.541279500984632733e+00
2.541279544450046224e+00
2.541279587917915528e+00
2.541279631388241089e+00
2.541279674780366982e+00
2.541279718255601061e+00
2.541279761733291398e+00
2.541279805132771408e+00
2.541279848615375148e+00
2.541279892019757458e+00
2.541279935426588921e+00
2.541279978835869979e+00
2.541280022247603299e+00
2.541280065661787546e+00
2.541280109078423166e+00
2.541280152497510603e+00
2.541280195919050744e+00
2.541280239262326823e+00
2.541280282688768821e+00
2.541280326036937876e+00
2.541280369468283062e+00
2.541280412821347312e+00
2.541280456176857605e+00
2.541280499534814830e+00
2.541280542895218986e+00
2.541280586258067409e+00
2.541280629623364984e+00
2.541280672910349647e+00
2.541280716280537533e+00
2.541280759653175902e+00
2.541280802947486706e+00
2.541280846244239555e+00
2.541280889624216943e+00
2.541280932925855218e+00
2.541280976229934208e+00
2.541281019536456576e+00
2.541281062845421435e+00
2.541281106076021423e+00
2.541281149389867267e+00
2.541281192706156933e+00
2.541281235944069294e+00
2.541281279265243054e+00
2.541281322508031515e+00
2.541281365753256249e+00
2.541281409000918146e+00
2.541281452251015427e+00
2.541281495503552090e+00
2.541281538758525471e+00
2.541281582015937790e+00
2.541281625275787714e+00
2.541281668457211484e+00
2.541281711721935288e+00
2.541281754908224944e+00
2.541281798177824847e+00
2.541281841368982608e+00
2.541281884562569982e+00
2.541281927758590520e+00
2.541281970957044223e+00
2.541282014157930647e+00
2.541282057361251123e+00
2.541282100567006097e+00
2.541282143694278961e+00
2.541282186904898932e+00
2.541282230037027023e+00
2.541282273171582951e+00
2.541282316389499751e+00
2.541282359528914903e+00
2.541282402670756557e+00
2.541282445815027824e+00
2.541282488961726926e+00
2.541282532110855197e+00
2.541282575181451620e+00
2.541282618335436005e+00
2.541282661491849115e+00
2.541282704569716167e+00
2.541282747650006613e+00
2.541282790813703674e+00
2.541282833898844906e+00
2.541282876986408645e+00
2.541282920076394891e+00
2.541282963168805864e+00
2.541283006263641120e+00
2.541283049279889461e+00
2.541283092379570618e+00
2.541283135481677391e+00
2.541283178505183926e+00
2.541283221612138821e+00
2.541283264640485484e+00
2.541283307671251102e+00
2.541283350704434341e+00
2.541283393740036534e+00
2.541283436778058569e+00
2.541283479818499558e+00
2.541283522861360389e+00
2.541283565825576574e+00
2.541283608873276201e+00
2.541283651842319635e+00
2.541283694894857614e+00
2.541283737868732739e+00
2.541283780845021045e+00
2.541283823823723420e+00
2.541283866804840308e+00
2.541283909788371709e+00
2.541283952774318955e+00
2.541283995762680714e+00
2.541284038753459207e+00
2.541284081665532213e+00
2.541284124661139288e+00
2.541284167578032438e+00
2.541284210578469871e+00
2.541284253500184498e+00
2.541284296424310085e+00
2.541284339350843524e+00
2.541284382279789256e+00
2.541284425211143727e+00
2.541284468144908715e+00
2.541284510999919810e+00
2.541284553938504498e+00
2.541284596798324635e+00
2.541284639741729023e+00
2.541284682606361756e+00
2.541284725554588952e+00
2.541284768424034279e+00
2.541284811295884793e+00
2.541284854170140939e+00
2.541284897046802715e+00
2.541284939844659085e+00
2.541284982726129460e+00
2.541285025610006798e+00
2.541285068415065407e+00
2.541285111303754007e+00
2.541285154113614997e+00
2.541285196925876289e+00
2.541285239821781339e+00
2.541285282638847676e+00
2.541285325458314759e+00
2.541285368280179924e+00
2.541285411104450720e+00
2.541285453849855269e+00
2.541285496678924005e+00
2.541285539510396596e+00
2.541285582262990950e+00
2.541285625017978944e+00
2.541285667856652886e+00
2.541285710616436599e+00
2.541285753378616619e+00
2.541285796143190723e+00
2.541285838910162909e+00
2.541285881679531844e+00
2.541285924451297529e+00
2.541285967144140123e+00
2.541286009920695754e+00
2.541286052699653020e+00
2.541286095399672540e+00
2.541286138102081260e+00
2.541286180888226554e+00
2.541286223595421667e+00
2.541286266305008645e+00
2.541286309016987488e+00
2.541286351731359083e+00
2.541286394448123431e+00
2.541286437085907401e+00
2.541286479807452814e+00
2.541286522450010743e+00
2.541286565176340773e+00
2.541286607823673105e+00
2.541286650554787752e+00
2.541286693206897151e+00
2.541286735861395307e+00
2.541286778518277334e+00
2.541286821177549893e+00
2.541286863839211208e+00
2.541286906421835301e+00
2.541286949088267022e+00
2.541286991757088831e+00
2.541287034346863205e+00
2.541287076939018785e+00
2.541287119615000201e+00
2.541287162211921746e+00
2.541287204811228495e+00
2.541287247412915118e+00
2.541287290016983391e+00
2.541287332623438644e+00
2.541287375232275103e+00
2.541287417843494545e+00
2.541287460375619922e+00
2.541287502991604441e+00
2.541287545528484682e+00
2.541287588149236498e+00
2.541287630690875154e+00
2.541287673234890576e+00
2.541287715781284096e+00
2.541287758330054825e+00
2.541287800881203651e+00
2.541287843434732352e+00
2.541287885990640483e+00
2.541287928467395929e+00
2.541287971028058479e+00
2.541288013509561239e+00
2.541288056074981760e+00
2.541288098561232722e+00
2.541288141049856009e+00
2.541288183540852508e+00
2.541288226034223108e+00
2.541288268529966032e+00
2.541288311028083946e+00
2.541288353528576849e+00
2.541288396031443408e+00
2.541288438455099996e+00
2.541288480962714313e+00
2.541288523391108445e+00
2.541288565903469188e+00
2.541288608336604860e+00
2.541288650772107083e+00
2.541288693209978078e+00
2.541288735650217845e+00
2.541288778092827272e+00
2.541288820537806359e+00
2.541288862903524404e+00
2.541288905353239702e+00
2.541288947805325105e+00
2.541288990178138363e+00
2.541289032634963529e+00
2.541289075012506338e+00
2.541289117392411701e+00
2.541289159774681394e+00
2.541289202159315863e+00
2.541289244546314663e+00
2.541289286935678682e+00
2.541289329327407920e+00
2.541289371721502821e+00
2.541289414036272287e+00
2.541289456435094962e+00
2.541289498754585097e+00
2.541289541076433345e+00
2.541289583482350345e+00
2.541289625808919261e+00
2.541289668137851177e+00
2.541289710469140761e+00
2.541289752802791124e+00
2.541289795138801377e+00
2.541289837395437345e+00
2.541289879736165602e+00
2.541289922079255525e+00
2.541289964342958285e+00
2.541290006690768877e+00
2.541290048959184311e+00
2.541290091229952530e+00
2.541290133503076198e+00
2.541290175778554872e+00
2.541290218056388550e+00
2.541290260336578122e+00
2.541290302619124919e+00
2.541290344904027165e+00
2.541290387109491178e+00
2.541290429399103434e+00
2.541290471609269463e+00
2.541290513903593506e+00
2.541290556118461552e+00
2.541290598335680606e+00
2.541290640555248892e+00
2.541290682777169074e+00
2.541290725001439377e+00
2.541290767228061576e+00
2.541290809457034783e+00
2.541290851606515133e+00
2.541290893840190357e+00
2.541290936076216589e+00
2.541290978232738418e+00
2.541291020391604150e+00
2.541291062634684295e+00
2.541291104798244049e+00
2.541291146964150371e+00
2.541291189132404149e+00
2.541291231303003162e+00
2.541291273394058692e+00
2.541291315569349063e+00
2.541291357746986890e+00
2.541291399845065690e+00
2.541291442027396208e+00
2.541291484130160150e+00
2.541291526317182914e+00
2.541291568424632885e+00
2.541291610534424539e+00
2.541291652646557431e+00
2.541291694761031117e+00
2.541291736877847818e+00
2.541291778997006201e+00
2.541291821036558041e+00
2.541291863160398901e+00
2.541291905204623447e+00
2.541291947333148116e+00
2.541291989382048477e+00
2.541292031433282972e+00
2.541292073568833132e+00
2.541292115624746994e+00
2.541292157682997654e+00
2.541292199743584224e+00
2.541292241806508478e+00
2.541292283789772455e+00
2.541292325857371637e+00
2.541292367927306728e+00
2.541292409917567330e+00
2.541292451910160288e+00
2.541292493987106660e+00
2.541292535984365664e+00
2.541292577983957024e+00
2.541292619985878964e+00
2.541292661990135038e+00
2.541292703996723024e+00
2.541292746005645142e+00
2.541292788016900506e+00
2.541292829948429866e+00
2.541292871964349942e+00
2.541292913900534245e+00
2.541292955921119479e+00
2.541292997861963610e+00
2.541293039805131659e+00
2.541293081832714851e+00
2.541293123780543173e+00
2.541293165730702519e+00
2.541293207601085680e+00
2.541293249555896860e+00
2.541293291513035513e+00
2.541293333472505189e+00
2.541293375352183581e+00
2.541293417316309533e+00
2.541293459200635763e+00
2.541293501087285911e+00
2.541293543058393833e+00
2.541293584949692708e+00
2.541293626843315945e+00
2.541293668739261769e+00
2.541293710637531067e+00
2.541293752455965560e+00
2.541293794358881364e+00
2.541293836264120198e+00
2.541293878089510905e+00
2.541293919999398465e+00
2.541293961829428572e+00
2.541294003661775047e+00
2.541294045496440557e+00
2.541294087415621128e+00
2.541294129254928258e+00
2.541294171096555310e+00
2.541294212858290713e+00
2.541294254704552280e+00
2.541294296553133769e+00
2.541294338321812063e+00
2.541294380175030732e+00
2.541294421948336879e+00
2.541294463806194948e+00
2.541294505584132501e+00
2.541294547364382428e+00
2.541294589146949612e+00
2.541294630931826504e+00
2.541294672719019765e+00
2.541294714508529395e+00
2.541294756300353619e+00
2.541294798012218692e+00
2.541294839808671213e+00
2.541294881607438771e+00
2.541294923326235633e+00
2.541294965047340870e+00
2.541295006853052207e+00
2.541295048578779525e+00
2.541295090306814330e+00
2.541295132037162396e+00
2.541295173769819726e+00
2.541295215504785876e+00
2.541295257159740917e+00
2.541295298899324706e+00
2.541295340641222644e+00
2.541295382303092154e+00
2.541295423967266487e+00
2.541295465716091329e+00
2.541295507384877084e+00
2.541295549055968550e+00
2.541295590729363951e+00
2.541295632405064620e+00
2.541295674083070999e+00
2.541295715763383534e+00
2.541295757446001780e+00
2.541295799048544080e+00
2.541295840735771971e+00
2.541295882425308239e+00
2.541295924034753462e+00
2.541295965646499067e+00
2.541296007260545942e+00
2.541296048959299725e+00
2.541296090577950029e+00
2.541296132198900715e+00
2.541296173822152671e+00
2.541296215365276723e+00
2.541296256993126335e+00
2.541296298623278549e+00
2.541296340173291313e+00
2.541296381808043847e+00
2.541296423362649382e+00
2.541296465002006233e+00
2.541296506561204982e+00
2.541296548122699228e+00
2.541296589686490304e+00
2.541296631252576876e+00
2.541296672820960278e+00
2.541296714391640066e+00
2.541296755882128444e+00
2.541296797457399670e+00
2.541296839034966393e+00
2.541296880532331937e+00
2.541296922114493206e+00
2.541296963616442639e+00
2.541297005120681796e+00
2.541297046627212453e+00
2.541297088136033722e+00
2.541297129647147823e+00
2.541297171160552537e+00
2.541297212676250972e+00
2.541297254194240463e+00
2.541297295631976372e+00
2.541297337154549307e+00
2.541297378679415075e+00
2.541297420124013939e+00
2.541297461570899419e+00
2.541297503102640576e+00
2.541297544554101062e+00
2.541297586007849496e+00
2.541297627463884545e+00
2.541297668922207098e+00
2.541297710300224555e+00
2.541297751763118118e+00
2.541297793228300517e+00
2.541297834613164497e+00
2.541297876082921015e+00
2.541297917472352008e+00
2.541297958946682201e+00
2.541298000340678875e+00
2.541298041736956392e+00
2.541298083135514752e+00
2.541298124536360170e+00
2.541298165939484655e+00
2.541298207344893978e+00
2.541298248752587696e+00
2.541298290079905708e+00
2.541298331492161999e+00
2.541298372824036367e+00
2.541298414240858339e+00
2.541298455577289950e+00
2.541298496915998406e+00
2.541298538339668234e+00
2.541298579682935266e+00
2.541298621028480920e+00
2.541298662376303419e+00
2.541298703643703583e+00
2.541298744996079328e+00
2.541298786350737249e+00
2.541298827624955958e+00
2.541298868984167125e+00
2.541298910262932420e+00
2.541298951626701275e+00
2.541298992910015819e+00
2.541299034195603213e+00
2.541299075483462566e+00
2.541299116773596545e+00
2.541299158066004704e+00
2.541299199360683492e+00
2.541299240657640013e+00
2.541299281956869827e+00
2.541299323175604474e+00
2.541299364479380873e+00
2.541299405702652336e+00
2.541299446928192207e+00
2.541299488238787596e+00
2.541299529468865614e+00
2.541299570701213817e+00
2.541299611935830871e+00
2.541299653172713668e+00
2.541299694411869758e+00
2.541299735653293368e+00
2.541299776814166744e+00
2.541299818060126281e+00
2.541299859225527591e+00
2.541299900476027052e+00
2.541299941645955407e+00
2.541299982900992127e+00
2.541300024075453301e+00
2.541300065252177998e+00
2.541300106431167105e+00
2.541300147612419291e+00
2.541300188795936776e+00
2.541300229981719117e+00
2.541300271086891716e+00
2.541300312277201101e+00
2.541300353469776674e+00
2.541300394581730071e+00
2.541300435695941218e+00
2.541300476895307803e+00
2.541300518014041110e+00
2.541300559135032167e+00
2.541300600258280973e+00
2.541300641383794190e+00
2.541300682511563824e+00
2.541300723641593429e+00
2.541300764773885668e+00
2.541300805825503772e+00
2.541300846962313731e+00
2.541300888018442006e+00
2.541300929159770572e+00
2.541300970220409905e+00
2.541301011283304323e+00
2.541301052348451606e+00
2.541301093498822272e+00
2.541301134568483278e+00
2.541301175557423520e+00
2.541301216631593363e+00
2.541301257708018291e+00
2.541301298786698748e+00
2.541301339784643787e+00
2.541301380867834414e+00
2.541301421870279853e+00
2.541301462957982427e+00
2.541301503964930930e+00
2.541301544974128745e+00
2.541301585985577205e+00
2.541301626999274532e+00
2.541301668015224280e+00
2.541301709033423784e+00
2.541301750053876152e+00
2.541301791076580052e+00
2.541301832018487694e+00
2.541301873045691551e+00
2.541301913992090267e+00
2.541301955023796300e+00
2.541301995974690087e+00
2.541302036927826080e+00
2.541302077883209165e+00
2.541302118840838453e+00
2.541302159800712612e+00
2.541302200762834751e+00
2.541302241727203537e+00
2.541302282693819414e+00
2.541302323579576861e+00
2.541302364550682924e+00
2.541302405440924783e+00
2.541302446416524141e+00
2.541302487311249525e+00
2.541302528208215783e+00
2.541302569190553751e+00
2.541302610092006642e+00
2.541302650995700851e+00
2.541302691901636379e+00
2.541302732726665958e+00
2.541302773637081458e+00
2.541302814549740496e+00
2.541302855381479819e+00
2.541302896298620606e+00
2.541302937134834572e+00
2.541302978056458883e+00
2.541303018897147936e+00
2.541303059740072978e+00
2.541303100585234009e+00
2.541303141432630586e+00
2.541303182282265816e+00
2.541303223134138811e+00
2.541303263988247352e+00
2.541303304844596767e+00
2.541303345619965626e+00
2.541303386480787019e+00
2.541303427260621195e+00
2.541303468125916787e+00
2.541303508910217612e+00
2.541303549696748654e+00
2.541303590485512132e+00
2.541303631276505381e+00
2.541303672069732400e+00
2.541303712865192743e+00
2.541303753662885967e+00
2.541303794462812071e+00
2.541303835264974165e+00
2.541303875986089977e+00
2.541303916792714723e+00
2.541303957518288748e+00
2.541303998246090323e+00
2.541304039059408826e+00
2.541304079791668169e+00
2.541304120526152843e+00
2.541304161262865513e+00
2.541304202001806622e+00
2.541304242742975283e+00
2.541304283486372828e+00
2.541304324148673466e+00
2.541304364896524781e+00
2.541304405646606313e+00
2.541304446315580279e+00
2.541304486986772027e+00
2.541304527743536212e+00
2.541304568419176846e+00
2.541304609097041478e+00
2.541304649777127889e+00
2.541304690459438298e+00
2.541304731143972262e+00
2.541304771830729781e+00
2.541304812519713963e+00
2.541304853127534180e+00
2.541304893820960586e+00
2.541304934433217699e+00
2.541304975131092547e+00
2.541305015747789220e+00
2.541305056366701898e+00
2.541305097071246522e+00
2.541305137694600536e+00
2.541305178320172775e+00
2.541305218947964129e+00
2.541305259577975484e+00
2.541305300126770028e+00
2.541305340761215170e+00
2.541305381397882535e+00
2.541305421953318433e+00
2.541305462594420472e+00
2.541305503154287493e+00
2.541305543716366078e+00
2.541305584364124570e+00
2.541305624930634721e+00
2.541305665499356881e+00
2.541305706070295045e+00
2.541305746643446550e+00
2.541305787218813617e+00
2.541305827712899035e+00
2.541305868292693670e+00
2.541305908874701647e+00
2.541305949375417761e+00
2.541305989961854195e+00
2.541306030466991217e+00
2.541306070974334919e+00
2.541306111483888408e+00
2.541306152079180869e+00
2.541306192593157487e+00
2.541306233109342116e+00
2.541306273544193139e+00
2.541306314064795124e+00
2.541306354587606897e+00
2.541306395112630234e+00
2.541306435556301313e+00
2.541306476085743782e+00
2.541306516533825999e+00
2.541306556984110898e+00
2.541306597520180954e+00
2.541306637974881433e+00
2.541306678431781041e+00
2.541306718890888661e+00
2.541306759352200739e+00
2.541306799815719053e+00
2.541306840281443602e+00
2.541306880665759493e+00
2.541306921135892516e+00
2.541306961524609331e+00
2.541307001999152160e+00
2.541307042392271232e+00
2.541307082871224754e+00
2.541307123268746082e+00
2.541307163668466984e+00
2.541307204070388792e+00
2.541307244474510618e+00
2.541307284880833350e+00
2.541307325289356989e+00
2.541307365616414682e+00
2.541307406029337024e+00
2.541307446444462492e+00
2.541307486778106917e+00
2.541307527197633753e+00
2.541307567535671552e+00
2.541307607875904928e+00
2.541307648218332105e+00
2.541307688646660345e+00
2.541307728993485338e+00
2.541307769342502798e+00
2.541307809693719388e+00
2.541307849963409193e+00
2.541307890319013829e+00
2.541307930676816262e+00
2.541307970953078588e+00
2.541308011315274840e+00
2.541308051595920325e+00
2.541308091962506843e+00
2.541308132247538154e+00
2.541308172534759269e+00
2.541308212824171964e+00
2.541308253115775351e+00
2.541308293409570318e+00
2.541308333705558198e+00
2.541308374003738102e+00
2.541308414220321943e+00
2.541308454522883675e+00
2.541308494827636988e+00
2.541308535050784023e+00
2.541308575276115977e+00
2.541308615587442699e+00
2.541308655817149820e+00
2.541308696049043636e+00
2.541308736283123704e+00
2.541308776519390467e+00
2.541308816757843481e+00
2.541308856998485410e+00
2.541308897241313147e+00
2.541308937402484869e+00
2.541308977649686440e+00
2.541309017899076483e+00
2.541309058066794968e+00
2.541309098236695263e+00
2.541309138492644948e+00
2.541309178666911528e+00
2.541309218843358586e+00
2.541309259021990119e+00
2.541309299202800354e+00
2.541309339385797283e+00
2.541309379570973803e+00
2.541309419758333021e+00
2.541309459863973164e+00
2.541309500055698223e+00
2.541309540249604648e+00
2.541309580361780007e+00
2.541309620476129183e+00
2.541309660676584592e+00
2.541309700795291171e+00
2.541309740916178228e+00
2.541309781039238658e+00
2.541309821164479121e+00
2.541309861291898731e+00
2.541309901421493045e+00
2.541309941469308331e+00
2.541309981603257828e+00
2.541310021739387359e+00
2.541310061793722319e+00
2.541310101934207921e+00
2.541310141992890070e+00
2.541310182053744260e+00
2.541310222200764191e+00
2.541310262265966902e+00
2.541310302333345206e+00
2.541310342402891997e+00
2.541310382474614826e+00
2.541310422464499119e+00
2.541310462540565140e+00
2.541310502618806755e+00
2.541310542615195622e+00
2.541310582697782650e+00
2.541310622698508048e+00
2.541310662785443153e+00
2.541310702790506859e+00
2.541310742797739053e+00
2.541310782807138846e+00
2.541310822818707127e+00
2.541310862832444339e+00
2.541310902848351372e+00
2.541310942866426004e+00
2.541310982886671344e+00
2.541311022825003541e+00
2.541311062849584079e+00
2.541311102792245258e+00
2.541311142821163660e+00
2.541311182768152488e+00
2.541311222717303586e+00
2.541311262752729228e+00
2.541311302706212416e+00
2.541311342661858763e+00
2.541311382619669601e+00
2.541311422579644486e+00
2.541311462457651160e+00
2.541311502421953250e+00
2.541311542388419387e+00
2.541311582272904435e+00
2.541311622243698665e+00
2.541311662132502924e+00
2.541311702107627024e+00
2.541311742000751384e+00
2.541311781896035349e+00
2.541311821793477144e+00
2.541311861693080765e+00
2.541311901594841771e+00
2.541311941498764160e+00
2.541311981404845266e+00
2.541312021313088643e+00
2.541312061139289646e+00
2.541312101051849126e+00
2.541312140882361348e+00
2.541312180799240927e+00
2.541312220634062591e+00
2.541312260471038531e+00
2.541312300394397816e+00
2.541312340235686307e+00
2.541312380079128630e+00
2.541312419924728339e+00
2.541312459772481880e+00
2.541312499538139313e+00
2.541312539390201408e+00
2.541312579244418668e+00
2.541312619016526053e+00
2.541312658875054531e+00
2.541312698651465141e+00
2.541312738514303060e+00
2.541312778295014674e+00
2.541312818077876123e+00
2.541312857862887409e+00
2.541312897650048086e+00
2.541312937439361708e+00
2.541312977230824277e+00
2.541313017024439347e+00
2.541313056820203364e+00
2.541313096533801552e+00
2.541313136333866129e+00
2.541313176051755107e+00
2.541313215856120244e+00
2.541313255578300900e+00
2.541313295386969262e+00
2.541313335113443372e+00
2.541313374842063766e+00
2.541313414572829554e+00
2.541313454305740294e+00
2.541313494040799537e+00
2.541313533778001510e+00
2.541313573432979034e+00
2.541313613174472685e+00
2.541313652918113952e+00
2.541313692579514338e+00
2.541313732327447283e+00
2.541313771993132686e+00
2.541313811660955935e+00
2.541313851330921025e+00
2.541313891087435994e+00
2.541313930761686990e+00
2.541313970438079828e+00
2.541314010116612732e+00
2.541314049712858125e+00
2.541314089395671605e+00
2.541314129080626483e+00
2.541314168683281860e+00
2.541314208372519978e+00
2.541314247979450158e+00
2.541314287672967964e+00
2.541314327284172947e+00
2.541314366897512667e+00
2.541314406597457776e+00
2.541314446215074518e+00
2.541314485834826442e+00
2.541314525456716655e+00
2.541314564996255854e+00
2.541314604622415541e+00
2.541314644250713961e+00
2.541314683796648488e+00
2.541314723429218603e+00
2.541314762979417274e+00
2.541314802616260415e+00
2.541314842170726784e+00
2.541314881727321229e+00
2.541314921370576574e+00
2.541314960931440492e+00
2.541315000494433818e+00
2.541315040059560992e+00
2.541315079626819795e+00
2.541315119111660970e+00
2.541315158683181252e+00
2.541315198256836716e+00
2.541315237748061673e+00
2.541315277325978617e+00
2.541315316821457948e+00
2.541315356319064023e+00
2.541315395903379848e+00
2.541315435405241629e+00
2.541315474909231042e+00
2.541315514415346755e+00
2.541315553923591875e+00
2.541315593433963738e+00
2.541315632946466341e+00
2.541315672376478485e+00
2.541315711893234131e+00
2.541315751412117407e+00
2.541315790848501344e+00
2.541315830371639883e+00
2.541315869812271089e+00
2.541315909255022820e+00
2.541315948699897742e+00
2.541315988231546807e+00
2.541316027680670775e+00
2.541316067131918377e+00
2.541316106585288281e+00
2.541316145956110439e+00
2.541316185413725393e+00
2.541316224873464424e+00
2.541316264250641499e+00
2.541316303714625580e+00
2.541316343096040598e+00
2.541316382564271059e+00
2.541316421949924464e+00
2.541316461337695287e+00
2.541316500727584859e+00
2.541316540204307195e+00
2.541316579598437819e+00
2.541316618994686305e+00
2.541316658308322651e+00
2.541316697708805528e+00
2.541316737111407154e+00
2.541316776431385982e+00
2.541316815838224663e+00
2.541316855247181650e+00
2.541316894573505181e+00
2.541316933901942132e+00
2.541316973317255368e+00
2.541317012649919604e+00
2.541317051984699482e+00
2.541317091321591892e+00
2.541317130660597279e+00
2.541317170001717862e+00
2.541317209344954531e+00
2.541317248605505785e+00
2.541317287952967519e+00
2.541317327217736288e+00
2.541317366569426639e+00
2.541317405838414700e+00
2.541317445194331448e+00
2.541317484467541465e+00
2.541317523742857354e+00
2.541317563020284886e+00
2.541317602384657981e+00
2.541317641666306137e+00
2.541317680865216033e+00
2.541317720151080373e+00
2.541317759439055024e+00
2.541317798729139987e+00
2.541317837936470703e+00
2.541317877230771849e+00
2.541317916442310310e+00
2.541317955740834300e+00
2.541317994956582726e+00
2.541318034174436136e+00
2.541318073394394084e+00
2.541318112701353549e+00
2.541318151925523683e+00
2.541318191151801464e+00
2.541318230295269487e+00
2.541318269525751461e+00
2.541318308758338862e+00
2.541318347993032578e+00
2.541318387144905433e+00
2.541318426383810003e+00
2.541318465539880389e+00
2.541318504698049097e+00
2.541318543943268171e+00
2.541318583105640627e+00
2.541318622270112737e+00
2.541318661436685389e+00
2.541318700605357694e+00
2.541318739776130986e+00
2.541318778949005264e+00
2.541318818123979195e+00
2.541318857216072757e+00
2.541318896395246885e+00
2.541318935491529096e+00
2.541318974674903419e+00
2.541319013775378277e+00
2.541319052962955460e+00
2.541319092067622520e+00
2.541319131174385682e+00
2.541319170283243167e+00
2.541319209394195866e+00
2.541319248507245110e+00
2.541319287622390455e+00
2.541319326739632345e+00
2.541319365858971668e+00
2.541319404895358680e+00
2.541319444018887097e+00
2.541319483059456541e+00
2.541319522187176272e+00
2.541319561231928592e+00
2.541319600278769464e+00
2.541319639412778386e+00
2.541319678463805687e+00
2.541319717516921983e+00
2.541319756572131716e+00
2.541319795629432221e+00
2.541319834688823942e+00
2.541319873665204288e+00
2.541319912728776664e+00
2.541319951794441145e+00
2.541319990777083149e+00
2.541320029846929618e+00
2.541320068833743395e+00
2.541320107822643504e+00
2.541320146898764065e+00
2.541320185891838612e+00
2.541320224887000379e+00
2.541320263884247144e+00
2.541320302883582016e+00
2.541320341885003664e+00
2.541320380888511643e+00
2.541320419808940301e+00
2.541320458816620054e+00
2.541320497826388802e+00
2.541320536753064463e+00
2.541320575767005430e+00
2.541320614697846203e+00
2.541320653630767090e+00
2.541320692650967938e+00
2.541320731588057047e+00
2.541320770527225825e+00
2.541320809468477382e+00
2.541320848411811273e+00
2.541320887357227942e+00
2.541320926219500898e+00
2.541320965169078239e+00
2.541321004120740135e+00
2.541321042989244994e+00
2.541321081945070670e+00
2.541321120817732204e+00
2.541321159777721217e+00
2.541321198654538538e+00
2.541321237533432420e+00
2.541321276414402419e+00
2.541321315297449868e+00
2.541321354182575654e+00
2.541321393069776668e+00
2.541321431959058685e+00
2.541321470850418152e+00
2.541321509658561517e+00
2.541321548554074550e+00
2.541321587451666808e+00
2.541321626266030087e+00
2.541321665082464154e+00
2.541321703986288760e+00
2.541321742806871065e+00
2.541321781629524157e+00
2.541321820454249369e+00
2.541321859281049367e+00
2.541321898109922373e+00
2.541321936940867943e+00
2.541321975773887409e+00
2.541322014608981217e+00
2.541322053446148921e+00
2.541322092200026805e+00
2.541322131041339638e+00
2.541322169799355990e+00
2.541322208559438245e+00
2.541322247406967882e+00
2.541322286171189493e+00
2.541322324937478783e+00
2.541322363705834864e+00
2.541322402476259512e+00
2.541322441248753172e+00
2.541322480023314956e+00
2.541322518799946639e+00
2.541322557578647334e+00
2.541322596273994705e+00
2.541322635056831203e+00
2.541322673756305939e+00
2.541322712543279572e+00
2.541322751246882561e+00
2.541322790037995105e+00
2.541322828745727236e+00
2.541322867455523493e+00
2.541322906167382989e+00
2.541322944881307944e+00
2.541322983597294360e+00
2.541323022315346236e+00
2.541323061035463127e+00
2.541323099672163188e+00
2.541323138396406556e+00
2.541323177122714050e+00
2.541323215765592725e+00
2.541323254410529309e+00
2.541323293143026518e+00
2.541323331792083362e+00
2.541323370443198115e+00
2.541323409096371222e+00
2.541323447751602238e+00
2.541323486408892496e+00
2.541323525068242883e+00
2.541323563729653401e+00
2.541323602393125825e+00
2.541323641058655713e+00
2.541323679640697719e+00
2.541323718310346980e+00
2.541323756896496810e+00
2.541323795570264998e+00
2.541323834160525763e+00
2.541323872752841329e+00
2.541323911432787241e+00
2.541323950029212853e+00
2.541323988627695485e+00
2.541324027228231586e+00
2.541324065830822931e+00
2.541324104435469522e+00
2.541324142956568721e+00
2.541324181565320472e+00
2.541324220176130133e+00
2.541324258703378192e+00
2.541324297318297898e+00
2.541324335849647120e+00
2.541324374383044038e+00
2.541324413004127702e+00
2.541324451541628004e+00
2.541324490081177778e+00
2.541324528622775691e+00
2.541324567166426185e+00
2.541324605712125706e+00
2.541324644259876031e+00
2.541324682809679381e+00
2.541324721275859844e+00
2.541324759829760804e+00
2.541324798300031773e+00
2.541324836858032565e+00
2.541324875332394484e+00
2.541324913894496440e+00
2.541324952372951973e+00
2.541324990853451204e+00
2.541325029335996355e+00
2.541325067820586980e+00
2.541325106307222192e+00
2.541325144795903768e+00
2.541325183286632594e+00
2.541325221779406895e+00
2.541325260274228448e+00
2.541325298685354728e+00
2.541325337184267674e+00
2.541325375599476910e+00
2.541325414102480362e+00
2.541325452521772110e+00
2.541325490943104448e+00
2.541325529366476488e+00
2.541325567877662284e+00
2.541325606305119500e+00
2.541325644734619527e+00
2.541325683080373210e+00
2.541325721513949976e+00
2.541325759949569107e+00
2.541325798387231050e+00
2.541325836741131106e+00
2.541325875182873339e+00
2.541325913540846138e+00
2.541325951986671328e+00
2.541325990348716424e+00
2.541326028712799445e+00
2.541326067164748181e+00
2.541326105532905721e+00
2.541326143903098966e+00
2.541326182275327916e+00
2.541326220649595236e+00
2.541326259025898260e+00
2.541326297318380334e+00
2.541326335698754768e+00
2.541326374081168460e+00
2.541326412379745214e+00
2.541326450766229428e+00
2.541326489068872707e+00
2.541326527373543254e+00
2.541326565766138579e+00
2.541326604074876094e+00
2.541326642385645762e+00
2.541326680698448470e+00
2.541326719013280222e+00
2.541326757330144570e+00
2.541326795649041959e+00
2.541326833969974608e+00
2.541326872207008591e+00
2.541326910532001548e+00
2.541326948859028434e+00
2.541326987102147772e+00
2.541327025347291269e+00
2.541327063680412390e+00
2.541327101929613086e+00
2.541327140180838828e+00
2.541327178434092726e+00
2.541327216689374335e+00
2.541327254946681435e+00
2.541327293206016247e+00
2.541327331467380546e+00
2.541327369730772112e+00
2.541327407996191834e+00
2.541327446177644944e+00
2.541327484447119200e+00
2.541327522718622056e+00
2.541327560906145866e+00
2.541327599095689838e+00
2.541327637373275383e+00
2.541327675566865896e+00
2.541327713762480567e+00
2.541327751960116732e+00
2.541327790159775724e+00
2.541327828361457541e+00
2.541327866565163518e+00
2.541327904770892765e+00
2.541327942892590119e+00
2.541327981102361910e+00
2.541328019314160525e+00
2.541328057441913479e+00
2.541328095657756858e+00
2.541328133789546584e+00
2.541328171923352919e+00
2.541328210145265221e+00
2.541328248283111435e+00
2.541328286422975147e+00
2.541328324564856356e+00
2.541328362708756838e+00
2.541328400854675262e+00
2.541328438916498289e+00
2.541328477066451708e+00
2.541328515218424844e+00
2.541328553372416810e+00
2.541328591442296503e+00
2.541328629600324795e+00
2.541328667674233266e+00
2.541328705750152572e+00
2.541328743828084491e+00
2.541328781994184105e+00
2.541328820076147021e+00
2.541328858160124327e+00
2.541328896246113356e+00
2.541328934334117662e+00
2.541328972424135912e+00
2.541329010429985047e+00
2.541329048524027634e+00
2.541329086620087718e+00
2.541329124631964920e+00
2.541329162732051117e+00
2.541329200747948214e+00
2.541329238765850818e+00
2.541329276871977072e+00
2.541329314893901348e+00
2.541329352917833795e+00
2.541329390943775302e+00
2.541329428971725868e+00
2.541329467001685494e+00
2.541329505033655511e+00
2.541329543067634145e+00
2.541329581017373496e+00
2.541329619055368916e+00
2.541329657095376948e+00
2.541329695051129711e+00
2.541329733095156751e+00
2.541329771054917863e+00
2.541329809016684038e+00
2.541329846980453944e+00
2.541329885032515890e+00
2.541329923000298141e+00
2.541329960970085455e+00
2.541329998941875612e+00
2.541330036915672608e+00
2.541330074805162376e+00
2.541330112782965944e+00
2.541330150762775908e+00
2.541330188658267097e+00
2.541330226642083190e+00
2.541330264541574291e+00
2.541330302529402729e+00
2.541330340432893298e+00
2.541330378338385376e+00
2.541330416332226783e+00
2.541330454241720105e+00
2.541330492153213605e+00
2.541330530066708171e+00
2.541330567982202027e+00
2.541330605813321597e+00
2.541330643732813144e+00
2.541330681654305756e+00
2.541330719577800323e+00
2.541330757416904174e+00
2.541330795344396876e+00
2.541330833187491312e+00
2.541330871032580152e+00
2.541330908966074276e+00
2.541330946815155478e+00
2.541330984666231529e+00
2.541331022519303318e+00
2.541331060374369066e+00
2.541331098231430996e+00
2.541331136090489107e+00
2.541331173951544731e+00
2.541331211728148354e+00
2.541331249593191899e+00
2.541331287460232957e+00
2.541331325242810912e+00
2.541331363113842556e+00
2.541331400900402215e+00
2.541331438688951394e+00
2.541331476565970249e+00
2.541331514358503796e+00
2.541331552153027751e+00
2.541331589949541669e+00
2.541331627748048216e+00
2.541331665548544283e+00
2.541331703351032090e+00
2.541331741069002614e+00
2.541331778875469460e+00
2.541331816683930711e+00
2.541331854407858692e+00
2.541331892220300759e+00
2.541331929948202450e+00
2.541331967764626221e+00
2.541332005496502067e+00
2.541332043230362547e+00
2.541332080966210771e+00
2.541332118704042742e+00
2.541332156443861123e+00
2.541332194185668136e+00
2.541332231929459340e+00
2.541332269675240063e+00
2.541332307423007641e+00
2.541332345086178890e+00
2.541332382837917070e+00
2.541332420505050038e+00
2.541332458260760596e+00
2.541332495931858837e+00
2.541332533691543549e+00
2.541332571366607507e+00
2.541332609043651214e+00
2.541332646722676891e+00
2.541332684403683650e+00
2.541332722086672824e+00
2.541332759771642635e+00
2.541332797458596193e+00
2.541332835147533054e+00
2.541332872751803862e+00
2.541332910444703330e+00
2.541332948139583436e+00
2.541332985749788165e+00
2.541333023448634432e+00
2.541333061062793774e+00
2.541333098678928870e+00
2.541333136297040607e+00
2.541333174003812978e+00
2.541333211625881994e+00
2.541333249249928983e+00
2.541333286875953945e+00
2.541333324503954216e+00
2.541333362047226707e+00
2.541333399679180260e+00
2.541333437313111787e+00
2.541333474862302211e+00
2.541333512500188796e+00
2.541333550053323620e+00
2.541333587695164375e+00
2.541333625252246708e+00
2.541333662811299465e+00
2.541333700459072364e+00
2.541333738022073518e+00
2.541333775587046429e+00
2.541333813153994203e+00
2.541333850722913290e+00
2.541333888293805909e+00
2.541333925779897029e+00
2.541333963354730940e+00
2.541334000931541492e+00
2.541334038423537667e+00
2.541334076004291731e+00
2.541334113500222536e+00
2.541334151084923665e+00
2.541334188584792653e+00
2.541334226086627623e+00
2.541334263590430353e+00
2.541334301183022948e+00
2.541334338690766081e+00
2.541334376200476974e+00
2.541334413712156959e+00
2.541334451138966166e+00
2.541334488654579005e+00
2.541334526172160491e+00
2.541334563604860985e+00
2.541334601126378434e+00
2.541334638649866307e+00
2.541334676088458089e+00
2.541334713529012745e+00
2.541334751058403452e+00
2.541334788502887410e+00
2.541334825949332910e+00
2.541334863397743060e+00
2.541334900848113865e+00
2.541334938300451096e+00
2.541334975754751202e+00
2.541335013211015514e+00
2.541335050669244477e+00
2.541335088042520951e+00
2.541335125504676107e+00
2.541335162881870335e+00
2.541335200347952572e+00
2.541335237729063667e+00
2.541335275199073873e+00
2.541335312584105832e+00
2.541335349971096669e+00
2.541335387360045495e+00
2.541335424750952754e+00
2.541335462143818447e+00
2.541335499538643461e+00
2.541335536935427797e+00
2.541335574334173231e+00
2.541335611734877986e+00
2.541335649050558310e+00
2.541335686455177711e+00
2.541335723861760876e+00
2.541335761183306730e+00
2.541335798593807205e+00
2.541335835919261932e+00
2.541335873246670651e+00
2.541335910576032031e+00
2.541335947907347403e+00
2.541335985327643598e+00
2.541336022662870953e+00
2.541336059913019696e+00
2.541336097252153259e+00
2.541336134593241702e+00
2.541336171936286803e+00
2.541336209281287228e+00
2.541336246541185950e+00
2.541336283890095249e+00
2.541336321153893074e+00
2.541336358506711246e+00
2.541336395774409951e+00
2.541336433044058651e+00
2.541336470315655127e+00
2.541336507589202043e+00
2.541336544951792842e+00
2.541336582229242413e+00
2.541336619421538767e+00
2.541336656702885666e+00
2.541336693986183004e+00
2.541336731271430338e+00
2.541336768471509799e+00
2.541336805760655349e+00
2.541336843051754446e+00
2.541336880257670128e+00
2.541336917465529144e+00
2.541336954762476896e+00
2.541336991974229242e+00
2.541337029187924479e+00
2.541337066403565270e+00
2.541337103621150284e+00
2.541337140840683073e+00
2.541337178062160085e+00
2.541337215285583095e+00
2.541337252510952105e+00
2.541337289738267557e+00
2.541337326880339642e+00
2.541337364111545316e+00
2.541337401257497852e+00
2.541337438492594192e+00
2.541337475642429400e+00
2.541337512881417293e+00
2.541337550035135617e+00
2.541337587190795055e+00
2.541337624348393831e+00
2.541337661507934165e+00
2.541337698669414280e+00
2.541337735832835509e+00
2.541337772998198297e+00
2.541337810165502198e+00
2.541337847334749434e+00
2.541337884418680026e+00
2.541337921591806825e+00
2.541337958679608988e+00
2.541337995856617571e+00
2.541338032948292636e+00
2.541338070041901709e+00
2.541338107224733633e+00
2.541338144322217829e+00
2.541338181421637366e+00
2.541338218522994907e+00
2.541338255626287790e+00
2.541338292731516901e+00
2.541338329838682686e+00
2.541338366947785143e+00
2.541338403971503457e+00
2.541338441084477484e+00
2.541338478199390849e+00
2.541338515228904082e+00
2.541338552347688573e+00
2.541338589381066271e+00
2.541338626416375313e+00
2.541338663540968490e+00
2.541338700580141996e+00
2.541338737621247734e+00
2.541338774664284372e+00
2.541338811709252354e+00
2.541338848756152125e+00
2.541338885804984571e+00
2.541338922855749249e+00
2.541338959821056509e+00
2.541338996875682543e+00
2.541339033932242586e+00
2.541339070903331887e+00
2.541339107963754618e+00
2.541339144938699057e+00
2.541339181915567735e+00
2.541339218981786718e+00
2.541339255962512311e+00
2.541339292945165251e+00
2.541339329929744650e+00
2.541339366916250952e+00
2.541339403904685934e+00
2.541339440895046486e+00
2.541339477887334830e+00
2.541339514794094701e+00
2.541339551790235962e+00
2.541339588788307680e+00
2.541339625700834048e+00
2.541339662702759128e+00
2.541339699619131309e+00
2.541339736537424621e+00
2.541339773545130853e+00
2.541339810467271754e+00
2.541339847391334672e+00
2.541339884317319608e+00
2.541339921245227451e+00
2.541339958175056868e+00
2.541339995106810079e+00
2.541340032040486197e+00
2.541340068976087441e+00
2.541340105826078499e+00
2.541340142765523780e+00
2.541340179619349993e+00
2.541340216562639753e+00
2.541340253420303341e+00
2.541340290367438470e+00
2.541340327228939877e+00
2.541340364092358417e+00
2.541340400957693202e+00
2.541340437824946896e+00
2.541340474694118168e+00
2.541340511565206572e+00
2.541340548438214775e+00
2.541340585313140110e+00
2.541340622189985687e+00
2.541340659068750618e+00
2.541340695861829424e+00
2.541340732744429065e+00
2.541340769541335476e+00
2.541340806427771160e+00
2.541340843228504731e+00
2.541340880031150107e+00
2.541340916923339854e+00
2.541340953729815055e+00
2.541340990538203837e+00
2.541341027348504866e+00
2.541341064160719476e+00
2.541341100974848111e+00
2.541341137790890770e+00
2.541341174608847897e+00
2.541341211341050510e+00
2.541341248162832578e+00
2.541341284898852582e+00
2.541341321724460478e+00
2.541341358464297873e+00
2.541341395293733818e+00
2.541341432037389492e+00
2.541341468782955193e+00
2.541341505618131880e+00
2.541341542367517192e+00
2.541341579118810312e+00
2.541341615872012127e+00
2.541341652627123526e+00
2.541341689384144509e+00
2.541341726055343031e+00
2.541341762816179184e+00
2.541341799578926253e+00
2.541341836255836206e+00
2.541341873022400222e+00
2.541341909790874709e+00
2.541341946473501423e+00
2.541341983158030171e+00
2.541342019932231633e+00
2.541342056620571999e+00
2.541342093310815287e+00
2.541342130002963717e+00
2.541342166697015070e+00
2.541342203392971122e+00
2.541342240090831872e+00
2.541342276790598653e+00
2.541342313492269689e+00
2.541342350108036996e+00
2.541342386813515652e+00
2.541342423433081699e+00
2.541342460142368420e+00
2.541342496765733650e+00
2.541342533478830212e+00
2.541342570105996845e+00
2.541342606735061516e+00
2.541342643366026444e+00
2.541342680086740025e+00
2.541342716721508133e+00
2.541342753358174722e+00
2.541342789996742457e+00
2.541342826549341183e+00
2.541342863191704549e+00
2.541342899835969504e+00
2.541342936482136494e+00
2.541342973042316267e+00
2.541343009692281996e+00
2.541343046256251625e+00
2.541343082910016538e+00
2.541343119477780021e+00
2.541343156047435325e+00
2.541343192618986446e+00
2.541343229280350613e+00
2.541343265855695144e+00
2.541343302432933271e+00
2.541343339012069880e+00
2.541343375505161983e+00
2.541343412088084897e+00
2.541343448672903627e+00
2.541343485259618173e+00
2.541343521760274449e+00
2.541343558350778409e+00
2.541343594855215660e+00
2.541343631449510809e+00
2.541343667957730368e+00
2.541343704555818039e+00
2.541343741067820794e+00
2.541343777581712260e+00
2.541343814097495546e+00
2.541343850615168432e+00
2.541343887134733137e+00
2.541343923656186554e+00
2.541343960179533568e+00
2.541343996704770625e+00
2.541344033143880576e+00
2.541344069672897721e+00
2.541344106203808018e+00
2.541344142648576554e+00
2.541344179183267826e+00
2.541344215631809345e+00
2.541344252082236466e+00
2.541344288622598757e+00
2.541344325076799748e+00
2.541344361532886786e+00
2.541344397990858095e+00
2.541344434450715895e+00
2.541344470912460629e+00
2.541344507376091855e+00
2.541344543841608683e+00
2.541344580309015555e+00
2.541344616690214941e+00
2.541344653161390355e+00
2.541344689634454035e+00
2.541344726021300016e+00
2.541344762410025382e+00
2.541344798888744982e+00
2.541344835281235781e+00
2.541344871675605965e+00
2.541344908159985483e+00
2.541344944558121099e+00
2.541344980958139654e+00
2.541345017360038039e+00
2.541345053763819806e+00
2.541345090169483178e+00
2.541345126488873341e+00
2.541345162898296373e+00
2.541345199309602787e+00
2.541345235634623556e+00
2.541345272049692294e+00
2.541345308378467394e+00
2.541345344797298900e+00
2.541345381129828329e+00
2.541345417552426156e+00
2.541345453888710360e+00
2.541345490226872172e+00
2.541345526566909818e+00
2.541345562908825073e+00
2.541345599252617493e+00
2.541345635598285746e+00
2.541345671945833384e+00
2.541345708295256856e+00
2.541345744558327180e+00
2.541345780911504093e+00
2.541345817266559504e+00
2.541345853535248001e+00
2.541345889894057741e+00
2.541345926166490798e+00
2.541345962440795248e+00
2.541345998805236039e+00
2.541346035083286825e+00
2.541346071363209891e+00
2.541346107645005681e+00
2.541346143928671530e+00
2.541346180214212325e+00
2.541346216501624511e+00
2.541346252790911198e+00
2.541346288993768354e+00
2.541346325286797381e+00
2.541346361581700020e+00
2.541346397790161138e+00
2.541346434088809225e+00
2.541346470301006466e+00
2.541346506603400002e+00
2.541346542819333809e+00
2.541346579037135456e+00
2.541346615256804053e+00
2.541346651566687154e+00
2.541346687790094094e+00
2.541346724015369762e+00
2.541346760242513270e+00
2.541346796383159301e+00
2.541346832614036266e+00
2.541346868846780183e+00
2.541346905081395047e+00
2.541346941229495116e+00
2.541346977467844326e+00
2.541347013619671191e+00
2.541347049861756968e+00
2.541347086017309742e+00
2.541347122263132086e+00
2.541347158422415209e+00
2.541347194583560842e+00
2.541347230746568098e+00
2.541347266911439196e+00
2.541347303078173248e+00
2.541347339246771142e+00
2.541347375417233323e+00
2.541347411589558458e+00
2.541347447675301296e+00
2.541347483851351896e+00
2.541347520029267670e+00
2.541347556120587381e+00
2.541347592302229508e+00
2.541347628397266689e+00
2.541347664582636945e+00
2.541347700681392929e+00
2.541347736782008759e+00
2.541347772884479994e+00
2.541347808988809742e+00
2.541347845094998892e+00
2.541347881203047443e+00
2.541347917312953619e+00
2.541347953424720085e+00
2.541347989538346841e+00
2.541348025653832554e+00
2.541348061682653814e+00
2.541348097801854777e+00
2.541348133922918251e+00
2.541348169957303949e+00
2.541348205993541498e+00
2.541348242120179624e+00
2.541348278160127094e+00
2.541348314201927749e+00
2.541348350245582033e+00
2.541348386379655544e+00
2.541348422427022413e+00
2.541348458476243799e+00
2.541348494527318813e+00
2.541348530491664093e+00
2.541348566546445475e+00
2.541348602603081375e+00
2.541348638661573123e+00
2.541348674633319593e+00
2.541348710695519042e+00
2.541348746670963443e+00
2.541348782736871481e+00
2.541348818716016922e+00
2.541348854697009330e+00
2.541348890679850925e+00
2.541348926753175697e+00
2.541348962739720996e+00
2.541348998728114594e+00
2.541349034718358268e+00
2.541349070710452018e+00
2.541349106615738318e+00
2.541349142611529111e+00
2.541349178609169090e+00
2.541349214608660922e+00
2.541349250521328873e+00
2.541349286524519968e+00
2.541349322440878300e+00
2.541349358447767770e+00
2.541349394367817816e+00
2.541349430289710387e+00
2.541349466302150084e+00
2.541349502227736146e+00
2.541349538155166510e+00
2.541349574084442065e+00
2.541349610015562366e+00
2.541349645948528746e+00
2.541349681883340761e+00
2.541349717731263169e+00
2.541349753669763345e+00
2.541349789610110044e+00
2.541349825463554701e+00
2.541349861407589561e+00
2.541349897264715274e+00
2.541349933212441847e+00
2.541349969073249504e+00
2.541350005024667347e+00
2.541350040889159168e+00
2.541350076755489518e+00
2.541350112623660173e+00
2.541350148493671135e+00
2.541350184365523290e+00
2.541350220239214863e+00
2.541350256114748518e+00
2.541350291992124255e+00
2.541350327782528673e+00
2.541350363663583245e+00
2.541350399546480787e+00
2.541350435342392799e+00
2.541350471228970065e+00
2.541350507028556471e+00
2.541350542829976078e+00
2.541350578722075149e+00
2.541350614527168705e+00
2.541350650334098127e+00
2.541350686142862969e+00
2.541350721953464120e+00
2.541350757765898916e+00
2.541350793580171796e+00
2.541350829396281430e+00
2.541350865214226928e+00
2.541350901034011400e+00
2.541350936766741953e+00
2.541350972590196378e+00
2.541351008415488000e+00
2.541351044153714156e+00
2.541351079893769960e+00
2.541351115724569176e+00
2.541351151468289604e+00
2.541351187213840568e+00
2.541351223050146935e+00
2.541351258799364299e+00
2.541351294550412199e+00
2.541351330303291078e+00
2.541351366058001382e+00
2.541351401814544442e+00
2.541351437483966080e+00
2.541351473244169767e+00
2.541351509006206655e+00
2.541351544770074966e+00
2.541351580446805869e+00
2.541351616214337028e+00
2.541351651894721453e+00
2.541351687576931084e+00
2.541351723349956071e+00
2.541351759035820557e+00
2.541351794723512469e+00
2.541351830413029589e+00
2.541351866104374579e+00
2.541351901797545665e+00
2.541351937492542845e+00
2.541351973189367897e+00
2.541352008888020819e+00
2.541352044588500725e+00
2.541352080290809834e+00
2.541352115905907816e+00
2.541352151611869559e+00
2.541352187230610404e+00
2.541352222940225669e+00
2.541352258562612487e+00
2.541352294275882162e+00
2.541352329901915397e+00
2.541352365529770285e+00
2.541352401159445495e+00
2.541352436790943692e+00
2.541352472424263098e+00
2.541352508059405046e+00
2.541352543696370425e+00
2.541352579335158790e+00
2.541352614975769253e+00
2.541352650618204478e+00
2.541352686173349973e+00
2.541352721819427618e+00
2.541352757378209315e+00
2.541352793027932044e+00
2.541352828590348167e+00
2.541352864243716425e+00
2.541352899809769639e+00
2.541352935377640065e+00
2.541352970947326817e+00
2.541353006607985243e+00
2.541353042181311306e+00
2.541353077756456358e+00
2.541353113244250395e+00
2.541353148823026320e+00
2.541353184403620347e+00
2.541353219986035583e+00
2.541353255570267144e+00
2.541353291067128595e+00
2.541353326654996359e+00
2.541353362155483353e+00
2.541353397746986875e+00
2.541353433251101190e+00
2.541353468757027834e+00
2.541353504353984327e+00
2.541353539863540068e+00
2.541353575374907692e+00
2.541353610888088976e+00
2.541353646403083921e+00
2.541353681919890306e+00
2.541353717438511239e+00
2.541353752958947165e+00
2.541353788481194975e+00
2.541353823916000287e+00
2.541353859441874086e+00
2.541353894969563321e+00
2.541353930409794515e+00
2.541353965941110182e+00
2.541354001384959815e+00
2.541354036830616892e+00
2.541354072367371764e+00
2.541354107816647723e+00
2.541354143267732457e+00
2.541354178720624191e+00
2.541354214175324699e+00
2.541354249631833540e+00
2.541354285090152487e+00
2.541354320550280210e+00
2.541354356012216709e+00
2.541354391386632550e+00
2.541354426852184822e+00
2.541354462319548091e+00
2.541354497699376047e+00
2.541354533170355534e+00
2.541354568553792603e+00
2.541354604028390085e+00
2.541354639415436267e+00
2.541354674804285452e+00
2.541354710194938082e+00
2.541354745676771110e+00
2.541354781071035074e+00
2.541354816467103372e+00
2.541354851864975117e+00
2.541354887264652085e+00
2.541354922576733788e+00
2.541354957980015428e+00
2.541354993385103178e+00
2.541355028791996595e+00
2.541355064111278761e+00
2.541355099521778182e+00
2.541355134844659247e+00
2.541355170258768226e+00
2.541355205585249077e+00
2.541355240913527602e+00
2.541355276243603800e+00
2.541355311664929673e+00
2.541355346998608766e+00
2.541355382334087309e+00
2.541355417671365302e+00
2.541355453010443632e+00
2.541355488351321412e+00
2.541355523604522659e+00
2.541355558948997562e+00
2.541355594295272802e+00
2.541355629553857298e+00
2.541355664903732325e+00
2.541355700165906839e+00
2.541355735519380321e+00
2.541355770785146628e+00
2.541355806142219009e+00
2.541355841411577110e+00
2.541355876682729331e+00
2.541355911955675229e+00
2.541355947230415246e+00
2.541355982506951605e+00
2.541356017785281196e+00
2.541356053065408016e+00
2.541356088347329401e+00
2.541356123631046238e+00
2.541356158916560304e+00
2.541356194114306799e+00
2.541356229403409550e+00
2.541356264604736293e+00
2.541356299897428173e+00
2.541356335102336050e+00
2.541356370398618836e+00
2.541356405607109625e+00
2.541356440817388318e+00
2.541356476029456690e+00
2.541356511332920842e+00
2.541356546548574347e+00
2.541356581766017975e+00
2.541356616985251726e+00
2.541356652116654846e+00
2.541356687339466180e+00
2.541356722564069415e+00
2.541356757790464993e+00
2.541356792929010844e+00
2.541356828158984893e+00
2.541356863390753063e+00
2.541356898534658182e+00
2.541356933680347652e+00
2.541356968917485304e+00
2.541357004066747471e+00
2.541357039217794433e+00
2.541357074370627522e+00
2.541357109614927889e+00
2.541357144771335008e+00
2.541357179929529142e+00
2.541357215089509403e+00
2.541357250161575543e+00
2.541357285325123172e+00
2.541357320490460037e+00
2.541357355657583028e+00
2.541357390736774136e+00
2.541357425907468048e+00
2.541357460990221639e+00
2.541357496164486918e+00
2.541357531250804325e+00
2.541357566428642301e+00
2.541357601518523524e+00
2.541357636610185544e+00
2.541357671703627474e+00
2.541357706798851090e+00
2.541357741895854616e+00
2.541357776994640272e+00
2.541357812095208057e+00
2.541357847197557085e+00
2.541357882301688687e+00
2.541357917407602862e+00
2.541357952425507438e+00
2.541357987534982765e+00
2.541358022646240666e+00
2.541358057669478310e+00
2.541358092694488757e+00
2.541358127811089496e+00
2.541358162839656210e+00
2.541358197869997948e+00
2.541358232991944188e+00
2.541358268025841749e+00
2.541358303061516111e+00
2.541358338098967273e+00
2.541358373138195237e+00
2.541358408179200445e+00
2.541358443221982899e+00
2.541358478176682922e+00
2.541358513223015869e+00
2.541358548271127837e+00
2.541358583231144941e+00
2.541358618282809179e+00
2.541358653336252438e+00
2.541358688301587954e+00
2.541358723268693165e+00
2.541358758327467715e+00
2.541358793298119423e+00
2.541358828270543047e+00
2.541358863244738142e+00
2.541358898220704710e+00
2.541358933198444081e+00
2.541358968177955813e+00
2.541359003159239016e+00
2.541359038142296356e+00
2.541359073127125612e+00
2.541359108113729448e+00
2.541359143012159816e+00
2.541359178002306152e+00
2.541359212904271025e+00
2.541359247897961637e+00
2.541359282803462349e+00
2.541359317800698125e+00
2.541359352709736008e+00
2.541359387620539145e+00
2.541359422533109313e+00
2.541359457537434974e+00
2.541359492453543645e+00
2.541359527371420235e+00
2.541359562291065188e+00
2.541359597212478061e+00
2.541359632045648631e+00
2.541359666970593789e+00
2.541359701897307311e+00
2.541359736825790971e+00
2.541359771666014566e+00
2.541359806598031845e+00
2.541359841441781953e+00
2.541359876377334626e+00
2.541359911224612578e+00
2.541359946073649567e+00
2.541359981014508662e+00
2.541360015867073052e+00
2.541360050721403141e+00
2.541360085577495376e+00
2.541360120435350645e+00
2.541360155294968948e+00
2.541360190156350729e+00
2.541360225019496433e+00
2.541360259884406503e+00
2.541360294660983676e+00
2.541360329529417150e+00
2.541360364399615879e+00
2.541360399181470608e+00
2.541360434055194517e+00
2.541360468840565545e+00
2.541360503627693834e+00
2.541360538506706401e+00
2.541360573297354097e+00
2.541360608089757278e+00
2.541360642883919496e+00
2.541360677679838531e+00
2.541360712567669378e+00
2.541360747276954601e+00
2.541360782078150748e+00
2.541360816881107709e+00
2.541360851685820599e+00
2.541360886492295634e+00
2.541360921210351620e+00
2.541360956020341622e+00
2.541360990832091993e+00
2.541361025555411324e+00
2.541361060370678882e+00
2.541361095097506073e+00
2.541361129826086529e+00
2.541361164646629867e+00
2.541361199378720404e+00
2.541361234112563317e+00
2.541361268848161270e+00
2.541361303585512488e+00
2.541361338324617414e+00
2.541361373065476492e+00
2.541361407808089723e+00
2.541361442552459327e+00
2.541361477208330832e+00
2.541361511956206076e+00
2.541361546705836361e+00
2.541361581366957001e+00
2.541361616120095590e+00
2.541361650784714765e+00
2.541361685541361215e+00
2.541361720209481145e+00
2.541361754879349455e+00
2.541361789550965256e+00
2.541361824314627871e+00
2.541361858989747091e+00
2.541361893666613803e+00
2.541361928345231114e+00
2.541361963025599024e+00
2.541361997707715314e+00
2.541362032301257567e+00
2.541362066986871060e+00
2.541362101674234708e+00
2.541362136273010996e+00
2.541362170963873623e+00
2.541362205656486406e+00
2.541362240260498950e+00
2.541362274866255433e+00
2.541362309564115574e+00
2.541362344173363041e+00
2.541362378784354448e+00
2.541362413397089348e+00
2.541362448101947891e+00
2.541362482718176885e+00
2.541362517336149818e+00
2.541362551955868909e+00
2.541362586486934916e+00
2.541362621110141440e+00
2.541362655735091014e+00
2.541362690361787635e+00
2.541362724899815184e+00
2.541362759530000126e+00
2.541362794161933003e+00
2.541362828705183485e+00
2.541362863340605571e+00
2.541362897887337713e+00
2.541362932435807576e+00
2.541362966986017380e+00
2.541363001628419216e+00
2.541363036182112900e+00
2.541363070737546082e+00
2.541363105294719205e+00
2.541363139853633157e+00
2.541363174414287940e+00
2.541363208976683108e+00
2.541363243450335485e+00
2.541363278016209648e+00
2.541363312583825973e+00
2.541363347062684852e+00
2.541363381633781060e+00
2.541363416116111384e+00
2.541363450690687475e+00
2.541363485176491022e+00
2.541363519754549216e+00
2.541363554243825096e+00
2.541363588734836476e+00
2.541363623227582025e+00
2.541363657722063962e+00
2.541363692218280956e+00
2.541363726716234339e+00
2.541363761215923223e+00
2.541363795717348939e+00
2.541363830220510600e+00
2.541363864725408650e+00
2.541363899232044865e+00
2.541363933649842810e+00
2.541363968159949582e+00
2.541364002581207870e+00
2.541364037094785644e+00
2.541364071519507384e+00
2.541364105945960628e+00
2.541364140464745347e+00
2.541364174894662487e+00
2.541364209326308909e+00
2.541364243759687280e+00
2.541364278194794935e+00
2.541364312631634093e+00
2.541364347070205199e+00
2.541364381510508252e+00
2.541364415952543698e+00
2.541364450396309316e+00
2.541364484841808657e+00
2.541364519198387573e+00
2.541364553647348146e+00
2.541364588007379410e+00
2.541364622459801215e+00
2.541364656823287049e+00
2.541364691279172305e+00
2.541364725646112266e+00
2.541364760014777069e+00
2.541364794475856836e+00
2.541364828847978430e+00
2.541364863221825754e+00
2.541364897597399697e+00
2.541364931974701147e+00
2.541364966353727883e+00
2.541365000734482571e+00
2.541365035026243113e+00
2.541365069410448818e+00
2.541365103796382030e+00
2.541365138184044081e+00
2.541365172482695556e+00
2.541365206873809512e+00
2.541365241175904899e+00
2.541365275570472981e+00
2.541365309876012724e+00
2.541365344183273756e+00
2.541365378492255189e+00
2.541365412893730191e+00
2.541365447206160422e+00
2.541365481520311498e+00
2.541365515836183864e+00
2.541365550153778852e+00
2.541365584473096018e+00
2.541365618794136694e+00
2.541365653026095295e+00
2.541365687350579439e+00
2.541365721676784872e+00
2.541365755913898461e+00
2.541365790243546918e+00
2.541365824484095093e+00
2.541365858817188794e+00
2.541365893061172443e+00
2.541365927397711388e+00
2.541365961645131399e+00
2.541365995894267371e+00
2.541366030145121080e+00
2.541366064397690749e+00
2.541366098651979044e+00
2.541366132907984632e+00
2.541366167165707957e+00
2.541366201425148574e+00
2.541366235686307817e+00
2.541366269949186574e+00
2.541366304213783067e+00
2.541366338389204671e+00
2.541366372657237527e+00
2.541366406836083058e+00
2.541366441107548280e+00
2.541366475289821736e+00
2.541366509564724208e+00
2.541366543750424256e+00
2.541366577937837157e+00
2.541366612126961133e+00
2.541366646408733665e+00
2.541366680601287342e+00
2.541366714795553428e+00
2.541366748991533253e+00
2.541366783189226819e+00
2.541366817297674885e+00
2.541366851498792379e+00
2.541366885701621392e+00
2.541366919906166366e+00
2.541366954021448965e+00
2.541366988229419199e+00
2.541367022348117732e+00
2.541367056559512783e+00
2.541367090681629470e+00
2.541367124896452001e+00
2.541367159021986843e+00
2.541367193149228321e+00
2.541367227278178209e+00
2.541367261499853036e+00
2.541367295632222856e+00
2.541367329766301975e+00
2.541367363902088172e+00
2.541367397948549378e+00
2.541367432087749734e+00
2.541367466228659389e+00
2.541367500371278787e+00
2.541367534515607929e+00
2.541367568570591207e+00
2.541367602718334506e+00
2.541367636776722172e+00
2.541367670927884070e+00
2.541367704989681009e+00
2.541367739053179697e+00
2.541367773209467718e+00
2.541367807276377011e+00
2.541367841344988054e+00
2.541367875415303956e+00
2.541367909487322052e+00
2.541367943561044118e+00
2.541367977636471931e+00
2.541368011713602826e+00
2.541368045792437691e+00
2.541368079872978747e+00
2.541368113955223329e+00
2.541368147948039447e+00
2.541368182033691081e+00
2.541368216029902705e+00
2.541368250118964944e+00
2.541368284118575183e+00
2.541368318211042698e+00
2.541368352214054660e+00
2.541368386218763931e+00
2.541368420316343801e+00
2.541368454324454795e+00
2.541368488334263986e+00
2.541368522345772707e+00
2.541368556358981401e+00
2.541368590373887848e+00
2.541368624390495601e+00
2.541368658408802883e+00
2.541368692337602209e+00
2.541368726359305441e+00
2.541368760382709979e+00
2.541368794316594126e+00
2.541368828343395503e+00
2.541368862280668495e+00
2.541368896310870706e+00
2.541368930251532099e+00
2.541368964285132925e+00
2.541368998229187603e+00
2.541369032174935150e+00
2.541369066122376896e+00
2.541369100071513287e+00
2.541369134022342990e+00
2.541369167974868226e+00
2.541369201929088550e+00
2.541369235885003519e+00
2.541369269842614909e+00
2.541369303801923163e+00
2.541369337762924729e+00
2.541369371634324192e+00
2.541369405598714604e+00
2.541369439473494030e+00
2.541369473441274618e+00
2.541369507319433119e+00
2.541369541290604772e+00
2.541369575172145456e+00
2.541369609055375012e+00
2.541369643031631487e+00
2.541369676918244558e+00
2.541369710806546944e+00
2.541369744696540423e+00
2.541369778588223660e+00
2.541369812481597101e+00
2.541369846376662078e+00
2.541369880273416371e+00
2.541369914080490400e+00
2.541369947980623323e+00
2.541369981882448226e+00
2.541370015694579987e+00
2.541370049599783965e+00
2.541370083415284586e+00
2.541370117323870303e+00
2.541370151142744227e+00
2.541370185054710795e+00
2.541370218876958020e+00
2.541370252700888788e+00
2.541370286526504430e+00
2.541370320353806278e+00
2.541370354182793001e+00
2.541370388013465487e+00
2.541370421845823735e+00
2.541370455679867746e+00
2.541370489515598408e+00
2.541370523353015720e+00
2.541370557192119239e+00
2.541370590941446128e+00
2.541370624783921173e+00
2.541370658536609817e+00
2.541370692382455054e+00
2.541370726138506342e+00
2.541370759987722217e+00
2.541370793747137036e+00
2.541370827508231844e+00
2.541370861362505895e+00
2.541370895126965124e+00
2.541370928893105230e+00
2.541370962660924882e+00
2.541370996430427187e+00
2.541371030201609482e+00
2.541371063974474431e+00
2.541371097749019814e+00
2.541371131433711739e+00
2.541371165211617544e+00
2.541371198991205560e+00
2.541371232772476674e+00
2.541371266463876122e+00
2.541371300248508547e+00
2.541371333943260424e+00
2.541371367639688295e+00
2.541371401429363797e+00
2.541371435129145429e+00
2.541371468830603053e+00
2.541371502625321632e+00
2.541371536330135683e+00
2.541371570036624394e+00
2.541371603744790875e+00
2.541371637454632459e+00
2.541371671166151813e+00
2.541371704787736441e+00
2.541371738502603783e+00
2.541371772219150671e+00
2.541371805937376660e+00
2.541371839565647495e+00
2.541371873287224581e+00
2.541371906918839407e+00
2.541371940643768923e+00
2.541371974278727741e+00
2.541372008007011019e+00
2.541372041645315605e+00
2.541372075285290411e+00
2.541372108926936768e+00
2.541372142661927569e+00
2.541372176306921027e+00
2.541372209953585593e+00
2.541372243601923486e+00
2.541372277251932932e+00
2.541372310903615706e+00
2.541372344465269606e+00
2.541372378120292819e+00
2.541372411776989360e+00
2.541372445343645481e+00
2.541372479003685125e+00
2.541372512665397654e+00
2.541372546237058216e+00
2.541372579902116069e+00
2.541372613477110853e+00
2.541372647053772749e+00
2.541372680723846145e+00
2.541372714303844482e+00
2.541372747885509931e+00
2.541372781468841602e+00
2.541372815053841272e+00
2.541372848640507609e+00
2.541372882228841945e+00
2.541372915818844724e+00
2.541372949410515059e+00
2.541372983003852948e+00
2.541373016507069149e+00
2.541373050103740816e+00
2.541373083702080926e+00
2.541373117210287358e+00
2.541373150811961690e+00
2.541373184323492573e+00
2.541373217836683907e+00
2.541373251443359571e+00
2.541373284959879797e+00
2.541373318478060916e+00
2.541373352089740578e+00
2.541373385611250146e+00
2.541373419134422829e+00
2.541373452659256849e+00
2.541373486185754871e+00
2.541373519713916451e+00
2.541373553151875520e+00
2.541373586683358443e+00
2.541373620216508922e+00
2.541373653751319850e+00
2.541373687195913167e+00
2.541373720734050323e+00
2.541373754273851482e+00
2.541373787723421707e+00
2.541373821174647940e+00
2.541373854719436665e+00
2.541373888173982465e+00
2.541373921630185606e+00
2.541373955179961897e+00
2.541373988639484161e+00
2.541374022100662433e+00
2.541374055563499823e+00
2.541374089027994998e+00
2.541374122494149734e+00
2.541374155961962256e+00
2.541374189431434338e+00
2.541374222810610206e+00
2.541374256283396083e+00
2.541374289757841520e+00
2.541374323141978309e+00
2.541374356619741093e+00
2.541374390007184125e+00
2.541374423488263368e+00
2.541374456879015309e+00
2.541374490363411454e+00
2.541374523757472303e+00
2.541374557153186498e+00
2.541374590550553147e+00
2.541374623949572698e+00
2.541374657350245592e+00
2.541374690752571830e+00
2.541374724156552745e+00
2.541374757562189224e+00
2.541374790969476827e+00
2.541374824378422215e+00
2.541374857789020947e+00
2.541374891109227985e+00
2.541374924523132073e+00
2.541374957938693058e+00
2.541374991263848582e+00
2.541375024682715811e+00
2.541375058011169585e+00
2.541375091433346611e+00
2.541375124765100413e+00
2.541375158098501785e+00
2.541375191433552949e+00
2.541375224862343796e+00
2.541375258200694986e+00
2.541375291540696857e+00
2.541375324882346298e+00
2.541375358225645531e+00
2.541375391570594999e+00
2.541375424825073726e+00
2.541375458173318336e+00
2.541375491523213626e+00
2.541375524874760039e+00
2.541375558135817503e+00
2.541375591490660835e+00
2.541375624755008111e+00
2.541375658113150138e+00
2.541375691380788115e+00
2.541375724650067447e+00
2.541375758013156627e+00
2.541375791285727992e+00
2.541375824559942931e+00
2.541375857835803664e+00
2.541375891113305308e+00
2.541375924392453634e+00
2.541375957673245534e+00
2.541375990955684117e+00
2.541376024239765830e+00
2.541376057525495114e+00
2.541376090812868860e+00
2.541376124101887957e+00
2.541376157300333727e+00
2.541376190592641748e+00
2.541376223794367117e+00
2.541376257089964064e+00
2.541376290294969920e+00
2.541376323593856679e+00
2.541376356802144354e+00
2.541376390012069386e+00
2.541376423315890420e+00
2.541376456529098604e+00
2.541376489743947253e+00
2.541376522960435924e+00
2.541376556178561952e+00
2.541376589398330665e+00
2.541376622619739400e+00
2.541376655842788157e+00
2.541376689067477379e+00
2.541376722201511562e+00
2.541376755429479051e+00
2.541376788659089669e+00
2.541376821798029262e+00
2.541376855030918591e+00
2.541376888173130677e+00
2.541376921409300493e+00
2.541376954554781520e+00
2.541376987701900791e+00
2.541377020942990672e+00
2.541377054093381549e+00
2.541377087245405786e+00
2.541377120399067380e+00
2.541377153554362334e+00
2.541377186711291980e+00
2.541377219869859871e+00
2.541377253030062455e+00
2.541377286191901064e+00
2.541377319355376585e+00
2.541377352520488131e+00
2.541377385594848271e+00
2.541377418763229201e+00
2.541377451933248821e+00
2.541377485012501936e+00
2.541377518185793605e+00
2.541377551268308110e+00
2.541377584352454200e+00
2.541377617530650390e+00
2.541377650618059203e+00
2.541377683707099155e+00
2.541377716797767583e+00
2.541377749890068927e+00
2.541377782983998745e+00
2.541377816079561036e+00
2.541377849176754022e+00
2.541377882275578592e+00
2.541377915376033414e+00
2.541377948478120707e+00
2.541377981581841805e+00
2.541378014594717794e+00
2.541378047701699394e+00
2.541378080810311690e+00
2.541378113828070440e+00
2.541378146939945015e+00
2.541378179960954942e+00
2.541378212983590679e+00
2.541378246100359117e+00
2.541378279126248252e+00
2.541378312153764085e+00
2.541378345182905285e+00
2.541378378306197394e+00
2.541378411338595988e+00
2.541378444372619505e+00
2.541378477408271497e+00
2.541378510353005105e+00
2.541378543391905609e+00
2.541378576432432812e+00
2.541378609474588490e+00
2.541378642425810241e+00
2.541378675471215765e+00
2.541378708518251539e+00
2.541378741474338732e+00
2.541378774524627016e+00
2.541378807483959168e+00
2.541378840537499961e+00
2.541378873500076629e+00
2.541378906464275111e+00
2.541378939430093631e+00
2.541378972397534408e+00
2.541379005459206475e+00
2.541379038429894432e+00
2.541379071402203760e+00
2.541379104376135345e+00
2.541379137259058396e+00
2.541379170236229168e+00
2.541379203215023530e+00
2.541379236195441038e+00
2.541379269177481248e+00
2.541379302068492496e+00
2.541379335053775890e+00
2.541379367948021883e+00
2.541379400936548016e+00
2.541379433834028312e+00
2.541379466825800293e+00
2.541379499726516666e+00
2.541379532628848636e+00
2.541379565532798868e+00
2.541379598531056327e+00
2.541379631438243081e+00
2.541379664347046763e+00
2.541379697257466930e+00
2.541379730169504914e+00
2.541379763083161158e+00
2.541379795905713390e+00
2.541379828822600828e+00
2.541379861741106971e+00
2.541379894661231376e+00
2.541379927490235779e+00
2.541379960413594485e+00
2.541379993245823421e+00
2.541380026172415540e+00
2.541380059007870340e+00
2.541380091937698094e+00
2.541380124776380089e+00
2.541380157616672797e+00
2.541380190551354001e+00
2.541380223394874349e+00
2.541380256240008073e+00
2.541380289086754729e+00
2.541380321935112541e+00
2.541380354785084617e+00
2.541380387636668292e+00
2.541380420489867120e+00
2.541380453344678436e+00
2.541380486108287151e+00
2.541380518966320778e+00
2.541380551825970890e+00
2.541380584594403302e+00
2.541380617457277502e+00
2.541380650228926008e+00
2.541380683095026960e+00
2.541380715869894669e+00
2.541380748739220152e+00
2.541380781517304399e+00
2.541380814296995361e+00
2.541380847078294369e+00
2.541380879861200981e+00
2.541380912645715640e+00
2.541380945431838789e+00
2.541380978219567321e+00
2.541381011008907898e+00
2.541381043799855188e+00
2.541381076592412747e+00
2.541381109386577464e+00
2.541381142182353337e+00
2.541381174886827132e+00
2.541381207685817767e+00
2.541381240393495222e+00
2.541381273195702839e+00
2.541381305906589283e+00
2.541381338712012994e+00
2.541381371426107094e+00
2.541381404141804357e+00
2.541381436952052653e+00
2.541381469670958460e+00
2.541381502391468761e+00
2.541381535113582224e+00
2.541381567837297961e+00
2.541381600562618193e+00
2.541381633289542918e+00
2.541381666018069474e+00
2.541381698748201856e+00
2.541381731479938288e+00
2.541381764120285158e+00
2.541381796855228359e+00
2.541381829591776498e+00
2.541381862236920419e+00
2.541381894976673550e+00
2.541381927625018022e+00
2.541381960367980142e+00
2.541381993019521168e+00
2.541382025672662248e+00
2.541382058420434298e+00
2.541382091076775929e+00
2.541382123734711840e+00
2.541382156394249137e+00
2.541382189055384266e+00
2.541382221718119006e+00
2.541382254382452910e+00
2.541382287048387312e+00
2.541382319715919547e+00
2.541382352385052279e+00
2.541382385055785509e+00
2.541382417635032365e+00
2.541382450308962149e+00
2.541382482984492430e+00
2.541382515568525235e+00
2.541382548247253403e+00
2.541382580834475213e+00
2.541382613423289527e+00
2.541382646106813858e+00
2.541382678698818509e+00
2.541382711292416552e+00
2.541382743980740599e+00
2.541382776577530755e+00
2.541382809175915192e+00
2.541382841775893464e+00
2.541382874377467793e+00
2.541382906980634626e+00
2.541382939585398404e+00
2.541382972098594539e+00
2.541383004706543325e+00
2.541383037316087723e+00
2.541383069927230398e+00
2.541383102446785447e+00
2.541383135061115350e+00
2.541383167583850078e+00
2.541383200201368986e+00
2.541383232727284280e+00
2.541383265347992637e+00
2.541383297877089831e+00
2.541383330407775976e+00
2.541383362940049739e+00
2.541383395567136994e+00
2.541383428102594877e+00
2.541383460639642156e+00
2.541383493178279274e+00
2.541383525718507119e+00
2.541383558260326581e+00
2.541383590803734105e+00
2.541383623255480728e+00
2.541383655802064823e+00
2.541383688350242309e+00
2.541383720806743796e+00
2.541383753358099185e+00
2.541383785911047966e+00
2.541383818372306092e+00
2.541383850928434107e+00
2.541383883392864362e+00
2.541383915858877351e+00
2.541383948419775773e+00
2.541383980888961780e+00
2.541384013359733629e+00
2.541384045832089988e+00
2.541384078306029970e+00
2.541384110781556238e+00
2.541384143258668349e+00
2.541384175737364970e+00
2.541384208217647878e+00
2.541384240699517072e+00
2.541384273182972553e+00
2.541384305668014765e+00
2.541384338061289938e+00
2.541384370549501170e+00
2.541384402945936483e+00
2.541384435437317624e+00
2.541384467836913963e+00
2.541384500331467677e+00
2.541384532734226376e+00
2.541384565231953108e+00
2.541384597637874165e+00
2.541384630045377069e+00
2.541384662454460042e+00
2.541384694865122196e+00
2.541384727370775476e+00
2.541384759784603098e+00
2.541384792200012122e+00
2.541384824523580388e+00
2.541384856942147330e+00
2.541384889362297894e+00
2.541384921784028084e+00
2.541384954207341451e+00
2.541384986538790969e+00
2.541385018965264031e+00
2.541385051393320715e+00
2.541385083729500227e+00
2.541385116160718383e+00
2.541385148500051372e+00
2.541385180840959546e+00
2.541385213276919686e+00
2.541385245620981781e+00
2.541385277966618172e+00
2.541385310313831525e+00
2.541385342662619173e+00
2.541385375012985559e+00
2.541385407458431001e+00
2.541385439718442996e+00
2.541385472073536711e+00
2.541385504430207831e+00
2.541385536788456356e+00
2.541385569148282730e+00
2.541385601509684733e+00
2.541385633779128739e+00
2.541385666143683331e+00
2.541385698416269712e+00
2.541385730783976449e+00
2.541385763059706537e+00
2.541385795430566308e+00
2.541385827709441436e+00
2.541385859989886420e+00
2.541385892365475740e+00
2.541385924649066652e+00
2.541385956934227863e+00
2.541385989220962038e+00
2.541386021509265625e+00
2.541386053799143507e+00
2.541386086090591245e+00
2.541386118383612391e+00
2.541386150678205169e+00
2.541386182974370911e+00
2.541386215272109617e+00
2.541386247477797067e+00
2.541386279778676816e+00
2.541386311987499091e+00
2.541386344291521659e+00
2.541386376597118080e+00
2.541386408810644149e+00
2.541386441025734300e+00
2.541386473336046059e+00
2.541386505554270592e+00
2.541386537774063648e+00
2.541386570089091634e+00
2.541386602312021736e+00
2.541386634536517697e+00
2.541386666762580404e+00
2.541386698990210746e+00
2.541386731219408723e+00
2.541386763450174779e+00
2.541386795682508470e+00
2.541386827822703864e+00
2.541386860058168828e+00
2.541386892295202760e+00
2.541386924440085959e+00
2.541386956680252496e+00
2.541386988921988888e+00
2.541387021071561669e+00
2.541387053316432887e+00
2.541387085469131168e+00
2.541387117623390424e+00
2.541387149872963214e+00
2.541387182030350189e+00
2.541387214189298582e+00
2.541387246349809281e+00
2.541387278511881398e+00
2.541387310675517597e+00
2.541387342840714325e+00
2.541387375007475580e+00
2.541387407175800028e+00
2.541387439345686783e+00
2.541387471517136731e+00
2.541387503690150318e+00
2.541387535770923911e+00
2.541387567947062109e+00
2.541387600124764390e+00
2.541387632210212022e+00
2.541387664391040246e+00
2.541387696479603608e+00
2.541387728663556889e+00
2.541387760755237757e+00
2.541387792848475158e+00
2.541387824943271312e+00
2.541387857133473815e+00
2.541387889231387476e+00
2.541387921330859889e+00
2.541387953431888391e+00
2.541387985534476091e+00
2.541388017638621211e+00
2.541388049744325528e+00
2.541388081851589043e+00
2.541388113960410422e+00
2.541388145976899438e+00
2.541388178088834771e+00
2.541388210202330633e+00
2.541388242223480365e+00
2.541388274340090625e+00
2.541388306364346317e+00
2.541388338484073639e+00
2.541388370511437955e+00
2.541388402634282784e+00
2.541388434664754392e+00
2.541388466696779425e+00
2.541388498730356993e+00
2.541388530765486653e+00
2.541388562896121250e+00
2.541388594934361755e+00
2.541388626974156129e+00
2.541388659015503926e+00
2.541388691058405591e+00
2.541388723008887851e+00
2.541388755054893256e+00
2.541388787102452973e+00
2.541388819151568779e+00
2.541388851108245639e+00
2.541388883160467405e+00
2.541388915214243038e+00
2.541388947175569513e+00
2.541388979232452883e+00
2.541389011196877323e+00
2.541389043162848527e+00
2.541389075224391725e+00
2.541389107193464447e+00
2.541389139164082600e+00
2.541389171136251512e+00
2.541389203109966743e+00
2.541389235179279726e+00
2.541389267156098253e+00
2.541389299134463542e+00
2.541389331020319275e+00
2.541389363001780310e+00
2.541389394984792993e+00
2.541389426969352439e+00
2.541389458955464420e+00
2.541389490849041533e+00
2.541389522838249704e+00
2.541389554829008190e+00
2.541389586727221150e+00
2.541389618721076715e+00
2.541389650622378760e+00
2.541389682525223126e+00
2.541389714523726084e+00
2.541389746429661312e+00
2.541389778337137972e+00
2.541389810246160952e+00
2.541389842250859843e+00
2.541389874162973683e+00
2.541389906076632066e+00
2.541389937991834991e+00
2.541389969908582902e+00
2.541390001826875356e+00
2.541390033652551672e+00
2.541390065573927881e+00
2.541390097496853961e+00
2.541390129421323252e+00
2.541390161253159974e+00
2.541390193180716572e+00
2.541390225015632165e+00
2.541390256946278736e+00
2.541390288784274087e+00
2.541390320718008855e+00
2.541390352559084853e+00
2.541390384401699620e+00
2.541390416340068903e+00
2.541390448185765649e+00
2.541390480033001609e+00
2.541390511881778114e+00
2.541390543732091611e+00
2.541390575583945655e+00
2.541390607437341576e+00
2.541390639292276266e+00
2.541390671148751945e+00
2.541390703006767282e+00
2.541390734772063453e+00
2.541390766633157661e+00
2.541390798495792414e+00
2.541390830265694234e+00
2.541390862131408745e+00
2.541390893998663802e+00
2.541390925773173493e+00
2.541390957549216623e+00
2.541390989421090651e+00
2.541391021200206879e+00
2.541391052980854770e+00
2.541391084857349547e+00
2.541391116641071868e+00
2.541391148426330293e+00
2.541391180213119938e+00
2.541391212001447464e+00
2.541391243791309762e+00
2.541391275582708165e+00
2.541391307375641784e+00
2.541391339170111952e+00
2.541391370966119556e+00
2.541391402669304078e+00
2.541391434468378563e+00
2.541391466268989596e+00
2.541391497976768221e+00
2.541391529780450131e+00
2.541391561491289863e+00
2.541391593298041762e+00
2.541391625011943933e+00
2.541391656727374215e+00
2.541391688538733096e+00
2.541391720257227149e+00
2.541391751977251978e+00
2.541391783698805806e+00
2.541391815421890854e+00
2.541391847146504901e+00
2.541391878872650611e+00
2.541391910600328430e+00
2.541391942329534803e+00
2.541391974060273728e+00
2.541392005792545206e+00
2.541392037526347458e+00
2.541392069261681819e+00
2.541392100904089624e+00
2.541392132642485979e+00
2.541392164287946898e+00
2.541392196029402584e+00
2.541392227677917504e+00
2.541392259422433408e+00
2.541392291073999665e+00
2.541392322821581118e+00
2.541392354476201376e+00
2.541392386132346637e+00
2.541392417790017788e+00
2.541392449449214830e+00
2.541392481109937762e+00
2.541392512772186141e+00
2.541392544435960410e+00
2.541392576101261902e+00
2.541392607768091505e+00
2.541392639436445222e+00
2.541392671106326162e+00
2.541392702777735657e+00
2.541392734356124450e+00
2.541392766030584394e+00
2.541392797706572004e+00
2.541392829289526034e+00
2.541392860968566314e+00
2.541392892554563243e+00
2.541392924236656192e+00
2.541392955825697797e+00
2.541392987416260407e+00
2.541393019102931916e+00
2.541393050696539646e+00
2.541393082291667938e+00
2.541393113888319011e+00
2.541393145486488869e+00
2.541393177086180621e+00
2.541393208687395155e+00
2.541393240290130695e+00
2.541393271894389017e+00
2.541393303500170564e+00
2.541393335107473561e+00
2.541393366621659933e+00
2.541393398232004941e+00
2.541393429843871843e+00
2.541393461362610573e+00
2.541393492977520818e+00
2.541393524499292234e+00
2.541393556117246710e+00
2.541393587642053919e+00
2.541393619168376361e+00
2.541393650790895631e+00
2.541393682320252978e+00
2.541393713851127334e+00
2.541393745383518699e+00
2.541393777012125099e+00
2.541393808547554478e+00
2.541393840084500866e+00
2.541393871622963818e+00
2.541393903068227988e+00
2.541393934609721850e+00
2.541393966152732276e+00
2.541393997697263263e+00
2.541394029243311259e+00
2.541394060696136936e+00
2.541394092245218062e+00
2.541394123795817528e+00
2.541394155253183129e+00
2.541394186806817057e+00
2.541394218267207794e+00
2.541394249729110211e+00
2.541394281287293389e+00
2.541394312752221829e+00
2.541394344218661949e+00
2.541394375781398374e+00
2.541394407250865406e+00
2.541394438721845894e+00
2.541394470194337174e+00
2.541394501668341910e+00
2.541394533143858325e+00
2.541394564620889085e+00
2.541394596099432857e+00
2.541394627484666824e+00
2.541394658966232623e+00
2.541394690449312321e+00
2.541394721933905476e+00
2.541394753325173728e+00
2.541394784812789354e+00
2.541394816207073415e+00
2.541394847697714621e+00
2.541394879095014936e+00
2.541394910588683054e+00
2.541394941988999623e+00
2.541394973390822543e+00
2.541395004794151813e+00
2.541395036293870202e+00
2.541395067700219279e+00
2.541395099108074707e+00
2.541395130517439593e+00
2.541395161928311275e+00
2.541395193340691083e+00
2.541395224754579907e+00
2.541395256169975969e+00
2.541395287586881935e+00
2.541395318910374179e+00
2.541395350330294178e+00
2.541395381751724969e+00
2.541395413079726495e+00
2.541395444504170431e+00
2.541395475835178885e+00
2.541395507262639963e+00
2.541395538596655790e+00
2.541395570027132678e+00
2.541395601364157208e+00
2.541395632702683649e+00
2.541395664137684474e+00
2.541395695479220507e+00
2.541395726822259338e+00
2.541395758166800078e+00
2.541395789512844949e+00
2.541395820860392174e+00
2.541395852209444861e+00
2.541395883559999014e+00
2.541395914912059517e+00
2.541395946265623706e+00
2.541395977620691582e+00
2.541396008882241819e+00
2.541396040240314846e+00
2.541396071599892892e+00
2.541396102865941309e+00
2.541396134228525838e+00
2.541396165497570969e+00
2.541396196863161983e+00
2.541396228135206048e+00
2.541396259408746250e+00
2.541396290778848321e+00
2.541396322055388346e+00
2.541396353333428060e+00
2.541396384612964354e+00
2.541396415893999450e+00
2.541396447176532902e+00
2.541396478460565156e+00
2.541396509746097099e+00
2.541396541033127399e+00
2.541396572321657388e+00
2.541396603611687954e+00
2.541396634903216878e+00
2.541396666196246823e+00
2.541396697395653881e+00
2.541396728691679208e+00
2.541396759894074542e+00
2.541396791193098803e+00
2.541396822493621421e+00
2.541396853700502945e+00
2.541396884908874831e+00
2.541396916213894741e+00
2.541396947425256236e+00
2.541396978638113424e+00
2.541397009852462752e+00
2.541397041163477866e+00
2.541397072380818578e+00
2.541397103599653207e+00
2.541397134819982639e+00
2.541397166041806877e+00
2.541397197265125030e+00
2.541397228489937987e+00
2.541397259716245749e+00
2.541397290848840029e+00
2.541397322078133847e+00
2.541397353308924245e+00
2.541397384445987395e+00
2.541397415679764737e+00
2.541397446915038660e+00
2.541397478056572901e+00
2.541397509294834656e+00
2.541397540439349623e+00
2.541397571585350068e+00
2.541397602828095348e+00
2.541397633977079185e+00
2.541397665127550276e+00
2.541397696279511731e+00
2.541397727432961773e+00
2.541397758683178854e+00
2.541397789839611843e+00
2.541397820997536083e+00
2.541397852156949355e+00
2.541397883222554555e+00
2.541397914384944112e+00
2.541397945548825366e+00
2.541397976714196538e+00
2.541398007881058074e+00
2.541398038954093330e+00
2.541398070123933373e+00
2.541398101199937809e+00
2.541398132372756358e+00
2.541398163451732195e+00
2.541398194627530582e+00
2.541398225709476044e+00
2.541398256888255602e+00
2.541398287973173353e+00
2.541398319059575250e+00
2.541398350147461738e+00
2.541398381236833259e+00
2.541398412423061082e+00
2.541398443515405781e+00
2.541398474609235514e+00
2.541398505704551170e+00
2.541398536705961053e+00
2.541398567804242781e+00
2.541398598904010875e+00
2.541398630005265780e+00
2.541398661108006607e+00
2.541398692116819458e+00
2.541398723222529910e+00
2.541398754329726728e+00
2.541398785342982691e+00
2.541398816453149578e+00
2.541398847469367173e+00
2.541398878582504572e+00
2.541398909601685130e+00
2.541398940622344060e+00
2.541398971644482696e+00
2.541399002763561121e+00
2.541399033788663608e+00
2.541399064815244468e+00
2.541399095843309475e+00
2.541399126872854186e+00
2.541399157903877715e+00
2.541399188936382725e+00
2.541399219970368772e+00
2.541399251005836746e+00
2.541399282042785313e+00
2.541399312985711756e+00
2.541399344025618845e+00
2.541399375067010080e+00
2.541399406014363649e+00
2.541399437058714295e+00
2.541399468009019280e+00
2.541399499056332445e+00
2.541399530009590624e+00
2.541399561059864975e+00
2.541399592016076348e+00
2.541399622973763428e+00
2.541399654028479560e+00
2.541399684989120722e+00
2.541399715951236260e+00
2.541399746914829283e+00
2.541399777879897570e+00
2.541399808846441566e+00
2.541399839814461714e+00
2.541399870783958015e+00
2.541399901754930912e+00
2.541399932727382183e+00
2.541399963605706969e+00
2.541399994581107435e+00
2.541400025557985387e+00
2.541400056536339935e+00
2.541400087420553788e+00
2.541400118401860198e+00
2.541400149289016142e+00
2.541400180273275744e+00
2.541400211163375999e+00
2.541400242054946190e+00
2.541400273043633362e+00
2.541400303938148753e+00
2.541400334834133634e+00
2.541400365731590227e+00
2.541400396726182009e+00
2.541400427626584246e+00
2.541400458528457307e+00
2.541400489431804743e+00
2.541400520336621227e+00
2.541400551242911199e+00
2.541400582054979207e+00
2.541400612964209049e+00
2.541400643874912380e+00
2.541400674787086977e+00
2.541400705605024513e+00
2.541400736520141201e+00
2.541400767436730934e+00
2.541400798259069393e+00
2.541400829178602994e+00
2.541400860003876438e+00
2.541400890830614490e+00
2.541400921754561892e+00
2.541400952584236261e+00
2.541400983415376125e+00
2.541401014343738662e+00
2.541401045177815732e+00
2.541401076013358740e+00
2.541401106850369018e+00
2.541401137688845235e+00
2.541401168528788723e+00
2.541401199370199482e+00
2.541401230213078399e+00
2.541401261057424144e+00
2.541401291807441343e+00
2.541401322654719408e+00
2.541401353503465188e+00
2.541401384353679127e+00
2.541401415109546313e+00
2.541401445962695238e+00
2.541401476721488528e+00
2.541401507577570218e+00
2.541401538339285615e+00
2.541401569198300070e+00
2.541401599962945568e+00
2.541401630729049899e+00
2.541401661496615727e+00
2.541401692361498821e+00
2.541401723131992973e+00
2.541401753903948624e+00
2.541401784677366660e+00
2.541401815452246193e+00
2.541401846228588113e+00
2.541401877006393306e+00
2.541401907785661773e+00
2.541401938566392626e+00
2.541401969252690130e+00
2.541402000036342645e+00
2.541402030821461100e+00
2.541402061608042384e+00
2.541402092300172555e+00
2.541402123089676834e+00
2.541402153784723339e+00
2.541402184577153278e+00
2.541402215275113896e+00
2.541402246070470383e+00
2.541402276771349111e+00
2.541402307473682676e+00
2.541402338177475961e+00
2.541402368978681103e+00
2.541402399685391167e+00
2.541402430393557843e+00
2.541402461103183796e+00
2.541402491814267250e+00
2.541402522526809094e+00
2.541402553240808437e+00
2.541402583956265282e+00
2.541402614673181404e+00
2.541402645295559370e+00
2.541402676015389162e+00
2.541402706736677342e+00
2.541402737459425687e+00
2.541402768087617225e+00
2.541402798813280128e+00
2.541402829444378675e+00
2.541402860172957023e+00
2.541402890806963022e+00
2.541402921538457704e+00
2.541402952175372043e+00
2.541402982813737221e+00
2.541403013453554571e+00
2.541403044190881477e+00
2.541403074833608500e+00
2.541403105477788138e+00
2.541403136123419948e+00
2.541403166770506594e+00
2.541403197419045856e+00
2.541403228069039955e+00
2.541403258720486225e+00
2.541403289373386443e+00
2.541403319931644589e+00
2.541403350587448706e+00
2.541403381244709436e+00
2.541403411903422782e+00
2.541403442467477625e+00
2.541403473129097534e+00
2.541403503696048727e+00
2.541403534360576089e+00
2.541403564930425407e+00
2.541403595597858445e+00
2.541403626170605889e+00
2.541403656744801509e+00
2.541403687320443971e+00
2.541403717993691025e+00
2.541403748572233390e+00
2.541403779152224374e+00
2.541403809733663977e+00
2.541403840316552643e+00
2.541403870900889927e+00
2.541403901486675387e+00
2.541403932073911243e+00
2.541403962662594829e+00
2.541403993156531982e+00
2.541404023748112362e+00
2.541404054341141361e+00
2.541404084935621643e+00
2.541404115435335509e+00
2.541404146032712585e+00
2.541404176535315695e+00
2.541404207135588678e+00
2.541404237641080144e+00
2.541404268244252140e+00
2.541404298752632851e+00
2.541404329262456407e+00
2.541404359869974705e+00
2.541404390382689726e+00
2.541404420896847594e+00
2.541404451412448751e+00
2.541404481929492754e+00
2.541404512447982711e+00
2.541404542967915958e+00
2.541404573489295160e+00
2.541404604012115431e+00
2.541404634536384322e+00
2.541404665062096502e+00
2.541404695492952115e+00
2.541404726021549543e+00
2.541404756551594257e+00
2.541404786986767750e+00
2.541404817519699932e+00
2.541404848054078069e+00
2.541404878493570774e+00
2.541404908934504547e+00
2.541404939473212554e+00
2.541404969917025358e+00
2.541405000458622609e+00
2.541405030905316664e+00
2.541405061353449568e+00
2.541405091803020877e+00
2.541405122254030591e+00
2.541405152706479598e+00
2.541405183256743694e+00
2.541405213712075728e+00
2.541405244072464598e+00
2.541405274530672109e+00
2.541405304990321135e+00
2.541405335451409009e+00
2.541405365913937509e+00
2.541405396377908854e+00
2.541405426746908169e+00
2.541405457213756325e+00
2.541405487682045106e+00
2.541405518055350754e+00
2.541405548526519453e+00
2.541405578902695250e+00
2.541405609280304567e+00
2.541405639755790258e+00
2.541405670136269723e+00
2.541405700518185373e+00
2.541405730997990275e+00
2.541405761382776074e+00
2.541405791768998057e+00
2.541405822156653116e+00
2.541405852545745248e+00
2.541405882936268235e+00
2.541405913328231403e+00
2.541405943721627203e+00
2.541405974116459632e+00
2.541406004512726469e+00
2.541406034910428602e+00
2.541406065213062337e+00
2.541406095613634175e+00
2.541406126015642641e+00
2.541406156322564502e+00
2.541406186727441341e+00
2.541406217133757472e+00
2.541406247444975453e+00
2.541406277757619847e+00
2.541406308168239203e+00
2.541406338483747085e+00
2.541406368897237034e+00
2.541406399215607514e+00
2.541406429535408407e+00
2.541406459856637490e+00
2.541406490179298316e+00
2.541406520503389554e+00
2.541406550828909428e+00
2.541406581155860600e+00
2.541406611484241740e+00
2.541406641814053291e+00
2.541406672145297474e+00
2.541406702477973845e+00
2.541406732812079294e+00
2.541406763051006656e+00
2.541406793387975149e+00
2.541406823726370057e+00
2.541406853969574442e+00
2.541406884310832837e+00
2.541406914556889163e+00
2.541406944901009268e+00
2.541406975149917535e+00
2.541407005496898464e+00
2.541407035748659560e+00
2.541407066001846626e+00
2.541407096353120121e+00
2.541407126609161349e+00
2.541407156866627659e+00
2.541407187125518163e+00
2.541407217385835970e+00
2.541407247647579748e+00
2.541407277910747720e+00
2.541407308175343438e+00
2.541407338441365127e+00
2.541407368708814563e+00
2.541407398977688192e+00
2.541407429151279374e+00
2.541407459423004944e+00
2.541407489696156929e+00
2.541407519874011811e+00
2.541407550150014849e+00
2.541407580330712346e+00
2.541407610609566881e+00
2.541407640793106548e+00
2.541407671074813912e+00
2.541407701261195307e+00
2.541407731545759496e+00
2.541407761734986614e+00
2.541407791925635706e+00
2.541407822117704107e+00
2.541407852311193594e+00
2.541407882506105054e+00
2.541407912702436711e+00
2.541407942996980029e+00
2.541407973099364170e+00
2.541408003299960860e+00
2.541408033501979968e+00
2.541408063705420606e+00
2.541408093910284105e+00
2.541408124116569134e+00
2.541408154227455363e+00
2.541408184436583007e+00
2.541408214647130848e+00
2.541408244762270119e+00
2.541408274975662795e+00
2.541408305093634024e+00
2.541408335309870647e+00
2.541408365430676497e+00
2.541408395552896327e+00
2.541408425773396651e+00
2.541408455898452878e+00
2.541408486024925306e+00
2.541408516152815267e+00
2.541408546282120096e+00
2.541408576509726736e+00
2.541408606641870183e+00
2.541408636775430274e+00
2.541408666910405678e+00
2.541408696949896573e+00
2.541408727087703934e+00
2.541408757226927051e+00
2.541408787367569921e+00
2.541408817509630325e+00
2.541408847556182238e+00
2.541408877701075930e+00
2.541408907847386267e+00
2.541408937898176568e+00
2.541408968047319306e+00
2.541408998100935346e+00
2.541409028252913593e+00
2.541409058309353153e+00
2.541409088367204028e+00
2.541409118523432653e+00
2.541409148584110600e+00
2.541409178646198974e+00
2.541409208709698220e+00
2.541409238774610113e+00
2.541409268840933766e+00
2.541409298908670067e+00
2.541409328977817683e+00
2.541409359048378391e+00
2.541409389120351747e+00
2.541409419193739527e+00
2.541409449268538623e+00
2.541409479344750366e+00
2.541409509325350147e+00
2.541409539404386297e+00
2.541409569484835096e+00
2.541409599469657721e+00
2.541409629552930927e+00
2.541409659540569077e+00
2.541409689626665358e+00
2.541409719617120366e+00
2.541409749706043719e+00
2.541409779699314697e+00
2.541409809693992106e+00
2.541409839787152514e+00
2.541409869784648556e+00
2.541409899783548809e+00
2.541409929783859489e+00
2.541409959785576156e+00
2.541409989788699697e+00
2.541410019793232333e+00
2.541410049799172288e+00
2.541410079806520450e+00
2.541410109815277263e+00
2.541410139825440062e+00
2.541410169837015953e+00
2.541410199752866195e+00
2.541410229767253615e+00
2.541410259783051462e+00
2.541410289703112113e+00
2.541410319721724154e+00
2.541410349644591449e+00
2.541410379666018127e+00
2.541410409591691622e+00
2.541410439615935157e+00
2.541410469544416628e+00
2.541410499474300089e+00
2.541410529405585983e+00
2.541410559435458794e+00
2.541410589369553996e+00
2.541410619305050300e+00
2.541410649241951702e+00
2.541410679180254206e+00
2.541410709119960032e+00
2.541410739061069179e+00
2.541410769003582981e+00
2.541410798947500105e+00
2.541410828892820550e+00
2.541410858742313650e+00
2.541410888690438963e+00
2.541410918639968930e+00
2.541410948493657784e+00
2.541410978445992175e+00
2.541411008399732552e+00
2.541411038257618937e+00
2.541411068214164182e+00
2.541411098074848329e+00
2.541411127936929581e+00
2.541411157897684348e+00
2.541411187762564250e+00
2.541411217628839037e+00
2.541411247593806877e+00
2.541411277462882978e+00
2.541411307333357961e+00
2.541411337205230048e+00
2.541411367078503236e+00
2.541411396953173973e+00
2.541411426829242259e+00
2.541411456706710759e+00
2.541411486585578139e+00
2.541411516465844844e+00
2.541411546250174069e+00
2.541411576133235428e+00
2.541411606017697444e+00
2.541411635806207325e+00
2.541411665693467548e+00
2.541411695582125319e+00
2.541411725374818964e+00
2.541411755266275385e+00
2.541411785061757911e+00
2.541411814956011206e+00
2.541411844754283056e+00
2.541411874553949346e+00
2.541411904355007856e+00
2.541411934254854454e+00
2.541411964058702733e+00
2.541411993863945895e+00
2.541412023670580833e+00
2.541412053478611099e+00
2.541412083288034474e+00
2.541412113098852732e+00
2.541412142911064098e+00
2.541412172724672569e+00
2.541412202539674592e+00
2.541412232356069278e+00
2.541412262076415907e+00
2.541412291895599473e+00
2.541412321716177924e+00
2.541412351440692330e+00
2.541412381264056997e+00
2.541412411088817436e+00
2.541412440817502727e+00
2.541412470547575353e+00
2.541412500376518668e+00
2.541412530109369960e+00
2.541412559941101712e+00
2.541412589676734335e+00
2.541412619413755625e+00
2.541412649152166026e+00
2.541412678891964205e+00
2.541412708730666381e+00
2.541412738473247668e+00
2.541412768217218954e+00
2.541412797962577130e+00
2.541412827709328415e+00
2.541412857457468366e+00
2.541412887109459895e+00
2.541412916860373183e+00
2.541412946612679136e+00
2.541412976366377752e+00
2.541413006023906185e+00
2.541413035780381247e+00
2.541413065538247640e+00
2.541413095199930972e+00
2.541413124960577363e+00
2.541413154625030479e+00
2.541413184388454649e+00
2.541413214055679326e+00
2.541413243724287341e+00
2.541413273491880176e+00
2.541413303163260196e+00
2.541413332836024885e+00
2.541413362510172469e+00
2.541413392185704723e+00
2.541413421960245778e+00
2.541413451638552257e+00
2.541413481318243406e+00
2.541413510999318337e+00
2.541413540584138708e+00
2.541413570267982536e+00
2.541413599953210145e+00
2.541413629639825089e+00
2.541413659327825147e+00
2.541413688919545777e+00
2.541413718610315620e+00
2.541413748302471465e+00
2.541413777898334114e+00
2.541413807593259300e+00
2.541413837191883296e+00
2.541413866889579154e+00
2.541413896490963609e+00
2.541413926191430139e+00
2.541413955795578161e+00
2.541413985401105080e+00
2.541414015008010452e+00
2.541414044714016995e+00
2.541414074323686823e+00
2.541414103934737323e+00
2.541414133547166720e+00
2.541414163160976791e+00
2.541414192776167980e+00
2.541414222392738953e+00
2.541414252010691044e+00
2.541414281630024696e+00
2.541414311250737690e+00
2.541414340775070002e+00
2.541414370398543010e+00
2.541414400023398024e+00
2.541414429551855925e+00
2.541414459179472285e+00
2.541414488808467098e+00
2.541414518341055917e+00
2.541414547972812521e+00
2.541414577508149808e+00
2.541414607044864660e+00
2.541414636680763728e+00
2.541414666220228824e+00
2.541414695761069709e+00
2.541414725401107688e+00
2.541414754944704590e+00
2.541414784489676837e+00
2.541414814036022207e+00
2.541414843583743810e+00
2.541414873132838981e+00
2.541414902683314381e+00
2.541414932235163349e+00
2.541414961788388549e+00
2.541414991342990870e+00
2.541415020898969868e+00
2.541415050358451833e+00
2.541415079917180186e+00
2.541415109477285661e+00
2.541415138940881668e+00
2.541415168503737387e+00
2.541415198067972447e+00
2.541415227535681609e+00
2.541415257004763006e+00
2.541415286573121879e+00
2.541415316044945527e+00
2.541415345616059529e+00
2.541415375090626316e+00
2.541415404566563119e+00
2.541415434043872601e+00
2.541415463620488424e+00
2.541415493100542378e+00
2.541415522581965458e+00
2.541415552064762107e+00
2.541415581548929215e+00
2.541415611034467226e+00
2.541415640521377028e+00
2.541415670009658179e+00
2.541415699499312453e+00
2.541415728892359560e+00
2.541415758384752976e+00
2.541415787878519517e+00
2.541415817275666011e+00
2.541415846772172582e+00
2.541415876270054497e+00
2.541415905671302156e+00
2.541415935171924545e+00
2.541415964575906017e+00
2.541415994079271989e+00
2.541416023485988163e+00
2.541416052894068578e+00
2.541416082401549481e+00
2.541416111812365042e+00
2.541416141224547509e+00
2.541416170638094219e+00
2.541416200053009611e+00
2.541416229469290577e+00
2.541416258984999121e+00
2.541416288404016122e+00
2.541416317726331808e+00
2.541416347148079957e+00
2.541416376571194569e+00
2.541416405995677863e+00
2.541416435421528064e+00
2.541416464848746504e+00
2.541416494179235652e+00
2.541416523609184797e+00
2.541416553040503956e+00
2.541416582375078725e+00
2.541416611809129478e+00
2.541416641146430067e+00
2.541416670583215520e+00
2.541416699923239264e+00
2.541416729362758531e+00
2.541416758705508983e+00
2.541416788049619235e+00
2.541416817395092842e+00
2.541416846840077959e+00
2.541416876188277829e+00
2.541416905537838389e+00
2.541416934888760526e+00
2.541416964241046461e+00
2.541416993594692642e+00
2.541417022949703064e+00
2.541417052306074176e+00
2.541417081663809530e+00
2.541417111022906461e+00
2.541417140383367634e+00
2.541417169646988938e+00
2.541417199010171046e+00
2.541417228374718285e+00
2.541417257642412775e+00
2.541417287009683612e+00
2.541417316280091931e+00
2.541417345650086812e+00
2.541417374923210293e+00
2.541417404295928328e+00
2.541417433571769635e+00
2.541417462947213934e+00
2.541417492225771735e+00
2.541417521505685340e+00
2.541417550786956525e+00
2.541417580069583515e+00
2.541417609451838810e+00
2.541417638737185403e+00
2.541417668023890020e+00
2.541417697311949553e+00
2.541417726601369331e+00
2.541417755892145358e+00
2.541417785184280298e+00
2.541417814379471452e+00
2.541417843674319332e+00
2.541417872970525238e+00
2.541417902268090057e+00
2.541417931468693325e+00
2.541417960768970641e+00
2.541417990070611310e+00
2.541418019275274442e+00
2.541418048579628053e+00
2.541418077786997465e+00
2.541418107094066237e+00
2.541418136304142816e+00
2.541418165515571204e+00
2.541418194826712273e+00
2.541418224040848717e+00
2.541418253256337856e+00
2.541418282473178358e+00
2.541418311691371557e+00
2.541418340910916118e+00
2.541418370230204005e+00
2.541418399452459731e+00
2.541418428676069929e+00
2.541418457802627540e+00
2.541418487028940909e+00
2.541418516256606086e+00
2.541418545485625735e+00
2.541418574715998524e+00
2.541418603849300517e+00
2.541418633082378697e+00
2.541418662316810906e+00
2.541418691454158107e+00
2.541418720691296151e+00
2.541418749929788667e+00
2.541418779071184186e+00
2.541418808213926628e+00
2.541418837456476787e+00
2.541418866601917514e+00
2.541418895847175285e+00
2.541418924995313855e+00
2.541418954144798015e+00
2.541418983295632650e+00
2.541419012447815540e+00
2.541419041601345796e+00
2.541419070854722406e+00
2.541419100010952725e+00
2.541419129168532187e+00
2.541419158327460792e+00
2.541419187389221790e+00
2.541419216550842908e+00
2.541419245713814501e+00
2.541419274878134349e+00
2.541419304043804672e+00
2.541419333112285628e+00
2.541419362280651129e+00
2.541419391450365772e+00
2.541419420522880390e+00
2.541419449695291988e+00
2.541419478770492901e+00
2.541419507945602785e+00
2.541419537023492659e+00
2.541419566102723238e+00
2.541419595281878330e+00
2.541419624363799201e+00
2.541419653447062110e+00
2.541419682630265520e+00
2.541419711716221830e+00
2.541419740803518401e+00
2.541419769892158786e+00
2.541419798982144762e+00
2.541419828073474552e+00
2.541419857166147711e+00
2.541419886260165573e+00
2.541419915355528580e+00
2.541419944452234958e+00
2.541419973451646719e+00
2.541420002551039392e+00
2.541420031651776767e+00
2.541420060753859289e+00
2.541420089758630318e+00
2.541420118863400912e+00
2.541420147870849355e+00
2.541420176978305800e+00
2.541420205988433434e+00
2.541420235098579283e+00
2.541420264111386551e+00
2.541420293224221361e+00
2.541420322239708263e+00
2.541420351256534538e+00
2.541420380274697521e+00
2.541420409392908919e+00
2.541420438413754201e+00
2.541420467435939745e+00
2.541420496459463330e+00
2.541420525484325843e+00
2.541420554510527730e+00
2.541420583538072098e+00
2.541420612566951842e+00
2.541420641597174068e+00
2.541420670529985770e+00
2.541420699562885410e+00
2.541420728597124423e+00
2.541420757632702365e+00
2.541420786570856016e+00
2.541420815609112704e+00
2.541420844648709654e+00
2.541420873590869434e+00
2.541420902633146461e+00
2.541420931577975217e+00
2.541420960622930991e+00
2.541420989570430056e+00
2.541421018519262276e+00
2.541421047568236169e+00
2.541421076519740474e+00
2.541421105472578379e+00
2.541421134426749884e+00
2.541421163382256765e+00
2.541421192339097246e+00
2.541421221297272215e+00
2.541421250256782560e+00
2.541421279217626950e+00
2.541421308179809380e+00
2.541421337143323189e+00
2.541421366108174595e+00
2.541421395074360046e+00
2.541421424041883537e+00
2.541421452911870382e+00
2.541421481882058409e+00
2.541421510853587140e+00
2.541421539727564571e+00
2.541421568701760947e+00
2.541421597578398028e+00
2.541421626555263824e+00
2.541421655434561000e+00
2.541421684414098880e+00
2.541421713296057927e+00
2.541421742278265228e+00
2.541421771162887921e+00
2.541421800048840662e+00
2.541421828936120342e+00
2.541421857824730957e+00
2.541421886813610698e+00
2.541421915704885848e+00
2.541421944597493709e+00
2.541421973491427178e+00
2.541422002386690693e+00
2.541422031283287808e+00
2.541422060082247913e+00
2.541422088981502014e+00
2.541422117882086162e+00
2.541422146784002578e+00
2.541422175687250373e+00
2.541422204492839398e+00
2.541422233398744623e+00
2.541422262305984336e+00
2.541422291115551069e+00
2.541422320025452208e+00
2.541422348837668821e+00
2.541422377750229167e+00
2.541422406565099212e+00
2.541422435381293532e+00
2.541422464297844463e+00
2.541422493116691772e+00
2.541422521936864687e+00
2.541422550758362320e+00
2.541422579680233440e+00
2.541422608504385394e+00
2.541422637329863843e+00
2.541422666156666565e+00
2.541422694984794450e+00
2.541422723814250162e+00
2.541422752645030592e+00
2.541422781477140180e+00
2.541422810211484862e+00
2.541422839046239446e+00
2.541422867882322745e+00
2.541422896719732982e+00
2.541422925459365434e+00
2.541422954299423775e+00
2.541422983140811720e+00
2.541423011884408112e+00
2.541423040728446381e+00
2.541423069474685548e+00
2.541423098321375029e+00
2.541423127070257415e+00
2.541423155820459634e+00
2.541423184671125490e+00
2.541423213423971372e+00
2.541423242178137976e+00
2.541423270933623524e+00
2.541423299789593582e+00
2.541423328547725458e+00
2.541423357307178499e+00
2.541423386067952261e+00
2.541423414830046745e+00
2.541423443593463283e+00
2.541423472358200542e+00
2.541423501124260298e+00
2.541423529792441460e+00
2.541423558561139995e+00
2.541423587331161471e+00
2.541423616102505889e+00
2.541423644775953061e+00
2.541423673549938478e+00
2.541423702325245060e+00
2.541423731002643738e+00
2.541423759780593983e+00
2.541423788460625222e+00
2.541423817241216909e+00
2.541423845923884262e+00
2.541423874607864342e+00
2.541423903392420414e+00
2.541423932079035275e+00
2.541423960766966417e+00
2.541423989456213839e+00
2.541424018246054573e+00
2.541424046937938552e+00
2.541424075631137480e+00
2.541424104325654909e+00
2.541424133021486842e+00
2.541424161718636832e+00
2.541424190417103102e+00
2.541424219116887429e+00
2.541424247718674145e+00
2.541424276421087924e+00
2.541424305124820204e+00
2.541424333829869653e+00
2.541424362436905060e+00
2.541424391144586181e+00
2.541424419853585803e+00
2.541424448464559838e+00
2.541424477176191132e+00
2.541424505789789734e+00
2.541424534504053590e+00
2.541424563120275870e+00
2.541424591737806882e+00
2.541424620456021355e+00
2.541424649076180486e+00
2.541424677697647905e+00
2.541424706419814328e+00
2.541424735043910310e+00
2.541424763669316356e+00
2.541424792296036461e+00
2.541424820924064854e+00
2.541424849553408194e+00
2.541424878184062486e+00
2.541424906816029061e+00
2.541424935449309253e+00
2.541424964083900839e+00
2.541424992620373580e+00
2.541425021257587957e+00
2.541425049896113286e+00
2.541425078535954007e+00
2.541425107077657231e+00
2.541425135720120743e+00
2.541425164363897871e+00
2.541425192909522401e+00
2.541425221555926317e+00
2.541425250104168310e+00
2.541425278653716369e+00
2.541425307304052694e+00
2.541425335856215550e+00
2.541425364409686249e+00
2.541425393063958982e+00
2.541425421620046698e+00
2.541425450177441370e+00
2.541425478736142107e+00
2.541425507296150688e+00
2.541425535857464890e+00
2.541425564420087824e+00
2.541425592984018600e+00
2.541425621549256775e+00
2.541425650115802792e+00
2.541425678683657097e+00
2.541425707252819688e+00
2.541425735823290566e+00
2.541425764395069287e+00
2.541425792868599931e+00
2.541425821442991229e+00
2.541425850018691701e+00
2.541425878496130331e+00
2.541425907074446044e+00
2.541425935554488813e+00
2.541425964135420656e+00
2.541425992618070673e+00
2.541426021201617313e+00
2.541426049686873689e+00
2.541426078173432135e+00
2.541426106760901860e+00
2.541426135250068441e+00
2.541426163740536204e+00
2.541426192232307368e+00
2.541426220725379270e+00
2.541426249219754574e+00
2.541426277715433280e+00
2.541426306212414055e+00
2.541426334710698232e+00
2.541426363210285366e+00
2.541426391711175903e+00
2.541426420213370285e+00
2.541426448716868958e+00
2.541426477221671476e+00
2.541426505628104238e+00
2.541426534135510895e+00
2.541426562644222287e+00
2.541426591054549711e+00
2.541426619565866130e+00
2.541426647978789699e+00
2.541426676492711589e+00
2.541426704908234413e+00
2.541426733424761331e+00
2.541426761842879856e+00
2.541426790262296453e+00
2.541426818782732688e+00
2.541426847204748540e+00
2.541426875628059356e+00
2.541426904052669578e+00
2.541426932578318532e+00
2.541426961005528451e+00
2.541426989434036887e+00
2.541427017863842508e+00
2.541427046294947090e+00
2.541427074727350632e+00
2.541427103161051804e+00
2.541427131596053268e+00
2.541427159932575286e+00
2.541427188370169343e+00
2.541427216809064138e+00
2.541427245249258338e+00
2.541427273590954883e+00
2.541427302033745672e+00
2.541427330477834978e+00
2.541427358823414639e+00
2.541427387270100979e+00
2.541427415618268348e+00
2.541427444067551722e+00
2.541427472418306799e+00
2.541427500770355064e+00
2.541427529223533099e+00
2.541427557578170404e+00
2.541427585934100009e+00
2.541427614291323245e+00
2.541427642749694904e+00
2.541427671109508957e+00
2.541427699470616197e+00
2.541427727833016181e+00
2.541427756196711130e+00
2.541427784561701930e+00
2.541427812927982366e+00
2.541427841295559098e+00
2.541427869664430350e+00
2.541427897934699587e+00
2.541427926306155438e+00
2.541427954678907142e+00
2.541427983052951589e+00
2.541428011328378034e+00
2.541428039705010189e+00
2.541428067983015460e+00
2.541428096362235767e+00
2.541428124742751926e+00
2.541428153024625658e+00
2.541428181307787248e+00
2.541428209692183859e+00
2.541428237977924276e+00
2.541428266364908151e+00
2.541428294653230502e+00
2.541428322942841156e+00
2.541428351233738780e+00
2.541428379525923820e+00
2.541428407919379406e+00
2.541428436214147268e+00
2.541428464510205654e+00
2.541428492807552786e+00
2.541428521106188665e+00
2.541428549406115511e+00
2.541428577607323991e+00
2.541428605909825666e+00
2.541428634213616533e+00
2.541428662518697923e+00
2.541428690825069836e+00
2.541428719032704286e+00
2.541428747341652361e+00
2.541428775651893179e+00
2.541428803863380992e+00
2.541428832176199304e+00
2.541428860390256617e+00
2.541428888705651090e+00
2.541428916922281012e+00
2.541428945240256532e+00
2.541428973459454177e+00
2.541429001679936128e+00
2.541429030001780554e+00
2.541429058224832893e+00
2.541429086449169539e+00
2.541429114674789602e+00
2.541429142901697080e+00
2.541429171129884423e+00
2.541429199359358737e+00
2.541429227590116913e+00
2.541429255822159838e+00
2.541429284055488846e+00
2.541429312290100828e+00
2.541429340526000225e+00
2.541429368763186147e+00
2.541429397001656376e+00
2.541429425141269682e+00
2.541429453382308079e+00
2.541429481624631670e+00
2.541429509768085460e+00
2.541429538012978107e+00
2.541429566158991626e+00
2.541429594406453774e+00
2.541429622555027468e+00
2.541429650805059559e+00
2.541429678956195204e+00
2.541429707208797240e+00
2.541429735362494835e+00
2.541429763517470519e+00
2.541429791673727401e+00
2.541429819931466216e+00
2.541429848090284160e+00
2.541429876250382414e+00
2.541429904411760088e+00
2.541429932574417627e+00
2.541429960738355032e+00
2.541429988903572301e+00
2.541430017070071656e+00
2.541430045237851321e+00
2.541430073406911294e+00
2.541430101577251577e+00
2.541430129648617253e+00
2.541430157821515934e+00
2.541430185995696256e+00
2.541430214070887761e+00
2.541430242247627369e+00
2.541430270425649063e+00
2.541430298504670837e+00
2.541430326685249153e+00
2.541430354766820443e+00
2.541430382949963374e+00
2.541430411034086401e+00
2.541430439119483076e+00
2.541430467306464713e+00
2.541430495394415345e+00
2.541430523483639625e+00
2.541430551574137997e+00
2.541430579766242204e+00
2.541430607859295421e+00
2.541430635953624062e+00
2.541430664049228128e+00
2.541430692146106729e+00
2.541430720244262087e+00
2.541430748343693313e+00
2.541430776444400408e+00
2.541430804546383371e+00
2.541430832549272267e+00
2.541430860653803414e+00
2.541430888759612650e+00
2.541430916866697753e+00
2.541430944874671027e+00
2.541430972984305647e+00
2.541431001095220132e+00
2.541431029107006800e+00
2.541431057220469469e+00
2.541431085234799880e+00
2.541431113350815174e+00
2.541431141367688440e+00
2.541431169385830025e+00
2.541431197505671591e+00
2.541431225526356918e+00
2.541431253548312341e+00
2.541431281571537415e+00
2.541431309696482455e+00
2.541431337722253048e+00
2.541431365749294624e+00
2.541431393777605852e+00
2.541431421807189395e+00
2.541431449838044365e+00
2.541431477870169431e+00
2.541431505903566368e+00
2.541431533938235621e+00
2.541431561974174969e+00
2.541431589910893685e+00
2.541431617949373223e+00
2.541431645989125521e+00
2.541431674030150134e+00
2.541431701971935464e+00
2.541431730015501156e+00
2.541431757959817794e+00
2.541431786005925453e+00
2.541431813952775176e+00
2.541431842001426578e+00
2.541431869950809830e+00
2.541431898002001866e+00
2.541431925953919535e+00
2.541431953907102859e+00
2.541431981962109177e+00
2.541432009917827362e+00
2.541432037874812533e+00
2.541432065833060694e+00
2.541432093792577618e+00
2.541432121753358420e+00
2.541432149715407096e+00
2.541432177678721871e+00
2.541432205643302744e+00
2.541432233609151048e+00
2.541432261576265894e+00
2.541432289544648615e+00
2.541432317514297878e+00
2.541432345485215016e+00
2.541432373356777408e+00
2.541432401330226298e+00
2.541432429304941731e+00
2.541432457180291316e+00
2.541432485157540277e+00
2.541432513136056670e+00
2.541432541015193891e+00
2.541432568996242480e+00
2.541432596877903016e+00
2.541432624760823877e+00
2.541432652745670762e+00
2.541432680631118934e+00
2.541432708517826100e+00
2.541432736506473500e+00
2.541432764395706201e+00
2.541432792286201003e+00
2.541432820177956131e+00
2.541432848070971584e+00
2.541432875965251359e+00
2.541432903860792791e+00
2.541432931757594105e+00
2.541432959655661072e+00
2.541432987554986589e+00
2.541433015455576871e+00
2.541433043357427479e+00
2.541433071260542409e+00
2.541433099164919884e+00
2.541433126969817380e+00
2.541433154876717726e+00
2.541433182784880174e+00
2.541433210593549319e+00
2.541433238504239078e+00
2.541433266315419992e+00
2.541433294228630402e+00
2.541433322042329301e+00
2.541433349958062582e+00
2.541433377774276803e+00
2.541433405692536063e+00
2.541433433511266493e+00
2.541433461331252364e+00
2.541433489152495451e+00
2.541433517075802673e+00
2.541433544899561969e+00
2.541433572724579371e+00
2.541433600550853988e+00
2.541433628378384491e+00
2.541433656207173541e+00
2.541433684037219365e+00
2.541433711868522849e+00
2.541433739701083550e+00
2.541433767534903687e+00
2.541433795369981485e+00
2.541433823105458956e+00
2.541433850943048967e+00
2.541433878781896638e+00
2.541433906521132435e+00
2.541433934362494096e+00
2.541433962205115193e+00
2.541433989948109762e+00
2.541434017793245737e+00
2.541434045538745412e+00
2.541434073386394932e+00
2.541434101134402823e+00
2.541434128984569440e+00
2.541434156735081995e+00
2.541434184486846881e+00
2.541434212239863211e+00
2.541434240095058250e+00
2.541434267850583240e+00
2.541434295607360561e+00
2.541434323365389325e+00
2.541434351124670421e+00
2.541434378885204293e+00
2.541434406646990940e+00
2.541434434410031251e+00
2.541434462174324782e+00
2.541434489939870200e+00
2.541434517706670171e+00
2.541434545474724693e+00
2.541434573244032435e+00
2.541434600913606179e+00
2.541434628685417696e+00
2.541434656458482433e+00
2.541434684131801625e+00
2.541434711907371913e+00
2.541434739684197197e+00
2.541434767361263170e+00
2.541434795140593117e+00
2.541434822820156203e+00
2.541434850500966292e+00
2.541434878284054122e+00
2.541434905967361324e+00
2.541434933651914641e+00
2.541434961438762574e+00
2.541434989125815669e+00
2.541435016814115322e+00
2.541435044503662866e+00
2.541435072194459188e+00
2.541435099987571000e+00
2.541435127680866213e+00
2.541435155375411536e+00
2.541435183071204307e+00
2.541435210768245856e+00
2.541435238365444604e+00
2.541435266064979714e+00
2.541435293765764047e+00
2.541435321467796271e+00
2.541435349171079050e+00
2.541435376774497712e+00
2.541435404480274940e+00
2.541435432187301835e+00
2.541435459794452179e+00
2.541435487503973967e+00
2.541435515113612098e+00
2.541435542825630556e+00
2.541435570437755587e+00
2.541435598152272046e+00
2.541435625766885309e+00
2.541435653382740689e+00
2.541435681101001265e+00
2.541435708719346209e+00
2.541435736338933271e+00
2.541435763959764227e+00
2.541435791683019030e+00
2.541435819306339994e+00
2.541435846930903963e+00
2.541435874556711827e+00
2.541435902183763140e+00
2.541435929812059236e+00
2.541435957441597893e+00
2.541435985072381776e+00
2.541436012704408665e+00
2.541436040236458638e+00
2.541436067870971094e+00
2.541436095506727888e+00
2.541436123143729908e+00
2.541436150680736805e+00
2.541436178320225281e+00
2.541436205960959871e+00
2.541436233501682462e+00
2.541436261144905284e+00
2.541436288688107226e+00
2.541436316333815615e+00
2.541436343879495574e+00
2.541436371426416319e+00
2.541436399075856833e+00
2.541436426625254263e+00
2.541436454175891146e+00
2.541436481829062455e+00
2.541436509382180020e+00
2.541436536936535706e+00
2.541436564492130845e+00
2.541436592048964993e+00
2.541436619607037262e+00
2.541436647166348539e+00
2.541436674726898826e+00
2.541436702288689453e+00
2.541436729851719534e+00
2.541436757415989511e+00
2.541436784981498942e+00
2.541436812548248270e+00
2.541436840014883014e+00
2.541436867584108583e+00
2.541436895154573605e+00
2.541436922624912942e+00
2.541436950197855982e+00
2.541436977772040695e+00
2.541437005246083292e+00
2.541437032822747355e+00
2.541437060299259532e+00
2.541437087878400725e+00
2.541437115357383814e+00
2.541437142837598806e+00
2.541437170420457026e+00
2.541437197903143819e+00
2.541437225387063403e+00
2.541437252872219332e+00
2.541437280460033143e+00
2.541437307947659541e+00
2.541437335436520506e+00
2.541437362926614707e+00
2.541437390417943920e+00
2.541437417910505925e+00
2.541437445404305162e+00
2.541437472899338523e+00
2.541437500395608229e+00
2.541437527893111614e+00
2.541437555290377404e+00
2.541437582790347260e+00
2.541437610291553018e+00
2.541437637793995563e+00
2.541437665196181861e+00
2.541437692701092210e+00
2.541437720207238904e+00
2.541437747613116471e+00
2.541437775121730969e+00
2.541437802530070122e+00
2.541437830041154644e+00
2.541437857451954496e+00
2.541437884863979146e+00
2.541437912378767372e+00
2.541437939793256273e+00
2.541437967208973969e+00
2.541437994625919572e+00
2.541438022145646958e+00
2.541438049565055479e+00
2.541438076985695460e+00
2.541438104407563792e+00
2.541438131830661362e+00
2.541438159254991280e+00
2.541438186680549549e+00
2.541438214107338389e+00
2.541438241535357800e+00
2.541438268964607783e+00
2.541438296395089225e+00
2.541438323725199400e+00
2.541438351158137987e+00
2.541438378592308922e+00
2.541438406027709096e+00
2.541438433362723792e+00
2.541438460800583776e+00
2.541438488138046736e+00
2.541438515578366086e+00
2.541438542918281751e+00
2.541438570361061799e+00
2.541438597703427504e+00
2.541438625148669139e+00
2.541438652493487105e+00
2.541438679839530312e+00
2.541438707288460996e+00
2.541438734636956021e+00
2.541438761986675843e+00
2.541438789337620463e+00
2.541438816791472544e+00
2.541438844144872089e+00
2.541438871499495100e+00
2.541438898855346462e+00
2.541438926212421290e+00
2.541438953570720471e+00
2.541438980930246228e+00
2.541439008290999446e+00
2.541439035551258385e+00
2.541439062914458979e+00
2.541439090278885704e+00
2.541439117644539891e+00
2.541439144909682479e+00
2.541439172277784486e+00
2.541439199647114400e+00
2.541439226915920280e+00
2.541439254287700233e+00
2.541439281660708538e+00
2.541439308933179486e+00
2.541439336206868127e+00
2.541439363583551270e+00
2.541439390859681957e+00
2.541439418238818249e+00
2.541439445517394091e+00
2.541439472797188515e+00
2.541439500078202407e+00
2.541439527462239667e+00
2.541439554745699603e+00
2.541439582030379896e+00
2.541439609316280546e+00
2.541439636603401553e+00
2.541439663891744694e+00
2.541439691181306859e+00
2.541439718472091158e+00
2.541439745764097147e+00
2.541439773057324381e+00
2.541439800351772860e+00
2.541439827647443472e+00
2.541439854842480806e+00
2.541439882140589468e+00
2.541439909439922040e+00
2.541439936638607122e+00
2.541439963940379076e+00
2.541439991243377161e+00
2.541440018445710436e+00
2.541440045751147903e+00
2.541440072955916563e+00
2.541440100263797852e+00
2.541440127470995236e+00
2.541440154781317684e+00
2.541440181990951785e+00
2.541440209201803135e+00
2.541440236413868181e+00
2.541440263729073390e+00
2.541440290943574709e+00
2.541440318159290612e+00
2.541440345376221988e+00
2.541440372594371055e+00
2.541440399813735596e+00
2.541440427034315164e+00
2.541440454256111536e+00
2.541440481479124713e+00
2.541440508703355583e+00
2.541440535928803257e+00
2.541440563155467292e+00
2.541440590383349019e+00
2.541440617612447994e+00
2.541440644740776023e+00
2.541440671972306387e+00
2.541440699205053111e+00
2.541440726337017342e+00
2.541440753572196343e+00
2.541440780706583524e+00
2.541440807944194802e+00
2.541440835081006711e+00
2.541440862321051597e+00
2.541440889460285568e+00
2.541440916702764063e+00
2.541440943844424538e+00
2.541440970987293380e+00
2.541440998233421844e+00
2.541441025378717633e+00
2.541441052525224009e+00
2.541441079672942749e+00
2.541441106821871188e+00
2.541441133972011990e+00
2.541441161225439060e+00
2.541441188378007254e+00
2.541441215531786924e+00
2.541441242584690841e+00
2.541441269740890352e+00
2.541441296898302671e+00
2.541441324056927797e+00
2.541441351216764843e+00
2.541441378377816029e+00
2.541441405437963486e+00
2.541441432601436290e+00
2.541441459766119682e+00
2.541441486829890017e+00
2.541441513996996804e+00
2.541441541165319951e+00
2.541441568232712722e+00
2.541441595403457931e+00
2.541441622473265216e+00
2.541441649646435152e+00
2.541441676718656062e+00
2.541441703792086670e+00
2.541441730968890589e+00
2.541441758044735710e+00
2.541441785121786978e+00
2.541441812200044836e+00
2.541441839279508841e+00
2.541441866462372801e+00
2.541441893544254427e+00
2.541441920627343087e+00
2.541441947711638782e+00
2.541441974797142844e+00
2.541442001883853052e+00
2.541442028971771627e+00
2.541442056060898125e+00
2.541442083049002765e+00
2.541442110140541111e+00
2.541442137233286935e+00
2.541442164327239794e+00
2.541442191422404129e+00
2.541442218416523069e+00
2.541442245514099696e+00
2.541442272510622047e+00
2.541442299610611855e+00
2.541442326711811361e+00
2.541442353711944158e+00
2.541442380815559066e+00
2.541442407818098381e+00
2.541442434821838070e+00
2.541442461929073193e+00
2.541442488935220290e+00
2.541442515942570424e+00
2.541442543053426650e+00
2.541442570063182860e+00
2.541442597074140330e+00
2.541442624086299062e+00
2.541442651099664829e+00
2.541442678114229192e+00
2.541442705129997037e+00
2.541442732146967476e+00
2.541442759165136955e+00
2.541442786184516578e+00
2.541442813205095685e+00
2.541442840226877387e+00
2.541442867249864346e+00
2.541442894274053010e+00
2.541442921197075933e+00
2.541442948223670228e+00
2.541442975251466674e+00
2.541443002178083610e+00
2.541443029208284798e+00
2.541443056239689913e+00
2.541443083169902195e+00
2.541443110203713829e+00
2.541443137136321528e+00
2.541443164172539682e+00
2.541443191107545019e+00
2.541443218043747176e+00
2.541443245083571334e+00
2.541443272022172017e+00
2.541443298961968633e+00
2.541443326005401016e+00
2.541443352947598822e+00
2.541443379890991672e+00
2.541443406835583119e+00
2.541443433781370942e+00
2.541443460728358694e+00
2.541443487676542823e+00
2.541443514625925992e+00
2.541443541576507759e+00
2.541443568528286345e+00
2.541443595481265749e+00
2.541443622435442862e+00
2.541443649390819459e+00
2.541443676244895311e+00
2.541443703202665994e+00
2.541443730161635717e+00
2.541443757121805813e+00
2.541443783980659177e+00
2.541443810943223802e+00
2.541443837804462369e+00
2.541443864769423300e+00
2.541443891633049290e+00
2.541443918600406526e+00
2.541443945466419940e+00
2.541443972436175258e+00
2.541443999304576984e+00
2.541444026174170645e+00
2.541444053147520421e+00
2.541444080019503726e+00
2.541444106892679411e+00
2.541444133767049252e+00
2.541444160745191638e+00
2.541444187621951123e+00
2.541444214499903875e+00
2.541444241379050339e+00
2.541444268259389183e+00
2.541444295140923515e+00
2.541444322023651115e+00
2.541444348907572426e+00
2.541444375690070423e+00
2.541444402576376049e+00
2.541444429463876276e+00
2.541444456352570214e+00
2.541444483242460084e+00
2.541444510030902215e+00
2.541444536923179953e+00
2.541444563816650515e+00
2.541444590608662679e+00
2.541444617504519776e+00
2.541444644298909150e+00
2.541444671197154115e+00
2.541444697993922919e+00
2.541444724894555307e+00
2.541444751693702653e+00
2.541444778494037049e+00
2.541444805398249684e+00
2.541444832200965287e+00
2.541444859004867052e+00
2.541444885809958976e+00
2.541444912718947791e+00
2.541444939526417812e+00
2.541444966335079769e+00
2.541444993144929221e+00
2.541445019955967943e+00
2.541445046768195493e+00
2.541445073581612313e+00
2.541445100396218848e+00
2.541445127212013766e+00
2.541445154028999287e+00
2.541445180744420718e+00
2.541445207563781672e+00
2.541445234384331897e+00
2.541445261206073614e+00
2.541445287926232144e+00
2.541445314750351958e+00
2.541445341575658823e+00
2.541445368299373175e+00
2.541445395127058582e+00
2.541445421853140818e+00
2.541445448683205210e+00
2.541445475411657107e+00
2.541445502244098265e+00
2.541445528974922041e+00
2.541445555706926651e+00
2.541445582542934734e+00
2.541445609277311668e+00
2.541445636012870768e+00
2.541445662749613366e+00
2.541445689590379864e+00
2.541445716329494786e+00
2.541445743069793206e+00
2.541445769811276456e+00
2.541445796553944536e+00
2.541445823297796114e+00
2.541445850042831633e+00
2.541445876789053315e+00
2.541445903536459827e+00
2.541445930285051169e+00
2.541445956931941641e+00
2.541445983682896870e+00
2.541446010435042702e+00
2.541446037188371587e+00
2.541446063839982727e+00
2.541446090595679053e+00
2.541446117352561984e+00
2.541446144007713848e+00
2.541446170766963775e+00
2.541446197424475084e+00
2.541446224186095115e+00
2.541446250845965871e+00
2.541446277609956894e+00
2.541446304272188428e+00
2.541446330935598574e+00
2.541446357703142755e+00
2.541446384368914124e+00
2.541446411035864994e+00
2.541446437703995365e+00
2.541446464476276645e+00
2.541446491146770459e+00
2.541446517818442885e+00
2.541446544491295256e+00
2.541446571165327128e+00
2.541446597840537613e+00
2.541446624516930708e+00
2.541446651194502859e+00
2.541446677873255844e+00
2.541446704553188773e+00
2.541446731131285830e+00
2.541446757813576429e+00
2.541446784497047862e+00
2.541446811181698795e+00
2.541446837764497424e+00
2.541446864451508247e+00
2.541446891139701680e+00
2.541446917726025490e+00
2.541446944416577480e+00
2.541446971005252298e+00
2.541446997698164179e+00
2.541447024289189116e+00
2.541447050984462663e+00
2.541447077577839941e+00
2.541447104172391391e+00
2.541447130871202997e+00
2.541447157468107676e+00
2.541447184066185638e+00
2.541447210665438661e+00
2.541447237368970935e+00
2.541447263970578074e+00
2.541447290573359830e+00
2.541447317177315757e+00
2.541447343782447632e+00
2.541447370388754123e+00
2.541447396996237451e+00
2.541447423604895839e+00
2.541447450214730619e+00
2.541447476825741347e+00
2.541447503334776314e+00
2.541447529948135386e+00
2.541447556562669519e+00
2.541447583178380931e+00
2.541447609692099707e+00
2.541447636310160796e+00
2.541447662929397833e+00
2.541447689446631131e+00
2.541447716068218288e+00
2.541447742587791936e+00
2.541447769211729657e+00
2.541447795733644988e+00
2.541447822359934605e+00
2.541447848884192950e+00
2.541447875512834909e+00
2.541447902039435824e+00
2.541447928567206915e+00
2.541447955096146849e+00
2.541447981729490380e+00
2.541448008260774216e+00
2.541448034793229560e+00
2.541448061326854635e+00
2.541448087861650329e+00
2.541448114397616642e+00
2.541448140934753575e+00
2.541448167473061570e+00
2.541448194012540629e+00
2.541448220553190307e+00
2.541448247095012825e+00
2.541448273638005073e+00
2.541448300182169717e+00
2.541448326624215603e+00
2.541448353170719709e+00
2.541448379718394879e+00
2.541448406267244664e+00
2.541448432713955263e+00
2.541448459265144955e+00
2.541448485714187466e+00
2.541448512267717064e+00
2.541448538822420389e+00
2.541448565274965432e+00
2.541448591728673545e+00
2.541448618286887395e+00
2.541448644742929197e+00
2.541448671303486506e+00
2.541448697761863329e+00
2.541448724221403666e+00
2.541448750682109292e+00
2.541448777247349078e+00
2.541448803710392390e+00
2.541448830174599660e+00
2.541448856639972220e+00
2.541448883106511847e+00
2.541448909574216763e+00
2.541448936043088302e+00
2.541448962513126020e+00
2.541448988984331248e+00
2.541449015456702210e+00
2.541449041930239794e+00
2.541449068404946665e+00
2.541449094777393558e+00
2.541449121254429677e+00
2.541449147732631531e+00
2.541449174212002227e+00
2.541449200589098290e+00
2.541449227070800010e+00
2.541449253450219103e+00
2.541449279934251848e+00
2.541449306419453436e+00
2.541449332802359962e+00
2.541449359289894794e+00
2.541449385675123906e+00
2.541449412061513424e+00
2.541449438552545903e+00
2.541449464941261116e+00
2.541449491331135846e+00
2.541449517825668192e+00
2.541449544217868617e+00
2.541449570611230335e+00
2.541449597005752459e+00
2.541449623401436320e+00
2.541449649798281918e+00
2.541449676196288365e+00
2.541449702595455662e+00
2.541449728995786028e+00
2.541449755397277688e+00
2.541449781799932417e+00
2.541449808203748439e+00
2.541449834608726199e+00
2.541449861014867473e+00
2.541449887422171816e+00
2.541449913727073628e+00
2.541449940136698338e+00
2.541449966547486561e+00
2.541449992959438298e+00
2.541450019268968852e+00
2.541450045683244063e+00
2.541450071995089655e+00
2.541450098411687009e+00
2.541450124725846749e+00
2.541450151144767133e+00
2.541450177461242355e+00
2.541450203882487990e+00
2.541450230201278693e+00
2.541450256521224915e+00
2.541450282945954431e+00
2.541450309268217467e+00
2.541450335591636467e+00
2.541450361916210987e+00
2.541450388241941916e+00
2.541450414568830141e+00
2.541450441000531857e+00
2.541450467329737783e+00
2.541450493660101895e+00
2.541450519991621970e+00
2.541450546324300674e+00
2.541450572554456944e+00
2.541450598889445800e+00
2.541450625225593285e+00
2.541450651562898067e+00
2.541450677901361033e+00
2.541450704240981739e+00
2.541450730478055586e+00
2.541450756819989110e+00
2.541450783163082150e+00
2.541450809403612787e+00
2.541450835749018644e+00
2.541450861991854993e+00
2.541450888339575886e+00
2.541450914584716614e+00
2.541450940934751213e+00
2.541450967182198539e+00
2.541450993534547287e+00
2.541451019784301213e+00
2.541451046035207106e+00
2.541451072391028188e+00
2.541451098644242457e+00
2.541451124898605141e+00
2.541451151154120680e+00
2.541451177410789075e+00
2.541451203668608549e+00
2.541451230031372521e+00
2.541451256291501704e+00
2.541451282552783741e+00
2.541451308815217303e+00
2.541451335078805052e+00
2.541451361239728701e+00
2.541451387505618165e+00
2.541451413772659595e+00
2.541451440040855214e+00
2.541451466310203244e+00
2.541451492580706795e+00
2.541451518748519600e+00
2.541451545021326197e+00
2.541451571295286094e+00
2.541451597466544587e+00
2.541451623742809751e+00
2.541451649916363742e+00
2.541451676194931952e+00
2.541451702370782773e+00
2.541451728651657582e+00
2.541451754829803455e+00
2.541451781112983976e+00
2.541451807293429344e+00
2.541451833475019573e+00
2.541451859761658660e+00
2.541451885945547939e+00
2.541451912130583413e+00
2.541451938316766412e+00
2.541451964504096495e+00
2.541451990796499416e+00
2.541452016986129436e+00
2.541452043176906983e+00
2.541452069368832944e+00
2.541452095561907321e+00
2.541452121756128779e+00
2.541452147951499096e+00
2.541452174044061874e+00
2.541452200241725023e+00
2.541452226440537920e+00
2.541452252640498344e+00
2.541452278841609846e+00
2.541452304939890272e+00
2.541452331143294607e+00
2.541452357347848245e+00
2.541452383449559704e+00
2.541452409656409284e+00
2.541452435864408166e+00
2.541452461969550658e+00
2.541452488179846370e+00
2.541452514287276809e+00
2.541452540395848558e+00
2.541452566609587294e+00
2.541452592720446546e+00
2.541452618832449328e+00
2.541452645049631087e+00
2.541452671163924482e+00
2.541452697279355633e+00
2.541452723395932090e+00
2.541452749617707951e+00
2.541452775736573244e+00
2.541452801856583399e+00
2.541452827977735307e+00
2.541452854100031189e+00
2.541452880223471045e+00
2.541452906348053098e+00
2.541452932473780457e+00
2.541452958600651346e+00
2.541452984728667541e+00
2.541453010753722985e+00
2.541453036884022243e+00
2.541453063015466363e+00
2.541453089148054012e+00
2.541453115177667144e+00
2.541453141312540520e+00
2.541453167448559647e+00
2.541453193481588713e+00
2.541453219619894455e+00
2.541453245655201254e+00
2.541453271795793611e+00
2.541453297833378144e+00
2.541453323976257117e+00
2.541453350016121604e+00
2.541453376161289412e+00
2.541453402203431633e+00
2.541453428246712054e+00
2.541453454395310896e+00
2.541453480440871715e+00
2.541453506487569403e+00
2.541453532535406179e+00
2.541453558584381600e+00
2.541453584634495222e+00
2.541453610789954354e+00
2.541453636842349706e+00
2.541453662895884147e+00
2.541453688950559009e+00
2.541453715006370295e+00
2.541453740959092489e+00
2.541453767017178400e+00
2.541453793076406065e+00
2.541453819136771930e+00
2.541453845198277772e+00
2.541453871260924480e+00
2.541453897220453673e+00
2.541453923285375893e+00
2.541453949351439423e+00
2.541453975314372116e+00
2.541454001382711159e+00
2.541454027347912259e+00
2.541454053418529480e+00
2.541454079385998099e+00
2.541454105458894830e+00
2.541454131428632746e+00
2.541454157503807210e+00
2.541454183475817530e+00
2.541454209448956725e+00
2.541454235527548455e+00
2.541454261502960943e+00
2.541454287479507634e+00
2.541454313457186309e+00
2.541454339435999188e+00
2.541454365520285474e+00
2.541454391501371202e+00
2.541454417483589800e+00
2.541454443466943047e+00
2.541454469451431830e+00
2.541454495437053929e+00
2.541454521423810675e+00
2.541454547411703846e+00
2.541454573296354269e+00
2.541454599286512739e+00
2.541454625277803636e+00
2.541454651270231402e+00
2.541454677263795592e+00
2.541454703154097494e+00
2.541454729149928760e+00
2.541454755146896449e+00
2.541454781040585864e+00
2.541454807039821073e+00
2.541454832935771790e+00
2.541454858937275851e+00
2.541454884835484762e+00
2.541454910839257231e+00
2.541454936739727444e+00
2.541454962745769652e+00
2.541454988648499391e+00
2.541455014552358893e+00
2.541455040561805045e+00
2.541455066467926294e+00
2.541455092375177305e+00
2.541455118283554526e+00
2.541455144193062399e+00
2.541455170103701811e+00
2.541455196119952298e+00
2.541455222032853456e+00
2.541455247946883933e+00
2.541455273862044617e+00
2.541455299778334620e+00
2.541455325695755718e+00
2.541455351509795069e+00
2.541455377429471252e+00
2.541455403350278086e+00
2.541455429272217348e+00
2.541455455195285484e+00
2.541455481014950557e+00
2.541455506940277331e+00
2.541455532866735645e+00
2.541455558689776240e+00
2.541455584618494079e+00
2.541455610548341681e+00
2.541455636374759131e+00
2.541455662306868035e+00
2.541455688135536573e+00
2.541455714069904115e+00
2.541455739900824629e+00
2.541455765732867356e+00
2.541455791670624631e+00
2.541455817504918890e+00
2.541455843340338916e+00
2.541455869281485924e+00
2.541455895119157482e+00
2.541455920957956138e+00
2.541455946797876564e+00
2.541455972638922312e+00
2.541455998481094714e+00
2.541456024324389773e+00
2.541456050168812375e+00
2.541456076014356302e+00
2.541456101861029993e+00
2.541456127708827673e+00
2.541456153557750675e+00
2.541456179407802107e+00
2.541456205258975753e+00
2.541456231111277830e+00
2.541456256860033847e+00
2.541456282714583459e+00
2.541456308570260170e+00
2.541456334427063091e+00
2.541456360180303520e+00
2.541456386039356197e+00
2.541456411794836168e+00
2.541456437656139489e+00
2.541456463413862110e+00
2.541456489277414299e+00
2.541456515037377795e+00
2.541456540903183736e+00
2.541456566665389882e+00
2.541456592428715133e+00
2.541456618297895709e+00
2.541456644063463166e+00
2.541456669830152393e+00
2.541456695702708490e+00
2.541456721471641256e+00
2.541456747241693570e+00
2.541456773012866321e+00
2.541456798785159066e+00
2.541456824558572691e+00
2.541456850333106310e+00
2.541456876108761698e+00
2.541456901885537523e+00
2.541456927663432896e+00
2.541456953442451816e+00
2.541456979222589396e+00
2.541457005003850522e+00
2.541457030681424811e+00
2.541457056464922815e+00
2.541457082249545252e+00
2.541457108035289458e+00
2.541457133717327288e+00
2.541457159505310592e+00
2.541457185294417442e+00
2.541457210979804593e+00
2.541457236771150541e+00
2.541457262458771460e+00
2.541457288252359170e+00
2.541457313942212526e+00
2.541457339738042887e+00
2.541457365430127791e+00
2.541457391123328691e+00
2.541457416922521695e+00
2.541457442617955476e+00
2.541457468314504808e+00
2.541457494012170581e+00
2.541457519815844446e+00
2.541457545515746208e+00
2.541457571216761746e+00
2.541457596918892392e+00
2.541457622622139034e+00
2.541457648326502117e+00
2.541457674031980751e+00
2.541457699738578491e+00
2.541457725446288674e+00
2.541457751155117961e+00
2.541457776865063245e+00
2.541457802576125857e+00
2.541457828183355527e+00
2.541457853896647023e+00
2.541457879611056292e+00
2.541457905326582001e+00
2.541457930938259224e+00
2.541457956656016925e+00
2.541457982374891955e+00
2.541458007989904289e+00
2.541458033711010422e+00
2.541458059328244978e+00
2.541458085051583993e+00
2.541458110671042547e+00
2.541458136396613998e+00
2.541458162018296107e+00
2.541458187746101771e+00
2.541458213370008323e+00
2.541458238995025098e+00
2.541458264621153429e+00
2.541458290353421745e+00
2.541458315981774074e+00
2.541458341611237959e+00
2.541458367241812955e+00
2.541458392873497729e+00
2.541458418506294503e+00
2.541458444140203721e+00
2.541458469775222717e+00
2.541458495411355489e+00
2.541458521048598040e+00
2.541458546686953479e+00
2.541458572326420029e+00
2.541458597967001243e+00
2.541458623608692680e+00
2.541458649251497448e+00
2.541458674790314731e+00
2.541458700435340390e+00
2.541458726081479380e+00
2.541458751728730370e+00
2.541458777271977887e+00
2.541458802921450655e+00
2.541458828466909736e+00
2.541458854118606059e+00
2.541458879666280701e+00
2.541458905320199690e+00
2.541458930870088562e+00
2.541458956526231550e+00
2.541458982078336426e+00
2.541459007736702524e+00
2.541459033291019853e+00
2.541459058846446961e+00
2.541459084402976742e+00
2.541459110065790838e+00
2.541459135624538401e+00
2.541459161184390414e+00
2.541459186745350873e+00
2.541459212307417115e+00
2.541459237870590915e+00
2.541459263434870053e+00
2.541459289000256749e+00
2.541459314566751448e+00
2.541459340134353262e+00
2.541459365703062634e+00
2.541459391272879564e+00
2.541459416843803609e+00
2.541459442415836989e+00
2.541459467988977039e+00
2.541459493457979057e+00
2.541459519033332004e+00
2.541459544609792509e+00
2.541459570082101216e+00
2.541459595660775062e+00
2.541459621240558686e+00
2.541459646716176302e+00
2.541459672298171935e+00
2.541459697775994897e+00
2.541459723360205203e+00
2.541459748840234401e+00
2.541459774321362275e+00
2.541459799908893480e+00
2.541459825392227589e+00
2.541459850981973911e+00
2.541459876467516921e+00
2.541459901954160827e+00
2.541459927441905187e+00
2.541459952930752220e+00
2.541459978526033670e+00
2.541460004017087826e+00
2.541460029509245100e+00
2.541460055002504159e+00
2.541460080496867224e+00
2.541460105992329854e+00
2.541460131488896934e+00
2.541460156986566687e+00
2.541460182485338226e+00
2.541460207985214659e+00
2.541460233380814504e+00
2.541460258882890066e+00
2.541460284386072299e+00
2.541460309890358538e+00
2.541460335395746561e+00
2.541460360796838458e+00
2.541460386304430497e+00
2.541460411707716638e+00
2.541460437217511803e+00
2.541460462728414527e+00
2.541460488134994478e+00
2.541460513648098996e+00
2.541460539056877188e+00
2.541460564572187053e+00
2.541460589983161267e+00
2.541460615395233269e+00
2.541460640913849822e+00
2.541460666328117846e+00
2.541460691743482325e+00
2.541460717265407787e+00
2.541460742682970952e+00
2.541460768101630574e+00
2.541460793521387984e+00
2.541460818942243183e+00
2.541460844364194838e+00
2.541460869787244725e+00
2.541460895211391513e+00
2.541460920636636978e+00
2.541460946062980675e+00
2.541460971490421272e+00
2.541460996918962767e+00
2.541461022348602050e+00
2.541461047779338678e+00
2.541461073211174870e+00
2.541461098644109740e+00
2.541461123972606817e+00
2.541461149407735043e+00
2.541461174843964166e+00
2.541461200175739510e+00
2.541461225614162878e+00
2.541461251053685366e+00
2.541461276388743862e+00
2.541461301830461039e+00
2.541461327167706230e+00
2.541461352611619429e+00
2.541461377951051315e+00
2.541461403291574328e+00
2.541461428738781336e+00
2.541461454081491933e+00
2.541461479530896739e+00
2.541461504875795363e+00
2.541461530221788667e+00
2.541461555568872210e+00
2.541461580917049101e+00
2.541461606371943294e+00
2.541461631722309100e+00
2.541461657073768698e+00
2.541461682426322533e+00
2.541461707779967494e+00
2.541461733134708023e+00
2.541461758490542344e+00
2.541461783847467792e+00
2.541461809205487921e+00
2.541461834564602729e+00
2.541461859924811328e+00
2.541461885180439584e+00
2.541461910542831770e+00
2.541461935906319525e+00
2.541461961270900183e+00
2.541461986530884953e+00
2.541462011897651418e+00
2.541462037265513452e+00
2.541462062528763610e+00
2.541462087898813227e+00
2.541462113164238978e+00
2.541462138536474402e+00
2.541462163804079744e+00
2.541462189178500974e+00
2.541462214448285906e+00
2.541462239824895164e+00
2.541462265096858353e+00
2.541462290369907784e+00
2.541462315749798417e+00
2.541462341025028326e+00
2.541462366301346254e+00
2.541462391578752200e+00
2.541462416857246609e+00
2.541462442242603093e+00
2.541462467523277535e+00
2.541462492805039997e+00
2.541462518087892697e+00
2.541462543371834304e+00
2.541462568656863485e+00
2.541462593942982018e+00
2.541462619230190789e+00
2.541462644412677108e+00
2.541462669702057919e+00
2.541462694992530302e+00
2.541462720284093812e+00
2.541462745576744009e+00
2.541462770764652213e+00
2.541462796059479778e+00
2.541462821355396695e+00
2.541462846652405183e+00
2.541462871844650806e+00
2.541462897143835775e+00
2.541462922338250330e+00
2.541462947639611780e+00
2.541462972836196599e+00
2.541462998139735863e+00
2.541463023338487837e+00
2.541463048644206690e+00
2.541463073845128484e+00
2.541463099047131635e+00
2.541463124356117653e+00
2.541463149560291068e+00
2.541463174765549837e+00
2.541463199971892184e+00
2.541463225179317220e+00
2.541463250493745107e+00
2.541463275703341740e+00
2.541463300914022394e+00
2.541463326125788846e+00
2.541463351338636212e+00
2.541463376552569375e+00
2.541463401767586561e+00
2.541463426983689100e+00
2.541463452200874773e+00
2.541463477419146244e+00
2.541463502532538499e+00
2.541463527752974016e+00
2.541463552974496665e+00
2.541463578197105555e+00
2.541463603420798023e+00
2.541463628539587738e+00
2.541463653765449138e+00
2.541463678992394559e+00
2.541463704114424349e+00
2.541463729343539146e+00
2.541463754467727654e+00
2.541463779699010939e+00
2.541463804825358164e+00
2.541463830058809936e+00
2.541463855187318543e+00
2.541463880316905399e+00
2.541463905553608349e+00
2.541463930685355699e+00
2.541463955818181297e+00
2.541463981058138533e+00
2.541464006193125513e+00
2.541464031329192075e+00
2.541464056466336885e+00
2.541464081604561720e+00
2.541464106849939952e+00
2.541464131990326614e+00
2.541464157131794632e+00
2.541464182274340899e+00
2.541464207417967192e+00
2.541464232562673953e+00
2.541464257708461183e+00
2.541464282855325774e+00
2.541464307897160602e+00
2.541464333046183466e+00
2.541464358196287687e+00
2.541464383347471490e+00
2.541464408499736649e+00
2.541464433546947621e+00
2.541464458701370166e+00
2.541464483856874068e+00
2.541464508907310460e+00
2.541464534064973524e+00
2.541464559117560640e+00
2.541464584277381977e+00
2.541464609332118485e+00
2.541464634494099428e+00
2.541464659550987548e+00
2.541464684715129430e+00
2.541464709774167385e+00
2.541464734834280481e+00
2.541464760001660217e+00
2.541464785063924481e+00
2.541464810127262552e+00
2.541464835297882807e+00
2.541464860363374711e+00
2.541464885429940423e+00
2.541464910497580831e+00
2.541464935566296823e+00
2.541464960636086623e+00
2.541464985706950674e+00
2.541465010778892086e+00
2.541465035851907306e+00
2.541465060925998554e+00
2.541465086001164497e+00
2.541465111077406025e+00
2.541465136154724025e+00
2.541465161233117165e+00
2.541465186312587221e+00
2.541465211286856096e+00
2.541465236368473768e+00
2.541465261451169688e+00
2.541465286534940304e+00
2.541465311513491976e+00
2.541465336599414648e+00
2.541465361580106386e+00
2.541465386668175341e+00
2.541465411651010697e+00
2.541465436741229489e+00
2.541465461726205355e+00
2.541465486818576203e+00
2.541465511805693911e+00
2.541465536900215483e+00
2.541465561889474589e+00
2.541465586879805283e+00
2.541465611977551831e+00
2.541465636970025255e+00
2.541465661963567157e+00
2.541465686958178871e+00
2.541465712060226423e+00
2.541465737056983532e+00
2.541465762054810007e+00
2.541465787053707182e+00
2.541465812053673723e+00
2.541465837054711852e+00
2.541465862056819791e+00
2.541465887059999318e+00
2.541465912064248656e+00
2.541465937069571357e+00
2.541465962075962981e+00
2.541465986977009095e+00
2.541466011985540341e+00
2.541466036995143618e+00
2.541466062005815374e+00
2.541466086911126965e+00
2.541466111923941007e+00
2.541466136937826192e+00
2.541466161846335670e+00
2.541466186862360477e+00
2.541466211879459092e+00
2.541466236791166899e+00
2.541466261810406913e+00
2.541466286724248569e+00
2.541466311745629092e+00
2.541466336661602821e+00
2.541466361578640587e+00
2.541466386603232763e+00
2.541466411522403490e+00
2.541466436442639587e+00
2.541466461470444749e+00
2.541466486392815138e+00
2.541466511316251342e+00
2.541466536240751584e+00
2.541466561166316751e+00
2.541466586092950397e+00
2.541466611127177977e+00
2.541466636055945472e+00
2.541466660985780113e+00
2.541466685916678792e+00
2.541466710848645949e+00
2.541466735781678921e+00
2.541466760609218500e+00
2.541466785544378659e+00
2.541466810480605965e+00
2.541466835417900860e+00
2.541466860356263346e+00
2.541466885295692091e+00
2.541466910129601686e+00
2.541466935071161615e+00
2.541466960013787801e+00
2.541466984850882849e+00
2.541467009795640664e+00
2.541467034634858901e+00
2.541467059581746568e+00
2.541467084529704046e+00
2.541467109372108180e+00
2.541467134215571022e+00
2.541467159166725942e+00
2.541467184012312419e+00
2.541467208965599411e+00
2.541467233813310855e+00
2.541467258662082784e+00
2.541467283618569439e+00
2.541467308469465003e+00
2.541467333321421052e+00
2.541467358174439362e+00
2.541467383028519045e+00
2.541467407990333882e+00
2.541467432846539420e+00
2.541467457703805444e+00
2.541467482562132396e+00
2.541467507421522498e+00
2.541467532281973085e+00
2.541467557143484601e+00
2.541467582006059711e+00
2.541467606762982001e+00
2.541467631627678081e+00
2.541467656493433314e+00
2.541467681360252140e+00
2.541467706228132784e+00
2.541467730990341067e+00
2.541467755860342681e+00
2.541467780731406556e+00
2.541467805603536689e+00
2.541467830369973147e+00
2.541467855244222029e+00
2.541467880012773684e+00
2.541467904889145757e+00
2.541467929659809499e+00
2.541467954538305207e+00
2.541467979311083702e+00
2.541468004191703489e+00
2.541468028966597625e+00
2.541468053742544253e+00
2.541468078626349492e+00
2.541468103404413093e+00
2.541468128183533182e+00
2.541468153070521652e+00
2.541468177851758270e+00
2.541468202634050488e+00
2.541468227417400083e+00
2.541468252201806166e+00
2.541468276987266961e+00
2.541468301773785576e+00
2.541468326561360236e+00
2.541468351349992272e+00
2.541468376139683460e+00
2.541468400930428029e+00
2.541468425722231306e+00
2.541468450515093735e+00
2.541468475309012209e+00
2.541468500103989392e+00
2.541468524793140560e+00
2.541468549590231163e+00
2.541468574388377366e+00
2.541468599187580946e+00
2.541468623880943856e+00
2.541468648682260856e+00
2.541468673484637453e+00
2.541468698181157393e+00
2.541468722985646966e+00
2.541468747684272333e+00
2.541468772490874883e+00
2.541468797191606122e+00
2.541468822000322536e+00
2.541468846703158313e+00
2.541468871407045249e+00
2.541468896218932461e+00
2.541468920924925268e+00
2.541468945631969678e+00
2.541468970447028575e+00
2.541468995156177968e+00
2.541469019866383849e+00
2.541469044577636893e+00
2.541469069289941984e+00
2.541469094110285987e+00
2.541469118824701390e+00
2.541469143540166620e+00
2.541469168256685673e+00
2.541469192974258107e+00
2.541469217692880367e+00
2.541469242412556895e+00
2.541469267026268408e+00
2.541469291748046366e+00
2.541469316470877260e+00
2.541469341194760645e+00
2.541469365919699186e+00
2.541469390645690662e+00
2.541469415265687815e+00
2.541469439993780721e+00
2.541469464722929672e+00
2.541469489346071864e+00
2.541469514077322245e+00
2.541469538702560094e+00
2.541469563435915457e+00
2.541469588170327754e+00
2.541469612798708866e+00
2.541469637535223036e+00
2.541469662165702026e+00
2.541469686797226402e+00
2.541469711536897602e+00
2.541469736170518523e+00
2.541469760805187494e+00
2.541469785548015281e+00
2.541469810184781686e+00
2.541469834822593921e+00
2.541469859461452430e+00
2.541469884208492402e+00
2.541469908849450121e+00
2.541469933491455002e+00
2.541469958134509710e+00
2.541469982778609804e+00
2.541470007423758837e+00
2.541470032069955920e+00
2.541470056717199277e+00
2.541470081365491129e+00
2.541470106014832364e+00
2.541470130665220317e+00
2.541470155209475834e+00
2.541470179861957224e+00
2.541470204515487552e+00
2.541470229170068151e+00
2.541470253825695469e+00
2.541470278375168590e+00
2.541470303032888900e+00
2.541470327691663034e+00
2.541470352244265207e+00
2.541470376905131445e+00
2.541470401459821282e+00
2.541470426122782289e+00
2.541470450679558013e+00
2.541470475344615565e+00
2.541470499903476732e+00
2.541470524570631717e+00
2.541470549131581436e+00
2.541470573693572543e+00
2.541470598363869904e+00
2.541470622927948675e+00
2.541470647493071056e+00
2.541470672166513900e+00
2.541470696733722612e+00
2.541470721301978042e+00
2.541470745871273529e+00
2.541470770441611293e+00
2.541470795012994000e+00
2.541470819585418095e+00
2.541470844158885356e+00
2.541470868733395783e+00
2.541470893308950707e+00
2.541470917885548353e+00
2.541470942463190497e+00
2.541470967041874474e+00
2.541470991621603837e+00
2.541471016202377253e+00
2.541471040784196500e+00
2.541471065259705675e+00
2.541471089843607700e+00
2.541471114428553335e+00
2.541471138907181349e+00
2.541471163494211538e+00
2.541471188082288446e+00
2.541471212564031745e+00
2.541471237154193652e+00
2.541471261638013956e+00
2.541471286230262638e+00
2.541471310716160392e+00
2.541471335310495849e+00
2.541471359798471497e+00
2.541471384394893729e+00
2.541471408884949490e+00
2.541471433376041755e+00
2.541471457975593040e+00
2.541471482468764975e+00
2.541471506962975191e+00
2.541471531458220134e+00
2.541471556061946302e+00
2.541471580559273580e+00
2.541471605057638250e+00
2.541471629557040757e+00
2.541471654057483320e+00
2.541471678558963720e+00
2.541471703061482845e+00
2.541471727565039807e+00
2.541471752069636381e+00
2.541471776575271235e+00
2.541471801081946591e+00
2.541471825589661560e+00
2.541471850098414365e+00
2.541471874500705219e+00
2.541471899011533697e+00
2.541471923523402676e+00
2.541471948036310824e+00
2.541471972442739258e+00
2.541471996957723523e+00
2.541472021473747844e+00
2.541472045883279129e+00
2.541472070401379568e+00
2.541472094812980309e+00
2.541472119333157309e+00
2.541472143746824841e+00
2.541472168269079734e+00
2.541472192684817166e+00
2.541472217209149065e+00
2.541472241626956396e+00
2.541472266045795791e+00
2.541472290573246084e+00
2.541472314994154047e+00
2.541472339416094961e+00
2.541472363946662760e+00
2.541472388370674462e+00
2.541472412795720004e+00
2.541472437221799829e+00
2.541472461648912606e+00
2.541472486077060555e+00
2.541472510506240123e+00
2.541472534936454419e+00
2.541472559367702999e+00
2.541472583799986307e+00
2.541472608233303898e+00
2.541472632667655773e+00
2.541472657103042820e+00
2.541472681539463263e+00
2.541472705976920210e+00
2.541472730415411441e+00
2.541472754747272411e+00
2.541472779187830433e+00
2.541472803629423627e+00
2.541472827964375014e+00
2.541472852408032779e+00
2.541472876852728380e+00
2.541472901190767075e+00
2.541472925637529467e+00
2.541472949977627849e+00
2.541472974426460141e+00
2.541472998768616876e+00
2.541473023219515959e+00
2.541473047563732823e+00
2.541473072016701806e+00
2.541473096362978801e+00
2.541473120710283862e+00
2.541473145166355696e+00
2.541473169515721331e+00
2.541473193866115032e+00
2.541473218325291050e+00
2.541473242677748878e+00
2.541473267031232552e+00
2.541473291385746069e+00
2.541473315741289873e+00
2.541473340097863964e+00
2.541473364455463901e+00
2.541473388814094569e+00
2.541473413173756413e+00
2.541473437534446767e+00
2.541473461896167407e+00
2.541473486258918335e+00
2.541473510622699106e+00
2.541473534987509275e+00
2.541473559353351508e+00
2.541473583612402276e+00
2.541473607980301530e+00
2.541473632349230627e+00
2.541473656719189123e+00
2.541473680982342387e+00
2.541473705354360568e+00
2.541473729727409037e+00
2.541473753993636731e+00
2.541473778368745329e+00
2.541473802637022494e+00
2.541473827014188114e+00
2.541473851284516972e+00
2.541473875663743165e+00
2.541473899936121494e+00
2.541473924317406485e+00
2.541473948591835619e+00
2.541473972867289710e+00
2.541473997251665562e+00
2.541474021529169569e+00
2.541474045807699422e+00
2.541474070087252013e+00
2.541474094475744572e+00
2.541474118757351963e+00
2.541474143039981204e+00
2.541474167323637623e+00
2.541474191608317668e+00
2.541474215894020894e+00
2.541474240180751742e+00
2.541474264468505329e+00
2.541474288757285205e+00
2.541474313047091371e+00
2.541474337337921163e+00
2.541474361629778578e+00
2.541474385922659618e+00
2.541474410216567392e+00
2.541474434403522054e+00
2.541474458699475747e+00
2.541474482996457507e+00
2.541474507294466445e+00
2.541474531485503174e+00
2.541474555785558032e+00
2.541474580086641843e+00
2.541474604280740568e+00
2.541474628583873852e+00
2.541474652780011834e+00
2.541474677085193257e+00
2.541474701283373605e+00
2.541474725590606276e+00
2.541474749790827214e+00
2.541474774100111134e+00
2.541474798302373994e+00
2.541474822505657372e+00
2.541474846818015720e+00
2.541474871023340576e+00
2.541474895229685949e+00
2.541474919437049174e+00
2.541474943753507798e+00
2.541474967962916054e+00
2.541474992173343495e+00
2.541475016384791008e+00
2.541475040597259039e+00
2.541475064810745366e+00
2.541475089025254874e+00
2.541475113240784012e+00
2.541475137457331446e+00
2.541475161674903838e+00
2.541475185893495414e+00
2.541475210113105287e+00
2.541475234333738786e+00
2.541475258555393246e+00
2.541475282778068667e+00
2.541475306893622221e+00
2.541475331118337344e+00
2.541475355344072540e+00
2.541475379462672546e+00
2.541475403690448331e+00
2.541475427919245522e+00
2.541475452040893757e+00
2.541475476271731981e+00
2.541475500503592055e+00
2.541475524628289406e+00
2.541475548862192291e+00
2.541475572988921794e+00
2.541475597116666485e+00
2.541475621353626035e+00
2.541475645483403323e+00
2.541475669722407460e+00
2.541475693854216900e+00
2.541475717987041971e+00
2.541475742120881343e+00
2.541475766363967104e+00
2.541475790499840848e+00
2.541475814636729336e+00
2.541475838774634344e+00
2.541475862913554096e+00
2.541475887161740665e+00
2.541475911302695678e+00
2.541475935444668099e+00
2.541475959587653932e+00
2.541475983731657617e+00
2.541476007876675602e+00
2.541476032022711440e+00
2.541476056061477529e+00
2.541476080209542410e+00
2.541476104358620258e+00
2.541476128508718180e+00
2.541476152659830845e+00
2.541476176811963583e+00
2.541476200856798151e+00
2.541476225010958601e+00
2.541476249166136459e+00
2.541476273214006820e+00
2.541476297371215054e+00
2.541476321529442473e+00
2.541476345580346852e+00
2.541476369740605090e+00
2.541476393793533628e+00
2.541476417955821354e+00
2.541476442010771386e+00
2.541476466175093929e+00
2.541476490232068119e+00
2.541476514290052613e+00
2.541476538457420720e+00
2.541476562517428484e+00
2.541476586578448327e+00
2.541476610748865550e+00
2.541476634811908220e+00
2.541476658875960304e+00
2.541476682941026688e+00
2.541476707007100266e+00
2.541476731074185480e+00
2.541476755250700492e+00
2.541476779319812085e+00
2.541476803389936201e+00
2.541476827461069732e+00
2.541476851533217118e+00
2.541476875606374808e+00
2.541476899572099768e+00
2.541476923647277175e+00
2.541476947723466218e+00
2.541476971800666895e+00
2.541476995878880096e+00
2.541477019958106709e+00
2.541477043929872615e+00
2.541477068011119833e+00
2.541477092093378687e+00
2.541477116176650064e+00
2.541477140152445635e+00
2.541477164237739395e+00
2.541477188215546246e+00
2.541477212302862831e+00
2.541477236282682739e+00
2.541477260372020819e+00
2.541477284353856003e+00
2.541477308445216909e+00
2.541477332429066482e+00
2.541477356522451991e+00
2.541477380508314621e+00
2.541477404495183556e+00
2.541477428591603083e+00
2.541477452580487295e+00
2.541477476570377814e+00
2.541477500669831358e+00
2.541477524661737597e+00
2.541477548654651031e+00
2.541477572648568550e+00
2.541477596643494152e+00
2.541477620639425172e+00
2.541477644636362943e+00
2.541477668634307463e+00
2.541477692633259178e+00
2.541477716633216755e+00
2.541477740634182858e+00
2.541477764636155712e+00
2.541477788639135316e+00
2.541477812643122114e+00
2.541477836648117883e+00
2.541477860654119958e+00
2.541477884552500122e+00
2.541477908560513477e+00
2.541477932569535803e+00
2.541477956579566211e+00
2.541477980481954724e+00
2.541478004493996856e+00
2.541478028507047515e+00
2.541478052412442068e+00
2.541478076427508448e+00
2.541478100334908952e+00
2.541478124351983947e+00
2.541478148261393510e+00
2.541478172280482450e+00
2.541478196191892636e+00
2.541478220104303798e+00
2.541478244126415653e+00
2.541478268040831434e+00
2.541478291956249080e+00
2.541478315981382075e+00
2.541478339898805672e+00
2.541478363817231578e+00
2.541478387736658906e+00
2.541478411765817569e+00
2.541478435687253068e+00
2.541478459609688656e+00
2.541478483533126997e+00
2.541478507457568536e+00
2.541478531383009720e+00
2.541478555309453213e+00
2.541478579236901680e+00
2.541478603165350236e+00
2.541478627094803322e+00
2.541478651025256497e+00
2.541478674956714645e+00
2.541478698889174659e+00
2.541478722713847116e+00
2.541478746648310416e+00
2.541478770583776470e+00
2.541478794520245721e+00
2.541478818348908764e+00
2.541478842287382633e+00
2.541478866226857480e+00
2.541478890058514573e+00
2.541478913999994482e+00
2.541478937833645535e+00
2.541478961777129619e+00
2.541478985612777297e+00
2.541479009558266000e+00
2.541479033395910303e+00
2.541479057343401848e+00
2.541479081183041444e+00
2.541479105132540717e+00
2.541479128974176049e+00
2.541479152816807918e+00
2.541479176769314563e+00
2.541479200613943945e+00
2.541479224459570307e+00
2.541479248306191874e+00
2.541479272153813529e+00
2.541479296111330388e+00
2.541479319960949557e+00
2.541479343811564817e+00
2.541479367663178834e+00
2.541479391515790720e+00
2.541479415369398254e+00
2.541479439224004544e+00
2.541479463079609591e+00
2.541479486936212062e+00
2.541479510793812402e+00
2.541479534652410610e+00
2.541479558512008019e+00
2.541479582263649117e+00
2.541479606125237822e+00
2.541479629987826616e+00
2.541479653851414611e+00
2.541479677607027643e+00
2.541479701472609154e+00
2.541479725339188533e+00
2.541479749097784069e+00
2.541479772966357409e+00
2.541479796835931282e+00
2.541479820597504435e+00
2.541479844469075378e+00
2.541479868232634054e+00
2.541479892106198957e+00
2.541479915871746265e+00
2.541479939638284780e+00
2.541479963514840623e+00
2.541479987283366437e+00
2.541480011161920682e+00
2.541480034932434240e+00
2.541480058703939893e+00
2.541480082476437641e+00
2.541480106358982027e+00
2.541480130133468851e+00
2.541480153908946438e+00
2.541480177685419672e+00
2.541480201462883670e+00
2.541480225241339319e+00
2.541480249020788396e+00
2.541480272801232232e+00
2.541480296582668608e+00
2.541480320365097967e+00
2.541480344148518977e+00
2.541480367932936080e+00
2.541480391718345722e+00
2.541480415504748791e+00
2.541480439292146176e+00
2.541480463080537877e+00
2.541480486760797852e+00
2.541480510551171079e+00
2.541480534342541731e+00
2.541480558134904921e+00
2.541480581819117734e+00
2.541480605613466448e+00
2.541480629408810366e+00
2.541480653095990583e+00
2.541480676893319579e+00
2.541480700582475993e+00
2.541480724381790957e+00
2.541480748072924012e+00
2.541480771874226718e+00
2.541480795567337303e+00
2.541480819370629085e+00
2.541480843065715423e+00
2.541480866761791635e+00
2.541480890568060591e+00
2.541480914266113889e+00
2.541480937965158393e+00
2.541480961665187888e+00
2.541480985475428778e+00
2.541481009177439354e+00
2.541481032880436253e+00
2.541481056584422582e+00
2.541481080289396566e+00
2.541481103995358648e+00
2.541481127702309717e+00
2.541481151410250217e+00
2.541481175119176150e+00
2.541481198829091959e+00
2.541481222539997642e+00
2.541481246251891424e+00
2.541481269964775969e+00
2.541481293678648168e+00
2.541481317393509798e+00
2.541481341109361747e+00
2.541481364716906555e+00
2.541481388434732480e+00
2.541481412153548725e+00
2.541481435873354844e+00
2.541481459484837391e+00
2.541481483206618819e+00
2.541481506820067349e+00
2.541481530543824974e+00
2.541481554268574250e+00
2.541481577884976861e+00
2.541481601611701890e+00
2.541481625230072261e+00
2.541481648958774375e+00
2.541481672579113837e+00
2.541481696200436957e+00
2.541481719932103367e+00
2.541481743555393802e+00
2.541481767179666562e+00
2.541481790914302596e+00
2.541481814540544448e+00
2.541481838167772178e+00
2.541481861905372064e+00
2.541481885534567109e+00
2.541481909164748920e+00
2.541481932795912613e+00
2.541481956428059519e+00
2.541481980061191859e+00
2.541482003695306080e+00
2.541482027330404847e+00
2.541482050966486383e+00
2.541482074603554686e+00
2.541482098241607090e+00
2.541482121880641820e+00
2.541482145520662428e+00
2.541482169161668025e+00
2.541482192803656837e+00
2.541482216337171529e+00
2.541482239981127211e+00
2.541482263626066995e+00
2.541482287271993989e+00
2.541482310809425549e+00
2.541482334457318970e+00
2.541482358106196049e+00
2.541482381646566591e+00
2.541482405297411873e+00
2.541482428949243033e+00
2.541482452492552557e+00
2.541482476146352809e+00
2.541482499691622987e+00
2.541482523347389666e+00
2.541482546894620054e+00
2.541482570442826106e+00
2.541482594101545534e+00
2.541482617651712683e+00
2.541482641202856385e+00
2.541482664864528562e+00
2.541482688417635138e+00
2.541482711971720043e+00
2.541482735526783721e+00
2.541482759192391416e+00
2.541482782749415748e+00
2.541482806307421072e+00
2.541482829866403392e+00
2.541482853426366262e+00
2.541482876987307016e+00
2.541482900549229207e+00
2.541482924112128838e+00
2.541482947676009463e+00
2.541482971240869748e+00
2.541482994806709250e+00
2.541483018373527969e+00
2.541483041941328125e+00
2.541483065510107053e+00
2.541483089079867863e+00
2.541483112540973810e+00
2.541483136112690833e+00
2.541483159685390625e+00
2.541483183259066525e+00
2.541483206724074240e+00
2.541483230299711238e+00
2.541483253766667172e+00
2.541483277344259939e+00
2.541483300922835031e+00
2.541483324392717513e+00
2.541483347973250595e+00
2.541483371445083073e+00
2.541483395027575476e+00
2.541483418501360170e+00
2.541483442085809674e+00
2.541483465561543031e+00
2.541483489038248944e+00
2.541483512625640095e+00
2.541483536104298224e+00
2.541483559583929352e+00
2.541483583064535257e+00
2.541483606655843275e+00
2.541483630138399175e+00
2.541483653621932959e+00
2.541483677106438854e+00
2.541483700591919082e+00
2.541483724078374085e+00
2.541483747675560512e+00
2.541483771163969507e+00
2.541483794653353723e+00
2.541483818143712270e+00
2.541483841635046481e+00
2.541483865017576171e+00
2.541483888510857270e+00
2.541483912005110923e+00
2.541483935500342017e+00
2.541483958996549664e+00
2.541483982493732530e+00
2.541484005991891060e+00
2.541484029381214427e+00
2.541484052881320732e+00
2.541484076382403590e+00
2.541484099774637961e+00
2.541484123277668594e+00
2.541484146781678444e+00
2.541484170176822488e+00
2.541484193682779669e+00
2.541484217079866603e+00
2.541484240587772447e+00
2.541484263986799608e+00
2.541484287496658556e+00
2.541484310897625498e+00
2.541484334409433998e+00
2.541484357812342942e+00
2.541484381216221777e+00
2.541484404730954161e+00
2.541484428136775442e+00
2.541484451543564838e+00
2.541484474951325900e+00
2.541484498469958275e+00
2.541484521879664005e+00
2.541484545290335184e+00
2.541484568701976698e+00
2.541484592114588992e+00
2.541484615528172952e+00
2.541484638942725915e+00
2.541484662358249214e+00
2.541484685774741958e+00
2.541484709192205038e+00
2.541484732610640229e+00
2.541484756030045755e+00
2.541484779450422060e+00
2.541484802871769144e+00
2.541484826294087007e+00
2.541484849717376093e+00
2.541484873141636847e+00
2.541484896456888798e+00
2.541484919883088445e+00
2.541484943310258870e+00
2.541484966628408060e+00
2.541484990057517379e+00
2.541485013487599698e+00
2.541485036808647013e+00
2.541485060240668670e+00
2.541485083673662437e+00
2.541485106997608767e+00
2.541485130432543205e+00
2.541485153758421767e+00
2.541485177195297318e+00
2.541485200523106336e+00
2.541485223851880804e+00
2.541485247291666916e+00
2.541485270622374060e+00
2.541485293954044877e+00
2.541485317396742438e+00
2.541485340730348153e+00
2.541485364064916208e+00
2.541485387400451490e+00
2.541485410847031279e+00
2.541485434184500569e+00
2.541485457522935310e+00
2.541485480862334612e+00
2.541485504202699364e+00
2.541485527544030010e+00
2.541485550886326550e+00
2.541485574229589428e+00
2.541485597573817756e+00
2.541485620919011090e+00
2.541485644265171651e+00
2.541485667612298549e+00
2.541485690960391342e+00
2.541485714309449584e+00
2.541485737549333379e+00
2.541485760900321189e+00
2.541485784252276225e+00
2.541485807605198488e+00
2.541485830848926764e+00
2.541485854203778150e+00
2.541485877559598094e+00
2.541485900806209397e+00
2.541485924163958465e+00
2.541485947522677424e+00
2.541485970772173086e+00
2.541485994132822501e+00
2.541486017384240625e+00
2.541486040746822272e+00
2.541486064000163303e+00
2.541486087364676738e+00
2.541486110619940231e+00
2.541486133876165177e+00
2.541486157243575406e+00
2.541486180501721925e+00
2.541486203760832119e+00
2.541486227131139586e+00
2.541486250392173574e+00
2.541486273654165018e+00
2.541486296917120136e+00
2.541486320181034486e+00
2.541486343556171867e+00
2.541486366822010901e+00
2.541486390088812719e+00
2.541486413356574214e+00
2.541486436625298495e+00
2.541486459894982453e+00
2.541486483165628307e+00
2.541486506437236059e+00
2.541486529709805264e+00
2.541486552983336811e+00
2.541486576257827146e+00
2.541486599422970283e+00
2.541486622699381748e+00
2.541486645976756442e+00
2.541486669255092146e+00
2.541486692534391967e+00
2.541486715704317056e+00
2.541486738985538452e+00
2.541486762267719079e+00
2.541486785440515650e+00
2.541486808724618740e+00
2.541486831899326670e+00
2.541486855185353555e+00
2.541486878472341893e+00
2.541486901649922636e+00
2.541486924938834768e+00
2.541486948118328648e+00
2.541486971298777764e+00
2.541486994590572479e+00
2.541487017772936507e+00
2.541487041066653241e+00
2.541487064250930850e+00
2.541487087436165027e+00
2.541487110732767452e+00
2.541487133919915653e+00
2.541487157108021311e+00
2.541487180297082649e+00
2.541487203487098334e+00
2.541487226788507137e+00
2.541487249980440843e+00
2.541487273173329786e+00
2.541487296367175741e+00
2.541487319561978708e+00
2.541487342757737355e+00
2.541487365954454347e+00
2.541487389152125687e+00
2.541487412350757147e+00
2.541487435550344287e+00
2.541487458750888884e+00
2.541487481841903762e+00
2.541487505044358830e+00
2.541487528247770911e+00
2.541487551452140004e+00
2.541487574657467441e+00
2.541487597753244732e+00
2.541487620960484417e+00
2.541487644168682003e+00
2.541487667267313455e+00
2.541487690477423289e+00
2.541487713688490135e+00
2.541487736789983298e+00
2.541487760002963725e+00
2.541487783106358478e+00
2.541487806321252041e+00
2.541487829426551048e+00
2.541487852643356860e+00
2.541487875750563230e+00
2.541487898969285286e+00
2.541487922078395023e+00
2.541487945188454667e+00
2.541487968410046427e+00
2.541487991522012990e+00
2.541488014634929904e+00
2.541488037748797613e+00
2.541488060974216534e+00
2.541488084089991606e+00
2.541488107206717917e+00
2.541488130324396799e+00
2.541488153443026032e+00
2.541488176562608281e+00
2.541488199683141325e+00
2.541488222804626496e+00
2.541488245927064682e+00
2.541488269050454107e+00
2.541488292174796104e+00
2.541488315300092005e+00
2.541488338426338256e+00
2.541488361553538411e+00
2.541488384681692025e+00
2.541488407810797767e+00
2.541488430940854748e+00
2.541488453961191940e+00
2.541488477093152287e+00
2.541488500226066094e+00
2.541488523359933360e+00
2.541488546384059077e+00
2.541488569519830598e+00
2.541488592656553802e+00
2.541488615683524799e+00
2.541488638822150925e+00
2.541488661851016406e+00
2.541488684991547231e+00
2.541488708022307197e+00
2.541488731164744053e+00
2.541488754197399391e+00
2.541488777341738725e+00
2.541488800376291657e+00
2.541488823411788278e+00
2.541488846558985770e+00
2.541488869596379985e+00
2.541488892634718777e+00
2.541488915784774427e+00
2.541488938825012589e+00
2.541488961866196661e+00
2.541488984908327531e+00
2.541489007951405643e+00
2.541489030995430110e+00
2.541489054151196747e+00
2.541489077197121471e+00
2.541489100243991661e+00
2.541489123291810870e+00
2.541489146340577321e+00
2.541489169390290126e+00
2.541489192440952394e+00
2.541489215492561904e+00
2.541489238545121321e+00
2.541489261487789086e+00
2.541489284542238991e+00
2.541489307597636582e+00
2.541489330653982748e+00
2.541489353711278376e+00
2.541489376658662813e+00
2.541489399717850262e+00
2.541489422777987173e+00
2.541489445839073991e+00
2.541489468790231854e+00
2.541489491853211824e+00
2.541489514806256178e+00
2.541489537871129745e+00
2.541489560936953218e+00
2.541489583892827309e+00
2.541489606960547487e+00
2.541489629918307624e+00
2.541489652877008787e+00
2.541489675947568916e+00
2.541489698908157902e+00
2.541489721980613847e+00
2.541489744943089768e+00
2.541489767906507158e+00
2.541489790981807051e+00
2.541489813947112708e+00
2.541489836913358946e+00
2.541489859880549318e+00
2.541489882959638624e+00
2.541489905928718152e+00
2.541489928898738704e+00
2.541489951869702058e+00
2.541489974841608213e+00
2.541489997814456281e+00
2.541490020788247595e+00
2.541490043762983042e+00
2.541490066738660403e+00
2.541490089715281897e+00
2.541490112692846637e+00
2.541490135671354622e+00
2.541490158650805853e+00
2.541490181631200773e+00
2.541490204501517525e+00
2.541490227483794939e+00
2.541490250467017376e+00
2.541490273451184390e+00
2.541490296436294205e+00
2.541490319311304091e+00
2.541490342298299510e+00
2.541490365286239506e+00
2.541490388164064029e+00
2.541490411153889184e+00
2.541490434033589541e+00
2.541490457025298522e+00
2.541490479906878708e+00
2.541490502900474624e+00
2.541490525783928422e+00
2.541490548779412162e+00
2.541490571664743570e+00
2.541490594662113356e+00
2.541490617549323705e+00
2.541490640437471971e+00
2.541490663437669717e+00
2.541490686327696036e+00
2.541490709218659383e+00
2.541490732221687754e+00
2.541490755114530042e+00
2.541490778008310691e+00
2.541490800903028369e+00
2.541490823798683962e+00
2.541490846695278805e+00
2.541490869703964872e+00
2.541490892602439988e+00
2.541490915501853021e+00
2.541490938402203970e+00
2.541490961303494167e+00
2.541490984205722725e+00
2.541491007108888311e+00
2.541491030012994479e+00
2.541491052806848394e+00
2.541491075712826841e+00
2.541491098619746314e+00
2.541491121527604591e+00
2.541491144436402116e+00
2.541491167346138447e+00
2.541491190145595880e+00
2.541491213057208487e+00
2.541491235969759899e+00
2.541491258772018647e+00
2.541491281686446335e+00
2.541491304601813273e+00
2.541491327406875556e+00
2.541491350324118770e+00
2.541491373131048448e+00
2.541491396050169271e+00
2.541491418858965901e+00
2.541491441779963001e+00
2.541491464590628802e+00
2.541491487513503511e+00
2.541491510326038039e+00
2.541491533139504710e+00
2.541491556065194501e+00
2.541491578880529900e+00
2.541491601696798330e+00
2.541491624625305867e+00
2.541491647443443913e+00
2.541491670262515434e+00
2.541491693082519987e+00
2.541491715903458015e+00
2.541491738836656911e+00
2.541491761659465887e+00
2.541491784483208782e+00
2.541491807307884709e+00
2.541491830133494112e+00
2.541491852960038322e+00
2.541491875787516896e+00
2.541491898615928058e+00
2.541491921445273583e+00
2.541491944275554804e+00
2.541491967106769501e+00
2.541491989827540987e+00
2.541492012660620858e+00
2.541492035494635093e+00
2.541492058329585912e+00
2.541492081165468875e+00
2.541492103890885979e+00
2.541492126728636780e+00
2.541492149567323722e+00
2.541492172295529706e+00
2.541492195136082266e+00
2.541492217977570078e+00
2.541492240708564498e+00
2.541492263551920594e+00
2.541492286284773527e+00
2.541492309129996574e+00
2.541492331864708909e+00
2.541492354711799351e+00
2.541492377448371087e+00
2.541492400297329368e+00
2.541492423035760950e+00
2.541492445775120235e+00
2.541492468626882051e+00
2.541492491368101181e+00
2.541492514110248901e+00
2.541492536964813365e+00
2.541492559708820931e+00
2.541492582453757976e+00
2.541492605199623167e+00
2.541492627946417393e+00
2.541492650694140654e+00
2.541492673554307302e+00
2.541492696303892629e+00
2.541492719054407878e+00
2.541492741805851274e+00
2.541492764558224149e+00
2.541492787311526502e+00
2.541492810065758334e+00
2.541492832820920089e+00
2.541492855577012211e+00
2.541492878222477714e+00
2.541492900980423908e+00
2.541492923739301801e+00
2.541492946499107841e+00
2.541492969259845580e+00
2.541492992021513686e+00
2.541493014672529416e+00
2.541493037436054259e+00
2.541493060200510357e+00
2.541493082854298535e+00
2.541493105620613147e+00
2.541493128387857237e+00
2.541493151044421861e+00
2.541493173813524464e+00
2.541493196471938276e+00
2.541493219242899393e+00
2.541493241903161948e+00
2.541493264675982466e+00
2.541493287338096430e+00
2.541493310112775017e+00
2.541493332776740388e+00
2.541493355441627244e+00
2.541493378219095156e+00
2.541493400885834308e+00
2.541493423553495834e+00
2.541493446222082397e+00
2.541493469003266448e+00
2.541493491673704419e+00
2.541493514345065652e+00
2.541493537017352367e+00
2.541493559690562787e+00
2.541493582476395563e+00
2.541493605151457835e+00
2.541493627827446034e+00
2.541493650504359714e+00
2.541493673182197099e+00
2.541493695860959079e+00
2.541493718540647428e+00
2.541493741221259484e+00
2.541493763902797021e+00
2.541493786473521865e+00
2.541493809156905481e+00
2.541493831841215467e+00
2.541493854526450491e+00
2.541493877212611885e+00
2.541493899899698761e+00
2.541493922475944522e+00
2.541493945164880586e+00
2.541493967854741243e+00
2.541493990433749239e+00
2.541494013125456863e+00
2.541494035818093522e+00
2.541494058399862865e+00
2.541494081094346491e+00
2.541494103677956140e+00
2.541494126374288953e+00
2.541494148959739796e+00
2.541494171657922241e+00
2.541494194245213833e+00
2.541494216945246798e+00
2.541494239534379140e+00
2.541494262124430303e+00
2.541494284827237493e+00
2.541494307419130294e+00
2.541494330011941027e+00
2.541494352717526439e+00
2.541494375312178366e+00
2.541494397907753111e+00
2.541494420504244900e+00
2.541494443101658174e+00
2.541494465811865666e+00
2.541494488411121466e+00
2.541494511011297863e+00
2.541494533612393969e+00
2.541494556214409339e+00
2.541494578817346195e+00
2.541494601421202759e+00
2.541494624025979476e+00
2.541494646631677234e+00
2.541494669238295145e+00
2.541494691845834542e+00
2.541494714454293202e+00
2.541494736951744216e+00
2.541494759562040961e+00
2.541494782173259637e+00
2.541494804785398909e+00
2.541494827398459666e+00
2.541494849900489683e+00
2.541494872515389414e+00
2.541494895131210185e+00
2.541494917635986450e+00
2.541494940253647528e+00
2.541494962872229646e+00
2.541494985379754823e+00
2.541495008000176803e+00
2.541495030509531627e+00
2.541495053131795689e+00
2.541495075642982826e+00
2.541495098267087194e+00
2.541495120780105754e+00
2.541495143406050428e+00
2.541495165920902188e+00
2.541495188436666997e+00
2.541495211065372128e+00
2.541495233582971913e+00
2.541495256101484301e+00
2.541495278732951668e+00
2.541495301253299033e+00
2.541495323774560333e+00
2.541495346296735569e+00
2.541495368819826961e+00
2.541495391455896424e+00
2.541495413980822793e+00
2.541495436506663985e+00
2.541495459033420889e+00
2.541495481561091729e+00
2.541495504089680502e+00
2.541495526619184986e+00
2.541495549149605182e+00
2.541495571680940646e+00
2.541495594213192710e+00
2.541495616746360486e+00
2.541495639168332765e+00
2.541495661703328857e+00
2.541495684239240216e+00
2.541495706776070840e+00
2.541495729313816287e+00
2.541495751740344922e+00
2.541495774279920461e+00
2.541495796820412600e+00
2.541495819361822228e+00
2.541495841791995058e+00
2.541495864335235666e+00
2.541495886767231482e+00
2.541495909312301738e+00
2.541495931858290369e+00
2.541495954293019111e+00
2.541495976840838722e+00
2.541495999277391338e+00
2.541496021827041929e+00
2.541496044265417975e+00
2.541496066704704404e+00
2.541496089257100355e+00
2.541496111698208882e+00
2.541496134140227348e+00
2.541496156695371322e+00
2.541496179139212774e+00
2.541496201583965053e+00
2.541496224141858384e+00
2.541496246588435870e+00
2.541496269035922406e+00
2.541496291484320214e+00
2.541496313933627960e+00
2.541496336383847421e+00
2.541496358834976821e+00
2.541496381287017048e+00
2.541496403852234742e+00
2.541496426306102840e+00
2.541496448760880877e+00
2.541496471104290222e+00
2.541496493560886805e+00
2.541496516018394658e+00
2.541496538476813782e+00
2.541496560936145954e+00
2.541496583396388509e+00
2.541496605857543667e+00
2.541496628319610540e+00
2.541496650670273194e+00
2.541496673134159945e+00
2.541496695598961075e+00
2.541496718064671256e+00
2.541496740418961675e+00
2.541496762886494398e+00
2.541496785354941501e+00
2.541496807711951078e+00
2.541496830182217170e+00
2.541496852541040852e+00
2.541496875013129486e+00
2.541496897373765051e+00
2.541496919847676672e+00
2.541496942210126342e+00
2.541496964685860505e+00
2.541496987050123391e+00
2.541497009415291775e+00
2.541497031893758418e+00
2.541497054260742239e+00
2.541497076628627116e+00
2.541497099109828905e+00
2.541497121479531884e+00
2.541497143850139473e+00
2.541497166221654336e+00
2.541497188706500765e+00
2.541497211079830176e+00
2.541497233454065974e+00
2.541497255829208157e+00
2.541497278205257171e+00
2.541497300582211238e+00
2.541497322960071692e+00
2.541497345338839864e+00
2.541497367718513534e+00
2.541497390099094034e+00
2.541497412480581808e+00
2.541497434862975524e+00
2.541497457246277403e+00
2.541497479630485667e+00
2.541497502015602983e+00
2.541497524401624908e+00
2.541497546676056984e+00
2.541497569063892126e+00
2.541497591452632765e+00
2.541497613842282455e+00
2.541497636120322312e+00
2.541497658511783442e+00
2.541497680904151846e+00
2.541497703184898871e+00
2.541497725579079159e+00
2.541497747974168941e+00
2.541497770257622690e+00
2.541497792654523913e+00
2.541497814939781996e+00
2.541497837338497767e+00
2.541497859625559297e+00
2.541497882026088284e+00
2.541497904314954592e+00
2.541497926604720625e+00
2.541497949007968771e+00
2.541497971299540470e+00
2.541497993704603164e+00
2.541498015997980087e+00
2.541498038292259398e+00
2.541498060587438879e+00
2.541498082996126229e+00
2.541498105293114484e+00
2.541498127591002021e+00
2.541498149889789726e+00
2.541498172189479821e+00
2.541498194490071416e+00
2.541498216791564513e+00
2.541498239093959555e+00
2.541498261509901990e+00
2.541498283814105363e+00
2.541498306119211126e+00
2.541498328312559618e+00
2.541498350619465718e+00
2.541498372927273763e+00
2.541498395235984198e+00
2.541498417545597022e+00
2.541498439856113567e+00
2.541498462167532058e+00
2.541498484479854270e+00
2.541498506680383684e+00
2.541498528994508010e+00
2.541498551309534726e+00
2.541498573512755765e+00
2.541498595829585483e+00
2.541498618147318922e+00
2.541498640353231586e+00
2.541498662672768027e+00
2.541498684993208190e+00
2.541498707201816032e+00
2.541498729524060085e+00
2.541498751734462047e+00
2.541498774058510435e+00
2.541498796270708294e+00
2.541498818596560572e+00
2.541498840810553883e+00
2.541498863025443811e+00
2.541498885354001480e+00
2.541498907570686860e+00
2.541498929788268413e+00
2.541498952119532362e+00
2.541498974338911143e+00
2.541498996559186097e+00
2.541499018780357222e+00
2.541499041115229396e+00
2.541499063338199083e+00
2.541499085562065829e+00
2.541499107786829192e+00
2.541499130012490060e+00
2.541499152239046211e+00
2.541499174466501643e+00
2.541499196694852802e+00
2.541499218924101466e+00
2.541499241154248079e+00
2.541499263385293528e+00
2.541499285617235149e+00
2.541499307850076050e+00
2.541499330083814900e+00
2.541499352318450811e+00
2.541499374553985113e+00
2.541499396790417364e+00
2.541499418914868080e+00
2.541499441153092231e+00
2.541499463392216995e+00
2.541499485632239708e+00
2.541499507760261789e+00
2.541499530002078178e+00
2.541499552244792959e+00
2.541499574375492898e+00
2.541499596620002244e+00
2.541499618752488754e+00
2.541499640998791776e+00
2.541499663245994967e+00
2.541499685381161555e+00
2.541499707630159755e+00
2.541499729767110694e+00
2.541499751904953808e+00
2.541499774156644520e+00
2.541499796296274649e+00
2.541499818549760370e+00
2.541499840691177070e+00
2.541499862833486834e+00
2.541499885089664623e+00
2.541499907233761846e+00
2.541499929378750355e+00
2.541499951524630152e+00
2.541499973671402124e+00
2.541499995932067879e+00
2.541500018080629086e+00
2.541500040230083357e+00
2.541500062380429803e+00
2.541500084531668424e+00
2.541500106683799665e+00
2.541500128836823968e+00
2.541500150990740448e+00
2.541500173145552655e+00
2.541500195301253928e+00
2.541500217457851818e+00
2.541500239615341883e+00
2.541500261773724567e+00
2.541500283933001647e+00
2.541500306093171790e+00
2.541500328141165443e+00
2.541500350303121269e+00
2.541500372465967938e+00
2.541500394629710335e+00
2.541500416681260255e+00
2.541500438846784782e+00
2.541500461013204593e+00
2.541500483067419047e+00
2.541500505235622320e+00
2.541500527404723098e+00
2.541500549461602532e+00
2.541500571632486327e+00
2.541500593691143450e+00
2.541500615863813817e+00
2.541500637924245964e+00
2.541500660098702458e+00
2.541500682160912294e+00
2.541500704337155803e+00
2.541500726401142440e+00
2.541500748466017257e+00
2.541500770644939511e+00
2.541500792711591572e+00
2.541500814779131368e+00
2.541500836960731480e+00
2.541500859030049853e+00
2.541500881100255960e+00
2.541500903171348913e+00
2.541500925356522167e+00
2.541500947429395474e+00
2.541500969503155183e+00
2.541500991577804403e+00
2.541501013653341357e+00
2.541501035729767377e+00
2.541501057807078912e+00
2.541501079885281289e+00
2.541501101964370957e+00
2.541501124044348359e+00
2.541501146125216160e+00
2.541501168206971251e+00
2.541501190289614520e+00
2.541501212373149521e+00
2.541501234457571812e+00
2.541501256542884057e+00
2.541501278515819529e+00
2.541501300602905022e+00
2.541501322690880471e+00
2.541501344779746319e+00
2.541501366756216740e+00
2.541501388846857168e+00
2.541501410938386663e+00
2.541501432917509185e+00
2.541501455010814592e+00
2.541501477105009954e+00
2.541501499086785465e+00
2.541501521182756740e+00
2.541501543166299282e+00
2.541501565264048690e+00
2.541501587249359151e+00
2.541501609348884916e+00
2.541501631335963296e+00
2.541501653323922749e+00
2.541501675426113493e+00
2.541501697415842198e+00
2.541501719519810187e+00
2.541501741511308587e+00
2.541501763503690725e+00
2.541501785496953936e+00
2.541501807604475971e+00
2.541501829599509321e+00
2.541501851595425965e+00
2.541501873592225902e+00
2.541501895589909132e+00
2.541501917701871616e+00
2.541501939701326762e+00
2.541501961701664314e+00
2.541501983702885159e+00
2.541502005704990630e+00
2.541502027707979838e+00
2.541502049711851452e+00
2.541502071716608580e+00
2.541502093722249889e+00
2.541502115728773159e+00
2.541502137736182831e+00
2.541502159631029656e+00
2.541502181640203695e+00
2.541502203650262803e+00
2.541502225661204761e+00
2.541502247673032677e+00
2.541502269572275985e+00
2.541502291585869600e+00
2.541502313600347840e+00
2.541502335615711594e+00
2.541502357518472976e+00
2.541502379535603318e+00
2.541502401440121961e+00
2.541502423459018445e+00
2.541502445478799999e+00
2.541502467385957420e+00
2.541502489407509557e+00
2.541502511316424684e+00
2.541502533339742520e+00
2.541502555250417128e+00
2.541502577161970144e+00
2.541502599187937861e+00
2.541502621101249026e+00
2.541502643128986438e+00
2.541502665044058418e+00
2.541502686960008361e+00
2.541502708990396098e+00
2.541502730908107743e+00
2.541502752826695577e+00
2.541502774746162707e+00
2.541502796666508246e+00
2.541502818701315114e+00
2.541502840623421466e+00
2.541502862546407560e+00
2.541502884470273393e+00
2.541502906395015415e+00
2.541502928320637622e+00
2.541502950247138681e+00
2.541502972174519037e+00
2.541502994102779578e+00
2.541503016031918527e+00
2.541503037961937661e+00
2.541503059892836092e+00
2.541503081824614707e+00
2.541503103757271731e+00
2.541503125690811160e+00
2.541503147511576799e+00
2.541503169446870825e+00
2.541503191383045035e+00
2.541503213320099874e+00
2.541503235258035787e+00
2.541503257083175704e+00
2.541503279022867989e+00
2.541503300963440459e+00
2.541503322791205832e+00
2.541503344733535563e+00
2.541503366563048427e+00
2.541503388507137196e+00
2.541503410452106149e+00
2.541503432284245356e+00
2.541503454230973791e+00
2.541503476064861822e+00
2.541503497899622488e+00
2.541503519848987480e+00
2.541503541685499190e+00
2.541503563636622332e+00
2.541503585474884641e+00
2.541503607314020918e+00
2.541503629267781950e+00
2.541503651108668382e+00
2.541503672950428339e+00
2.541503694906828592e+00
2.541503716750341368e+00
2.541503738594726336e+00
2.541503760439985271e+00
