65.450606861285 113.354116580435 20.7667675252544 -6.6481653568204 
63.2947612772922 109.590526827544 20.7669837556316 -6.64819956643465 
65.4595360054264 110.849395064575 20.7668647453076 -6.64817827003916 
67.624182073009 112.108603374958 20.7668132685716 -6.64817095256545 
69.7886454867559 113.368255450448 20.7668497178207 -6.64818072415499 
61.1405415985075 105.827730431709 20.7674825587029 -6.64828295142758 
63.3048318824313 107.086085309867 20.7672461785465 -6.64824004010936 
65.4691598381292 108.344645189858 20.7670768915254 -6.64821333556271 
67.6334275948873 109.603498800521 20.7669745457105 -6.64819380096433 
69.7975939754247 110.862763216671 20.7669509246496 -6.6481972316062 
71.9615532494195 112.122552908714 20.7670062312979 -6.64820512977209 
74.1252686691363 113.383012852999 20.7671745735266 -6.64823784199011 
58.9887218822593 102.065348250528 20.7683730214341 -6.6484160937471 
61.1521933230542 103.32344222789 20.7679775260111 -6.64835791470159 
63.3158568899188 104.581559850641 20.7676737779563 -6.64830141800441 
65.4796465261335 105.839856654243 20.7674384246855 -6.64826532347924 
67.6434687799901 107.098400186511 20.7672754357864 -6.64823610123235 
69.8072496753479 108.357316922363 20.7671829685748 -6.6482236771062 
71.9709064453149 109.616693929054 20.7671617859623 -6.64822371447265 
74.1343692799687 110.876709021713 20.767238537813 -6.6482394920326 
76.2975686045254 112.137478542018 20.7674347345113 -6.64827322932418 
78.4604224288617 113.39917746745 20.7677973174733 -6.64832638965787 
56.8401866516336 98.3029718243358 20.769864810837 -6.64862261499416 
59.0024527262917 99.5610691427116 20.7692252097863 -6.64851869745578 
61.1650918104659 100.819018650657 20.768710470874 -6.6484485190901 
63.3280301899256 102.076965724819 20.7683035856529 -6.64837803230624 
65.4911749703095 103.335022671423 20.7679830175019 -6.64833679800818 
67.6544538009975 104.593303880523 20.7677427209353 -6.6482952762357 
69.8177657142111 105.851896989821 20.7675717939492 -6.64827022232796 
71.9810431080281 107.110927009697 20.7674692453691 -6.64825843983103 
74.1441920074298 108.370531499769 20.7674563164321 -6.64826980654866 
76.3071433393684 109.630855065295 20.7675423751774 -6.64828840364723 
78.4698179074875 110.892056529031 20.7677746893325 -6.6483299070987 
80.6321722336545 112.154270567269 20.768194921401 -6.64840108938948 
82.7940685644595 113.417677755538 20.7688706818886 -6.64849540978289 
54.6957330079045 94.5402130987527 20.7722416559975 -6.64890732343912 
56.8564509809434 95.7985772265282 20.7712329534608 -6.64877836169471 
59.0177188461932 97.0566302171821 20.7704056986661 -6.64866796428269 
61.1794397849296 98.3144846803943 20.7697353812282 -6.64857817568795 
63.3415554333623 99.5722899969798 20.769190893527 -6.64850255714796 
65.5039550446886 100.830157669677 20.7687515278873 -6.64843411556551 
67.6665833744608 102.088216445696 20.7684099665691 -6.6483838934146 
69.8293254707157 103.346534998805 20.768143376093 -6.64834463108782 
71.9921350374699 104.605253156969 20.7679538347119 -6.64832035382177 
74.1548990185331 105.864482244996 20.767845364857 -6.64831262167346 
76.3175371580453 107.124402694424 20.7678239582698 -6.64831506070343 
78.4799690886464 108.385144964226 20.7679291575006 -6.64835219845465 
80.6421381362447 109.64687458998 20.7681982676184 -6.64840082352641 
82.8039418883916 110.909710317997 20.7686978695033 -6.64848177120717 
84.9653133033307 112.173855179537 20.7694947289996 -6.648588483672 
87.1261306398888 113.43944848477 20.7706558922652 -6.64873966829144 
52.5560652755548 90.7766603636116 20.7757836559237 -6.64929420978174 
54.7149129828341 92.0355577821755 20.7742770688093 -6.64912082270574 
56.8744768551738 93.2939721110178 20.7730158728229 -6.64897152460025 
59.0346704871397 94.5520174025174 20.7719658265594 -6.64884545705411 
61.1954106824922 95.8098184133157 20.7710939177915 -6.64872630480495 
63.3566123571117 97.0675255658397 20.770374212638 -6.64863862071543 
65.518190475047 98.3252542803185 20.7697905651033 -6.64856087269389 
67.6800584259121 99.5831210976567 20.7693170956306 -6.64849919840411 
69.8421482359958 100.84121598799 20.7689365348784 -6.64843444563915 
72.0043751963738 102.099663227241 20.768645355173 -6.6484001627668 
74.1666578236904 103.358578274151 20.7684324637618 -6.64837398872795 
76.3289002033238 104.618135156551 20.7683030529281 -6.64836702033253 
78.4910248229299 105.878455954674 20.7682860755852 -6.64838958193634 
80.6529264051731 107.139722698299 20.7684090035123 -6.64842486151177 
82.8145611362848 108.402049571025 20.7687357807718 -6.64848998237927 
84.9758186561879 109.66562049285 20.7693307378245 -6.64858607337514 
87.1366426839802 110.930586177129 20.7702727663812 -6.64871745156787 
89.2968864431033 112.197127900858 20.7716347906285 -6.64886757515528 
91.4565284648444 113.465376010212 20.7734665162155 -6.64906865737374 
50.4217698764053 87.0118661739257 20.7806424335783 -6.64975005282115 
52.5784644560128 88.2715794552618 20.7785554532472 -6.64953898186962 
54.7360286820889 89.5306155894961 20.7767611404241 -6.64935284650592 
56.8943872809545 90.7891248978463 20.7752244335927 -6.64918106949595 
59.0534407595229 92.0472139444842 20.773922829649 -6.64904090370957 
61.2131188583079 93.3050261295616 20.7728222590501 -6.64890725382522 
63.3733415394119 94.5626755150155 20.771901325319 -6.64880967352644 
65.5340247070392 95.8203064464202 20.771133838638 -6.64870382857702 
67.6950758347083 97.0780241161627 20.7705000372655 -6.64863139336996 
69.8564157709866 98.3359400700842 20.7699820529884 -6.64856316210253 
72.0179670692905 99.5941661433475 20.7695686128622 -6.64852041686279 
74.1796669011657 100.85282213869 20.7692380609261 -6.64847619915476 
76.3414157969016 102.112051645647 20.7690007848609 -6.64845948452056 
78.5031452854227 103.37200702589 20.7688611896947 -6.64845500531454 
80.6647118683231 104.632834756151 20.7688460081639 -6.64847810790331 
82.8260886253344 105.894693367359 20.7690045286061 -6.64852483203429 
84.9871518873231 107.157729537229 20.7694044018992 -6.64860687278322 
87.1478695893649 108.422112629352 20.7701202285193 -6.6487128064843 
89.3080948484308 109.688018537178 20.7712429007251 -6.6488539175642 
91.4677908101011 110.955604822545 20.7728380392126 -6.64903670489165 
93.6268536210353 112.224986460596 20.7749502501707 -6.64925174463839 
95.7852808188837 113.49625683854 20.7775710942614 -6.64948331287386 
48.2932998662615 83.2452851681082 20.7866845728071 -6.65023959588221 
50.4475640085047 84.5061549702175 20.7840441731548 -6.65000358869238 
52.6028645084353 85.7661419326466 20.7816993028453 -6.64979027907595 
54.7591243331745 87.02538757926 20.7796333041191 -6.64959965757884 
56.9162369850683 88.2840424270293 20.7778317464594 -6.64943060706657 
59.0741203323906 89.5422347767893 20.7762684693903 -6.64927275966202 
61.2326898943954 90.8000912469076 20.7749243817268 -6.64913036943434 
63.391873784147 92.0577444845894 20.7737786283692 -6.64900612695237 
65.5515897279616 93.3153255714331 20.7728080770024 -6.64889939516176 
67.7117549063827 94.5729404129788 20.771990346596 -6.64880538572488 
69.8722898562018 95.8307151203326 20.7713124102948 -6.6487172012347 
72.0331019029086 97.0887477467118 20.7707504114009 -6.64865759837576 
74.1941296219837 98.3471879545045 20.7702946754857 -6.64859687850268 
76.3552871800586 99.6061416212742 20.7699385338749 -6.64857420001229 
78.5165092892075 100.865780636351 20.7696776356136 -6.64855206337486 
80.677672542261 102.126212416938 20.7695303093552 -6.64855671126676 
82.8387057592053 103.38763252751 20.7695360907239 -6.64857989944674 
84.9995051377932 104.650169822705 20.7697457122346 -6.64864035466037 
87.1600098245872 105.914020121404 20.7702425172859 -6.6487233197931 
89.3201244097198 107.179326801234 20.771116082036 -6.64886034222153 
91.4797820985908 108.446280932106 20.7724520341622 -6.64902191245438 
93.6388849215791 109.714999761722 20.7743190244648 -6.64923356347099 
95.7973965872136 110.985628145867 20.7767397610777 -6.64945089629639 
97.9552789171951 112.258216979977 20.7796815677119 -6.6497199940872 
100.112539228741 113.532847218078 20.7830463085927 -6.64997586461565 
46.1706580433971 79.4763512113155 20.793436133498 -6.65076448574326 
48.3224085747338 80.7387245578879 20.7904059361816 -6.6505015529728 
50.4752935094882 82.0000084864628 20.7876177725095 -6.65026082309578 
52.6292345758995 83.2603314176615 20.7850827823233 -6.65004907460806 
54.7841872812866 84.5198509535072 20.7827977066453 -6.64985652781767 
56.9400547237875 85.7787141269059 20.7807594599079 -6.64968096904512 
59.0967580068515 87.0370551608704 20.778954560077 -6.64951204691169 
61.2542035915026 88.2950141029001 20.777374668432 -6.6493625199316 
63.4123153150539 89.5527131596104 20.7759997540046 -6.64923432135373 
65.5710265504429 90.8102951920288 20.7748120737677 -6.64911052560099 
67.7302449059203 92.0678590914036 20.7737984568756 -6.64900061713699 
69.8899024363281 93.325536527064 20.7729400555556 -6.64890247074822 
72.0499210921426 94.5834284954259 20.7722178016033 -6.64882467180079 
74.2102104503976 95.8416828810511 20.7716208647494 -6.64875508968641 
76.3707020199773 97.1004164335795 20.7711327229257 -6.64871051012117 
78.531318760374 98.359765143787 20.7707491768705 -6.64868143073819 
80.691984050494 99.6198658118312 20.7704763955254 -6.64866551367897 
82.8525871227451 100.880880484056 20.7703390798415 -6.64868026971999 
85.0130474648049 102.142973272479 20.7703770594218 -6.64871755409129 
87.1732588872459 103.406320316421 20.7706680314015 -6.6487865086801 
89.3331747317135 104.67108331341 20.7712954267315 -6.64889490540178 
91.4926952447039 105.937426984682 20.7723620020918 -6.64904576707403 
93.6517555385204 107.205521216611 20.7739523708915 -6.64922914172906 
95.8102639747724 108.475501420639 20.7761277749365 -6.64945724314829 
97.9682157701078 109.747483223689 20.7788811650954 -6.64970753103863 
100.125564279659 111.02152324421 20.7821493418014 -6.64997741257264 
102.282366355695 112.297639106943 20.7857913949708 -6.65024325212266 
104.438643832149 113.575740687066 20.7896265340161 -6.65051697598496 
44.0534002225565 75.7045039189086 20.8001698594317 -6.65129460271632 
46.2027173305356 76.9687435331661 20.7970062385224 -6.65099068732062 
48.353204239284 78.2316418940331 20.7940043769409 -6.65074055327114 
50.504806574516 79.4933961329998 20.7911753973637 -6.65049916183764 
52.6574699662249 80.7541268949128 20.7885439268363 -6.65029613440355 
54.8111638235311 82.0139964525336 20.7861139233251 -6.6501007375836 
56.9658110779331 83.2731309143774 20.783897993147 -6.64992769447525 
59.1213332607997 84.5316851234743 20.7818948378429 -6.64975854715031 
61.2776582561056 85.7897973568152 20.7801059439342 -6.64960802169509 
63.434709591631 87.0475967485303 20.7785174368012 -6.64946765985519 
65.5923927173181 88.3052162396752 20.777124568499 -6.64934130579009 
67.7506418642453 89.5627839710432 20.77591083388 -6.64922088580249 
69.9093832164175 90.8204064262224 20.7748643959246 -6.64912717233819 
72.0685463599917 92.0782112196257 20.7739702873413 -6.64902783595381 
74.2280433631151 93.3363141126234 20.7732189883581 -6.64895760394123 
76.3878158011143 94.5948627043668 20.7725905787364 -6.64888469805477 
78.5477628839627 95.8539771780187 20.7720822118871 -6.64884348314016 
80.7078294312615 97.1137902723194 20.7716873529529 -6.64881199293211 
82.867923855279 98.3744482621001 20.7714215770304 -6.64881605746501 
85.0279552671 99.6361278889563 20.7713093916627 -6.64882473179779 
87.1878135713946 100.899008863168 20.7714178598318 -6.64887884355246 
89.3474435920188 102.163259243828 20.7718170313208 -6.6489621056647 
91.5067453726744 103.429052375197 20.7726184251031 -6.64909776186142 
93.6656584186275 104.696543041381 20.7739200312695 -6.64925844211471 
95.8240923356724 105.965903494822 20.7758131851568 -6.64947495195741 
97.9820305692799 107.237270217268 20.7783249127874 -6.64971848720463 
100.139409471023 108.510726297691 20.7814308633934 -6.64998483393401 
102.296258293507 109.786317040908 20.7850131768629 -6.65026701480327 
104.45259640101 111.063987606339 20.7889040318325 -6.65054671345221 
106.608534936078 112.343611148308 20.7928783971426 -6.65081661372096 
108.764178011763 113.625015316697 20.7967087606873 -6.65106068116966 
41.9409224386278 71.9291184205162 20.8060868493335 -6.65182041447237 
44.0879016809696 73.1956158937126 20.8030796889715 -6.65149112030581 
46.2360693642568 74.4605310946161 20.8001429116225 -6.65120135457395 
48.3854124131686 75.7240441664364 20.7972848940617 -6.65095180925124 
50.5358569605695 76.9863202026439 20.7945298009072 -6.65072451764896 
52.6873711708906 78.2475331176939 20.7919006771571 -6.65052046250157 
54.8398950764923 79.5078018546536 20.7894198969349 -6.65034117953443 
56.9933887703374 80.7672811097353 20.7871037021099 -6.65017131415739 
59.1477840885856 82.0261165530592 20.7849678796228 -6.65000853850882 
61.3030166233927 83.2844329239771 20.7830163686361 -6.64986128541617 
63.4590166138142 84.5423932771491 20.7812535067467 -6.64971305954626 
65.6156891399956 85.800103355825 20.7796769045105 -6.64959007342299 
67.7729801428154 87.0577192822256 20.778281556397 -6.64946390344838 
69.9308016069873 88.3153311168369 20.7770566643732 -6.64936398842604 
72.0890869648448 89.5730852503482 20.7759949834586 -6.64925190602202 
74.2477702105348 90.8310877583997 20.7750842257277 -6.64917357045377 
76.4067642184676 92.0894949601789 20.774314112462 -6.64909695834112 
78.5660019512 93.3484116117215 20.77367699995 -6.64904032213642 
80.7254126641626 94.6079812802601 20.7731646137364 -6.6489895469951 
82.884914452583 95.8683323459608 20.7727799986566 -6.64897422554578 
85.0444318323807 97.1296577664142 20.7725433849295 -6.64897337599449 
87.2038579642425 98.3921087301537 20.7724948706558 -6.64900843222243 
89.3631212333864 99.6558897004677 20.7726995010819 -6.64907993297224 
91.5221265473154 100.921149106418 20.7732586319241 -6.64918618867477 
93.6808076890901 102.18808855649 20.7742785835803 -6.64933683559345 
95.8390948947042 103.456855762843 20.7758692688144 -6.64953522027238 
97.9969243943958 104.7276261813 20.7780987265194 -6.64977409650626 
100.154261122012 106.00050221577 20.7809787683602 -6.65003592425852 
102.311094991672 107.275557756895 20.7844327780411 -6.65032506787298 
104.467450597159 108.552759446217 20.7883104446879 -6.65061615498086 
106.623374905827 109.83203486887 20.792392826889 -6.65090050195953 
108.77899623791 111.113225361028 20.7964395493911 -6.65117073535199 
110.934450713838 112.39614648603 20.8002046050917 -6.65141638008465 
113.089895485384 113.68056682724 20.8034748228523 -6.65163662505963 
39.8322651400571 68.1496290319083 20.8106020912462 -6.65235771817223 
41.9771876378815 69.4187144667508 20.8079439451487 -6.65199237777928 
44.1232513861517 70.6860320692327 20.8053097424738 -6.65166164005599 
46.2704330787288 71.9517023401103 20.8026881801996 -6.65139175297437 
48.4187650863558 73.2159071012624 20.8000784446275 -6.65114419647699 
50.5681922831656 74.4787957335388 20.7975020434552 -6.6509321510785 
52.7186796717112 75.7405356059851 20.7949813368117 -6.65073433483603 
54.8701719763451 77.0012728312355 20.7925450530808 -6.65055653648207 
57.022624965577 78.2611463382095 20.7902191948841 -6.65039576991883 
59.1759830271275 79.520317297523 20.7880274314018 -6.65024001493961 
61.3301898053732 80.7789165137576 20.7859825736258 -6.65010322079281 
63.4851762693457 82.0370929698107 20.7841000452166 -6.64996296882816 
65.6408962076695 83.2949610586304 20.782384201084 -6.64983179206701 
67.7972439283182 84.5526615692784 20.7808381900145 -6.6497087325296 
69.9541752827614 85.8103221681198 20.7794575344662 -6.64959852836628 
72.1115842261757 87.0680685748797 20.7782447640649 -6.64949512325925 
74.2694384824934 88.3260222792475 20.7771851054842 -6.64940813595993 
76.4276469835638 89.5843158133498 20.7762797554824 -6.64932786551101 
78.5861479252891 90.8430835845435 20.7755140576837 -6.64925881068022 
80.7448563582097 92.1024535925037 20.7748888596767 -6.64921097300842 
82.9037186813418 93.3625603838194 20.7743982362782 -6.6491776616788 
85.0626519684177 94.6235634252722 20.7740555828231 -6.64916992679087 
87.2215709192631 95.88563997813 20.773882044702 -6.64918236191124 
89.3803953506742 97.1489810430527 20.7739349799631 -6.64923689212452 
91.5390275845 98.4137593092861 20.7742901908103 -6.64931537180106 
93.6974019692242 99.6801666957992 20.7750591579375 -6.64945918357806 
95.8554570689699 100.948376608471 20.7763543975075 -6.64963560511268 
98.01310768125 102.218566466628 20.7782812588639 -6.64986363924194 
100.170324349773 103.490877514393 20.7808872485815 -6.65012389619092 
102.327069737995 104.765383706574 20.7841470367357 -6.65041779514963 
104.483377856716 106.042105213098 20.7879378625576 -6.65071873342415 
106.639260391824 107.320983951565 20.7920643494859 -6.65100828947739 
108.794817409188 108.601910003005 20.7962748812649 -6.65130095817859 
110.950179148406 109.884715946552 20.8003103623947 -6.65156486510011 
113.105501462247 111.169182130238 20.8039226637013 -6.65180998597116 
115.260956693065 112.455058266293 20.8069194876402 -6.65202445162465 
117.416718694218 113.742031281272 20.8091637125749 -6.65220998954671 
37.7262884361501 64.3656418289186 20.8135182525216 -6.65283664326194 
39.869503296542 65.6375608136198 20.8112462425846 -6.65246554539773 
42.0137591577944 66.9075569377116 20.8090167847368 -6.65212167432884 
44.1590894920665 68.1757368382409 20.8067928440704 -6.65181622007314 
46.3054896189918 69.4422390788408 20.8045451350138 -6.65154662139295 
48.4529830232362 70.7071996700234 20.8022608734111 -6.65131640379875 
50.601532724956 71.9707753330801 20.7999514751333 -6.65110920719625 
52.7511392987335 73.2331223351799 20.7976337151748 -6.65092661876269 
54.9017271641575 74.4943988880073 20.7953379699789 -6.65075328281793 
57.0532808158505 75.7547502499285 20.7930933787618 -6.65059251856699 
59.2057092376211 77.0143083735748 20.7909292200193 -6.65045513293839 
61.359008445344 78.2732517533867 20.7888678676584 -6.65031803822773 
63.5130710382364 79.5316913859692 20.7869335169225 -6.65019213926542 
65.6678880697818 80.7897850325435 20.7851340832666 -6.65006620655739 
67.823354860264 82.0476343473677 20.7834850840586 -6.64996396356332 
69.9794387886732 83.3053956030885 20.7819888732256 -6.64984973119148 
72.1360156222922 84.5631720255546 20.7806506991322 -6.64975085166034 
74.2930682792383 85.8211213815874 20.7794662346635 -6.64965527027995 
76.4504964020487 87.0793517918586 20.7784384702202 -6.64958116074873 
78.6082548211438 88.3380083294799 20.777559091663 -6.64950714935878 
80.7662581244406 89.5972122176721 20.7768299672969 -6.64945541259847 
82.9244593865103 90.8571095181249 20.7762457644634 -6.64940715443957 
85.0827678562671 92.1178426157677 20.7758165189349 -6.64939199779172 
87.2411325752503 93.3795999022169 20.7755527992091 -6.64939479100037 
89.3994499353926 94.6425499577398 20.7754948317215 -6.64943604136021 
91.5576482925236 95.9068927105714 20.7757017227615 -6.64949962187148 
93.7156497707343 97.1728057312729 20.7762674034305 -6.64961973736747 
95.8733897154532 98.4404910276363 20.7773062828224 -6.64978034746652 
98.0307981749337 99.7101248062554 20.7789393960409 -6.64999533688841 
100.187816295998 100.981869383804 20.7812505096762 -6.65025291778607 
102.344416709229 102.255828556413 20.7842620259866 -6.65054768687827 
104.500593285668 103.53205202067 20.7878981537681 -6.65086074333149 
106.656377685082 104.810513938276 20.7919938100385 -6.65116932684628 
108.811826902644 106.091136824792 20.7963056025758 -6.65148204864684 
110.967060290547 107.373773783861 20.8005614390817 -6.65177312763729 
113.12221052619 108.658225786749 20.8044902719581 -6.65203384675921 
115.277462997298 109.944243983255 20.8078633208501 -6.6522775169385 
117.432990297587 111.231535238187 20.8105070901692 -6.65247883811664 
119.588971340368 112.519780731573 20.8123324130786 -6.65265392393408 
121.745583622686 113.808696741002 20.8133199986022 -6.65276846244123 
35.6217883544382 60.5769481552847 20.8148382633523 -6.65318048934256 
37.7637464388818 61.8517870154552 20.8130105430743 -6.6528523501908 
39.9065430820243 63.1246782195325 20.8111687505831 -6.65252912265011 
42.0503084057116 64.3956410575124 20.80934659491 -6.6522191982216 
44.195081503575 65.6647542835154 20.8075290872662 -6.65193714556883 
46.3408892045736 66.9321359504595 20.8056762366674 -6.65168161440726 
48.4877239124615 68.1979173411766 20.8037640786742 -6.65146059790731 
50.6355782269739 69.462253561604 20.8017821065245 -6.65126353353468 
52.7844480014991 70.7252947583712 20.7997413437299 -6.65109342012865 
54.9342827699384 71.9871792983908 20.7976686112967 -6.65093723380116 
57.0850680066077 73.2480726290353 20.7955903203493 -6.65078707865588 
59.2367308012787 74.5080999570093 20.793537381057 -6.65065521498622 
61.3892470578899 75.7674412830351 20.7915388792653 -6.65052722390492 
63.5425134948739 77.0262117735036 20.7896216992063 -6.65041128568127 
65.6965246935501 78.2845807931222 20.7878067251091 -6.65030196459313 
67.8512050002692 79.5426403946981 20.7861117577342 -6.65019677413031 
70.0064986849268 80.8005434787091 20.7845486796196 -6.65009314766957 
72.1623269504351 82.05840987789 20.7831277479323 -6.65000074147269 
74.3186258482417 83.3163942609872 20.7818525610895 -6.64992042454704 
76.4753218796229 84.574609311441 20.7807306413438 -6.64983791951399 
78.6323635414334 85.8332006330801 20.77975949331 -6.64976320463505 
80.789681915391 87.0922821783574 20.778944104303 -6.64970561295755 
82.9472152107604 88.3520129909382 20.7782837466321 -6.64966515363477 
85.1048941479615 89.6125275887336 20.7777863807919 -6.64964285360607 
87.2626668083794 90.8740117096015 20.7774607736623 -6.64964484302806 
89.4204491446424 92.1366185867986 20.7773334428044 -6.64967143552184 
91.5781623795045 93.4005716949044 20.7774454830123 -6.64973067518044 
93.7357373502982 94.6660367944469 20.7778740911841 -6.6498371548151 
95.8930982670888 95.93324167378 20.7787187795077 -6.64998297557253 
98.0501915333004 97.2023478998398 20.7801009476981 -6.65018886865733 
100.206953349193 98.4735471671317 20.7821290444525 -6.65043664214676 
102.363341010898 99.7469571867247 20.7848674624645 -6.65073397746862 
104.519322213058 101.022666064029 20.7882938918769 -6.6510523279394 
106.674928719749 102.300681309509 20.7922879569348 -6.65138497397348 
108.83022180928 103.58095603107 20.7966322604423 -6.65171342769326 
110.985282445463 104.863366899192 20.8010529865794 -6.65202392078739 
113.140227109857 106.147748469855 20.8052603222291 -6.65231462150873 
115.295228701505 107.433843232426 20.8089912345352 -6.65258780767759 
117.45046392997 108.721375860776 20.8120375151679 -6.6528091781442 
119.606115007143 110.010029184219 20.8142670191737 -6.65299593470917 
121.762368757766 111.299514820316 20.8156237185324 -6.65313067402283 
123.919398554607 112.589514783131 20.8161254634528 -6.65321175310098 
126.077348804279 113.879721342379 20.8158345712961 -6.65322470234228 
33.5169973763219 56.7839596329115 20.8143071253955 -6.65330848770136 
35.6585010088502 58.0614377198487 20.8132340706897 -6.65308132211685 
37.8004506676297 59.3371642161179 20.8118988061565 -6.65281209617379 
39.9430640312103 60.6110144060442 20.8104678053777 -6.65253978749624 
42.0865252615636 61.8829743297543 20.8090196487345 -6.65226458961872 
44.2309176910678 63.1530697380827 20.8075740994948 -6.65201974780593 
46.3762965752541 64.4213984299131 20.8060999199858 -6.65178254549651 
48.5226530422221 65.6880712768672 20.8045659328523 -6.65157651090163 
50.669992944865 66.9532329216308 20.8029439426066 -6.65139401349806 
52.818297373183 68.217024368104 20.801232769838 -6.65123649580624 
54.9675542583371 69.4796012920174 20.7994433241273 -6.65108889559023 
57.1177129005691 70.7411036494494 20.7976009429046 -6.65095831760375 
59.2687631142886 72.0016863236022 20.7957338979988 -6.65083207465929 
61.4206265621653 73.2614783546904 20.7938754565112 -6.65072152476528 
63.5732719614451 74.5206567915766 20.7920502728899 -6.65060296507404 
65.7266061327895 75.779338892773 20.7902882809494 -6.65050817906696 
67.8806095242055 77.0376827791888 20.7886091905638 -6.65040565823165 
70.0352083120881 78.2957930492543 20.7870371530473 -6.65031869987945 
72.1903741314321 79.5538095517074 20.7855809391144 -6.65023201784376 
74.3460064335274 80.8118608057798 20.7842602231464 -6.65015975280269 
76.5020510189105 82.0701106465887 20.7830784834561 -6.65008243790254 
78.6584315547569 83.3286811563426 20.7820477328364 -6.65002281130418 
80.8151126311903 84.5877025423581 20.7811709293699 -6.64997300417691 
82.9720191506382 85.8473085825895 20.7804580008939 -6.64993608616703 
85.1290958137717 87.1076534789248 20.7799129528118 -6.64991281601859 
87.2862771463308 88.3688951785581 20.779551994061 -6.64991421454935 
89.4435119032917 89.6312291609505 20.7793895742671 -6.6499391210116 
91.6007157780142 90.8948217568551 20.7794633713677 -6.65000121645376 
93.7578327361079 92.1598953966807 20.7798207162012 -6.65010047630742 
95.9147743136089 93.4266398419716 20.7805504109647 -6.65024079033596 
98.0714960705556 94.6952639533309 20.7817528811245 -6.65042710638746 
100.227944149847 95.9659404060487 20.7835511470628 -6.65067478824683 
102.384055905218 97.238813989631 20.7860303638225 -6.65096183205826 
104.539798751981 98.5139935029544 20.7892272040014 -6.6512874322138 
106.695171450313 99.7915364572399 20.793063919442 -6.65163239094324 
108.850239934646 101.071427286827 20.7973753117219 -6.65198974412206 
111.005060136427 102.353565002494 20.8018958379133 -6.65232721465454 
113.159761547618 103.637799815234 20.8063348605561 -6.65265065417454 
115.314470115879 104.923902715523 20.8103944800029 -6.65294535155194 
117.469370663482 106.211603453142 20.8138362294044 -6.65320381731063 
119.624633467007 107.500595669845 20.816477159955 -6.65341121486127 
121.780465733075 108.790583573923 20.8182251031639 -6.65357000488522 
123.93703399146 110.081241590776 20.8190536570409 -6.65365336441245 
126.094510905556 111.372242099804 20.8190017130159 -6.65368099276527 
128.253025021742 112.663198379306 20.8181293247514 -6.65361652447922 
130.412683043593 113.953741867264 20.8165297714837 -6.65350271983938 
31.4098181365042 52.9877053894674 20.8115516482794 -6.65317349281817 
33.5518603850902 54.2672004289275 20.811614426775 -6.65308152982712 
35.6938488201276 55.5453166230235 20.8111369652868 -6.65291626248789 
37.8360683945461 56.8218416645286 20.8102931310651 -6.65272180839551 
39.9787502627904 58.0966259455806 20.8092561923943 -6.65249967648204 
42.1221226800577 59.3695845909037 20.8081473174623 -6.65228208370692 
44.2663140674637 60.6407070977258 20.8070262790269 -6.65205433212887 
46.4114219350676 61.9100297092978 20.8058897377757 -6.651855730927 
48.5574685120974 63.1776588388346 20.8047074303893 -6.65166540560325 
50.7044674614874 64.4437093252919 20.8034433207184 -6.65150192236132 
52.8523825370065 65.7083259192394 20.8020797603227 -6.65135030421538 
55.0012199703963 66.9716610336787 20.8006141720611 -6.65121699430705 
57.1509223133841 68.233846272476 20.7990585743482 -6.65109878201972 
59.3014944144433 69.4950523601443 20.7974383880025 -6.65098612041618 
61.4528658623738 70.7553857826608 20.7957814266167 -6.65088508581537 
63.6050093379984 72.0150276901777 20.794117087582 -6.65078759493036 
65.7578385036224 73.2741007369369 20.7924738304533 -6.65069933703255 
67.9113105765662 74.5327737701291 20.7908784407983 -6.65060550889254 
70.0653656901171 75.791142900498 20.7893526423643 -6.65052561155403 
72.2199685814178 77.0493704401479 20.7879203225283 -6.65044698560061 
74.3750471011671 78.3075659699399 20.7865984830444 -6.65038604032586 
76.5305361529066 79.5659001024954 20.7854030848945 -6.65031905850651 
78.6863670192131 80.8244907840367 20.7843475038851 -6.65027513152178 
80.8424940841208 82.0834940251945 20.7834452582482 -6.65023019133797 
82.9988478719563 83.3430116678745 20.7827062607942 -6.65020535770562 
85.1553816887732 84.6032347624363 20.7821440692059 -6.65018932910674 
87.3120204027821 85.8642928354586 20.7817717469581 -6.65020005092892 
89.468716665467 87.1263879692481 20.781610626777 -6.65022620719696 
91.6254218147244 88.3896766480036 20.7816855820254 -6.65029070057981 
93.7820623101898 89.6543924037087 20.782038546435 -6.65038844218448 
95.9385727553837 90.9207208223536 20.7827301117338 -6.65052908806558 
98.0948763302375 92.1888957024957 20.7838466408438 -6.6507199396865 
100.250956828997 93.4590805286625 20.7854941022468 -6.65096476415296 
102.406742600779 94.7314343517234 20.7877766383783 -6.65125209331062 
104.562203635148 96.0060949976208 20.7907564180783 -6.65157989241939 
106.717313763494 97.2831467379004 20.7944180447211 -6.65194538117521 
108.872100703457 98.5626164630637 20.7986405727958 -6.65232251857598 
111.026635648756 99.8444404276452 20.803203827689 -6.65268965633778 
113.181025674487 101.128472482215 20.8078169552823 -6.65304567248327 
115.335408141575 102.414507749216 20.812171737146 -6.65337103311231 
117.489915517347 103.702293333922 20.8159882786524 -6.65366139207456 
119.644748852509 104.991549764555 20.8190438434423 -6.65389788425759 
121.800092391745 106.281957455782 20.8211962101976 -6.6540781317924 
123.956130893763 107.573196651354 20.8223745453242 -6.65417608129579 
126.113044504932 108.864911278695 20.8225763200922 -6.65420385749925 
128.270978366863 110.156713859658 20.8218397546639 -6.65413471648132 
130.430046935334 111.448191346237 20.8202397393352 -6.6539909478472 
132.590345220192 112.738925673115 20.8178808805631 -6.65376185092914 
134.751921041501 114.028549101757 20.8149168601429 -6.65349097418392 
29.2984656553559 49.1894492683476 20.8068263847969 -6.6528210754142 
31.441870454661 50.4702281379445 20.8080290591932 -6.65285280203094 
33.5848180330022 51.7500695191263 20.8086390072218 -6.65281989674753 
35.7275418489654 53.0287143098724 20.8086927139946 -6.65272908273107 
37.8702773266145 54.3059490144547 20.8083131525481 -6.65259072852693 
40.0132956594226 55.5816002703932 20.8076544911885 -6.65242295833885 
42.1568019620278 56.8555354344801 20.8068548731332 -6.65224151035101 
44.3009949499256 58.1276880359529 20.8060108991637 -6.6520614926363 
46.4460073812735 59.3980564731582 20.8051523219249 -6.6518889386335 
48.5918997801644 60.6666852353931 20.8042719736156 -6.651727029272 
50.7386956596763 61.9337006555573 20.8033316943654 -6.65157802074931 
52.8863913118392 63.1992169328106 20.8023040053404 -6.65144136130537 
55.0349640541915 64.4633766162008 20.8011683932635 -6.6513253732474 
57.1843904024862 65.7263173143043 20.7999278622537 -6.6512189538181 
59.3346306694501 66.9881924736428 20.7985945297416 -6.65112656034876 
61.4856652728183 68.2491486869989 20.7971908767178 -6.65102905485392 
63.6374380118769 69.5093159154477 20.7957417741981 -6.65094803314551 
65.7899177180775 70.7688470026825 20.7942782836039 -6.65086735949454 
67.9430132648169 72.027897102116 20.7928247509869 -6.65079453717415 
70.0966807326334 73.286608048418 20.7914109352878 -6.65071836332418 
72.2508637306787 74.5451028544148 20.7900575794496 -6.65066055160039 
74.4055207176241 75.8035057169795 20.7887909014168 -6.65059389845283 
76.5605816458715 77.0619755516175 20.7876289384223 -6.65054592146905 
78.7159900004946 78.3206453417243 20.7865940649508 -6.65050315444146 
80.8716709875092 79.5796736418849 20.785702548984 -6.65047670760847 
83.0275758875376 80.8391754738934 20.7849734751298 -6.65045192378134 
85.1836434640201 82.099302779828 20.7844229059623 -6.65046234443441 
87.3398312797786 83.3602208629829 20.7840714005602 -6.65047603714591 
89.4960488869472 84.6221172406818 20.7839389830441 -6.65052149181986 
91.6522900995069 85.8851711761873 20.7840543410286 -6.65059440111474 
93.8084734239152 87.1495682311586 20.7844508667463 -6.65070758600716 
95.9645524907079 88.4155310433784 20.7851759105674 -6.65085492286068 
98.1204539743229 89.6832735858875 20.7862950441604 -6.65105437521746 
100.276135764708 90.9529930540492 20.7878947706444 -6.65129451790968 
102.431558848368 92.2248625692793 20.7900699402276 -6.65158941714131 
104.586687572712 93.4990144730486 20.7928989194586 -6.65192810733364 
106.74150945793 94.7755759029096 20.7964056287477 -6.65231113124467 
108.89599506902 96.0545925635195 20.800523562762 -6.65270258188076 
111.050214484078 97.3360474630196 20.8050829940332 -6.65310341662225 
113.204253111856 98.6198191298706 20.8098206126998 -6.65349594553008 
115.358251261796 99.9057255239907 20.8144286512075 -6.65386246989464 
117.512329489166 101.193523839578 20.8185945667694 -6.65417337066185 
119.666688033002 102.482939117217 20.8220588576262 -6.65444904083543 
121.821480930732 103.773679700003 20.8246218670358 -6.65464623500535 
123.976929232087 105.065413756357 20.8261650768169 -6.65477075587168 
126.133183670914 106.357761017711 20.8266338942929 -6.65479400497432 
128.290440294692 107.650327658622 20.8260389483351 -6.6547291024983 
130.44881219331 108.942673416234 20.8244322292033 -6.65455262530406 
132.608408826204 110.234364134163 20.821918830144 -6.6543001842323 
134.76928696383 111.524998763786 20.8186561478989 -6.65397302533728 
136.931503489628 112.814211074918 20.81486839944 -6.65359972549035 
139.095032133118 114.101726378173 20.8108282112428 -6.65321049236033 
27.1819754714246 45.3904016644994 20.8012210072317 -6.65232763951534 
29.3271789296363 46.6717562383044 20.8031169737056 -6.65245132585318 
31.4717163676372 47.9526025947197 20.8046001403147 -6.65253062061216 
33.6157037650609 49.2326776253919 20.8055957436245 -6.65254938286239 
35.7593396088643 50.5117672705037 20.8060751028993 -6.65251063572525 
37.9028239523665 51.7896226069166 20.8060995046467 -6.6524304879773 
40.0464022860953 53.0660620891755 20.8057837124192 -6.65231190608639 
42.190281680249 54.3409096817883 20.805264812738 -6.65217239829911 
44.334701920777 55.6140789626783 20.8046538567871 -6.65202588712339 
46.4797979342451 56.8854999996502 20.8040163112668 -6.65187733599502 
48.6257006738619 58.1551894163786 20.8033700688825 -6.65174509187472 
50.7724401882429 59.4232102060304 20.8026981168006 -6.65162227160928 
52.9200651721635 60.6896920378194 20.8019643785867 -6.65150981320318 
55.068516631407 61.954739343816 20.8011429332883 -6.65140483406273 
57.2178232666181 63.2185131086358 20.8002147555087 -6.65131331216093 
59.3678974694302 64.4811280459346 20.7991874200317 -6.65122783981806 
61.5187437315962 65.7427618815447 20.7980663285961 -6.65115328570393 
63.6702940653216 67.0035248597708 20.7968785789436 -6.65108384349914 
65.8225460648272 68.2635964626557 20.7956415321401 -6.65101107214304 
67.9754120704612 69.5230907243987 20.7943873057792 -6.65095075307189 
70.1288395205423 70.7821908179684 20.7931364055558 -6.65088434624071 
72.2827708988618 72.0410044532883 20.7919216023285 -6.65083995911824 
74.4371535465239 73.2996878736263 20.7907625938717 -6.65078145540803 
76.5919248045511 74.5583511608703 20.7896886866041 -6.65075916629649 
78.7470377773805 75.8171726519167 20.7887203572321 -6.65072057170107 
80.9024020303942 77.0762683124797 20.7878851511052 -6.65071305317466 
83.0579868888068 78.3357980669314 20.7872024390995 -6.65069471220701 
85.2137171014462 79.595878232159 20.7867007292253 -6.65072002833893 
87.3695516849519 80.8567119463413 20.7863996637336 -6.65074878514972 
89.5254103406378 82.1184468081199 20.7863300808684 -6.65081619279192 
91.6812625242285 83.381297922042 20.7865164802773 -6.65089995012653 
93.8370561382047 84.6454309030125 20.7869983102669 -6.65102808238925 
95.9927468332608 85.9110653249295 20.7878122207066 -6.65119526161389 
98.1482797647445 87.178419789264 20.7890135023935 -6.65140593076619 
100.30357701854 88.4477106899944 20.7906626773893 -6.65166040892751 
102.458634908807 89.7191200501094 20.7928398404376 -6.65196288140252 
104.613406239894 90.9927909108435 20.7956156166654 -6.65231492221385 
106.767903715771 92.2688615491836 20.7990369910356 -6.65271671601609 
108.922076799153 93.5474065162792 20.8030757801342 -6.65313162318923 
111.075968402716 94.8284555594504 20.8076182375703 -6.65356797669533 
113.229639997319 96.1119067508438 20.8124417577523 -6.65399869711664 
115.383212733411 97.3976112170488 20.8172611178291 -6.65440342782464 
117.536824028302 98.6853360107027 20.8217481968586 -6.6547604272591 
119.690648981037 99.9748424357741 20.8256053433392 -6.65507064570554 
121.844854032201 101.265819068388 20.82857864117 -6.65529610539639 
123.999637664245 102.557942278433 20.8304939175598 -6.65544579603653 
126.155179993138 103.850836125319 20.8312396285331 -6.65547196052403 
128.311657948932 105.144084150345 20.8307873106506 -6.65539881962152 
130.469211459809 106.43721452087 20.8291657970618 -6.65520627381246 
132.627982767604 107.729793480717 20.8264792370522 -6.6549148140339 
134.78804432157 109.021368240657 20.8228886214237 -6.65452944603667 
136.949449921017 110.31157054831 20.8186440305045 -6.6540966152013 
139.112207672072 111.600076133958 20.8140423665624 -6.65362902693592 
141.276302709665 112.886687126812 20.8094235148922 -6.65317721402915 
143.44165888541 114.17131708702 20.8050768914906 -6.65272810471053 
25.0600781230557 41.5916265447156 20.7958094406162 -6.65177908764653 
27.2073138413348 42.8728607821627 20.7979506957567 -6.65196425297008 
29.3536945168074 44.154050895214 20.7998676744956 -6.652110650686 
31.4993591296767 45.4349074270363 20.8014758179766 -6.65222974663782 
33.6444485553686 46.7151738201075 20.8026926909962 -6.65228476761174 
35.7891024959848 47.9946013255713 20.803470353274 -6.65229983377549 
37.9335056664626 49.2729887609232 20.8038102433137 -6.65225994061403 
40.0778366954125 50.5501210761237 20.8037850388675 -6.65219032935469 
42.222317040283 51.8258325478035 20.8035041479673 -6.65208150000221 
44.3671589537615 53.0999694945401 20.803087001403 -6.65197514937254 
46.512540319173 54.3724334371463 20.8026164708832 -6.65185185345012 
48.6586247169227 55.6431910207796 20.8021421856279 -6.65174234776562 
50.8054699643999 56.9122699499494 20.8016643082049 -6.65162948006833 
52.9531394198825 58.179767218492 20.8011651659297 -6.65154069320924 
55.1016257776068 59.4457752455734 20.8006086865545 -6.65145468904865 
57.2509295073487 60.7104333885352 20.7999716273318 -6.65138137650303 
59.4010057410912 61.9738672117414 20.799238513213 -6.65130923273215 
61.5518087437795 63.2362363304347 20.7984119164912 -6.65124052562746 
63.7033082612799 64.4976798614261 20.7975022129769 -6.6511872354083 
65.8554618585414 65.7583425781385 20.7965299515482 -6.65113415399383 
68.0082344763289 67.018368765324 20.7955125406372 -6.65108843108211 
70.161564223482 68.2779154398625 20.7944776347567 -6.6510378458135 
72.3153910275276 69.5371153868869 20.7934484163279 -6.65100068127099 
74.4696469912143 70.796123706148 20.7924528383729 -6.65095393148827 
76.6242865370839 72.0550462570847 20.7915171838422 -6.65094079158193 
78.7792409006803 73.31405971652 20.7906696589884 -6.65092614143237 
80.9344497924592 74.5732839919916 20.7899365404741 -6.65092768526062 
83.0898418902514 75.8328921484508 20.789348086337 -6.6509266104763 
85.2453756441351 77.0929933291538 20.7889322918167 -6.65096399518967 
87.4009873716222 78.3537714896806 20.7887214656158 -6.65101130776441 
89.556620121918 79.6154001455308 20.7887453055742 -6.6510865370406 
91.7122068009486 80.8780874404239 20.7890393645084 -6.65119572904635 
93.8677141881805 82.1420068654115 20.7896391614606 -6.65133983207917 
96.0230949580884 83.4073607717155 20.7905860968435 -6.65152520239926 
98.1783164400135 84.6743666575799 20.7919250419324 -6.65176690577297 
100.333302785506 85.9432650690654 20.7937062049229 -6.65203972339919 
102.488024001297 87.2142397098517 20.7959864229133 -6.65236975010816 
104.642458746308 88.4874650829811 20.7988228480923 -6.65274175977165 
106.796611223107 89.7630562106446 20.802257738349 -6.65316536779602 
108.950456902206 91.0411335609073 20.8062887442589 -6.65360862562818 
111.10401228001 92.3217303011274 20.8108397693865 -6.65408161787974 
113.257319105191 93.6048129429507 20.8157447964602 -6.65454653161013 
115.410458293202 94.8902308313133 20.8207448319316 -6.65499108692023 
117.563574093514 96.1778107345869 20.8255253877912 -6.65539949858401 
119.716831055434 97.4673048224197 20.8297555445814 -6.65575009062749 
121.870407121301 98.758422495332 20.8331353641362 -6.65601118081847 
124.024476918736 100.050836747385 20.8354234055001 -6.65617555110448 
126.179241777925 101.344166529072 20.836453694477 -6.65623292996643 
128.33486028641 102.637988823835 20.8361453779754 -6.65614491192872 
130.491513841676 103.931824217356 20.8345013389874 -6.65593101486706 
132.649336476396 105.225202148925 20.8316197751585 -6.65559856204674 
134.808440826202 106.517655987193 20.8276750405643 -6.65516632183067 
136.968895287227 107.808785251182 20.8229365234741 -6.65466754163182 
139.130728847629 109.098241337739 20.817737701955 -6.65412220273854 
141.293934458306 110.3857861178 20.8124526022754 -6.65358676505232 
143.458464083658 111.671292966887 20.8074226411088 -6.65306452690903 
145.624218836047 112.954760144842 20.8029036765877 -6.65259021815276 
147.791099994309 114.236222455515 20.7990257221473 -6.65215615087409 
22.9327044519545 37.7942529147652 20.7909985319755 -6.65124863441261 
25.0821712002366 39.0746290918559 20.7931947861348 -6.65146346857695 
27.2305724029536 40.3554549210139 20.7952671855303 -6.65164612412093 
29.3781077797144 41.6364163724153 20.7971527342707 -6.65180823867592 
31.5248813843658 42.9172223087098 20.7987880506776 -6.65194269969004 
33.6710760820161 44.1976029608376 20.8001057383229 -6.65203028515897 
35.8167893337911 45.4773172970486 20.8010522866145 -6.65208533219172 
37.9621926217864 46.7561606061176 20.8016093608569 -6.65208460655506 
40.1074198217071 48.0339122483993 20.8018017263491 -6.65205072458844 
42.2526743506994 49.310387190613 20.8017102016906 -6.65198182864848 
44.3981360254672 50.5854289103491 20.801439421569 -6.65189846990941 
46.5440020771158 51.858904028323 20.801087036587 -6.65179975160944 
48.6904188895621 53.1307304219562 20.800721057807 -6.65170804548709 
50.8375331590277 54.4008974108173 20.8003691305523 -6.65161819549028 
52.9853911840534 55.669448995288 20.80002724803 -6.65153864373769 
55.134043072278 56.9364768983567 20.7996712788514 -6.65147189206667 
57.2834645968855 58.2020902305909 20.7992718480556 -6.65140864062966 
59.4336588640613 59.4664166971365 20.7988039236716 -6.65135418500041 
61.5845702128131 60.729592204195 20.7982557656571 -6.65130751752572 
63.7361729969441 61.9917721334576 20.7976291818303 -6.65126323479 
65.8883964316344 63.2531016813261 20.7969316659574 -6.65122519015789 
68.0412192237766 64.5137253559543 20.7961806245443 -6.65118985008203 
70.1945834181097 65.7737892952789 20.795395840824 -6.65117099832545 
72.3484451731487 67.0334509237354 20.7945983907065 -6.65113549296555 
74.5027181299003 68.2928395706021 20.7938142822004 -6.6511173437282 
76.6573790219793 69.5520921324722 20.793068689632 -6.65109584710969 
78.8123279890105 70.8113460370756 20.7923921133775 -6.6510989458344 
80.9675295403465 72.0707654525898 20.7918128388747 -6.6511031276707 
83.1228767730403 73.330485833867 20.791365317207 -6.65114152368243 
85.2783672199629 74.5906657864529 20.7910817384824 -6.65117707964743 
87.4338944301399 75.851449584858 20.7909998118781 -6.65124729005693 
89.5894379296368 77.1130299444068 20.7911546912401 -6.65134039892219 
91.7449064659985 78.3755899583833 20.7915892590879 -6.65147700912651 
93.9002658283149 79.6393384820524 20.7923407482048 -6.6516377931395 
96.0554624574396 80.9044589983407 20.7934556640072 -6.6518547860297 
98.210473750618 82.1711717635484 20.7949740690176 -6.65211097588406 
100.365234606256 83.4397011246498 20.7969459550038 -6.65241931473387 
102.519706617483 84.7102680340408 20.7994085158588 -6.65278001721131 
104.673867379827 85.9830501404949 20.8024093519814 -6.65318534211006 
106.827701494973 87.2581863632676 20.8059679433051 -6.65363549939043 
108.981225503187 88.5357949859161 20.8100922308869 -6.65411892361231 
111.134439749316 89.8159280192148 20.8147229710153 -6.65462779975301 
113.287382901496 91.0985793050528 20.8197378410053 -6.65513333051494 
115.440099595891 92.383652343036 20.8249155069193 -6.65561451231593 
117.592728342985 93.6709970046354 20.8299694817584 -6.65606999075507 
119.745405378806 94.9603771062731 20.8345526703814 -6.65646487963423 
121.898309486507 96.2515354471226 20.8383302573315 -6.65677164517801 
124.051628590754 97.5441279287659 20.840991134355 -6.65696983137992 
126.205565681366 98.8377834612101 20.8423112630167 -6.65703793865161 
128.360261036806 100.132064026159 20.8421454470966 -6.65696025485371 
130.515931452203 101.426502485336 20.8404767954369 -6.65673293025859 
132.672696279384 102.720591124381 20.8373824648672 -6.65636599822998 
134.830725974732 104.01385628837 20.8330598870469 -6.65588032229073 
136.990080178355 105.305848010764 20.8277945860011 -6.65531503219735 
139.15083625677 106.596203625827 20.8219605186724 -6.65469332703442 
141.312996808463 107.884638186646 20.8159669330205 -6.65407073594932 
143.476529370724 109.17100852772 20.8102046768139 -6.6534618169661 
145.641355940514 110.455270830335 20.804970388568 -6.65290858994542 
147.807369282761 111.737457325022 20.800432729663 -6.65239978193596 
149.974446925507 113.017599906602 20.7966323982384 -6.65195979399421 
152.142457835732 114.295773822568 20.7935239414304 -6.6515815875687 
20.8000259573532 33.9993057626508 20.7866994186456 -6.65071960195857 
22.9517586606212 35.278162097609 20.7889330203561 -6.65095755846429 
25.1023513364932 36.5578964396793 20.7910810157332 -6.65117729764832 
27.2518908921101 37.8382356023639 20.7931057280852 -6.651373279636 
29.4005383338066 39.118913704152 20.7949559869785 -6.65154827723676 
31.5484070588422 40.3996170946897 20.7965835064991 -6.65169029742584 
33.6956629255288 41.6800593201715 20.7979309019023 -6.65180266581512 
35.8424314441502 42.9600074287719 20.7989564659909 -6.65188009526626 
37.9888634561069 44.2392328657603 20.7996338277551 -6.65191257060653 
40.1350566257153 45.5175261654342 20.7999695877886 -6.65190737766264 
42.2812051904701 46.7947003500829 20.8000086681997 -6.65187548059831 
44.4274340792581 48.0705753004026 20.799839163427 -6.6518164816451 
46.5739449476186 49.3450102014893 20.7995545331426 -6.6517374678215 
48.7208695102935 50.6178706486628 20.7992429722282 -6.65165706750717 
50.8684039899839 51.8891243111469 20.7989477998219 -6.65158644270282 
53.0165916252905 53.1587592907369 20.7986915784052 -6.65152265775881 
55.1655310801701 54.4268573688932 20.7984596975748 -6.6514629887804 
57.3152003834281 55.6934781101169 20.7982311134595 -6.65141955230661 
59.4656281236129 56.9587675164636 20.797973254637 -6.65137164819529 
61.6167633296309 58.2228216827581 20.7976691871562 -6.65134845465037 
63.7685935114655 59.4858203591205 20.7973031466383 -6.65130839848083 
65.9210397289809 60.7478811840238 20.7968792452634 -6.65129094565091 
68.0740655600313 62.0091749483316 20.796400330224 -6.65126201810083 
70.2276122604883 63.2698226905246 20.7958849395596 -6.65125687322631 
72.3816477747835 64.5300076064082 20.7953470291597 -6.65124162707745 
74.5360838058154 65.7898435205191 20.7948109662019 -6.65123809252503 
76.6908938564656 67.0494975903219 20.7942995123601 -6.65123400251175 
78.8459936950664 68.3090636984423 20.7938417357522 -6.65124950434083 
81.0013333602946 69.5687297684124 20.7934657486843 -6.65126936317007 
83.1568182372316 70.8286223001709 20.7932088917766 -6.65131020070291 
85.3123953306145 72.0889288090679 20.7931043602126 -6.65137085229143 
87.4680065740612 73.3497734077533 20.7931960401787 -6.65145730914447 
89.6236022952105 74.6113499519579 20.7935230738727 -6.65157724312908 
91.7791170613 75.8738401025243 20.7941341672363 -6.65173328151082 
93.9344801170758 77.137450015925 20.7950711758889 -6.65192207509834 
96.0896519959032 78.4023801092098 20.7963856901572 -6.65215837737041 
98.2445763907285 79.6688429580907 20.798118747994 -6.65244566993129 
100.399233532941 80.9370541215988 20.8003196149995 -6.6527905692021 
102.553569460044 82.2072340957708 20.8030217330009 -6.65318129188073 
104.707544955452 83.4795876136818 20.8062595578827 -6.65362229287329 
106.861147706165 84.7542720124314 20.8100409466228 -6.65410571190611 
109.014389311169 86.0314057068344 20.8143614498879 -6.6546324024789 
111.167291679465 87.3110550258944 20.8191660685811 -6.65518489815654 
113.319876995781 88.5932508345982 20.8243553014872 -6.65573770560696 
115.472193719476 89.8779240993172 20.8297399048688 -6.65626820599292 
117.624343079869 91.1649523535184 20.8350639404804 -6.6567802665516 
119.776460587938 92.4541338013046 20.8399896259475 -6.65721758596894 
121.928699940556 93.7452207625298 20.8441534468818 -6.65757244984435 
124.0812491493 95.0378770013705 20.8471887639897 -6.65781142373926 
126.234296711464 96.331740798553 20.8488035230903 -6.65791130072899 
128.388026784485 97.6263536898156 20.848794622623 -6.65783389547483 
130.542634309999 98.9212703994374 20.8471018807786 -6.65760240240078 
132.698270041442 100.215962891613 20.8437931429738 -6.65719905681936 
134.855096444556 101.509939611829 20.8390755270623 -6.65666922799926 
137.013235546769 102.802717517676 20.8332619514849 -6.65603031238173 
139.172768496129 104.093911918196 20.8267621919784 -6.65533878488077 
141.333722064219 105.383201526109 20.8200228982984 -6.65462037649547 
143.496086127578 106.670402310993 20.8134850138163 -6.65392664303706 
145.6598202467 107.955438323966 20.807482325051 -6.65327616676344 
147.824797879212 109.238323342662 20.8022293048155 -6.65269100509764 
149.990924739358 110.519090887706 20.7977900770583 -6.65217317192392 
152.158055217562 111.797796290138 20.7941351939839 -6.65173109996023 
154.326065373505 113.074522934607 20.7911543938427 -6.65134452284873 
156.494797134188 114.349404086271 20.7887227672115 -6.65100540456586 
18.6623434358212 30.2075962548736 20.7827068956096 -6.65020184099384 
20.8163732252112 31.4843993168048 20.7849735292118 -6.65045523271336 
22.9691671240233 32.7624269694668 20.7872022299943 -6.65070110132974 
25.1208060535524 34.0414667254426 20.7893485645393 -6.65092547932174 
27.2714331639891 35.3212820059097 20.7913636592198 -6.65113376021783 
29.4211348698465 36.6015986975028 20.7932089114522 -6.65131819752008 
31.5700625003929 37.8821318935117 20.7948318125142 -6.65146793364991 
33.7183424076706 39.1625897533711 20.7961931386215 -6.65159791381267 
35.8661408095681 40.4427182865549 20.7972505115116 -6.65169470041198 
38.0135646315731 41.7222743624128 20.7979866698335 -6.65176056416448 
40.1607511356066 43.0010634591095 20.7983974147213 -6.65177741219663 
42.3078304297095 44.2788664499727 20.7985166433561 -6.6517706494281 
44.4549329537259 45.5555067105875 20.7984010137536 -6.65172926701042 
46.6022069331743 46.8308299815466 20.7981454890786 -6.65166747591472 
48.7498119061745 48.1046917631289 20.7978344195133 -6.6516039718853 
50.8978856158732 49.3770170364761 20.7975398171637 -6.65153327286814 
53.0465577331014 50.6477540548764 20.7972979021597 -6.6514828448991 
55.1958978918988 51.9169377412165 20.7971153246328 -6.65143054396121 
57.3459533467551 53.1846213728788 20.7969792991804 -6.65140022212204 
59.4967118359732 54.4509147523871 20.7968651250586 -6.6513670625737 
61.648186715353 55.7159357379561 20.7967461233923 -6.65134846256443 
63.8003336450551 56.979821240964 20.7966023907097 -6.65133057702251 
65.953119765386 58.2426976519975 20.7964228345727 -6.6513203429183 
68.1064837168561 59.5047225374119 20.7962071932804 -6.65132035293954 
70.2603676291431 60.766035963038 20.7959614285126 -6.65131736064141 
72.414704678345 62.0268062520153 20.7956958997351 -6.65132382319061 
74.5694524545162 63.2871638323593 20.7954294023415 -6.65133257410989 
76.7245466525263 64.5472641532211 20.7951827211756 -6.65135370278493 
78.8799451751054 65.8072270503743 20.7949810898761 -6.65137654977187 
81.0355544506284 67.0672037065329 20.794853511627 -6.65141687390022 
83.1913282144166 68.3273474139859 20.7948329176552 -6.65147292973839 
85.347166759477 69.5878186347971 20.7949565390488 -6.65154917782436 
87.5030237412149 70.8487845678019 20.7952671493722 -6.65164612690162 
89.6588345656011 72.1104074320055 20.7958097200673 -6.65178545434727 
91.8145438404745 73.3728760078696 20.7966346816696 -6.65195868910018 
93.9700784158697 74.6364000115021 20.7977910698344 -6.65217605674473 
96.1253699148475 75.9011788405065 20.7993329678356 -6.65244287773595 
98.2803850180743 77.1674201024264 20.8013087343164 -6.65275935380131 
100.435073189165 78.4353396624811 20.8037652591047 -6.65313208291718 
102.589400025645 79.7051708597334 20.8067399143351 -6.65356413588194 
104.743315602773 80.9771118426025 20.81025910077 -6.65404726142339 
106.896803739759 82.2513484718318 20.8143282837601 -6.65457267817951 
109.049860947556 83.5280001225799 20.8189283518652 -6.65514335435649 
111.202523352288 84.8071622718979 20.8240015120725 -6.6557360671738 
113.354793291285 86.0888604286853 20.8294459008112 -6.65634476916365 
115.506750606634 87.3730839387224 20.835096400393 -6.65693348269861 
117.658456968477 88.6597209742254 20.8407156003955 -6.65749574910665 
119.810049039546 89.9486161872852 20.8459859794804 -6.65798307730877 
121.961641828299 91.2395113298565 20.850530456164 -6.65839166885827 
124.113435991198 92.5321178247914 20.8539476590564 -6.65867534484376 
126.265588544 93.8260459570196 20.8558719426143 -6.65880633631359 
128.418312691065 95.1208774445862 20.8560415717316 -6.65874613480308 
130.571791138405 96.4161263687148 20.8543465173668 -6.65851673789458 
132.726224945451 97.7113042732537 20.8508376359485 -6.65808966641783 
134.881760310615 99.0058811091208 20.8457275751419 -6.65751125745655 
137.038565258293 100.299367348554 20.8393578059428 -6.6568143569725 
139.19672685704 101.591321235769 20.8321731026221 -6.65604338881882 
141.356330617645 102.881415245692 20.8246634184211 -6.65524061075194 
143.517367405882 104.169409018602 20.8173080375462 -6.65445489690926 
145.679821770583 105.455210577015 20.8104931734815 -6.65371378219914 
147.843601318491 106.738778171679 20.8044667482341 -6.65303891088065 
150.008604547469 108.020163433013 20.7993328886059 -6.65244230149769 
152.174692733404 109.299388602046 20.7950724519951 -6.65192321330888 
154.341736548348 110.57655104861 20.7915883004534 -6.65147363749763 
156.509590369439 111.851756104854 20.7887453281803 -6.65109073376294 
158.678123303937 113.125166669842 20.786400234086 -6.65075235295126 
160.847195031683 114.396915186837 20.7844232021396 -6.65046156387056 
16.5199607348112 26.4197734796173 20.7789451822382 -6.64971013340337 
18.6762899212512 27.694091903124 20.7811704214766 -6.64997354223996 
20.8313020707235 28.969907299363 20.7834463380939 -6.65023631318245 
22.9850914825271 30.2470834884016 20.7857024258006 -6.65047561564738 
25.1377291910816 31.525406096579 20.7878846882319 -6.65070585324501 
27.2893539833769 32.8046477486022 20.7899360229799 -6.65091931086872 
29.440063566021 34.0845510466278 20.7918134415319 -6.65111047188502 
31.5899871050885 35.3648476005903 20.7934654550234 -6.65127320959543 
33.7392572575798 36.6452568501584 20.7948545065635 -6.65141472097513 
35.888027435747 37.9254999225505 20.7959407543821 -6.65152676960147 
38.0364164802578 39.2053481660063 20.796710488103 -6.65160736248707 
40.1845682155431 40.4845680754698 20.7971579646971 -6.65165330504769 
42.3325785033112 41.7629498676142 20.7973137716911 -6.65166938608722 
44.4805887706395 43.0403087674552 20.7972196998138 -6.65164697205454 
46.6287009984339 44.3164616291725 20.7969558967029 -6.65160204214168 
48.777087986904 45.5912822935856 20.7966082641939 -6.65154622233402 
50.9258334986102 46.8646407782448 20.7962637646345 -6.65148415704406 
53.0751184248134 48.1364823697235 20.7959747545343 -6.6514308884082 
55.2249842609226 49.4067667742244 20.7957725964107 -6.6513936002339 
57.3755369981017 50.6755567605148 20.7956538099299 -6.65135781766577 
59.5267456513679 51.9429049976097 20.7956075096271 -6.65134160938142 
61.6786584767473 53.2089438412137 20.7956059379288 -6.65132587070398 
63.8312198783278 54.4737759904402 20.7956275054491 -6.65133146194194 
65.9844380140676 55.7375514584848 20.7956491033911 -6.65132925545386 
68.1382335448192 57.0003813230889 20.7956658357512 -6.6513459911641 
70.2925724820842 58.2624319254673 20.7956706574793 -6.6513502399111 
72.4473470744802 59.5238442747658 20.795673969352 -6.65137744813473 
74.6025473620583 60.7847930688042 20.7956816875265 -6.65140047003933 
76.7580600047523 62.0454079270907 20.7957162066274 -6.65143316502596 
78.9138782357651 63.3058332582369 20.7957912845286 -6.65147087085678 
81.0698973199688 64.5661884984943 20.795941746778 -6.65152267176344 
83.2260991657679 65.8266425947421 20.7961919562289 -6.65160063300026 
85.3823553626584 67.087349362836 20.796583430738 -6.65168883932676 
87.5386098589512 68.3484935300992 20.7971525665215 -6.65180873575758 
89.6948004071754 69.6102245820683 20.7979515033104 -6.65196512008386 
91.8508542556252 70.8727321224193 20.7990250125121 -6.65215371063819 
94.0067185488178 72.1362058182172 20.8004336646107 -6.65240070283284 
96.1623135282065 73.4008630441114 20.8022283059862 -6.65268747733886 
98.3175810175671 74.6669218974796 20.804467122461 -6.65303699449551 
100.472461623491 75.9345901991786 20.8071965398752 -6.65344748498297 
102.626931410607 77.2040916647081 20.8104606031129 -6.65391301053963 
104.780936145318 78.4756348783507 20.8142817138684 -6.65443451852388 
106.93445652307 79.7494189590652 20.8186697379796 -6.65500350887879 
109.087463868358 81.0255838488863 20.8235974082121 -6.65562008699106 
111.239992294139 82.3042430502218 20.829005501238 -6.65626427505272 
113.392047750197 83.5854262063211 20.8347814402422 -6.6569158616459 
115.54371525483 84.8691479755173 20.8407667877831 -6.65756930935757 
117.695040160766 86.1553305791378 20.8467279263478 -6.65818590410996 
119.846143562538 87.4438414626117 20.8523660957246 -6.65873816069134 
121.997132323192 88.7344505200588 20.8573001808225 -6.65919967163882 
124.148204048989 90.0268727409273 20.8611102042382 -6.65953656626457 
126.29948896041 91.3207341387408 20.8633731086672 -6.65970402541408 
128.451206680633 92.6156298370856 20.863763717921 -6.65968242579664 
130.603533821291 93.9110920889121 20.8621125529009 -6.65946073447376 
132.756698942009 95.2066237954059 20.8584483661793 -6.65902796385074 
134.910862885184 96.5016746835901 20.8529774452565 -6.65842066415174 
137.066232468883 97.7957657660468 20.8460698939184 -6.65766236087382 
139.222915473068 99.0884096233434 20.8382004822655 -6.65681644584199 
141.381018511077 100.379240254535 20.8299084856675 -6.65593251369158 
143.540572793991 101.66798860153 20.821711539626 -6.65505045265138 
145.701589091482 102.954516079876 20.8140440917061 -6.65421618410456 
147.863991385137 104.238763694881 20.8071960612811 -6.6534427757282 
150.027688817078 105.520745006233 20.8013080047737 -6.65276304677827 
152.192575432391 106.800496962615 20.7963834978699 -6.65215889936723 
154.35848646745 108.07808623957 20.7923402978203 -6.65164059948123 
156.525314859128 109.353619948946 20.7890379835862 -6.65119746557367 
158.692886861948 110.627259823012 20.7863299662308 -6.65080886861129 
160.861096246793 111.899149874131 20.7840700705572 -6.65048259855888 
163.029790353252 113.169432145446 20.7821450118166 -6.65018567860954 
165.198877612838 114.43823685158 20.7804574300074 -6.64993727304322 
14.3734480420291 22.6360580452417 20.7755136265822 -6.64926250447095 
16.5318499518284 23.907743371916 20.7775599566063 -6.64950610997596 
18.6890291847675 25.1810230317985 20.7797600926607 -6.6497670695657 
20.8449672482875 26.4558580588015 20.7820471323844 -6.6500202631611 
22.9996910836495 27.7321446313837 20.7843483569859 -6.65027566270319 
25.1532729702523 29.0097218659161 20.7865937481998 -6.65050631397042 
27.3058319035535 30.2883458689018 20.7887196520598 -6.65072782475631 
29.4574825488844 31.5678014723244 20.7906701728384 -6.6509188065311 
31.6083487979515 32.8478042516421 20.7923912415238 -6.65109585072094 
33.7585471051183 34.1281032594008 20.793841257113 -6.65124512524573 
35.908242238053 35.4084196172387 20.7949810348522 -6.65137430969616 
38.0575401017133 36.6885027247401 20.7957929501902 -6.65146448772404 
40.2066069785238 37.9681043152335 20.7962720727355 -6.65154097083134 
42.3555223692543 39.2470167666569 20.7964442942612 -6.65157091777279 
44.504432303905 40.525032674801 20.796349645144 -6.65157477379551 
46.6534054059793 41.8019798353794 20.7960593870609 -6.65154386574913 
48.8026133921005 43.0777080728833 20.7956514105878 -6.65149899619953 
50.9521273967867 44.3520737618696 20.795220265855 -6.65144155641875 
53.102108992282 45.6249967863396 20.7948381772744 -6.65138207079676 
55.2526222300022 46.8964044016592 20.7945560513336 -6.65134271725312 
57.403767979962 48.1663102079892 20.7943890493279 -6.65130822970959 
59.5555510776988 49.4347519070199 20.7943372829662 -6.6512980232668 
61.7080035225242 50.7018552748241 20.7943802736723 -6.65128656670551 
63.8610908358956 51.9677063325628 20.7944994918046 -6.65129433658805 
66.0148219920877 53.2324321120715 20.7946669716421 -6.65130759326804 
68.1691394283853 54.496146006532 20.7948697670546 -6.65133571792193 
70.3240129771745 55.7590060933243 20.7950911335763 -6.6513595732463 
72.4793378722994 57.0211459492851 20.7953364183745 -6.65139109839376 
74.635085484388 58.2827512685832 20.795605218332 -6.6514313119724 
76.7911540395029 59.5439430889368 20.7959131608316 -6.65147561885583 
78.9475182351648 60.804891412485 20.7962719465272 -6.65153736690345 
81.1040874376624 62.0657014032934 20.7967111667983 -6.65160193510167 
83.2608211564069 63.3265360282805 20.7972506156567 -6.65169554117621 
85.417628888612 64.5875513783084 20.797931038921 -6.6517988913075 
87.5744314228638 65.8489212887369 20.7987872158256 -6.65194082520754 
89.7311557564094 67.1108124167355 20.7998678086507 -6.65211693912449 
91.8877198859314 68.3734056001881 20.8012201883187 -6.65232827873014 
94.0440733811843 69.6368932823124 20.8029036461736 -6.65258898626656 
96.2001293087801 70.9014809861465 20.8049708011899 -6.65290805080544 
98.3558195550184 72.1673796523588 20.8074839795599 -6.65327968938738 
100.511080562226 73.4348172228833 20.8104924347917 -6.65371546071026 
102.665863071038 74.7040143043191 20.8140456935849 -6.65421036581897 
104.820124820293 75.9751893672263 20.8181692154676 -6.65477528305934 
106.973826982872 77.2485274128792 20.8228766784113 -6.65539449061532 
109.126945281784 78.5242022878831 20.8281433565092 -6.65605366401834 
111.279479476491 79.8023253596297 20.8339100686506 -6.65675170434046 
113.431464077984 81.0829696490159 20.8400637498837 -6.65745042562261 
115.58294041847 82.3661489212256 20.8464367893524 -6.6581704386877 
117.73397845516 83.6518159283973 20.8527966661136 -6.65883838752099 
119.884659021839 84.9398502568228 20.8588404294254 -6.65946215716791 
122.035121115038 86.2300625825944 20.8641940210727 -6.65997496023483 
124.185502402933 87.5221662896367 20.8684219392853 -6.66037215490807 
126.335963757338 88.8158285967063 20.8710692896881 -6.66058150621469 
128.486700229166 90.110646794529 20.8717468300279 -6.66060780453022 
130.637903570494 91.4061653003061 20.8702233788713 -6.66040113164377 
132.78977478438 92.701889359131 20.8664852100197 -6.65997719152963 
134.942538791136 93.9973008557361 20.860728515155 -6.65934067731252 
137.09638248365 95.291871162127 20.8533352808171 -6.65855545597345 
139.251488772461 96.5851147094597 20.8448187239001 -6.65764125118876 
141.407968678139 97.8766089307832 20.8357565190152 -6.65667353367629 
143.565914927382 99.1660625744613 20.8267145153953 -6.65570187623081 
145.725327190258 100.45327918642 20.8181696351041 -6.6547750944187 
147.886178197767 101.738191031562 20.8104605762576 -6.65390710972242 
150.048404732921 103.02076713208 20.8037659397943 -6.65313078073597 
152.211897386122 104.301044453652 20.7981198512971 -6.65244469401402 
154.376520424214 105.579060544344 20.793456791699 -6.65185180237389 
156.542153557436 106.854937140512 20.7896396958646 -6.6513408546626 
158.708623577067 108.128815773852 20.7865184739648 -6.65090061863197 
160.875818025302 109.40085468499 20.7839394026374 -6.65052103155429 
163.043583617492 110.671192960482 20.7817732440121 -6.65019860600548 
165.211833671422 111.939981917672 20.7799136064487 -6.64991128903133 
167.380418724285 113.20736525191 20.7782841793148 -6.64967058082192 
169.549272647675 114.473526363362 20.7768292371331 -6.64944998006247 
12.2234815923839 18.8563553359986 20.7725910262688 -6.64889035814173 
14.3837154998574 20.1254590657618 20.7743155786711 -6.64909342146801 
16.5428241578971 21.396120894455 20.7762780085198 -6.64932813523906 
18.7007540069954 22.6683986922409 20.7784391297876 -6.64957677900439 
20.8575212533485 23.9422651185646 20.7807306044223 -6.64983459637991 
23.0131120963466 25.2176539207626 20.7830792795318 -6.6500829445367 
25.1675842072325 26.4944352301706 20.7854029507547 -6.6503230293871 
27.3210228583533 27.772422193967 20.7876309863125 -6.65054947085754 
29.473544464125 29.0513753349002 20.7896868125631 -6.65075609333607 
31.6252872154517 30.3310560210822 20.7915181801651 -6.65093813360715 
33.7763710991631 31.6111869614125 20.79306807437 -6.65110220483658 
35.9269269473328 32.8915203359782 20.7942998108843 -6.65124078748492 
38.0770899652675 34.1717799577489 20.7951828877848 -6.65134778199119 
40.2270010816471 35.4517315855494 20.7957154259706 -6.65143082036678 
42.3767888492965 36.7311201215994 20.7959113778119 -6.65148064276549 
44.5265448157369 38.0097512779696 20.7958169944183 -6.65149889850283 
46.67638417702 39.2874390535407 20.7954927249296 -6.65149157278787 
48.826405671394 40.564027177277 20.7950178665735 -6.65145544514048 
50.9767292800659 41.8393716593212 20.7944838042448 -6.65140442872325 
53.1274536066812 43.113352362251 20.7939780808646 -6.65135225625792 
55.2786974868889 44.3858842977841 20.7935700521871 -6.65130340942915 
57.4305114268349 45.6569220228703 20.7932979465401 -6.65126765542152 
59.5829639954111 46.9265069505467 20.7931769531701 -6.65124239261115 
61.7360480758979 48.1947053771984 20.7931970517042 -6.65124227777045 
63.8897729223928 49.4616236767672 20.7933435940235 -6.65124502558105 
66.0441134683327 50.7273648211787 20.7935917444969 -6.65127168837245 
68.1990434519472 51.9920401352345 20.7939212453987 -6.65129875497178 
70.3545190719523 53.2557733693969 20.7943129548463 -6.65134086615902 
72.5104843072111 54.5187149058937 20.7947610440327 -6.6513870275072 
74.6668718507046 55.7810368170713 20.7952594666103 -6.65144568910616 
76.8236064443227 57.042891115302 20.7958163383283 -6.65150297029727 
78.9806160797933 58.3044174060801 20.7964428045658 -6.65157201249469 
81.1378496204684 59.5657500406578 20.7971588949611 -6.65165521103901 
83.2952368676342 60.8270337738535 20.7979851374503 -6.6517568284266 
85.4527058193611 62.0884234921572 20.7989565998351 -6.65188161313452 
87.6101859814457 63.3500791705631 20.8001052854546 -6.65203793651947 
89.7675777605763 64.6121824219261 20.8014757241816 -6.65222255044842 
91.924808419634 65.8749157201156 20.8031155314536 -6.65244750366581 
94.0817895676147 67.1384590624016 20.8050794150315 -6.65273141018204 
96.2384739983496 68.4030247265551 20.8074224974441 -6.65306877002319 
98.394746813809 69.6688150231229 20.8102062987768 -6.65346380338731 
100.550564189016 70.9360635788855 20.8134847953616 -6.65392380822901 
102.705829505763 72.204978128029 20.8173086122412 -6.65445459694587 
104.860532234383 73.4757979133437 20.8217128632804 -6.65504752449766 
107.014590849032 74.748691656426 20.8267146048882 -6.65570541186738 
109.1680026301 76.0238653804568 20.8322981752329 -6.65640902450729 
111.320713392439 77.3014327611795 20.8384093456562 -6.65715176249584 
113.472773626457 78.581507653218 20.8449412683831 -6.65791756767379 
115.624199884411 79.8640889307194 20.8517236736815 -6.65868390905177 
117.775078742898 81.1491641329223 20.8585168316046 -6.65942387781251 
119.925453460129 82.4366329216934 20.8650125776422 -6.66009858135551 
122.075471008249 83.7263304112429 20.8708284337523 -6.6606901622649 
124.22523737385 85.0180038321452 20.8755214370937 -6.66113342248431 
126.374937143989 86.3113246535041 20.8786158931832 -6.66140575420319 
128.524739799847 87.6059108527545 20.8796743594196 -6.66147354879002 
130.674854594351 88.9013367866983 20.8783994363374 -6.66130284055739 
132.825465439444 90.1971142048757 20.8747195100113 -6.66089489312181 
134.976822262479 91.4927337471081 20.8688034332592 -6.66026783622388 
137.129113140117 92.7876594792632 20.8610321448958 -6.65944642846169 
139.282572763756 94.0813940780426 20.8519454324481 -6.65849681568653 
141.437339229003 95.3734798226801 20.8421632079239 -6.65745771378037 
143.593539891647 96.6635735651835 20.832297418132 -6.6564165700076 
145.751214987905 97.9514517053397 20.8228757947613 -6.65538951927356 
147.910364411 99.2369903829236 20.8142818647955 -6.65443832517655 
150.070946193497 100.52016073134 20.8067392282592 -6.65356696464141 
152.232867587344 101.800953965127 20.8003179937114 -6.65278924187823 
154.396022418177 103.079416913111 20.7949738682729 -6.65211362563856 
156.560285225149 104.355645866208 20.7905846993782 -6.65152794700597 
158.725505014429 105.629775068292 20.7869965309318 -6.65102979422937 
160.891528440883 106.90197671377 20.7840534484506 -6.6505902506271 
163.058240269479 108.172393528406 20.7816088291257 -6.650234313961 
165.225511139858 109.441185560265 20.779551742489 -6.64991148778595 
167.393220116328 110.708501177791 20.7777847042427 -6.64964592380134 
169.561275755529 111.974524745392 20.7762469189004 -6.64940388744888 
171.72958027367 113.239439257331 20.7748886565255 -6.64921013839952 
173.898035603182 114.503405276006 20.7736748193907 -6.64903156358613 
10.0707109871113 15.0804003797645 20.770297351335 -6.6486017260923 
12.2325077346622 16.3470880062451 20.7716190634204 -6.64876299028813 
14.3932922323018 17.6152202871234 20.7732187875045 -6.64895304351222 
16.5530236117834 18.88490785493 20.7750832109026 -6.64917131175174 
18.7116342240435 20.15621115037 20.7771866902123 -6.64941039605986 
20.8691398469067 21.4291273229606 20.7794662777071 -6.6496654241835 
23.0255141969107 22.7036280592263 20.7818543132507 -6.64990755625802 
25.1808054012495 23.9795936797997 20.7842579772961 -6.65015998914792 
27.3350694229973 25.2568951526643 20.7865996465082 -6.65038166305175 
29.4884216772161 26.5353135384397 20.7887887434753 -6.65059469814778 
31.6409721552574 27.8146220745234 20.7907633228782 -6.6507856786416 
33.7928778979852 29.0945453212696 20.7924522925718 -6.65096394129689 
35.9442394902508 30.374831139898 20.7938145562532 -6.65111157457651 
38.0952143693196 31.6552206875621 20.7948095537218 -6.65124170773282 
40.2459164960652 32.9354624889302 20.7954308579286 -6.65133272711342 
42.3964997359382 34.2152971647703 20.7956816767973 -6.65139946254592 
44.5470512887183 35.4945020373976 20.7956066940554 -6.65142832326621 
46.697715046882 36.7728944737087 20.7952589100922 -6.65143697877441 
48.848534506155 38.0502971249097 20.7947249015862 -6.65141601782554 
50.999655899215 39.3265762492159 20.7940888108616 -6.65136980272432 
53.1511513023232 40.6015862948494 20.7934499016285 -6.65132443494082 
55.3031483783716 41.875234235983 20.7928881626218 -6.65126916074704 
57.4556915283393 43.1474284369661 20.7924713281891 -6.65123629454623 
59.6088612913451 44.418178772019 20.7922275280051 -6.65120280615945 
61.7626592983154 45.6875197012806 20.7921657745368 -6.65119872809638 
63.9170944563026 46.9555530544328 20.7922757473489 -6.65119647606991 
66.0721370803087 48.222359919634 20.7925409218966 -6.65121994978538 
68.2277702307917 49.4880509849071 20.7929351967427 -6.65124803440784 
70.3839390321434 50.7527256839019 20.793441390097 -6.65129612950676 
72.5406186053461 52.0165468533348 20.7940397276545 -6.65135532917406 
74.6977223616947 53.2796541766176 20.7947244498038 -6.65141733871048 
76.8552040114261 54.5422320325632 20.7954920512627 -6.65148898247256 
79.0129558126521 55.8043998554453 20.796351742484 -6.65156934031602 
81.1709575569047 57.0663211675067 20.7973124460013 -6.65166902607456 
83.3291000967304 58.3281205536114 20.7983985242748 -6.65177721223545 
85.4873350594617 59.5899551408973 20.7996339260664 -6.65191339952895 
87.6455898236487 60.8519726452103 20.8010532916588 -6.65208130781189 
89.8037654734717 62.1143559338993 20.8026932094478 -6.65228634487245 
91.9617816597399 63.3772799614901 20.8046017689804 -6.65253010125794 
94.1195472707994 64.6409408197139 20.8068255246734 -6.65282142315915 
96.2769871649067 65.9055263164612 20.80942367988 -6.65317204824817 
98.4340127777684 67.1712446768563 20.812451001282 -6.653583547799 
100.590541524634 68.4383250772956 20.8159680806343 -6.65407159539689 
102.74649042804 69.7069931100718 20.8200229919393 -6.65461903182698 
104.90179040367 70.9774606767071 20.824663704138 -6.6552494015182 
107.056399577274 72.2499369802074 20.829908198751 -6.65592546397306 
109.210264972373 73.5245905385823 20.835756965229 -6.6566800646457 
111.363346156885 74.8015859212639 20.8421623796395 -6.65745483039831 
113.515656019198 76.0810296597885 20.8490329045254 -6.65828239234282 
115.667204313375 77.3629648981742 20.856199472346 -6.65908610636351 
117.818062645296 78.6473788249328 20.8634294967012 -6.65989472114155 
119.968272140902 79.9341864076707 20.8703999715159 -6.66062560464926 
122.117965470863 81.2232576671507 20.8767241823064 -6.66128466259472 
124.267231202855 82.5143642124676 20.8819427077132 -6.66179115106476 
126.416256967117 83.807209570952 20.8855691752761 -6.66213156183265 
128.56520051096 85.1014293754474 20.8871264587711 -6.66226796363572 
130.714285275801 86.3966145121453 20.8862590121533 -6.66215337067473 
132.863688433437 87.6922900369312 20.8828191720825 -6.66178314366877 
135.01367148059 88.9879742473897 20.8769296801815 -6.66117474601732 
137.164430609494 90.2831236249557 20.868950015269 -6.66034511592023 
139.316217736976 91.5772303103557 20.8594330633138 -6.65936648213402 
141.46921631777 92.8698111453211 20.8490313233682 -6.65827368060917 
143.62359041018 94.1604818866478 20.8384094267352 -6.65715761511766 
145.779417543576 95.4489580285631 20.8281419506611 -6.65605195486754 
147.9367340658 96.7351004743539 20.8186700093696 -6.65500605912474 
150.095517087229 98.0188370713632 20.810257400991 -6.65405133260004 
152.25570794935 99.3001549778472 20.8030235517905 -6.65318081073831 
154.41721733399 100.579070176457 20.7969448907506 -6.65242432983136 
156.579938953775 101.855666084004 20.7919253870556 -6.65176168225897 
158.743726188517 103.130070555426 20.7878133807891 -6.65119487516003 
160.908433030024 104.402463401849 20.784451117863 -6.65070199485578 
163.073944035144 105.672981403673 20.7816864542726 -6.65029111735397 
165.240097751039 106.941801002476 20.7793911963384 -6.64993897252754 
167.406812400688 108.209075460856 20.7774615168239 -6.6496386711863 
169.573944782773 109.475001036072 20.7758164908266 -6.64939166794078 
171.741434488509 110.739762750811 20.7743995536891 -6.64917925751316 
173.90914355238 112.003515991238 20.7731632603157 -6.64899740769262 
176.07703600491 113.266417572799 20.772084182145 -6.6488417879241 
178.245017163559 114.528594615879 20.771128687734 -6.64871528839881 
7.9158488233338 11.307790410037 20.7686441187629 -6.64840121481641 
10.078874250817 12.5723071403159 20.7695660845844 -6.64850969020111 
12.2410624728555 13.8381220592592 20.7707505490058 -6.64865361897364 
14.4023234130007 15.1053431006686 20.7722181588644 -6.64882177353189 
16.5626019635177 16.374090079953 20.7739699153238 -6.64903323431071 
18.7218238974728 17.6444392345831 20.7759955490232 -6.64925093463897 
20.8799885898949 18.9164278572634 20.7782423366924 -6.64950472264143 
23.0370652265179 20.1900427345585 20.7806512386072 -6.64974878510655 
25.1931131179302 21.4652049717617 20.7831272508649 -6.65000080650989 
27.3481292549067 22.7417904983115 20.7855829378826 -6.65022859875828 
29.5022519744074 24.019637342536 20.7879196944049 -6.65045563361797 
31.6555529543584 25.2985310546067 20.7900590862032 -6.6506466866824 
33.8082184793212 26.5782096642892 20.7919199877952 -6.65083325770724 
35.9603244603728 27.8583997285985 20.793449191919 -6.65099304492466 
38.1120550245841 29.138863237109 20.7945981973692 -6.65113934546986 
40.2634900761879 30.4193371795497 20.7953476705743 -6.65124980611122 
42.4148008660739 31.6995786405267 20.7956955881114 -6.65132503849832 
44.5660924709103 32.9793261604665 20.7956739239478 -6.65137727260007 
46.7175090796737 34.2583833607874 20.7953350538053 -6.65140031005809 
48.8691039427774 35.536568821782 20.7947603084971 -6.65139033473747 
51.0209844774705 36.8137512569329 20.7940400069682 -6.65134993340687 
53.1732410231098 38.0897730858288 20.7932732204988 -6.65130728908719 
55.3259797190051 39.3645111353036 20.792555736521 -6.65125304723172 
57.4792778677146 40.6378595227582 20.7919699292137 -6.65120788573152 
59.6331930910168 41.9097881228548 20.7915671938986 -6.65117652735138 
61.7877455537389 43.180312065244 20.791376014983 -6.65116100607553 
63.9429364429894 44.4494973690023 20.7913976604355 -6.65116409993992 
66.098749309583 45.7174240722608 20.7916186847114 -6.65117656492888 
68.2551513147018 46.9841813061014 20.7920198288563 -6.65120411941856 
70.4120993646554 48.2498631596678 20.7925793136853 -6.65124481758573 
72.569563262649 49.5146212204712 20.7932738175054 -6.65130383718044 
74.7274602743114 50.7785982416166 20.7940898490019 -6.65137262122226 
76.8857449749954 52.0419652488942 20.7950181720885 -6.65145493679224 
79.044338125217 53.304850609671 20.7960596724473 -6.65154395963283 
81.2031782542488 54.5674183575029 20.7972201596192 -6.65165312114962 
83.3621722227144 55.8297933578548 20.7985161904996 -6.65176566441852 
85.5212762610779 57.0921371079957 20.7999696506289 -6.65191283591937 
87.680399017223 58.3545835652673 20.8016082988393 -6.65208724355567 
89.8394614503486 59.6173081703162 20.8034692562308 -6.65229892749026 
91.9983685611185 60.8804872583319 20.8055945205075 -6.65254682380662 
94.157037680666 62.1443160862795 20.8080289904513 -6.65285628585864 
96.315362937264 63.4089732443011 20.8108276941516 -6.65321118504344 
98.4732740323989 64.6746772029019 20.8140450549758 -6.65363491140552 
100.630661168713 65.9416230914439 20.8177372485725 -6.65412756665936 
102.787447005551 67.2100612488636 20.821960889406 -6.6546940921475 
104.943521470461 68.4801949436549 20.8267619863351 -6.65533706500382 
107.098847895334 69.7522447432123 20.8321727379669 -6.65604680356147 
109.253336971804 71.0263792900256 20.8382013984893 -6.65682174937279 
111.406978651918 72.3027723198713 20.8448190357641 -6.65764149291265 
113.559714520476 73.5815452519365 20.8519456747375 -6.65850000444368 
115.711562943682 74.8627722251696 20.8594329618238 -6.65935802654208 
117.862564572512 76.1464432910552 20.8670525601346 -6.66021036147623 
120.012784606116 77.432504825525 20.8744888570653 -6.66100865891977 
122.162297099522 78.7208400389997 20.8813421938046 -6.66172535341738 
124.311211627128 80.0112545977927 20.8871496933703 -6.66230383633628 
126.45968899104 81.3034799449825 20.8914020619351 -6.66271974199202 
128.607904410725 82.5971862145631 20.8935977645126 -6.66291681149845 
130.756044907434 83.8919631329238 20.8933225493152 -6.66287711051194 
132.904329260148 85.1873983322186 20.8903542208979 -6.66256625112819 
135.052995703489 86.482982530359 20.8847380163112 -6.66201180740724 
137.202272111103 87.778219207547 20.876790626833 -6.66119885091039 
139.352410978909 89.0725670206887 20.8670523049091 -6.66020799096787 
141.503632556778 90.3655441958974 20.8562000713372 -6.65908957007637 
143.656137604303 91.6567069085587 20.8449411178673 -6.65791594060386 
145.810041723234 92.9457443438535 20.8339102162585 -6.65673798709399 
147.965427938596 94.2324546231486 20.8235977966927 -6.65561940948393 
150.122292827272 95.516742031654 20.8143287793467 -6.65456758985468 
152.280615920941 96.7985730940418 20.8062587841046 -6.65362314580358 
154.44032741355 98.0779552765402 20.799409902432 -6.6527744682224 
156.601336765087 99.3549408160521 20.7937058379835 -6.65204750891813 
158.763522021795 100.62965547383 20.7890132681762 -6.65140025584233 
160.926748933241 101.902257107038 20.7851751488844 -6.6508623118202 
163.090892798007 103.172927243315 20.7820386847986 -6.65039003005157 
165.255798508206 104.441802244116 20.7794618015912 -6.65000183331604 
167.421372818777 105.709079875986 20.7773327610591 -6.6496697428272 
169.587477476034 106.974933268541 20.7755526047821 -6.64940163185488 
171.754021885999 108.239567409129 20.7740555950852 -6.64916289505745 
173.920898051362 109.503151636114 20.7727780625541 -6.64897479309459 
176.088035432966 110.76583779189 20.7716897156235 -6.64881401622022 
178.255335035293 112.027768280294 20.7707459565916 -6.64868397759717 
180.422748384934 113.289073915366 20.7699410742424 -6.64856441149283 
182.590207221166 114.549881035584 20.7692368330765 -6.64847467942036 
5.7596244349625 7.53800510680596 20.7675690276193 -6.64827394948827 
7.92354673630749 8.80070525434181 20.7681470514368 -6.64834152116143 
10.0868131389754 10.064464550872 20.7689378350956 -6.64844187208423 
12.2493096779938 11.3294625006376 20.7699843793125 -6.64856879194893 
14.4109662102307 12.5958171514108 20.7713117730945 -6.64871710556722 
16.5717054166672 13.8636660839689 20.7729405560831 -6.64890588622179 
18.7314707620621 15.1330952596297 20.7748643387734 -6.64911863897829 
20.8902157255471 16.4041866646017 20.7770577927218 -6.64935345361914 
23.0479346887881 17.6769226925756 20.7794594371299 -6.64960546089881 
25.2046402002542 18.9512764965676 20.7819892053105 -6.64985515966656 
27.3603657758364 20.2271296661243 20.7845488632644 -6.65009506208334 
29.5151840504666 21.5043804118426 20.7870362240059 -6.65031884217369 
31.6691946344318 22.7828151754952 20.7893530065789 -6.65053159131204 
33.822535102888 24.0622074418953 20.7914099907247 -6.65071907317499 
35.9753442143394 25.3422639501814 20.7931373141459 -6.65088910894411 
38.1277450094607 26.6227453410159 20.7944767099849 -6.651041577481 
40.2798739439128 27.9033982875409 20.7953956612913 -6.6511648102372 
42.4318491455516 29.1839855119726 20.79588459741 -6.65125092739104 
44.5838271530376 30.4642383543702 20.7959606911479 -6.65132036095829 
46.7359127259628 31.7439327195752 20.7956715390649 -6.65135756319898 
48.8882314392514 33.0228757467433 20.7950922107424 -6.65136263987188 
51.0408238617685 34.3009145390731 20.7943133012 -6.65133975817818 
53.1938242911345 35.5779203660996 20.7934415506731 -6.65129668044717 
55.3472767082998 36.8537362709633 20.7925785671818 -6.65124554303906 
57.5013106449682 38.1282434545621 20.7918212361962 -6.65119171987711 
59.6559600324541 39.4013626649568 20.7912411572367 -6.65116330578242 
61.8112746022451 40.6730906326137 20.7908884995681 -6.65113011610227 
63.9672393798588 41.9434578160497 20.7907774550278 -6.65113144069325 
66.1238503852588 43.2125390221278 20.7909075261181 -6.65113890278411 
68.2810595289465 44.4804130828895 20.7912628682269 -6.65116259197016 
70.4388447956574 45.7471750018271 20.7918204614365 -6.65120025349874 
72.5971441762801 47.0129262921197 20.7925560113963 -6.65125718162202 
74.7559028067581 48.2778401689444 20.7934486273295 -6.651321651204 
76.9150628059801 49.5420549161586 20.794483451126 -6.65140477665709 
79.074551503413 50.8057355955037 20.7956520469707 -6.65149438909975 
81.2343008566124 52.0690064105936 20.7969542720792 -6.65160703454369 
83.3942274938876 53.3320297437281 20.7984021607352 -6.65172691677798 
85.5542735855716 54.5949401864973 20.8000090894278 -6.65188512041927 
87.7143481864949 55.8578815042621 20.8018015423153 -6.65204833693386 
89.8743772763325 57.1210138026937 20.8038116537198 -6.65225901770947 
92.0342696106853 58.3845019577518 20.8060756448751 -6.65251063759373 
94.1939400381687 59.6485440614301 20.8086390232348 -6.65282283757666 
96.3532576722031 60.9133241439174 20.8115518499714 -6.65317091165222 
98.5121612121724 62.1790518409243 20.8148680705799 -6.65360181025291 
100.670533156112 63.4459196770176 20.8186433884591 -6.65409093000347 
102.828283277608 64.7141549748708 20.8229359249207 -6.65466961551564 
104.985295778224 65.9839673822444 20.8277950477027 -6.65530791794875 
107.141499522884 67.2555851245992 20.8332625838513 -6.65603400250806 
109.296794447774 68.5291921276275 20.8393572213032 -6.65681040381176 
111.451156275932 69.8049565761152 20.8460692206573 -6.65766547776831 
113.604503338996 71.0830127147124 20.8533346881834 -6.658545010467 
115.756851846773 72.3634692844283 20.8610318090759 -6.65945652889779 
117.908179436241 73.6463255672476 20.8689501748489 -6.66034254177203 
120.05857892951 74.9315524517585 20.876790977675 -6.66120446087716 
122.208094316239 76.2190390547865 20.8841592798725 -6.66197615772469 
124.356836086379 77.5086387746357 20.8905883859668 -6.66262431635034 
126.504936282509 78.8001167163581 20.8955531069908 -6.66311423840335 
128.652562812381 80.0931578029983 20.8985290953519 -6.6633973863984 
130.799906831597 81.3874034798129 20.899048849463 -6.66343809934629 
132.947189648515 82.6824233956691 20.8968122558855 -6.66321933348596 
135.094645438206 83.9777684739197 20.8917664498589 -6.66272571887568 
137.242518260238 85.2729302341008 20.8841604361272 -6.66197687274914 
139.391065368534 86.5673937512114 20.8744877512799 -6.66101007173397 
141.540540579956 87.8606467562358 20.8634294658692 -6.65989357136735 
143.691168995084 89.1522260159211 20.8517229301361 -6.65868617458009 
145.843121369505 90.4417534494931 20.8400638914002 -6.65745900335991 
147.99651265106 91.728994201792 20.8290036510413 -6.65626786747315 
150.151376094781 93.0138175477319 20.8189283418016 -6.65513917105483 
152.307721482787 94.2961651230254 20.8100405863096 -6.65411248419405 
154.465511451858 95.5760153639182 20.8024088859323 -6.65318165007008 
156.624675034532 96.8534123363426 20.7959849771079 -6.65237240219742 
158.785112894474 98.1284667915145 20.7906633016875 -6.65165470296666 
160.946699816524 99.4013206582225 20.7862937875005 -6.65105576814538 
163.109316294709 100.672169942854 20.7827298083299 -6.65053515598829 
165.272830061385 101.941158112389 20.7798202593171 -6.65009580898129 
167.437121488306 103.208468245574 20.7774471038007 -6.64972932686461 
169.602072140915 104.474298312191 20.7754925314969 -6.64943222907114 
171.76754853678 105.738847882466 20.773885042106 -6.64917995716785 
173.933478658345 107.002301453105 20.7725409600794 -6.64897829253126 
176.099748904093 108.264812334416 20.771424063341 -6.64880643785818 
178.266286694292 109.526525908852 20.7704741480333 -6.64866517019126 
180.433010099435 110.787588614102 20.7696800736909 -6.64855008051508 
182.599858163805 112.048128241121 20.7689980905286 -6.64845799209111 
184.766769760414 113.308269063308 20.7684320579085 -6.64838021218551 
186.933671824869 114.56812540146 20.7679532078997 -6.64832149760415 
3.60280345550417 3.77052246154315 20.7669786784774 -6.64819675811389 
5.76727328781775 5.03176097827294 20.7672743527046 -6.6482336454163 
7.93124860771379 6.29381750952752 20.7677425380741 -6.64829886589819 
10.0946662740767 7.5568715729396 20.7684083129997 -6.64838304858858 
12.2573970361259 8.82109062965151 20.7693158751119 -6.64849635850374 
14.4193666107327 10.0866406463602 20.7704992390998 -6.64863066240835 
16.5804874564629 11.3536325367822 20.7719917556311 -6.64880299316568 
18.7407141465044 12.6221865784771 20.7737972015347 -6.64900496757936 
20.8999697267522 13.8923901031953 20.7759108348955 -6.64922121846658 
23.0582537648395 15.1642682206455 20.7782800921543 -6.64946326750149 
25.215556749627 16.4378075295911 20.7808383903277 -6.6497098334053 
27.3719226967185 17.7129339767929 20.7834838739046 -6.64995859851799 
29.5273818560978 18.9895434133709 20.7861123963949 -6.65019097894922 
31.6820466687995 20.2674795532152 20.7886090661099 -6.65040881227732 
33.8360103477396 21.5465338167595 20.7908775197954 -6.65060557047527 
35.9894442080059 22.8264259879709 20.7928250717052 -6.65078742408512 
38.142459443442 24.1068860914592 20.79438703691 -6.65094961024281 
40.2952162507446 25.3876788758576 20.7955119475206 -6.65108108549997 
42.4478009598702 26.6685550366186 20.7961821149256 -6.6511907862618 
44.6003931982485 27.9492827519006 20.7964004429047 -6.65126297730202 
46.7530958463554 29.2295779066975 20.796207698394 -6.65131644744533 
48.9060498770365 30.5092515641143 20.7956655161145 -6.65133472364098 
51.059318677045 31.7881266677439 20.7948689658622 -6.65133331360696 
53.2129980714133 33.0660821760132 20.7939200624058 -6.65130179661162 
55.3671478337609 34.3429552860252 20.7929368382967 -6.6512535695131 
57.5218754687716 35.6186058312625 20.7920184835237 -6.65120491380671 
59.6772358236661 36.8929282786242 20.7912628759645 -6.65116398894937 
61.8332832933615 38.1658761270615 20.7907296926008 -6.65113288963051 
63.9900074932544 39.4374544366067 20.7904615821236 -6.65111408138309 
66.1474107078214 40.7077273352958 20.7904626020929 -6.65111575869725 
68.3054393802306 41.9767529597878 20.7907315961962 -6.65112924328822 
70.4640727075401 43.2446179496309 20.79124018653 -6.65116630637881 
72.6232530724684 44.5114368452207 20.7919701393446 -6.65120757122129 
74.782916151374 45.7773429505649 20.7928883998278 -6.65126913253969 
76.9429956169309 47.042476948279 20.7939793817713 -6.65135122424121 
79.1034249846802 48.3070035240692 20.7952195362172 -6.65143934663883 
81.2641411441806 49.5710492529238 20.7966099684119 -6.65154523269071 
83.4250514221019 50.834771757576 20.7981450045839 -6.65166070133132 
85.5860934313303 52.0983004198684 20.7998394330334 -6.6518131681893 
87.7471808239703 53.3618002345115 20.8017095343901 -6.65197626410532 
89.9082396289618 54.6253942322959 20.8037861468575 -6.65218471277593 
92.0691884782293 55.889262706599 20.8060983625505 -6.65243141332639 
94.2299112136323 57.1535695607283 20.8086937045822 -6.65273560332451 
96.3903162992664 58.4185271949814 20.8116141761868 -6.6530722714872 
98.5502935771036 59.6843089712401 20.814916657621 -6.65349550400216 
100.70975393027 60.9511313670996 20.818653964136 -6.65396834837233 
102.868577786295 62.2191836909868 20.8228896594694 -6.6545364064864 
105.026659808756 63.4887093689666 20.8276738719663 -6.6551625773654 
107.183878699841 64.7599037371835 20.8330586519302 -6.65588739002549 
109.340143481567 66.0329760233384 20.8390742082686 -6.65666284353547 
111.495386689717 67.30809525742 20.8457270597206 -6.65752129472066 
113.649540392363 68.585402395876 20.8529769233961 -6.65841038699956 
115.80256216999 69.8650136592668 20.8607287697944 -6.65934599091023 
117.954432790347 71.1469854067555 20.8688027829169 -6.66027015301809 
120.105204206936 72.4312867123311 20.8769298801114 -6.66117574665616 
122.254920675979 73.7178328245794 20.8847380111017 -6.66200987605145 
124.403673947992 75.0065083200263 20.8917679994018 -6.66272819462846 
126.551583716974 76.2971098321194 20.8974919044656 -6.66329885490457 
128.69880655412 77.5893590516968 20.9013644858297 -6.66367046028568 
130.845538631034 78.8829125546464 20.902870711831 -6.66381236153733 
132.991984683705 80.1773810155973 20.9016327955388 -6.66369610339904 
135.138377752082 81.4723277617198 20.8974916329373 -6.6632971228326 
137.284969060236 82.767270397062 20.8905880421487 -6.66262922922051 
139.432034894544 84.0616971058141 20.881341473942 -6.6617235669823 
141.579839429318 85.3550994624608 20.870400676504 -6.66063375071821 
143.728639672546 86.6469739128103 20.8585165187922 -6.65941953462701 
145.878647409004 87.9369313575518 20.8464368730368 -6.65816485690683 
148.030020190647 89.2246501266753 20.834781315301 -6.65692389398296 
150.18283216161 90.5099851888399 20.8240022462746 -6.65573776315051 
152.337128389475 91.7928296491168 20.8143595590089 -6.65462977595801 
154.492893047498 93.0731684531189 20.8059700689038 -6.6536352230543 
156.650101036779 94.351004469877 20.7988219764423 -6.65273685152599 
158.808654746758 95.6264270826505 20.792840531917 -6.6519680053222 
160.968478392689 96.8995889651526 20.7878943438618 -6.65128760926277 
163.129424113112 98.1706585996323 20.7838473809069 -6.65072538328932 
165.291398572317 99.4398113552064 20.7805497293966 -6.65023002174603 
167.454265934363 100.707217031199 20.7778746390325 -6.6498421878583 
169.617922234517 101.973074642125 20.7757015668713 -6.64950240707062 
171.782225235747 103.23758486931 20.7739357874223 -6.64923843525303 
173.94708087202 104.500951907987 20.7724930748448 -6.64900765666714 
176.112379888334 105.763338038802 20.7713129032106 -6.64883248819848 
178.278051620058 107.024882386796 20.770335413846 -6.64867793611834 
180.443994448786 108.285745384252 20.769533575039 -6.64856257385433 
182.610155798459 109.546053784449 20.7688579287116 -6.64845809025838 
184.776441553531 110.805930930884 20.7683055422844 -6.64837201525948 
186.942825866046 112.065495044399 20.7678417349726 -6.64831122623155 
189.109201561693 113.32489578158 20.7674702879466 -6.6482624854674 
191.275500599558 114.584261440964 20.7671785094713 -6.64822598119705 
1.44608568997857 0.00483055669573589 20.766764461871 -6.64816528588041 
3.6107806035385 1.26492028622443 20.7668629445588 -6.64818536200074 
5.77514602000828 2.52563742107261 20.7670767247811 -6.64820888671977 
7.93910811714605 3.78710940547989 20.7674399888611 -6.6482569807618 
10.1025928282692 5.04951113462473 20.7679838339404 -6.64833792580989 
12.2654785850383 6.31301156977268 20.7687534045705 -6.64843242131844 
14.4276782557373 7.57778913583236 20.7697904045116 -6.64855730864931 
16.5891045196923 8.84396942140325 20.7711335768809 -6.64871167949724 
18.7497090690311 10.1116830170522 20.7728077200769 -6.64890116268583 
20.9094081811826 11.3810274791356 20.7748136495336 -6.64910928223673 
23.068184970761 12.6520714841262 20.777124256253 -6.6493433988046 
25.2260196289375 13.9248064534238 20.7796780330722 -6.64958579987803 
27.3829447143039 15.1991993144605 20.7823850943752 -6.64983384824657 
29.5389909983597 16.4751585056786 20.7851344391361 -6.65006913016295 
31.6942467220011 17.752573135071 20.7878074606824 -6.65029983840483 
33.8487921097583 19.0312346413652 20.7902883801747 -6.65050797948492 
36.0027851944575 20.3109106833007 20.7924735248814 -6.65069893282752 
38.1563597065506 21.5913128014179 20.7942783593412 -6.65087179505422 
40.3096628039056 22.8722026419265 20.7956423028022 -6.65101934397561 
42.4628109889867 24.1533361828617 20.7965286195125 -6.65113434646114 
44.6159469140983 25.4344811124939 20.7969322939844 -6.65123035121922 
46.7692116636278 26.7153564313153 20.7968779911816 -6.65128603361923 
48.9227177729364 27.9957324771171 20.7964225399772 -6.65132446644456 
51.0765979534595 29.2754251891264 20.7956496899528 -6.65133157394607 
53.2308905714172 30.5542960165557 20.7946674209332 -6.65130869488205 
55.3856996960666 31.8321940546913 20.7935914996923 -6.65126675658263 
57.5410779313759 33.1089686932468 20.792540646521 -6.6512215068806 
59.6971181825532 34.3844839210341 20.7916183011598 -6.65117455236034 
61.8538527945091 35.6586629492809 20.790908322071 -6.65113690627833 
64.0113058501373 36.9314744634881 20.7904638567486 -6.65111705236611 
66.1694689068221 38.202966892734 20.7903148209296 -6.65111205309051 
68.3282961750546 39.4731802286056 20.7904617809873 -6.65111264721398 
70.4877661504299 40.7422069182128 20.7908880543063 -6.6511333775963 
72.6478142731892 42.0101302000976 20.7915681863542 -6.65117535674791 
74.8083950308773 43.2770737947664 20.7924715717841 -6.65123136507453 
76.9694205249656 44.5431869558566 20.7935698337569 -6.65130343674859 
79.1308237887451 45.8086146557482 20.7948386187419 -6.65138891488194 
81.2925208754552 47.0734933991112 20.7962635441936 -6.65148685256442 
83.454448287838 48.3379617299463 20.7978342159032 -6.65160653249597 
85.6165267671133 49.6021634215375 20.7995552252174 -6.65173771931014 
87.7786716089142 50.866253618082 20.8014388264509 -6.65190035964569 
89.9407921349022 52.1303658119486 20.8035045338189 -6.65207919650028 
92.1028255282911 53.3946569551274 20.8057835583554 -6.65231966367884 
94.2646619531759 54.6592810731431 20.8083127272185 -6.65258755641938 
96.4262004823874 55.9244456681255 20.8111375826223 -6.65292064711597 
98.5873221578735 57.1903343372465 20.8143069917621 -6.65331088423325 
100.747934586148 58.4571437843633 20.8178810926709 -6.65376612510459 
102.907912010859 59.7250640135864 20.8219183409021 -6.65429675846716 
105.067151161622 60.994306922961 20.8264779222868 -6.6549104805904 
107.225510750294 62.2650940714305 20.8316184525574 -6.6556013687873 
109.382886605915 63.5376306049605 20.8373828318799 -6.65636346100811 
111.539173290755 64.8120898501648 20.8437930763558 -6.65719894192942 
113.694292577659 66.0886308474316 20.8508375190135 -6.65809250035696 
115.848177456494 67.367362770617 20.8584476904766 -6.6590258268312 
118.000799056126 68.6483783850451 20.8664850244645 -6.65997144689762 
120.152148345553 69.9316690198621 20.8747193364997 -6.66090012946037 
122.302281531391 71.2171915732455 20.8828198057673 -6.661776073178 
124.451260023555 72.504830139284 20.8903544312762 -6.6625652579648 
126.599198039153 73.7944286742405 20.8968117373387 -6.66322275240659 
128.746237128978 75.0857502218367 20.9016326367709 -6.66369404668413 
130.892552374568 76.3784749036648 20.9042709776237 -6.66394150552851 
133.038362502084 77.6722471665124 20.9042705017259 -6.66394805450418 
135.183885394844 78.9666482835622 20.9013637892359 -6.66366860996735 
137.329377212933 80.2612219073588 20.8955532486449 -6.66311491669677 
139.475108134583 81.5554681786754 20.8871495299873 -6.66230020998086 
141.621367868392 82.8488775919175 20.8767237441673 -6.66127950057062 
143.768431828159 84.1409582004983 20.865012863729 -6.66009273409501 
145.916549119941 85.431241383097 20.8527966101302 -6.65884274365218 
148.065927306506 86.7193990761653 20.8407662311352 -6.65756478751618 
150.216684757199 88.0051992672312 20.8294463556336 -6.65634306643632 
152.368890026202 89.288537812268 20.8191666298325 -6.65518010316657 
154.522568091332 90.5693599369583 20.8100920277285 -6.6541273262129 
156.677721913344 91.8476600626719 20.8022573389827 -6.65315817725213 
158.834299393908 93.1234933558892 20.7956160835558 -6.65232829157331 
160.992232765934 94.3970085058968 20.7900695669045 -6.65158805309418 
163.151398783287 95.6683532430535 20.785493506776 -6.65096702551261 
165.311688807169 96.9377266565081 20.7817530961864 -6.65042529129458 
167.473011339553 98.2052888707884 20.7787182186107 -6.64999167819786 
169.635234527176 99.4712283553152 20.7762663261527 -6.64961331050579 
171.798242526537 100.735760792543 20.7742899442264 -6.64932285387352 
173.961912458575 101.999092627228 20.7727002713274 -6.64907669967542 
176.126136893185 103.261397646061 20.7714152339841 -6.64888077989276 
178.290826088903 104.522826663783 20.7703784871238 -6.6487132504586 
180.455898620721 105.783524236155 20.7695349828131 -6.64858238272401 
182.621275282078 107.043650794028 20.7688461521893 -6.64847350599647 
184.786862507234 108.303314881053 20.7682830390839 -6.64838021726183 
186.952626438807 109.562640388919 20.7678251771504 -6.64831832414912 
189.118471037779 110.821742459579 20.7674528240468 -6.64826352456 
191.284336561114 112.080782378966 20.7671634953276 -6.64822350529104 
193.450107472495 113.339892391332 20.7669476135098 -6.64819481527973 
195.615751949283 114.599210249127 20.7668093204684 -6.64817236888731 
5.78337485586061 0.0196098224876232 20.7669842373609 -6.64820009543365 
7.94725413125145 1.28054978364003 20.7672475754339 -6.64824145852683 
10.1107160695014 2.54236320088888 20.7676711509003 -6.64830449010393 
12.2736803472235 3.80519641063472 20.7683056208702 -6.64838753083556 
14.4360277370315 5.06925486168303 20.7691895310682 -6.64849592354813 
16.5976944058099 6.33466769288931 20.7703765414574 -6.64863510755921 
18.7585835901389 7.60158321011218 20.7719014393273 -6.64880597499581 
20.9186609463009 8.87009712255145 20.7737787752503 -6.649006637063 
23.0778527660299 10.1403274824513 20.7760004829202 -6.64923264016743 
25.2361610738324 11.4122661811097 20.7785175192096 -6.6494724079176 
27.3935697204127 12.6859301676948 20.7812542310549 -6.64971718760401 
29.5501488720419 13.9612325740268 20.784099746481 -6.6499663915316 
31.7059257437491 15.2380903013057 20.7869321153579 -6.65019257291091 
33.8610213649425 16.516329570079 20.789621497886 -6.65040903130747 
36.0155161697803 17.7957406054044 20.7920500248272 -6.65060581527728 
38.1695979007793 19.0760372438125 20.79411590812 -6.65078739214747 
40.3233768615623 20.3569826572623 20.7957422806952 -6.65094938942771 
42.4770356009053 21.6383313904135 20.7968774826887 -6.6510802282146 
44.6306550895084 22.9198403728885 20.7975025473521 -6.65118845945006 
46.784411888279 24.2012558166094 20.7976295470899 -6.65126077797935 
48.9384103248398 25.4823047368278 20.7973037457515 -6.6513138555685 
51.0928123677827 26.7628043948749 20.7966023714999 -6.6513370341641 
53.247654835181 28.042570079399 20.7956278278573 -6.65131969919053 
55.4030420108183 29.3214745516862 20.7944994471142 -6.65129247790451 
57.5590299805315 30.599349184915 20.7933429085198 -6.65124622343523 
59.7156929758942 31.8760507703789 20.7922770662009 -6.6511960963531 
61.8730746531499 33.1514527991241 20.7913970388414 -6.65116020574764 
64.0312133051725 34.4255254274289 20.7907769678291 -6.65112904661621 
66.1900917842025 35.6982486461147 20.7904612162388 -6.65111950124876 
68.34968507512 36.9696885722975 20.7904635158507 -6.65111301890708 
70.5099523144311 38.239896269265 20.7907769914124 -6.6511392215482 
72.6708432866368 39.508975852187 20.7913754576593 -6.6511560519333 
74.8323096807425 40.7770053179606 20.7922277627689 -6.65121131487779 
76.9942685543602 42.0441405906868 20.7932972992479 -6.65126351889302 
79.1566408191213 43.3104970774445 20.7945556918326 -6.65134750702508 
81.319330287044 44.57624959931 20.7959748742656 -6.65142609901037 
83.4822784847039 45.8415064732834 20.7975395922483 -6.65154261117051 
85.6453976398524 47.1064282893536 20.7992420150895 -6.65165601922293 
87.808601565337 48.3711468937804 20.8010882375687 -6.65180663540627 
89.9718049919556 49.6358182154875 20.803086193395 -6.65196484480312 
92.1349420525303 50.9005656744078 20.8052655804235 -6.65218206642047 
94.2979055577825 52.1655528410492 20.807653505529 -6.6524152123638 
96.4605950407608 53.430964913754 20.8102942051969 -6.65272296421718 
98.6229027582716 54.6969924087378 20.8132323082016 -6.65307224581538 
100.784706290459 55.9638253316037 20.816529069339 -6.65349570240811 
102.945891749022 57.2316409012712 20.8202382889187 -6.65398282164651 
105.106349671528 58.5006471676561 20.824431848537 -6.65456057972138 
107.265934041396 59.771049637149 20.8291656455668 -6.65520083882863 
109.424522832507 61.0430567666651 20.8345019199555 -6.65593355216879 
111.581985961879 62.3168543714121 20.840473737673 -6.65673000305586 
113.738230499056 63.5926041905214 20.8471012123563 -6.6575989280881 
115.893160075381 64.8704272849436 20.8543444227264 -6.65851501263289 
118.046716080073 66.1504382744953 20.8621131391298 -6.65945941345959 
120.198867830532 67.4326638555659 20.8702224691789 -6.66040034700818 
122.349634302274 68.7170757642843 20.8784003175131 -6.66130769369126 
124.499075503354 70.0035858609842 20.8862575382124 -6.66214915792185 
126.647281204928 71.2920756617645 20.8933240194612 -6.66287586541184 
128.794368151582 72.5823354822924 20.8990485056634 -6.66344478583406 
130.940503502871 73.8741071263904 20.9028717905031 -6.66381066459287 
133.085899045234 75.1670391068588 20.9042701122108 -6.66394865341041 
135.230775440572 76.4607473144679 20.9028718788376 -6.663808013611 
137.375369567979 77.7547950280593 20.89852808018 -6.66340104965761 
139.519972892829 79.0487233553861 20.8914025642399 -6.66271936562928 
141.664858876547 80.3420050939515 20.8819429442389 -6.66179841455996 
143.810331976115 81.6341509732815 20.8708287028825 -6.66068880945436 
145.956675263319 82.9246825268358 20.8588402057365 -6.65946538451616 
148.104129256341 84.2132125831376 20.8467292744071 -6.65818505708021 
150.252872083208 85.4994435364206 20.8350961280306 -6.6569368943775 
152.403007384093 86.7832560048601 20.8243540987788 -6.65573310155278 
154.554593946746 88.064554912785 20.8147231237455 -6.65462692162369 
156.707637358782 89.3433341267341 20.8062885318259 -6.65360891396516 
158.862168496253 90.6196216384132 20.7990356969875 -6.65271479598108 
161.018111620207 91.8935221512561 20.792899209147 -6.65192894841852 
163.175395990129 93.1652079792693 20.7877754085104 -6.65124944188823 
165.333902107392 94.4348511788554 20.7835506581245 -6.65066995727087 
167.493548919651 95.7026298547173 20.7801003032401 -6.65018631092135 
169.654211690791 96.968727687969 20.777306812177 -6.64977892943631 
171.815792352809 98.2333493938489 20.7750585377832 -6.64945088134208 
173.978162057137 99.4967037617416 20.773258889924 -6.64918216027592 
176.141197421124 100.758982892973 20.7718174237331 -6.64896035680118 
178.304806070765 102.020345244553 20.7706698256419 -6.64878329163749 
180.468897005688 103.280946173038 20.7697437104928 -6.64864228458322 
182.633391072914 104.540927912824 20.7690078732843 -6.6485299678169 
184.798188441244 105.800417279754 20.7684081465495 -6.64842898979071 
186.963244389665 107.059549716866 20.7679300064854 -6.64835019263782 
189.128470083096 108.31841174948 20.767540443921 -6.64828971596563 
191.29379717869 109.577167870768 20.767237044928 -6.64824434320683 
193.459136685078 110.835947953883 20.7670086051569 -6.64821241781121 
195.624411947583 112.094902495619 20.7668472662705 -6.64818224349845 
10.1191621488734 0.0353910206086854 20.7674833021342 -6.64828183502551 
12.2821235971718 1.29763398032624 20.7679789944281 -6.64834862968657 
14.4445507637384 2.56101313392939 20.7687113914281 -6.64845147676001 
16.6063811952784 3.82571518092988 20.7697317206264 -6.64857669971391 
18.7674895658564 5.09186924648096 20.7710953306759 -6.64872491094884 
20.9278606075753 6.35960720195115 20.7728203237389 -6.64891199358162 
23.0874057081436 7.62902315532738 20.7749254735328 -6.64912884049182 
25.2461203831826 8.90019043399827 20.7773732601477 -6.64936171285724 
27.4039621426058 10.1731087803636 20.7801054024095 -6.64960781708375 
29.5609990618476 11.4477564176049 20.7830156677973 -6.64985905425343 
31.7172458346339 12.7240370016192 20.7859835073663 -6.65009785460129 
33.8728181746431 14.0018251405884 20.7888680960763 -6.65032044160102 
36.0277911361635 15.2809228223866 20.7915390388804 -6.65052910042907 
38.1823253199674 16.5610861823752 20.7938749859441 -6.65070740286225 
40.3365368512394 17.8420427351826 20.7957822277486 -6.6508864478024 
42.4906185306018 19.1235721821852 20.7971900164728 -6.65102751320552 
44.6446738451712 20.4054107936999 20.7980682374925 -6.6511541119204 
46.7988546938031 21.6873144811366 20.7984107963498 -6.65123851293618 
48.953284860098 22.969004909039 20.7982566642412 -6.65131054759225 
51.1081140225157 24.2502720604641 20.7976683247399 -6.6513433928287 
53.2634346734507 25.5309272850828 20.7967460746131 -6.65135353602603 
55.4193177962813 26.810812192797 20.7956052380441 -6.65132651631216 
57.5758461037181 28.0897690785745 20.7943811983908 -6.65129745423332 
59.733069378004 29.3676367273811 20.7931961335892 -6.65123936491562 
61.8910462065398 30.6442766802121 20.7921662553563 -6.6511964616854 
64.0498132455858 31.919601695266 20.7913752055551 -6.65116004014425 
66.2093631887008 33.1935858180395 20.7908884835712 -6.65113956929406 
68.3696767848517 34.4662635773533 20.7907299695866 -6.65113364147885 
70.5307051183102 35.7376843105713 20.7909081083226 -6.65114003368853 
72.6923926232529 37.0079275864628 20.7913971735523 -6.65115846747292 
74.8546922504611 38.2770883951597 20.7921668158634 -6.6511946646365 
77.017538919697 39.5452720045464 20.7931757909336 -6.65124703442922 
79.180837407314 40.8126148937674 20.7943907457982 -6.65130887298898 
81.344493566491 42.0792532873221 20.7957720079544 -6.6513898208485 
83.508434285447 43.3453324301336 20.7972982624067 -6.65147670360157 
85.6725717910728 44.6109914130432 20.7989492499428 -6.65158163645806 
87.8368166266099 45.876369711009 20.8007211772392 -6.65170464364534 
90.0011080778367 47.1416222058139 20.802616166421 -6.65185376222707 
92.1653272235027 48.4068653424441 20.804654660914 -6.65203232375797 
94.3294082778264 49.6722568022905 20.8068542925267 -6.65224083856145 
96.4932409338537 50.9379535818332 20.8092570542709 -6.65250482233398 
98.6567357148413 52.2041538788082 20.8118984362603 -6.65281397851044 
100.819744749634 53.4710331968824 20.8148382295629 -6.65318632024329 
102.982169755431 54.7387778717945 20.818127735575 -6.65361359024973 
105.143876693945 56.0075678322403 20.8218401030326 -6.65414058748203 
107.304738211608 57.2776127265077 20.8260365456218 -6.65472514253546 
109.464600865296 58.5491145174668 20.8307867243152 -6.65539899057017 
111.623345977906 59.8222603796313 20.8361433239865 -6.65614418373806 
113.780829689684 61.09721441496 20.8421470607401 -6.65695996259017 
115.936956361299 62.3741207564704 20.8487944713004 -6.65783340444376 
118.091624261363 63.6530844732857 20.856042068585 -6.6587526641656 
120.244789683865 64.9341876706406 20.8637625262324 -6.65968649838719 
122.396415408141 66.2174237887103 20.8717477537218 -6.66060253223328 
124.546563286807 67.50273703819 20.8796740144167 -6.66147719666225 
126.6952733739 68.7900212772144 20.8871282434428 -6.66226407066963 
128.842668293751 70.0791211016072 20.8935973673638 -6.66291235383743 
130.988881023564 71.369807530367 20.8985296485644 -6.66339887649054 
133.13412179474 72.6617618136798 20.9013635443958 -6.66366705718848 
135.278585696134 73.9546396895336 20.9016329341855 -6.66369198550355 
137.422544861455 75.2480203388315 20.8990480996998 -6.66344245318856 
139.566242922177 76.541462520188 20.8935981166257 -6.66292077426742 
141.709989941962 77.8344682922633 20.885567680653 -6.66213018372955 
143.854063597736 79.1265535579139 20.8755219475414 -6.66113139277716 
145.998804611472 80.4172189297407 20.8641942454846 -6.65998225162153 
148.144458171801 81.7060470285921 20.8523660142018 -6.65874454395937 
150.291285699097 82.9926932177693 20.8407154849162 -6.65748665963527 
152.439404930233 84.2769520330696 20.8297412660769 -6.65627710419598 
154.588936934533 85.558730676934 20.8197370625193 -6.65512640724124 
156.739894147119 86.838002282273 20.8108407011635 -6.65407982405108 
158.892339010794 88.1147751111066 20.8030760050121 -6.6531286562716 
161.046236972735 89.3891199254135 20.7964063516972 -6.65230653547368 
163.201557163526 90.6611929832153 20.7907562660615 -6.65157733580013 
165.358190239202 91.9311636639285 20.7860320467408 -6.6509677157426 
167.51605263389 93.1992224409422 20.7821292710254 -6.65043763880399 
169.675042866881 94.4655423416014 20.7789385711338 -6.6500049095089 
171.835071094889 95.730322986247 20.7763560099445 -6.64963375038097 
173.996014866071 96.9937692640276 20.7742774460686 -6.64934456430612 
176.15775095996 98.2560767846732 20.7726181590748 -6.64909202949619 
178.320165366921 99.5174327448382 20.7712957455116 -6.64889882754313 
180.483169825874 100.777974816893 20.7702409331579 -6.64873102362075 
182.646674505673 102.037862697938 20.7694052810308 -6.64860073511648 
184.810595751657 103.297228514932 20.7687326155029 -6.64848886693336 
186.974845734935 104.556196992478 20.7681993051904 -6.64840675787541 
189.139363023857 105.814877951253 20.7677718016805 -6.64833046996883 
191.304062838253 107.073396293743 20.7674349463581 -6.64827312317904 
193.468877813415 108.331898827784 20.7671708827643 -6.64823164360828 
14.453392073369 0.0530560150835497 20.7683737244057 -6.6484183301526 
16.6152965075343 1.31708829197002 20.7692254229373 -6.64852941949231 
18.7765768552678 2.58252266725365 20.7704081160339 -6.64866731402902 
20.9371560237791 3.84952436844174 20.7719660197351 -6.64883837527696 
23.0969937979463 5.11816643361874 20.7739234249397 -6.64904414953174 
25.2560325990144 6.3885766899224 20.7762703439066 -6.64926950465363 
27.4142626700277 7.66076059666059 20.7789562854046 -6.649512012139 
29.5716826636738 8.93473477904099 20.7818971514549 -6.64976028510984 
31.7283509909891 10.2104228449215 20.7849674975511 -6.65000952968398 
33.8843276978144 11.4877440181992 20.7880274971707 -6.65024008932603 
36.0397283911378 12.7664959341554 20.7909287999893 -6.65046258192866 
38.1946526086079 14.0464720463636 20.7935370010542 -6.65065542114587 
40.3492718293869 15.3274096625911 20.795733996362 -6.65083109598277 
42.5037112730543 16.6090737658449 20.7974382460404 -6.6509923624453 
44.6581535108666 17.8912082083459 20.7985935239972 -6.65112393288847 
46.8126872341124 19.173548758208 20.799187497192 -6.65122579537589 
48.9675043455541 20.4558459129986 20.7992377412411 -6.65130609033464 
51.1226815888778 21.7378450507113 20.7988041646791 -6.65135079376629 
53.278399103527 23.0193630792149 20.7979736793687 -6.65138113199861 
55.4347025433049 24.3002045047401 20.7968654672518 -6.65136731107205 
57.5916941176793 25.580224680893 20.7956072812728 -6.65134022006353 
59.7494030259262 26.8592396196075 20.7943375236718 -6.65129395880305 
61.907906558197 28.137104146303 20.7931755533122 -6.6512468215848 
64.0672352984628 29.4136966081022 20.7922288054195 -6.65120612281894 
66.2273965479811 30.6889651623869 20.7915677136935 -6.65116693329793 
68.3883698189308 31.9628900287346 20.7912416560036 -6.6511611760257 
70.5501073413628 33.235539188468 20.7912632400253 -6.6511564278548 
72.7125442627127 34.5069747151605 20.7916185710228 -6.6511755374892 
74.8756258288584 35.7772824675015 20.7922762597287 -6.65119723921897 
77.0392869123654 37.0465423048122 20.7931969417611 -6.65124556359177 
79.2034484137193 38.3148844777712 20.7943367803227 -6.65129129713458 
81.3680263521712 39.5824403318613 20.7956543482208 -6.65136121695284 
83.5329013605045 40.8493622752537 20.7971147522224 -6.65143389248465 
85.6980115981625 42.1157831454346 20.7986912402627 -6.65152458447164 
87.863257224428 43.3818414242517 20.8003681397087 -6.65161422386297 
90.0285788394179 44.6476861547559 20.8021411475456 -6.65174385455523 
92.1938593225866 45.9134419721259 20.8040166190447 -6.65187723580321 
94.3590303974659 47.1792502243143 20.8060097205591 -6.65205770606371 
96.5239743728954 48.4452622048819 20.8081483719987 -6.65227532121458 
98.6886177894522 49.7116643095137 20.8104672620722 -6.65254071351375 
100.852815595335 50.978628580583 20.813011378771 -6.65285008556455 
103.016468245831 52.2463269750811 20.8158349484066 -6.65322760382791 
105.179431865748 53.514930904179 20.8190007547555 -6.65367513857249 
107.341580215352 54.784641879109 20.8225762037372 -6.65419777490969 
109.502756013209 56.0556614405972 20.8266335390009 -6.65479606042803 
111.662824717401 57.3281722710361 20.8312402342679 -6.65547688795635 
113.821630686722 58.6023452117969 20.8364543861236 -6.65622288182993 
115.979067409158 59.8783289508373 20.8423092768929 -6.65704389292125 
118.134995563523 61.1562406833669 20.8488030623694 -6.65790703398215 
120.289347515887 62.436189709311 20.855871910051 -6.65880149579797 
122.442052405125 63.7181956199531 20.8633732869023 -6.65970151704099 
124.593134364175 65.0022447490887 20.8710698548605 -6.66058433213917 
126.742609246213 66.2882423023692 20.8786160383749 -6.66141325280942 
128.890577100934 67.5760858996273 20.8855686113513 -6.66213077414806 
131.037150425329 68.8655648786384 20.891402349206 -6.66272359560644 
133.182513168235 70.1564312926092 20.8955531811442 -6.66311233042637 
135.32684854384 71.4483314481045 20.8974920124422 -6.66329747179561 
137.470432408018 72.7409113159239 20.8968113636164 -6.66321589017477 
139.613490946597 74.033717093319 20.8933228918801 -6.66287652131337 
141.756341227617 75.3263225767045 20.8871267258177 -6.66225570175471 
143.899266498175 76.6181947301692 20.8786163224343 -6.66141108110534 
146.042614418884 77.9088883283495 20.8684220472849 -6.6603614788378 
148.186665584593 79.197910864819 20.8573014542514 -6.65920510267539 
150.331703648064 80.4849201269229 20.84598649536 -6.65798069252505 
152.477931175838 81.7696168938056 20.8350643751657 -6.65678268370669 
154.625479313463 83.0518857047234 20.8249162079246 -6.6556187117056 
156.774422619063 84.3316501049151 20.8157451321308 -6.65455556831968 
158.924802655399 85.6089334618278 20.8076165940888 -6.65356945757601 
161.076653928443 86.8837756266443 20.8005243707011 -6.65270669756141 
163.22995324019 88.1562904623175 20.7944170666902 -6.65194249974824 
165.384658035167 89.4266495889927 20.7892260314864 -6.6512946190441 
167.540668786615 90.6950322701564 20.784866451124 -6.65072813199282 
169.697896263781 91.9616334646531 20.7812501531153 -6.65025337166573 
171.856260744536 93.2266350670563 20.7782805081747 -6.64986125130352 
174.015660347365 94.4902505442906 20.7758677453605 -6.64953534011776 
176.175978802457 95.7526577960739 20.7739213055312 -6.64926281106787 
178.33709109878 97.0140532975518 20.7723613781366 -6.64904100129622 
180.498903698656 98.2746010441812 20.7711151583242 -6.64885663061019 
182.661304890005 99.5344466806764 20.7701226470228 -6.64870750943171 
184.82424420675 100.793736005127 20.7693291510086 -6.64858143348081 
186.98759011682 102.052584001844 20.7687006210037 -6.64847940055067 
189.151312475196 103.311125328079 20.7681931675187 -6.64839509479054 
191.3152862617 104.5694510423 20.7677990010258 -6.64832970866502 
18.7859770099326 0.0735577081836254 20.7698637898633 -6.64862185393552 
20.9467035045141 1.33984111297217 20.7712321928538 -6.64878230526941 
23.1067592265516 2.60776246552668 20.7730155704967 -6.64897270392271 
25.2660530402857 3.87742380569765 20.7752252200369 -6.64918745454283 
27.4246023823486 5.14889078996291 20.7778289653491 -6.64943157337741 
29.5823608602442 6.42218374144324 20.7807588754142 -6.64968023043878 
31.7393884041113 7.69727393461916 20.783896575064 -6.6499267579781 
33.8957172872237 8.97408471998095 20.7871032717923 -6.6501665774509 
36.0514807131922 10.2524596455065 20.7902185427498 -6.6503912348046 
38.2067562439769 11.5322096706526 20.7930935180583 -6.65059755063118 
40.3617205600091 12.8130834652846 20.7955881576771 -6.65078400492318 
42.5164817996527 14.0948380813553 20.7976025284451 -6.65095780307333 
44.6712324845569 15.3772284897688 20.7990573729193 -6.65109943012998 
46.8260815980637 16.659974256054 20.79992855674 -6.65122148596085 
48.9812077995832 17.9428343032694 20.8002153802266 -6.65131431076853 
51.136700366275 19.2255423629111 20.7999718495592 -6.65137137250454 
53.29272168811 20.5078899093464 20.7992712972939 -6.65141037711082 
55.449370837046 21.7896816736251 20.7982320262424 -6.65141663325334 
57.6067321737713 23.0707404182371 20.7969777689504 -6.65139486912901 
59.7648573077564 24.3508864867476 20.795655723 -6.65136082107407 
61.9238071123786 25.6299612284262 20.7943886802715 -6.65131060376857 
64.0836216965447 26.9078223241601 20.7932993912122 -6.65127277630911 
66.2443128131999 28.184378837037 20.7924696238852 -6.65122983787674 
68.4058762403809 29.4595838947602 20.7919702300866 -6.65121431088619 
70.5682526641799 30.7334770384337 20.7918191595713 -6.65120046102115 
72.7313837161854 32.0061039311333 20.7920205186735 -6.65120493019928 
74.8951919939115 33.2775522049781 20.7925392628442 -6.65121796337618 
77.0596097772084 34.5479082008265 20.79334419386 -6.65124975676053 
79.2245654858708 35.817266350511 20.7943794708601 -6.6512893987377 
81.3899685384966 37.0857543999484 20.79560826294 -6.6513453372828 
83.5557298673932 38.3535218156726 20.7969776945322 -6.65139271262187 
85.7217434111913 39.6207059938582 20.7984615712119 -6.65146231821104 
87.8879253402345 40.8874621493276 20.8000259326744 -6.65153515686796 
90.054207847323 42.1539183766934 20.8016660356814 -6.651638681198 
92.2204889299016 43.4202013114652 20.8033702885496 -6.65174503319854 
94.3866882340177 44.6864337306886 20.8051534173662 -6.65188666599373 
96.5526999321853 45.9527751526129 20.8070256162427 -6.65205602174755 
98.7184359675351 47.2193923425451 20.8090203986616 -6.6522693679743 
100.883768840922 48.4864574629268 20.8111670059045 -6.65252471060959 
103.048604227584 49.754134849991 20.81351833615 -6.65284096219267 
105.21279338641 51.0225904936396 20.8161245666593 -6.65321353561463 
107.376208150943 52.2920023595801 20.8190542973163 -6.65365612227978 
109.538687622731 53.5625605460622 20.8223744783695 -6.65417427467861 
111.700098055255 54.8344593821102 20.826164540806 -6.65477439125836 
113.860271016034 56.1078651358783 20.8304919507178 -6.65543832105772 
116.019073852522 57.3829311586793 20.8354236603482 -6.65617536118423 
118.176362421865 58.6597941510215 20.8409913228886 -6.65697261046366 
120.33203607592 59.9385768208284 20.8471903186637 -6.65781193670794 
122.485997537856 61.2193281403593 20.8539472147362 -6.65867565637986 
124.638220105064 62.5020567189658 20.8611104268839 -6.65953405979724 
126.788709436826 63.7867098105249 20.8684214938376 -6.6603692447948 
128.937509583982 65.0732123959611 20.8755225626606 -6.66112724392362 
131.084725519904 66.3613916827986 20.8819430120239 -6.66180044580916 
133.230494054402 67.6510466921829 20.8871503067017 -6.66230920973885 
135.375007929695 68.9418545799454 20.8905874281082 -6.6626317214833 
137.518495631421 70.2334946129719 20.8917676190211 -6.66273270719384 
139.661219642795 71.5255404212054 20.8903540322606 -6.66257309482762 
141.803450670995 72.8175755805511 20.8862585874057 -6.66214949068592 
143.945516571614 74.1091167524263 20.8796738899027 -6.66147757547635 
146.087715500493 75.3997014141387 20.8710699012756 -6.66058482630748 
148.230399564339 76.6888398887767 20.8611091796121 -6.6595350312329 
150.373846020189 77.9761284458113 20.8505313602335 -6.65838894786211 
152.518344413845 79.2612428950213 20.8399901941561 -6.65721794210756 
154.664032268839 80.5439781757294 20.8299686589747 -6.65606873984282 
156.811067069899 81.8242561221695 20.820744925529 -6.65498715530617 
158.959471512346 83.1020656739033 20.8124423829797 -6.65400083769618 
161.109319984148 84.377439427217 20.8050827044898 -6.6531028520638 
163.260616749547 85.6504529750246 20.7986405959592 -6.65232359023858 
165.413357875766 86.9212621110033 20.79306433705 -6.65163522767196 
167.5674716283 88.1900390403357 20.7882952170436 -6.65105182200138 
169.722877050552 89.4569845914278 20.7842607372097 -6.65054402706916 
171.879509314621 90.7222843560259 20.7808890829535 -6.65012581436476 
174.03726106518 91.9861260450064 20.7780988372308 -6.64976668640591 
176.196061179299 93.2487085624252 20.7758129318809 -6.64947366925362 
178.355766193548 94.5102089128769 20.7739518712738 -6.64923200553879 
180.516288913031 95.7708181169823 20.7724527532377 -6.64902908215239 
182.677488531717 97.030673861809 20.7712427582844 -6.64885645126294 
184.839328544291 98.2899376399953 20.7702724630743 -6.64871999439734 
187.001683083243 99.5487237473348 20.7694944131013 -6.64859575391492 
189.164493718095 100.807156668118 20.768870353625 -6.64850354849418 
23.1168506709615 0.0977886198078262 20.77224051353 -6.64890704168007 
25.2763511898029 1.36672614146601 20.774279152593 -6.64911916095683 
27.4351384114515 2.63748486534324 20.776760555012 -6.64935050008402 
29.5931866900361 3.91009352881328 20.7796354769789 -6.64960727039276 
31.7505097104386 5.18457436894914 20.782798401627 -6.64985187493498 
33.9071537337039 6.46085849896073 20.7861151835991 -6.65010692154562 
36.0632124673095 7.73884489118873 20.789419661826 -6.65033086304771 
38.2187909660412 9.01831931825464 20.792546408015 -6.65055963992433 
40.3740332885864 10.2990916717354 20.7953377788352 -6.65075050768705 
42.5290707212826 11.5808981170554 20.7976689929771 -6.65093355306832 
44.6840645370722 12.8634917583688 20.7994431669209 -6.65108812667152 
46.8391757698048 14.1466165088629 20.8006144708925 -6.65122115648371 
48.9945434950459 15.4299931099145 20.8011674489389 -6.6513292041896 
51.1502981606933 16.7133751971085 20.8011437529151 -6.65140502925149 
53.3065735211775 17.9965212835674 20.8006073299729 -6.65145648893214 
55.4634873929569 19.2792444777762 20.7996724403224 -6.65147385144387 
57.6211389605123 20.5613228790354 20.7984592135918 -6.65146237710519 
59.7795971881451 21.8425917581995 20.797116225841 -6.65143315706843 
61.9389220082973 23.1228553602992 20.7957710327743 -6.65139026082301 
64.0991381909982 24.4019765956914 20.7945569833725 -6.65134251949801 
66.2602850553531 25.6798119953654 20.7935682694543 -6.65130297170914 
68.4223467426955 26.9563073966983 20.7928909122066 -6.65127220344056 
70.5852853746259 28.2314450452924 20.7925550798379 -6.65125092948478 
72.7490241630002 29.5052798672872 20.7925798583778 -6.65124473204561 
74.9134990841582 30.7778811755389 20.7929349256665 -6.65125260981935 
77.0786027577373 32.0493237880549 20.7935932321043 -6.65126594620838 
79.2442844001657 33.3196981756918 20.7944979655971 -6.65129262751896 
81.4104337807211 34.5891318766899 20.7956078347167 -6.65132157600423 
83.5769971538618 35.8577560339107 20.7968639248099 -6.65137086612826 
85.743829105222 37.1257193738916 20.7982319225772 -6.65141573389548 
87.9108888360591 38.3931685286722 20.7996702240777 -6.65147618790041 
90.0780490658094 39.6602383096327 20.8011658293044 -6.65154064017214 
92.2452625898309 40.9270468250982 20.8026969794672 -6.65162027611805 
94.4124094881505 42.1937185116835 20.8042710176532 -6.65172328242457 
96.5794217738577 43.4603987421763 20.8058892080933 -6.65185532788759 
98.7461726557826 44.7272477249466 20.8075734828907 -6.65201929764641 
100.912576202144 45.9944288103202 20.8093456934009 -6.6522160411107 
103.078512332026 47.2621026031772 20.811247773807 -6.65246902172586 
105.243861157117 48.5304166941035 20.8133191897639 -6.65277069765125 
107.408485955675 49.7995528061078 20.8156242878502 -6.65313233562317 
109.572237906157 51.0696827657673 20.8182234462261 -6.65357061706642 
111.734958928389 52.3409960711609 20.8211974757746 -6.65407306050086 
113.896492851479 53.6136601920218 20.8246222469758 -6.6546519292009 
116.056674889539 54.8878335608392 20.8285800005255 -6.65529788060663 
118.215375940972 56.1636593348865 20.8331359979423 -6.65601117228242 
120.372445146372 57.4412590736401 20.8383292148898 -6.65677651483449 
122.527788670449 58.7207439178615 20.8441530912855 -6.65757051491337 
124.681316696116 60.002126314719 20.8505314724454 -6.65839108501317 
126.833022672581 61.2853930581255 20.8573011935545 -6.65919933594729 
128.982892311903 62.5704840257787 20.8641947248221 -6.65998091596716 
131.13102454171 63.8572922684115 20.8708287686136 -6.66068399950028 
133.277487198104 65.1456238065303 20.8767236587885 -6.6612776304356 
135.422492110454 66.4352313145549 20.8813424746569 -6.66171599493468 
137.566200088206 67.7257899386779 20.8841594901016 -6.66197914938162 
139.708909599576 69.0169472390292 20.8847375182347 -6.66200250546352 
141.850831546701 70.3082794774422 20.8828187536263 -6.66178293541105 
143.992339025896 71.5993594645174 20.8783992637706 -6.66131236354447 
146.13368927892 72.8896946416838 20.8717461712955 -6.66060462330561 
148.275277985092 74.1788333995228 20.8633738124545 -6.65970151615823 
150.417378699679 75.4663193767313 20.8539478244936 -6.65867283488627 
152.560335722232 76.7518043808538 20.8441533649573 -6.65757057498881 
154.704339163218 78.035015203843 20.8345538995497 -6.65646580598759 
156.849579875562 79.3158189589973 20.8255267465433 -6.65539755287081 
158.996141636666 80.5941711520835 20.8172603219094 -6.65440265909793 
161.14408177841 81.8700918537249 20.8098221975689 -6.65348839743527 
163.293441387189 83.1436599344553 20.8032035450935 -6.65269414549342 
165.444242251319 84.4149809806792 20.7973749074711 -6.65198837499378 
167.596460605708 85.6842240122531 20.7922887961664 -6.65138620238705 
169.750028257844 86.9515685630813 20.7878974522335 -6.65086271152897 
171.904882349631 88.2172329813103 20.7841477018334 -6.65041952975306 
174.060937484737 89.4813781795914 20.780977220047 -6.65003648851102 
176.218125073964 90.7442095702994 20.7783255488133 -6.64972326085789 
178.376347204819 92.0058888166763 20.7761274655562 -6.6494529509041 
180.535480734433 93.2666102281907 20.7743182894746 -6.64922712143451 
182.695412919561 94.526537489854 20.7728375453057 -6.64902633517109 
184.856057961274 95.7858229992259 20.7716348109667 -6.64888066347774 
187.017321203099 97.0446006192158 20.7706547186591 -6.64873319721934 
27.4460129549074 0.126559324548623 20.7757845933497 -6.64929034755187 
29.6042831406133 1.39848810719332 20.7785559818509 -6.64954348216423 
31.7618446093399 2.67234413555147 20.7816991102354 -6.6497947846477 
33.9187629402298 3.94809182544707 20.7850818360384 -6.65005283227363 
36.0750677008992 5.22564592082229 20.7885430196337 -6.65029521862727 
38.2309033158719 6.50483605103377 20.7918992344595 -6.65052206072663 
40.3863606346088 7.78545263019655 20.7949808752837 -6.65074171736313 
42.541630370199 9.0672669847278 20.7976327230056 -6.65092628131765 
44.6968140027584 10.350027231131 20.7997417103917 -6.65109123509 
46.8521181888191 11.6334817493254 20.8012323964563 -6.65123015725882 
49.0076661483709 12.9173393505685 20.802079538561 -6.6513536613283 
51.1636209060608 14.2013537514377 20.8023031290503 -6.65144119010396 
53.3200997495275 15.4852694762758 20.8019648733411 -6.65150961438307 
55.4772188284777 16.7688829318294 20.8011648155284 -6.6515384417491 
57.6350841294661 18.051975833132 20.8000270469188 -6.651543407743 
59.7937983561569 19.3343418474151 20.798692039423 -6.65152165270291 
61.9534158731412 20.6157895682793 20.7972978188783 -6.65148057686138 
64.113963288378 21.8961529637702 20.7959761719893 -6.65142754745745 
66.2754784969383 23.1752702957926 20.7948387612115 -6.6513862264852 
68.4379502831774 24.4530526628408 20.7939788412833 -6.65134763740621 
70.6013495439023 25.7294463597556 20.7934488032552 -6.6513210370246 
72.7656095645312 27.0044893121092 20.7932739145617 -6.65130470673854 
74.930654743095 28.2782357142701 20.7934410580597 -6.65130211081412 
77.0963771953872 29.5507629697586 20.7939212264967 -6.6512992084523 
79.2627061315717 30.8221605067937 20.7946665078848 -6.65131220166937 
81.4295324747588 32.0925340230743 20.7956276094873 -6.65132786074105 
83.5967977025316 33.3620247213302 20.796744995662 -6.65135428006279 
85.7643882624865 34.6307605973061 20.7979739453906 -6.6513743126852 
87.9322317861406 35.8989015223107 20.7992716976579 -6.65141562994802 
90.1002053844924 37.1665841318534 20.8006084281921 -6.65145485775254 
92.2682593625379 38.4339269484653 20.8019645528784 -6.65150820556099 
94.4362725513083 39.701035023316 20.8033315928521 -6.65157966108529 
96.6041973160855 40.9680537473846 20.8047074975986 -6.651669309977 
98.7718860074687 42.235134355204 20.8061009359654 -6.65178260944267 
100.939276674397 43.502446940621 20.8075292014685 -6.65193409797503 
103.106231515728 44.7701210130297 20.8090175282379 -6.65212665223087 
105.272655377798 46.0383224482901 20.8106029127043 -6.65235868215016 
107.438397546071 47.30719240314 20.8123328745737 -6.65264711436683 
109.603345405591 48.5769207914331 20.8142676293178 -6.65299851319511 
111.767310729046 49.8476695032588 20.8164772594421 -6.6534080356024 
113.930159766562 51.119616226036 20.8190447360199 -6.65389935314811 
116.091705077123 52.3929138715451 20.8220588300484 -6.6544488896473 
118.251807863155 53.6677222482659 20.8256049836866 -6.65506883488969 
120.410303892747 54.9441635190074 20.8297560343495 -6.6557424896233 
122.567076849274 56.2223709572266 20.8345538538159 -6.65646538341689 
124.722017530676 57.5023853807035 20.8399900961379 -6.65722240433025 
126.875078428798 58.784239341476 20.8459861132163 -6.65798034518974 
129.026214145038 60.0678747995393 20.8523655728163 -6.65874297256352 
131.175487440531 61.3532443035383 20.8588407445136 -6.6594587685858 
133.322926449715 62.6401725098425 20.8650125347589 -6.66009737979353 
135.468705956468 63.9284844691173 20.8704004336163 -6.66063157167062 
137.612966832875 65.2178625639767 20.8744883071803 -6.66100862485147 
139.755968939962 66.5080063837141 20.8767907643036 -6.66120023233619 
141.897939458427 67.7985085211481 20.8769296491183 -6.66116611396008 
144.039204332749 69.0889809162968 20.8747194112119 -6.66090204948458 
146.180047574036 70.3789354238011 20.8702233732158 -6.66039504811744 
148.320827638233 71.6679455790786 20.8637632256227 -6.659684948683 
150.461880378936 72.955534217748 20.8558719035081 -6.65880646502821 
152.603532704428 74.2413168614051 20.8471900303368 -6.65781691261335 
154.74605940469 75.5249668624891 20.8383297281815 -6.65677718639912 
156.889684333058 76.8063022703208 20.8297563933501 -6.65574514626565 
159.034538233304 78.0852257558593 20.8217490293347 -6.65476190800179 
161.180705992304 79.3617397778914 20.8144280222261 -6.65386060746807 
163.328248746057 80.6358922715909 20.8078172636983 -6.65304369560749 
165.477198379496 81.9077778760569 20.801895806111 -6.65232993088734 
167.627556750809 83.1775501442886 20.7966329615235 -6.65170499868467 
169.779320604578 84.4453767513045 20.7919916529241 -6.65117600461207 
171.932402962936 85.7114541994075 20.7879394458509 -6.65071777835341 
174.086749057587 86.9759785595748 20.7844321763188 -6.65032178628464 
176.242279946776 88.2391207489468 20.78142997324 -6.64998807399682 
178.398943881655 89.5010677049536 20.7788819793986 -6.64969946983456 
180.556613450083 90.7619782649235 20.7767393687548 -6.64945818188691 
182.715198086545 92.0220409180566 20.7749500413922 -6.64924490057488 
184.874579858525 93.2814053788611 20.7734663309425 -6.64906595243856 
31.7735591262693 0.160599194358843 20.7806424087016 -6.64974661350789 
33.9306814473077 1.43578771984035 20.7840432251714 -6.65000279698168 
36.0871996482727 2.7128794672493 20.7876188214654 -6.65025995020615 
38.2432390702569 3.99174480243166 20.7911757020544 -6.65049672335884 
40.3988904154092 5.27216974516462 20.7945306934076 -6.65072491286438 
42.5543179641488 6.55394375170529 20.7975008576909 -6.65093316699498 
44.7096511344239 7.83682962201218 20.7999525054984 -6.65110798405427 
46.8650780652594 9.1205684637042 20.8017802669061 -6.65126539432598 
49.0207456782049 10.40488938288 20.8029454270629 -6.65138842646264 
51.1768182507534 11.6894947437022 20.8034432280748 -6.65150117227662 
53.3334403894372 12.9741502642572 20.8033326429294 -6.6515751632413 
55.4907019966488 14.2586198191201 20.8026976584075 -6.65162032820167 
57.6487309731412 15.5426940480192 20.8016658245421 -6.65163104661106 
59.8076126809162 16.8261407608608 20.8003683388765 -6.65162214800273 
61.967439352794 18.1087690285036 20.7989499510211 -6.65158585701361 
64.1282371438189 19.3903587770085 20.7975392788173 -6.65153696590431 
66.2900407169647 20.6707479223512 20.7962640011088 -6.65149054553176 
68.4528420857484 21.9498044803483 20.795219930827 -6.65144217339123 
70.6166134577928 23.2274571008169 20.7944837274732 -6.65140239663802 
72.7812958292969 24.5037035422084 20.7940888752533 -6.6513735500534 
74.9468112076065 25.7785926818889 20.7940401947969 -6.65135312565674 
77.113062059945 27.0521963935929 20.7943125195918 -6.65133723775649 
79.2799511516479 28.3245993605184 20.7948686903876 -6.65133417431673 
81.447389795114 29.5959124318331 20.79564954841 -6.65132872239997 
83.6152758903423 30.8662620848535 20.7966024555192 -6.6513320315635 
85.783534073418 32.1357824287528 20.7976684481662 -6.65133795062586 
87.9520716436637 33.4046179557163 20.7988046711849 -6.65135505777364 
90.1207844148266 34.6729079208674 20.7999701711056 -6.65136995560161 
92.2895892445499 35.9407681361087 20.8011436236413 -6.6514035842144 
94.4583967030492 37.2083151766625 20.8023030086503 -6.65143707196895 
96.6271288380325 38.4756725162406 20.8034448848006 -6.65150349950469 
98.7956788348785 39.7429974134775 20.8045648778472 -6.65157252629598 
100.963953596013 41.010426775504 20.80567702629 -6.65168407744004 
103.131847903654 42.2781210020068 20.8067920620476 -6.65181334982136 
105.299246545987 43.5462093112231 20.8079434293062 -6.65198842707989 
107.466025625276 44.8148423066812 20.8091634802073 -6.65220810510953 
109.632052039536 46.0841856641686 20.8105086383319 -6.65248925096772 
111.79717766007 47.3544004819435 20.8120374255371 -6.65280983312944 
113.961249067879 48.6256553147179 20.8138361487119 -6.65320117182524 
116.124097207358 49.8981052271935 20.8159873934315 -6.65365846404167 
118.285551164613 51.171905182333 20.8185957845554 -6.65418231513774 
120.445455202623 52.4472063061861 20.8217482634184 -6.6547664760985 
122.603664273579 53.724138055588 20.8255269688552 -6.65540037836081 
124.760056111222 55.0027886395503 20.829967849601 -6.65607316794081 
126.914540523633 56.2831956652828 20.8350642919823 -6.65677638336737 
129.067078869394 57.5653548143908 20.8407153717843 -6.657488771635 
131.217649358588 58.8492252873458 20.8467294212611 -6.65819528235838 
133.366297101213 60.134706517399 20.8527963580851 -6.65884128848299 
135.513099160266 61.421628850022 20.8585183304742 -6.65942974838134 
137.658221311541 62.7097422172384 20.8634287982615 -6.659889578957 
139.801835811126 63.9987566525412 20.8670525775174 -6.66021484123383 
141.944198164667 65.2883247106849 20.8689501252043 -6.66034521667399 
144.085558978417 66.5780466549154 20.8688029692505 -6.66027698252535 
146.226243477734 67.8675030669755 20.8664838961568 -6.65996795322659 
148.366558993185 69.1562403577711 20.8621127157034 -6.65945912445406 
150.506879343191 70.4438076485898 20.8560403470111 -6.65875006672996 
152.647517610478 71.729787386481 20.8488029191521 -6.65790732051403 
154.788823906987 73.0138328295773 20.8409913384052 -6.65696765861069 
156.931039344797 74.2956863451423 20.8331356748527 -6.6560180693411 
159.074367424917 75.5752061661692 20.8256044930699 -6.65506653157754 
161.218935134355 76.8523413923183 20.8185956875423 -6.65418469957893 
163.364804103154 78.127122169471 20.8121724140174 -6.6533680474257 
165.512027357199 79.3996415157214 20.8063342200264 -6.65265291497464 
167.660636523015 80.6700091485119 20.8010535173235 -6.65202084372161 
169.810647806752 81.9383925998109 20.7963061641803 -6.65147931905924 
171.962006901438 83.2049566979576 20.7920649427829 -6.65101385780033 
174.114664145334 84.4699175638511 20.788310219345 -6.65061384143332 
176.268553259425 85.7334439551818 20.7850142195244 -6.65027431916731 
178.423610812449 86.9957222554755 20.7821500955711 -6.64997747467269 
180.579775169276 88.256897055665 20.7796799097107 -6.64971532958586 
182.736937371663 89.5171552800486 20.777572983084 -6.64949177387738 
36.0997555016039 0.200576249514242 20.7866844312234 -6.65024179388935 
38.2559441440876 1.47907812405308 20.7904043821747 -6.65049470307255 
40.4117453169479 2.75927887025595 20.7940049596193 -6.65073341913551 
42.5672833231895 4.04096523957338 20.797283855566 -6.65095369583916 
44.7227283539657 5.32392737053543 20.8000793523448 -6.65114522924348 
46.8782227932972 6.60791423714183 20.8022617288861 -6.65132258001404 
49.033948551091 7.89264575451933 20.8037633738599 -6.65145862960998 
51.1900762295077 9.17781598394521 20.8045648631703 -6.65158150706782 
53.3467503855032 10.4631801405283 20.8047076659355 -6.6516709093603 
55.5040947427151 11.7484802276737 20.8042699539551 -6.65172443716806 
57.6622178212249 13.0335015752821 20.8033710647681 -6.65174787659495 
59.8212127505465 14.3180073771523 20.8021412349097 -6.65173836453411 
61.9811618308799 15.6017797398388 20.8007211211923 -6.65170810872405 
64.1421299749854 16.8845791693099 20.7992427858964 -6.65165955745973 
66.3041405752809 18.1662291069574 20.7978349380518 -6.65159963000944 
68.4671922662818 19.4465448482644 20.7966084515193 -6.65154767972906 
70.6312425060733 20.7254464393871 20.7956527605108 -6.65149204401678 
72.7962613803897 22.0028902847127 20.7950177998562 -6.65145803566483 
74.9621429487289 23.2789258045823 20.7947246257376 -6.65141201140966 
77.1288257737807 24.553601139221 20.7947601113081 -6.65138726474597 
79.2961771457438 25.8270047201234 20.7950922141162 -6.65135691656538 
81.4641380718945 27.0992463010818 20.7956656224058 -6.65134527851613 
83.6325644506962 28.3704533928317 20.7964232225321 -6.65132217710889 
85.8014107455943 29.6407539850567 20.7973034394262 -6.65131609863765 
87.9705469540396 30.9102854186488 20.7982561627681 -6.65130986872459 
90.1399164149956 32.179174090683 20.7992378264266 -6.65130545606995 
92.309388549734 33.4475454384287 20.8002164753424 -6.6513134105811 
94.4789053389758 34.7155198526327 20.8011680046178 -6.65133044328202 
96.6483569973341 35.9832138357011 20.8020800379717 -6.65135444081575 
98.8176721453336 37.2507647558459 20.8029437665672 -6.65139687086206 
100.986735272885 38.5183248295361 20.8037636757506 -6.65146006146187 
103.155468075344 39.7860364191972 20.8045447804623 -6.65155058135309 
105.323736798432 41.0540171722146 20.8053099493746 -6.65166164537889 
107.491450534317 42.3224190591799 20.8060868978436 -6.65182439457177 
109.658462503996 43.5913804681073 20.8069190537329 -6.6520244769982 
111.824643200131 44.8610889761047 20.8078633605566 -6.65227610585243 
113.989826949479 46.1316769961633 20.808993068691 -6.6525831677965 
116.15387784242 47.403309517016 20.8103960057615 -6.65294668076496 
118.316612237523 48.6761335075765 20.8121728692748 -6.65337093105071 
120.477866523907 49.9503089512577 20.8144289754065 -6.65385458275252 
122.637467499489 51.2259802329165 20.8172603982159 -6.65440176170649 
124.795300035582 52.5032733064089 20.8207457566203 -6.65498466391848 
126.951234633346 53.7822298333679 20.8249166889206 -6.65562238237255 
129.105222501661 55.0628931121751 20.82974121439 -6.65627381260097 
131.25719402634 56.3452323531937 20.8350965208587 -6.65693290095369 
133.407186599274 57.6292165624938 20.8407664917706 -6.65756501443053 
135.555228354981 58.9146816008764 20.8464362394306 -6.65816444802612 
137.701449634406 60.2014521329527 20.8517234939372 -6.65868122247117 
139.845975798466 61.4892453538286 20.8561999955548 -6.65909275470415 
141.989035275206 62.7777699885534 20.8594330082607 -6.65935974121272 
144.130852808675 64.0666334225889 20.8610310504161 -6.65945252804362 
146.271720536177 65.3554538967402 20.860729025582 -6.65933995096468 
148.411938364349 66.6437807001681 20.8584470660468 -6.65903029935341 
150.551858923656 67.9312073592727 20.8543460161671 -6.65851002115643 
152.691829046482 69.21728916948 20.8487951343107 -6.65783594312577 
154.832192846955 70.5016528574286 20.8423099530043 -6.65703464275104 
156.973262452499 71.7839942621496 20.8354242211944 -6.65617843739186 
159.115286173305 73.0641134966095 20.8285797893654 -6.65529611662494 
161.258428297864 74.3419066556096 20.8220595328315 -6.65445140253734 
163.402800741828 75.617364592372 20.8159885836955 -6.65366332730606 
165.548470327755 76.890557226275 20.8103956992213 -6.652947220951 
167.695467047756 78.1615854188233 20.8052604887627 -6.65231903876719 
169.843820474536 79.4305944160416 20.8005615853343 -6.6517736387377 
171.993541560161 80.6977395307786 20.7962749610525 -6.65130081621115 
174.144577204756 81.9631936397562 20.7923930701318 -6.65089991914951 
176.29687724935 83.2271664816309 20.7889027549273 -6.65054707709117 
178.450361201737 84.4898191308319 20.7857926719574 -6.65024487857496 
180.604999565813 85.7513419181085 20.7830447287649 -6.64997736412635 
40.4250775419965 0.246793398796395 20.7934358566469 -6.6507619374682 
42.5806903013131 1.52835860936929 20.7970067810932 -6.65099074015984 
44.7361902041922 2.81134937007925 20.8001408540821 -6.65120380605595 
46.891718893793 4.09552433501587 20.8026875539408 -6.65138823525949 
49.0474545395411 5.38061186265955 20.8045442577687 -6.65154576626789 
51.2035684199663 6.66632115142715 20.8056760746601 -6.65167773288721 
53.360226981863 7.9523486922973 20.8061003727281 -6.65178797009956 
55.5175723854133 9.23845462702105 20.8058902800033 -6.65184997489352 
57.6757124816024 10.5243922921891 20.8051528356029 -6.6518905404377 
59.8347519383984 11.8099401074262 20.8040174393368 -6.65188012034536 
61.9947584869215 13.0948287728364 20.8026179741375 -6.65184999835772 
64.155809467231 14.3788318675664 20.801087657583 -6.65180204164333 
66.3179394621658 15.6617065415828 20.7995565783735 -6.65173652958416 
68.4811474098742 16.9432817205605 20.7981454279221 -6.65166785314593 
70.6453977859576 18.2234087625567 20.796955883941 -6.65160273099309 
72.8106599695796 19.5020508310142 20.796058978964 -6.65154766024556 
74.9768236942198 20.7792129593842 20.795492328472 -6.6514874309349 
77.1438340806258 22.0549595219303 20.795259565139 -6.65144315693554 
79.3115584638629 23.3293563559628 20.795335269366 -6.65139650968568 
81.4799369950986 24.6025253741327 20.7956711818587 -6.65136036638261 
83.6488263794677 25.8745759828108 20.7962063908797 -6.65131647242268 
85.8181674934537 27.1456450740509 20.7968778522286 -6.65128868820135 
87.9878311251579 28.4158516658557 20.7976291504576 -6.65125932941297 
90.1577527934389 29.6853356658123 20.7984112098623 -6.6512457187843 
92.3278077822202 30.9542095383352 20.7991872957504 -6.6512267370651 
94.4979376664408 32.2225888397125 20.7999278735952 -6.65122253668705 
96.6680219238233 33.4906039360761 20.8006134075787 -6.65121177016848 
98.8379956919436 34.758379909036 20.8012338046418 -6.65123207485319 
101.007757164427 36.026058155177 20.8017812597352 -6.65126020340421 
103.177213835323 37.2937704201263 20.8022627077206 -6.65131782786142 
105.346247742239 38.5616584275469 20.8026884408972 -6.65138435882394 
107.514781090235 39.8298327021547 20.8030808395025 -6.65149828302554 
109.682672924612 41.0984417022793 20.803475663121 -6.65162680565926 
111.849789102703 42.3676414272229 20.8039234525062 -6.65181368146492 
114.015987855014 43.6375908414804 20.8044905126066 -6.65203742536803 
116.181122816688 44.9084399599206 20.8052611777399 -6.65231488620304 
118.345029603202 46.1803259699707 20.8063334345516 -6.65265593803833 
120.507542947454 47.4534094358818 20.8078184037462 -6.65304730032154 
122.668480245032 48.7278520942315 20.8098205777823 -6.65349937545541 
124.827705531176 50.0037925964373 20.8124423824064 -6.65399825310401 
126.985074626823 51.2813090421925 20.8157441158113 -6.65454436535332 
129.140511056638 52.5604585229106 20.8197372654509 -6.65513416447527 
131.293938300609 53.8412654404664 20.8243536992241 -6.65573387971762 
133.445340282577 55.1237071156901 20.8294465461708 -6.65634351425308 
135.594750727096 56.4076809891323 20.8347818012969 -6.65692063704495 
137.74223482053 57.693042347979 20.8400645781863 -6.6574574929907 
139.887914658474 58.9795510876872 20.8449411863524 -6.65791536803302 
142.031942197492 60.2669225246423 20.8490329799766 -6.65828020527019 
144.174536980782 61.5548259342917 20.8519449670057 -6.65849910973359 
146.315924231656 62.8428801641791 20.8533359622318 -6.65854986393476 
148.456406397118 64.1306902990312 20.8529768838714 -6.65841358622974 
150.596297730433 65.4178368637419 20.8508374598773 -6.65809815176395 
152.735953286813 66.703894551963 20.8471004167909 -6.65759543625824 
154.875719351927 67.9884848507568 20.842145717448 -6.65696660107938 
157.015943374427 69.2712579570226 20.8364534257766 -6.65622004318965 
159.156902277975 70.5519579180766 20.8304929499851 -6.65544260328614 
161.298843290047 71.8304237914173 20.8246220835584 -6.65464342590256 
163.441915686072 73.1065996441952 20.8190439962842 -6.65389806257574 
165.58620068742 74.3805057236945 20.8138353170554 -6.65319836001768 
167.731762527118 75.6522470234549 20.808991596989 -6.65258570224743 
169.878618205057 76.9219462027542 20.8044906988392 -6.65204035219042 
172.026807498609 78.1897394711467 20.8003094224633 -6.65156975008811 
174.176314851234 79.4557755084624 20.7964398717791 -6.65116459355409 
176.327096525807 80.7202590871654 20.7928789987962 -6.65081539947918 
178.479089278573 81.9833691458099 20.7896264300056 -6.65050649772598 
44.7502112396455 0.299109376953725 20.8001695269832 -6.65129170526462 
46.9057301050719 1.58343604526688 20.8030813280243 -6.65148367408177 
49.0614212400847 2.86883345775925 20.8053098064746 -6.65166481961713 
51.2174783667929 4.15502463488867 20.8067939519633 -6.65181174010883 
53.374053152265 5.44168598554027 20.807528470597 -6.65193304218967 
55.5313102352094 6.72856353810173 20.8075741353749 -6.65201705420734 
57.6893886595152 8.01539845922437 20.8070258203951 -6.65206021037984 
59.8483845612337 9.30194655269574 20.8060112015887 -6.65206175307599 
62.0083763436731 10.5879336255093 20.8046530251977 -6.6520293251917 
64.1694418969384 11.8731064882543 20.8030880056087 -6.6519752803547 
66.3316025746847 13.1572006017536 20.8014381244335 -6.65189634022955 
68.4948716956718 14.4400072775867 20.7998399533368 -6.65181636113595 
70.6592437554492 15.7213461777084 20.7984005484966 -6.65172689824422 
72.8246488538324 17.0011651257672 20.7972206913868 -6.65164919718953 
74.9910197292766 18.2794466535079 20.7963490390462 -6.65156923114688 
77.1582552952701 19.5562469919876 20.795817164992 -6.65150475750094 
79.3262743145445 20.8316334705736 20.795604520502 -6.65143208861159 
81.4949626514968 22.1057087093881 20.7956742491738 -6.65137514996048 
83.664223222798 23.3786005725687 20.7959604384828 -6.65131179158504 
85.8339605881693 24.6504259304079 20.7964018803666 -6.65127060687068 
88.0040653478987 25.9213075764079 20.7969318290962 -6.65121568123283 
90.1744398675485 27.1913560891614 20.7975039603691 -6.65119151231754 
92.3449966782112 28.4607148372061 20.7980670631563 -6.65114914048202 
94.5156305398406 29.7294831588139 20.7985953131724 -6.65112675633448 
96.6862538538859 30.9978049069426 20.7990583733601 -6.65109944613264 
98.8567887248873 32.2657865557852 20.7994443339701 -6.65109579521587 
101.027144786263 33.5335745534576 20.7997416204394 -6.65109430044468 
103.197215567588 34.8012790691051 20.7999519070455 -6.65111307841666 
105.366917195404 36.0690530715318 20.800078539707 -6.65114263441089 
107.536146977204 37.3369979783624 20.8001421952155 -6.65120742130816 
109.704797218262 38.6052650128807 20.8001689524711 -6.65129494762518 
111.872735428294 39.873980773979 20.8002060847435 -6.65141356928884 
114.039833512285 41.1433170318127 20.8003092706261 -6.65157396003832 
116.20593181329 42.413403197727 20.800561026783 -6.65177314545288 
118.370900160149 43.6843889314278 20.8010532060256 -6.65202564121496 
120.534554524641 44.9564176109397 20.8018968777157 -6.65233041991594 
122.696742669456 46.2296634159661 20.8032032806294 -6.65269094750972 
124.857280126578 47.5042861216137 20.8050845269545 -6.65310725033041 
127.01604501647 48.7803852778177 20.8076169068997 -6.65356948737105 
129.172901554992 50.058034518978 20.8108404306246 -6.65408055617751 
131.327788669614 51.3372849589074 20.8147237713904 -6.65462460450172 
133.480631022301 52.6181690871116 20.819167734226 -6.65518125540146 
135.631472760102 53.9006291023609 20.8240018126274 -6.65573574181341 
137.780317698465 55.1845324513716 20.8290056230877 -6.65626032255881 
139.92730220849 56.4696900523878 20.8339097491889 -6.65674406606749 
142.072509502646 57.7558495861575 20.8384099527527 -6.65715452727257 
144.216135146169 59.0426942764669 20.8421628410434 -6.65746057246179 
146.358348514825 60.3298868651999 20.8448191714548 -6.65764129336656 
148.499440143316 61.6170476181047 20.8460681949643 -6.65766179055411 
150.639664036508 62.9037879944152 20.8457269011346 -6.65751709859116 
152.779377968443 64.1897118045155 20.8437926111193 -6.65719199903989 
154.918903276262 65.4744096858849 20.840475303727 -6.65673722503922 
157.05861352505 66.7575242701309 20.8361437698204 -6.65613951564823 
159.198810910083 68.0387590195099 20.8312402750742 -6.65547800418715 
161.339797921068 69.317891104933 20.8261642158734 -6.65477136225015 
163.481765309183 70.5948162634025 20.8211971688719 -6.65407275559649 
165.624875691262 71.8694929990197 20.8164780802349 -6.6534098030383 
167.769175717023 73.1420002911774 20.8120392694705 -6.65281096993163 
169.914723083681 74.4124306708809 20.8078625328557 -6.65227241633202 
172.061526185096 75.6809323139393 20.8039242285841 -6.65181363561408 
174.209629910412 76.9476438833708 20.8002056889333 -6.65141306900468 
176.358996737643 78.2127204414216 20.7967084578177 -6.6510698315579 
49.0760348553328 0.357353981847452 20.8060857121515 -6.65182337567976 
51.2319700991138 1.6439623906341 20.8079420469222 -6.65199822921499 
53.3884114945415 2.93121181403595 20.8090157842353 -6.65212245347132 
55.5455214539193 4.21881455003578 20.8093467597353 -6.65221791027894 
57.7034502690783 5.5065143899294 20.809019629058 -6.65226683061313 
59.8623034282727 6.79403258375745 20.8081482471636 -6.65227666683358 
62.0221967846825 8.08109371694451 20.8068561355562 -6.65223923559601 
64.1831838561907 9.36739701375135 20.8052652537694 -6.65217864108123 
66.3452981367117 10.6526847709755 20.8035057142797 -6.65208285738658 
68.5085463686542 11.9366911298125 20.8017102576828 -6.65198095425114 
70.6729438602197 13.2192417327943 20.8000092303476 -6.65187625079934 
72.8383959585538 14.5002215507241 20.7985163516479 -6.65176621374754 
75.0048824850919 15.7796141727944 20.7973129405705 -6.65166386647444 
77.1722566968674 17.0574483914374 20.796444195205 -6.65157069557739 
79.3404753540318 18.3338126789815 20.7959117498894 -6.65148210005052 
81.509374873709 19.6087888311572 20.7956826050383 -6.65139884285301 
83.6789101334481 20.8825064562216 20.7956958371867 -6.65132569251228 
85.8489397146454 22.1550693776291 20.7958844991165 -6.65125494765423 
88.0193833617299 23.4265999258322 20.7961815812361 -6.65119456910079 
90.1901328761635 24.6972092183641 20.7965288686424 -6.65113026586695 
92.3610756980656 25.9670201582807 20.7968775824267 -6.65108798922128 
94.5321324451591 27.2361673771929 20.7971900645682 -6.65103296815311 
96.7032002276868 28.5047634512448 20.7974378759812 -6.65098765735494 
98.8742044879503 29.7729376181066 20.7976016061606 -6.65095243961476 
101.04504955507 31.0407999092695 20.7976681334287 -6.65093817315534 
103.215648269574 32.3084997936004 20.7976337745665 -6.6509229624479 
105.385895602102 33.5761459439786 20.7975018009315 -6.65093210227359 
107.555714736752 34.8438671376243 20.7972844875611 -6.6509517996982 
109.724995657064 36.111783203037 20.797007605266 -6.65098962811315 
111.893638523477 37.3800298408619 20.7967078882242 -6.65106025444721 
114.061504610511 38.6487641585805 20.7964406373606 -6.65116272732638 
116.228456154547 39.918113769686 20.7962761513603 -6.6513011268343 
118.394347974439 41.1882381872913 20.7963061472502 -6.65147514341767 
120.559027307688 42.4592572102976 20.7966330881059 -6.65170804579186 
122.722339599765 43.7313537360714 20.7973745149791 -6.65198282895253 
124.884093233503 45.0046886885333 20.7986400566495 -6.65232009953024 
127.044166710306 46.279404131648 20.8005243747167 -6.65270084259586 
129.202399220697 47.5555750933207 20.8030758951468 -6.65313735754033 
131.358716404228 48.8333035017984 20.8062889084952 -6.65361325562908 
133.513014009746 50.1126115942619 20.8100903922709 -6.65412021485221 
135.665301300387 51.3935310364857 20.8143606793966 -6.65463671793929 
137.815574674076 52.6759514679434 20.8189277947006 -6.65513955933683 
139.963927235046 53.9597271383117 20.8235989848724 -6.65561897496998 
142.110454780109 55.2446049713763 20.8281429581579 -6.65605328447486 
144.255285832681 56.530327865296 20.832298654137 -6.65640357396046 
146.398582134748 57.8165610390527 20.8357567305677 -6.65667536829558 
148.540558605146 59.1029799360239 20.8382015388842 -6.65681488419795 
150.681456513053 60.3892032448981 20.8393582404489 -6.6568203052949 
152.821571809635 61.6748590737505 20.8390743862545 -6.656670109563 
154.961234065286 62.9595431995035 20.8373826247967 -6.65636708147926 
157.100783826329 64.2428876219426 20.8345011067166 -6.65593571589593 
159.240556606977 65.5245668100928 20.830786851355 -6.65539738888107 
161.380874258077 66.8043441426854 20.8266332888683 -6.65480008878024 
163.521990613567 68.0820126022107 20.8223756441871 -6.65417684286859 
165.664119221208 69.3575027937922 20.818223619109 -6.65356963730278 
167.807356336456 70.6308156012101 20.8142678937701 -6.65300019657027 
169.951783362758 71.9020581877169 20.8105068631152 -6.65247799509022 
172.097394542076 73.1713256081648 20.8069191531134 -6.6520243381239 
174.244248936828 74.4387657724674 20.8034745538235 -6.65162800533873 
53.4035032810552 0.420934579811508 20.8106034588086 -6.65235675723924 
55.5603970538902 1.70922018706802 20.8112470617307 -6.6524703177634 
57.7180914555421 2.99774294680127 20.8111692656207 -6.65252951227108 
59.8767254218812 4.28620466727937 20.8104671427094 -6.65253595258888 
62.0364098591239 5.57430236296976 20.8092579049953 -6.65250320835053 
64.1972164059399 6.86172633124678 20.8076540952507 -6.65242328686724 
66.3591864444584 8.1481744430964 20.8057850195962 -6.65231414170653 
68.5223250068186 9.43335889823579 20.8037857272798 -6.65218029712136 
70.6866442014101 10.7170908401464 20.8018021063749 -6.65205646809566 
72.8520671557424 11.9992175814507 20.7999694895406 -6.65190595691458 
75.0185544842681 13.2797089291341 20.7983977183915 -6.65178491870742 
77.1859906595261 14.5585692148736 20.7971580795342 -6.65164858284889 
79.3542982568685 15.8358856709597 20.7962717010629 -6.6515445688781 
81.5233392435565 17.1117465627997 20.7957144524447 -6.65142286975387 
83.6930383172002 18.3862553560128 20.7954301641321 -6.65133782743531 
85.8632732350297 19.6595406717327 20.7953463672774 -6.65124277288978 
88.0339480354993 20.9316939121586 20.7953966083252 -6.65116682041515 
90.2049565910503 22.2028419447847 20.7955116893048 -6.6510860885053 
92.3762033877771 23.473090486782 20.795642708881 -6.65101482596848 
94.5475823456917 24.7425828044233 20.7957424874212 -6.65094095105675 
96.7189979816714 26.011442815037 20.7957825156386 -6.65088483799929 
98.8903763646021 27.2797913471597 20.7957346373256 -6.65082989659489 
101.061624954519 28.5477325923445 20.7955902100494 -6.65078476615744 
103.232644998777 29.8153910787944 20.7953373747747 -6.65075432674184 
105.403355072218 31.0828961355578 20.7949820247796 -6.65073663637208 
107.573656253626 32.3503821889051 20.7945285045771 -6.65072794875519 
109.743458993794 33.6179579932668 20.7940046800395 -6.65073188390195 
111.912677722657 34.8857511319056 20.7934353975422 -6.65076893731316 
114.081183521924 36.1538928093088 20.7928787425536 -6.65081504166945 
116.24885677526 37.4225377676927 20.7923913458733 -6.65089878443523 
118.415545560308 38.6918219911701 20.7920653693362 -6.65101716133884 
120.581124636823 39.9618743951381 20.7919908147994 -6.65117728224725 
122.745417936338 41.2328656454364 20.7922889666038 -6.65138497378115 
124.908282533762 42.5049660328468 20.7930634731935 -6.65163649315095 
127.069543829041 43.7783338872733 20.794417602069 -6.65194799068529 
129.229072495756 45.0530694650272 20.7964041107478 -6.65230256634023 
131.386745000965 46.3292825760263 20.7990371446612 -6.65271511294896 
133.542487675483 47.6070468681545 20.8022559962855 -6.65316198980896 
135.696216015639 48.8864126838615 20.8059704785199 -6.65363601859805 
137.847949041913 50.1673314967288 20.810040317783 -6.65410764582917 
139.997717840825 51.4496793463396 20.8143296257182 -6.65457636254969 
142.145631640193 52.7332460985259 20.8186695711433 -6.65501058024643 
144.291772651539 54.0177888524982 20.8228775977462 -6.65539808390298 
146.436310872749 55.3030128088268 20.8267136872685 -6.65570529643726 
148.579395613209 56.5885953671933 20.8299097545035 -6.65593319152729 
150.721244725934 57.8741971997214 20.8321719448682 -6.65604073979417 
152.862082775638 59.1594593755761 20.8332627790758 -6.6560300940669 
155.002220280963 60.4440062015549 20.833058310547 -6.65587877723877 
157.14196428221 61.727470151559 20.8316181135083 -6.6555976089054 
159.281664290956 63.0095021588936 20.8291657329494 -6.65520474303453 
161.421638934541 64.2898207693989 20.8260371961813 -6.65472803143333 
163.562194883224 65.5682046342642 20.822575285559 -6.65419640084011 
165.703572184432 66.8445262005664 20.8190541829448 -6.65365518577584 
167.84596112486 68.1187001753385 20.8156229389788 -6.65313664867672 
169.98944003994 69.3907864930394 20.8123335718182 -6.6526538002098 
172.134075680071 70.6608865942295 20.8091640050403 -6.65221528333752 
57.7335123815655 0.489109417942161 20.8135184629471 -6.65284463870878 
59.8918455084993 1.7784694000514 20.8130104204672 -6.65284877172309 
62.0512244459756 3.0675690804828 20.8119005504618 -6.65282150816317 
64.2117496518546 4.35607636058576 20.8102933721728 -6.65272235201836 
66.3734616339275 5.64365109754937 20.8083137884713 -6.65259358633747 
68.5363957241924 6.93000372902955 20.8060985724369 -6.65242655652279 
70.7005283169889 8.21488586185874 20.8038106776017 -6.65226309851337 
72.8658200582393 9.49813840646258 20.8016076629252 -6.6520803415236 
75.032209257633 10.7797007668699 20.7996340603957 -6.65192031591174 
77.1996126609122 12.0595763059397 20.7979845100976 -6.65175112567985 
79.3679037992181 13.337829859808 20.7967103528872 -6.65160781011688 
81.5369994864638 14.6145512626705 20.7957915809841 -6.65146785930712 
83.7067634809306 15.8898397791204 20.7951839291653 -6.65135165512067 
85.8771136991761 17.1638173693475 20.7948100000584 -6.65123984834091 
88.0479141032601 18.4365677826049 20.794599801098 -6.6511320263113 
90.2190935512367 19.7082276067138 20.7944769429474 -6.65104223180839 
92.3905299247246 20.9788988139436 20.794387701237 -6.65095140685715 
94.562127370385 22.2487233932643 20.7942780708862 -6.65087007168105 
96.7337987270541 23.5178229574651 20.7941175772826 -6.65078992222105 
98.905458164886 24.7863214779558 20.7938738361362 -6.65072092587596 
101.077006655264 26.0543153210064 20.793537992624 -6.65065210726525 
103.248369041746 27.3219252666906 20.7930920167676 -6.65059879633606 
105.419440842146 28.5892842536959 20.7925456934411 -6.65056032494069 
107.590139126605 29.8565180909661 20.7918993535151 -6.65052438423377 
109.760360585652 31.1237450321527 20.7911770643205 -6.65050130553323 
111.930049561317 32.3910828871208 20.7904034476925 -6.65049487140379 
114.099072771631 33.6586566265967 20.7896272356083 -6.65051490004209 
116.267343791463 34.9266158542829 20.7889019699204 -6.65054831438369 
118.434696903387 36.1950861739289 20.7883098416514 -6.65061471271121 
120.601038778151 37.4642057594475 20.7879377787992 -6.65071238003387 
122.76618912701 38.7341412732609 20.7878989390007 -6.65085839257338 
124.930028469068 40.0050601826169 20.7882935557304 -6.65104792595395 
127.092350018067 41.2771264326446 20.7892271867359 -6.65129151451384 
129.253067897817 42.5504781439204 20.7907555431052 -6.65158063156309 
131.412000737026 43.8252235948376 20.7928992850271 -6.65192449719082 
133.569106073732 45.1014769025998 20.7956151237425 -6.65231802774521 
135.724249918916 46.379296007565 20.7988234153488 -6.65273945501084 
137.877445370362 47.6587009125685 20.8024080171533 -6.65318435886599 
140.028655176366 48.9395953210999 20.8062593252618 -6.65362396874978 
142.177992312018 50.2218149652406 20.8102577422961 -6.65404472793017 
144.325506661893 51.5051351401372 20.8142832159921 -6.65443060577613 
146.471380376752 52.7892899429725 20.8181699267606 -6.65477553065683 
148.615710661678 54.0739808302244 20.8217134699542 -6.65505338677588 
150.75870222737 55.358885822479 20.8246631899815 -6.65524372701074 
152.900520863989 56.6436641658598 20.826762051416 -6.65533698508005 
155.041442268097 57.9279535377725 20.8277946329652 -6.65531304854929 
157.181713991005 59.2114017813552 20.8276756842069 -6.65516344563869 
159.321687196861 60.493664296216 20.826477034789 -6.6549084291812 
161.461656797648 61.7744449061648 20.8244320695288 -6.65455524936257 
163.601966353606 63.0534893515982 20.8218393763237 -6.65413621221837 
165.742865978094 64.3305911264965 20.8190015959075 -6.65368016435609 
167.884629068122 65.6056585118021 20.8161243545242 -6.65321106845494 
170.027370667789 66.8786447380395 20.8133216907816 -6.6527680133179 
62.0668675675314 0.560899750565848 20.8148389893391 -6.65318097178736 
64.2270099284499 1.85044756385351 20.8132337242659 -6.6530746017697 
66.3883550805868 3.13911922699924 20.811138492851 -6.65291842393804 
68.5509616749089 4.42659738477556 20.8086939185003 -6.65273170212074 
70.7147942883491 5.71261166645255 20.8060758808935 -6.65251246158437 
72.8798436306483 6.99697467216106 20.8034714054944 -6.6522911583099 
75.0460249544076 8.27958541102958 20.8010524826068 -6.65208275184816 
77.2132705802814 9.56045636433291 20.7989570376979 -6.65188240561819 
79.3814529306795 10.8396300352009 20.7972508207304 -6.65168990252294 
81.5504827746238 12.1171876106616 20.7959419104605 -6.65153009721284 
83.7202331420342 13.3932369122755 20.7949810956808 -6.65137337700833 
85.8905871501313 14.6678729889705 20.7942997216125 -6.65124086276473 
88.0614419072236 15.9412175331455 20.793813796489 -6.65110652130382 
90.2326852927425 17.2133550035094 20.7934478974871 -6.65100582769618 
92.4042197941453 18.4844359433842 20.7931372344682 -6.65088900782178 
94.5759470401314 19.7545598704539 20.7928252843423 -6.65079010216597 
96.7477810783992 21.0238735903712 20.7924732775776 -6.65069139754867 
98.9196147934101 22.2924884599758 20.7920503899399 -6.65061258778805 
101.091374839657 23.5605253140673 20.7915383362975 -6.65052534641055 
103.262959508822 24.8280722126772 20.7909287882726 -6.65045786708376 
105.434308537113 26.0952671738725 20.7902202253604 -6.6503942995663 
107.605300496562 27.3622312439689 20.7894192364099 -6.6503280248156 
109.775861450858 28.6291102520185 20.7885434750877 -6.65029342040139 
111.945913933626 29.8959971921871 20.7876181912372 -6.65025646689007 
114.11535460029 31.1630160678628 20.7866838265937 -6.65024382247657 
116.284095416182 32.4303040990918 20.7857927064461 -6.65024002310802 
118.452003881678 33.6979948868088 20.7850141416302 -6.65027324713379 
120.618977600568 34.9662383417385 20.7844327018096 -6.65032340167152 
122.784856065166 36.2351536054885 20.7841468091643 -6.65041834984348 
124.949522069677 37.504952331907 20.7842601325193 -6.65054938182702 
127.112806408742 38.7757726867976 20.7848670948054 -6.65073117729906 
129.274572682393 40.0477911897919 20.7860314134966 -6.65096399849989 
131.43467581656 41.3211192120326 20.7877753125506 -6.65125476294271 
133.593026899 42.5959067399678 20.7900695236431 -6.65158913007702 
135.74952466266 43.872214303569 20.7928381624958 -6.65196464205642 
137.904116597291 45.1501188033326 20.7959847410672 -6.6523639929418 
140.056777767417 46.4295356714441 20.7994096932926 -6.65277772440603 
142.207537757872 47.7103840968739 20.8030226350294 -6.65317943955319 
144.356476676763 48.992436904996 20.8067397003439 -6.65356189249116 
146.503708175648 50.2754871109971 20.8104603806948 -6.65391449997443 
148.649371967583 51.5592346595221 20.8140455510219 -6.65421050836302 
150.793610723686 52.8433710887054 20.8173080212098 -6.65445684605633 
152.936608690761 54.127571733193 20.820024805474 -6.65462117592614 
155.078540451697 55.4115068028026 20.8219603353708 -6.65469921058403 
157.219637780268 56.6948293304231 20.8229358101893 -6.65466884444594 
159.360191949547 57.9772142125458 20.8228890998861 -6.65453518977818 
161.500497257443 59.2583391107875 20.8219183072839 -6.65429512578259 
163.640879486628 60.537938476671 20.8202383401166 -6.65398335567165 
165.781618595565 61.8157846662179 20.8181295747378 -6.65361579789945 
167.923000842404 63.091718036635 20.8158339876038 -6.65322792267824 
66.4040860522101 0.634587168578085 20.8143069588041 -6.65330336954086 
68.5662352725094 1.92316261858245 20.8116156323785 -6.65308812588244 
70.729653710922 3.21027322354695 20.8086377374655 -6.65281599662779 
72.8943299611296 4.4957184930797 20.8055951050229 -6.65255390253672 
75.0601873099366 5.77935962194991 20.8026910830577 -6.65228615308583 
77.2271582820282 7.06120230174053 20.8001048925894 -6.65204036843787 
79.3951169383138 8.34127189277946 20.7979287203253 -6.65180085576453 
81.5639650596665 9.61965050963844 20.7961923499797 -6.6515975033195 
83.7335932504807 10.8964268785483 20.7948521717812 -6.65141382089264 
85.9038567053668 12.1717112689817 20.7938414204966 -6.65125003785798 
88.0746614228834 13.4456076550914 20.793067550506 -6.65110062975411 
90.2458811935113 14.7182154153207 20.7924545380502 -6.65096255667415 
92.4174247799653 15.989664251073 20.7919202152014 -6.65083100585441 
94.5891901740909 17.2600733300107 20.7914123742942 -6.65071417584332 
96.7610816945398 18.5295806957011 20.7908764688273 -6.65061031412559 
98.9330050010962 19.7983000437739 20.7902890458466 -6.65050429245892 
101.104864970937 21.0663363102547 20.789621706925 -6.65041467201462 
103.276593630096 22.3338042493351 20.7888694452835 -6.6503164167007 
105.448097954914 23.6008181125417 20.7880261258574 -6.65024748250931 
107.619289607906 24.8675214591656 20.7871044591547 -6.65016293420841 
109.790089435954 26.1340280238854 20.7861127490024 -6.65011228720483 
111.96041223614 27.4004654451496 20.785082856037 -6.65004855120479 
114.13016787791 28.6669341748211 20.7840430237689 -6.65000744819521 
116.299279835746 29.9335804370132 20.7830460179015 -6.64998030168656 
118.467639244371 31.2005273089813 20.782147811813 -6.6499750258146 
120.635118001096 32.4679124279426 20.7814302106492 -6.64999241025058 
122.801618930574 33.7358809203971 20.7809768110811 -6.65003596559475 
124.966987311489 35.0046106382261 20.7808887654595 -6.65012656727777 
127.131107525572 36.2742617527457 20.7812489456993 -6.65025726112145 
129.293800866473 37.5449968574472 20.7821290031133 -6.65043889852748 
131.454971091243 38.816978379197 20.7835494174066 -6.65067159769413 
133.614459319575 40.0903295336493 20.7854946633131 -6.65096203727482 
135.772209864217 41.365183520679 20.7878936072845 -6.6512974745186 
137.928118513677 42.6415970999482 20.7906637094845 -6.65166271795714 
140.082178670404 43.9195593247124 20.7937048907394 -6.65204126582638 
142.23434943722 45.1989968016299 20.7969452151972 -6.65242517985612 
144.38471590418 46.4797629270879 20.8003184891399 -6.65278767936394 
146.533335679725 47.7616552337247 20.8037658914091 -6.65313565623708 
148.680363106141 49.0444084822546 20.8071970872052 -6.65344314380275 
150.82591544057 50.3277373025566 20.8104940770975 -6.65371214665746 
152.970173716692 51.6113038879471 20.8134844474083 -6.65393007658991 
155.11327407837 52.8947984773808 20.8159685695232 -6.65406360755537 
157.255421610414 54.1778942372884 20.8177363306104 -6.6541224438842 
159.396829422044 55.4602800882673 20.8186442444809 -6.65409280054178 
161.537778238484 56.7416362241236 20.8186543286433 -6.65397774241048 
163.678535678666 58.0216989700971 20.8178812133785 -6.65376566126158 
165.819431563331 59.3002037992021 20.8165267382123 -6.65349787926246 
70.7453336414653 0.70784897289526 20.8115516716507 -6.65317028945144 
72.9094979770585 1.99434101027362 20.8080299944316 -6.65285337569979 
75.0749149063161 3.2790032554929 20.8045999510477 -6.65252398475625 
77.2414750829686 4.56178470443104 20.8014766292529 -6.65222395891419 
79.4090957214183 5.84273792236733 20.79878754914 -6.6519382086382 
81.5776458395074 7.12191505946339 20.7965843473445 -6.65169108887372 
83.7470257937696 8.39940711822753 20.7948323553109 -6.65146885704945 
85.9170881110703 9.67530490851955 20.7934675747789 -6.65126938214679 
88.0877352182409 10.9497259887614 20.792391080044 -6.6511016296567 
90.2588277337198 12.2227782385709 20.7915196061543 -6.65093386811626 
92.430283793027 13.494576368136 20.7907621542176 -6.65078924730936 
94.6019832178095 14.7652533564525 20.7900587493039 -6.65065083827161 
96.7738428403618 16.0349259926809 20.7893518161631 -6.65053436203062 
98.9457558689258 17.3037162537363 20.7886112208673 -6.6504070371131 
101.117639449062 18.5717352854464 20.7878064786304 -6.65029770796578 
103.289403057481 19.83910095715 20.7869323812196 -6.65019560634072 
105.460975206982 21.1059232920252 20.785982775797 -6.65009762610098 
107.632268575127 22.3723422011755 20.7849671991639 -6.65000751261867 
109.803217926747 23.6384761375164 20.7838971178267 -6.64992693521258 
111.973711607074 24.9044576979349 20.7827986349923 -6.64985939455932 
114.143702092328 26.1703962879315 20.7816984743989 -6.64978822283269 
116.31307002985 27.4364138866686 20.7806419653956 -6.64974818291923 
118.481773599059 28.7026467761657 20.7796807361094 -6.64970988842109 
120.649663284228 29.9692137163973 20.7788823804934 -6.64970121037358 
122.816671390369 31.236292925396 20.7783257450991 -6.6497156120323 
124.982630121741 32.5040129920262 20.7780989832177 -6.64976944639569 
127.147452952878 33.7725589665488 20.7782820696511 -6.64985959488283 
129.31097472108 35.042094531553 20.7789391324244 -6.64999300487468 
131.473084207398 36.3127842083459 20.7801004478276 -6.65018588672591 
133.633623576837 37.5847739548355 20.7817541989129 -6.65042372710619 
135.792519193962 38.8582100428892 20.783845707574 -6.6507218429208 
137.949656052206 40.133166585295 20.7862954944562 -6.65105399019835 
140.105023370734 41.4096899757297 20.7890124904728 -6.65140712446739 
142.258561557096 42.6877264094568 20.7919236042276 -6.65175911233249 
144.41032569112 43.9671799504472 20.7949745277371 -6.65211699292229 
146.560343175037 45.2478806826252 20.798119309692 -6.6524460636682 
148.708741761821 46.5295990046904 20.8013078239075 -6.65276014023457 
150.855629826269 47.812063365291 20.8044671673085 -6.65303634908074 
153.001189920614 49.0949482019319 20.8074831693439 -6.65328011837048 
155.145534829486 50.3779460570326 20.8102061285482 -6.6534630201156 
157.288868328327 51.6607333091051 20.8124517775225 -6.65359055873285 
159.431331430706 52.9430177912178 20.8140449089549 -6.65363365470625 
161.573164427488 54.2245065153086 20.814867025205 -6.65359769040609 
163.714594088503 55.5049021118671 20.8149171137604 -6.65349027980221 
75.0903931913284 0.778493415395945 20.806825609509 -6.65282164923405 
77.2564223787259 2.06221151682761 20.8031154915449 -6.65245079599633 
79.4235615142633 3.3440169620281 20.7998669224083 -6.65211326704935 
81.591698400562 4.6239742315109 20.7971524124047 -6.65181199429203 
83.7607023904499 5.9021587309418 20.794955807083 -6.65154492465652 
85.9304557436385 7.1786523018428 20.793207732293 -6.65131410909433 
88.1008192603376 8.45356914149572 20.7918126818854 -6.65111627436665 
90.2716838853047 9.72703192183118 20.7906696994914 -6.65092375440533 
92.4429288441551 10.999154535188 20.7896873885794 -6.65075296553981 
94.6144692547144 12.2700642687446 20.7887900304716 -6.65059479219939 
96.7861955015227 13.5398724877169 20.7879206574581 -6.65045143928097 
98.9580118049871 14.8087128623185 20.7870366198553 -6.65031978144844 
101.129815680602 16.0766978046224 20.7861114071356 -6.65019030684898 
103.301537372645 17.3439342180742 20.7851345786436 -6.65007608066703 
105.473087435349 18.6105611017897 20.7841005363984 -6.64995126231098 
107.644397579089 19.8766874464918 20.783016297785 -6.64986043678307 
109.815392857062 21.1424661662358 20.7818967679277 -6.64975726699727 
111.985989347923 22.4079889175848 20.7807598719124 -6.64968304079571 
114.156107953237 23.6733999904614 20.7796345077157 -6.64959847225343 
116.325665546662 24.9388091091655 20.7785571846783 -6.64954269144297 
118.494600725928 26.2043590173326 20.7775725562999 -6.64948901417443 
120.662811778139 27.4701601665835 20.7767389687619 -6.64945893767197 
122.830200611578 28.7363779019691 20.7761277285468 -6.6494575141598 
124.996663183305 30.0031509184438 20.7758120489937 -6.6494770746028 
127.162063677211 31.2706638206462 20.7758675649205 -6.64953572197834 
129.326293668814 32.5390701650865 20.7763554018937 -6.64963590316103 
131.489215255244 33.8085489177791 20.7773065808563 -6.64978658212265 
133.650707701172 35.0792426746031 20.7787183393271 -6.64998621268271 
135.810647843096 36.3513160131843 20.780549418415 -6.65023744393215 
137.968936047012 37.6248710708238 20.7827294853045 -6.65052832447932 
140.125511705173 38.8999810773653 20.7851748633227 -6.65085907501735 
142.280339994891 40.1766268404753 20.7878131868244 -6.65118948358544 
144.433435459196 41.4547586096792 20.790585051718 -6.65153354021351 
146.584827661626 42.7342413884426 20.7934540452426 -6.65184709308632 
148.734599001315 44.0148920091359 20.796385156819 -6.65216332068968 
150.882839222755 45.2964276575984 20.7993330889583 -6.6524380417343 
153.029708044574 46.5785754766078 20.8022289814505 -6.65269829552625 
155.175326840085 47.8610140961528 20.8049716228708 -6.65289894093564 
157.319893119678 49.1434469010178 20.8074232244021 -6.65307245799816 
159.463523305582 50.4255553405026 20.8094239981847 -6.6531707715566 
161.606416195057 51.707066170029 20.810827888583 -6.65321127667753 
79.4387100495579 0.845080550824015 20.8012211954669 -6.65232805024241 
81.6062983255731 2.12579498543183 20.797949319439 -6.65196114687262 
83.7748036248476 3.40464826635802 20.7952668327357 -6.6516493238005 
85.9441202589419 4.68172015386697 20.7931045205829 -6.6513734761695 
88.1140913018956 5.95711024144851 20.7913654528092 -6.65113347714174 
90.2846073248679 7.23094735563916 20.7899373165644 -6.65091902137289 
92.4555406415627 8.50336932449134 20.7887204533559 -6.6507215528608 
94.6268050988615 9.77448910362276 20.7876300223618 -6.6505492773866 
96.7982896609924 11.0444239425418 20.7866006069052 -6.65038123091089 
98.9699024784255 12.3132784840771 20.7855812779679 -6.65023547597271 
101.14154385618 13.5812072008185 20.7845506698841 -6.65008959084956 
103.313133692525 14.8483098083114 20.7834846320695 -6.6499662296205 
105.484570996461 16.1147246240916 20.7823855367495 -6.64982927692915 
107.655822703817 17.380569593676 20.7812534159767 -6.64972382406028 
109.826777499492 18.6459797080816 20.7801061326077 -6.64961008598995 
111.997400639255 19.9110631112378 20.7789539960491 -6.64951482360922 
114.167565792199 21.175953341827 20.7778311019918 -6.64942575788158 
116.337249368632 22.4407832991175 20.7767591655217 -6.64935490415424 
118.506327780185 23.7056680807883 20.7757845143504 -6.64929542397979 
120.674763889885 24.9707472756702 20.7749498978356 -6.64924459108278 
122.842450508611 26.2361484679647 20.7743194084471 -6.6492292741303 
125.00929915587 27.5020356800888 20.7739519888131 -6.64923185149378 
127.175182165747 28.7685646310893 20.7739225159832 -6.64926411899874 
129.339995673053 30.0359143353127 20.7742773081791 -6.6493365808676 
131.503616224942 31.3042486388027 20.7750593765072 -6.6494574816665 
133.665934916875 32.5737341325071 20.7762671261303 -6.64961567876259 
135.826812849131 33.8445113251079 20.7778749327468 -6.64983984579481 
137.986157763972 35.1167225407165 20.7798217243817 -6.65009539887251 
140.143867515543 36.3904503518462 20.7820389193732 -6.65039327636685 
142.299902024132 37.665740234976 20.7844504094941 -6.65069839248025 
144.454259396325 38.9425630725495 20.786998746596 -6.65102707271073 
146.606955888518 40.2208120675043 20.7896381104868 -6.65133446862732 
148.75805625941 41.5003491582252 20.792341158848 -6.65164132506986 
150.907643821877 42.7809188262783 20.7950710119418 -6.65192165047697 
153.055819578087 44.0622757511154 20.7977916926082 -6.65217893931142 
155.202730031634 45.3441024201079 20.8004325704719 -6.65239730746719 
157.348522526275 46.6261120942342 20.8029040028292 -6.65259038109839 
159.493371572362 47.9079863109853 20.8050774431704 -6.65272958837254 
83.7894988488219 0.90684468305539 20.7958101035682 -6.65178225203044 
85.9582381029577 2.18447368690199 20.7931964018616 -6.6514620746873 
88.127698974396 3.46032343582632 20.7910823700286 -6.651176855797 
90.2977547506308 4.7345240052279 20.7893481934747 -6.65093017285461 
92.4682671172724 6.00721214322367 20.7878844286277 -6.65071030722227 
94.6391466257809 7.27851679145689 20.7865948228091 -6.65051086253656 
96.8102826005849 8.54854672245507 20.7854034297565 -6.65032351580605 
98.9816001366085 9.81742168774067 20.7842585955125 -6.65015238074305 
101.152967925134 11.0852654254956 20.7831280892457 -6.65000602408712 
103.324342230052 12.3522227220907 20.78198854938 -6.64985075522497 
105.49559259019 13.6184076610745 20.7808368427266 -6.64970988648738 
107.66670002997 14.883971968203 20.7796781030899 -6.64958438108875 
109.837542671365 16.1490094787069 20.7785169145511 -6.64946960231399 
112.008097966837 17.4136827717017 20.7773746985504 -6.6493625767206 
114.178252022585 18.6780760487326 20.7762688156922 -6.64926792994472 
116.347966229096 19.942336992586 20.7752254599902 -6.64918575294757 
118.517136768891 21.2065901296063 20.7742778831843 -6.64911593695366 
120.685716053233 22.4709817826664 20.7734658113838 -6.64906305256051 
122.853617591895 23.7356260108454 20.7728391495895 -6.6490352936722 
125.020756406512 25.0006700125072 20.7724520645003 -6.64902166163438 
127.187025955217 26.2662804921785 20.7723621208616 -6.64904436783595 
129.352320048399 27.5326424277048 20.7726190416245 -6.64909061547525 
131.516532773904 28.7999033051549 20.7732580325587 -6.64918534222687 
133.679545265246 30.0682400249298 20.7742911680534 -6.64931865699285 
135.841252746531 31.3378017420694 20.7757016389464 -6.64950655828414 
138.001531476355 32.6087277866899 20.7774464494166 -6.64973287085286 
140.160293539779 33.8811395064588 20.7794627773372 -6.64999919172083 
142.317456704159 35.1550999259664 20.7816859339914 -6.65029704100011 
144.473002560117 36.4306234803827 20.7840530507628 -6.65059741923141 
146.626926615016 37.70765740708 20.7865167479222 -6.65089789460068 
148.779290576826 38.9860579020177 20.7890394599694 -6.65119389098597 
150.930174147823 40.2656279164671 20.7915868571997 -6.6514745725807 
153.079640506926 41.5461265358218 20.794133798584 -6.65172559238083 
155.227826766698 42.8272877997479 20.7966334144179 -6.65196033775956 
157.374857963377 44.1088090136487 20.7990263207095 -6.65216040364813 
88.1418081018468 0.963186583154016 20.7909973966356 -6.65125002706399 
90.3112670371521 2.23772845224769 20.7889324887955 -6.6509547269388 
92.4812601931237 3.51066122072867 20.787202152885 -6.65070389914205 
94.6516527100534 4.78213023113768 20.7857035001327 -6.6504704431388 
96.8223488972113 6.05224165941626 20.784347252772 -6.65027579180626 
98.9932476953743 7.32111462622409 20.78307953882 -6.65008010641887 
101.164267725687 8.58886784285163 20.7818539669887 -6.64991608171869 
103.335317788482 9.85566608503738 20.7806503225872 -6.64974127689434 
105.506306844962 11.1216266157645 20.7794601393181 -6.64960483972568 
107.677172521111 12.3869001263045 20.7782822138183 -6.64946301072905 
109.847836728996 13.6515972745651 20.7771241657214 -6.64934329416042 
112.0182335875 14.9158446734699 20.7760000353522 -6.6492293443265 
114.18830712893 16.1797691176315 20.7749262619721 -6.64912897209843 
116.357974610148 17.4434944744552 20.7739221417986 -6.6490447800028 
118.527178590757 18.7071554147978 20.7730173880089 -6.64897014900115 
120.695826971487 19.9708856487716 20.7722412140322 -6.64891491156332 
122.863866568225 21.2348142648186 20.7716335352187 -6.6488762494913 
125.031219388464 22.4990754897093 20.7712422862195 -6.64885372335521 
127.197787385618 23.7638310688269 20.7711145973529 -6.64886034683275 
129.363476673764 25.0292577634872 20.7712946818689 -6.6489001031271 
131.528178232215 26.2955240407236 20.7718178871831 -6.64896150530509 
133.691783131725 27.5627900648685 20.7726999641931 -6.64907860414519 
135.854195068659 28.831203369977 20.773934248672 -6.64923114067933 
138.015298686262 30.1009215214783 20.7754943567446 -6.64943429689663 
140.17499811733 31.3720680948197 20.7773330512372 -6.6496708198933 
142.33320421945 32.6447409894873 20.7793911307198 -6.64994288939895 
144.489858026412 33.9189895112536 20.7816104662527 -6.6502309266467 
146.644951519199 35.1947984359461 20.7839395230794 -6.65052388219258 
148.798514170163 36.472061724193 20.7863294143919 -6.65081307447401 
150.950607326892 37.7506092547287 20.7887453605156 -6.65109209647075 
153.101315778903 39.0302146446049 20.7911546891581 -6.65134052105435 
155.250749285265 40.3106470338982 20.7935243580919 -6.65158010201758 
92.4946665196098 1.01369710270132 20.7867001844312 -6.65071964934992 
94.6644593269709 2.28531098364495 20.7849748075176 -6.65045847056406 
96.8346130233826 3.55548656281811 20.7834459302131 -6.65023100677252 
99.0050043461022 4.82434129260491 20.7820479781908 -6.65002180383975 
101.175576835741 6.09200926122538 20.780730966313 -6.64983748353542 
103.346199895477 7.3586390294901 20.7794663798918 -6.64966411202777 
105.516846081894 8.62438575643144 20.7782443375118 -6.64950148738329 
107.687383939208 9.88936581697557 20.77705643172 -6.64936016947558 
109.85780038044 11.1537172700931 20.775908443989 -6.64922115912112 
112.027969286381 12.41756102278 20.7748148038765 -6.64911193468847 
114.197880395219 13.681040567289 20.7737762625352 -6.64900847576186 
116.36742903281 14.9442547482864 20.7728224341723 -6.64891766212299 
118.536581979514 16.2073516917494 20.7719641134117 -6.64883854648316 
120.705247586417 17.4704607887375 20.771231386713 -6.64878082816204 
122.873368893004 18.7337198151924 20.7706558881757 -6.64873675479635 
125.040855161871 19.9972460344592 20.7702731499773 -6.64871453316557 
127.207642634689 21.2612075203349 20.7701215752513 -6.6487039926167 
129.37364099684 22.5257641294521 20.7702431136697 -6.64873271003271 
131.53875147407 23.7910994468606 20.7706672683761 -6.64878130440777 
133.702861460901 25.0573618025896 20.7714173777107 -6.64887681401969 
135.865878214063 26.3247019817917 20.7724936896267 -6.64901036279766 
138.02768777639 27.5932798736895 20.7738842483836 -6.64918241404866 
140.188211024978 28.8632310959771 20.7755531095755 -6.64939321824571 
142.347345635372 30.1346803025691 20.7774617891309 -6.64964022932262 
144.505033166057 31.4076774498271 20.7795519653718 -6.64991036513499 
146.661210477674 32.6822767849889 20.7817732742938 -6.65019913571923 
148.815902061987 33.9583898105781 20.7840697708982 -6.65048069943377 
150.969143477254 35.2358963573646 20.7864009360738 -6.65075200587201 
153.121035260383 36.5145883970856 20.788720358637 -6.65100852995346 
96.8472149889796 1.05826415776016 20.7827058178878 -6.650193879498 
99.0170103630231 2.32708913545439 20.7811715984647 -6.64997904771449 
101.187021260434 3.59466209642691 20.7797590740414 -6.64976241568766 
103.357151389679 4.86113029707391 20.7784382130189 -6.64958105195742 
105.527334627544 6.12665146918922 20.7771866224901 -6.6494024861246 
107.697492418459 7.39135397821545 20.7759925797583 -6.64925460910619 
109.86756079177 8.65537586457074 20.7748659376186 -6.64911444217944 
112.03745043358 9.91883900949231 20.7737988106098 -6.64900178722773 
114.207113838629 11.1818784882898 20.7728068461318 -6.64889672163036 
116.376485274774 12.4446172989232 20.7719017584277 -6.64880007891206 
118.545502088075 13.707190989571 20.7710946032299 -6.64872248343957 
120.714122113341 14.969727503215 20.7704071352431 -6.64866596655588 
122.88224534364 16.2323469109785 20.7698643047401 -6.64861950318998 
125.049818921298 17.4951930145684 20.7694931232515 -6.64859263814828 
127.216753436352 18.758411667517 20.7693302210607 -6.64858826952507 
129.382986374645 20.0221741649155 20.7694037710008 -6.64859808655329 
131.548410935332 21.2866417801414 20.7697460653306 -6.64864346142884 
133.712946559484 22.5519674932861 20.770377398269 -6.64871453560579 
135.876481071556 23.81830315176 20.7713107469915 -6.64883291835522 
138.038912260955 25.0858059696936 20.7725433871603 -6.64897446870781 
140.200141293333 26.3546389574107 20.7740540974277 -6.64917277496169 
142.360096464595 27.6249237579401 20.7758165863099 -6.64939028578745 
144.51870112607 28.8967390696204 20.7777853533513 -6.64964272303246 
146.675888514208 30.1701366079088 20.7799142602936 -6.64991049684374 
148.831645153144 31.4451055599395 20.7821437573603 -6.65019099288498 
150.985974054943 32.7215493596651 20.7844239074178 -6.65045474109773 
101.198761446477 1.09682105387843 20.7789448229863 -6.64970209635339 
103.368302663319 2.36312959650682 20.7775597073526 -6.64950842261066 
105.537941775197 3.62843965363432 20.7762800664785 -6.64932953003683 
107.707622599774 4.8928834870282 20.7750823026166 -6.64916742298107 
109.87725905848 6.1565859972461 20.7739742364575 -6.64903590280732 
112.046802244604 7.41968762132638 20.7729369150991 -6.64890674917819 
114.216159915359 8.68230953036686 20.7719919651895 -6.64880682719221 
116.38527966703 9.94460451670352 20.7711345117919 -6.64871219178157 
118.554102781099 11.206690031378 20.7703747791211 -6.64864265393598 
120.722589405643 12.4686921588041 20.7697339564198 -6.64857735849449 
122.890657218865 13.7307274677216 20.7692247607488 -6.64853068957733 
125.058248511719 14.9929321484077 20.7688699967293 -6.64849473297399 
127.225275004544 16.255468090138 20.7686994478824 -6.6484882603889 
129.391668842485 17.5184842078898 20.768732411129 -6.64849210197833 
131.557338573827 18.7821512480544 20.7690057513974 -6.64852420873529 
133.7222159131 20.0466071773352 20.7695334837507 -6.64858617478122 
135.886179444087 21.3120083487555 20.7703385097399 -6.64867410312775 
138.049143922821 22.5785029962589 20.7714198457399 -6.64881060720835 
140.210999101506 23.8462758076561 20.7727800113113 -6.64897465642771 
142.37167150406 25.1154433885816 20.7743988847368 -6.64918052418594 
144.53108254993 26.3861352733833 20.7762471745728 -6.64940851155113 
146.689185880495 27.6583889570744 20.7782837317795 -6.64966703438539 
148.845919343282 28.9322301306668 20.7804584174829 -6.6499329024901 
105.54881480819 1.12974324747955 20.7755146386232 -6.64926892362958 
107.717929422977 2.39394022314206 20.7743126707807 -6.64909232603922 
109.887061004939 3.65734757438371 20.7732192974967 -6.64895399115521 
112.056164578914 4.92010794602131 20.7722150925598 -6.64882553030122 
114.225154774293 6.18234889102884 20.7713138734035 -6.64872346745628 
116.393970858737 7.4442187507255 20.7704986969767 -6.64862326452129 
118.562540335117 8.70583855460925 20.7697895786414 -6.64856072084927 
120.730823978717 9.96734430844817 20.7691887056868 -6.64849362744642 
122.898756281028 11.2288463850589 20.7687098505629 -6.64844791128875 
125.066293436867 12.4904731057683 20.7683731829021 -6.64841174838254 
127.233339259011 13.7523662467236 20.7681945376774 -6.64839884046004 
129.399844917529 15.0146992682262 20.7682002131372 -6.64839915526074 
131.565688477178 16.277623285492 20.768410493392 -6.6484219531353 
133.730830249168 17.5412805819481 20.7688462265024 -6.64848072520124 
135.895139875923 18.8058076042798 20.7695325263251 -6.64855477847425 
138.0585553545 20.0713667398431 20.7704756778166 -6.64866739734721 
140.22095011445 21.3381371401151 20.7716890382502 -6.64880991965356 
142.382260006802 22.6062610596005 20.7731635651776 -6.64899373196322 
144.542381071889 23.8758714742043 20.7748887620935 -6.64920989855064 
146.701287355111 25.1470273856683 20.7768293991196 -6.64945585865299 
109.897118283852 1.15766424979049 20.7725947037523 -6.64888918426524 
112.065694187475 2.42011306949311 20.7716175651903 -6.64875181822581 
114.234250514739 3.68200943305368 20.7707538016075 -6.6486508026411 
116.402685076847 4.94348000654915 20.7699811952616 -6.64856282942944 
118.570949756716 6.20467451102665 20.7693151938252 -6.64849646839578 
120.738970316069 7.46571431061032 20.7687545028164 -6.64843659937225 
122.906698377628 8.72671472084303 20.7683035429121 -6.64838731103212 
125.074097367223 9.98781828810597 20.7679807791297 -6.64835451280368 
127.241101701276 11.2491339037344 20.7677954290583 -6.64833214264155 
129.407630683282 12.5108407061392 20.7677722150668 -6.64833284958825 
131.573601536112 13.7730738111463 20.7679281032977 -6.64834926642466 
133.738931616638 15.0359911719738 20.768284959489 -6.64839079988903 
135.903528976988 16.2997090203379 20.7688603266743 -6.64845572760271 
138.067304484987 17.564405468434 20.7696767769893 -6.64855550569771 
140.230164588714 18.8302326466296 20.7707493020418 -6.64868391301151 
142.392019013097 20.0973787872463 20.7720808940872 -6.64883811581097 
144.552776442453 21.3659485953101 20.7736766541369 -6.64903528048157 
114.243566806064 1.18129215561799 20.7702980285355 -6.64860523452782 
116.411558457986 2.44241477282851 20.7695637635054 -6.64851991992992 
118.579453666486 3.70320243994709 20.7689383920559 -6.64844142600942 
120.747163301397 4.96380240645459 20.7684074236519 -6.64838528456434 
122.91463910425 6.2243463362338 20.7679818788634 -6.64833401590255 
125.081832440445 7.48496129777916 20.7676707731713 -6.6483064088718 
127.24870872146 8.74575833648137 20.7674817762493 -6.64827991794854 
129.415180307274 10.0068915628404 20.7674368391261 -6.64827312498592 
131.581204570994 11.2684972243293 20.7675405975754 -6.64828809506421 
133.74665515418 12.5307283669687 20.7678263207832 -6.64831546591457 
135.911471504585 13.793699278787 20.7683030208336 -6.64837206780399 
138.075534343695 15.0575864739163 20.7690023662346 -6.64845005452097 
140.238785496559 16.3225403520584 20.7699372522989 -6.64857409267109 
142.401097362555 17.5887591789066 20.7711325832916 -6.64870694603109 
118.588185967116 1.20143162634665 20.7686451140001 -6.64839668263545 
120.755526484023 2.46163893254444 20.7681439720475 -6.64834212647129 
122.922706452493 3.72175941273055 20.7677406972763 -6.64829305043998 
125.089644381871 4.98191444990114 20.76743819658 -6.64826227533122 
127.256326350254 6.24224233389475 20.7672448663008 -6.64823718965741 
129.422672471633 7.50285379077593 20.7671736417236 -6.64823253022593 
131.588652313735 8.76389656525043 20.7672387496149 -6.64824362620215 
133.754145182276 10.0254882573431 20.7674549908548 -6.64826647348135 
135.9190962325 11.2877836663272 20.7678435789919 -6.64830964358687 
138.08338513106 12.5509140644925 20.7684332587672 -6.64837746915309 
140.24694730678 13.8150652251569 20.7692386765807 -6.64847598774694 
122.931020046681 1.2189750766168 20.7675694104211 -6.64827172345511 
125.09767360811 2.47872093173212 20.7672761812926 -6.64824087041635 
127.264099790192 3.73861131001858 20.7670783981513 -6.64821177026279 
129.430267925451 4.99874524267858 20.7669830864366 -6.6482064138732 
131.596119250321 6.25926513567188 20.7670052707334 -6.64820810993624 
133.761578395738 7.5202806184841 20.7671618405115 -6.64822583366908 
135.92657041658 8.78195075102983 20.7674710031036 -6.64826046190744 
138.091008484457 10.0443925326558 20.7679537949914 -6.64832141890358 
127.272164402266 1.23486107177897 20.7669759781768 -6.64818963473257 
129.438100672783 2.4945651365628 20.7668612723296 -6.64818116601555 
131.60376442951 3.75460950277585 20.7668507211848 -6.64817805827119 
133.769118520595 5.01510736561735 20.7669469976364 -6.64819105075308 
135.934065834888 6.27619612302297 20.7671838350564 -6.64821987627351 
131.61170832593 1.24993147787718 20.7667681029192 -6.64817197223715 
133.77688993912 2.50995948709353 20.7668127775697 -6.64817230120983 
