65.45822475 113.34959522 20.761 -6.64800345078779 
63.32449052 109.57173165 20.761 -6.64783925903674 
65.48193291 110.84470742 20.761 -6.6479401667785 
67.63937531 112.11768319 20.761 -6.64797014300897 
69.7968177 113.39065896 20.761 -6.64793415123591 
61.19075628 105.79386807 20.761 -6.64749236429152 
63.34819867 107.06684384 20.761 -6.64769416472433 
65.50564107 108.33981961 20.761 -6.64782163814576 
67.66308346 109.61279538 20.761 -6.64787729034978 
69.82052586 110.88577115 20.761 -6.64786527517237 
71.97796825 112.15874692 20.761 -6.64779166880012 
74.13541065 113.43172269 20.761 -6.64766431902333 
59.05702204 102.01600449 20.761 -6.64698731837824 
61.21446444 103.28898026 20.761 -6.64728557008841 
63.37190683 104.56195603 20.761 -6.64750854115907 
65.52934923 105.8349318 20.761 -6.64765721285005 
67.68679162 107.10790757 20.761 -6.64773366531073 
69.84423402 108.38088334 20.761 -6.64774147825117 
72.00167641 109.65385911 20.761 -6.6476858700733 
74.15911881 110.92683489 20.761 -6.64757383816273 
76.3165612 112.19981066 20.761 -6.64741376698179 
78.4740036 113.47278643 20.761 -6.64721502277003 
56.92328781 98.23814091 20.761 -6.64635202861522 
59.0807302 99.51111669 20.761 -6.64674035366157 
61.2381726 100.78409246 20.761 -6.64705385433209 
63.39561499 102.05706823 20.761 -6.64729242329365 
65.55305739 103.330044 20.761 -6.64745687227215 
67.71049978 104.60301977 20.761 -6.64754901979301 
69.86794218 105.87599554 20.761 -6.64757199557115 
72.02538457 107.14897131 20.761 -6.64753039164705 
74.18282697 108.42194708 20.761 -6.64743042192007 
76.34026936 109.69492285 20.761 -6.64727972571969 
78.49771176 110.96789862 20.761 -6.64708708813878 
80.65515415 112.24087439 20.761 -6.64686190120645 
82.81259655 113.51385016 20.761 -6.64661376359544 
54.78955357 94.46027734 20.761 -6.6456145012634 
56.94699596 95.73325311 20.761 -6.64608555127394 
59.10443836 97.00622888 20.761 -6.64648334057047 
61.26188075 98.27920465 20.761 -6.64680678641153 
63.41932315 99.55218042 20.761 -6.64705568457469 
65.57676554 100.82515619 20.761 -6.6472306772277 
67.73420794 102.09813196 20.761 -6.6473334292148 
69.89165033 103.37110773 20.761 -6.64736672927332 
72.04909273 104.6440835 20.761 -6.6473347309847 
74.20653512 105.91705927 20.761 -6.64724299044483 
76.36397752 107.19003504 20.761 -6.64709849726829 
78.52141991 108.46301081 20.761 -6.64690937823733 
80.67886231 109.73598658 20.761 -6.64668461789389 
82.8363047 111.00896235 20.761 -6.64643356540387 
84.9937471 112.28193812 20.761 -6.64616560344404 
87.15118949 113.5549139 20.761 -6.64588974989137 
52.65581933 90.68241376 20.761 -6.6448023558723 
54.81326173 91.95538953 20.761 -6.64534758013481 
56.97070412 93.2283653 20.761 -6.64582247134078 
59.12814652 94.50134107 20.761 -6.64622483518624 
61.28558891 95.77431684 20.761 -6.64655336174585 
63.44303131 97.04729261 20.761 -6.64680769324076 
65.6004737 98.32026838 20.761 -6.64698833289652 
67.7579161 99.59324415 20.761 -6.64709681491151 
69.91535849 100.86621992 20.761 -6.64713569294354 
72.07280089 102.1391957 20.761 -6.64710878202987 
74.23024328 103.41217147 20.761 -6.64702114475235 
76.38768568 104.68514724 20.761 -6.64687920079299 
78.54512807 105.95812301 20.761 -6.64669049786998 
80.70257047 107.23109878 20.761 -6.64646354655235 
82.86001286 108.50407455 20.761 -6.64620736861934 
85.01745526 109.77705032 20.761 -6.64593124658737 
87.17489765 111.05002609 20.761 -6.64564427042756 
89.33234005 112.32300186 20.761 -6.64535518384713 
91.48978244 113.59597763 20.761 -6.64507208002032 
50.5220851 86.90455018 20.761 -6.64394377376337 
52.67952749 88.17752595 20.761 -6.64455258415796 
54.83696989 89.45050172 20.761 -6.64509592606408 
56.99441228 90.7234775 20.761 -6.64557011371398 
59.15185468 91.99645327 20.761 -6.64597258384719 
61.30929707 93.26942904 20.761 -6.64630175586344 
63.46673947 94.54240481 20.761 -6.64655707102099 
65.62418186 95.81538058 20.761 -6.64673888879873 
67.78162426 97.08835635 20.761 -6.64684858528656 
69.93906665 98.36133212 20.761 -6.64688854999355 
72.09650905 99.63430789 20.761 -6.64686232646519 
74.25395144 100.90728366 20.761 -6.64677462071645 
76.41139384 102.18025943 20.761 -6.64663138476174 
78.56883623 103.4532352 20.761 -6.64643967110426 
80.72627863 104.72621097 20.761 -6.64620751624234 
82.88372102 105.99918674 20.761 -6.64594360238597 
85.04116342 107.27216251 20.761 -6.64565701084278 
87.19860581 108.54513828 20.761 -6.64535683452842 
89.35604821 109.81811405 20.761 -6.64505196461493 
91.5134906 111.09108982 20.761 -6.64475079541181 
93.670933 112.36406559 20.761 -6.64446113896083 
95.82837539 113.63704136 20.761 -6.6441900423636 
48.38835086 83.12668661 20.761 -6.64306870544009 
50.54579325 84.39966238 20.761 -6.64372774032553 
52.70323565 85.67263815 20.761 -6.64432848699724 
54.86067804 86.94561392 20.761 -6.64486558104596 
57.01812044 88.21858969 20.761 -6.64533489004445 
59.17556283 89.49156546 20.761 -6.64573340159115 
61.33300523 90.76454123 20.761 -6.64605924343612 
63.49044762 92.037517 20.761 -6.64631156001985 
65.64789002 93.31049277 20.761 -6.64649055105275 
67.80533241 94.58346854 20.761 -6.64659739662223 
69.96277481 95.85644431 20.761 -6.64663435139376 
72.1202172 97.12942008 20.761 -6.64660471711821 
74.2776596 98.40239585 20.761 -6.64651294907062 
76.43510199 99.67537162 20.761 -6.64636459761905 
78.59254439 100.94834739 20.761 -6.64616633701811 
80.74998678 102.22132316 20.761 -6.64592576104829 
82.90742918 103.49429893 20.761 -6.64565124177808 
85.06487157 104.76727471 20.761 -6.64535159439558 
87.22231397 106.04025048 20.761 -6.64503587050597 
89.37975636 107.31322625 20.761 -6.64471300544163 
91.53719876 108.58620202 20.761 -6.6443916680789 
93.69464115 109.85917779 20.761 -6.64407998853376 
95.85208355 111.13215356 20.761 -6.64378549152087 
98.00952594 112.40512933 20.761 -6.64351493552198 
100.16696834 113.6781051 20.761 -6.64327430306001 
46.25461662 79.34882303 20.761 -6.64220963405843 
48.41205902 80.6217988 20.761 -6.64290235684773 
50.56950141 81.89477457 20.761 -6.64354647609217 
52.72694381 83.16775034 20.761 -6.6441349072031 
54.8843862 84.44072611 20.761 -6.64466173163328 
57.0418286 85.71370188 20.761 -6.64512232809436 
59.19927099 86.98667765 20.761 -6.64551322164869 
61.35671339 88.25965342 20.761 -6.64583215838072 
63.51415578 89.53262919 20.761 -6.64607796032313 
65.67159818 90.80560496 20.761 -6.6462505929948 
67.82904057 92.07858073 20.761 -6.64635102576072 
69.98648297 93.35155651 20.761 -6.64638133780702 
72.14392536 94.62453228 20.761 -6.64634462245505 
74.30136776 95.89750805 20.761 -6.64624510456479 
76.45881015 97.17048382 20.761 -6.6460880480447 
78.61625255 98.44345959 20.761 -6.64587979361173 
80.77369494 99.71643536 20.761 -6.6456275787092 
82.93113734 100.98941113 20.761 -6.64533946605715 
85.08857973 102.2623869 20.761 -6.64502403831082 
87.24602213 103.53536267 20.761 -6.64469023522878 
89.40346452 104.80833844 20.761 -6.64434702288209 
91.56090692 106.08131421 20.761 -6.64400323888565 
93.71834931 107.35428998 20.761 -6.64366730659975 
95.87579171 108.62726575 20.761 -6.64334716139351 
98.0332341 109.90024152 20.761 -6.64305004368782 
100.1906765 111.17321729 20.761 -6.64278248945416 
102.34811889 112.44619306 20.761 -6.64255017124642 
104.50556129 113.71916883 20.761 -6.64235792652989 
44.12088239 75.57095945 20.761 -6.6414014530668 
46.27832478 76.84393522 20.761 -6.64210823471586 
48.43576718 78.11691099 20.761 -6.64277855215365 
50.59320957 79.38988676 20.761 -6.64340361546657 
52.75065197 80.66286253 20.761 -6.64397580230658 
54.90809436 81.9358383 20.761 -6.64448867682799 
57.06553676 83.20881408 20.761 -6.64493707297145 
59.22297915 84.48178985 20.761 -6.64531704482054 
61.38042155 85.75476562 20.761 -6.64562590452969 
63.53786394 87.02774139 20.761 -6.6458621180202 
65.69530634 88.30071716 20.761 -6.64602533193868 
67.85274873 89.57369293 20.761 -6.6461162786857 
70.01019113 90.8466687 20.761 -6.64613681387709 
72.16763352 92.11964447 20.761 -6.64608983405851 
74.32507591 93.39262024 20.761 -6.64597934206555 
76.48251831 94.66559601 20.761 -6.64581035752067 
78.6399607 95.93857178 20.761 -6.64558893282907 
80.7974031 97.21154755 20.761 -6.64532202858257 
82.95484549 98.48452332 20.761 -6.64501742247323 
85.11228789 99.75749909 20.761 -6.64468349553592 
87.26973028 101.03047486 20.761 -6.64432905425556 
89.42717268 102.30345063 20.761 -6.64396306469883 
91.58461507 103.5764264 20.761 -6.64359447803227 
93.74205747 104.84940217 20.761 -6.64323198113717 
95.89949986 106.12237794 20.761 -6.64288386001603 
98.05694226 107.39535372 20.761 -6.64255781518253 
100.21438465 108.66832949 20.761 -6.64226089262949 
102.37182705 109.94130526 20.761 -6.64199934434987 
104.52926944 111.21428103 20.761 -6.6417786066531 
106.68671184 112.4872568 20.761 -6.64160318187993 
108.84415423 113.76023257 20.761 -6.64147662471142 
41.98714815 71.79309588 20.761 -6.64068039662129 
44.14459054 73.06607165 20.761 -6.64137916395278 
46.30203294 74.33904742 20.761 -6.64205564163572 
48.45947533 75.61202319 20.761 -6.64269961181698 
50.61691773 76.88499896 20.761 -6.64330185659284 
52.77436012 78.15797473 20.761 -6.64385422806405 
54.93180252 79.4309505 20.761 -6.64434979994112 
57.08924491 80.70392627 20.761 -6.64478285706597 
59.24668731 81.97690204 20.761 -6.64514897778799 
61.4041297 83.24987781 20.761 -6.64544498013268 
63.5615721 84.52285358 20.761 -6.64566894758683 
65.71901449 85.79582935 20.761 -6.64582014052388 
67.87645689 87.06880512 20.761 -6.64589902417409 
70.03389928 88.34178089 20.761 -6.64590716444131 
72.19134168 89.61475666 20.761 -6.64584726498853 
74.34878407 90.88773243 20.761 -6.64572306284132 
76.50622647 92.1607082 20.761 -6.64553939027554 
78.66366886 93.43368397 20.761 -6.64530201922957 
80.82111126 94.70665974 20.761 -6.64501770407156 
82.97855365 95.97963552 20.761 -6.64469394367056 
85.13599605 97.25261129 20.761 -6.64433896628878 
87.29343844 98.52558706 20.761 -6.64396141369986 
89.45088084 99.79856283 20.761 -6.64357028150973 
91.60832323 101.0715386 20.761 -6.64317456661783 
93.76576563 102.34451437 20.761 -6.64278320398782 
95.92320802 103.61749014 20.761 -6.64240475943164 
98.08065042 104.89046591 20.761 -6.64204739629203 
100.23809281 106.16344168 20.761 -6.64171861213622 
102.39553521 107.43641745 20.761 -6.64142526309665 
104.5529776 108.70939322 20.761 -6.64117333692633 
106.71042 109.98236899 20.761 -6.64096799499821 
108.86786239 111.25534476 20.761 -6.64081339214086 
111.02530479 112.52832053 20.761 -6.64071272299921 
113.18274718 113.8012963 20.761 -6.64066805662157 
39.85341391 68.0152323 20.761 -6.64008223072637 
42.01085631 69.28820807 20.761 -6.64074955604632 
44.1682987 70.56118384 20.761 -6.64141010046828 
46.3257411 71.83415961 20.761 -6.64205271498083 
48.48318349 73.10713538 20.761 -6.64266685852258 
50.64062589 74.38011115 20.761 -6.64324292872982 
52.79806828 75.65308692 20.761 -6.64377231326162 
54.95551068 76.92606269 20.761 -6.644247598147 
57.11295307 78.19903846 20.761 -6.6446625476442 
59.27039547 79.47201423 20.761 -6.6450122429315 
61.42783786 80.74499 20.761 -6.64529299775567 
63.58528026 82.01796577 20.761 -6.64550246154446 
65.74272265 83.29094154 20.761 -6.64563949016637 
67.90016505 84.56391732 20.761 -6.64570420114136 
70.05760744 85.83689309 20.761 -6.64569785285274 
72.21504984 87.10986886 20.761 -6.64562288193433 
74.37249223 88.38284463 20.761 -6.64548279293286 
76.52993463 89.6558204 20.761 -6.64528217797484 
78.68737702 90.92879617 20.761 -6.64502658803095 
80.84481942 92.20177194 20.761 -6.64472254478024 
83.00226181 93.47474771 20.761 -6.64437735237557 
85.15970421 94.74772348 20.761 -6.64399905423527 
87.3171466 96.02069925 20.761 -6.64359619577219 
89.474589 97.29367502 20.761 -6.64317772724578 
91.63203139 98.56665079 20.761 -6.64275272706784 
93.78947379 99.83962656 20.761 -6.64233029244667 
95.94691618 101.11260233 20.761 -6.64191929411472 
98.10435858 102.3855781 20.761 -6.64152826286372 
100.26180097 103.65855387 20.761 -6.64116518915587 
102.41924337 104.93152964 20.761 -6.64083744227827 
104.57668576 106.20450541 20.761 -6.64055161867358 
106.73412816 107.47748118 20.761 -6.64031349285279 
108.89157055 108.75045696 20.761 -6.64012786784443 
111.04901295 110.02343273 20.761 -6.63999857554105 
113.20645534 111.2964085 20.761 -6.63992833362021 
115.36389774 112.56938427 20.761 -6.63991877898338 
117.52134013 113.84236004 20.761 -6.63997034417872 
37.71967967 64.23736872 20.761 -6.63963918204505 
39.87712207 65.51034449 20.761 -6.6402522865335 
42.03456446 66.78332026 20.761 -6.64087416883693 
44.19200686 68.05629603 20.761 -6.64149353180302 
46.34944925 69.3292718 20.761 -6.64209923907149 
48.50689165 70.60224757 20.761 -6.64268057376387 
50.66433404 71.87522334 20.761 -6.64322757596148 
52.82177644 73.14819911 20.761 -6.64373123872866 
54.97921883 74.42117489 20.761 -6.64418366035374 
57.13666123 75.69415066 20.761 -6.64457812642321 
59.29410362 76.96712643 20.761 -6.64490919062945 
61.45154602 78.2401022 20.761 -6.64517269857545 
63.60898841 79.51307797 20.761 -6.64536580531273 
65.76643081 80.78605374 20.761 -6.64548694619792 
67.9238732 82.05902951 20.761 -6.64553583633638 
70.0813156 83.33200528 20.761 -6.64551339779441 
72.23875799 84.60498105 20.761 -6.64542175430706 
74.39620039 85.87795682 20.761 -6.64526414286873 
76.55364278 87.15093259 20.761 -6.64504489538768 
78.71108518 88.42390836 20.761 -6.6447693434842 
80.86852757 89.69688413 20.761 -6.64444378248916 
83.02596997 90.9698599 20.761 -6.64407533658697 
85.18341236 92.24283567 20.761 -6.64367188191174 
87.34085476 93.51581144 20.761 -6.64324186308667 
89.49829715 94.78878721 20.761 -6.64279418440917 
91.65573955 96.06176298 20.761 -6.64233799445982 
93.81318194 97.33473875 20.761 -6.6418825275828 
95.97062434 98.60771453 20.761 -6.64143692879973 
98.12806673 99.8806903 20.761 -6.64101005555119 
100.28550913 101.15366607 20.761 -6.64061036374035 
102.44295152 102.42664184 20.761 -6.64024572621448 
104.60039392 103.69961761 20.761 -6.6399233390494 
106.75783631 104.97259338 20.761 -6.63964956600567 
108.91527871 106.24556915 20.761 -6.63942989279124 
111.0727211 107.51854492 20.761 -6.63926877318797 
113.2301635 108.79152069 20.761 -6.63916962731508 
115.38760589 110.06449646 20.761 -6.63913470391726 
117.54504829 111.33747223 20.761 -6.63916509915431 
119.70249068 112.610448 20.761 -6.63926060416609 
121.85993308 113.88342377 20.761 -6.63941964040661 
35.58594544 60.45950514 20.761 -6.63937592561811 
37.74338783 61.73248091 20.761 -6.63991484073592 
39.90083023 63.00545669 20.761 -6.64047699480624 
42.05827262 64.27843246 20.761 -6.64105154913723 
44.21571502 65.55140823 20.761 -6.64162751652794 
46.37315741 66.824384 20.761 -6.64219388779387 
48.53059981 68.09735977 20.761 -6.64273996306516 
50.6880422 69.37033554 20.761 -6.64325550290002 
52.8454846 70.64331131 20.761 -6.64373116569193 
55.00292699 71.91628708 20.761 -6.64415858744607 
57.16036939 73.18926285 20.761 -6.64453061266868 
59.31781178 74.46223862 20.761 -6.64484127026356 
61.47525418 75.73521439 20.761 -6.64508593816659 
63.63269657 77.00819016 20.761 -6.64526124763074 
65.79013897 78.28116593 20.761 -6.64536521604126 
67.94758136 79.5541417 20.761 -6.64539709391387 
70.10502376 80.82711747 20.761 -6.64535746106009 
72.26246615 82.10009324 20.761 -6.64524804947411 
74.41990855 83.37306901 20.761 -6.64507182959369 
76.57735094 84.64604478 20.761 -6.64483282014958 
78.73479334 85.91902055 20.761 -6.64453614644346 
80.89223573 87.19199633 20.761 -6.64418783482382 
83.04967813 88.4649721 20.761 -6.64379485883445 
85.20712052 89.73794787 20.761 -6.64336489127867 
87.36456292 91.01092364 20.761 -6.64290632442805 
89.52200531 92.28389941 20.761 -6.64242797608405 
91.67944771 93.55687518 20.761 -6.64193906962378 
93.8368901 94.82985095 20.761 -6.64144893983656 
95.9943325 96.10282672 20.761 -6.64096698105742 
98.15177489 97.37580249 20.761 -6.64050235474121 
100.30921729 98.64877826 20.761 -6.64006395479676 
102.46665968 99.92175403 20.761 -6.63966012482686 
104.62410208 101.1947298 20.761 -6.63929864281904 
106.78154447 102.46770557 20.761 -6.63898646727843 
108.93898687 103.74068134 20.761 -6.63872975114347 
111.09642926 105.01365711 20.761 -6.63853360916071 
113.25387166 106.28663288 20.761 -6.63840214170686 
115.41131405 107.55960865 20.761 -6.63833826023981 
117.56875645 108.83258442 20.761 -6.63834373229234 
119.72619884 110.10556019 20.761 -6.63841897649763 
121.88364124 111.37853597 20.761 -6.63856302049482 
124.04108363 112.65151174 20.761 -6.63877336316724 
126.19852603 113.92448751 20.761 -6.63904610120326 
33.4522112 56.68164157 20.761 -6.63930728154966 
35.6096536 57.95461734 20.761 -6.63975625275866 
37.76709599 59.22759311 20.761 -6.64024090610348 
39.92453839 60.50056888 20.761 -6.64075150078811 
42.08198078 61.77354465 20.761 -6.64127769434374 
44.23942318 63.04652042 20.761 -6.64180885463401 
46.39686557 64.31949619 20.761 -6.64233421171033 
48.55430797 65.59247196 20.761 -6.64284315196088 
50.71175036 66.86544773 20.761 -6.64332538088831 
52.86919276 68.1384235 20.761 -6.64377125783738 
55.02663515 69.41139927 20.761 -6.64417203726282 
57.18407755 70.68437504 20.761 -6.64452011045497 
59.34151994 71.95735081 20.761 -6.64480903360123 
61.49896234 73.23032658 20.761 -6.64503368067987 
63.65640473 74.50330235 20.761 -6.64519021317512 
65.81384713 75.77627813 20.761 -6.64527614737026 
67.97128952 77.0492539 20.761 -6.64529030372441 
70.12873192 78.32222967 20.761 -6.64523282142214 
72.28617431 79.59520544 20.761 -6.64510508112809 
74.44361671 80.86818121 20.761 -6.6449096898701 
76.6010591 82.14115698 20.761 -6.64465037315232 
78.7585015 83.41413275 20.761 -6.64433196660749 
80.91594389 84.68710852 20.761 -6.64396027642608 
83.07338629 85.96008429 20.761 -6.64354204769887 
85.23082868 87.23306006 20.761 -6.64308481385929 
87.38827108 88.50603583 20.761 -6.64259682616616 
89.54571347 89.7790116 20.761 -6.64208686969885 
91.70315587 91.05198737 20.761 -6.64156417093084 
93.86059826 92.32496314 20.761 -6.64103818883319 
96.01804066 93.59793891 20.761 -6.64051850140036 
98.17548305 94.87091468 20.761 -6.64001458261824 
100.33292545 96.14389045 20.761 -6.63953568781413 
102.49036784 97.41686622 20.761 -6.63909064890116 
104.64781024 98.68984199 20.761 -6.63868777144265 
106.80525263 99.96281776 20.761 -6.63833463668019 
108.96269503 101.23579354 20.761 -6.63803801884023 
111.12013742 102.50876931 20.761 -6.63780372258441 
113.27757982 103.78174508 20.761 -6.63763653439478 
115.43502221 105.05472085 20.761 -6.6375400654092 
117.59246461 106.32769662 20.761 -6.63751675071553 
119.749907 107.60067239 20.761 -6.63756768791397 
121.9073494 108.87364816 20.761 -6.63769252954612 
124.06479179 110.14662393 20.761 -6.63788936115296 
126.22223419 111.4195997 20.761 -6.638154791721 
128.37967658 112.69257547 20.761 -6.63848393973461 
130.53711898 113.96555124 20.761 -6.63887059684227 
31.31847696 52.90377799 20.761 -6.63943705608271 
33.47591936 54.17675376 20.761 -6.63978547292229 
35.63336175 55.44972953 20.761 -6.64017936323107 
37.79080415 56.7227053 20.761 -6.64061049056901 
39.94824654 57.99568107 20.761 -6.64106975151227 
42.10568894 59.26865684 20.761 -6.64154736898135 
44.26313133 60.54163261 20.761 -6.64203310880047 
46.42057373 61.81460838 20.761 -6.64251653238023 
48.57801612 63.08758415 20.761 -6.64298717154023 
50.73545852 64.36055992 20.761 -6.64343481378763 
52.89290091 65.6335357 20.761 -6.64384965466155 
55.05034331 66.90651147 20.761 -6.64422265140552 
57.2077857 68.17948724 20.761 -6.64454573913105 
59.3652281 69.45246301 20.761 -6.64481206386668 
61.52267049 70.72543878 20.761 -6.64501598001852 
63.68011289 71.99841455 20.761 -6.64515318703627 
65.83755528 73.27139032 20.761 -6.64522069235076 
67.99499768 74.54436609 20.761 -6.64521687178606 
70.15244007 75.81734186 20.761 -6.64514140210386 
72.30988247 77.09031763 20.761 -6.64499527500993 
74.46732486 78.3632934 20.761 -6.64478069484398 
76.62476726 79.63626917 20.761 -6.64450107750528 
78.78220965 80.90924494 20.761 -6.64416092760808 
80.93965205 82.18222071 20.761 -6.64376581627772 
83.09709444 83.45519648 20.761 -6.64332223650226 
85.25453684 84.72817225 20.761 -6.64283755803021 
87.41197923 86.00114802 20.761 -6.64231987436176 
89.56942163 87.27412379 20.761 -6.64177792788106 
91.72686402 88.54709956 20.761 -6.64122091868812 
93.88430642 89.82007534 20.761 -6.64065840695363 
96.04174881 91.09305111 20.761 -6.64010011178206 
98.19919121 92.36602688 20.761 -6.6395557909271 
100.3566336 93.63900265 20.761 -6.63903503487975 
102.514076 94.91197842 20.761 -6.63854714125019 
104.67151839 96.18495419 20.761 -6.63810090342073 
106.82896079 97.45792996 20.761 -6.6377045161105 
108.98640318 98.73090573 20.761 -6.63736536885516 
111.14384558 100.0038815 20.761 -6.63708996862746 
113.30128797 101.27685727 20.761 -6.63688377137463 
115.45873037 102.54983304 20.761 -6.63675112688931 
117.61617276 103.82280881 20.761 -6.63669514092252 
119.77361516 105.09578458 20.761 -6.63671764148195 
121.93105755 106.36876035 20.761 -6.63681892254264 
124.08849995 107.64173612 20.761 -6.63699772792761 
126.24594234 108.91471189 20.761 -6.6372511826539 
128.40338474 110.18768766 20.761 -6.63757492071112 
130.56082713 111.46066343 20.761 -6.63796309693744 
132.71826953 112.7336392 20.761 -6.63840857248404 
134.87571192 114.00661498 20.761 -6.63890299514786 
29.18474273 49.12591441 20.761 -6.63975766447231 
31.34218512 50.39889018 20.761 -6.64000063277403 
33.49962752 51.67186595 20.761 -6.64029572906743 
35.65706991 52.94484172 20.761 -6.64063655174623 
37.81451231 54.2178175 20.761 -6.64101565183302 
39.9719547 55.49079327 20.761 -6.64142457913929 
42.1293971 56.76376904 20.761 -6.64185417214748 
44.28683949 58.03674481 20.761 -6.64229466246063 
46.44428189 59.30972058 20.761 -6.64273598578953 
48.60172428 60.58269635 20.761 -6.64316789835366 
50.75916668 61.85567212 20.761 -6.64358032068528 
52.91660907 63.12864789 20.761 -6.6439634335499 
55.07405147 64.40162366 20.761 -6.64430801498993 
57.23149386 65.67459943 20.761 -6.64460562229111 
59.38893626 66.9475752 20.761 -6.64484897107781 
61.54637865 68.22055097 20.761 -6.64503193780028 
63.70382105 69.49352674 20.761 -6.64514974906064 
65.86126344 70.76650251 20.761 -6.6451989127058 
68.01870584 72.03947828 20.761 -6.64517734371978 
70.17614823 73.31245405 20.761 -6.64508424175566 
72.33359063 74.58542982 20.761 -6.64492017518246 
74.49103302 75.85840559 20.761 -6.64468693262195 
76.64847542 77.13138136 20.761 -6.64438758098496 
78.80591781 78.40435714 20.761 -6.64402626919531 
80.96336021 79.67733291 20.761 -6.64360829174567 
83.1208026 80.95030868 20.761 -6.64313986611149 
85.278245 82.22328445 20.761 -6.64262818182192 
87.43568739 83.49626022 20.761 -6.64208115368599 
89.59312979 84.76923599 20.761 -6.6415074404171 
91.75057218 86.04221176 20.761 -6.64091619414485 
93.90801458 87.31518753 20.761 -6.64031704477757 
96.06545697 88.5881633 20.761 -6.63971982171836 
98.22289937 89.86113907 20.761 -6.63913453104005 
100.38034176 91.13411484 20.761 -6.63857105544419 
102.53778416 92.40709061 20.761 -6.63803911627851 
104.69522655 93.68006638 20.761 -6.63754798103265 
106.85266895 94.95304215 20.761 -6.6371064252039 
109.01011134 96.22601792 20.761 -6.6367224487989 
111.16755374 97.49899369 20.761 -6.63640325159393 
113.32499613 98.77196946 20.761 -6.63615496770345 
115.48243853 100.04494523 20.761 -6.63598268940149 
117.63988092 101.317921 20.761 -6.63589023381251 
119.79732332 102.59089678 20.761 -6.63588015909743 
121.95476571 103.86387255 20.761 -6.63595346162815 
124.11220811 105.13684832 20.761 -6.63610955633909 
126.2696505 106.40982409 20.761 -6.63634617739789 
128.4270929 107.68279986 20.761 -6.63665948884683 
130.58453529 108.95577563 20.761 -6.63704408248217 
132.74197769 110.2287514 20.761 -6.63749317649842 
134.89942008 111.50172717 20.761 -6.63799867249268 
137.05686248 112.77470294 20.761 -6.63855141687781 
139.21430487 114.04767871 20.761 -6.63914132404781 
27.05100849 45.34805084 20.761 -6.64025075018855 
29.20845089 46.62102661 20.761 -6.64038921452749 
31.36589328 47.89400238 20.761 -6.64058303096914 
33.52333568 49.16697815 20.761 -6.64082791955339 
35.68077807 50.43995392 20.761 -6.64111831627151 
37.83822047 51.71292969 20.761 -6.64144753418155 
39.99566286 52.98590546 20.761 -6.64180783751051 
42.15310526 54.25888123 20.761 -6.64219068078015 
44.31054765 55.531857 20.761 -6.64258682202258 
46.46799005 56.80483277 20.761 -6.64298659911564 
48.62543244 58.07780854 20.761 -6.64338007781674 
50.78287484 59.35078431 20.761 -6.64375734559079 
52.94031723 60.62376008 20.761 -6.64410866125131 
55.09775963 61.89673585 20.761 -6.64442473327259 
57.25520202 63.16971162 20.761 -6.6446968717246 
59.41264442 64.44268739 20.761 -6.6449173737025 
61.57008681 65.71566316 20.761 -6.64507967763469 
63.72752921 66.98863893 20.761 -6.64517852374357 
65.8849716 68.26161471 20.761 -6.64520993861613 
68.042414 69.53459048 20.761 -6.64517134100191 
70.19985639 70.80756625 20.761 -6.64506146414776 
72.35729879 72.08054202 20.761 -6.64488042158845 
74.51474118 73.35351779 20.761 -6.64462958490916 
76.67218358 74.62649356 20.761 -6.64431160588261 
78.82962597 75.89946933 20.761 -6.64393029425782 
80.98706837 77.1724451 20.761 -6.6434905974593 
83.14451076 78.44542087 20.761 -6.64299847286975 
85.30195316 79.71839664 20.761 -6.64246084844092 
87.45939555 80.99137241 20.761 -6.64188546817273 
89.61683795 82.26434818 20.761 -6.64128084431771 
91.77428034 83.53732395 20.761 -6.64065608287575 
93.93172274 84.81029972 20.761 -6.64002080774713 
96.08916513 86.08327549 20.761 -6.63938496415656 
98.24660753 87.35625126 20.761 -6.6387587134516 
100.40404992 88.62922703 20.761 -6.63815223473524 
102.56149232 89.9022028 20.761 -6.63757560001163 
104.71893471 91.17517857 20.761 -6.63703855004685 
106.87637711 92.44815435 20.761 -6.6365503744612 
109.0338195 93.72113012 20.761 -6.63611969546535 
111.1912619 94.99410589 20.761 -6.63575435239927 
113.34870429 96.26708166 20.761 -6.63546121204886 
115.50614669 97.54005743 20.761 -6.63524607324276 
117.66358908 98.8130332 20.761 -6.63511350681857 
119.82103148 100.08600897 20.761 -6.63506680553653 
121.97847387 101.35898474 20.761 -6.63510772623656 
124.13591626 102.63196051 20.761 -6.63523639199017 
126.29335866 103.90493628 20.761 -6.63545119340483 
128.45080105 105.17791205 20.761 -6.63574886787551 
130.60824345 106.45088782 20.761 -6.63612451684039 
132.76568584 107.72386359 20.761 -6.63657175136943 
134.92312824 108.99683936 20.761 -6.6370827922712 
137.08057063 110.26981513 20.761 -6.63764867925412 
139.23801303 111.5427909 20.761 -6.6382594239266 
141.39545542 112.81576667 20.761 -6.63890427982914 
143.55289782 114.08874244 20.761 -6.6395719285212 
24.91727425 41.57018726 20.761 -6.64088878580812 
27.07471665 42.84316303 20.761 -6.64092904814664 
29.23215904 44.1161388 20.761 -6.64102456951925 
31.38960144 45.38911457 20.761 -6.6411732017678 
33.54704383 46.66209034 20.761 -6.64137144301163 
35.70448623 47.93506611 20.761 -6.64161456254358 
37.86192862 49.20804188 20.761 -6.64189661180909 
40.01937102 50.48101765 20.761 -6.642210606572 
42.17681341 51.75399342 20.761 -6.64254860296035 
44.33425581 53.02696919 20.761 -6.64290195033539 
46.4916982 54.29994496 20.761 -6.64326140744466 
48.6491406 55.57292073 20.761 -6.6436174227931 
50.80658299 56.84589651 20.761 -6.64396027661495 
52.96402539 58.11887228 20.761 -6.64428037929225 
55.12146778 59.39184805 20.761 -6.64456840933449 
57.27891018 60.66482382 20.761 -6.64481560261636 
59.43635257 61.93779959 20.761 -6.64501389924176 
61.59379497 63.21077536 20.761 -6.64515633223023 
63.75123736 64.48375113 20.761 -6.64523713971945 
65.90867976 65.7567269 20.761 -6.64525190050777 
68.06612215 67.02970267 20.761 -6.64519750476894 
70.22356455 68.30267844 20.761 -6.64507224317229 
72.38100694 69.57565421 20.761 -6.64487572016079 
74.53844934 70.84862998 20.761 -6.64460889133564 
76.69589173 72.12160575 20.761 -6.64427396255665 
78.85333413 73.39458152 20.761 -6.64387438289739 
81.01077652 74.66755729 20.761 -6.64341472271935 
83.16821892 75.94053306 20.761 -6.64290064511503 
85.32566131 77.21350883 20.761 -6.64233878046914 
87.48310371 78.4864846 20.761 -6.64173668277851 
89.6405461 79.75946037 20.761 -6.64110267032241 
91.7979885 81.03243615 20.761 -6.64044577096524 
93.95543089 82.30541192 20.761 -6.63977555047131 
96.11287329 83.57838769 20.761 -6.63910202541043 
98.27031568 84.85136346 20.761 -6.63843547898883 
100.42775808 86.12433923 20.761 -6.63778634018179 
102.58520047 87.397315 20.761 -6.63716497334008 
104.74264287 88.67029077 20.761 -6.63658155983015 
106.90008526 89.94326654 20.761 -6.63604586328981 
109.05752766 91.21624231 20.761 -6.63556710757596 
111.21497005 92.48921808 20.761 -6.63515375170697 
113.37241245 93.76219385 20.761 -6.63481338044749 
115.52985484 95.03516962 20.761 -6.63455249386381 
117.68729724 96.30814539 20.761 -6.63437644607449 
119.84473963 97.58112116 20.761 -6.63428926269613 
122.00218203 98.85409693 20.761 -6.63429351838664 
124.15962442 100.1270727 20.761 -6.63439005416794 
126.31706682 101.40004847 20.761 -6.63457800859015 
128.47450921 102.67302424 20.761 -6.63485471911532 
130.63195161 103.94600001 20.761 -6.63521588512292 
132.789394 105.21897579 20.761 -6.63565553524947 
134.9468364 106.49195156 20.761 -6.63616629413174 
137.10427879 107.76492733 20.761 -6.63673941149131 
139.26172119 109.0379031 20.761 -6.63736510036139 
141.41916358 110.31087887 20.761 -6.63803261068306 
143.57660598 111.58385464 20.761 -6.63873059715207 
145.73404837 112.85683041 20.761 -6.63944723985515 
147.89149077 114.12980618 20.761 -6.64017060256903 
22.78354002 37.79232368 20.761 -6.64163766950729 
24.94098241 39.06529945 20.761 -6.64159027137297 
27.09842481 40.33827522 20.761 -6.64159528589833 
29.2558672 41.61125099 20.761 -6.64165233754901 
31.4133096 42.88422676 20.761 -6.64175997822464 
33.57075199 44.15720253 20.761 -6.64191545932898 
35.72819439 45.43017831 20.761 -6.6421148291189 
37.88563678 46.70315408 20.761 -6.64235287993616 
40.04307918 47.97612985 20.761 -6.64262335240566 
42.20052157 49.24910562 20.761 -6.64291895632205 
44.35796397 50.52208139 20.761 -6.6432316265703 
46.51540636 51.79505716 20.761 -6.64355259543846 
48.67284876 53.06803293 20.761 -6.64387270731509 
50.83029115 54.3410087 20.761 -6.64418251205578 
52.98773355 55.61398447 20.761 -6.64447259469567 
55.14517594 56.88696024 20.761 -6.64473368488492 
57.30261834 58.15993601 20.761 -6.64495697615523 
59.46006073 59.43291178 20.761 -6.64513421073112 
61.61750313 60.70588755 20.761 -6.64525805277819 
63.77494552 61.97886332 20.761 -6.64532226819868 
65.93238792 63.25183909 20.761 -6.64532196632242 
68.08983031 64.52481486 20.761 -6.64525353573501 
70.24727271 65.79779063 20.761 -6.6451147789022 
72.4047151 67.0707664 20.761 -6.6449048086536 
74.5621575 68.34374217 20.761 -6.64462413458512 
76.71959989 69.61671795 20.761 -6.64427449784845 
78.87704229 70.88969372 20.761 -6.64385895146175 
81.03448468 72.16266949 20.761 -6.64338166642031 
83.19192708 73.43564526 20.761 -6.64284798462499 
85.34936947 74.70862103 20.761 -6.64226421794084 
87.50681187 75.9815968 20.761 -6.64163767032188 
89.66425426 77.25457257 20.761 -6.64097644712242 
91.82169666 78.52754834 20.761 -6.64028944443646 
93.97913905 79.80052411 20.761 -6.63958613949093 
96.13658145 81.07349988 20.761 -6.63887656611267 
98.29402384 82.34647565 20.761 -6.63817107669165 
100.45146624 83.61945142 20.761 -6.6374802881934 
102.60890863 84.89242719 20.761 -6.63681482368408 
104.76635103 86.16540296 20.761 -6.63618524155668 
106.92379342 87.43837873 20.761 -6.63560175174543 
109.08123582 88.7113545 20.761 -6.63507413102117 
111.23867821 89.98433027 20.761 -6.6346114379637 
113.39612061 91.25730604 20.761 -6.63422194552974 
115.553563 92.53028181 20.761 -6.63391287656779 
117.7110054 93.80325759 20.761 -6.63369033983542 
119.86844779 95.07623336 20.761 -6.63355913030932 
122.02589019 96.34920913 20.761 -6.63352262997867 
124.18333258 97.6221849 20.761 -6.63358249161988 
126.34077498 98.89516067 20.761 -6.63373860784839 
128.49821737 100.16813644 20.761 -6.63398901791554 
130.65565977 101.44111221 20.761 -6.63433002992918 
132.81310216 102.71408798 20.761 -6.63475621232782 
134.97054456 103.98706375 20.761 -6.63526060083413 
137.12798695 105.26003952 20.761 -6.63583477919477 
139.28542935 106.53301529 20.761 -6.6364691516455 
141.44287174 107.80599106 20.761 -6.63715307740712 
143.60031414 109.07896683 20.761 -6.63787518155756 
145.75775653 110.3519426 20.761 -6.63862354397061 
147.91519893 111.62491837 20.761 -6.63938600311918 
150.07264132 112.89789414 20.761 -6.64015035414823 
152.23008372 114.17086991 20.761 -6.64090468807875 
20.64980578 34.0144601 20.761 -6.64246085128743 
22.80724818 35.28743588 20.761 -6.64233878606403 
24.96469057 36.56041165 20.761 -6.6422642231889 
27.12213297 37.83338742 20.761 -6.64223837504187 
29.27957536 39.10636319 20.761 -6.64226138015212 
31.43701776 40.37933896 20.761 -6.6423323076187 
33.59446015 41.65231473 20.761 -6.64244908424811 
35.75190255 42.9252905 20.761 -6.6426084790223 
37.90934494 44.19826627 20.761 -6.64280602415117 
40.06678734 45.47124204 20.761 -6.64303615862987 
42.22422973 46.74421781 20.761 -6.64329225876085 
44.38167213 48.01719358 20.761 -6.64356683957265 
46.53911452 49.29016935 20.761 -6.6438516578311 
48.69655692 50.56314512 20.761 -6.6441379639415 
50.85399931 51.83612089 20.761 -6.64441663626338 
53.01144171 53.10909666 20.761 -6.6446784612379 
55.1688841 54.38207243 20.761 -6.64491427426012 
57.3263265 55.6550482 20.761 -6.64511525530405 
59.48376889 56.92802397 20.761 -6.64527305582679 
61.64121129 58.20099974 20.761 -6.64538006544193 
63.79865368 59.47397552 20.761 -6.64542962392179 
65.95609608 60.74695129 20.761 -6.64541634695511 
68.11353847 62.01992706 20.761 -6.6453361351018 
70.27098087 63.29290283 20.761 -6.64518628885684 
72.42842326 64.5658786 20.761 -6.64496543423532 
74.58586566 65.83885437 20.761 -6.64467358319567 
76.74330805 67.11183014 20.761 -6.64431203516049 
78.90075044 68.38480591 20.761 -6.64388338671014 
81.05819284 69.65778168 20.761 -6.64339142177835 
83.21563523 70.93075745 20.761 -6.64284108519208 
85.37307763 72.20373322 20.761 -6.64223837315391 
87.53052002 73.47670899 20.761 -6.64159027851477 
89.68796242 74.74968476 20.761 -6.64090468303821 
91.84540481 76.02266053 20.761 -6.64019027921062 
94.00284721 77.2956363 20.761 -6.63945644247093 
96.1602896 78.56861207 20.761 -6.63871313360793 
98.317732 79.84158784 20.761 -6.63797075582967 
100.47517439 81.11456361 20.761 -6.63724003151549 
102.63261679 82.38753938 20.761 -6.63653181692991 
104.79005918 83.66051516 20.761 -6.63585695595275 
106.94750158 84.93349093 20.761 -6.63522608355606 
109.10494397 86.2064667 20.761 -6.63464944840791 
111.26238637 87.47944247 20.761 -6.63413671846244 
113.41982876 88.75241824 20.761 -6.63369679616223 
115.57727116 90.02539401 20.761 -6.63333762568815 
117.73471355 91.29836978 20.761 -6.63306605990402 
119.89215595 92.57134555 20.761 -6.63288767918771 
122.04959834 93.84432132 20.761 -6.63280667861775 
124.20704074 95.11729709 20.761 -6.63282555971259 
126.36448313 96.39027286 20.761 -6.63294501329682 
128.52192553 97.66324863 20.761 -6.63316384728672 
130.67936792 98.9362244 20.761 -6.63347904130864 
132.83681032 100.20920017 20.761 -6.63388577227098 
134.99425271 101.48217594 20.761 -6.63437756016172 
137.15169511 102.75515171 20.761 -6.63494638023454 
139.3091375 104.02812748 20.761 -6.63558289947044 
141.4665799 105.30110325 20.761 -6.63627664924073 
143.62402229 106.57407902 20.761 -6.63701628566656 
145.78146469 107.8470548 20.761 -6.63778984239759 
147.93890708 109.12003057 20.761 -6.63858496245959 
150.09634948 110.39300634 20.761 -6.63938919916105 
152.25379187 111.66598211 20.761 -6.6401902785034 
154.41123427 112.93895788 20.761 -6.64097645304861 
156.56867666 114.21193365 20.761 -6.64173667866386 
18.51607154 30.23659653 20.761 -6.64332223487577 
20.67351394 31.5095723 20.761 -6.64313987336727 
22.83095633 32.78254807 20.761 -6.64299847393402 
24.98839873 34.05552384 20.761 -6.64290064483059 
27.14584112 35.32849961 20.761 -6.64284798087875 
29.30328352 36.60147538 20.761 -6.64284108534514 
31.46072591 37.87445115 20.761 -6.64287948225362 
33.61816831 39.14742692 20.761 -6.64296165467781 
35.7756107 40.42040269 20.761 -6.643084974342 
37.9330531 41.69337846 20.761 -6.64324570920787 
40.09049549 42.96635423 20.761 -6.64343894268191 
42.24793789 44.23933 20.761 -6.64365873995084 
44.40538028 45.51230577 20.761 -6.6438981872034 
46.56282268 46.78528154 20.761 -6.64414960353509 
48.72026507 48.05825732 20.761 -6.64440464494415 
50.87770747 49.33123309 20.761 -6.6446545712787 
53.03514986 50.60420886 20.761 -6.64489037515726 
55.19259226 51.87718463 20.761 -6.64510307969728 
57.35003465 53.1501604 20.761 -6.64528386201112 
59.50747705 54.42313617 20.761 -6.64542434198173 
61.66491944 55.69611194 20.761 -6.64551670785814 
63.82236184 56.96908771 20.761 -6.64555398824088 
65.97980423 58.24206348 20.761 -6.64553028886193 
68.13724663 59.51503925 20.761 -6.64544104784186 
70.29468902 60.78801502 20.761 -6.6452830180623 
72.45213142 62.06099079 20.761 -6.64505435116606 
74.60957381 63.33396656 20.761 -6.64475452740301 
76.76701621 64.60694233 20.761 -6.6443843986645 
78.9244586 65.8799181 20.761 -6.64394607448333 
81.081901 67.15289387 20.761 -6.64344293251415 
83.23934339 68.42586964 20.761 -6.64287948081545 
85.39678579 69.69884541 20.761 -6.64226138582515 
87.55422818 70.97182118 20.761 -6.64159528072979 
89.71167058 72.24479696 20.761 -6.64088879388804 
91.86911297 73.51777273 20.761 -6.64015035548015 
94.02655537 74.7907485 20.761 -6.63938920101633 
96.18399776 76.06372427 20.761 -6.63861516629419 
98.34144016 77.33670004 20.761 -6.63783866325021 
100.49888255 78.60967581 20.761 -6.6370704357584 
102.65632495 79.88265158 20.761 -6.63632153073609 
104.81376734 81.15562735 20.761 -6.63560300820977 
106.97120974 82.42860312 20.761 -6.63492588042002 
109.12865213 83.70157889 20.761 -6.63430081203849 
111.28609453 84.97455466 20.761 -6.63373803235829 
113.44353692 86.24753043 20.761 -6.63324702559718 
115.60097932 87.5205062 20.761 -6.63283645639261 
117.75842171 88.79348197 20.761 -6.63251387955902 
119.91586411 90.06645774 20.761 -6.63228569695929 
122.0733065 91.33943351 20.761 -6.63215687242951 
124.2307489 92.61240928 20.761 -6.63213082097693 
126.38819129 93.88538505 20.761 -6.63220905110517 
128.54563369 95.15836082 20.761 -6.63239122554415 
130.70307608 96.4313366 20.761 -6.63267502699837 
132.86051848 97.70431237 20.761 -6.63305633833454 
135.01796087 98.97728814 20.761 -6.63352920221025 
137.17540327 100.25026391 20.761 -6.63408610626468 
139.33284566 101.52323968 20.761 -6.63471801815077 
141.49028806 102.79621545 20.761 -6.63541473226354 
143.64773045 104.06919122 20.761 -6.63616498478509 
145.80517285 105.34216699 20.761 -6.63695682870916 
147.96261524 106.61514276 20.761 -6.63777777053927 
150.12005764 107.88811853 20.761 -6.63861517398669 
152.27750003 109.1610943 20.761 -6.63945643870732 
154.43494243 110.43407007 20.761 -6.64028944543878 
156.59238482 111.70704584 20.761 -6.64110266403334 
158.74982722 112.98002161 20.761 -6.64188547051915 
160.90726961 114.25299738 20.761 -6.6426281732086 
16.38233731 26.45873295 20.761 -6.6441878406792 
18.5397797 27.73170872 20.761 -6.64396027078194 
20.6972221 29.00468449 20.761 -6.64376581809051 
22.85466449 30.27766026 20.761 -6.64360827756676 
25.01210689 31.55063603 20.761 -6.64349059955973 
27.16954928 32.8236118 20.761 -6.64341472051161 
29.32699168 34.09658757 20.761 -6.64338167440061 
31.48443407 35.36956334 20.761 -6.64339141790328 
33.64187647 36.64253911 20.761 -6.64344293271223 
35.79931886 37.91551489 20.761 -6.64353408785659 
37.95676126 39.18849066 20.761 -6.64366175230277 
40.11420365 40.46146643 20.761 -6.64382167345065 
42.27164605 41.7344422 20.761 -6.64400855949532 
44.42908844 43.00741797 20.761 -6.64421608925835 
46.58653084 44.28039374 20.761 -6.64443712783829 
48.74397323 45.55336951 20.761 -6.64466379021889 
50.90141563 46.82634528 20.761 -6.64488771288286 
53.05885802 48.09932105 20.761 -6.6451001656803 
55.21630042 49.37229682 20.761 -6.64529234447744 
57.37374281 50.64527259 20.761 -6.64545549647622 
59.53118521 51.91824836 20.761 -6.64558121637884 
61.6886276 53.19122413 20.761 -6.6456615646104 
63.84607 54.4641999 20.761 -6.64568933579811 
66.00351239 55.73717567 20.761 -6.64565820650185 
68.16095479 57.01015144 20.761 -6.64556310972084 
70.31839718 58.28312721 20.761 -6.64540027500571 
72.47583958 59.55610298 20.761 -6.64516734067039 
74.63328197 60.82907875 20.761 -6.64486326726636 
76.79072437 62.10205453 20.761 -6.644488403385 
78.94816676 63.3750303 20.761 -6.64404436820907 
81.10560916 64.64800607 20.761 -6.64353409116374 
83.26305155 65.92098184 20.761 -6.64296165092837 
85.42049395 67.19395761 20.761 -6.6423323075356 
87.57793634 68.46693338 20.761 -6.64165233721095 
89.73537874 69.73990915 20.761 -6.64092904782121 
91.89282113 71.01288492 20.761 -6.64017059678756 
94.05026353 72.28586069 20.761 -6.63938600633391 
96.20770592 73.55883646 20.761 -6.63858495909953 
98.36514832 74.83181223 20.761 -6.63777777617142 
100.52259071 76.104788 20.761 -6.6369752166127 
102.68003311 77.37776377 20.761 -6.63618840329087 
104.8374755 78.65073954 20.761 -6.63542859670322 
106.9949179 79.92371531 20.761 -6.63470708266735 
109.15236029 81.19669108 20.761 -6.63403491399645 
111.30980269 82.46966685 20.761 -6.63342279038209 
113.46724508 83.74264262 20.761 -6.63288078001486 
115.62468748 85.01561839 20.761 -6.632418187381 
117.78212987 86.28859417 20.761 -6.63204328961104 
119.93957227 87.56156994 20.761 -6.63176323417021 
122.09701466 88.83454571 20.761 -6.63158382221095 
124.25445706 90.10752148 20.761 -6.63150932826251 
126.41189945 91.38049725 20.761 -6.63154217160215 
128.56934185 92.65347302 20.761 -6.63168286259845 
130.72678424 93.92644879 20.761 -6.63192991575763 
132.88422664 95.19942456 20.761 -6.63227992819384 
135.04166903 96.47240033 20.761 -6.63272761163114 
137.19911143 97.7453761 20.761 -6.63326596864768 
139.35655382 99.01835187 20.761 -6.63388640935203 
141.51399622 100.29132764 20.761 -6.63457901514492 
143.67143861 101.56430341 20.761 -6.63533272321349 
145.82888101 102.83727918 20.761 -6.6361356326944 
147.9863234 104.11025495 20.761 -6.6369752187387 
150.1437658 105.38323072 20.761 -6.63783866110754 
152.30120819 106.65620649 20.761 -6.63871312977496 
154.45865059 107.92918226 20.761 -6.63958614500077 
156.61609298 109.20215803 20.761 -6.64044576706723 
158.77353538 110.47513381 20.761 -6.64128084878854 
160.93097777 111.74810958 20.761 -6.64208115898945 
163.08842017 113.02108535 20.761 -6.64283755767475 
165.24586256 114.29406112 20.761 -6.64354204760961 
14.24860307 22.68086937 20.761 -6.64502659422111 
16.40604547 23.95384514 20.761 -6.6447693474289 
18.56348786 25.22682091 20.761 -6.64453614070483 
20.72093026 26.49979669 20.761 -6.64433196887734 
22.87837265 27.77277246 20.761 -6.64416093436763 
25.03581505 29.04574823 20.761 -6.64402627276712 
27.19325744 30.318724 20.761 -6.64393029309083 
29.35069984 31.59169977 20.761 -6.64387438617416 
31.50814223 32.86467554 20.761 -6.64385894450952 
33.66558462 34.13765131 20.761 -6.64388338654008 
35.82302702 35.41062708 20.761 -6.64394607954885 
37.98046941 36.68360285 20.761 -6.64404437416611 
40.13791181 37.95657862 20.761 -6.64417458989339 
42.2953542 39.22955439 20.761 -6.64433203722429 
44.4527966 40.50253016 20.761 -6.64451100127682 
46.61023899 41.77550593 20.761 -6.64470487845432 
48.76768139 43.0484817 20.761 -6.64490627644323 
50.92512378 44.32145747 20.761 -6.6451072155613 
53.08256618 45.59443324 20.761 -6.64529927595335 
55.24000857 46.86740901 20.761 -6.64547384721422 
57.39745097 48.14038478 20.761 -6.64562229593573 
59.55489336 49.41336055 20.761 -6.64573620966268 
61.71233576 50.68633633 20.761 -6.64580756186003 
63.86977815 51.9593121 20.761 -6.64582894956134 
66.02722055 53.23228787 20.761 -6.64579372878961 
68.18466294 54.50526364 20.761 -6.64569634057505 
70.34210534 55.77823941 20.761 -6.64553249541352 
72.49954773 57.05121518 20.761 -6.64529927771352 
74.65699013 58.32419095 20.761 -6.64499512733833 
76.81443252 59.59716672 20.761 -6.64461985734886 
78.97187492 60.87014249 20.761 -6.64417459013916 
81.12931731 62.14311826 20.761 -6.64366175255432 
83.28675971 63.41609403 20.761 -6.64308497962749 
85.4442021 64.6890698 20.761 -6.64244908602024 
87.6016445 65.96204557 20.761 -6.6417599713181 
89.75908689 67.23502134 20.761 -6.64102457025545 
91.91652929 68.50799711 20.761 -6.6402507499962 
94.07397168 69.78097288 20.761 -6.6394472437503 
96.23141408 71.05394865 20.761 -6.63862355136638 
98.38885647 72.32692442 20.761 -6.63778983661168 
100.54629887 73.59990019 20.761 -6.63695682797024 
102.70374126 74.87287597 20.761 -6.6361356343473 
104.86118366 76.14585174 20.761 -6.63533766624415 
107.01862605 77.41882751 20.761 -6.63457438865872 
109.17606845 78.69180328 20.761 -6.63385721702584 
111.33351084 79.96477905 20.761 -6.63319723286486 
113.49095324 81.23775482 20.761 -6.63260505241515 
115.64839563 82.51073059 20.761 -6.63209055082085 
117.80583803 83.78370636 20.761 -6.63166272366565 
119.96328042 85.05668213 20.761 -6.63132942771308 
122.12072282 86.3296579 20.761 -6.63109728485994 
124.27816521 87.60263367 20.761 -6.63097141322024 
126.43560761 88.87560944 20.761 -6.63095518273238 
128.59305 90.14858521 20.761 -6.63104998754606 
130.7504924 91.42156098 20.761 -6.63125524010027 
132.90793479 92.69453675 20.761 -6.63156831907038 
135.06537719 93.96751252 20.761 -6.63198467818702 
137.22281958 95.24048829 20.761 -6.63249791530397 
139.38026198 96.51346406 20.761 -6.63309997854707 
141.53770437 97.78643983 20.761 -6.6337813111947 
143.69514677 99.05941561 20.761 -6.63453113615479 
145.85258916 100.33239138 20.761 -6.63533766270577 
148.01003156 101.60536715 20.761 -6.6361884065838 
150.16747395 102.87834292 20.761 -6.63707043811734 
152.32491635 104.15131869 20.761 -6.63797075770776 
154.48235874 105.42429446 20.761 -6.63887656222584 
156.63980114 106.69727023 20.761 -6.63977555105791 
158.79724353 107.970246 20.761 -6.64065608719686 
160.95468593 109.24322177 20.761 -6.64150743845312 
163.11212832 110.51619754 20.761 -6.64231987417615 
165.26957072 111.78917331 20.761 -6.64308481775247 
167.42701311 113.06214908 20.761 -6.64379484746046 
169.58445551 114.33512485 20.761 -6.64444378046673 
12.11486883 18.9030058 20.761 -6.64581035400166 
14.27231123 20.17598157 20.761 -6.6455393895442 
16.42975362 21.44895734 20.761 -6.64528217440876 
18.58719602 22.72193311 20.761 -6.64504489532376 
20.74463841 23.99490888 20.761 -6.64483282278422 
22.90208081 25.26788465 20.761 -6.64465037736503 
25.0595232 26.54086042 20.761 -6.64450107553842 
27.2169656 27.81383619 20.761 -6.64438757675893 
29.37440799 29.08681196 20.761 -6.64431160234892 
31.53185039 30.35978773 20.761 -6.64427396729066 
33.68929278 31.6327635 20.761 -6.64427449230497 
35.84673518 32.90573927 20.761 -6.64431203646819 
38.00417757 34.17871504 20.761 -6.64438439629524 
40.16161997 35.45169081 20.761 -6.64448840325385 
42.31906236 36.72466658 20.761 -6.6446198503257 
44.47650476 37.99764235 20.761 -6.64477363163653 
46.63394715 39.27061813 20.761 -6.6449436400444 
48.79138955 40.5435939 20.761 -6.64512301142628 
50.94883194 41.81656967 20.761 -6.6453041320911 
53.10627434 43.08954544 20.761 -6.6454789605986 
55.26371673 44.36252121 20.761 -6.64563907525742 
57.42115913 45.63549698 20.761 -6.6457760127027 
59.57860152 46.90847275 20.761 -6.64588135370652 
61.73604392 48.18144852 20.761 -6.64594704977693 
63.89348631 49.45442429 20.761 -6.64596549348253 
66.05092871 50.72740006 20.761 -6.64592983352478 
68.2083711 52.00037583 20.761 -6.64583403925546 
70.3658135 53.2733516 20.761 -6.64567332825069 
72.52325589 54.54632737 20.761 -6.64544418958365 
74.68069829 55.81930314 20.761 -6.64514454510281 
76.83814068 57.09227891 20.761 -6.64477361836668 
78.99558308 58.36525468 20.761 -6.64433203913412 
81.15302547 59.63823045 20.761 -6.64382167342035 
83.31046787 60.91120622 20.761 -6.64324571113152 
85.46791026 62.18418199 20.761 -6.64260847413586 
87.62535266 63.45715777 20.761 -6.64191546716605 
89.78279505 64.73013354 20.761 -6.64117319904865 
91.94023745 66.00310931 20.761 -6.64038921690754 
94.09767984 67.27608508 20.761 -6.63957192441678 
96.25512224 68.54906085 20.761 -6.63873059687571 
98.41256463 69.82203662 20.761 -6.63787517807331 
100.57000703 71.09501239 20.761 -6.6370162889674 
102.72744942 72.36798816 20.761 -6.636164985953 
104.88489182 73.64096393 20.761 -6.63533273234448 
107.04233421 74.9139397 20.761 -6.63453112786084 
109.19977661 76.18691547 20.761 -6.63377183966541 
111.357219 77.45989124 20.761 -6.63306628712612 
113.5146614 78.73286701 20.761 -6.63242555474213 
115.67210379 80.00584278 20.761 -6.63186005955121 
117.82954619 81.27881855 20.761 -6.63137945133581 
119.98698858 82.55179432 20.761 -6.63099229168015 
122.14443098 83.82477009 20.761 -6.63070597641573 
124.30187337 85.09774586 20.761 -6.63052645731118 
126.45931577 86.37072163 20.761 -6.63045805851371 
128.61675816 87.64369741 20.761 -6.63050309614743 
130.77420056 88.91667318 20.761 -6.63066192205807 
132.93164295 90.18964895 20.761 -6.63093276273665 
135.08908535 91.46262472 20.761 -6.63131189867272 
137.24652774 92.73560049 20.761 -6.63179360906 
139.40397014 94.00857626 20.761 -6.63237045307374 
141.56141253 95.28155203 20.761 -6.63303333281231 
143.71885493 96.5545278 20.761 -6.6337718407677 
145.87629732 97.82750357 20.761 -6.63457438685169 
148.03373972 99.10047934 20.761 -6.6354286052834 
150.19118211 100.37345511 20.761 -6.63632152324067 
152.34862451 101.64643088 20.761 -6.63724003303081 
154.5060669 102.91940665 20.761 -6.63817107452881 
156.6635093 104.19238242 20.761 -6.63910202430762 
158.82095169 105.46535819 20.761 -6.64002080199323 
160.97839409 106.73833396 20.761 -6.64091620183593 
163.13583648 108.01130973 20.761 -6.6417779222482 
165.29327888 109.2842855 20.761 -6.64259682829158 
167.45072127 110.55726127 20.761 -6.64336489373979 
169.60816367 111.83023705 20.761 -6.64407534596574 
171.76560606 113.10321282 20.761 -6.64472254249815 
173.92304846 114.37618859 20.761 -6.64530202764529 
9.9811346 15.12514222 20.761 -6.64651294562108 
12.13857699 16.39811799 20.761 -6.64624509809993 
14.29601939 17.67109376 20.761 -6.64597934209154 
16.45346178 18.94406953 20.761 -6.64572306075228 
18.61090418 20.2170453 20.761 -6.64548279538764 
20.76834657 21.49002107 20.761 -6.64526413566941 
22.92578897 22.76299684 20.761 -6.64507182787687 
25.08323136 24.03597261 20.761 -6.64490968415751 
27.24067376 25.30894838 20.761 -6.64478069859419 
29.39811615 26.58192415 20.761 -6.64468693290989 
31.55555855 27.85489992 20.761 -6.64462959087108 
33.71300094 29.1278757 20.761 -6.6446088899616 
35.87044334 30.40085147 20.761 -6.64462413385514 
38.02788573 31.67382724 20.761 -6.64467357724705 
40.18532813 32.94680301 20.761 -6.64475453360053 
42.34277052 34.21977878 20.761 -6.64486326502008 
44.50021292 35.49275455 20.761 -6.64499512899838 
46.65765531 36.76573032 20.761 -6.64514454391363 
48.81509771 38.03870609 20.761 -6.6453051131815 
50.9725401 39.31168186 20.761 -6.64546967353953 
53.1299825 40.58465763 20.761 -6.6456305053838 
55.28742489 41.8576334 20.761 -6.6457794613085 
57.44486729 43.13060917 20.761 -6.64590822109748 
59.60230968 44.40358494 20.761 -6.64600844354074 
61.75975208 45.67656071 20.761 -6.64607202601461 
63.91719447 46.94953648 20.761 -6.64609124675576 
66.07463687 48.22251225 20.761 -6.64605900376134 
68.23207926 49.49548802 20.761 -6.64596894681316 
70.38952166 50.76846379 20.761 -6.64581575916016 
72.54696405 52.04143956 20.761 -6.64559537620061 
74.70440645 53.31441534 20.761 -6.64530511544957 
76.86184884 54.58739111 20.761 -6.64494364310981 
79.01929124 55.86036688 20.761 -6.64451100530184 
81.17673363 57.13334265 20.761 -6.64400855545784 
83.33417603 58.40631842 20.761 -6.64343894646949 
85.49161842 59.67929419 20.761 -6.64280602421247 
87.64906082 60.95226996 20.761 -6.64211482571388 
89.80650321 62.22524573 20.761 -6.64137144537338 
91.96394561 63.4982215 20.761 -6.64058303447254 
94.121388 64.77119727 20.761 -6.63975765825846 
96.2788304 66.04417304 20.761 -6.63890427994992 
98.43627279 67.31714881 20.761 -6.63803261045483 
100.59371519 68.59012458 20.761 -6.6371530779046 
102.75115758 69.86310035 20.761 -6.63627664185021 
104.90859998 71.13607612 20.761 -6.63541473060976 
107.06604237 72.40905189 20.761 -6.63457901392304 
109.22348477 73.68202766 20.761 -6.63378131296358 
111.38092716 74.95500343 20.761 -6.63303333499615 
113.53836956 76.2279792 20.761 -6.63234653101067 
115.69581195 77.50095498 20.761 -6.63173181199903 
117.85325435 78.77393075 20.761 -6.63119940127325 
120.01069674 80.04690652 20.761 -6.63075854254831 
122.16813914 81.31988229 20.761 -6.63041737966253 
124.32558153 82.59285806 20.761 -6.63018268538726 
126.48302393 83.86583383 20.761 -6.63005968930258 
128.64046632 85.1388096 20.761 -6.63005169638961 
130.79790872 86.41178537 20.761 -6.6301599986852 
132.95535111 87.68476114 20.761 -6.63038377522144 
135.11279351 88.95773691 20.761 -6.63072014956219 
137.2702359 90.23071268 20.761 -6.6311642049523 
139.4276783 91.50368845 20.761 -6.63170916619804 
141.58512069 92.77666422 20.761 -6.63234652186577 
143.74256309 94.04963999 20.761 -6.63306628963915 
145.90000548 95.32261576 20.761 -6.63385721313291 
148.05744788 96.59559153 20.761 -6.6347070826052 
150.21489027 97.8685673 20.761 -6.6356030089099 
152.37233267 99.14154307 20.761 -6.63653181629819 
154.52977506 100.41451884 20.761 -6.63748028650226 
156.68721746 101.68749462 20.761 -6.63843548518641 
158.84465985 102.96047039 20.761 -6.63938496725386 
161.00210225 104.23344616 20.761 -6.64031704173325 
163.15954464 105.50642193 20.761 -6.64122091639924 
165.31698704 106.7793977 20.761 -6.64208687327055 
167.47442943 108.05237347 20.761 -6.64290631866479 
169.63187183 109.32534924 20.761 -6.64367188296398 
171.78931422 110.59832501 20.761 -6.64437735297494 
173.94675662 111.87130078 20.761 -6.64501769995971 
176.10419901 113.14427655 20.761 -6.64558892797886 
178.2616414 114.41725232 20.761 -6.64608805512993 
7.84740036 11.34727864 20.761 -6.6471087785089 
10.00484275 12.62025441 20.761 -6.64686232513947 
12.16228515 13.89323018 20.761 -6.64660472243592 
14.31972754 15.16620595 20.761 -6.64634462502853 
16.47716994 16.43918172 20.761 -6.6460898382928 
18.63461233 17.7121575 20.761 -6.64584726690102 
20.79205473 18.98513327 20.761 -6.64562288379483 
22.94949712 20.25810904 20.761 -6.6454217541218 
25.10693952 21.53108481 20.761 -6.64524805302409 
27.26438191 22.80406058 20.761 -6.64510508522633 
29.42182431 24.07703635 20.761 -6.64499527283189 
31.5792667 25.35001212 20.761 -6.64492017313407 
33.7367091 26.62298789 20.761 -6.6448804211427 
35.89415149 27.89596366 20.761 -6.64487572376442 
38.05159389 29.16893943 20.761 -6.64490481230222 
40.20903628 30.4419152 20.761 -6.64496543798439 
42.36647868 31.71489097 20.761 -6.6450543472624 
44.52392107 32.98786674 20.761 -6.6451673372566 
46.68136347 34.26084251 20.761 -6.6452992744535 
48.83880586 35.53381828 20.761 -6.64544419378129 
50.99624826 36.80679405 20.761 -6.64559537759682 
53.15369065 38.07976982 20.761 -6.64574544403604 
55.31113305 39.35274559 20.761 -6.64588655366012 
57.46857544 40.62572136 20.761 -6.64601054427186 
59.62601784 41.89869714 20.761 -6.6461091856649 
61.78346023 43.17167291 20.761 -6.6461743331494 
63.94090263 44.44464868 20.761 -6.64619817786561 
66.09834502 45.71762445 20.761 -6.64617339228364 
68.25578742 46.99060022 20.761 -6.64609334446978 
70.41322981 48.26357599 20.761 -6.64595223535939 
72.57067221 49.53655176 20.761 -6.64574544764115 
74.7281146 50.80952753 20.761 -6.64546967462926 
76.885557 52.0825033 20.761 -6.64512300621187 
79.04299939 53.35547907 20.761 -6.64470487767243 
81.20044179 54.62845484 20.761 -6.6442160952099 
83.35788418 55.90143061 20.761 -6.64365873389771 
85.51532658 57.17440638 20.761 -6.64303615560724 
87.67276897 58.44738215 20.761 -6.64235287539407 
89.83021137 59.72035792 20.761 -6.64161456605372 
91.98765376 60.99333369 20.761 -6.64082791593149 
94.14509616 62.26630946 20.761 -6.64000063896826 
96.30253855 63.53928523 20.761 -6.63914132600976 
98.45998095 64.812261 20.761 -6.63825942810712 
100.61742334 66.08523678 20.761 -6.63736509674782 
102.77486574 67.35821255 20.761 -6.63646915519731 
104.93230813 68.63118832 20.761 -6.63558289531113 
107.08975053 69.90416409 20.761 -6.63471802373794 
109.24719292 71.17713986 20.761 -6.63388640923827 
111.40463532 72.45011563 20.761 -6.63309997837385 
113.56207771 73.7230914 20.761 -6.63237044748739 
115.71952011 74.99606717 20.761 -6.63170916952612 
117.8769625 76.26904294 20.761 -6.63112684516424 
120.0344049 77.54201871 20.761 -6.63063337063464 
122.19184729 78.81499448 20.761 -6.63023755183582 
124.34928969 80.08797025 20.761 -6.62994697425044 
126.50673208 81.36094602 20.761 -6.6297677274671 
128.66417448 82.63392179 20.761 -6.62970413876648 
130.82161687 83.90689756 20.761 -6.62975847309136 
132.97905927 85.17987333 20.761 -6.62993090455431 
135.13650166 86.4528491 20.761 -6.63021946160384 
137.29394406 87.72582487 20.761 -6.63062011966427 
139.45138645 88.99880064 20.761 -6.63112684749923 
141.60882885 90.27177642 20.761 -6.63173181581728 
143.76627124 91.54475219 20.761 -6.63242555448371 
145.92371364 92.81772796 20.761 -6.63319723665155 
148.08115603 94.09070373 20.761 -6.6340349140461 
150.23859843 95.3636795 20.761 -6.63492587868098 
152.39604082 96.63665527 20.761 -6.63585694993171 
154.55348322 97.90963104 20.761 -6.63681483189471 
156.71092561 99.18260681 20.761 -6.63778633757436 
158.86836801 100.45558258 20.761 -6.63875871348769 
161.0258104 101.72855835 20.761 -6.63971982395292 
163.1832528 103.00153412 20.761 -6.64065840450732 
165.34069519 104.27450989 20.761 -6.64156416916346 
167.49813759 105.54748566 20.761 -6.64242797958177 
169.65557998 106.82046143 20.761 -6.64324185776617 
171.81302238 108.0934372 20.761 -6.64399905425036 
173.97046477 109.36641297 20.761 -6.64469394330859 
176.12790717 110.63938874 20.761 -6.64532203276684 
178.28534956 111.91236451 20.761 -6.64587978776719 
180.44279196 113.18534028 20.761 -6.64636460552378 
182.60023435 114.45831606 20.761 -6.64677462080197 
5.71366612 7.56941507 20.761 -6.64757199379273 
7.87110852 8.84239084 20.761 -6.6473667365986 
10.02855091 10.11536661 20.761 -6.64713569050449 
12.18599331 11.38834238 20.761 -6.64688855572807 
14.3434357 12.66131815 20.761 -6.64663434888685 
16.5008781 13.93429392 20.761 -6.6463813354999 
18.65832049 15.20726969 20.761 -6.64613680811657 
20.81576289 16.48024546 20.761 -6.64590717356456 
22.97320528 17.75322123 20.761 -6.64569784939388 
25.13064768 19.026197 20.761 -6.64551340143989 
27.28809007 20.29917277 20.761 -6.64535745368914 
29.44553247 21.57214854 20.761 -6.64523282111789 
31.60297486 22.84512431 20.761 -6.64514139671878 
33.76041726 24.11810008 20.761 -6.64508424637978 
35.91785965 25.39107585 20.761 -6.64506146212629 
38.07530205 26.66405162 20.761 -6.64507224512858 
40.23274444 27.93702739 20.761 -6.6451147715707 
42.39018684 29.21000316 20.761 -6.64518629275962 
44.54762923 30.48297894 20.761 -6.64528301844188 
46.70507163 31.75595471 20.761 -6.64540028617297 
48.86251402 33.02893048 20.761 -6.64553249156913 
51.01995642 34.30190625 20.761 -6.64567332814367 
53.17739881 35.57488202 20.761 -6.64581575337814 
55.33484121 36.84785779 20.761 -6.64595224110053 
57.4922836 38.12083356 20.761 -6.64607482028813 
59.649726 39.39380933 20.761 -6.6461753927266 
61.80716839 40.6667851 20.761 -6.64624580426164 
63.96461079 41.93976087 20.761 -6.6462781743632 
66.12205318 43.21273664 20.761 -6.64626495259953 
68.27949558 44.48571241 20.761 -6.64619923531518 
70.43693797 45.75868818 20.761 -6.64607481818202 
72.59438037 47.03166395 20.761 -6.64588655208936 
74.75182276 48.30463972 20.761 -6.64563049634357 
76.90926516 49.57761549 20.761 -6.64530413970763 
79.06670755 50.85059126 20.761 -6.64490627595769 
81.22414995 52.12356703 20.761 -6.64443712977104 
83.38159234 53.3965428 20.761 -6.64389818769901 
85.53903474 54.66951858 20.761 -6.64329226632736 
87.69647713 55.94249435 20.761 -6.64262334805912 
89.85391953 57.21547012 20.761 -6.64189662076614 
92.01136192 58.48844589 20.761 -6.64111831419744 
94.16880432 59.76142166 20.761 -6.64029572888699 
96.32624671 61.03439743 20.761 -6.63943705565814 
98.48368911 62.3073732 20.761 -6.63855142011807 
100.6411315 63.58034897 20.761 -6.63764867441343 
102.7985739 64.85332474 20.761 -6.63673941906527 
104.95601629 66.12630051 20.761 -6.63583477917531 
107.11345869 67.39927628 20.761 -6.63494638391536 
109.27090108 68.67225205 20.761 -6.63408609886345 
111.42834348 69.94522782 20.761 -6.63326596863372 
113.58578587 71.21820359 20.761 -6.63249790999664 
115.74322827 72.49117936 20.761 -6.63179361349537 
117.90067066 73.76415513 20.761 -6.63116420300407 
120.05811306 75.0371309 20.761 -6.63062012173123 
122.21555545 76.31010667 20.761 -6.63017080395628 
124.37299785 77.58308244 20.761 -6.62982457584576 
126.53044024 78.85605821 20.761 -6.62958834210163 
128.68788264 80.12903399 20.761 -6.62946740984184 
130.84532503 81.40200976 20.761 -6.62946505809109 
133.00276743 82.67498553 20.761 -6.62958251832056 
135.16020982 83.9479613 20.761 -6.62981879744853 
137.31765222 85.22093707 20.761 -6.63017080944181 
139.47509461 86.49391284 20.761 -6.63063336488009 
141.63253701 87.76688861 20.761 -6.63119939905065 
143.7899794 89.03986438 20.761 -6.63186006250505 
145.9474218 90.31284015 20.761 -6.6326050524621 
148.10486419 91.58581592 20.761 -6.63342278434756 
150.26230659 92.85879169 20.761 -6.63430081762501 
152.41974898 94.13176746 20.761 -6.63522607424962 
154.57719138 95.40474323 20.761 -6.63618524155853 
156.73463377 96.677719 20.761 -6.63716496808775 
158.89207617 97.95069477 20.761 -6.63815223835151 
161.04951856 99.22367054 20.761 -6.63913452345117 
163.20696096 100.49664631 20.761 -6.64010011233859 
165.36440335 101.76962208 20.761 -6.64103819034321 
167.52184575 103.04259785 20.761 -6.64193907022214 
169.67928814 104.31557363 20.761 -6.64279418069744 
171.83673054 105.5885494 20.761 -6.64359620165096 
173.99417293 106.86152517 20.761 -6.6443389556402 
176.15161533 108.13450094 20.761 -6.64501742588442 
178.30905772 109.40747671 20.761 -6.64562757855107 
180.46650012 110.68045248 20.761 -6.64616633684125 
182.62394251 111.95342825 20.761 -6.64663137995103 
184.78138491 113.22640402 20.761 -6.64702114586438 
186.9388273 114.49937979 20.761 -6.6473347283452 
3.57993189 3.79155149 20.761 -6.64787728812485 
5.73737428 5.06452726 20.761 -6.64773366658278 
7.89481668 6.33750303 20.761 -6.6475490237467 
10.05225907 7.6104788 20.761 -6.64733342543354 
12.20970147 8.88345457 20.761 -6.64709681296749 
14.36714386 10.15643034 20.761 -6.6468485794493 
16.52458626 11.42940611 20.761 -6.64659739915331 
18.68202865 12.70238188 20.761 -6.64635102234912 
20.83947105 13.97535765 20.761 -6.64611628275228 
22.99691344 15.24833342 20.761 -6.64589902346614 
25.15435584 16.52130919 20.761 -6.64570419912307 
27.31179823 17.79428496 20.761 -6.64553583147856 
29.46924063 19.06726073 20.761 -6.64539710503073 
31.62668302 20.34023651 20.761 -6.64529030282573 
33.78412542 21.61321228 20.761 -6.64521687510216 
35.94156781 22.88618805 20.761 -6.64517734112268 
38.09901021 24.15916382 20.761 -6.64517133761265 
40.2564526 25.43213959 20.761 -6.64519750503247 
42.413895 26.70511536 20.761 -6.64525354133695 
44.57133739 27.97809113 20.761 -6.64533613595751 
46.72877979 29.2510669 20.761 -6.64544104811917 
48.88622218 30.52404267 20.761 -6.64556310557956 
51.04366458 31.79701844 20.761 -6.64569634054981 
53.20110697 33.06999421 20.761 -6.64583404155249 
55.35854937 34.34296998 20.761 -6.64596894818652 
57.51599176 35.61594575 20.761 -6.64609333745936 
59.67343416 36.88892152 20.761 -6.6461992300195 
61.83087655 38.16189729 20.761 -6.6462785226462 
63.98831895 39.43487306 20.761 -6.64632322547789 
66.14576134 40.70784883 20.761 -6.64632562440935 
68.30320374 41.9808246 20.761 -6.64627852652649 
70.46064613 43.25380037 20.761 -6.64617538785289 
72.61808853 44.52677615 20.761 -6.64601054845201 
74.77553092 45.79975192 20.761 -6.64577946476206 
76.93297332 47.07272769 20.761 -6.64547895865918 
79.09041571 48.34570346 20.761 -6.64510721187201 
81.24785811 49.61867923 20.761 -6.64466379493621 
83.4053005 50.891655 20.761 -6.64414959755061 
85.5627429 52.16463077 20.761 -6.64356684072032 
87.72018529 53.43760654 20.761 -6.64291895807629 
89.87762769 54.71058231 20.761 -6.64221060654826 
92.03507008 55.98355808 20.761 -6.64144752888766 
94.19251248 57.25653385 20.761 -6.64063655544389 
96.34995487 58.52950962 20.761 -6.63978546735291 
98.50739727 59.80248539 20.761 -6.63890299547119 
100.66483966 61.07546116 20.761 -6.63799867034639 
102.82228206 62.34843693 20.761 -6.63708279744929 
104.97972445 63.6214127 20.761 -6.63616628537457 
107.13716685 64.89438847 20.761 -6.63526060110376 
109.29460924 66.16736424 20.761 -6.63437755626298 
111.45205164 67.44034001 20.761 -6.63352921035491 
113.60949403 68.71331579 20.761 -6.632727613799 
115.76693643 69.98629156 20.761 -6.63198468154214 
117.92437882 71.25926733 20.761 -6.63131189287201 
120.08182122 72.5322431 20.761 -6.63072014946438 
122.23926361 73.80521887 20.761 -6.63021946159716 
124.39670601 75.07819464 20.761 -6.62981880315027 
126.5541484 76.35117041 20.761 -6.62952584667694 
128.7115908 77.62414618 20.761 -6.62934679437258 
130.86903319 78.89712195 20.761 -6.62928595907602 
133.02647558 80.17009772 20.761 -6.62934561681355 
135.18391798 81.44307349 20.761 -6.629525848536 
137.34136037 82.71604926 20.761 -6.62982457177859 
139.49880277 83.98902503 20.761 -6.63023755057455 
141.65624516 85.2620008 20.761 -6.63075854321697 
143.81368756 86.53497657 20.761 -6.63137945101927 
145.97112995 87.80795234 20.761 -6.63209055493701 
148.12857235 89.08092811 20.761 -6.63288078192215 
150.28601474 90.35390388 20.761 -6.63373803049709 
152.44345714 91.62687965 20.761 -6.63464944903961 
154.60089953 92.89985543 20.761 -6.63560176280317 
156.75834193 94.1728312 20.761 -6.63658156129689 
158.91578432 95.44580697 20.761 -6.63757559994199 
161.07322672 96.71878274 20.761 -6.63857105909418 
163.23066911 97.99175851 20.761 -6.63955579093749 
165.38811151 99.26473428 20.761 -6.64051850276216 
167.5455539 100.53771005 20.761 -6.64144894551972 
169.7029963 101.81068582 20.761 -6.6423379934737 
171.86043869 103.08366159 20.761 -6.64317772713086 
174.01788109 104.35663736 20.761 -6.64396141770371 
176.17532348 105.62961313 20.761 -6.64468350036487 
178.33276588 106.9025889 20.761 -6.64533946217879 
180.49020827 108.17556467 20.761 -6.64592576168514 
182.64765067 109.44854044 20.761 -6.64643966974328 
184.80509306 110.72151621 20.761 -6.64687919918504 
186.96253546 111.99449198 20.761 -6.6472429958591 
189.11997785 113.26746775 20.761 -6.64753039484088 
191.27742025 114.54044352 20.761 -6.64774147650684 
1.44619765 0.01368791 20.761 -6.64800345756952 
3.60364004 1.28666368 20.761 -6.64794016579147 
5.76108244 2.55963945 20.761 -6.64782164011597 
7.91852483 3.83261522 20.761 -6.64765720703921 
10.07596723 5.10559099 20.761 -6.64745687242719 
12.23340962 6.37856676 20.761 -6.64723067716461 
14.39085202 7.65154253 20.761 -6.64698834084991 
16.54829441 8.92451831 20.761 -6.64673889109758 
18.70573681 10.19749408 20.761 -6.64649055410327 
20.8631792 11.47046985 20.761 -6.64625058717415 
23.0206216 12.74344562 20.761 -6.64602533186712 
25.17806399 14.01642139 20.761 -6.64582014266836 
27.33550639 15.28939716 20.761 -6.64563949382005 
29.49294878 16.56237293 20.761 -6.64548694396113 
31.65039118 17.8353487 20.761 -6.64536521862184 
33.80783357 19.10832447 20.761 -6.64527614136667 
35.96527597 20.38130024 20.761 -6.64522069485638 
38.12271836 21.65427601 20.761 -6.6451989179768 
40.28016076 22.92725178 20.761 -6.64520994012311 
42.43760315 24.20022755 20.761 -6.64525189328814 
44.59504555 25.47320332 20.761 -6.6453219645431 
46.75248794 26.74617909 20.761 -6.64541633987746 
48.90993034 28.01915486 20.761 -6.64553029279421 
51.06737273 29.29213063 20.761 -6.6456582084682 
53.22481513 30.5651064 20.761 -6.64579373075478 
55.38225752 31.83808217 20.761 -6.64592982989987 
57.53969992 33.11105795 20.761 -6.64605900610858 
59.69714231 34.38403372 20.761 -6.64617339567262 
61.85458471 35.65700949 20.761 -6.64626495815346 
64.0120271 36.92998526 20.761 -6.64632562425402 
66.1694695 38.20296103 20.761 -6.64634753955821 
68.32691189 39.4759368 20.761 -6.64632322137817 
70.48435429 40.74891257 20.761 -6.6462458099256 
72.64179668 42.02188834 20.761 -6.64610918053092 
74.79923908 43.29486411 20.761 -6.6459082232692 
76.95668147 44.56783988 20.761 -6.6456390770309 
79.11412387 45.84081565 20.761 -6.64529927772778 
81.27156626 47.11379142 20.761 -6.64488770891657 
83.42900866 48.38676719 20.761 -6.64440464415063 
85.58645105 49.65974296 20.761 -6.64385165674167 
87.74389345 50.93271873 20.761 -6.64323162507359 
89.90133584 52.2056945 20.761 -6.6425486030983 
92.05877824 53.47867027 20.761 -6.64180784174628 
94.21622063 54.75164604 20.761 -6.64101564392295 
96.37366303 56.02462181 20.761 -6.64017936804902 
98.53110542 57.29759759 20.761 -6.6393072833935 
100.68854782 58.57057336 20.761 -6.63840857344023 
102.84599021 59.84354913 20.761 -6.6374931724594 
105.00343261 61.1165249 20.761 -6.63657175430699 
107.160875 62.38950067 20.761 -6.63565553494579 
109.3183174 63.66247644 20.761 -6.63475621707829 
111.47575979 64.93545221 20.761 -6.63388577319654 
113.63320219 66.20842798 20.761 -6.63305633428836 
115.79064458 67.48140375 20.761 -6.63227992421052 
117.94808698 68.75437952 20.761 -6.63156832284362 
120.10552937 70.02735529 20.761 -6.6309327647281 
122.26297177 71.30033106 20.761 -6.63038377903663 
124.42041416 72.57330683 20.761 -6.6299308983657 
126.57785656 73.8462826 20.761 -6.62958251504211 
128.73529895 75.11925837 20.761 -6.62934560970929 
130.89274135 76.39223414 20.761 -6.62922551073533 
133.05018374 77.66520991 20.761 -6.62922550493145 
135.20762614 78.93818568 20.761 -6.62934679520622 
137.36506853 80.21116145 20.761 -6.62958834206136 
139.52251093 81.48413723 20.761 -6.62994697840087 
141.67995332 82.757113 20.761 -6.63041737721639 
143.83739572 84.03008877 20.761 -6.63099229922377 
145.99483811 85.30306454 20.761 -6.6316627167534 
148.15228051 86.57604031 20.761 -6.63241818696074 
150.3097229 87.84901608 20.761 -6.6332470256868 
152.4671653 89.12199185 20.761 -6.63413672220102 
154.62460769 90.39496762 20.761 -6.63507412632825 
156.78205009 91.66794339 20.761 -6.63604586804682 
158.93949248 92.94091916 20.761 -6.63703854598313 
161.09693488 94.21389493 20.761 -6.63803911642496 
163.25437727 95.4868707 20.761 -6.63903503314978 
165.41181967 96.75984647 20.761 -6.64001458621666 
167.56926206 98.03282224 20.761 -6.64096696916445 
169.72670446 99.30579801 20.761 -6.64188252797898 
171.88414685 100.57877378 20.761 -6.6427527252003 
174.04158925 101.85174955 20.761 -6.64357028132794 
176.19903164 103.12472532 20.761 -6.6443290483275 
178.35647404 104.39770109 20.761 -6.64502404696937 
180.51391643 105.67067687 20.761 -6.64565123602071 
182.67135883 106.94365264 20.761 -6.64620752144444 
184.82880122 108.21662841 20.761 -6.64669049787063 
186.98624362 109.48960418 20.761 -6.64709849897012 
189.14368601 110.76257995 20.761 -6.64743041495439 
191.30112841 112.03555572 20.761 -6.64768587558326 
193.4585708 113.30853149 20.761 -6.64786527266861 
195.6160132 114.58150726 20.761 -6.64797014378972 
5.7847906 0.05475165 20.761 -6.64783925839652 
7.94223299 1.32772742 20.761 -6.64769415999522 
10.09967539 2.60070319 20.761 -6.64750854866666 
12.25711778 3.87367896 20.761 -6.64729242133029 
14.41456018 5.14665473 20.761 -6.64705568661651 
16.57200257 6.4196305 20.761 -6.64680768662915 
18.72944497 7.69260627 20.761 -6.64655707289759 
20.88688736 8.96558204 20.761 -6.64631155815958 
23.04432976 10.23855781 20.761 -6.64607796799468 
25.20177215 11.51153358 20.761 -6.64586211598755 
27.35921455 12.78450935 20.761 -6.64566894730792 
29.51665694 14.05748512 20.761 -6.64550245261595 
31.67409934 15.33046089 20.761 -6.64536580374476 
33.83154173 16.60343666 20.761 -6.64526125003689 
35.98898413 17.87641243 20.761 -6.6451902168024 
38.14642652 19.1493882 20.761 -6.64515318117033 
40.30386892 20.42236397 20.761 -6.64514975146465 
42.46131131 21.69533974 20.761 -6.64517851800638 
44.61875371 22.96831552 20.761 -6.64523714787288 
46.7761961 24.24129129 20.761 -6.64532227128768 
48.9336385 25.51426706 20.761 -6.6454296271015 
51.09108089 26.78724283 20.761 -6.64555398174108 
53.24852329 28.0602186 20.761 -6.6456893407093 
55.40596568 29.33319437 20.761 -6.64582894048294 
57.56340808 30.60617014 20.761 -6.64596550240875 
59.72085047 31.87914591 20.761 -6.64609124447406 
61.87829287 33.15212168 20.761 -6.64619817965968 
64.03573526 34.42509745 20.761 -6.64627816688863 
66.19317766 35.69807322 20.761 -6.64632322737269 
68.35062005 36.97104899 20.761 -6.64632562020709 
70.50806245 38.24402476 20.761 -6.64627817131158 
72.66550484 39.51700053 20.761 -6.64617432486875 
74.82294724 40.7899763 20.761 -6.64600845257725 
76.98038963 42.06295207 20.761 -6.64577600535933 
79.13783203 43.33592784 20.761 -6.64547384928673 
81.29527442 44.60890361 20.761 -6.64510016556557 
83.45271682 45.88187938 20.761 -6.64465457030762 
85.61015921 47.15485516 20.761 -6.64413796339485 
87.76760161 48.42783093 20.761 -6.64355260108245 
89.925044 49.7008067 20.761 -6.64290194430621 
92.0824864 50.97378247 20.761 -6.6421906806892 
94.23992879 52.24675824 20.761 -6.64142457556702 
96.39737119 53.51973401 20.761 -6.64061049544723 
98.55481358 54.79270978 20.761 -6.63975624843188 
100.71225598 56.06568555 20.761 -6.63887059595122 
102.86969837 57.33866132 20.761 -6.63796309479999 
105.02714077 58.61163709 20.761 -6.63704408842555 
107.18458316 59.88461286 20.761 -6.63612451487407 
109.34202556 61.15758863 20.761 -6.63521587885045 
111.49946795 62.4305644 20.761 -6.6343300211094 
113.65691035 63.70354017 20.761 -6.63347904139509 
115.81435274 64.97651594 20.761 -6.63267502489917 
117.97179514 66.24949171 20.761 -6.63192991842081 
120.12923753 67.52246748 20.761 -6.63125523771017 
122.28667993 68.79544325 20.761 -6.63066191700844 
124.44412232 70.06841902 20.761 -6.63015999529836 
126.60156472 71.3413948 20.761 -6.62975847918023 
128.75900711 72.61437057 20.761 -6.62946506138081 
130.91644951 73.88734634 20.761 -6.62928596281775 
133.0738919 75.16032211 20.761 -6.62922550483802 
135.2313343 76.43329788 20.761 -6.62928596292313 
137.38877669 77.70627365 20.761 -6.6294674000401 
139.54621909 78.97924942 20.761 -6.6297677345731 
141.70366148 80.25222519 20.761 -6.63018268367113 
143.86110388 81.52520096 20.761 -6.63070597434209 
146.01854627 82.79817673 20.761 -6.63132942581664 
148.17598867 84.0711525 20.761 -6.63204329101899 
150.33343106 85.34412827 20.761 -6.632836450738 
152.49087346 86.61710404 20.761 -6.63369679267563 
154.64831585 87.89007981 20.761 -6.63461143629482 
156.80575825 89.16305558 20.761 -6.63556710755181 
158.96320064 90.43603135 20.761 -6.63655036842446 
161.12064304 91.70900712 20.761 -6.63754798871431 
163.27808543 92.98198289 20.761 -6.63854713761278 
165.43552783 94.25495866 20.761 -6.63953568951347 
167.59297022 95.52793444 20.761 -6.64050235901623 
169.75041262 96.80091021 20.761 -6.64143692981018 
171.90785501 98.07388598 20.761 -6.64233029093635 
174.06529741 99.34686175 20.761 -6.64317457237579 
176.2227398 100.61983752 20.761 -6.64396306280141 
178.3801822 101.89281329 20.761 -6.64469023539786 
180.53762459 103.16578906 20.761 -6.64535159338057 
182.69506699 104.43876483 20.761 -6.64594360847279 
184.85250938 105.7117406 20.761 -6.64646354121569 
187.00995178 106.98471637 20.761 -6.64690938158411 
189.16739417 108.25769214 20.761 -6.64727972578654 
191.32483657 109.53066791 20.761 -6.64757383164354 
193.48227896 110.80364368 20.761 -6.6477916639312 
195.63972136 112.07661945 20.761 -6.64793415210311 
10.12338355 0.09581538 20.761 -6.64749235896971 
12.28082594 1.36879115 20.761 -6.64728556505975 
14.43826834 2.64176692 20.761 -6.64705384815146 
16.59571073 3.91474269 20.761 -6.64680678304201 
18.75315313 5.18771846 20.761 -6.64655336736579 
20.91059552 6.46069423 20.761 -6.64630175627495 
23.06803792 7.73367 20.761 -6.6460592432437 
25.22548031 9.00664577 20.761 -6.64583215269103 
27.38292271 10.27962154 20.761 -6.64562590683586 
29.5403651 11.55259732 20.761 -6.64544498255769 
31.6978075 12.82557309 20.761 -6.64529300686466 
33.85524989 14.09854886 20.761 -6.64517269633422 
36.01269229 15.37152463 20.761 -6.64508593636342 
38.17013468 16.6445004 20.761 -6.64503367688473 
40.32757708 17.91747617 20.761 -6.64501598375901 
42.48501947 19.19045194 20.761 -6.64503193987576 
44.64246187 20.46342771 20.761 -6.6450796824199 
46.79990426 21.73640348 20.761 -6.64515632836095 
48.95734666 23.00937925 20.761 -6.64525805307982 
51.11478905 24.28235502 20.761 -6.64538005954609 
53.27223145 25.55533079 20.761 -6.6455167094143 
55.42967384 26.82830656 20.761 -6.64566156648721 
57.58711624 28.10128233 20.761 -6.64580755845525 
59.74455863 29.3742581 20.761 -6.64594704296709 
61.90200103 30.64723387 20.761 -6.64607202949936 
64.05944342 31.92020964 20.761 -6.64617433009869 
66.21688582 33.19318541 20.761 -6.64624580983962 
68.37432821 34.46616118 20.761 -6.64627852478056 
70.53177061 35.73913696 20.761 -6.64626496073267 
72.689213 37.01211273 20.761 -6.64619817731891 
74.8466554 38.2850885 20.761 -6.64607202915972 
77.00409779 39.55806427 20.761 -6.64588135550741 
79.16154019 40.83104004 20.761 -6.64562229773917 
81.31898258 42.10401581 20.761 -6.64529234077862 
83.47642497 43.37699158 20.761 -6.64489037934029 
85.63386737 44.64996735 20.761 -6.64441664263741 
87.79130976 45.92294312 20.761 -6.64387270537856 
89.94875216 47.19591889 20.761 -6.64326140968509 
92.10619455 48.46889466 20.761 -6.6425868261367 
94.26363695 49.74187043 20.761 -6.64185416619646 
96.42107934 51.0148462 20.761 -6.64106975166796 
98.57852174 52.28782197 20.761 -6.64024090668046 
100.73596413 53.56079774 20.761 -6.63937592326495 
102.89340653 54.83377351 20.761 -6.63848394289113 
105.05084892 56.10674928 20.761 -6.63757492079991 
107.20829132 57.37972505 20.761 -6.63665948732333 
109.36573371 58.65270082 20.761 -6.63574887003114 
111.52317611 59.9256766 20.761 -6.63485472501685 
113.6806185 61.19865237 20.761 -6.63398902680386 
115.8380609 62.47162814 20.761 -6.63316384928727 
117.99550329 63.74460391 20.761 -6.63239122147887 
120.15294569 65.01757968 20.761 -6.6316828607291 
122.31038808 66.29055545 20.761 -6.63104999456329 
124.46783048 67.56353122 20.761 -6.63050309775892 
126.62527287 68.83650699 20.761 -6.63005170004053 
128.78271527 70.10948276 20.761 -6.62970414006642 
130.94015766 71.38245853 20.761 -6.62946740573078 
133.09760006 72.6554343 20.761 -6.62934679144208 
135.25504245 73.92841007 20.761 -6.62934561461275 
137.41248485 75.20138584 20.761 -6.62946505875271 
139.56992724 76.47436161 20.761 -6.62970413865176 
141.72736964 77.74733738 20.761 -6.63005968756751 
143.88481203 79.02031315 20.761 -6.63052646291624 
146.04225443 80.29328892 20.761 -6.63109728308901 
148.19969682 81.56626469 20.761 -6.6317632345152 
150.35713922 82.83924046 20.761 -6.63251389069565 
152.51458161 84.11221624 20.761 -6.63333762622719 
154.67202401 85.38519201 20.761 -6.63422194909567 
156.8294664 86.65816778 20.761 -6.63515375200579 
158.9869088 87.93114355 20.761 -6.63611969630409 
161.14435119 89.20411932 20.761 -6.63710642289366 
163.30179359 90.47709509 20.761 -6.6381009073878 
165.45923598 91.75007086 20.761 -6.63909064866015 
167.61667838 93.02304663 20.761 -6.6400639542393 
169.77412077 94.2960224 20.761 -6.64101005234285 
171.93156317 95.56899817 20.761 -6.64191930093401 
174.08900556 96.84197394 20.761 -6.64278319840229 
176.24644796 98.11494971 20.761 -6.64359447791937 
178.40389035 99.38792548 20.761 -6.64434702263198 
180.56133275 100.66090125 20.761 -6.64503586395218 
182.71877514 101.93387702 20.761 -6.64565701027542 
184.87621754 103.20685279 20.761 -6.6462073744176 
187.03365993 104.47982856 20.761 -6.64668461401472 
189.19110233 105.75280433 20.761 -6.64708708841687 
191.34854472 107.0257801 20.761 -6.64741376612374 
193.50598712 108.29875588 20.761 -6.64766432426285 
14.46197649 0.13687912 20.761 -6.64698732599903 
16.61941889 1.40985489 20.761 -6.64674035927042 
18.77686128 2.68283066 20.761 -6.64648333533845 
20.93430368 3.95580643 20.761 -6.64622483688426 
23.09174607 5.2287822 20.761 -6.64597257661787 
25.24918847 6.50175797 20.761 -6.64573340541354 
27.40663086 7.77473374 20.761 -6.64551322352196 
29.56407326 9.04770951 20.761 -6.645317049456 
31.72151565 10.32068528 20.761 -6.64514897409621 
33.87895805 11.59366105 20.761 -6.64501224304096 
36.03640044 12.86663682 20.761 -6.64490918655821 
38.19384284 14.13961259 20.761 -6.64484127612935 
40.35128523 15.41258836 20.761 -6.64480903127115 
42.50872763 16.68556413 20.761 -6.64481206058052 
44.66617002 17.9585399 20.761 -6.64484896222157 
46.82361242 19.23151567 20.761 -6.64491737368787 
48.98105481 20.50449144 20.761 -6.64501389930343 
51.13849721 21.77746721 20.761 -6.64513421657916 
53.2959396 23.05044298 20.761 -6.64527305787678 
55.453382 24.32341876 20.761 -6.64542434437212 
57.61082439 25.59639453 20.761 -6.64558121797685 
59.76826679 26.8693703 20.761 -6.64573620721705 
61.92570918 28.14234607 20.761 -6.64588135549872 
64.08315158 29.41532184 20.761 -6.64600845077358 
66.24059397 30.68829761 20.761 -6.6461091794824 
68.39803637 31.96127338 20.761 -6.64617538958154 
70.55547876 33.23424915 20.761 -6.64619923061699 
72.71292116 34.50722492 20.761 -6.64617339598972 
74.87036355 35.78020069 20.761 -6.6460912466327 
77.02780595 37.05317646 20.761 -6.64594704685608 
79.18524834 38.32615223 20.761 -6.64573620328235 
81.34269074 39.599128 20.761 -6.64545550017497 
83.50013313 40.87210377 20.761 -6.64510307045983 
85.65757553 42.14507954 20.761 -6.64467845977786 
87.81501792 43.41805531 20.761 -6.64418251100103 
89.97246032 44.69103108 20.761 -6.643617422469 
92.12990271 45.96400685 20.761 -6.64298659329441 
94.28734511 47.23698262 20.761 -6.64229467207515 
96.4447875 48.5099584 20.761 -6.64154736555222 
98.6022299 49.78293417 20.761 -6.64075150499169 
100.75967229 51.05590994 20.761 -6.63991483881639 
102.91711469 52.32888571 20.761 -6.6390461020873 
105.07455708 53.60186148 20.761 -6.63815478598897 
107.23199948 54.87483725 20.761 -6.637251188058 
109.38944187 56.14781302 20.761 -6.63634617736705 
111.54688427 57.42078879 20.761 -6.63545119819423 
113.70432666 58.69376456 20.761 -6.63457800091236 
115.86176906 59.96674033 20.761 -6.63373860979355 
118.01921145 61.2397161 20.761 -6.6329450075354 
120.17665385 62.51269187 20.761 -6.63220905851083 
122.33409624 63.78566764 20.761 -6.63154216734942 
124.49153864 65.05864341 20.761 -6.63095518378105 
126.64898103 66.33161918 20.761 -6.6304580453335 
128.80642343 67.60459495 20.761 -6.63005969139444 
130.96386582 68.87757072 20.761 -6.62976772785311 
133.12130822 70.15054649 20.761 -6.62958834751118 
135.27875061 71.42352226 20.761 -6.62952584691164 
137.43619301 72.69649804 20.761 -6.62958252249844 
139.5936354 73.96947381 20.761 -6.62975847458689 
141.7510778 75.24244958 20.761 -6.63005170083371 
143.90852019 76.51542535 20.761 -6.63045804870863 
146.06596259 77.78840112 20.761 -6.63097141885053 
148.22340498 79.06137689 20.761 -6.63158382039525 
150.38084738 80.33435266 20.761 -6.63228569681495 
152.53828977 81.60732843 20.761 -6.63306605409757 
154.69573217 82.8803042 20.761 -6.63391288181428 
156.85317456 84.15327997 20.761 -6.63481337460914 
159.01061696 85.42625574 20.761 -6.63575435433463 
161.16805935 86.69923151 20.761 -6.63672245211144 
163.32550175 87.97220728 20.761 -6.6377045155548 
165.48294414 89.24518305 20.761 -6.63868776251862 
167.64038654 90.51815882 20.761 -6.63966012910273 
169.79782893 91.79113459 20.761 -6.6406103583693 
171.95527133 93.06411036 20.761 -6.64152826805528 
174.11271372 94.33708613 20.761 -6.6424047596183 
176.27015612 95.6100619 20.761 -6.64323198479968 
178.42759851 96.88303767 20.761 -6.64400323519136 
180.58504091 98.15601345 20.761 -6.64471301349172 
182.7424833 99.42898922 20.761 -6.6453568359097 
184.8999257 100.70196499 20.761 -6.6459312462669 
187.05736809 101.97494076 20.761 -6.64643356351753 
189.21481049 103.24791653 20.761 -6.6468619068728 
191.37225288 104.5208923 20.761 -6.64721501368919 
18.80056944 0.17794285 20.761 -6.64635202371003 
20.95801184 1.45091862 20.761 -6.64608555464669 
23.11545423 2.72389439 20.761 -6.645822474458 
25.27289663 3.99687016 20.761 -6.64557011532836 
27.43033902 5.26984593 20.761 -6.6453348797709 
29.58778142 6.5428217 20.761 -6.64512232805104 
31.74522381 7.81579747 20.761 -6.64493706502097 
33.90266621 9.08877324 20.761 -6.64478286188285 
36.0601086 10.36174901 20.761 -6.64466255090154 
38.217551 11.63472478 20.761 -6.64457812506667 
40.37499339 12.90770055 20.761 -6.64453060742334 
42.53243579 14.18067633 20.761 -6.64452011233803 
44.68987818 15.4536521 20.761 -6.64454574073581 
46.84732058 16.72662787 20.761 -6.64460562805794 
49.00476297 17.99960364 20.761 -6.64469686948496 
51.16220537 19.27257941 20.761 -6.64481560263757 
53.31964776 20.54555518 20.761 -6.64495696839917 
55.47709016 21.81853095 20.761 -6.64511525626305 
57.63453255 23.09150672 20.761 -6.64528386024142 
59.79197495 24.36448249 20.761 -6.64545550221185 
61.94941734 25.63745826 20.761 -6.64562229204171 
64.10685974 26.91043403 20.761 -6.64577601065465 
66.26430213 28.1834098 20.761 -6.64590821548666 
68.42174453 29.45638557 20.761 -6.64601054283503 
70.57918692 30.72936134 20.761 -6.64607481692815 
72.73662932 32.00233711 20.761 -6.64609334450525 
74.89407171 33.27531288 20.761 -6.64605899814122 
77.05151411 34.54828865 20.761 -6.64596549938504 
79.2089565 35.82126442 20.761 -6.64580755591325 
81.3663989 37.09424019 20.761 -6.64558122094933 
83.52384129 38.36721597 20.761 -6.64528386249091 
85.68128369 39.64019174 20.761 -6.64491428116948 
87.83872608 40.91316751 20.761 -6.64447258709715 
89.99616848 42.18614328 20.761 -6.64396027803432 
92.15361087 43.45911905 20.761 -6.64338007782995 
94.31105327 44.73209482 20.761 -6.6427359838436 
96.46849566 46.00507059 20.761 -6.64203310787557 
98.62593806 47.27804636 20.761 -6.64127769805737 
100.78338045 48.55102213 20.761 -6.64047698677354 
102.94082285 49.8239979 20.761 -6.63963918946349 
105.09826524 51.09697367 20.761 -6.63877335995988 
107.25570764 52.36994944 20.761 -6.63788936281722 
109.41315003 53.64292521 20.761 -6.63699772096661 
111.57059243 54.91590098 20.761 -6.63610955324612 
113.72803482 56.18887675 20.761 -6.63523638801893 
115.88547722 57.46185252 20.761 -6.63439005993854 
118.04291961 58.73482829 20.761 -6.6335824936937 
120.20036201 60.00780406 20.761 -6.63282556180405 
122.3578044 61.28077983 20.761 -6.63213081760883 
124.5152468 62.55375561 20.761 -6.63150933054479 
126.67268919 63.82673138 20.761 -6.63097141639879 
128.83013159 65.09970715 20.761 -6.63052646286298 
130.98757398 66.37268292 20.761 -6.63018268550054 
133.14501638 67.64565869 20.761 -6.62994697420219 
135.30245877 68.91863446 20.761 -6.62982457000672 
137.45990117 70.19161023 20.761 -6.62981880434023 
139.61734356 71.464586 20.761 -6.6299309006246 
141.77478596 72.73756177 20.761 -6.63015999882169 
143.93222835 74.01053754 20.761 -6.63050309570927 
146.08967075 75.28351331 20.761 -6.630955185064 
148.24711314 76.55648908 20.761 -6.63150932224032 
150.40455554 77.82946485 20.761 -6.63215687492407 
152.56199793 79.10244062 20.761 -6.63288767408183 
154.71944033 80.37541639 20.761 -6.63369033755054 
156.87688272 81.64839216 20.761 -6.63455249595086 
159.03432512 82.92136793 20.761 -6.63546121580496 
161.19176751 84.1943437 20.761 -6.63640324573345 
163.34920991 85.46731947 20.761 -6.63736537370839 
165.5066523 86.74029525 20.761 -6.63833463642319 
167.6640947 88.01327102 20.761 -6.63929864440294 
169.82153709 89.28624679 20.761 -6.64024572599695 
171.97897949 90.55922256 20.761 -6.64116519294665 
174.13642188 91.83219833 20.761 -6.64204738951389 
176.29386428 93.1051741 20.761 -6.64288385747526 
178.45130667 94.37814987 20.761 -6.6436673085502 
180.60874907 95.65112564 20.761 -6.64439166929308 
182.76619146 96.92410141 20.761 -6.64505196075753 
184.92363386 98.19707718 20.761 -6.64564427520595 
187.08107625 99.47005295 20.761 -6.6461655973227 
189.23851865 100.74302872 20.761 -6.64661376347497 
23.13916239 0.21900658 20.761 -6.64561449751976 
25.29660479 1.49198235 20.761 -6.6453475839335 
27.45404718 2.76495813 20.761 -6.64509592219807 
29.61148958 4.0379339 20.761 -6.64486558794106 
31.76893197 5.31090967 20.761 -6.64466173609622 
33.92637437 6.58388544 20.761 -6.64448867812932 
36.08381676 7.85686121 20.761 -6.64434979601005 
38.24125915 9.12983698 20.761 -6.64424760177833 
40.39870155 10.40281275 20.761 -6.64418365599621 
42.55614394 11.67578852 20.761 -6.64415859312517 
44.71358634 12.94876429 20.761 -6.64417204260335 
46.87102873 14.22174006 20.761 -6.64422264800106 
49.02847113 15.49471583 20.761 -6.64430801107798 
51.18591352 16.7676916 20.761 -6.64442473133381 
53.34335592 18.04066737 20.761 -6.644568408083 
55.50079831 19.31364314 20.761 -6.64473368720178 
57.65824071 20.58661891 20.761 -6.64491427623447 
59.8156831 21.85959468 20.761 -6.64510307976612 
61.9731255 23.13257045 20.761 -6.64529234267405 
64.13056789 24.40554622 20.761 -6.6454738472426 
66.28801029 25.67852199 20.761 -6.64563908134118 
68.44545268 26.95149777 20.761 -6.64577946741832 
70.60289508 28.22447354 20.761 -6.64588655481838 
72.76033747 29.49744931 20.761 -6.64595223916638 
74.91777987 30.77042508 20.761 -6.64596894872454 
77.07522226 32.04340085 20.761 -6.64592983136471 
79.23266466 33.31637662 20.761 -6.64582894449423 
81.39010705 34.58935239 20.761 -6.64566157358472 
83.54754945 35.86232816 20.761 -6.64542434102315 
85.70499184 37.13530393 20.761 -6.64511525521347 
87.86243424 38.4082797 20.761 -6.64473368865872 
90.01987663 39.68125547 20.761 -6.64428037600647 
92.17731903 40.95423124 20.761 -6.64375734725568 
94.33476142 42.22720701 20.761 -6.6431679020436 
96.49220382 43.50018278 20.761 -6.64251652740665 
98.64964621 44.77315855 20.761 -6.64180885463643 
100.80708861 46.04613432 20.761 -6.64105155195888 
102.964531 47.31911009 20.761 -6.64025228646106 
105.1219734 48.59208586 20.761 -6.63941964576706 
107.27941579 49.86506163 20.761 -6.63856301474612 
109.43685819 51.13803741 20.761 -6.63769253049339 
111.59430058 52.41101318 20.761 -6.63681892905259 
113.75174298 53.68398895 20.761 -6.63595346416434 
115.90918537 54.95696472 20.761 -6.63510772600566 
118.06662777 56.22994049 20.761 -6.63429351825001 
120.22407016 57.50291626 20.761 -6.63352262595844 
122.38151256 58.77589203 20.761 -6.63280667867151 
124.53895495 60.0488678 20.761 -6.63215687533593 
126.69639735 61.32184357 20.761 -6.63158382608885 
128.85383974 62.59481934 20.761 -6.63109728103452 
131.01128214 63.86779511 20.761 -6.63070597441683 
133.16872453 65.14077088 20.761 -6.63041737581223 
135.32616693 66.41374665 20.761 -6.63023755359714 
137.48360932 67.68672242 20.761 -6.63017080241418 
139.64105172 68.95969819 20.761 -6.630219465407 
141.79849411 70.23267396 20.761 -6.63038377527504 
143.95593651 71.50564973 20.761 -6.63066191695893 
146.1133789 72.7786255 20.761 -6.63104999067126 
148.2708213 74.05160127 20.761 -6.63154217761631 
150.42826369 75.32457705 20.761 -6.6321308174516 
152.58570609 76.59755282 20.761 -6.63280668198967 
154.74314848 77.87052859 20.761 -6.63355912904421 
156.90059088 79.14350436 20.761 -6.63437644932227 
159.05803327 80.41648013 20.761 -6.63524606978736 
161.21547567 81.6894559 20.761 -6.63615497328957 
163.37291806 82.96243167 20.761 -6.63708996506647 
165.53036046 84.23540744 20.761 -6.63803801807771 
167.68780285 85.50838321 20.761 -6.63898647131639 
169.84524525 86.78135898 20.761 -6.63992333925632 
172.00268764 88.05433475 20.761 -6.64083743825994 
174.16013004 89.32731052 20.761 -6.64171861782632 
176.31757243 90.60028629 20.761 -6.64255780881419 
178.47501483 91.87326206 20.761 -6.64334716019654 
180.63245722 93.14623783 20.761 -6.64407998528262 
182.78989962 94.4192136 20.761 -6.6447507989482 
184.94734201 95.69218937 20.761 -6.64535517942284 
187.10478441 96.96516514 20.761 -6.64588975387637 
27.47775534 0.26007032 20.761 -6.64480236175863 
29.63519773 1.53304609 20.761 -6.6445525849478 
31.79264013 2.80602186 20.761 -6.64432848708746 
33.95008252 4.07899763 20.761 -6.64413490138947 
36.10752492 5.3519734 20.761 -6.6439758019824 
38.26496731 6.62494917 20.761 -6.64385422441682 
40.42240971 7.89792494 20.761 -6.64377231963154 
42.5798521 9.17090071 20.761 -6.64373122932827 
44.7372945 10.44387648 20.761 -6.64373116609592 
46.89473689 11.71685225 20.761 -6.64377125524589 
49.05217929 12.98982802 20.761 -6.6438496583833 
51.20962168 14.26280379 20.761 -6.64396343477989 
53.36706408 15.53577957 20.761 -6.6441086722983 
55.52450647 16.80875534 20.761 -6.64428037362488 
57.68194887 18.08173111 20.761 -6.64447259463495 
59.83939126 19.35470688 20.761 -6.64467845545749 
61.99683366 20.62768265 20.761 -6.64489038103206 
64.15427605 21.90065842 20.761 -6.64510016581206 
66.31171845 23.17363419 20.761 -6.64529927966185 
68.46916084 24.44660996 20.761 -6.64547895406296 
70.62660324 25.71958573 20.761 -6.64563050743781 
72.78404563 26.9925615 20.761 -6.64574544214655 
74.94148803 28.26553727 20.761 -6.64581576100551 
77.09893042 29.53851304 20.761 -6.64583403937318 
79.25637282 30.81148881 20.761 -6.64579373031223 
81.41381521 32.08446458 20.761 -6.64568933002706 
83.57125761 33.35744035 20.761 -6.64551671024511 
85.7287 34.63041612 20.761 -6.6452730540059 
87.8861424 35.90339189 20.761 -6.64495697610386 
90.04358479 37.17636766 20.761 -6.64456840731937 
92.20102719 38.44934343 20.761 -6.64410867036537 
94.35846958 39.7223192 20.761 -6.64358031522755 
96.51591198 40.99529498 20.761 -6.64298717935168 
98.67335437 42.26827075 20.761 -6.64233420967367 
100.83079677 43.54124652 20.761 -6.64162751634812 
102.98823916 44.81422229 20.761 -6.64087416621416 
105.14568156 46.08719806 20.761 -6.64008223625982 
107.30312395 47.36017383 20.761 -6.63926060450739 
109.46056635 48.6331496 20.761 -6.63841898293582 
111.61800874 49.90612537 20.761 -6.63756768583522 
113.77545114 51.17910114 20.761 -6.63671764658258 
115.93289353 52.45207691 20.761 -6.63588014907639 
118.09033593 53.72505268 20.761 -6.63506680666763 
120.24777832 54.99802845 20.761 -6.6342892619096 
122.40522072 56.27100422 20.761 -6.63355913143939 
124.56266311 57.54397999 20.761 -6.63288767204291 
126.72010551 58.81695576 20.761 -6.6322856969228 
128.8775479 60.08993153 20.761 -6.63176322867928 
131.0349903 61.3629073 20.761 -6.63132943351274 
133.19243269 62.63588307 20.761 -6.63099229159793 
135.34987509 63.90885884 20.761 -6.63075855055854 
137.50731748 65.18183462 20.761 -6.63063336706937 
139.66475988 66.45481039 20.761 -6.63062012159711 
141.82220227 67.72778616 20.761 -6.63072014384135 
143.97964467 69.00076193 20.761 -6.63093277050964 
146.13708706 70.2737377 20.761 -6.63125523751471 
148.29452946 71.54671347 20.761 -6.63168286475623 
150.45197185 72.81968924 20.761 -6.63220905202524 
152.60941425 74.09266501 20.761 -6.63282556339282 
154.76685664 75.36564078 20.761 -6.63352262428752 
156.92429904 76.63861655 20.761 -6.63428927167021 
159.08174143 77.91159232 20.761 -6.635113504832 
161.23918383 79.18456809 20.761 -6.63598268716788 
163.39662622 80.45754386 20.761 -6.63688376592793 
165.55406862 81.73051963 20.761 -6.63780372515098 
167.71151101 83.0034954 20.761 -6.6387297466536 
169.86895341 84.27647117 20.761 -6.63964957194322 
172.0263958 85.54944694 20.761 -6.64055161659926 
174.1838382 86.82242271 20.761 -6.64142526312166 
176.34128059 88.09539848 20.761 -6.64226088586037 
178.49872299 89.36837426 20.761 -6.64305005710063 
180.65616538 90.64135003 20.761 -6.64378548930542 
182.81360778 91.9143258 20.761 -6.64446114107218 
184.97105017 93.18730157 20.761 -6.64507207808102 
31.81634829 0.30113405 20.761 -6.64394377670884 
33.97379068 1.57410982 20.761 -6.64372773926763 
36.13123308 2.84708559 20.761 -6.64354648202556 
38.28867547 4.12006136 20.761 -6.64340361575997 
40.44611787 5.39303714 20.761 -6.6433018586096 
42.60356026 6.66601291 20.761 -6.64324292652413 
44.76100266 7.93898868 20.761 -6.64322757582146 
46.91844505 9.21196445 20.761 -6.64325550273614 
49.07588745 10.48494022 20.761 -6.643325387033 
51.23332984 11.75791599 20.761 -6.64343480582079 
53.39077224 13.03089176 20.761 -6.64358031955925 
55.54821463 14.30386753 20.761 -6.64375734546226 
57.70565703 15.5768433 20.761 -6.64396027810545 
59.86309942 16.84981907 20.761 -6.64418251260406 
62.02054182 18.12279484 20.761 -6.64441664332727 
64.17798421 19.39577061 20.761 -6.64465456194316 
66.33542661 20.66874638 20.761 -6.64488770952876 
68.492869 21.94172215 20.761 -6.64510720847641 
70.6503114 23.21469792 20.761 -6.64530413780195 
72.80775379 24.48767369 20.761 -6.64546967354725 
74.96519619 25.76064946 20.761 -6.64559537758059 
77.12263858 27.03362523 20.761 -6.64567332268995 
79.28008098 28.306601 20.761 -6.64569634290286 
81.43752337 29.57957678 20.761 -6.64565821057056 
83.59496577 30.85255255 20.761 -6.64555399071813 
85.75240816 32.12552832 20.761 -6.64538005940372 
87.90985056 33.39850409 20.761 -6.64513421664216 
90.06729295 34.67147986 20.761 -6.64481559898607 
92.22473535 35.94445563 20.761 -6.64442473338244 
94.38217774 37.2174314 20.761 -6.64396343426479 
96.53962014 38.49040717 20.761 -6.64343481261646 
98.69706253 39.76338294 20.761 -6.64284314820502 
100.85450493 41.03635871 20.761 -6.64219389343927 
103.01194732 42.30933448 20.761 -6.64149352960135 
105.16938972 43.58231025 20.761 -6.64074955333666 
107.32683211 44.85528602 20.761 -6.63997033721095 
109.48427451 46.12826179 20.761 -6.63916509589844 
111.6417169 47.40123756 20.761 -6.63834372690756 
113.7991593 48.67421333 20.761 -6.63751675088199 
115.95660169 49.9471891 20.761 -6.63669514326417 
118.11404409 51.22016487 20.761 -6.63589023737192 
120.27148648 52.49314064 20.761 -6.63511350890907 
122.42892888 53.76611642 20.761 -6.63437645162977 
124.58637127 55.03909219 20.761 -6.63369033717917 
126.74381367 56.31206796 20.761 -6.63306605887696 
128.90125606 57.58504373 20.761 -6.63251388472244 
131.05869846 58.8580195 20.761 -6.63204329118612 
133.21614085 60.13099527 20.761 -6.63166271875482 
135.37358325 61.40397104 20.761 -6.63137945282326 
137.53102564 62.67694681 20.761 -6.63119939524149 
139.68846804 63.94992258 20.761 -6.6311268491063 
141.84591043 65.22289835 20.761 -6.63116420496596 
144.00335283 66.49587412 20.761 -6.63131189664133 
146.16079522 67.76884989 20.761 -6.63156831689984 
148.31823762 69.04182566 20.761 -6.63192991506921 
150.47568001 70.31480143 20.761 -6.63239121447005 
152.63312241 71.5877772 20.761 -6.63294501331463 
154.7905648 72.86075297 20.761 -6.63358249365529 
156.9480072 74.13372874 20.761 -6.63429351835354 
159.10544959 75.40670451 20.761 -6.63506680081308 
161.26289199 76.67968028 20.761 -6.63589023942169 
163.42033438 77.95265606 20.761 -6.63675112551467 
165.57777678 79.22563183 20.761 -6.63763653754742 
167.73521917 80.4986076 20.761 -6.63853361101289 
169.89266157 81.77158337 20.761 -6.63942989146249 
172.05010396 83.04455914 20.761 -6.64031348688468 
174.20754636 84.31753491 20.761 -6.64117334246634 
176.36498875 85.59051068 20.761 -6.6419993424564 
178.52243115 86.86348645 20.761 -6.64278249362658 
180.67987354 88.13646222 20.761 -6.64351493549682 
182.83731594 89.40943799 20.761 -6.64419004782689 
36.15494123 0.34219779 20.761 -6.64306870290366 
38.31238363 1.61517356 20.761 -6.64290235391554 
40.46982602 2.88814933 20.761 -6.64277855300877 
42.62726842 4.1611251 20.761 -6.64269961408729 
44.78471081 5.43410087 20.761 -6.6426668641016 
46.94215321 6.70707664 20.761 -6.64268057359341 
49.0995956 7.98005241 20.761 -6.64273996155849 
51.257038 9.25302818 20.761 -6.64284314769113 
53.41448039 10.52600395 20.761 -6.64298717203148 
55.57192279 11.79897972 20.761 -6.64316790104175 
57.72936518 13.07195549 20.761 -6.6433800800313 
59.88680758 14.34493126 20.761 -6.64361742049582 
62.04424997 15.61790703 20.761 -6.64387270194191 
64.20169237 16.8908828 20.761 -6.64413796936315 
66.35913476 18.16385858 20.761 -6.64440464473625 
68.51657716 19.43683435 20.761 -6.64466379858657 
70.67401955 20.70981012 20.761 -6.64490627772567 
72.83146195 21.98278589 20.761 -6.64512300600039 
74.98890434 23.25576166 20.761 -6.6453051095016 
77.14634674 24.52873743 20.761 -6.64544419736771 
79.30378913 25.8017132 20.761 -6.64553249339517 
81.46123153 27.07468897 20.761 -6.64556311055186 
83.61867392 28.34766474 20.761 -6.64553028889438 
85.77611632 29.62064051 20.761 -6.64542962534459 
87.93355871 30.89361628 20.761 -6.64525804893469 
90.09100111 32.16659205 20.761 -6.64501390320798 
92.2484435 33.43956782 20.761 -6.64469686927562 
94.4058859 34.71254359 20.761 -6.64430800964865 
96.56332829 35.98551936 20.761 -6.64384964943076 
98.72077069 37.25849513 20.761 -6.6433253869666 
100.87821308 38.5314709 20.761 -6.64273995751648 
103.03565548 39.80444667 20.761 -6.64209923943235 
105.19309787 41.07742244 20.761 -6.64141010486395 
107.35054027 42.35039822 20.761 -6.64068039425123 
109.50798266 43.62337399 20.761 -6.63991877853611 
111.66542506 44.89634976 20.761 -6.63913470776402 
113.82286745 46.16932553 20.761 -6.63833826162881 
115.98030985 47.4423013 20.761 -6.63754006930697 
118.13775224 48.71527707 20.761 -6.63675112303449 
120.29519464 49.98825284 20.761 -6.63598268733084 
122.45263703 51.26122861 20.761 -6.63524607065182 
124.61007943 52.53420438 20.761 -6.63455249980804 
126.76752182 53.80718015 20.761 -6.63391287583582 
128.92496422 55.08015592 20.761 -6.63333762770607 
131.08240661 56.35313169 20.761 -6.63283645276932 
133.23984901 57.62610746 20.761 -6.63241818291644 
135.3972914 58.89908323 20.761 -6.63209054749051 
137.5547338 60.172059 20.761 -6.63186006523122 
139.71217619 61.44503477 20.761 -6.63173180959068 
141.86961859 62.71801054 20.761 -6.63170916863285 
144.02706098 63.99098631 20.761 -6.63179361090398 
146.18450338 65.26396208 20.761 -6.63198468037978 
148.34194577 66.53693786 20.761 -6.63227992669593 
150.49938817 67.80991363 20.761 -6.63267503382347 
152.65683056 69.0828894 20.761 -6.6331638475091 
154.81427296 70.35586517 20.761 -6.63373860809667 
156.97171535 71.62884094 20.761 -6.63439005566315 
159.12915775 72.90181671 20.761 -6.63510773019091 
161.28660014 74.17479248 20.761 -6.63588015107811 
163.44404254 75.44776825 20.761 -6.63669514819484 
165.60148493 76.72074402 20.761 -6.63754006548786 
167.75892733 77.99371979 20.761 -6.63840213980037 
169.91636972 79.26669556 20.761 -6.63926877332919 
172.07381212 80.53967133 20.761 -6.64012786948862 
174.23125451 81.8126471 20.761 -6.64096798952109 
176.38869691 83.08562287 20.761 -6.64177860365316 
178.5461393 84.35859864 20.761 -6.64255016971593 
180.7035817 85.63157441 20.761 -6.64327430509739 
40.49353418 0.38326152 20.761 -6.64220963147986 
42.65097658 1.65623729 20.761 -6.64210823760002 
44.80841897 2.92921306 20.761 -6.6420556359295 
46.96586137 4.20218883 20.761 -6.64205271687966 
49.12330376 5.4751646 20.761 -6.64209923366121 
51.28074616 6.74814037 20.761 -6.64219389751949 
53.43818855 8.02111615 20.761 -6.64233421207675 
55.59563095 9.29409192 20.761 -6.64251653774821 
57.75307334 10.56706769 20.761 -6.64273597781119 
59.91051574 11.84004346 20.761 -6.64298660071229 
62.06795813 13.11301923 20.761 -6.64326140586551 
64.22540053 14.385995 20.761 -6.64355260287481 
66.38284292 15.65897077 20.761 -6.64385165904297 
68.54028532 16.93194654 20.761 -6.64414960323471 
70.69772771 18.20492231 20.761 -6.64443712192224 
72.85517011 19.47789808 20.761 -6.64470488342389 
75.0126125 20.75087385 20.761 -6.64494363805064 
77.1700549 22.02384962 20.761 -6.64514454622788 
79.32749729 23.29682539 20.761 -6.64529926871393 
81.48493969 24.56980116 20.761 -6.64540027963622 
83.64238208 25.84277693 20.761 -6.64544104235753 
85.79982448 27.1157527 20.761 -6.64541634565209 
87.95726687 28.38872847 20.761 -6.64532227155461 
90.11470927 29.66170424 20.761 -6.64515633414631 
92.27215166 30.93468001 20.761 -6.64491737004783 
94.42959406 32.20765579 20.761 -6.6446056322571 
96.58703645 33.48063156 20.761 -6.64422264559334 
98.74447885 34.75360733 20.761 -6.64377126281892 
100.90192124 36.0265831 20.761 -6.64325550270498 
103.05936364 37.29955887 20.761 -6.642680577565 
105.21680603 38.57253464 20.761 -6.64205270908926 
107.37424843 39.84551041 20.761 -6.64137916775318 
109.53169082 41.11848618 20.761 -6.6406680547103 
111.68913322 42.39146195 20.761 -6.63992833924604 
113.84657561 43.66443772 20.761 -6.63916962152639 
116.00401801 44.93741349 20.761 -6.63840214201741 
118.1614604 46.21038926 20.761 -6.63763652630131 
120.3189028 47.48336503 20.761 -6.63688377368743 
122.47634519 48.7563408 20.761 -6.63615496437782 
124.63378759 50.02931657 20.761 -6.63546121808663 
126.79122998 51.30229234 20.761 -6.63481337476002 
128.94867238 52.57526811 20.761 -6.63422194769806 
131.10611477 53.84824388 20.761 -6.63369679041454 
133.26355717 55.12121965 20.761 -6.63324703539399 
135.42099956 56.39419543 20.761 -6.63288078029341 
137.57844196 57.6671712 20.761 -6.63260505582922 
139.73588435 58.94014697 20.761 -6.63242554919204 
141.89332675 60.21312274 20.761 -6.63234652881818 
144.05076914 61.48609851 20.761 -6.63237044564039 
146.20821154 62.75907428 20.761 -6.63249791904429 
148.36565393 64.03205005 20.761 -6.63272761076567 
150.52309633 65.30502582 20.761 -6.6330563332311 
152.68053872 66.57800159 20.761 -6.63347903869684 
154.83798112 67.85097736 20.761 -6.63398902360957 
156.99542351 69.12395313 20.761 -6.6345780009725 
159.15286591 70.3969289 20.761 -6.63523638942473 
161.3103083 71.66990467 20.761 -6.63595345510228 
163.4677507 72.94288044 20.761 -6.63671764114987 
165.62519309 74.21585621 20.761 -6.637516745188 
167.78263549 75.48883198 20.761 -6.63833826570355 
169.94007788 76.76180775 20.761 -6.63916962138182 
172.09752028 78.03478352 20.761 -6.63999857219849 
174.25496267 79.30775929 20.761 -6.64081339739158 
176.41240507 80.58073507 20.761 -6.64160318601042 
178.56984746 81.85371084 20.761 -6.64235792414536 
44.83212713 0.42432526 20.761 -6.64140145902299 
46.98956953 1.69730103 20.761 -6.64137916531212 
49.14701192 2.9702768 20.761 -6.64141010244692 
51.30445432 4.24325257 20.761 -6.64149353342697 
53.46189671 5.51622834 20.761 -6.64162751186161 
55.61933911 6.78920411 20.761 -6.64180885467722 
57.7767815 8.06217988 20.761 -6.64203310875992 
59.9342239 9.33515565 20.761 -6.64229466803138 
62.09166629 10.60813142 20.761 -6.64258682011127 
64.24910869 11.88110719 20.761 -6.64290194673019 
66.40655108 13.15408296 20.761 -6.64323161798044 
68.56399348 14.42705873 20.761 -6.64356683968663 
70.72143587 15.7000345 20.761 -6.64389818714195 
72.87887827 16.97301027 20.761 -6.64421609539778 
75.03632066 18.24598604 20.761 -6.64451100162985 
77.19376306 19.51896181 20.761 -6.64477362952135 
79.35120545 20.79193759 20.761 -6.64499512773158 
81.50864785 22.06491336 20.761 -6.64516734381712 
83.66609024 23.33788913 20.761 -6.64528301803072 
85.82353264 24.6108649 20.761 -6.64533613876013 
87.98097503 25.88384067 20.761 -6.64532196396909 
90.13841743 27.15681644 20.761 -6.64523714362712 
92.29585982 28.42979221 20.761 -6.64507967756103 
94.45330222 29.70276798 20.761 -6.64484897055139 
96.61074461 30.97574375 20.761 -6.6445457392086 
98.76818701 32.24871952 20.761 -6.64417204442513 
100.9256294 33.52169529 20.761 -6.64373116024863 
103.0830718 34.79467106 20.761 -6.643227573602 
105.24051419 36.06764683 20.761 -6.64266685713895 
107.39795659 37.3406226 20.761 -6.64205563836305 
109.55539898 38.61359837 20.761 -6.64140145801542 
111.71284138 39.88657414 20.761 -6.64071272432917 
113.87028377 41.15954991 20.761 -6.63999856844833 
116.02772617 42.43252568 20.761 -6.63926877745001 
118.18516856 43.70550145 20.761 -6.63853361308034 
120.34261096 44.97847723 20.761 -6.63780372886193 
122.50005335 46.251453 20.761 -6.63708996845025 
124.65749575 47.52442877 20.761 -6.63640324935974 
126.81493814 48.79740454 20.761 -6.63575434858599 
128.97238054 50.07038031 20.761 -6.6351537558532 
131.12982293 51.34335608 20.761 -6.6346114397071 
133.28726533 52.61633185 20.761 -6.63413672042314 
135.44470772 53.88930762 20.761 -6.63373802797662 
137.60215011 55.16228339 20.761 -6.63342278998118 
139.75959251 56.43525916 20.761 -6.63319723488097 
141.9170349 57.70823493 20.761 -6.63306629301542 
144.0744773 58.9812107 20.761 -6.63303333652924 
146.23191969 60.25418647 20.761 -6.63309997618168 
148.38936209 61.52716224 20.761 -6.63326596361984 
150.54680448 62.80013801 20.761 -6.63352920807627 
152.70424688 64.07311378 20.761 -6.6338857754378 
154.86168927 65.34608955 20.761 -6.63433002987927 
157.01913167 66.61906532 20.761 -6.63485472282548 
159.17657406 67.89204109 20.761 -6.63545119751668 
161.33401646 69.16501687 20.761 -6.63610955694722 
163.49145885 70.43799264 20.761 -6.63681893318135 
165.64890125 71.71096841 20.761 -6.63756768970404 
167.80634364 72.98394418 20.761 -6.63834373058978 
169.96378604 74.25691995 20.761 -6.63913470583165 
172.12122843 75.52989572 20.761 -6.63992833766749 
174.27867083 76.80287149 20.761 -6.64071272244614 
176.43611322 78.07584726 20.761 -6.64147662749887 
49.17072008 0.46538899 20.761 -6.64068039169925 
51.32816247 1.73836476 20.761 -6.64074954878693 
53.48560487 3.01134053 20.761 -6.64087416883045 
55.64304726 4.2843163 20.761 -6.64105154777692 
57.80048966 5.55729207 20.761 -6.64127769833091 
59.95793205 6.83026784 20.761 -6.64154736535094 
62.11537445 8.10324361 20.761 -6.64185417236399 
64.27281684 9.37621939 20.761 -6.64219067905013 
66.43025924 10.64919516 20.761 -6.64254861034418 
68.58770163 11.92217093 20.761 -6.64291895807113 
70.74514403 13.1951467 20.761 -6.64329226228624 
72.90258642 14.46812247 20.761 -6.6436587362992 
75.06002882 15.74109824 20.761 -6.64400855941893 
77.21747121 17.01407401 20.761 -6.6443320332097 
79.37491361 18.28704978 20.761 -6.64461985748347 
81.532356 19.56002555 20.761 -6.64486326670773 
83.6897984 20.83300132 20.761 -6.64505435099274 
85.84724079 22.10597709 20.761 -6.64518628503786 
88.00468319 23.37895286 20.761 -6.6452535413552 
90.16212558 24.65192863 20.761 -6.6452518932415 
92.31956798 25.9249044 20.761 -6.64517851832104 
94.47701037 27.19788017 20.761 -6.64503193640821 
96.63445277 28.47085594 20.761 -6.64481206382113 
98.79189516 29.74383171 20.761 -6.64452010651996 
100.94933756 31.01680748 20.761 -6.64415859227797 
103.10677995 32.28978325 20.761 -6.64373123659736 
105.26422235 33.56275903 20.761 -6.64324293122469 
107.42166474 34.8357348 20.761 -6.64269961528375 
109.57910714 36.10871057 20.761 -6.6421082370151 
111.73654953 37.38168634 20.761 -6.64147662065314 
113.89399193 38.65466211 20.761 -6.64081340121997 
116.05143432 39.92763788 20.761 -6.64012786555646 
118.20887672 41.20061365 20.761 -6.63942989143727 
120.36631911 42.47358942 20.761 -6.63872974957233 
122.52376151 43.74656519 20.761 -6.6380380168232 
124.6812039 45.01954096 20.761 -6.63736536755642 
126.8386463 46.29251673 20.761 -6.63672245781509 
128.99608869 47.5654925 20.761 -6.63611969239235 
131.15353109 48.83846827 20.761 -6.63556710525748 
133.31097348 50.11144404 20.761 -6.63507412379923 
135.46841588 51.38441981 20.761 -6.63464944551649 
137.62585827 52.65739558 20.761 -6.63430081197498 
139.78330067 53.93037135 20.761 -6.63403491966365 
141.94074306 55.20334712 20.761 -6.63385721131831 
144.09818546 56.47632289 20.761 -6.63377183965431 
146.25562785 57.74929866 20.761 -6.63378130926868 
148.41307025 59.02227444 20.761 -6.63388641744364 
150.57051264 60.29525021 20.761 -6.6340860986476 
152.72795504 61.56822598 20.761 -6.63437756197358 
154.88539743 62.84120175 20.761 -6.63475621141333 
157.04283983 64.11417752 20.761 -6.63521588277393 
159.20028222 65.38715329 20.761 -6.63574886217924 
161.35772462 66.66012906 20.761 -6.63634618601554 
163.51516701 67.93310483 20.761 -6.63699772223354 
165.67260941 69.2060806 20.761 -6.63769253041113 
167.8300518 70.47905637 20.761 -6.63841897407529 
169.9874942 71.75203214 20.761 -6.63916510101848 
172.14493659 73.02500791 20.761 -6.63991877118105 
174.30237899 74.29798368 20.761 -6.6406680590734 
53.50931303 0.50645273 20.761 -6.64008223688605 
55.66675542 1.7794285 20.761 -6.64025228486522 
57.82419782 3.05240427 20.761 -6.64047699236356 
59.98164021 4.32538004 20.761 -6.6407514940942 
62.13908261 5.59835581 20.761 -6.64106975656528 
64.296525 6.87133158 20.761 -6.64142457684451 
66.4539674 8.14430735 20.761 -6.6418078433645 
68.61140979 9.41728312 20.761 -6.64221060061823 
70.76885219 10.69025889 20.761 -6.64262335246605 
72.92629458 11.96323466 20.761 -6.64303615306939 
75.08373698 13.23621043 20.761 -6.64343894595512 
77.24117937 14.5091862 20.761 -6.64382167017806 
79.39862177 15.78216197 20.761 -6.64417459053856 
81.55606416 17.05513774 20.761 -6.64448839561382 
83.71350656 18.32811351 20.761 -6.64475453559053 
85.87094895 19.60108928 20.761 -6.6449654325912 
88.02839135 20.87406505 20.761 -6.64511477892522 
90.18583374 22.14704082 20.761 -6.64519750513141 
92.34327614 23.4200166 20.761 -6.64520994270919 
94.50071853 24.69299237 20.761 -6.6451497469601 
96.65816093 25.96596814 20.761 -6.64501598363312 
98.81560332 27.23894391 20.761 -6.6448090315964 
100.97304572 28.51191968 20.761 -6.64453061054073 
103.13048811 29.78489545 20.761 -6.64418365214418 
105.28793051 31.05787122 20.761 -6.64377232236574 
107.4453729 32.33084699 20.761 -6.64330185053178 
109.6028153 33.60382276 20.761 -6.64277855200496 
111.76025769 34.87679853 20.761 -6.64220963154341 
113.91770009 36.1497743 20.761 -6.64160318388475 
116.07514248 37.42275007 20.761 -6.6409679874084 
118.23258488 38.69572584 20.761 -6.64031348742672 
120.39002727 39.96870161 20.761 -6.63964956097328 
122.54746967 41.24167738 20.761 -6.63898647540003 
124.70491206 42.51465315 20.761 -6.63833463232891 
126.86235446 43.78762892 20.761 -6.63770451631528 
129.01979685 45.06060469 20.761 -6.63710642094195 
131.17723925 46.33358046 20.761 -6.63655037459134 
133.33468164 47.60655624 20.761 -6.63604586274257 
135.49212404 48.87953201 20.761 -6.63560176389628 
137.64956643 50.15250778 20.761 -6.6352260761453 
139.80700883 51.42548355 20.761 -6.6349258788628 
141.96445122 52.69845932 20.761 -6.63470707658847 
144.12189362 53.97143509 20.761 -6.63457439262909 
146.27933601 55.24441086 20.761 -6.6345311280556 
148.43677841 56.51738663 20.761 -6.6345790184358 
150.5942208 57.7903624 20.761 -6.63471801794829 
152.7516632 59.06333817 20.761 -6.63494638210931 
154.90910559 60.33631394 20.761 -6.63526059716168 
157.06654799 61.60928971 20.761 -6.63565553667142 
159.22399038 62.88226548 20.761 -6.63612451358181 
161.38143278 64.15524125 20.761 -6.63665948588173 
163.53887517 65.42821702 20.761 -6.63725118233146 
165.69631757 66.70119279 20.761 -6.637889365103 
167.85375996 67.97416856 20.761 -6.63856301253049 
170.01120236 69.24714433 20.761 -6.63926061002818 
172.16864475 70.5201201 20.761 -6.63997034093571 
57.84790598 0.54751646 20.761 -6.63963918578216 
60.00534837 1.82049223 20.761 -6.63991484025189 
62.16279077 3.093468 20.761 -6.64024090976687 
64.32023316 4.36644377 20.761 -6.64061048864594 
66.47767556 5.63941954 20.761 -6.6410156476559 
68.63511795 6.91239531 20.761 -6.64144752907866 
70.79256035 8.18537108 20.761 -6.64189661884623 
72.95000274 9.45834685 20.761 -6.64235287874037 
75.10744514 10.73132262 20.761 -6.6428060300044 
77.26488753 12.0042984 20.761 -6.6432457077279 
79.42232993 13.27727417 20.761 -6.6436617556686 
81.57977232 14.55024994 20.761 -6.64404437002746 
83.73721472 15.82322571 20.761 -6.64438440190554 
85.89465711 17.09620148 20.761 -6.64467357938214 
88.05209951 18.36917725 20.761 -6.64490481411266 
90.2095419 19.64215302 20.761 -6.64507223945041 
92.36698429 20.91512879 20.761 -6.64517133872263 
94.52442669 22.18810456 20.761 -6.64519891972284 
96.68186908 23.46108033 20.761 -6.64515318706642 
98.83931148 24.7340561 20.761 -6.64503367906777 
100.99675387 26.00703187 20.761 -6.64484127601291 
103.15419627 27.28000764 20.761 -6.64457812113004 
105.31163866 28.55298341 20.761 -6.64424759842078 
107.46908106 29.82595918 20.761 -6.64385423030661 
109.62652345 31.09893495 20.761 -6.64340361945428 
111.78396585 32.37191072 20.761 -6.64290235371952 
113.94140824 33.64488649 20.761 -6.64235792632667 
116.09885064 34.91786226 20.761 -6.64177860721426 
118.25629303 36.19083804 20.761 -6.641173344752 
120.41373543 37.46381381 20.761 -6.64055162357273 
122.57117782 38.73678958 20.761 -6.63992333897806 
124.72862022 40.00976535 20.761 -6.63929863914056 
126.88606261 41.28274112 20.761 -6.63868777130591 
129.04350501 42.55571689 20.761 -6.63810090532756 
131.2009474 43.82869266 20.761 -6.63754798870695 
133.3583898 45.10166843 20.761 -6.63703855093623 
135.51583219 46.3746442 20.761 -6.63658155964731 
137.67327459 47.64761997 20.761 -6.63618524292431 
139.83071698 48.92059574 20.761 -6.63585695389917 
141.98815938 50.19357151 20.761 -6.63560301082101 
144.14560177 51.46654728 20.761 -6.63542860124363 
146.30304417 52.73952305 20.761 -6.63533765815724 
148.46048656 54.01249882 20.761 -6.63533272703124 
150.61792896 55.28547459 20.761 -6.63541472847251 
152.77537135 56.55845036 20.761 -6.63558289951341 
154.93281375 57.83142613 20.761 -6.63583478478831 
157.09025614 59.1044019 20.761 -6.6361662873413 
159.24769854 60.37737768 20.761 -6.63657175690362 
161.40514093 61.65035345 20.761 -6.63704408762871 
163.56258333 62.92332922 20.761 -6.6375749207264 
165.72002572 64.19630499 20.761 -6.63815478806158 
167.87746812 65.46928076 20.761 -6.6387733638812 
170.03491051 66.74225653 20.761 -6.63941964191347 
62.18649892 0.58858019 20.761 -6.63937592232495 
64.34394132 1.86155597 20.761 -6.63975625566143 
66.50138371 3.13453174 20.761 -6.64017936170619 
68.65882611 4.40750751 20.761 -6.64063655547741 
70.8162685 5.68048328 20.761 -6.64111831621626 
72.9737109 6.95345905 20.761 -6.64161456581629 
75.13115329 8.22643482 20.761 -6.64211482107027 
77.28859569 9.49941059 20.761 -6.64260847874146 
79.44603808 10.77238636 20.761 -6.64308497780074 
81.60348048 12.04536213 20.761 -6.64353409144639 
83.76092287 13.3183379 20.761 -6.64394607648563 
85.91836527 14.59131367 20.761 -6.64431203789762 
88.07580766 15.86428944 20.761 -6.64462412435724 
90.23325006 17.13726521 20.761 -6.64487572081139 
92.39069245 18.41024098 20.761 -6.64506145883405 
94.54813485 19.68321675 20.761 -6.64517734679554 
96.70557724 20.95619252 20.761 -6.64522068947551 
98.86301964 22.22916829 20.761 -6.64519021647358 
101.02046203 23.50214406 20.761 -6.64508593046866 
103.17790443 24.77511983 20.761 -6.64490919482354 
105.33534682 26.04809561 20.761 -6.64466255289985 
107.49278922 27.32107138 20.761 -6.64434980159262 
109.65023161 28.59404715 20.761 -6.64397579645537 
111.80767401 29.86702292 20.761 -6.6435464835417 
113.9651164 31.13999869 20.761 -6.6430686973154 
116.1225588 32.41297446 20.761 -6.64255017896342 
118.28000119 33.68595023 20.761 -6.64199934176112 
120.43744359 34.958926 20.761 -6.64142526321677 
122.59488598 36.23190177 20.761 -6.64083743645672 
124.75232838 37.50487754 20.761 -6.64024573194103 
126.90977077 38.77785331 20.761 -6.63966012465185 
129.06721317 40.05082908 20.761 -6.63909065225445 
131.22465556 41.32380485 20.761 -6.63854713236775 
133.38209796 42.59678062 20.761 -6.63803911322452 
135.53954035 43.86975639 20.761 -6.63757559392392 
137.69698275 45.14273216 20.761 -6.63716497923926 
139.85442514 46.41570793 20.761 -6.63681482592452 
142.01186754 47.6886837 20.761 -6.63653181837415 
144.16930993 48.96165947 20.761 -6.63632152543307 
146.32675233 50.23463525 20.761 -6.63618841073072 
148.48419472 51.50761102 20.761 -6.63613563351527 
150.64163712 52.78058679 20.761 -6.63616499254678 
152.79907951 54.05356256 20.761 -6.63627664328586 
154.95652191 55.32653833 20.761 -6.63646915383172 
157.1139643 56.5995141 20.761 -6.63673941124158 
159.2714067 57.87248987 20.761 -6.63708280067332 
161.42884909 59.14546564 20.761 -6.63749317065952 
163.58629149 60.41844141 20.761 -6.63796310270253 
165.74373388 61.69141718 20.761 -6.63848393885855 
167.90117628 62.96439295 20.761 -6.63904610183238 
66.52509187 0.62964393 20.761 -6.63930727883159 
68.68253427 1.9026197 20.761 -6.63978547251509 
70.83997666 3.17559547 20.761 -6.6402957211634 
72.99741906 4.44857124 20.761 -6.64082791722496 
75.15486145 5.72154701 20.761 -6.64137144021414 
77.31230385 6.99452278 20.761 -6.64191545964476 
79.46974624 8.26749855 20.761 -6.64244908226089 
81.62718864 9.54047432 20.761 -6.64296165685779 
83.78463103 10.81345009 20.761 -6.64344292463225 
85.94207343 12.08642586 20.761 -6.64388338655525 
88.09951582 13.35940163 20.761 -6.64427449792741 
90.25695822 14.63237741 20.761 -6.64460889572889 
92.41440061 15.90535318 20.761 -6.6448804192806 
94.57184301 17.17832895 20.761 -6.64508424755045 
96.7292854 18.45130472 20.761 -6.64521686624787 
98.8867278 19.72428049 20.761 -6.64527614515244 
101.04417019 20.99725626 20.761 -6.64526124997463 
103.20161259 22.27023203 20.761 -6.64517270051721 
105.35905498 23.5432078 20.761 -6.64501223803866 
107.51649738 24.81618357 20.761 -6.6447828597925 
109.67393977 26.08915934 20.761 -6.64448867463175 
111.83138217 27.36213511 20.761 -6.64413490513907 
113.98882456 28.63511088 20.761 -6.64372773866508 
116.14626696 29.90808665 20.761 -6.6432743018717 
118.30370935 31.18106242 20.761 -6.64278248534872 
120.46115175 32.45403819 20.761 -6.64226088935703 
122.61859414 33.72701396 20.761 -6.64171861418636 
124.77603654 34.99998973 20.761 -6.64116519289844 
126.93347893 36.2729655 20.761 -6.64061036018667 
129.09092133 37.54594127 20.761 -6.64006395537122 
131.24836372 38.81891705 20.761 -6.63953568584618 
133.40580612 40.09189282 20.761 -6.63903504225996 
135.56324851 41.36486859 20.761 -6.6385710573069 
137.72069091 42.63784436 20.761 -6.63815223853959 
139.8781333 43.91082013 20.761 -6.63778633656845 
142.0355757 45.1837959 20.761 -6.63748028808408 
144.19301809 46.45677167 20.761 -6.63724002761071 
146.35046049 47.72974744 20.761 -6.6370704429048 
148.50790288 49.00272321 20.761 -6.63697521857966 
150.66534528 50.27569898 20.761 -6.63695682579236 
152.82278767 51.54867475 20.761 -6.63701628330104 
154.98023007 52.82165052 20.761 -6.63715307897321 
157.13767246 54.09462629 20.761 -6.63736509163912 
159.29511486 55.36760206 20.761 -6.63764867559741 
161.45255725 56.64057783 20.761 -6.63799867353344 
163.60999965 57.9135536 20.761 -6.63840857020488 
165.76744204 59.18652937 20.761 -6.63887059026072 
70.86368482 0.67070766 20.761 -6.63943706020182 
73.02112721 1.94368343 20.761 -6.64000064192974 
75.17856961 3.21665921 20.761 -6.64058303497752 
77.336012 4.48963498 20.761 -6.64117320508668 
79.4934544 5.76261075 20.761 -6.64175997449474 
81.65089679 7.03558652 20.761 -6.6423323076221 
83.80833919 8.30856229 20.761 -6.64287948440005 
85.96578158 9.58153806 20.761 -6.64339142376406 
88.12322398 10.85451383 20.761 -6.64385894627172 
90.28066637 12.1274896 20.761 -6.64427397065129 
92.43810877 13.40046537 20.761 -6.64462958683023 
94.59555116 14.67344114 20.761 -6.64492017330313 
96.75299356 15.94641691 20.761 -6.6451414038578 
98.91043595 17.21939268 20.761 -6.64529030404377 
101.06787835 18.49236845 20.761 -6.64536521334118 
103.22532074 19.76534422 20.761 -6.64536580186796 
105.38276314 21.03831999 20.761 -6.64529299839026 
107.54020553 22.31129576 20.761 -6.64514897812489 
109.69764793 23.58427153 20.761 -6.64493707082285 
111.85509032 24.8572473 20.761 -6.64466173582147 
114.01253272 26.13022307 20.761 -6.64432848946093 
116.16997511 27.40319885 20.761 -6.64394377549225 
118.32741751 28.67617462 20.761 -6.64351494264556 
120.4848599 29.94915039 20.761 -6.64305004890058 
122.6423023 31.22212616 20.761 -6.64255781498232 
124.79974469 32.49510193 20.761 -6.64204738912543 
126.95718709 33.7680777 20.761 -6.64152826625105 
129.11462948 35.04105347 20.761 -6.64101005219979 
131.27207188 36.31402924 20.761 -6.64050236152767 
133.42951427 37.58700501 20.761 -6.64001458247065 
135.58695667 38.85998078 20.761 -6.63955579103742 
137.74439906 40.13295655 20.761 -6.63913452507839 
139.90184146 41.40593232 20.761 -6.63875871343962 
142.05928385 42.67890809 20.761 -6.63843547686133 
144.21672625 43.95188386 20.761 -6.63817107907397 
146.37416864 45.22485963 20.761 -6.6379707505163 
148.53161104 46.4978354 20.761 -6.63783866155818 
150.68905343 47.77081117 20.761 -6.6377777721591 
152.84649583 49.04378694 20.761 -6.63778984031478 
155.00393822 50.31676271 20.761 -6.63787518205556 
157.16138062 51.58973849 20.761 -6.63803261881197 
159.31882301 52.86271426 20.761 -6.63825942517682 
161.47626541 54.13569003 20.761 -6.63855141805614 
163.6337078 55.4086658 20.761 -6.63890299513229 
75.20227777 0.7117714 20.761 -6.63975766260674 
77.35972016 1.98474717 20.761 -6.64038920968 
79.51716256 3.25772294 20.761 -6.64102457546547 
81.67460495 4.53069871 20.761 -6.64165233729035 
83.83204735 5.80367448 20.761 -6.64226138559481 
85.98948974 7.07665025 20.761 -6.64284107759639 
88.14693214 8.34962602 20.761 -6.64338167101581 
90.30437453 9.62260179 20.761 -6.64387437722049 
92.46181693 10.89557756 20.761 -6.64431160810128 
94.61925932 12.16855333 20.761 -6.64468693263149 
96.77670172 13.4415291 20.761 -6.64499527677241 
98.93414411 14.71450487 20.761 -6.64523281592248 
101.09158651 15.98748064 20.761 -6.64539710704048 
103.2490289 17.26045642 20.761 -6.64548694440655 
105.4064713 18.53343219 20.761 -6.64550246666587 
107.56391369 19.80640796 20.761 -6.64544497829379 
109.72135609 21.07938373 20.761 -6.64531705041707 
111.87879848 22.3523595 20.761 -6.64512232375354 
114.03624088 23.62533527 20.761 -6.64486558675434 
116.19368327 24.89831104 20.761 -6.6445525835352 
118.35112567 26.17128681 20.761 -6.64419004769106 
120.50856806 27.44426258 20.761 -6.64378548597319 
122.66601046 28.71723835 20.761 -6.64334716539655 
124.82345285 29.99021412 20.761 -6.64288385176231 
126.98089525 31.26318989 20.761 -6.64240476525673 
129.13833764 32.53616566 20.761 -6.64191929199459 
131.29578004 33.80914143 20.761 -6.6414369251179 
133.45322243 35.0821172 20.761 -6.64096697274871 
135.61066483 36.35509297 20.761 -6.64051850643993 
137.76810722 37.62806874 20.761 -6.64010010663855 
139.92554962 38.90104451 20.761 -6.63971982971447 
142.08299201 40.17402028 20.761 -6.63938496425288 
144.24043441 41.44699606 20.761 -6.63910202977874 
146.3978768 42.71997183 20.761 -6.63887656354121 
148.5553192 43.9929476 20.761 -6.63871313549608 
150.71276159 45.26592337 20.761 -6.63861516642692 
152.87020399 46.53889914 20.761 -6.63858496463087 
155.02764638 47.81187491 20.761 -6.63862354552239 
157.18508878 49.08485068 20.761 -6.63873059808411 
159.34253117 50.35782645 20.761 -6.63890427411565 
161.49997357 51.63080222 20.761 -6.63914133169251 
79.54087072 0.75283513 20.761 -6.64025075121828 
81.69831311 2.0258109 20.761 -6.64092904332563 
83.85575551 3.29878667 20.761 -6.64159528414296 
86.0131979 4.57176244 20.761 -6.64223837346542 
88.1706403 5.84473822 20.761 -6.64284798673343 
90.32808269 7.11771399 20.761 -6.64341472607143 
92.48552509 8.39068976 20.761 -6.64393029696801 
94.64296748 9.66366553 20.761 -6.64438757283077 
96.80040988 10.9366413 20.761 -6.64478069872898 
98.95785227 12.20961707 20.761 -6.6451050813401 
101.11529467 13.48259284 20.761 -6.64535745912744 
103.27273706 14.75556861 20.761 -6.64553583260347 
105.43017946 16.02854438 20.761 -6.64563949391607 
107.58762185 17.30152015 20.761 -6.64566894378891 
109.74506425 18.57449592 20.761 -6.64562590458786 
111.90250664 19.84747169 20.761 -6.64551322351396 
114.05994904 21.12044746 20.761 -6.64533488667308 
116.21739143 22.39342323 20.761 -6.64509591658752 
118.37483383 23.666399 20.761 -6.64480236129359 
120.53227622 24.93937477 20.761 -6.64446113550562 
122.68971862 26.21235054 20.761 -6.64407999245891 
124.84716101 27.48532631 20.761 -6.64366730858989 
127.00460341 28.75830208 20.761 -6.64323198533956 
129.1620458 30.03127786 20.761 -6.64278320049177 
131.3194882 31.30425363 20.761 -6.64233029808624 
133.47693059 32.5772294 20.761 -6.64188252557021 
135.63437299 33.85020517 20.761 -6.6414489454738 
137.79181538 35.12318094 20.761 -6.64103819201666 
139.94925778 36.39615671 20.761 -6.64065840493024 
142.10670017 37.66913248 20.761 -6.64031703787299 
144.26414257 38.94210825 20.761 -6.64002081230687 
146.42158496 40.21508402 20.761 -6.63977554736424 
148.57902736 41.48805979 20.761 -6.63958614505991 
150.73646975 42.76103556 20.761 -6.6394564405152 
152.89391215 44.03401133 20.761 -6.6393891993336 
155.05135454 45.3069871 20.761 -6.63938600029637 
157.20879694 46.57996287 20.761 -6.63944724057985 
159.36623933 47.85293864 20.761 -6.63957192442519 
83.87946366 0.79389887 20.761 -6.64088878587423 
86.03690606 2.06687464 20.761 -6.64159028117368 
88.19434845 3.33985041 20.761 -6.64226422080633 
90.35179085 4.61282618 20.761 -6.64290064500756 
92.50923324 5.88580195 20.761 -6.64349059347934 
94.66667564 7.15877772 20.761 -6.64402627260097 
96.82411803 8.43175349 20.761 -6.64450107578346 
98.98156043 9.70472926 20.761 -6.64490968761428 
101.13900282 10.97770503 20.761 -6.64524804777605 
103.29644522 12.2506808 20.761 -6.64551339649264 
105.45388761 13.52365657 20.761 -6.64570419517239 
107.61133001 14.79663234 20.761 -6.64582014647292 
109.7687724 16.06960811 20.761 -6.64586211798514 
111.9262148 17.34258388 20.761 -6.64583215656161 
114.08365719 18.61555965 20.761 -6.64573340382672 
116.24109959 19.88853543 20.761 -6.64557011779301 
118.39854198 21.1615112 20.761 -6.64534757716582 
120.55598438 22.43448697 20.761 -6.64507208379084 
122.71342677 23.70746274 20.761 -6.64475079501761 
124.87086917 24.98043851 20.761 -6.64439166844909 
127.02831156 26.25341428 20.761 -6.64400323488442 
129.18575396 27.52639005 20.761 -6.64359447884988 
131.34319635 28.79936582 20.761 -6.6431745686014 
133.50063875 30.07234159 20.761 -6.64275273062882 
135.65808114 31.34531736 20.761 -6.64233799026421 
137.81552354 32.61829313 20.761 -6.64193906816174 
139.97296593 33.8912689 20.761 -6.64156416674557 
142.13040833 35.16424467 20.761 -6.6412209168047 
144.28785072 36.43722044 20.761 -6.64091619274269 
146.44529312 37.71019621 20.761 -6.64065609013019 
148.60273551 38.98317198 20.761 -6.64044576485809 
150.76017791 40.25614775 20.761 -6.64028944352258 
152.9176203 41.52912352 20.761 -6.64019027860912 
155.0750627 42.80209929 20.761 -6.64015035999034 
157.23250509 44.07507507 20.761 -6.64017060125618 
88.21805661 0.8349626 20.761 -6.64163766623716 
90.37549901 2.10793837 20.761 -6.64233878482087 
92.5329414 3.38091414 20.761 -6.64299847098897 
94.6903838 4.65388991 20.761 -6.64360828877058 
96.84782619 5.92686568 20.761 -6.64416092926063 
99.00526859 7.19984145 20.761 -6.64465038108625 
101.16271098 8.47281723 20.761 -6.64507182439203 
103.32015338 9.745793 20.761 -6.64542175948725 
105.47759577 11.01876877 20.761 -6.64569784931961 
107.63503817 12.29174454 20.761 -6.6458990291833 
109.79248056 13.56472031 20.761 -6.64602532617162 
111.94992296 14.83769608 20.761 -6.64607796773006 
114.10736535 16.11067185 20.761 -6.64605923741256 
116.26480775 17.38364762 20.761 -6.64597258362721 
118.42225014 18.65662339 20.761 -6.64582247437608 
120.57969254 19.92959916 20.761 -6.64561450063646 
122.73713493 21.20257493 20.761 -6.64535517741446 
124.89457733 22.4755507 20.761 -6.64505196437505 
127.05201972 23.74852647 20.761 -6.64471300009481 
129.20946212 25.02150224 20.761 -6.64434702738556 
131.36690451 26.29447801 20.761 -6.64396306103433 
133.52434691 27.56745378 20.761 -6.64357028157583 
135.6817893 28.84042955 20.761 -6.64317772139075 
137.8392317 30.11340532 20.761 -6.64279418648845 
139.99667409 31.38638109 20.761 -6.64242797819668 
142.15411649 32.65935687 20.761 -6.64208687568424 
144.31155888 33.93233264 20.761 -6.64177792560426 
146.46900128 35.20530841 20.761 -6.64150743836776 
148.62644367 36.47828418 20.761 -6.64128084061786 
150.78388607 37.75125995 20.761 -6.64110267219886 
152.94132846 39.02423572 20.761 -6.64097644690503 
155.09877086 40.29721149 20.761 -6.64090469004902 
92.55664956 0.87602634 20.761 -6.64246084599311 
94.71409196 2.14900211 20.761 -6.64313987232331 
96.87153435 3.42197788 20.761 -6.64376581559837 
99.02897675 4.69495365 20.761 -6.64433196649439 
101.18641914 5.96792942 20.761 -6.64483282327756 
103.34386154 7.24090519 20.761 -6.64526414459559 
105.50130393 8.51388096 20.761 -6.64562287821275 
107.65874633 9.78685673 20.761 -6.6459071716957 
109.81618872 11.0598325 20.761 -6.6461162789875 
111.97363112 12.33280827 20.761 -6.64625058895863 
114.13107351 13.60578404 20.761 -6.64631155710582 
116.28851591 14.87875981 20.761 -6.64630175659035 
118.4459583 16.15173558 20.761 -6.64622483292268 
120.6034007 17.42471135 20.761 -6.64608555567486 
122.76084309 18.69768712 20.761 -6.64588975015971 
124.91828549 19.97066289 20.761 -6.64564427749098 
127.07572788 21.24363867 20.761 -6.6453568398378 
129.23317028 22.51661444 20.761 -6.64503587075035 
131.39061267 23.78959021 20.761 -6.64469023140486 
133.54805507 25.06256598 20.761 -6.64432905405507 
135.70549746 26.33554175 20.761 -6.64396141586531 
137.86293986 27.60851752 20.761 -6.64359620160524 
140.02038225 28.88149329 20.761 -6.64324186094789 
142.17782464 30.15446906 20.761 -6.64290632366919 
144.33526704 31.42744483 20.761 -6.64259682427101 
146.49270943 32.7004206 20.761 -6.64231987790051 
148.65015183 33.97339637 20.761 -6.64208115745521 
150.80759422 35.24637214 20.761 -6.64188547223802 
152.96503662 36.51934791 20.761 -6.64173667649613 
96.89524251 0.91709007 20.761 -6.64332223962473 
99.0526849 2.19006584 20.761 -6.64396027244114 
101.2101273 3.46304161 20.761 -6.64453613896857 
103.36756969 4.73601738 20.761 -6.64504489146969 
105.52501209 6.00899315 20.761 -6.64548279883389 
107.68245448 7.28196892 20.761 -6.64584726107588 
109.83989688 8.55494469 20.761 -6.64613681272724 
111.99733927 9.82792046 20.761 -6.64635102741502 
114.15478167 11.10089624 20.761 -6.64649055339997 
116.31222406 12.37387201 20.761 -6.64655707042126 
118.46966646 13.64684778 20.761 -6.64655336713531 
120.62710885 14.91982355 20.761 -6.64648333566657 
122.78455125 16.19279932 20.761 -6.64635202979441 
124.94199364 17.46577509 20.761 -6.64616559719035 
127.09943604 18.73875086 20.761 -6.64593124577527 
129.25687843 20.01172663 20.761 -6.64565701027177 
131.41432083 21.2847024 20.761 -6.64535159619896 
133.57176322 22.55767817 20.761 -6.64502403896948 
135.72920562 23.83065394 20.761 -6.64468350071344 
137.88664801 25.10362971 20.761 -6.64433895509268 
140.04409041 26.37660548 20.761 -6.64399905095518 
142.2015328 27.64958125 20.761 -6.643671872892 
144.3589752 28.92255702 20.761 -6.6433648991512 
146.51641759 30.19553279 20.761 -6.64308481192232 
148.67385999 31.46850856 20.761 -6.6428375599657 
150.83130238 32.74148433 20.761 -6.64262817422225 
101.23383546 0.95815381 20.761 -6.64418784125893 
103.39127785 2.23112958 20.761 -6.64476934221353 
105.54872025 3.50410535 20.761 -6.64528217827186 
107.70616264 4.77708112 20.761 -6.64572306286075 
109.86360504 6.05005689 20.761 -6.64608983776406 
112.02104743 7.32303266 20.761 -6.64638132797956 
114.17848983 8.59600843 20.761 -6.64659740364854 
116.33593222 9.8689842 20.761 -6.64673888672773 
118.49337462 11.14195997 20.761 -6.64680769125978 
120.65081701 12.41493574 20.761 -6.6468067845055 
122.80825941 13.68791151 20.761 -6.64674035330324 
124.9657018 14.96088728 20.761 -6.64661375470813 
127.1231442 16.23386305 20.761 -6.64643356605674 
129.28058659 17.50683882 20.761 -6.64620736861406 
131.43802899 18.77981459 20.761 -6.64594360835935 
133.59547138 20.05279036 20.761 -6.64565123391116 
135.75291378 21.32576613 20.761 -6.64533946607058 
137.91035617 22.5987419 20.761 -6.64501742228384 
140.06779857 23.87171768 20.761 -6.64469394962652 
142.22524096 25.14469345 20.761 -6.64437735429977 
144.38268336 26.41766922 20.761 -6.64407534176346 
146.54012575 27.69064499 20.761 -6.64379484793211 
148.69756815 28.96362076 20.761 -6.64354204974886 
105.5724284 0.99921754 20.761 -6.6450265901585 
107.7298708 2.27219331 20.761 -6.64553938563092 
109.88731319 3.54516908 20.761 -6.64597933997143 
112.04475559 4.81814485 20.761 -6.64634461971617 
114.20219798 6.09112062 20.761 -6.64663435147771 
116.35964038 7.36409639 20.761 -6.6468485834704 
118.51708277 8.63707216 20.761 -6.64698833893084 
120.67452517 9.91004793 20.761 -6.64705568281924 
122.83196756 11.1830237 20.761 -6.64705385326236 
124.98940996 12.45599948 20.761 -6.64698732752337 
127.14685235 13.72897525 20.761 -6.64686190813674 
129.30429475 15.00195102 20.761 -6.64668461584477 
131.46173714 16.27492679 20.761 -6.64646354491243 
133.61917954 17.54790256 20.761 -6.64620751440668 
135.77662193 18.82087833 20.761 -6.64592576468097 
137.93406433 20.0938541 20.761 -6.64562758234875 
140.09150672 21.36682987 20.761 -6.64532203382488 
142.24894912 22.63980564 20.761 -6.64501769813093 
144.40639151 23.91278141 20.761 -6.64472254456905 
146.56383391 25.18575718 20.761 -6.64444378194875 
109.91102135 1.04028127 20.761 -6.64581035659455 
112.06846375 2.31325705 20.761 -6.64624510715614 
114.22590614 3.58623282 20.761 -6.64660472179592 
116.38334854 4.85920859 20.761 -6.64688855564704 
118.54079093 6.13218436 20.761 -6.64709680722093 
120.69823333 7.40516013 20.761 -6.64723068279043 
122.85567572 8.6781359 20.761 -6.64729242144749 
125.01311812 9.95111167 20.761 -6.64728557500385 
127.17056051 11.22408744 20.761 -6.64721501358767 
129.32800291 12.49706321 20.761 -6.64708709000611 
131.4854453 13.77003898 20.761 -6.64690937618027 
133.6428877 15.04301475 20.761 -6.64669050548084 
135.80033009 16.31599052 20.761 -6.64643966708083 
137.95777249 17.58896629 20.761 -6.64616633571026 
140.11521488 18.86194206 20.761 -6.64587978442334 
142.27265728 20.13491783 20.761 -6.64558893485992 
144.43009967 21.4078936 20.761 -6.64530201914113 
114.2496143 1.08134501 20.761 -6.64651294434867 
116.4070567 2.35432078 20.761 -6.6468623250795 
118.56449909 3.62729655 20.761 -6.64713569260186 
120.72194149 4.90027232 20.761 -6.64733342899209 
122.87938388 6.17324809 20.761 -6.6474568663109 
125.03682628 7.44622386 20.761 -6.64750854338007 
127.19426867 8.71919963 20.761 -6.64749235888863 
129.35171107 9.9921754 20.761 -6.64741376803407 
131.50915346 11.26515117 20.761 -6.64727972559735 
133.66659586 12.53812694 20.761 -6.6470984971677 
135.82403825 13.81110271 20.761 -6.64687919742057 
137.98148065 15.08407849 20.761 -6.6466313871027 
140.13892304 16.35705426 20.761 -6.64636460090097 
142.29636544 17.63003003 20.761 -6.64608805588036 
118.58820725 1.12240874 20.761 -6.64710877863076 
120.74564964 2.39538451 20.761 -6.6473667319206 
122.90309204 3.66836028 20.761 -6.64754902603312 
125.06053443 4.94133606 20.761 -6.64765720934488 
127.21797683 6.21431183 20.761 -6.64769416517545 
129.37541922 7.4872876 20.761 -6.64766432040323 
131.53286162 8.76026337 20.761 -6.64757383385863 
133.69030401 10.03323914 20.761 -6.6474304168771 
135.84774641 11.30621491 20.761 -6.64724299788185 
138.0051888 12.57919068 20.761 -6.64702114415046 
140.1626312 13.85216645 20.761 -6.64677462262789 
122.9268002 1.16347248 20.761 -6.64757199390754 
125.08424259 2.43644825 20.761 -6.64773366652327 
127.24168499 3.70942402 20.761 -6.64782164207881 
129.39912738 4.98239979 20.761 -6.64783925311375 
131.55656978 6.25537556 20.761 -6.64779167284665 
133.71401217 7.52835133 20.761 -6.64768586572924 
135.87145457 8.8013271 20.761 -6.6475303939356 
138.02889696 10.07430287 20.761 -6.64733472507062 
127.26539315 1.20453621 20.761 -6.64787728964712 
129.42283554 2.47751198 20.761 -6.64794016962994 
131.58027794 3.75048775 20.761 -6.64793415344068 
133.73772033 5.02346352 20.761 -6.64786527569203 
135.89516273 6.2964393 20.761 -6.64774148056608 
131.60398609 1.24559995 20.761 -6.64800345225944 
133.76142849 2.51857572 20.761 -6.64797014277823 
