66.1608874357752 112.104056117553 17.4942043502067 -6.64816037645117 
68.3347145734476 113.349403643656 17.4941989276929 -6.64817765922536 
70.5087365930214 114.594304866168 17.4941056415112 -6.64817795090311 
63.9776169557369 108.353019544626 17.4938710313887 -6.64820961728843 
66.1516531501409 109.599131562105 17.4940464683739 -6.64819468875702 
68.3257368807047 110.844932568802 17.4941124365675 -6.64819322631142 
70.5000638388999 112.090252095512 17.4940851847968 -6.64819014108767 
72.6745989916804 113.335032951013 17.4939150350123 -6.64821452223833 
74.8494922027761 114.579056700205 17.4936107100999 -6.64824893176397 
61.7926166264441 104.60121405132 17.4931284998464 -6.64830271637359 
63.967114596403 105.847872525321 17.4934859172842 -6.64825827714843 
66.1415548743179 107.094281134709 17.4937565298604 -6.64823860840146 
68.3160982594438 108.340387061149 17.4939092262726 -6.64821714289258 
70.4906981231363 109.586143337313 17.4939659482145 -6.64820494967633 
72.6654827425592 110.831332529124 17.4938764557167 -6.64823162610186 
74.8405747662614 112.075839863911 17.4936574654847 -6.64824195465075 
77.0159832935369 113.319578266195 17.4932644984935 -6.64829532157144 
79.1918347574187 114.562323886078 17.4926738460187 -6.64836718605605 
59.6050378002908 100.84880288842 17.4918759465987 -6.64846345147084 
61.780413168105 102.095768166436 17.4924486124256 -6.64839213764944 
63.955548714577 103.342678805626 17.4929231203361 -6.64833419934292 
66.1306022361202 104.58938196709 17.4932998655107 -6.64828827579359 
68.3055514955781 105.835866254105 17.4935652596053 -6.64825709679852 
70.4805483982903 107.081920976119 17.4937217592875 -6.64823930331951 
72.6556945350771 108.32750016167 17.4937346970473 -6.64825647093597 
74.8310073169801 109.572490484034 17.4936106945288 -6.64826113839499 
77.006602293724 110.816687950659 17.4933114042056 -6.64828884222209 
79.1825326789785 112.059989518911 17.4928272518634 -6.64836274526925 
81.3589161921235 113.302196330339 17.4921361430654 -6.64843283395094 
83.5358463385911 114.543168707756 17.4911982348157 -6.64854025612656 
57.4140526201359 97.0963749231951 17.4900107715137 -6.64869241000034 
59.590671592454 98.3433367943556 17.4908233624867 -6.64859072994501 
61.7668726841271 99.5904113606833 17.49152571895 -6.64850622959994 
63.9427793238758 100.837471110624 17.4921397085393 -6.64844611640875 
66.1184592283097 102.084445795946 17.492641159635 -6.64838570924445 
68.293998426029 103.331179302037 17.4930362040163 -6.64833117766505 
70.4694933302021 104.577573462942 17.4933149943446 -6.64830953640329 
72.6449805089506 105.823553220442 17.493446688024 -6.64829103623728 
74.8206430877009 107.068927771856 17.4934420177444 -6.64828624042244 
76.9964556638024 108.313605213799 17.4932547691397 -6.6483270579495 
79.1725943586068 109.557375336883 17.4928851886523 -6.6483598513454 
81.3490592326813 110.800148054283 17.4923033676265 -6.64842440049442 
83.5260104021549 112.04171329552 17.4914843376051 -6.64851515292761 
85.703492359308 113.281959541052 17.4904221922313 -6.64865847742279 
87.8816262430932 114.520671891497 17.4890926379428 -6.64880021613326 
55.2188860036772 93.3441666229148 17.4874998501534 -6.64899261369512 
57.3970568611181 94.590867156088 17.4885515135058 -6.64886231082439 
59.5746574004399 95.837903290243 17.4894981747126 -6.64873043804112 
61.7517808341843 97.0851180401202 17.4903461643885 -6.64864906383536 
63.9285423865457 98.3323443979462 17.4910962175116 -6.64856084757328 
66.1049812582512 99.5795001566708 17.4917389783291 -6.64849943466272 
68.2811781275913 100.826450837644 17.4922801738396 -6.64844417411779 
70.4572592842717 102.073136308342 17.4926955070997 -6.64840289693635 
72.6332726088736 103.31943106486 17.4929737838771 -6.64836801992644 
74.8092823624768 104.565201786443 17.4931084541582 -6.64835079371148 
76.9854437121908 105.810266908291 17.493057425023 -6.64836393426617 
79.1618114272482 107.054512325308 17.4928186570512 -6.64838232987671 
81.3384821924532 108.29778142122 17.4923660205793 -6.64843445432779 
83.5155187074563 109.53992596603 17.4916691706169 -6.64851963266051 
85.6929794140547 110.78077461334 17.4907283498259 -6.64863507858642 
87.8710621280234 112.020158131969 17.4895229690362 -6.64876486291038 
90.0497776413602 113.257948468544 17.4880537060438 -6.64895898321552 
92.2292317845943 114.494000832034 17.486335856601 -6.64915871386816 
53.0189055129819 89.5927028193867 17.4843905001377 -6.64940117945842 
55.1989282405445 90.8389218205503 17.485656585956 -6.64923998143322 
57.3782197194155 92.0855710528104 17.48682181567 -6.64907400550582 
59.5569057349335 93.3325845553827 17.4878910736921 -6.64892260520535 
61.7350491364025 94.5798408070116 17.4888735652108 -6.6488168033289 
63.9126939106376 95.8272114159534 17.4897613975814 -6.64870551078505 
66.0899533010494 97.0745410753588 17.4905553782828 -6.64861895565455 
68.2669381233989 98.3217038104302 17.491248917291 -6.64856432329907 
70.4436787896278 99.5686221092915 17.4918160623742 -6.64849809440917 
72.6202509370231 100.815189601049 17.4922642170075 -6.64845508908498 
74.7968177865822 102.061255339041 17.4925540629688 -6.64843826769645 
76.9733628754049 103.306704030444 17.4926630199778 -6.64841634562248 
79.1500617292878 104.551379222452 17.4925881052631 -6.64843450273638 
81.3269924281982 105.795104546265 17.4922766316726 -6.64846726964629 
83.5041694367929 107.037776734531 17.4917249154219 -6.64854028374991 
85.6817967892557 108.279180890631 17.4909179158298 -6.64863293239278 
87.8598554602056 109.519231546715 17.4898353790475 -6.64875304395084 
90.0385218040189 110.757672974675 17.4884869833443 -6.64892741813395 
92.2178168769624 111.994423417879 17.4868795700044 -6.64911571300971 
94.3978327015437 113.229344833192 17.4850403003716 -6.64935620506131 
96.5785672897409 114.462395702948 17.4830052683988 -6.64961593952922 
50.8135013779898 85.8423532392359 17.4808316915383 -6.64987217486897 
52.9956583048338 87.0877763469488 17.4822658384979 -6.64965181897809 
55.1769736273589 88.333831905713 17.4835964271021 -6.64946787098702 
57.3575174259907 89.580438128336 17.4848422201302 -6.64930036507773 
59.5373229439975 90.8274458189015 17.4860111488041 -6.64916090367593 
61.716472531309 92.0746771147422 17.4871018003953 -6.64901732459985 
63.8951224902109 93.3220769575976 17.4881202384424 -6.64890255451345 
66.0732998995986 94.5694994783286 17.4890545455366 -6.64880875559107 
68.2510711200032 95.8168281475262 17.489894676475 -6.64870647484325 
70.4285761905198 97.063970305141 17.4906330526026 -6.64864576798182 
72.605870603643 98.3107702103143 17.4912490589607 -6.6485836504712 
74.7829749924175 99.5571320760133 17.4917141125263 -6.64854254254696 
76.960048157286 100.802904873019 17.4920152551197 -6.64851993380988 
79.1371722470754 102.047950986872 17.4921186662457 -6.64850985560302 
81.3143786097116 103.292131054525 17.4919860157496 -6.64853769560257 
83.4918738289713 104.535254666656 17.4916084762329 -6.64858026888232 
85.6696633600318 105.777234947314 17.4909563176869 -6.64865560563956 
87.847850990514 107.017844250257 17.4900110517998 -6.64876359742325 
90.026515356323 108.256926183167 17.4887871095985 -6.64891056652848 
92.205773856891 109.49434061552 17.4872899889086 -6.64910768068103 
94.3856719414999 110.729949353596 17.4855436579772 -6.64931932906719 
96.5662654250718 111.96367503828 17.4835913475371 -6.64956987345692 
98.7475373155137 113.195406903966 17.4814752089369 -6.64982485069049 
100.929466364115 114.425149425768 17.4792539457924 -6.65011112845171 
48.6024431419843 82.0936966013532 17.4769871860054 -6.65035708978748 
50.7869884490291 83.3379987798188 17.4785779722711 -6.65014573349964 
52.9704825881531 84.5831350749066 17.4800248775949 -6.64993368542382 
55.1530377410375 85.829003502563 17.4813760489155 -6.649724173785 
57.3347529710578 87.0754754452968 17.4826561005326 -6.64953088799113 
59.5157385496182 88.3223622554295 17.483879427206 -6.64937578976521 
61.6960525343411 89.5695987683644 17.4850551748295 -6.6492479108233 
63.8756998296068 90.817034212504 17.4861713595537 -6.64911896681799 
66.0548126215888 92.0644926309283 17.4872255101856 -6.6490072651753 
68.2335125560299 93.3119237114922 17.4882039882045 -6.64890693977855 
70.4118095485639 94.5591961603536 17.4890968335753 -6.64880749562069 
72.5897992212417 95.8061955716141 17.4898816192955 -6.64873967179981 
74.7676308792413 97.0527791521097 17.4905360489193 -6.64868877133911 
76.9453112415938 98.2988512035453 17.4910385050563 -6.6486458878351 
79.1228907385989 99.5442412455625 17.4913433600758 -6.64863499364683 
81.3005699725369 100.788786611974 17.4914233255642 -6.64862844310531 
83.4783778703668 102.032412730329 17.4912510600937 -6.64865245683485 
85.656427335556 103.274864269133 17.4907789628899 -6.64870147917167 
87.8348201789605 104.516006406062 17.4900064232327 -6.64879130198571 
90.0135938760228 105.755703384666 17.4889253272542 -6.64894501258932 
92.1929074876578 106.993746157188 17.4875458489842 -6.64910187258205 
94.3727612114815 108.230042087494 17.4858950693197 -6.6493117503771 
96.5532678126861 109.464396924838 17.4840132700353 -6.64954470406655 
98.7343838818732 110.696774616033 17.4819488128357 -6.64982390962959 
100.916211572578 111.927082425113 17.4797518569769 -6.6500903469785 
103.098561682895 113.155391422144 17.4774827981596 -6.65037931372626 
105.281489020037 114.381763517776 17.4751861232537 -6.65062942040938 
46.3857579012393 78.3473897995043 17.4729107372195 -6.65090026337578 
48.5726538757088 79.5901394927454 17.4747295294852 -6.65062075725785 
50.7585067808718 80.8339989662879 17.4763074976707 -6.65037407850326 
52.9433662946121 82.0788077549802 17.4777328037141 -6.65017112022253 
55.1271943400069 83.3244303374896 17.4790611540603 -6.64999097718862 
57.3101075013871 84.5706786766737 17.4803319997334 -6.64981610244041 
59.4922054243859 85.8174270841729 17.4815627016406 -6.64964159226242 
61.6735670625049 87.0645738020898 17.4827674864986 -6.64946426094089 
63.8542987249063 88.3119515876456 17.4839404324979 -6.64933746401994 
66.0344511862688 89.5594497295504 17.485077360659 -6.64922331913152 
68.2140464626431 90.8069747143167 17.4861692223053 -6.64911295923462 
70.3932077184459 92.0543432813856 17.4871942091212 -6.64902058135031 
72.5720458943593 93.3014672328492 17.4881352319719 -6.64893210450141 
74.7505617761067 94.548274730958 17.4889721768471 -6.64886152915811 
76.9288707314692 95.7945548765173 17.4896701556561 -6.64880425454549 
79.1071211728501 97.0402027058445 17.4901934088617 -6.64877160531739 
81.2852736715698 98.2851492460738 17.4905055378711 -6.64875382741214 
83.463510658459 99.5291579471344 17.4905599794894 -6.64876121791585 
85.6419222719575 100.772061114895 17.4903145393603 -6.64878988863323 
87.8205559876562 102.013739512304 17.4897512342288 -6.64887608446365 
89.9995741135603 103.25397419311 17.4888482288457 -6.64898357933598 
92.178981145132 104.49265300161 17.4876091558504 -6.64913334771266 
94.3589089532029 105.729555452594 17.4860669562709 -6.64932712553427 
96.5393670975473 106.964573175688 17.4842587678977 -6.64957136730716 
98.7204784624628 108.19756941489 17.4822359678937 -6.64982376602305 
100.90217780234 109.428496611291 17.480059001657 -6.65010102566096 
103.084441729901 110.657298836399 17.4777748306758 -6.65041305382359 
105.267263620898 111.884088609444 17.4754343356267 -6.65065979521617 
107.450441033985 113.108986259427 17.4730807203465 -6.65095999677064 
109.633927602533 114.332203069165 17.4707460970975 -6.65118286241731 
44.1638670610892 74.603991078237 17.4684638592425 -6.65141577367943 
46.3531735037049 75.8448802344043 17.4706898369143 -6.65111107647349 
48.5413556538933 77.0871011835459 17.4725264202688 -6.65087236338649 
50.7284265320716 78.3304517425071 17.4740829303946 -6.65063217307167 
52.9144164239771 79.5748343450849 17.4754625420949 -6.65040846932554 
55.0994357437424 80.820095985686 17.4767313820376 -6.65021196974507 
57.2835584665333 82.0660786271373 17.477944022576 -6.65005197085916 
59.4667939281571 83.3126501521111 17.4791346752756 -6.64989931872861 
61.6492318147783 84.5596376978377 17.4803160193899 -6.64973961505136 
63.8309583568886 85.8068962637568 17.481491487115 -6.64959357290284 
66.0120662374847 87.0543692341364 17.4826621738514 -6.64945428475655 
68.1926252724967 88.3018729713504 17.483813002601 -6.64933035037517 
70.3727152356918 89.5493143913953 17.4849309153556 -6.6492367941333 
72.5523468286726 90.7965992643285 17.4859974298669 -6.64913908393602 
74.731656802201 92.043535058503 17.4869871745348 -6.64905835990456 
76.9107319091419 93.2900083999689 17.4878664674733 -6.64899930781741 
79.0895737329224 94.5359380199171 17.4886022329329 -6.64893841073436 
81.2683432936383 95.7811484799581 17.4891503923665 -6.64891116601005 
83.4471098730728 97.0254862884668 17.489453503039 -6.64889736372692 
85.6259103837367 98.2688429803263 17.4894692623003 -6.6489351818676 
87.8049395503752 99.5109789221397 17.4891536175174 -6.64898494284471 
89.98420448963 100.751770160328 17.4884676646548 -6.64906005445235 
92.1638356214191 101.99099224953 17.4874164050541 -6.64920601995192 
94.3438764064769 103.228510124557 17.4860102723009 -6.64937867435765 
96.5244332549964 104.46416175954 17.4842934592454 -6.64961056581294 
98.7055573253447 105.697790329104 17.4823172181576 -6.64985022805247 
100.887189489772 106.929302889813 17.4801498141702 -6.65015725978689 
103.069428203625 108.158651204181 17.4778419719065 -6.65044785931495 
105.252195899331 109.385887728987 17.4754472882795 -6.65072804435372 
107.435385179777 110.611107430422 17.4730078892139 -6.65103528079164 
109.618840909678 111.834513678259 17.4705501915704 -6.65129690973635 
111.802439855547 113.056227766947 17.4681087385621 -6.65155719059358 
113.986008861649 114.276562350073 17.4657247894218 -6.65176901844359 
41.9374989632829 70.8642849150842 17.4634463287976 -6.65197331655938 
44.1290771265469 72.1028059367647 17.4662801989858 -6.65164031467396 
46.3194676243304 73.3429324051326 17.4685678603005 -6.65132588337632 
48.5086905663594 74.5845366336353 17.4704203738933 -6.65107252981707 
50.6968314273814 75.8273753301731 17.4719565815841 -6.65085141346005 
52.8839415539076 77.0712580597978 17.4732746622804 -6.65064620037122 
55.0700678659764 78.3160759046233 17.4744619957581 -6.65046838467197 
57.2552321415988 79.5617065400886 17.475582286815 -6.65028170617332 
59.4395110871888 80.807991171841 17.4766811221901 -6.65011677859394 
61.6230257233099 82.0547773825601 17.4777840837314 -6.64998003738337 
63.8057594551835 83.3019111383648 17.4789058017708 -6.64985101528277 
65.9878279716365 84.5492738922662 17.4800496143186 -6.6497184672718 
68.1692962933969 85.7967213400502 17.4812040344166 -6.64959840375545 
70.3502324747639 87.0441647768247 17.4823595713677 -6.64947507649152 
72.5307393756665 88.2914917339401 17.4834992845223 -6.64937807944884 
74.7108435502418 89.5385286124458 17.4845946542183 -6.64928319924205 
76.8906302610564 90.7851883311883 17.4856219229021 -6.64922016942217 
79.0702158977712 92.0313124801503 17.4865416148793 -6.64915492961785 
81.2496275396446 93.276768348921 17.487304445693 -6.64911023587666 
83.4289441328454 94.521439807637 17.4878594391849 -6.64910259579608 
85.6082921006998 95.7651539043642 17.4881462917304 -6.64909437651527 
87.7877074185167 97.0077565249167 17.4881044220001 -6.64912837814067 
89.9673490333976 98.2490143790506 17.4876852564716 -6.6491999815991 
92.1472468903272 99.4887809169855 17.4868685325011 -6.64931255030307 
94.3275140692301 100.726891121476 17.4856471344349 -6.64947349277179 
96.5082338919089 101.963135026436 17.484054083111 -6.64967854077548 
98.6893856720471 103.19737981802 17.4821475691843 -6.64993377954643 
100.871099711993 104.429475896679 17.4799913961885 -6.65023297679664 
103.053340338147 105.659402116136 17.4776542813768 -6.65051374122074 
105.236130354457 106.887110328091 17.4751967565729 -6.65083969376174 
107.419271037706 108.112714933272 17.4726552332072 -6.65113830880478 
109.602803425591 109.33631779795 17.4700666636926 -6.65143410949969 
111.786487891494 110.558136121891 17.4674590081582 -6.65170931121431 
113.970182706367 111.77837135284 17.4648711840593 -6.65194683431041 
116.153680329501 112.99728112612 17.4623540952275 -6.65216867284772 
118.336819013343 114.215149291329 17.4599927484079 -6.65235501398834 
39.7075457278224 67.1286974500995 17.4578903567931 -6.65249850500905 
41.901106731813 68.3646090737541 17.4613541488503 -6.65212419650794 
44.0935286678085 69.6023479375528 17.4642425821689 -6.65179872011106 
46.2848175890519 70.8417078223829 17.4665845420064 -6.65153195886769 
48.4750012270052 72.0825091978777 17.4684589535905 -6.65128009061721 
50.6641107728037 73.324689620784 17.4699731175907 -6.65103982919172 
52.8521578887586 74.5680774699324 17.4712293211646 -6.65085528357458 
55.0392089696805 75.8124263822001 17.4723208367017 -6.65068232155389 
57.2253705551165 77.0576089245886 17.4733266087508 -6.65050957177811 
59.4106421868392 78.3035246448239 17.4742977604363 -6.6503552197901 
61.595058590224 79.5500032631258 17.4752761987978 -6.65020866293005 
63.7787341052459 80.7969414086105 17.4762873633697 -6.65007658130946 
65.9617166504111 82.0441505671979 17.4773385166818 -6.64994664463924 
68.1440782135028 83.2915175395621 17.4784310600301 -6.64983991753996 
70.3258734115321 84.5389425163539 17.4795591274534 -6.64973563550457 
72.5071803350479 85.7862385777979 17.4807054036795 -6.64962551013829 
74.6880836796076 87.0333287073557 17.481848848385 -6.64954736239729 
76.8686385917393 88.2800907046979 17.4829629081309 -6.6494616074958 
79.048902445402 89.5263725496603 17.4840115045523 -6.64938578860687 
81.2289731897436 90.7720435741926 17.4849506093196 -6.64934900667697 
83.4089315797652 92.0169858674916 17.485725478404 -6.64930716485441 
85.588804184113 93.2610543557349 17.4862703840704 -6.64928841436941 
87.7687447295993 94.5040089359091 17.4865129272314 -6.64931845986036 
89.9488001243994 95.7457120201933 17.4863916339923 -6.6493706306507 
92.1290412145031 96.9859961477885 17.4858521799379 -6.64946864965398 
94.309614484875 98.2246363480746 17.4848694875179 -6.6496059669156 
96.4904982562117 99.461469989091 17.4834573765742 -6.6498078675222 
98.6718297156369 100.69629103728 17.4816563933586 -6.65004239078182 
100.853651283925 101.929016845241 17.479537268764 -6.65033841221423 
103.035992343077 103.159483221086 17.4771749233061 -6.65063658183208 
105.218786997479 104.387711096271 17.4746434661333 -6.65097342090366 
107.401991087046 105.613719219941 17.4719905987615 -6.6512850548114 
109.585627466594 106.837621119437 17.4692540267218 -6.65160494134787 
111.769408885016 108.059578887833 17.4664697931505 -6.65190816375525 
113.953270284538 109.279766611683 17.4636673160498 -6.65216861656653 
116.136961193146 110.498499903596 17.4609097265119 -6.65241547649617 
118.320356971872 111.716001308341 17.458282572056 -6.65263534708998 
120.503231193152 112.932626628071 17.455899547453 -6.65278941717366 
122.685423866634 114.148604527062 17.4539079845055 -6.65290458190481 
37.4749811111532 63.3978861237227 17.4524373982035 -6.65295798669998 
39.6702793793515 64.6308655779409 17.4561670935007 -6.65261221886404 
41.8644785248012 65.8657830423014 17.4595398706831 -6.65227069257869 
44.0575685369387 67.1025429160436 17.4624248831137 -6.65194282186319 
46.2496200070949 68.341061732057 17.4647913824278 -6.65166805876743 
48.4405902187144 69.5811575602554 17.4666864718739 -6.65145148992499 
50.6304599984072 70.822592008505 17.4681822939492 -6.6512415487141 
52.8193317338166 72.0652459983465 17.4693786696498 -6.65104429432802 
55.0072467318984 73.3090410556316 17.4703726462182 -6.65086066375433 
57.1942079511577 74.5537865444979 17.4712469701423 -6.65070778537881 
59.3802749747906 75.7992868918299 17.4720697065292 -6.65057378081466 
61.5655684846934 77.0453959189097 17.4728893645023 -6.65044086086165 
63.7500941545235 78.292009496928 17.4737413690979 -6.65030320613413 
65.9338814648906 79.5389907418843 17.474645212189 -6.65018303701024 
68.1170372662144 80.7862079714052 17.4756112037354 -6.65006843455345 
70.299631641921 82.0335247848136 17.4766405516912 -6.64995688666089 
72.481721067843 83.2808029976547 17.4777193157584 -6.64987740635141 
74.6633694668093 84.5279293070344 17.4788351236797 -6.64978858494768 
76.8446423301754 85.7747521337965 17.4799652069746 -6.64970552028378 
79.0256234328036 87.0211260696735 17.4810734845436 -6.64964678943116 
81.2063562825403 88.2669697582 17.4821233652834 -6.64959301249428 
83.3869195520813 89.512147043582 17.4830594866237 -6.649543667871 
85.5674053885179 90.7564458534616 17.4838176676974 -6.64953579440673 
87.7478689443172 91.9997446395377 17.4843211630881 -6.64955097331385 
89.9283725672361 93.2418595165417 17.4844926166983 -6.64958208464253 
92.1090478083245 94.4825854364297 17.4842563998134 -6.64966729294991 
94.289922698154 95.7217339723862 17.4835586594281 -6.64980064639787 
96.4711011666467 96.9590964113507 17.4823834647164 -6.64997174023957 
98.6526476426414 98.1945371577787 17.4807460959724 -6.65020766542011 
100.83465329628 99.4278174145749 17.4787051722115 -6.65049278043052 
103.01710221709 100.658859528358 17.4763434467052 -6.65079057572517 
105.199998673245 101.887613896948 17.4737402083454 -6.65115767396159 
107.383376519664 103.114076524215 17.4709661816565 -6.65146979833957 
109.567076481646 104.33834033561 17.4680713435396 -6.65184416865304 
111.751014858452 105.56044993055 17.4650904547139 -6.65213897630739 
113.935053855045 106.780715777333 17.4620673169933 -6.65243709121486 
116.119015190193 107.999302204285 17.4590600514829 -6.65272559520489 
118.302694088904 109.216543247102 17.4561651293743 -6.65296179490514 
120.485906702948 110.432707908591 17.4535058417406 -6.6531337731121 
122.668477243279 111.648068174514 17.451251678106 -6.65327764978103 
124.8502236287 112.862953170487 17.4495640342469 -6.65333738068146 
127.030950069355 114.07765728536 17.4485626169362 -6.65333281828555 
35.240950740549 59.67188127209 17.4482796243033 -6.65325770024965 
37.4375240459122 60.9018550441305 17.4515783832399 -6.65294012635812 
39.6332248237346 62.1338304008945 17.4549261036475 -6.6526416459436 
41.8279351203015 63.3677805773906 17.4580898531573 -6.65233660802521 
44.0215988198781 64.6035779536521 17.4608979704713 -6.65208241318071 
46.2141750697137 65.8410984318121 17.4632527761162 -6.65181989157052 
48.405708592001 67.0802814583757 17.4651472616785 -6.65156695518477 
50.5962736432164 68.3209865819188 17.4666252337037 -6.65137393283668 
52.7858204244069 69.5629753972235 17.4677692755328 -6.65121957138363 
54.9743690485135 70.8060683512035 17.4686719506049 -6.65105392883639 
57.1620068068521 72.0501769652739 17.4694137794727 -6.65089161810787 
59.3488043268277 73.2951809603464 17.4700734303706 -6.65075263516489 
61.5347667510751 74.5409266423227 17.4707130937617 -6.65063154232696 
63.7199569006135 75.7872028671357 17.4713735352607 -6.65051415549193 
65.9045017842296 77.0338543660317 17.4720871412922 -6.65041787313333 
68.0883993849475 78.2808291866956 17.4728714263051 -6.65030493318004 
70.2716611208708 79.5279704938803 17.4737347115354 -6.65020348049796 
72.45442476945 80.7751483676847 17.4746744500935 -6.65011155674301 
74.6367708124444 82.0222382924949 17.4756847106293 -6.65002716895435 
76.818706954447 83.2690697281851 17.4767457749162 -6.64996181504924 
79.0003313491285 84.5155409775755 17.4778302842002 -6.64989513163408 
81.181705541117 85.7615078673103 17.4789065833648 -6.6498362836662 
83.3628976310878 87.0068176709614 17.4799222297345 -6.64980905039636 
85.5439405460607 88.2513507863347 17.4808197079877 -6.64979995408359 
87.7249445184065 89.4949392743062 17.4815243700869 -6.64979862215148 
89.9059537592099 90.7374037879124 17.4819488640481 -6.6498392935924 
92.08704035309 91.9785374233584 17.4820031405314 -6.64990907821575 
94.268324886059 93.2181325827081 17.4816102595683 -6.65003112082278 
96.4498134219392 94.4560350462694 17.4807142848787 -6.65018972257898 
98.6316637903841 95.692002443101 17.4793002910628 -6.65042630345585 
100.813874394162 96.9258434369099 17.4773998987363 -6.65069457036759 
102.996482418811 98.1574825440758 17.4750808368247 -6.65100741693786 
105.179599798621 99.3867734187582 17.472432294134 -6.65137518972266 
107.363093344676 100.613739767632 17.4695382654984 -6.65171197066868 
109.546972748415 101.838336439161 17.4664737262064 -6.65211821085811 
111.731096939796 103.060748883209 17.4632833941617 -6.65242452842255 
113.915370663324 104.281119783492 17.4600208301174 -6.65277760939658 
116.099600882351 105.49966255423 17.4567554003768 -6.65308513729204 
118.283607738628 106.716693282641 17.4535831634057 -6.6533404183409 
120.467234410915 107.932464993007 17.4506524791907 -6.65354389907289 
122.650243516341 109.147311802037 17.4481437585692 -6.65371761549778 
124.832449440696 110.361506800136 17.4462465917318 -6.65377660063122 
127.013705934771 111.575399971179 17.4451201710743 -6.65377610102687 
129.193877002663 112.789313498591 17.444815155141 -6.65369005067921 
131.372844859996 114.003678828011 17.4452635108408 -6.65351591816147 
33.0071836066364 55.9502143347915 17.446281691959 -6.65327992005902 
35.2042600726819 57.1776199523226 17.4486212848301 -6.65311015717198 
37.4008662205862 58.4067254754503 17.4513325623542 -6.65289101828696 
39.5967524242675 59.6376742568857 17.4542235500455 -6.65262839308043 
41.7917447731858 60.8705216106854 17.4570844356089 -6.65237191902515 
43.9857832393387 62.105309717221 17.459727173362 -6.65212790973241 
46.1788096854286 63.3418972534899 17.4620197933764 -6.65191253742453 
48.370814521142 64.5801158626178 17.4638909985282 -6.65170296843944 
50.5617890108042 65.8198684570642 17.4653459474266 -6.65151763283392 
52.7518139829535 67.0610551054566 17.4664442498423 -6.65133098732117 
54.9409342198953 68.3034892613463 17.4672591867198 -6.65118128176504 
57.1291324384472 69.5469786190512 17.4678781724671 -6.65107362057862 
59.3164308957692 70.7913539190112 17.4683785271687 -6.65094038294643 
61.5029420253043 72.0365239899617 17.468826139194 -6.65080649593028 
63.688730322398 73.2823694198165 17.4692757336336 -6.65070075989886 
65.8738122026522 74.5287382288959 17.4697666644668 -6.65060611817201 
68.0582492321781 75.7754332124926 17.4703294177355 -6.65051218505182 
70.2421648919589 77.0223160869488 17.4709753024643 -6.65042460090867 
72.4255411810344 78.2693199287837 17.4717145931874 -6.65035366216582 
74.6084158495041 79.5162916324287 17.4725457143244 -6.65026714308866 
76.7909324070809 80.7630724494733 17.473455713048 -6.65020790613063 
78.9731666871424 82.0095443188817 17.4744297404038 -6.65015692810004 
81.1550833193281 83.2555858497834 17.4754380208962 -6.65011019918773 
83.3367964036082 84.5010249428386 17.4764394653182 -6.65007773212636 
85.5184209812414 85.7457427673571 17.4773815229721 -6.65006685778786 
87.699913843319 86.9895745799999 17.4781937621091 -6.65006838797511 
89.8813959244782 88.2323291533142 17.4787932854323 -6.65011741784971 
92.0629710621909 89.4738054792431 17.4790826937882 -6.65018733867789 
94.2446205503016 90.7138514318663 17.4789667136884 -6.65029922970534 
96.4265238972354 91.9522134553873 17.4783606746752 -6.65047238267979 
98.6086901799917 93.1886624354901 17.477207670074 -6.65067533542005 
100.791121352074 94.4230876137314 17.4755063160812 -6.65095337179134 
102.974032399548 95.655275509572 17.4732885852496 -6.65126951420441 
105.157284968022 96.8851512023013 17.4706365658246 -6.65163308371536 
107.34100418563 98.1125904870454 17.4676480005972 -6.65200733463958 
109.525084331762 99.3376190390281 17.4644101759599 -6.65241980651692 
111.709452460132 100.560366113253 17.4610005125979 -6.65276675205524 
113.893981014701 101.780891383721 17.457484458237 -6.6531726561097 
116.078493890511 102.999502223778 17.4539435246952 -6.65349412949665 
118.262920903296 104.216387492087 17.4504908191766 -6.65377207787518 
120.446963275855 105.431879352188 17.4472831633555 -6.65402988140388 
122.630477084342 106.64625871705 17.4445271620286 -6.65421101037706 
124.81322578492 107.85983981092 17.4424310423562 -6.65429585990639 
126.995087564464 109.072978347634 17.4411915831782 -6.65428855270562 
129.175861324773 110.286047109605 17.4408893813448 -6.65421490423945 
131.355463430332 111.499458894125 17.4414671870568 -6.65399848839595 
133.533750787579 112.713614314107 17.44274577668 -6.65376322570524 
135.710766871543 113.928852538418 17.4444728609275 -6.65343012181965 
30.775756793014 52.2318654514558 17.4464175178776 -6.65309020980878 
32.9723415179906 53.4572532070236 17.4476565381912 -6.65303145063747 
35.1689415142396 54.6839713516514 17.4494237584733 -6.65290507135555 
37.3652795178519 55.9122831035891 17.451603186873 -6.65273486801044 
39.5611274555827 57.1423176109551 17.4540342179893 -6.6525569219807 
41.7562430924276 58.3741346060294 17.4565460991743 -6.65237154190757 
43.9504733163402 59.6077836614718 17.4589631776137 -6.65215104998825 
46.1437419409321 60.8432877926368 17.4611305461811 -6.65195336821555 
48.33604427134 62.0805451905407 17.4629480065427 -6.65177096585619 
50.5273804080623 63.3193834528949 17.4643751722766 -6.65161101323515 
52.7177556016469 64.5596450514045 17.4654333110702 -6.65147183384026 
54.907195061128 65.8012311836697 17.4661759745566 -6.65131577621457 
57.0957508106012 67.0439922740998 17.4666805715361 -6.65118904151712 
59.2835154312279 68.287775592876 17.4670314059179 -6.65107158789167 
61.4704567824123 69.5324000421828 17.4672922192131 -6.65098525805499 
63.6566118866423 70.7776898100098 17.4675276020212 -6.65089264703147 
65.8421198615646 72.0235729475393 17.4677837651852 -6.65077802328551 
68.0270262428081 73.2699051266048 17.4680944772533 -6.65069415174837 
70.2113567073415 74.5165428413683 17.4684880834975 -6.6506167197765 
72.3951542833472 75.7633393041997 17.4689773494926 -6.65054391739577 
74.5785460970012 77.0101219178917 17.4695696963853 -6.65048614710335 
76.7615518311295 78.2568020598411 17.4702594653949 -6.65043335271328 
78.9441682018629 79.5032344481752 17.4710416023545 -6.65038669583456 
81.1265766782746 80.7492544935681 17.4718920857314 -6.65035393525034 
83.3088006516252 81.994766521032 17.4727781508272 -6.6503401242193 
85.4908195465246 83.2396261992497 17.4736593001254 -6.65032884066616 
87.6727906246952 84.4836312202925 17.4744711300686 -6.65034947738341 
89.854760856631 85.7266052053419 17.4751370122823 -6.65039731593639 
92.0367149534019 86.9684193529608 17.4755672067075 -6.65047462753517 
94.2188050372231 88.2088213981286 17.475654904761 -6.65060526930403 
96.4010803649798 89.4475902035961 17.4752965860227 -6.65075956565712 
98.5835382084314 90.6845543001288 17.4744064676015 -6.65098627147826 
100.766353912749 91.9194773346197 17.4729328084226 -6.65125361157416 
102.949478161768 93.1522333667399 17.4708717237535 -6.65156913140571 
105.132967759335 94.3826281653151 17.4682748318977 -6.65195583871418 
107.316934374574 95.6106002985419 17.4652299520154 -6.65234033677121 
109.501201590349 96.8361324477824 17.4618405821705 -6.65278296338328 
111.68586969111 98.0591992721649 17.4582068833478 -6.65316207071411 
113.8706409883 99.2800045834524 17.4544271803978 -6.65361696336658 
116.055561165644 100.498717386002 17.4505953960936 -6.65396044505272 
118.240376686368 101.715574491088 17.4468463472436 -6.65428187572195 
120.424875690933 102.930867599253 17.4433600130497 -6.65459103761555 
122.608949341704 104.144864656178 17.4403496002851 -6.6547672172038 
124.7923210956 105.357930841795 17.4380663377093 -6.65488174441757 
126.974858059703 106.570402058474 17.4367237206577 -6.65488819833413 
129.156342300468 107.782685678584 17.4364405846687 -6.65480326332469 
131.336671935835 108.995209312068 17.43717782156 -6.65456705193812 
133.515705740678 110.208396096235 17.4387538700074 -6.65429438818889 
135.69344511264 111.42264457557 17.4408948518703 -6.65390931342458 
137.869808187546 112.638305494433 17.4433172451259 -6.65350639180966 
140.044836609409 113.855633109062 17.445818269775 -6.65308866094225 
28.5484030786786 48.5154275623968 17.4482775232607 -6.65268960430702 
30.7436822322135 49.7396147006663 17.4484122567059 -6.65273525447223 
32.9393877038732 50.9646885152845 17.4491885040924 -6.65272605757318 
35.1353040354918 52.1909064868057 17.4505006713879 -6.65269469768596 
37.3311348423587 53.4184614567114 17.4522348411077 -6.65257624978299 
39.5266493148379 54.6475789698178 17.4542595545845 -6.65244058532978 
41.7216484643762 55.8784367474726 17.4564317382162 -6.65228725861994 
43.9159004021956 57.1110499028744 17.4585971001231 -6.65213605489911 
46.109279384961 58.3454228883946 17.4606053053009 -6.65197582663293 
48.3017380384465 59.5815523423057 17.4623380746623 -6.65182005997876 
50.4932341463336 60.8193682618129 17.4637262256913 -6.65166843056649 
52.6837986290504 62.0587344416665 17.4647476481003 -6.65152188430965 
54.8734876975853 63.2994408834406 17.465435207575 -6.65143127533856 
57.0623051184337 64.5413476785436 17.4658513543253 -6.65132233743566 
59.250279787441 65.7843722201079 17.4660664295912 -6.65120573452464 
61.4374624328695 67.0283475179045 17.4661549407572 -6.65110507482083 
63.6239612430705 68.2731322985036 17.4661824071258 -6.65102140761337 
65.8097680655255 69.5185388591152 17.4662032978944 -6.65094954808918 
67.9949156810052 70.7643941093565 17.4662575378017 -6.65087416181049 
70.1795565732966 72.0106208063599 17.4663784644896 -6.65080143009788 
72.3637035901252 73.2570978473488 17.4665879759959 -6.65072996429234 
74.5473889094456 74.503685294869 17.4668980944895 -6.65067215952391 
76.73067313803 75.7502198616872 17.4673164608314 -6.65063132646288 
78.9136868492128 76.9965384636262 17.4678393947924 -6.65059921693608 
81.0964352995361 78.2425137549667 17.4684514193195 -6.65057513977589 
83.2789479442346 79.4880406065325 17.4691353987525 -6.65056376478103 
85.4613740750139 80.7329445630363 17.46985210165 -6.65058563841784 
87.6437221516779 81.9770782853876 17.4705515132707 -6.65062132241145 
89.826013847223 83.2202710815354 17.4711678726741 -6.65068441280022 
92.0083942736709 84.4623064501824 17.4716167731465 -6.65077170999029 
94.1908285909786 85.70302261604 17.4717964438718 -6.65090476176877 
96.3733976389719 86.9421935860164 17.4715971404831 -6.6510878968644 
98.5562534130042 88.1795878605258 17.4709128692377 -6.65131894591077 
100.739337099114 89.4150237420956 17.4696529942986 -6.65159510991685 
102.922747465283 90.6482604452466 17.467770851442 -6.6519306638585 
105.106541786099 91.8792003761243 17.465276350151 -6.65230715485997 
107.290687187372 93.107732240014 17.4622238566659 -6.65273306007082 
109.475236071232 94.3337219909761 17.4587167538359 -6.65318127927119 
111.660123744408 95.5572466820391 17.4548749442031 -6.65362061925217 
113.845225387282 96.7783633101892 17.4508214189173 -6.65409451157111 
116.030555703484 97.9972642547407 17.4466872989522 -6.65446461292337 
118.215753726969 99.2141684235378 17.4426289354722 -6.65486607743135 
120.400792311572 100.429345305752 17.4388459517416 -6.65519146850402 
122.585454286565 101.643089521458 17.4355821781622 -6.65539501569186 
124.769500929166 102.855720016578 17.4331069360235 -6.65554028034333 
126.952770745219 104.067623444652 17.4316725111854 -6.65556241042593 
129.135061776892 105.279196685009 17.4314161143971 -6.6554667702652 
131.316234311678 106.490917858906 17.4323357664059 -6.6552261884633 
133.496150440899 107.703213025713 17.4342459970465 -6.65490064549972 
135.674732036641 108.916517163357 17.4368502794569 -6.65446984085045 
137.851943740023 110.131192992148 17.4398303254008 -6.65400520769653 
140.027758863555 111.347538256886 17.4429150831186 -6.65352372077764 
142.202269101759 112.565772578384 17.4459509594748 -6.653037080577 
144.375514972789 113.785955667795 17.4488825631622 -6.65257779051118 
26.3260761283344 44.7997469638738 17.4517258543187 -6.65218572725853 
28.5196051857935 46.0234379817066 17.4506773620387 -6.65230339297683 
30.7137991718661 47.2475734885084 17.4503847919899 -6.65240849459191 
32.9084991950791 48.4723850581742 17.450759404172 -6.65244849475215 
35.1035032711004 49.6981566768314 17.4516943656643 -6.65242403286522 
37.2986428448853 50.9251511017169 17.4530687892971 -6.65239202913451 
39.4936472156497 52.1534846348708 17.4547593027439 -6.65231648290939 
41.6882716689988 53.3833384373063 17.4566418525013 -6.65219205103277 
43.8823208646091 54.6149024777207 17.4585718437817 -6.65205844040343 
46.0756307673047 55.8482201690101 17.4604149439302 -6.65194807011228 
48.2680975942729 57.0832480137634 17.4620504986187 -6.65182453251931 
50.4596495676932 58.3199392260701 17.4633885869771 -6.65169922947624 
52.6503003730558 59.5582281384907 17.4643837084566 -6.65159511945407 
54.840042485253 60.7979925549648 17.4650346318425 -6.65146893411409 
57.0289429201169 62.0390865663349 17.4653877516591 -6.65137886251936 
59.2170536353475 63.2812920221282 17.4654974450744 -6.65130914678592 
61.4044023067502 64.5244914039913 17.4654384863903 -6.65123899495827 
63.590995005449 65.7685919560604 17.4652795250872 -6.6511460442348 
65.7769218389065 67.01342930152 17.4650756699748 -6.65106654307062 
67.9622791036373 68.2588400480461 17.464880075929 -6.65101553570716 
70.1470695763908 69.5046771823621 17.4647282733842 -6.65096098804695 
72.3313365485327 70.7507480348276 17.4646471455782 -6.6509061312217 
74.5152241028305 71.9969705892769 17.4646572014562 -6.65086819987075 
76.6987318940705 73.2432631195333 17.4647678465113 -6.65083470105693 
78.881893064922 74.4894303726115 17.4649856655002 -6.65080356540261 
81.0648385397035 75.7353150739589 17.4653020448431 -6.65079533488504 
83.2476290971469 76.9807832576245 17.4657084635796 -6.65080764581773 
85.430250053689 78.2257085705191 17.4661733478592 -6.65083272408067 
87.6128028098396 79.4699233729954 17.4666590699605 -6.6508771295709 
89.7954146125524 80.7132475154475 17.4671115398358 -6.65095807241371 
91.9780232038302 81.9555019511312 17.4674530516604 -6.65107089058439 
94.160725752238 83.1964639942511 17.4675952698108 -6.65121426672025 
96.3436420412383 84.4359591912803 17.4674322849315 -6.65141835503191 
98.5266965171179 85.6737741294156 17.4668472231693 -6.65166059822827 
100.710069698014 86.909625373467 17.4657331059094 -6.65195605014492 
102.893791350648 88.1433622321287 17.4640039048619 -6.65231531493167 
105.077807628622 89.3748431972244 17.4616214107553 -6.65269965328704 
107.262232707136 90.6038676309708 17.4586001004129 -6.65316640979754 
109.447000379444 91.8303981896471 17.4550165145507 -6.65361626126092 
111.632144941153 93.0543931919528 17.4509926462722 -6.6541288812618 
113.817606241134 94.2758932421682 17.4466722937408 -6.65460522374639 
116.003271203308 95.4950715004147 17.4422241161033 -6.65505135975252 
118.188937930973 96.7121066705156 17.4378397430281 -6.65549253246711 
120.374519346263 97.9272821446956 17.4337430870524 -6.65584250058764 
122.559811390429 99.1408530033036 17.4302085487877 -6.65609483898658 
124.744546841148 100.353168489863 17.4275377272268 -6.65627440218247 
126.928631790245 101.564606193415 17.4259998298181 -6.6563113159505 
129.111805442305 102.775585146871 17.4257795614639 -6.65619882548779 
131.293913008722 103.986584827381 17.4268896021952 -6.655954257166 
133.474803774322 105.198071440013 17.429160607886 -6.65558573754925 
135.654383381381 106.410478886704 17.4322785750582 -6.65511773032138 
137.832566612537 107.624225741714 17.4358791942077 -6.65457870804793 
140.009364872553 108.839646535845 17.4396386027651 -6.65401330523089 
142.184778263515 110.056965226462 17.4433411130701 -6.65344317207684 
144.358893052306 111.276281079158 17.4468997611144 -6.65293660140679 
146.531771417439 112.497607446765 17.4503006348735 -6.65244749837344 
148.703579401202 113.72092163807 17.4535752631675 -6.65201819564611 
24.1090923952723 41.0835707903276 17.4567507913608 -6.65164103167163 
26.30059965267 42.307533926165 17.4545130219558 -6.65182232108376 
28.4929630101818 43.5314430348852 17.4530419735288 -6.65197618391241 
30.6860455482095 44.7555851070036 17.4523324735598 -6.65208849397914 
32.879717633704 45.9802619068638 17.4523251879366 -6.65217042751777 
35.0737441000901 47.2057016399845 17.4529168056444 -6.65219826601997 
37.2679999530831 48.4321318448954 17.4539831006924 -6.65218917260188 
39.4622760504905 49.6597891121253 17.455402467665 -6.65215047060555 
41.6563510857573 50.8888225967766 17.4570495517304 -6.65207300832472 
43.8500243136482 52.1193722627025 17.4587882340488 -6.65199550039368 
46.0430660651228 53.3515596534766 17.4604904476973 -6.65188903281919 
48.2353689629955 54.5854849512883 17.4620380649437 -6.6517885813515 
50.4268339804513 55.8210961476838 17.4633306497769 -6.65169033700501 
52.6174349354485 57.0582894591757 17.4643102724871 -6.65160747352873 
54.807164872389 58.2969833140746 17.4649511306849 -6.65152937184659 
56.9960334525477 59.5370724839839 17.4652680093486 -6.65143510923943 
59.1840960130868 60.7784268662534 17.4653076931461 -6.65135907175541 
61.3714089034377 62.0208833954673 17.4651389463333 -6.65128949328729 
63.558030637821 63.2642435747185 17.4648234920159 -6.65124260883772 
65.7439992495576 64.5083622739055 17.4644255343353 -6.65119785756869 
67.929318193796 65.7531774226928 17.4639972679471 -6.65113753871377 
70.1141028295391 66.9984994754972 17.4635854115168 -6.65107608075757 
72.2984475483412 68.2441789774247 17.4632192138532 -6.65103759429796 
74.4823426401455 69.490093512035 17.4629273843155 -6.65101468097595 
76.6658469720068 70.7360448682325 17.4627226360233 -6.65099080414569 
78.8491189514546 71.9819238146711 17.4626129224103 -6.65098926010695 
81.0321430255992 73.2276461619997 17.462601129817 -6.65100843751572 
83.2149434388865 74.4730297407742 17.4626799361536 -6.65100829727529 
85.397681858136 75.7178994244612 17.4628291251431 -6.65103979352964 
87.58040051255 76.9621413415349 17.463021850928 -6.65111580912323 
89.7630510126992 78.2055644837379 17.4632103232891 -6.65120799607308 
91.9458064208679 79.4479357219664 17.4633343450112 -6.65134237985767 
94.1287418721016 80.6891173259042 17.4633120466985 -6.65151629082242 
96.3117550523193 81.9289087952926 17.4630485828893 -6.6517317655034 
98.4950387058339 83.1670338679612 17.4624323845767 -6.65200084716982 
100.678630899764 84.4033087154754 17.4613464328435 -6.65231778981366 
102.862505574533 85.6375311094501 17.4596900197322 -6.65270347024452 
105.046802335703 86.8694642065174 17.4573786912965 -6.65312798590652 
107.231430774599 88.0990302543774 17.4543885675834 -6.6536045962167 
109.416456160012 89.3261026995996 17.4507561587906 -6.65410286576434 
111.601879601475 90.5505782787411 17.4465763528532 -6.65464839861853 
113.787627060345 91.7725516093165 17.4420059464765 -6.65515014719464 
115.973649258123 92.992060795096 17.4372421813567 -6.65568114127227 
118.159758531409 94.2093500660212 17.4325105607372 -6.65613290106317 
120.345912885261 95.4246087690003 17.4280790748415 -6.65655057888269 
122.531830500313 96.6381045178636 17.4242510082711 -6.65683959656822 
124.717300078841 97.8502285074931 17.4213586063922 -6.65705341091549 
126.902254540786 99.0613202927671 17.4197051872139 -6.65711466287104 
129.086341022992 100.271818329654 17.4195070676656 -6.65700039214236 
131.269485551113 101.482199984275 17.4208082434464 -6.65675868500574 
133.45145178706 102.692948717462 17.4234503039933 -6.65634896598318 
135.632152178809 103.904559214234 17.4271176938634 -6.65583433780086 
137.811453279102 105.1174545704 17.4313999655562 -6.65523512982257 
139.989385114244 106.331985331462 17.4359123750107 -6.65457205438375 
142.165843039015 107.54841104294 17.4403806115969 -6.65394742862487 
144.340985151061 108.76687757115 17.444655753562 -6.65331944438417 
146.514815076915 109.987466361986 17.4487053280215 -6.65276342905067 
148.687553142256 111.210081696713 17.4525430211474 -6.65224965652395 
150.859175154834 112.434748358203 17.4562033535231 -6.65181714491456 
153.02995336746 113.661347414743 17.459694199144 -6.65144286780654 
21.8976337483776 37.3657479875548 17.4630214380033 -6.65111823689514 
24.086833574074 38.5907408427077 17.4598386903622 -6.65132788011811 
26.2771358816549 39.8151718167043 17.4572669933775 -6.6515100589187 
28.4683976586583 41.0393796841423 17.4554075474485 -6.65167811929019 
30.6604144366864 42.2636156176532 17.4542911066521 -6.65180591810889 
32.8529927981276 43.4882113132741 17.4538970358488 -6.65190659473651 
35.0460111469506 44.7133937948584 17.4541439698238 -6.65197959721396 
37.2393193569402 45.9393844262658 17.454918289096 -6.6520010215903 
39.4327520316748 47.1664084394396 17.4560986296222 -6.6519845500536 
41.6261003110752 48.3946636269082 17.4575470805775 -6.65194309816711 
43.8191740598843 49.6243125218291 17.4591346822267 -6.65189449825147 
46.0118123080933 50.8555002696498 17.460734929245 -6.65182238172087 
48.2037933206678 52.0882655590315 17.4622207975203 -6.65173168581741 
50.3950251846656 53.322712578767 17.4634915842872 -6.65166533748985 
52.5854469716827 54.5588057248952 17.4644722832091 -6.65158479566175 
54.7750147068289 55.7964364435144 17.4651267546816 -6.65151481728167 
56.9637715075982 57.0354908184119 17.4654470306819 -6.651461256671 
59.1517042258766 58.2758393340092 17.4654615759835 -6.65141940542969 
61.3388771879721 59.5173827169159 17.4652239336332 -6.65134368798738 
63.5253356031571 60.7599531200898 17.4647933700074 -6.65128896452162 
65.7111392699615 62.0034053107474 17.4642393291148 -6.65125840980307 
67.8963714951889 63.2475489813163 17.463617327523 -6.65122594857885 
70.0810653984774 64.4922222891066 17.4629722265832 -6.65121208853646 
72.2652558313875 65.7373746401614 17.462346180135 -6.65118193381424 
74.4490195717431 66.9828303772356 17.4617650016956 -6.6511391008444 
76.6324665129861 68.2284375851386 17.4612515516327 -6.65112509355815 
78.8156100112352 69.4740866277944 17.4608163538852 -6.65113464304466 
80.9984937306686 70.7195677441509 17.4604661096162 -6.65115500714508 
83.1813011637175 71.9647349485085 17.460195505753 -6.65118986583826 
85.3639997794395 73.209508757396 17.4599927014409 -6.65125452262964 
87.5465920787352 74.4537101753515 17.4598390581978 -6.65132808463138 
89.7292751091307 75.697134363385 17.4596945800081 -6.65144015153005 
91.9120489057898 76.9396300507016 17.4595087359045 -6.65159204874039 
94.0949262473433 78.1809866239556 17.4592171485249 -6.6517883157398 
96.2780490485003 79.4209550983741 17.4587285641133 -6.65203464159039 
98.4614240318488 80.6593913277009 17.4579452088115 -6.65232129949591 
100.645056036307 81.8960665339745 17.4567555538667 -6.65268607723082 
102.82908915454 83.1306804771704 17.4550460954942 -6.65309102722368 
105.013509349659 84.363120720062 17.4527181823869 -6.65354114443823 
107.198325340791 85.5931863315197 17.4497104298903 -6.65406697947326 
109.383604549271 86.8207585190775 17.446014705545 -6.65459662042209 
111.569224936875 88.0458003812393 17.4416950535642 -6.65518955046516 
113.755289257453 89.2682397368052 17.4368920159579 -6.65573717098198 
115.941610326192 90.4881935099474 17.4318145076905 -6.65631098549279 
118.128173078932 91.7058150792094 17.4267227741321 -6.65682255594754 
120.314849452329 92.9212436308785 17.4219272771117 -6.6572811096351 
122.501372728135 94.1348277256445 17.4177723829242 -6.65761749703976 
124.68764269123 95.3468599399916 17.4146225847543 -6.65788317597837 
126.873452672344 96.5577226859416 17.4128196985768 -6.65796600182988 
129.058516670105 97.7678634051864 17.4126139902899 -6.65786749208443 
131.242756139863 98.977760039699 17.4140815178643 -6.65762065899169 
133.425898349692 100.187894298326 17.4170924545287 -6.65718994355712 
135.607818517217 101.398779073581 17.421321881384 -6.65661253684758 
137.788375999818 102.610882458975 17.4263282601475 -6.65596792586206 
139.96755128288 103.824574249608 17.4316666306131 -6.6552187437602 
142.145245835905 105.040167123729 17.4369866653486 -6.65451241786471 
144.321587485888 106.257849202618 17.4420801084002 -6.65377523021993 
146.496549794894 107.477651858904 17.4468674675277 -6.65314923280815 
148.670296181027 108.699615280793 17.4513552725403 -6.65254871443064 
150.842907700416 109.923653869512 17.4555604859927 -6.65203827183803 
153.014594580025 111.149789977997 17.4595094823189 -6.65158980860896 
155.185421405155 112.37791253132 17.4632112584045 -6.65121598388809 
157.355526757472 113.60789173276 17.4666600409985 -6.65087242568294 
19.6914856811762 33.6452420232209 17.4698527664616 -6.65058773637084 
21.8783709234427 34.8718950312978 17.4661733897478 -6.6508301504478 
24.0664806266535 36.0975896603427 17.4628303347837 -6.65104737282327 
26.2556732532317 37.3226098029026 17.4599938626268 -6.6512444189717 
28.4457943143919 38.5471818914518 17.4577901438547 -6.65140920673625 
30.6367092149227 39.7715893403572 17.4562933320039 -6.65157155971652 
32.8282536966163 40.9961405661583 17.4555102491278 -6.65167483849447 
35.0202998604173 42.2211370420966 17.4553976697618 -6.65175798600705 
37.2126322186317 43.4467765905979 17.4558702757606 -6.65183046208465 
39.4051281943112 44.6732680344616 17.4568062265456 -6.65183161520498 
41.597652330847 45.900823313103 17.4580705406821 -6.65182670813605 
43.7900159488223 47.1296123192686 17.4595280262712 -6.65178695640845 
45.9820409756514 48.3598152040213 17.461050955038 -6.65172175721053 
48.173566627915 49.5915683757841 17.4625058648361 -6.65167909651402 
50.3644347566527 50.824865097096 17.4637848892701 -6.65160619273523 
52.554537753194 52.0597676840635 17.464800152986 -6.65154875621812 
54.7438354768691 53.2962639802878 17.4654960528305 -6.65149359818597 
56.9323419151783 54.5342379988527 17.4658556512983 -6.65145306285265 
59.120051126912 55.7735869292877 17.4658900450063 -6.65140210406016 
61.3069936143867 57.0141564364223 17.4656346737112 -6.65137722885221 
63.4932129816152 58.2558029361854 17.4651439379003 -6.65135277830548 
65.6787616976945 59.4984127861459 17.464480988527 -6.65130745541098 
67.8637034141418 60.7418311062828 17.463706022353 -6.65127307863754 
70.0481170394887 61.9859158123546 17.4628704019509 -6.65126527936586 
72.2320860989857 63.2304730790066 17.462019840183 -6.65126160747826 
74.4156393039018 64.4753569316174 17.4611841409244 -6.6512652967218 
76.5988123759714 65.7204961054965 17.4603874340599 -6.6512632947021 
78.7816997969591 66.9657430417575 17.4596458504804 -6.65126260852175 
80.9643897313768 68.2109328708688 17.4589673487963 -6.65128328607401 
83.1469305237438 69.4559252554747 17.4583506997932 -6.65132903814727 
85.3293700208197 70.7005413108898 17.4577911297461 -6.6514100696438 
87.5118433735686 71.944610868463 17.4572673893871 -6.651510809574 
89.6943379154926 73.1880121221744 17.4567513128839 -6.65164718298735 
91.876918951762 74.430550542766 17.4562018339855 -6.65181789464084 
94.0597132916542 75.6719769035764 17.4555603238936 -6.65202998012106 
96.2427203794715 76.9121522388621 17.4547524526792 -6.65229592866254 
98.4260088669467 78.1508441074725 17.4536872592617 -6.65263191902986 
100.609655984898 79.3878073909625 17.4522624482977 -6.65302610603255 
102.793661364067 80.6228740717247 17.4503668247593 -6.65346500335591 
104.97811712149 81.8557518413698 17.4478996906326 -6.65396106075092 
107.163059446259 83.0863029133089 17.4447787173158 -6.65449782135987 
109.348429595052 84.3144257609932 17.4409645618706 -6.65509639816092 
111.534280605959 85.5399786831657 17.4364847754155 -6.65571461769769 
113.720563237853 86.7629729713138 17.4314527532615 -6.65632534340235 
115.907160232632 87.9834240804616 17.4260642548804 -6.65694608543356 
118.094168070815 89.2014233458321 17.4206041714637 -6.65751538980654 
120.281266488307 90.4171584453671 17.4154174411892 -6.65801695312111 
122.468415483738 91.6309355776042 17.4108935216969 -6.65842644324211 
124.655438314068 92.8430112237843 17.4074364651792 -6.65873878014603 
126.842099448797 94.0537793725075 17.4054303612483 -6.65884490051461 
129.028222723708 95.2637133510769 17.405164621391 -6.65877506972009 
131.213560906206 96.4732341851143 17.4067518789248 -6.65854369600765 
133.397953922398 97.6828891891962 17.4100946023596 -6.6580857209618 
135.581183045399 98.8931546123387 17.4148745052779 -6.65746250812193 
137.763119999052 100.104549405158 17.420622289724 -6.65676678912563 
139.943682799657 101.317481437508 17.4268361845364 -6.65593688258089 
142.122774298825 102.532298882478 17.4330847242536 -6.65514858426508 
144.300455658834 103.749192685513 17.4390854966268 -6.65431164468321 
146.476688705306 104.968259020771 17.4447085709376 -6.65359679366055 
148.65165991374 106.189548256141 17.4499242208655 -6.65288779276848 
150.825462219565 107.413037986537 17.4547531589207 -6.65231679956779 
152.998165288445 108.6386740556 17.4592155266794 -6.65178670714776 
155.169980660294 109.866374570942 17.4633360649127 -6.65133944262534 
157.340955853821 111.09606284295 17.4671106714692 -6.65095638074742 
159.511369418628 112.327535380532 17.4705516914893 -6.65062195493892 
161.681188087729 113.560745779195 17.4736592574873 -6.65033890137244 
17.4904639470971 29.9212952662593 17.476439495746 -6.65008430296548 
19.6749802718128 31.150122884003 17.4727781980606 -6.65032480340441 
21.8608302970439 32.3776760750514 17.4691345916111 -6.65057717798287 
24.0478606958493 33.6041327887676 17.4657088470002 -6.65079619790106 
26.2359218829083 34.8297486366498 17.462679111868 -6.65102113069664 
28.4249849610043 36.0547182087069 17.4601946966216 -6.65119336162008 
30.6148816868097 37.2794096826021 17.4583515746745 -6.65133332851155 
32.8054355214016 38.5040348863448 17.4571981249965 -6.65148583969659 
34.9964629683844 39.7288741788739 17.4567190199607 -6.65158399094511 
37.1878363886585 40.9542077802031 17.4568652830518 -6.65165834047118 
39.3794260763714 42.1802508773046 17.4575311030728 -6.65169055876624 
41.5710746222005 43.4071922384978 17.458595565448 -6.65170661429118 
43.7626304609871 44.6352168358533 17.4599231556751 -6.65169956999484 
45.9539445807068 45.8645104787047 17.4613723301222 -6.65163130296216 
48.144854752334 47.0952046701263 17.4628109171528 -6.65160293053727 
50.3352128225317 48.3274257228677 17.4641212698469 -6.65154648104465 
52.5248906085909 49.561208576878 17.4651986576742 -6.65148590495943 
54.7138209731831 50.7965169128441 17.4659744568154 -6.65146035414163 
56.9019650698134 52.0333238395424 17.4664107568528 -6.6514094002541 
59.0893307544624 53.2715732366139 17.4665090985643 -6.65138699588957 
61.2759470632707 54.5111177351587 17.4662868740937 -6.65135563610969 
63.4618335206606 55.7518359591303 17.4657925823262 -6.65134978573031 
65.647034903054 56.9935461259603 17.4650811974235 -6.65133955846702 
67.8316278001708 58.2361102603521 17.4642084127226 -6.65133505751504 
70.0156690787749 59.4794219405102 17.4632346197444 -6.65132282271283 
72.1992161243935 60.7233295055684 17.462205067411 -6.65131012014769 
74.3823723115888 61.9676856198715 17.4611570890556 -6.6513187338954 
76.5652126764785 63.2123128404704 17.4601199022351 -6.65135428390126 
78.7477477810614 64.4570654308552 17.4591083788928 -6.65138719825847 
80.9300387169732 65.7018450132074 17.4581343956015 -6.65143030051877 
83.1122106425432 66.9465087191213 17.4571971093571 -6.6514880418861 
85.2943048330521 68.1908907606754 17.4562929356705 -6.65156149274881 
87.4763898149919 69.4348276449636 17.4554071137418 -6.65166601694361 
89.6585487799736 70.6781405611977 17.4545117737992 -6.65181391101047 
91.8408561276478 71.9206449047634 17.4535762749973 -6.65201815876217 
94.0233317481716 73.1621553999411 17.4525434368582 -6.6522654277481 
96.2060874336135 74.4024585547526 17.4513535933375 -6.65256008644414 
98.3891838878597 75.6413452922067 17.4499241358785 -6.65291280895584 
100.572610798085 76.8786201224759 17.448161991557 -6.65332557496525 
102.756510804164 78.114018938311 17.4459653036155 -6.65379888969433 
104.940886158009 79.3473447424984 17.4432350811454 -6.65434004871933 
107.125741761973 80.5784127709613 17.4398850075605 -6.6549201845852 
109.311177074292 81.8070345497655 17.435862016097 -6.65556639109146 
111.497110641263 83.0331503769804 17.4311653143652 -6.65620749534836 
113.683515021132 84.2567107727344 17.425879881236 -6.65690679404182 
115.870421675714 85.4776789757685 17.4201766887876 -6.65757531687004 
118.057712987626 86.6961491135943 17.414342132652 -6.65819434143679 
120.245227771174 87.9123102667075 17.4087419941455 -6.65875609622039 
122.432962292077 89.1263787023059 17.4038035367647 -6.65924151483393 
124.620661253597 90.3386328140458 17.3999799531189 -6.65958354915685 
126.80818752432 91.5494764481624 17.3976975992161 -6.65973722011792 
128.995320709579 92.7593295097859 17.3972893628545 -6.65969366099188 
131.181786396259 93.9686390125701 17.3989184015447 -6.65948753364898 
133.367494668426 95.1779357039144 17.4025228653774 -6.65901256868182 
135.552104113651 96.3877107895031 17.4077992893663 -6.65838098040242 
137.735523743397 97.598504128408 17.4142689361625 -6.65762837873718 
139.917585813176 98.8107442297682 17.4213741761629 -6.65671373052773 
142.09818851909 100.024832780643 17.4286028396368 -6.65585141705851 
144.277362483328 101.240967877666 17.4355862065207 -6.65492220326638 
146.455073460627 102.459358546336 17.4421297785599 -6.65411205681449 
148.631467626702 103.679989268079 17.4481621828827 -6.65330652902708 
150.806534466746 104.90290656052 17.4536872942095 -6.65263763638106 
152.980450359417 106.128018017297 17.4587296488805 -6.65203582585142 
155.153411681036 107.35534116143 17.463312810142 -6.65150694342372 
157.325484032594 108.584726905304 17.467452962342 -6.65107539129744 
159.496826161994 109.816030985459 17.471168448259 -6.65068286027458 
161.667530878146 111.049090625589 17.4744716003637 -6.65034796276309 
163.837775852798 112.283767910296 17.4773808683181 -6.65005993734703 
166.007630818538 113.519968994145 17.4799226879328 -6.64982085274386 
15.2943004750133 26.1932867971957 17.4821225376366 -6.649586452446 
17.4764441639856 27.4246927941106 17.4789066437006 -6.64985268306737 
19.6599477700381 28.6545884416823 17.475437436756 -6.65010613568227 
21.8447225300505 29.8830410857487 17.4718919157716 -6.65034508614827 
24.0307151511678 31.1102952437257 17.46845330468 -6.65057864739338 
26.2178337239457 32.336527417295 17.4653027600417 -6.65079698322884 
28.4058990786392 33.5620282559274 17.4626024510265 -6.65098633481057 
30.5947491062911 34.7870118231077 17.4604652852079 -6.65115818629398 
32.7843082322613 36.0117527755476 17.4589676751329 -6.65130269731362 
34.9744077951689 37.2365465425888 17.4581326129445 -6.65141480061316 
37.1648882582553 38.46165895182 17.4579351263563 -6.65149155667035 
39.3555653735982 39.6872976755516 17.4583044419482 -6.65158381740545 
41.5463185867849 40.9136522271429 17.4591381402191 -6.65159323338398 
43.7370434263495 42.1409943433448 17.4603065557274 -6.6515886694072 
45.9275967713943 43.36946722685 17.4616682885393 -6.65158438316902 
48.1177886249257 44.5991985116732 17.4630841460905 -6.65152732298626 
50.3075389769934 45.8303353644039 17.4644311332752 -6.65148386196365 
52.4966694413583 47.0629484754871 17.4655865978979 -6.6514367778805 
54.6850969509958 48.2971078042169 17.466469396024 -6.65139697271251 
56.8727973343767 49.532791631437 17.4670229233821 -6.65137284204242 
59.059718426417 50.7698726005654 17.4672240261601 -6.65133539538085 
61.2459232972229 52.0082998259504 17.4670883581225 -6.65133988635247 
63.431376077432 53.2479490357957 17.4666440359352 -6.65131727867483 
65.6161507927037 54.4887113052149 17.4659425007416 -6.65131663304967 
67.8002986307167 55.7304125444459 17.4650347391795 -6.65133228603527 
69.9838652390077 56.9729078437224 17.4639832204701 -6.65135383887462 
72.1669472990349 58.2160424919995 17.4628316315658 -6.65137697630987 
74.3496277422819 59.4596895899552 17.4616247730101 -6.65138689788418 
76.5319258456146 60.7037202772207 17.4603942183667 -6.65139922941988 
78.7139512884619 61.9479962846807 17.4591604447729 -6.65143019601153 
80.8957797445426 63.1923598020311 17.4579340209711 -6.65149518429141 
83.0774381941863 64.4366447981551 17.4567203202262 -6.6515796011268 
85.2590175925511 65.6806893348872 17.4555104528111 -6.65168810461186 
87.4406404462438 66.9243591646745 17.4542922995924 -6.6518131944741 
89.6223236286877 68.167511409615 17.4530416424803 -6.65197962687331 
91.8041177490841 69.4099364518354 17.451726918251 -6.65218587916495 
93.9861742863343 70.6514584218167 17.4502996567858 -6.65244659235207 
96.168516076993 71.8918735622309 17.4487044576775 -6.65275715083539 
98.3511797800293 73.1309503525977 17.4468685983475 -6.65313699119407 
100.534324976987 74.3684449845447 17.4447080736688 -6.65357654836366 
102.717927979284 75.6041628608901 17.4421287257242 -6.65408407449156 
104.902012776881 76.8379096013624 17.4390407563833 -6.65466846321306 
107.086732660585 78.0694387919552 17.435357095885 -6.65530904099028 
109.272025466123 79.298599853026 17.4310249964672 -6.65597584417316 
111.457910749629 80.5253000868908 17.4260348779825 -6.6566833585133 
113.644392848179 81.7494044938774 17.4204438617735 -6.65743287566374 
115.83143872882 82.9709665658156 17.4144070939984 -6.65813365022082 
118.018920930798 84.190004949206 17.408189318496 -6.65884140639213 
120.206839542555 85.4066672734122 17.402158298079 -6.65945400344604 
122.395055428449 86.6211305074163 17.3967701727238 -6.66001107098236 
124.583390011674 87.8337056078634 17.3925139551718 -6.66037918015111 
126.771720074768 89.044771564421 17.3898647018465 -6.66060314381637 
128.959793702706 90.2546930080644 17.3892089719187 -6.66061672595356 
131.147416195913 91.4639537995421 17.3907638182682 -6.66042192430063 
133.3344312458 92.6730302204766 17.3945128877745 -6.65995823250429 
135.520438899883 93.88245978136 17.4001861693758 -6.65931787385993 
137.705416116302 95.09276303277 17.4073081795455 -6.65851808837078 
139.889076522064 96.3044072196862 17.4152726964744 -6.65755764867698 
142.071327532488 97.5178170689497 17.423491622554 -6.65660323974532 
144.25215528718 98.7332912086461 17.4315086752399 -6.65559497723466 
146.431478108746 99.9509910233929 17.4390407872922 -6.65467879184559 
148.6094018703 101.170995338962 17.4459664192137 -6.6537919311186 
150.785950013906 102.393317925325 17.4522617696451 -6.65302180159094 
152.961310828233 103.617956595715 17.4579464788767 -6.6523179104471 
155.13557194234 104.844887805358 17.4630488791464 -6.65173248466238 
157.308833987002 106.073939388264 17.4675950450336 -6.65122255813509 
159.481249837669 107.305029923071 17.4716186752566 -6.65077345405947 
161.65302891918 108.537957755343 17.4751363839977 -6.6503975599133 
163.824201359797 109.772635931098 17.4781937039992 -6.65007403541194 
165.994916683857 111.008849077724 17.48082072315 -6.64979752379093 
168.165266955344 112.246502082348 17.4830573172727 -6.64954789190038 
170.335371307662 113.485373000102 17.484953002486 -6.64933625090507 
13.1023883858386 22.4611593710603 17.4865412311012 -6.64915343637001 
15.2823404683914 23.6951944826625 17.4840116639201 -6.64939914357864 
17.4635983673468 24.9276266312204 17.4810728970117 -6.6496382817458 
19.6461654808135 26.1585567069315 17.4778304080945 -6.64990251123934 
21.8299942091431 27.3879803284637 17.4744299994258 -6.65014553721748 
24.0150364967686 28.6160605969089 17.4710400076822 -6.65038245468957 
26.2011774625839 29.8429744764251 17.4678387300225 -6.65060293389754 
28.3882329829997 31.0689918796109 17.4649857249703 -6.65080631837569 
30.5761911102735 32.2943227286978 17.4626128475325 -6.65099061955757 
32.7648382374647 33.5192843174572 17.4608160206386 -6.65113189971159 
34.954031606489 34.744108634705 17.4596472899135 -6.65127250625429 
37.1435904224828 35.9690290611303 17.459108028722 -6.6513804191907 
39.3334082271353 37.1943070876243 17.4591606335613 -6.6514474128144 
41.5233429226555 38.4202107378252 17.4597290876123 -6.65150175872843 
43.7132370783945 39.6468988593456 17.460698475168 -6.65151129327301 
45.9029665511191 40.8745687419074 17.4619371798637 -6.65151411103548 
48.0924448604652 42.1034273866525 17.4633090720179 -6.65148128072109 
50.2814845433459 43.3335406501733 17.4646711197562 -6.65142096956285 
52.469991928222 44.5650490655578 17.4659047199935 -6.65138733651728 
54.6578526116997 45.7980205643564 17.4669039422447 -6.65134531094402 
56.8449901171633 47.0324759642492 17.4675963306626 -6.65131136898166 
59.0313944629546 48.2684148022287 17.4679388568457 -6.65129507937056 
61.2170534596541 49.5057139743238 17.467931208102 -6.65128740668227 
63.4020164288208 50.7442683513366 17.4675898670357 -6.65127628482121 
65.5862930620375 51.9839319376949 17.4669551069579 -6.65129159480837 
67.7699010784045 53.2246434138863 17.4660750608536 -6.65131502170115 
69.9529161661157 54.4662588988684 17.465006747518 -6.65131913789295 
72.1354340406996 55.7086182598976 17.4637954805359 -6.65135440888983 
74.3175151307212 56.9515416062428 17.4624936273848 -6.6514052868955 
76.4992385688852 58.1948727921167 17.4611285317052 -6.65146287324192 
78.6806870945566 59.4384885436241 17.4597283270411 -6.65151951674451 
80.8618917490747 60.6823030333812 17.4583049219783 -6.65157239106134 
83.0429197594552 61.9261487680404 17.4568637702682 -6.65165111022382 
85.2238962912431 63.1698669253277 17.4553991872678 -6.65175834808764 
87.4048610717432 64.4132849074883 17.4538961033621 -6.65190297903454 
89.5858972547506 65.6561925673064 17.4523342959624 -6.65209912119466 
91.7671354132335 66.8984610791211 17.4506776482358 -6.65232000056525 
93.9485860214997 68.1399215269763 17.4488826841876 -6.6525866997974 
96.1303166792493 69.3803537544076 17.4468989599585 -6.65292265906388 
98.3124858740489 70.6195337824246 17.4446551897903 -6.65332256661467 
100.495096050706 71.8572631166218 17.4420783466974 -6.65378176208306 
102.678200673857 73.0933000153097 17.4390852412246 -6.65432872313964 
104.861931280995 74.327389974503 17.4355862660198 -6.65494694984767 
107.046272446599 75.5593869232157 17.4315076755314 -6.65560595696117 
109.231259870911 76.7891066363418 17.4267955453228 -6.6563354102856 
111.416993304389 78.0163591806224 17.4214401788596 -6.65709331036047 
113.603373906506 79.2410994843798 17.4154915057806 -6.65786540335721 
115.790411593433 80.4632782922114 17.409087540088 -6.65863854940186 
117.978025421666 81.6829359923552 17.4024724044907 -6.65940418265315 
120.166225605159 82.9001925602375 17.3959998942099 -6.6601057217414 
122.354815710748 84.1151822499173 17.3901319422751 -6.66070237492195 
124.543734525453 85.3282385646053 17.3853840662906 -6.66113138030966 
126.732773241504 86.5396286987728 17.3822725409216 -6.66142386048441 
128.921747097904 87.7497970019569 17.3812389924167 -6.6614939300273 
131.110492546524 88.9591640325173 17.3825649802526 -6.66132288461694 
133.298710308897 90.168178433932 17.3862944497843 -6.66088630347957 
135.486168105349 91.3774234339717 17.3922081176566 -6.66025840457452 
137.67270786493 92.587335233842 17.3998441670668 -6.65941513442933 
139.858032760615 93.7985080527291 17.4085752675012 -6.65843645905976 
142.042042860037 95.011331742753 17.4177438536525 -6.65740363381763 
144.224597080247 96.2261710122471 17.4267967077712 -6.65632125454178 
146.405663671294 97.4432227558089 17.43535725532 -6.65530491516924 
148.585309534446 98.6626175219326 17.4432346375559 -6.6543323496654 
150.763559670959 99.8843818198367 17.450366825852 -6.65346207995005 
152.940465545613 101.108557005369 17.4567559822269 -6.65268099078489 
155.116166026962 102.335004072755 17.462430795738 -6.65200886907298 
157.290803959736 103.563757614538 17.4674327611852 -6.65141362445758 
159.464543472434 104.79460834504 17.4717956840407 -6.65090363610238 
161.637465640937 106.027441566237 17.4755677963211 -6.65048865982432 
163.809709362976 107.26202821784 17.478792170525 -6.6501073525823 
165.98138867254 108.498269215314 17.481525793465 -6.64980093639854 
168.15264950596 109.736004736885 17.4838148224854 -6.64953031068874 
170.323522620777 110.975003590371 17.4857264426953 -6.64930346449609 
172.49417000221 112.215128687373 17.4873040330923 -6.64911594540058 
174.664627170664 113.456243221015 17.4886042435089 -6.64893908833097 
10.9139781434972 18.7250846865355 17.489669999141 -6.64880636853702 
13.0920678126447 19.9616012860799 17.4878670740917 -6.64899124961189 
15.27133901358 21.1966705661723 17.4856217848352 -6.64921400078687 
17.4518110093198 22.4301633753115 17.4829626803235 -6.64946244618107 
19.6335121658075 23.6620660003265 17.4799637631676 -6.64970522664261 
21.8164479925016 24.8924544316202 17.47674641453 -6.64996664777944 
24.0005679938928 26.1213688071622 17.473455460411 -6.65021119763385 
26.1857839647564 27.3490179246886 17.4702602729682 -6.65041951990265 
28.3720063521217 28.5756147444706 17.467317580872 -6.65063635863689 
30.5590757997116 29.801373049866 17.4647677137691 -6.65082345084536 
32.746797484056 31.0265666399555 17.4627234490048 -6.65099957704839 
34.9351210512772 32.2514277128444 17.4612511617448 -6.65113219466673 
37.1238677753481 33.4762646096832 17.4603871751066 -6.65126145598062 
39.3128987320044 34.7012991110501 17.4601188033859 -6.65134602422477 
41.501996625663 35.9267485303504 17.4603949095003 -6.6514065564037 
43.6910761661688 37.152838498038 17.4611285253179 -6.65145227751137 
45.8800554903191 38.3798156681871 17.4622023166182 -6.65144604986367 
48.0687686814731 39.6077998842968 17.4634867759906 -6.65142234784305 
50.2570942842503 40.8369537519154 17.4648337337048 -6.65139423263005 
52.4449387516576 42.0673914006562 17.4661191920241 -6.65136055169108 
54.6321610366068 43.2992094615417 17.46722580142 -6.65129738340986 
56.8186798875206 44.5324719768208 17.4680603288315 -6.65125671859867 
59.0044848026786 45.7671795606461 17.4685671297262 -6.65125131439453 
61.1895582904497 47.0032798128401 17.4687189191212 -6.65122641671921 
63.3739157515434 48.240673143556 17.4685203434928 -6.65123590938712 
65.5575791051995 49.4792677365487 17.4680040546867 -6.65124725793902 
67.740590524556 50.7189317816847 17.4672080325729 -6.65126842887994 
69.9230181431157 51.959543969959 17.4661838837658 -6.65130379625286 
72.1049009517111 53.2009701860373 17.4649770537804 -6.65135365969642 
74.2863059845829 54.4430817916406 17.4636392810942 -6.65139077292355 
76.4673341649036 55.6857133187928 17.4622035085661 -6.65143751562234 
78.6480715260545 56.928704193992 17.4606974284587 -6.65150825749559 
80.8285854637009 58.1718873257448 17.4591397490325 -6.65160258595989 
83.0089354416704 59.4151503239481 17.4575307854954 -6.65171043682191 
85.189173407379 60.6583955281651 17.4558699936019 -6.6518244303346 
87.3693839501043 61.9014339012752 17.4541423807128 -6.6519713156364 
89.549688638965 63.1440945508996 17.4523245774457 -6.65215547855086 
91.7301622004571 64.3862002599585 17.4503833830771 -6.6523874516198 
93.9108669749186 65.6275351843479 17.4482770204271 -6.65268304640856 
96.0919147860264 66.8679242960612 17.4459505811743 -6.6530411457541 
98.2733635363143 68.1071784022653 17.4433425051792 -6.65345752246009 
100.455282644047 69.3450555482619 17.4403795376289 -6.65394828516705 
102.637780278906 70.5813376455926 17.4369877823705 -6.65450992894611 
104.820904104625 71.8158215574331 17.43308348944 -6.65512498922579 
107.004717481816 73.0482755624029 17.4286026937521 -6.65582246326973 
109.189297905695 74.2785039408757 17.423492324884 -6.65658342636259 
111.3746380547 75.5063640554844 17.4177443018668 -6.65738930396761 
113.56077498948 76.7317494521525 17.4114078243833 -6.65821671748947 
115.747673594213 77.9546071097094 17.4046138911887 -6.65906761605691 
117.935293725236 79.174973458154 17.3975866404679 -6.65986729586506 
120.123608460388 80.392890264616 17.3906667878744 -6.66062688537213 
122.312468464975 81.6085465581537 17.3843004789132 -6.66126773117395 
124.501856296213 82.8221842533402 17.3790102291038 -6.66179426010725 
126.691501262106 84.0340797785769 17.3753413945246 -6.66214336029933 
128.88131052245 85.2446364130424 17.3737884595744 -6.66227426896466 
131.071068642794 86.4542358484379 17.3747014834603 -6.66214683045141 
133.260447037404 87.6633825507932 17.3782002258373 -6.66177398693104 
135.449331748822 88.8725727741598 17.3841330283431 -6.66116787958959 
137.637385417513 90.0822720263004 17.3920780272696 -6.6603108847859 
139.82440092888 91.2930686163543 17.4014045135033 -6.65932932308779 
142.010190852971 92.505390836991 17.4114086777545 -6.65822440223211 
144.194570150468 93.7196564953467 17.4214408671464 -6.65708465306925 
146.377537105276 94.9361379157609 17.4310254195738 -6.65597560374272 
148.55901341219 96.1549399891519 17.4398859342674 -6.65492886414283 
150.739028123025 97.3761539664851 17.4479008180014 -6.65395727983209 
152.917664759306 98.5997930616966 17.4550462860566 -6.65308969021564 
155.095028368936 99.8258333488437 17.4613471007979 -6.65232477669348 
157.271247752991 101.05426511174 17.4668485627664 -6.65164915595293 
159.446397627938 102.284854373667 17.4715980707096 -6.65109470290998 
161.620612613654 103.517488371519 17.4756552179674 -6.65060057910842 
163.794100214312 104.751997718285 17.4790833314887 -6.65017995265225 
165.966875293102 105.988249787034 17.4819486180138 -6.64984054930623 
168.139160444866 107.226021876175 17.4843201414256 -6.64953607498302 
170.310966774021 108.465145266821 17.4862715817429 -6.64930318009808 
172.482443032484 109.705454647702 17.4878573536432 -6.64908505764035 
174.653624622234 110.946742669564 17.4891490181036 -6.64891914632708 
176.824651993147 112.188877394575 17.4901938632997 -6.6487633352404 
178.995531250631 113.431779992233 17.4910362545565 -6.64865819902203 
8.72844204460195 14.9853962562156 17.4917137305892 -6.64854423549363 
10.9049842145562 16.2242394381862 17.4905405668281 -6.64867932781686 
13.0824885673069 17.4617471142383 17.4889706676761 -6.64886614618721 
15.2610924340275 18.6977376725704 17.4869873013202 -6.64905992100135 
17.4408508326971 19.9322309523555 17.48459616901 -6.64930251890504 
19.62179668902 21.1651141317736 17.4818487718348 -6.64953466590324 
21.8039296203535 22.3964412970908 17.4788346499283 -6.64979181704655 
23.9872317027552 23.6262397568942 17.4756843340562 -6.65003870445668 
26.1715932536388 24.8546579497389 17.4725450422962 -6.65025790811232 
28.3569557856254 26.0818403660069 17.4695688319233 -6.6504928793707 
30.5431499210318 27.3080579478408 17.4668991071746 -6.65068015018186 
32.7300915314853 28.5335285186445 17.4646565418532 -6.65084715580127 
34.9176269009831 29.7585653798784 17.4629276070898 -6.65102134632589 
37.105573464856 30.9833450761919 17.4617652619375 -6.65115197937222 
39.2937911787715 32.2081442012372 17.4611848058022 -6.65125758134054 
41.4821525106665 33.4332123780827 17.4611573178288 -6.65133230582403 
43.6705216401846 34.6587996095786 17.4616250801944 -6.65138200238705 
45.8587488574682 35.8850982285665 17.4624936120215 -6.65140049540934 
48.0466972536835 37.1122890261635 17.463639573856 -6.65138980502313 
50.234347696358 38.3405266016176 17.4649289411793 -6.65138664529218 
52.4214979582409 39.5699110069243 17.4662278851243 -6.6513057631353 
54.6080415953993 40.8006178218256 17.4674092374545 -6.65126581843365 
56.7939428983652 42.0326956560381 17.4683720778711 -6.65125281321992 
58.9791129945743 43.2661653046795 17.469039006981 -6.65119346596589 
61.1635315955987 44.5010355964712 17.4693654394268 -6.65118603576203 
63.3472109541537 45.7372250066366 17.4693381210941 -6.65117902953791 
65.5302293851318 46.9746553326825 17.468975675947 -6.65119936871471 
67.7125747013665 48.2131946932549 17.4683102895393 -6.65122289860172 
69.894318981063 49.4527629948526 17.4673822712761 -6.65125387544578 
72.0754810095264 50.6932321937578 17.4662417755092 -6.65131001190786 
74.256171347728 51.9344364370082 17.4649300407369 -6.65136473869506 
76.4364629096296 53.1762266409938 17.4634848270952 -6.651433943487 
78.6164131592763 54.4184558108539 17.4619377988259 -6.65150352187608 
80.7961116423271 55.6610025327098 17.4603059187084 -6.65159086610626 
82.9756470514326 56.9037202030185 17.4585963140601 -6.65169395566792 
85.1550866585545 58.1464253602983 17.4568063857366 -6.65183647108149 
87.334493580342 59.3889841907381 17.4549204287206 -6.65201815607001 
89.5139493386961 60.6312576496817 17.4529172565019 -6.65221571745744 
91.6935603191576 61.8730666673144 17.4507599049031 -6.65244996367683 
93.873408863459 63.1142407752774 17.4484125327968 -6.65273944852349 
96.0535866571963 64.3545818448311 17.4458166511008 -6.65308935273694 
98.2341838575996 65.5938617845695 17.4429150470817 -6.65350831461106 
100.415284657154 66.8318712171478 17.439638377952 -6.65400203964992 
102.596977532047 68.0683863440004 17.4359128824165 -6.65457728657745 
104.779376678486 69.3031818382271 17.4316667657458 -6.65523629650741 
106.962521577128 70.5360449117456 17.4268361352846 -6.65594979244936 
109.14645965184 71.7668143438962 17.4213731507961 -6.656736212718 
111.331275530929 72.9953066746651 17.4152721057546 -6.65757475852705 
113.516988405609 74.2213774055637 17.4085743839574 -6.65845020822955 
115.703581379764 75.4449695567257 17.4014058263085 -6.65932917433189 
117.891056577525 76.666084256023 17.393977614158 -6.66017980677442 
120.079295276969 77.88478214683 17.3866149721227 -6.66099776906864 
122.268332296569 79.1012291848196 17.3797423891702 -6.66170845329724 
124.457992292285 80.3155497491384 17.3738714261693 -6.66230690557559 
126.648140103956 81.5280978562784 17.3695633224677 -6.66272040637772 
128.838683831769 82.7391860712099 17.3673489349832 -6.6629391504409 
131.029298637061 83.9492044081165 17.3676448770482 -6.66285412918327 
133.219794876037 85.158637514073 17.3706643947383 -6.66257635374351 
135.409993381411 86.3679029659967 17.3763383556184 -6.66200781871958 
137.599517295379 87.5775666403483 17.3843090222818 -6.66117436346977 
139.788203761161 88.7881120580924 17.3939777499957 -6.66019866436584 
141.97577237996 90.0000527627148 17.4046144639041 -6.65903641462596 
144.162058377346 91.213834949672 17.4154917494257 -6.65787627643208 
146.34693587957 92.429753657972 17.4260342953138 -6.65668917335367 
148.530308517989 93.6479945993179 17.4358622600408 -6.65556217478374 
150.712251137221 94.8686887632303 17.4447782870923 -6.65450144616341 
152.892805500112 96.0918114316513 17.4527174649364 -6.65354496656573 
155.071947453125 97.3174458377954 17.4596895774094 -6.6527095408836 
157.249828377534 98.5454400890756 17.465732665624 -6.65195815057904 
159.426564928369 99.7757619076941 17.470912486774 -6.65132488738751 
161.602313214456 101.008189174039 17.4752966012509 -6.65076439498655 
163.777155115104 102.242616047002 17.4789673261964 -6.65030147897522 
165.951197663319 103.478792806925 17.4820036306512 -6.64991511888447 
168.124603183034 104.716583844203 17.4844911602395 -6.64958872817476 
170.297444123841 105.955807025041 17.4865150216248 -6.64932580782872 
172.469851607041 107.196227229979 17.4881430429628 -6.64908856921851 
174.641912900472 108.437682954765 17.4894560134992 -6.6489055422755 
176.813696686946 109.680082997711 17.4905064114767 -6.64875193066777 
178.985289161552 110.923204621056 17.4913409056633 -6.64862818446274 
181.156730004405 112.16695745852 17.492018760701 -6.64851983873844 
183.328137858653 113.41118230591 17.4925481591262 -6.64843685303641 
6.54504148192247 11.2425517096705 17.4929718476639 -6.64837004136635 
8.72028373633306 12.483428099406 17.4922638662507 -6.64846644843207 
10.8963831163285 13.7231214149721 17.4912464960473 -6.6485768698855 
13.0734149003209 14.9614960332294 17.4898818353558 -6.6487453249139 
15.251492624407 16.1984426407317 17.4881360110056 -6.64892914433343 
17.4306327438335 17.4338923036339 17.4859967929501 -6.64913626991976 
19.6108934884371 18.6677368153375 17.4834997736451 -6.64938174013226 
21.7922817936837 19.8999636390004 17.4807037174691 -6.64963350192292 
23.9747928931197 21.1306350293218 17.4777203264946 -6.64986802529503 
26.1583697240975 22.359826535152 17.4746752544936 -6.65011932723563 
28.3429448435989 23.5876755147152 17.4717135043688 -6.65033705676863 
30.528411252367 24.8144019392431 17.4689776854735 -6.65053801678675 
32.7145816251034 26.0402157908994 17.4665888774857 -6.65073032183562 
34.9013065572364 27.2653890836322 17.4646457846008 -6.65091220915618 
37.0885240427484 28.4901823046875 17.463221605056 -6.65104697208441 
39.2760334245932 29.714847265117 17.4623446903987 -6.65115904442433 
41.4637267995311 30.9396082786977 17.4620194388652 -6.65126446373487 
43.6513861376964 32.1646991097278 17.4622053079411 -6.65132862776647 
45.8388796130238 33.3903664865665 17.4628317700164 -6.651348205914 
48.0261861587777 34.6168371565888 17.4637964528499 -6.65137164713728 
50.2131178615272 35.8441784823888 17.4649779004827 -6.65133979665572 
52.3995939126021 37.0726103426804 17.4662426437479 -6.65129668453697 
54.5855059436324 38.3021966510584 17.4674569724404 -6.6512656296265 
56.7707657806548 39.5330682633192 17.4685124938082 -6.65121451001507 
58.9552771194109 40.7653293313232 17.4693192794819 -6.65116899768823 
61.1390161558286 41.9989575424876 17.4698123014679 -6.65116117960932 
63.3220592819947 43.2339136280738 17.4699682675717 -6.65115642543365 
65.5043568378324 44.4701010280237 17.4697805358098 -6.65116148867479 
67.6859693071216 45.7074890427683 17.4692751270871 -6.6511624922599 
69.8669642085 46.9459585854519 17.4684868472206 -6.65120527018126 
72.0473775354823 48.1853832638257 17.4674579610365 -6.6512532931436 
74.2272943826677 49.425617850689 17.4662279602905 -6.65131758880157 
76.4067754507637 50.6665086671301 17.4648339234839 -6.65139517884207 
78.5858906723265 51.9079181776981 17.4633088153861 -6.65148589509442 
80.7647348474803 53.1496965508963 17.4616681809397 -6.65157930522307 
82.9433909343882 54.391722059556 17.4599214483548 -6.65169013085862 
85.1219186385402 55.6338468487993 17.4580699853425 -6.65181783921217 
87.3004011801025 56.8759312325913 17.4560967369109 -6.65197100882181 
89.4789342849125 58.1177973692284 17.4539829862906 -6.65217756133612 
91.657593056754 59.3592749259167 17.4516941892198 -6.65243941268879 
93.8364816905494 60.6001888651821 17.4491894778713 -6.65275081760893 
96.0157182934806 61.8403553052887 17.4464170186233 -6.65309227572774 
98.1953483046479 63.0795934961854 17.4433187395486 -6.65350356753205 
100.375483064554 64.3176840981754 17.4398299201745 -6.65399488797352 
102.556272394151 65.5544011367894 17.4358793576989 -6.65457065840296 
104.737767700362 66.7895056983482 17.4313991661149 -6.6552254273331 
106.920049473454 68.0228111003944 17.4263293466254 -6.65595458554491 
109.103231743365 69.2540975651086 17.4206230814451 -6.65675907262273 
111.287355783959 70.4832027512743 17.4142701018205 -6.65761407051883 
113.472447317628 71.7100017044125 17.4073085961083 -6.65849818239294 
115.658558252258 72.9343856155545 17.3998435688864 -6.65940654649179 
117.845673347548 74.1563472221419 17.3920769092979 -6.66032085649721 
120.033743156043 75.3759313612706 17.3843090670719 -6.66118293176053 
122.222741200389 76.5932014260113 17.3769430080154 -6.66195785403442 
124.412503885681 77.8083776565741 17.3704751530236 -6.66262687310638 
126.603034645512 79.021704918907 17.3654605470046 -6.66312914001878 
128.794084392107 80.2334463001748 17.3624533488082 -6.6633903268782 
130.985436429388 81.4440676874989 17.361932992356 -6.66343851042641 
133.176937272286 82.6539067671708 17.3642012201213 -6.66323736752235 
135.368308679523 83.863442901467 17.3692929624804 -6.66271671350429 
137.559236905204 85.0731981977778 17.3769424617403 -6.66195936074533 
139.749504526468 86.2836493970137 17.3866150850251 -6.66100794571453 
141.938833231087 87.4953395353695 17.3975875335237 -6.65985141510318 
144.126982709216 88.7087036384939 17.409087300794 -6.65866039783482 
146.313811395363 89.9241300566583 17.4204447262644 -6.65741802883124 
148.499207937132 91.1418841185294 17.4311665031592 -6.65621498418837 
150.683166450261 92.3620489483823 17.4409649574759 -6.65509870297398 
152.865636790676 93.5846821813794 17.4497105225279 -6.65405894204864 
155.046680932906 94.8098161180406 17.4573792139676 -6.65312314329958 
157.226429542873 96.0374273190066 17.4640047423504 -6.65230818767278 
159.404937760743 97.2674365438242 17.4696523498942 -6.65159042966825 
161.582303588157 98.499636764334 17.4744079455851 -6.6509877192402 
163.75862607391 99.733864698746 17.4783609866039 -6.65046890857774 
165.934105858993 100.969936427484 17.4816083905237 -6.65002025321246 
168.108756486924 102.207726072721 17.4842586298584 -6.64967056032294 
170.282770615739 103.446972456447 17.4863879877587 -6.6493646781978 
172.456275532481 104.6874921584 17.4881059402489 -6.64913415557184 
174.629285606377 105.929117906313 17.4894677773326 -6.64892991016343 
176.80192728554 107.171657353625 17.4905589629084 -6.64875785311971 
178.974290034454 108.415001658983 17.4914233627667 -6.64862620431482 
181.146421293598 109.658985782004 17.4921182373664 -6.648519010785 
183.318436506745 110.903493679162 17.492664385269 -6.64842006638273 
185.490375793886 112.148406711621 17.4931065848542 -6.64834856641488 
187.662305828988 113.393583768762 17.4934448091807 -6.64828605984789 
4.3629916066827 7.49699377504585 17.4937228384371 -6.64824382602569 
6.53733004984268 8.73957292294377 17.4933083923428 -6.64830983427322 
8.71234122112119 9.9812031494246 17.4926990369241 -6.64839053959596 
10.8881273757607 11.2217174161735 17.4918170958105 -6.64849835756711 
13.0648040876299 12.4609406888857 17.4906343774184 -6.64864653870914 
15.2423730081058 13.6987900093753 17.4890964523336 -6.64880900616888 
17.4209514898063 14.9351186232877 17.4871946704851 -6.64901229837252 
19.6005873980621 16.169884490826 17.4849315454632 -6.64924387969713 
21.7813421419766 17.4030181285477 17.4823605486507 -6.64947283125205 
23.9631557014886 18.6345560980387 17.4795578283692 -6.64972526431906 
26.1460292404874 19.8645369170108 17.476639712222 -6.64997834997618 
28.3298607418495 21.0930882328729 17.4737340736032 -6.65020062561662 
30.5145726543235 22.3203258688096 17.470975720209 -6.65041906299333 
32.7000299667034 23.5465333922888 17.4684887034796 -6.6506202251904 
34.8861068422867 24.7719119016303 17.4663778721206 -6.65079781982101 
37.0726393679919 25.9967983879099 17.4647285411963 -6.65094683865564 
39.2594732155554 27.2213655642128 17.4635855783951 -6.65109678536154 
41.4464656908322 28.4458382497627 17.4629721163006 -6.65120890273946 
43.6335168418663 29.6705090809896 17.4628718158901 -6.65125863050983 
45.8204028329847 30.8956180838308 17.4632345408368 -6.65131962654422 
48.0070628290862 32.1213547946264 17.4639820795404 -6.65136143549435 
50.1933304193438 33.3478921301016 17.4650066737599 -6.65131242882967 
52.3791558657756 34.5753554821427 17.4661829508271 -6.65131544276514 
54.5644686247734 35.8038811608497 17.4673827656067 -6.65126926605961 
56.7490796916914 37.0336139770238 17.4684872280887 -6.65120169328339 
58.9329461814515 38.2646428598692 17.4693946042913 -6.65117896304658 
61.1160806719964 39.4969981558498 17.470031662143 -6.65113547223441 
63.2984213261806 40.7306863270566 17.4703549887796 -6.65113351192977 
65.4799904574252 41.9656630584616 17.4703468948517 -6.65110832490557 
67.6608932591213 43.2018422487876 17.4700166023632 -6.6511415332572 
69.8411194001615 44.4391188845199 17.4693950223922 -6.65118545224643 
72.0207459728766 45.6774274316565 17.4685129234079 -6.65122101150365 
74.1998344342386 46.916624246713 17.4674087330229 -6.65126865099357 
76.3784454747392 48.156568499202 17.4661192689726 -6.65134330065338 
78.5566822154269 49.3970939835929 17.4646715930527 -6.65142701614571 
80.7346233656867 50.6380694376367 17.46308488811 -6.65152914029352 
82.9123347036529 51.8793474958914 17.4613721671366 -6.65164823603853 
85.089915429177 53.1207968396279 17.4595295075812 -6.65179804438681 
87.2674370789024 54.3622731306533 17.457547620297 -6.65195833998514 
89.4449676119893 55.6036453768392 17.4554027803921 -6.65214354389915 
91.6225887953808 56.844750457727 17.4530682380241 -6.65237711022562 
93.8004515415623 58.0854064332744 17.45050111029 -6.65266409079702 
95.978628275325 59.3253976728925 17.4476548550035 -6.65302225180285 
98.1572185243634 60.5645234758499 17.4444744634567 -6.65343941052117 
100.336338662155 61.8026120010368 17.4408949938047 -6.6539323174018 
102.516072318798 63.039461453712 17.4368513951354 -6.65448547720777 
104.696513969019 64.2748585421708 17.4322803068356 -6.65511748880807 
106.877825707029 65.5085701864525 17.4271175103875 -6.65583188073004 
109.060068622399 66.7404019482679 17.4213220832722 -6.6566204582267 
111.243306553936 67.9701639370126 17.4148737542156 -6.65746982677543 
113.42762962983 69.1977107995187 17.4077997063173 -6.65837558970217 
115.613082976433 70.4229362236789 17.4001869651668 -6.65932091435627 
117.799660851433 71.6457721883832 17.3922085543971 -6.66025322807757 
119.987357397598 72.8662734217773 17.3841334599832 -6.66115333153215 
122.176095874628 74.084538668437 17.3763371733083 -6.66201250862899 
124.365851147374 75.3006809291299 17.3692926055299 -6.66272635945475 
126.556513380238 76.5148740251992 17.36353924409 -6.66329357126065 
128.747870961352 77.7274640658808 17.3596408350151 -6.66364723313748 
130.939829882014 78.9387888264198 17.3581253458169 -6.66383320495684 
133.132138862583 80.1491992183983 17.3593730324133 -6.66369057466447 
135.32450947844 81.3591796620052 17.3635389069055 -6.66328379699253 
137.516715962286 82.569178214458 17.3704752530052 -6.6626352415991 
139.708446027503 83.7796808753974 17.3797427357949 -6.6617038951884 
141.899447062725 84.9912412553487 17.390667423915 -6.660625718341 
144.089438041586 86.2043128435874 17.4024709600831 -6.65940746765659 
146.27821684683 87.4193343586713 17.4144088406795 -6.65813493254054 
148.465624251634 88.6366135333548 17.4258789450204 -6.6568990500531 
150.651594071341 89.8562566422554 17.4364850553635 -6.65571684291393 
152.836114390827 91.0784244309848 17.4460146258033 -6.6546065680847 
155.019222829459 92.3030908737605 17.454388787678 -6.65359621510286 
157.200906707673 93.5302966494764 17.4616205255088 -6.65270989426525 
159.381234538361 94.7598917404639 17.4677718934109 -6.65192985985701 
161.560346722582 95.9918073879143 17.4729325001423 -6.65125167320097 
163.738375428053 97.2258038171642 17.4772092916807 -6.65068297832254 
165.915388544983 98.4617724653147 17.4807131845932 -6.65019271354913 
168.091458208831 99.699451637067 17.4835616144419 -6.64979515786774 
170.266772587342 100.938688863744 17.4858484886171 -6.6494673346531 
172.441417478477 102.179252650927 17.4876894088136 -6.64920208634927 
174.615494786734 103.420966780744 17.4891478689662 -6.64897868408518 
176.789133995415 104.663632079039 17.490320278007 -6.64879692189672 
178.96237864443 105.90716750388 17.4912439222111 -6.64864727157393 
181.135327420897 107.151357280186 17.4919928803327 -6.64853261868807 
183.308018943975 108.39611619414 17.4925791396912 -6.64844188647145 
185.480571524284 109.641238544972 17.4930641217703 -6.64835818464041 
187.65300128658 110.886707906821 17.4934355310282 -6.64829400546453 
189.825442370122 112.132339652984 17.4937421253675 -6.64823694188532 
191.997997308029 113.377999946033 17.4939540565119 -6.64821002446224 
2.18156518633154 3.7493409530144 17.4941130495613 -6.64818996899104 
4.35537320328294 4.99323930558243 17.4939180298523 -6.648212828386 
6.5296570816086 6.23644588224334 17.4935641126711 -6.64826332029254 
8.70451098423067 7.47876028399578 17.4930396740688 -6.64833400517187 
10.8800312565095 8.72001596616774 17.4922756463323 -6.64844443180013 
13.0563751301627 9.9600411202805 17.4912493537919 -6.6485646001992 
15.2335443793236 11.198726838777 17.4898933482841 -6.64871295771605 
17.4116868478693 12.435937289579 17.488207793397 -6.64890058049812 
19.5908100135157 13.6716124188583 17.4861660129356 -6.64910996853163 
21.770960868762 14.9056292042367 17.4838155335183 -6.64934843583736 
23.952138994644 16.1379982137643 17.4812041939838 -6.64959271855029 
26.1343423058065 17.3687628917373 17.4784310949483 -6.64983706965134 
28.3175055853223 18.5980144938314 17.4756128084998 -6.65007190373851 
30.5015483683326 19.8258609643895 17.4728706665785 -6.65030472844671 
32.6863927344642 21.0524877186392 17.470328023609 -6.65050633063933 
34.8718253870623 22.2781497652387 17.4680957587878 -6.65069420614339 
37.0576892963078 23.5031102836907 17.4662580486582 -6.65087036194948 
39.2439196153966 24.7276159946509 17.4648789277739 -6.65101983443577 
41.4303402338055 25.951924041654 17.463999092146 -6.65114051871175 
43.6168030162402 27.1762115388616 17.4636153630057 -6.65119926200968 
45.8031105995085 28.4007842763503 17.4637068251385 -6.65131384757594 
47.9891757901909 29.625818009208 17.4642086628059 -6.65131356493954 
50.1748618270768 30.8515832832091 17.4650358415718 -6.65132061579483 
52.3600910867286 32.0781389735963 17.4660760810627 -6.651334165177 
54.5447961674415 33.3056489837894 17.4672073026847 -6.65125509161109 
56.7287869742416 34.5342482078762 17.4683114366756 -6.65121206795921 
58.9120855326703 35.764052770403 17.4692736279509 -6.65118674979856 
61.0946072461678 36.9951619580732 17.4700179856541 -6.65113885270005 
63.2762530785487 38.2275713454768 17.4704820322655 -6.65111662440642 
65.4571934239123 39.461287730028 17.470636282931 -6.65110896448603 
67.6373581123413 40.6961994819001 17.4704822812097 -6.65113624404315 
69.8168246481509 41.9322887163713 17.4700329659652 -6.65113339959393 
71.9956442449479 43.1694431689969 17.4693187354178 -6.65116990074557 
74.1738849437256 44.407542079285 17.4683725677736 -6.65123322538104 
76.351631294425 45.6464471602901 17.4672254586177 -6.65131179989036 
78.5289589399155 46.886016266816 17.4659050141396 -6.65138275898186 
80.7059511388337 48.1261208095686 17.4644285281397 -6.65147267203016 
82.8826935742048 49.3666251983389 17.4628125848401 -6.65159442209302 
85.0592753892461 50.6073662604064 17.4610498051068 -6.65172803743395 
87.2357846636676 51.8482163576785 17.459135275924 -6.6518886508124 
89.4122944900748 53.0890160861312 17.4570488868258 -6.65209021765652 
91.588886151588 54.3296362035068 17.454760009837 -6.65231916461817 
93.7656612443308 55.5699211337676 17.4522331610725 -6.6525809120001 
95.9427133729997 56.8096705543125 17.4494243136768 -6.65289621761919 
98.1201843225151 58.0487072980613 17.4462811270876 -6.65328248155096 
100.298164817194 59.2868104172085 17.4427455276015 -6.6537424546823 
102.476762158352 60.52378558408 17.4387546083036 -6.65428125597159 
104.656100722318 61.7594186115226 17.4342470798979 -6.65489555878187 
106.836302921549 62.9934971306953 17.4291609101541 -6.65558804660082 
109.017454679481 64.225823947637 17.423451854094 -6.65635346926725 
111.199685677824 65.4562235883462 17.4170944411899 -6.65718835003413 
113.383074592107 66.6845395156545 17.4100946678932 -6.65808680670458 
115.567661872713 67.9106422058317 17.4025230165547 -6.65902869222615 
117.753516774709 69.1344519764644 17.3945125705024 -6.65996468414906 
119.940616757745 70.3559728203508 17.3862946099402 -6.66089696849466 
122.128939616149 71.5752554097925 17.3782005832153 -6.66177666686074 
124.318448372307 72.7924255570644 17.370664895017 -6.66256654180241 
126.508997489177 74.0076721708299 17.36420100582 -6.6632142503092 
128.700540288029 75.2212350308865 17.3593723910411 -6.66369149760437 
130.892846879656 76.4333646795106 17.3567301181962 -6.66395787241053 
133.085740805095 77.6445308387914 17.3567296839823 -6.66393272807185 
135.278938651138 78.8550759649453 17.3596410410726 -6.66366799639333 
137.472219308823 80.0654706294032 17.3654601672813 -6.6631282850276 
139.665276135241 81.2762117797806 17.3738719358517 -6.66229108541804 
141.857794668445 82.4877615657882 17.3842993461188 -6.6612856736089 
144.049528712136 83.7006695939813 17.3960005350697 -6.6600944293012 
146.240168403036 84.9153598691601 17.4081891490933 -6.65883301190899 
148.429569076391 86.1321985705322 17.4201766447823 -6.65757144682083 
150.617612298964 87.351406186103 17.4314521430904 -6.65632922627501 
152.804210179751 88.5730938280161 17.4416958510652 -6.65517330471183 
154.989359092296 89.7972979323737 17.450755458236 -6.65412158947086 
157.173050462344 91.0240080117827 17.4586000617396 -6.65315458822379 
159.355368314981 92.2532176761834 17.4652764655642 -6.65230610489436 
161.536402828823 93.4848046260938 17.4708720453553 -6.65156725425974 
163.71617448596 94.7185293518946 17.4755054680053 -6.65095827696353 
165.894818888255 95.9542672957576 17.4793023069279 -6.65042097369891 
168.072462898194 97.1917938287419 17.4823821920206 -6.64997343685739 
170.249192589787 98.4309679224864 17.4848698435091 -6.64960900285576 
172.425129059865 99.6715278491454 17.4868685706248 -6.64930790805957 
174.600422424337 100.913273914611 17.4884670549402 -6.64906663807439 
176.775154684945 102.156049862443 17.48975213805 -6.64887806686641 
178.949357864212 103.399669975267 17.4907776311312 -6.64870907863866 
181.123171925105 104.644033397095 17.4916107618751 -6.64858151933033 
183.296667075231 105.888963984658 17.4922736525026 -6.64847000377024 
185.46993871963 107.134333637229 17.4928225616721 -6.64837683889133 
187.643012313095 108.380062018011 17.4932511774753 -6.64832723831541 
189.815997928279 109.62593129889 17.4936097377322 -6.64826361011617 
191.988968482658 110.871929158269 17.4938759245126 -6.64820972411488 
194.16196043628 112.117873051903 17.4940816836156 -6.64818588536911 
196.335108617763 113.363506289881 17.4941983592617 -6.64817778798292 
8.22733618039368e-05 2.93762708372315e-06 17.4942517040488 -6.64814758280346 
2.17362857100564 1.24496769788557 17.4941939485412 -6.64817305934893 
4.34752407884197 2.48939767124709 17.4940475696677 -6.64819728496556 
6.52178071853788 3.73313145035264 17.4937494510106 -6.64823562777097 
8.69657685096975 4.97607838229079 17.493302672242 -6.64829272618473 
10.8719589656153 6.21803845218177 17.4926407522296 -6.64839838048719 
13.0480427350159 7.45883785153363 17.4917398484415 -6.64847937899592 
15.224948463491 8.69832395755135 17.4905573712289 -6.64862795940528 
17.4026772786909 9.93637962050159 17.4890525167105 -6.64880890297211 
19.5813288073514 11.1728713071037 17.4872263998612 -6.64899494516086 
21.7609571393211 12.4077575911187 17.4850781201568 -6.64923433174982 
23.9416000059448 13.6409623576159 17.482661093274 -6.64945258178765 
26.1232281351879 14.8725319312925 17.4800480049128 -6.64971710047038 
28.3057985073447 16.1024725064405 17.4773376084655 -6.64994767114772 
30.4892029540365 17.3309455256431 17.4746456707834 -6.6501945658841 
32.6734206047273 18.5580387741863 17.4720860847474 -6.65041287904102 
34.8582388616752 19.784016871599 17.4697683353856 -6.65059601899481 
37.0436109074906 21.009121011441 17.4677831092576 -6.65078791788762 
39.2292880819389 22.233645860343 17.4662023338303 -6.65095018480932 
41.415155220312 23.4577781825392 17.4650778892882 -6.6510733885582 
43.6010295410969 24.6817498105658 17.4644244178233 -6.65119059427038 
45.7868566112235 25.9058135595533 17.4642394014696 -6.6512722529674 
47.9724243974834 27.1302467575799 17.4644818656905 -6.65128730407321 
50.1575599009401 28.3552278204378 17.4650799929856 -6.65135430444043 
52.3422735545641 29.5809062952515 17.4659421547883 -6.65131888217925 
54.5263726167726 30.8074258957248 17.4669555093121 -6.65128903481794 
56.7098390403629 32.0349422762378 17.4680039219032 -6.65125514835978 
58.8925959932954 33.2635578870411 17.468974931195 -6.65119409257355 
61.0744884399442 34.4934037994024 17.4697811564955 -6.65115422655718 
63.2555689250744 35.724547639611 17.4703465255001 -6.65111935495495 
65.4358602240744 36.9569571364285 17.4706367865337 -6.65113389202429 
67.6153122171382 38.1906237422338 17.4706367560858 -6.65110366696721 
69.7940641682409 39.4254812273667 17.4703552950689 -6.65112012590159 
71.9721026458463 40.6614261025026 17.4698119071118 -6.65114637482299 
74.1495263742049 41.8983846148107 17.4690394390271 -6.65120077617751 
76.3263923802924 43.1362117446356 17.4680605268624 -6.65126554110987 
78.5028265603784 44.3747858736789 17.4669040093244 -6.65134600245053 
80.6788811840267 45.6139454295205 17.4655875475892 -6.65144955514597 
82.8546455863379 46.8535818157272 17.4641214084959 -6.65155136689041 
85.0302286583775 48.0935699108202 17.462505615949 -6.65166860591014 
87.2057016542361 49.3337475918913 17.4607342830738 -6.65180997100494 
89.3811435188986 50.5739780178486 17.4587881006806 -6.65197698841741 
91.5566647889442 51.8141136522591 17.4566416802983 -6.65218693823906 
93.7323474709885 53.0539958812099 17.4542600167356 -6.65245015001778 
95.9082880028642 54.2934452987134 17.451603926231 -6.65276594423956 
98.0846017844911 55.532268822191 17.4486223385107 -6.65311777235865 
100.261407573234 56.7703079820271 17.4452626846432 -6.65353113712448 
102.438811151715 58.0073688490631 17.4414691272812 -6.65400098635124 
104.616937255521 59.2432494525251 17.4371780589025 -6.65457832921175 
106.795942205744 60.4777120979604 17.4323360278819 -6.65523534358042 
108.975925816815 61.7105323078016 17.4268909769761 -6.65595891809921 
111.157007207682 62.9415508207523 17.4208076766649 -6.65675690773677 
113.33928329855 64.1706222969982 17.4140822675805 -6.65761802307744 
115.522837002453 65.397607926571 17.4067528831545 -6.65852547671999 
117.707775810384 66.6224334176334 17.3989193517752 -6.65947212778541 
119.894082309207 67.8450269933969 17.3907638144962 -6.66040789362538 
122.081762198566 69.0654318217809 17.3825643131147 -6.66131416493388 
124.270775360312 70.2837403383644 17.3747019525971 -6.66214377458834 
126.461055122886 71.5000980592371 17.3676440162161 -6.66287723412495 
128.652502104176 72.7146969261089 17.3619341579025 -6.66347290902085 
130.844929503055 73.9278513436825 17.3581246766993 -6.66379714412437 
133.038177047879 75.1398741310908 17.3567293677267 -6.66393921071615 
135.231989202399 76.3511394813486 17.3581247769076 -6.66381835891113 
137.426122602843 77.5620965493859 17.3624539694693 -6.66339853377038 
139.620283742444 78.7731874389406 17.3695632803673 -6.66271933725001 
141.814144664824 79.9849091352309 17.3790102381839 -6.66179896062248 
144.007449361285 81.1977687728679 17.3901322558766 -6.6606877783213 
146.199869996876 82.4122390062168 17.4021586364802 -6.65946552474414 
148.391196607403 83.6287036447025 17.4143412963303 -6.6581994304984 
150.581219547842 84.8474923960182 17.4260656872077 -6.65694304366063 
152.769848227948 86.0686907392585 17.4368919546277 -6.65575045449084 
154.957080686887 87.292416087796 17.4465760209763 -6.6546421049813 
157.142903272904 88.5186750543123 17.4550174662727 -6.65362772362645 
159.32724208738 89.7474639660044 17.4622237004693 -6.65273716264486 
161.510188464848 90.9785990274443 17.4682749155451 -6.65195294618807 
163.691817017024 92.2120126100156 17.47328917311 -6.65126704071211 
165.872269774043 93.447464594341 17.4773999023573 -6.65068421905699 
168.051607645918 94.6848249414194 17.4807456066575 -6.65021413247107 
170.229881179371 95.9238314427767 17.4834580104296 -6.64980147085249 
172.407233356445 97.1643198060452 17.4856459793056 -6.64947709414751 
174.583819529579 98.4060561867942 17.487416734451 -6.64920273251496 
176.759707024783 99.6488569519943 17.4888444564298 -6.64898308775262 
178.93503291017 100.892547020689 17.4900095564657 -6.64879673866302 
181.109881504013 102.137039050541 17.4909532589902 -6.64865765488773 
183.284268152569 103.382113844225 17.4917252551213 -6.64853966667761 
185.458305919134 104.627676487422 17.4923662858599 -6.64843481171888 
187.632107898548 105.873582374111 17.4928828431797 -6.64835851641208 
189.805713142713 107.119734212734 17.4933152230468 -6.64829811193678 
191.97917690141 108.365980949181 17.493654692383 -6.64824547300671 
194.152679215992 109.612178320213 17.4939195232048 -6.64820671261769 
196.32621519267 110.858266219612 17.4940949450805 -6.64818703188902 
6.51367163843137 1.22967977004317 17.4938696917938 -6.6482194152504 
8.68846445629772 2.47322906134095 17.4934908813887 -6.6482714671214 
10.8637841146393 3.71581321627169 17.4929217044558 -6.6483308627863 
13.0397026042447 4.9573250098542 17.4921370626839 -6.6484426228239 
15.2163468603653 6.19755621987908 17.4910973814271 -6.6485643661595 
17.3937499508441 7.43639424812311 17.4897598962107 -6.64871991351273 
19.5720551023392 8.67372342610079 17.4881232479285 -6.64889401076649 
21.7512521011533 9.90945264396143 17.4861697414277 -6.64911159005307 
23.9314087715013 11.1434822908997 17.4839437569244 -6.64934902048944 
26.1124985777564 12.3758049135329 17.4814919348981 -6.6495946565367 
28.2945090057006 13.6064759365234 17.4789083061933 -6.6498342847131 
30.4773744854088 14.8355627107784 17.4762859515162 -6.6500891272599 
32.6610173948775 16.0631804911622 17.4737419827391 -6.65029750595564 
34.8453455161536 17.2895386145874 17.4713732929787 -6.65051563790428 
37.0301858036594 18.5148393820322 17.4692760503024 -6.65069728124514 
39.2153278608125 19.7393849401355 17.4675280039883 -6.65088729602238 
41.4007221591435 20.9633856392 17.4661830493588 -6.65101149587201 
43.5861433392742 22.1871117729581 17.4652781703102 -6.65115914783301 
45.7715291455463 23.410748616441 17.4648234944931 -6.65123203363532 
47.9565926210078 24.6345722520524 17.4647946183828 -6.65128650120774 
50.141291281314 25.8587996720894 17.4651436470232 -6.65136477355628 
52.3255442015047 27.0836429390185 17.4657928704325 -6.65132450197431 
54.5091210070675 28.309216569636 17.4666450298388 -6.65132952441521 
56.69212710899 29.5356584768267 17.4675893837394 -6.65128624100949 
58.8743235525306 30.7631040333793 17.4685201460725 -6.65122299730523 
61.05568371125 31.9917267672349 17.4693403510532 -6.65119793431654 
63.2362499180211 33.2215924532867 17.4699658938829 -6.65114067491295 
65.4158836632841 34.4527000189346 17.4703554262271 -6.65112649144933 
67.5947289870516 35.6850970863443 17.4704819781594 -6.65110438667382 
69.7727766145097 36.9186678054611 17.4703467149722 -6.65113562725531 
71.9500931087282 38.1533922845257 17.4699678193706 -6.65115237355774 
74.1267413724311 39.3891692367459 17.46936566213 -6.65120014934013 
76.3027926389618 40.6258865377648 17.468567787021 -6.65124466831217 
78.4783350093961 41.8634135059906 17.4675953599652 -6.65130576838897 
80.6534526837146 43.1016304408689 17.4664705126552 -6.65139333949239 
82.8282801082868 44.3403998385993 17.4651990026499 -6.6514913098074 
85.0028867075707 45.5795759162742 17.4637843561362 -6.65160783283335 
87.1773350249525 46.8190236134546 17.462221543711 -6.65173880149444 
89.3517524164713 48.0586094109404 17.4604908704431 -6.65189031710521 
91.5262081749273 49.2982110017462 17.4585713086094 -6.65206802114801 
93.7007686911567 50.5376681638212 17.4564329937306 -6.65228282192374 
95.8755758365083 51.7768094487041 17.4540333362589 -6.65255216856747 
98.0507387019206 53.0154566115878 17.4513331269284 -6.6528749136057 
100.22635065314 54.2534014877318 17.4482780922942 -6.65325475792009 
102.402552602225 55.4904616988797 17.4448177070131 -6.65370662362799 
104.579462189787 56.7264833133359 17.4408894535633 -6.65421803872652 
106.757192971846 57.9612653523225 17.4364406190899 -6.65479632473861 
108.935895510315 59.1945976501695 17.4314179252954 -6.65544516158843 
111.115716667364 60.4262823025899 17.4257794280149 -6.65619616382445 
113.296773880386 61.65611963403 17.4195079843114 -6.65701621392545 
115.479177494688 62.8840091251251 17.4126151423922 -6.65787809469958 
117.662998895721 64.1098265717496 17.4051637406311 -6.65878260795859 
119.848304624437 65.3335169562109 17.3972900744097 -6.65970183738164 
122.035131353241 66.5551035896369 17.3892094408343 -6.66062497360041 
124.223445025483 67.7746265184559 17.3812389543435 -6.66149609924919 
126.41319332981 68.9921805376757 17.3737878969391 -6.66227253748829 
128.604262661512 70.2079632761159 17.3673488216195 -6.66291854529848 
130.796595218948 71.422217535919 17.3624530204557 -6.66338961201726 
132.989931410133 72.6352160888076 17.359641116167 -6.66368046426039 
135.184107500382 73.8473577774559 17.3593732033188 -6.66369125657385 
137.378833993459 75.0590033145249 17.3619335349585 -6.66343286539304 
139.573859176336 76.2706166267563 17.3673477462863 -6.66293715997387 
141.768858624333 77.482655872326 17.3753422385708 -6.66213283310985 
143.963517058821 78.6956039902232 17.3853832686289 -6.66115008064077 
146.15754399521 79.9099562182599 17.3967697890375 -6.65999771727299 
148.350630068169 81.1261405697659 17.4087407725636 -6.65876057882006 
150.542550039316 82.3445049519191 17.42060429739 -6.65751547611461 
152.733211963155 83.5652756448238 17.4318129184068 -6.65630218847513 
154.922475718386 84.7885286856853 17.4420069178619 -6.65516996352262 
157.11030396688 86.0142988450519 17.450992301489 -6.65411857727033 
159.296691565764 87.2425681577445 17.4587172333639 -6.65317760058581 
161.481678028953 88.4732742057319 17.4652295987418 -6.65234866814216 
163.665302655888 89.706327050521 17.4706382996256 -6.65161953667829 
165.84757883752 90.941447614632 17.4750806618952 -6.65101999318417 
168.028636287922 92.1785119815943 17.4787070675739 -6.65048763250504 
170.208609497348 93.4173018366935 17.4816566306781 -6.65003963607614 
172.387514974455 94.65766880617 17.4840547341533 -6.64969623520677 
174.565520421897 95.8993204794922 17.4860103635428 -6.64937226522595 
176.742729094837 97.1421066095808 17.4876096985962 -6.64913748435507 
178.919264324101 98.3858440937792 17.4889254072696 -6.64893467753438 
181.095161354868 99.6303618938862 17.4900095314311 -6.6487703048279 
183.27056426084 100.87552497121 17.4909194678045 -6.64863091827791 
185.445533319324 102.121233420931 17.4916685314913 -6.6485214486226 
187.620128637048 103.367308819253 17.4923011512944 -6.64841953990376 
189.794468183139 104.613684892742 17.4928292314633 -6.6483458513051 
191.968585199778 105.860194116914 17.4932595837169 -6.6483094587463 
194.142572030917 107.106657071958 17.4936131872669 -6.64825436014761 
10.8553384990318 1.2133555623889 17.4931307671651 -6.64830591890972 
13.0311820297023 2.45551693219839 17.4924467028197 -6.64839679057956 
15.2076431945113 3.69646847570455 17.4915303699148 -6.64851232434395 
17.3848637180705 4.9360609632862 17.4903431649584 -6.64863265939346 
19.5628374802591 6.17418898216385 17.4888755057192 -6.6488145558267 
21.7416580617025 7.41067748113187 17.4871009172217 -6.64901420591855 
23.9213740835577 8.64552017089988 17.4850551918118 -6.64924724201407 
26.1020142657947 9.87861132016553 17.4827665908614 -6.6494794801552 
28.2835528300945 11.1100159587135 17.480313883047 -6.64973491901445 
30.4659567062612 12.3397347137927 17.4777842941782 -6.64997957301838 
32.6490730899957 13.5679016234585 17.4752759743636 -6.6502060101004 
34.8329072356049 14.7946414740721 17.4728891258545 -6.65044236967047 
37.0172195469857 16.0201983322255 17.470712017927 -6.65062914930574 
39.2019734241283 17.2448141228699 17.4688268853659 -6.65081439712628 
41.3869430849933 18.4687718366323 17.4672917079842 -6.65096266179589 
43.5719536858469 19.6922521373688 17.466155264645 -6.65114041539284 
45.7568872006885 20.9154909603299 17.4654398501722 -6.65120422917135 
47.9415640807537 22.1387625755824 17.465137141005 -6.65130973856482 
50.1259239306776 23.3623100538856 17.4652233456434 -6.6513540026522 
52.3097303101072 24.5863255041499 17.4656344356872 -6.65136543307994 
54.4929146373073 25.8109735029591 17.4662878971232 -6.65137043562629 
56.6754681446251 27.0363704130947 17.467088195487 -6.65133155699232 
58.8571905070966 28.2627007950911 17.4679313222876 -6.65128107711917 
61.0381137241574 29.4901041083731 17.4687187676841 -6.65122604822087 
63.2181486251608 30.7186690254186 17.46936444769 -6.65119269881817 
65.3972297767025 31.9484988586993 17.4698140513112 -6.65115370775017 
67.5754975273062 33.1795878049582 17.4700325914617 -6.65114366224174 
69.7528796402911 34.4118835799541 17.4700164577477 -6.65113827896569 
71.929538078833 35.6453748341133 17.4697809039391 -6.65115951935067 
74.1054613898892 36.8799243836811 17.4693388529908 -6.65118916614675 
76.2807470611965 38.1155038000775 17.4687174229101 -6.65122464445727 
78.4554529933368 39.3519773963278 17.4679398682179 -6.65128997897848 
80.6297225605113 40.5892080836911 17.4670218040886 -6.65136778606713 
82.8036505194823 41.827065640114 17.4659733583271 -6.65145167383732 
84.9772969423301 43.0654214071489 17.4647995476407 -6.65154629804261 
87.1507905872044 44.3041385480773 17.4634922602389 -6.65166534997869 
89.3242070460722 45.5430813845799 17.4620376512436 -6.65180320239931 
91.4976214146232 46.7820987698326 17.4604157176826 -6.65195713574446 
93.6711268160411 48.0210662807359 17.4585972106884 -6.65213906873065 
95.8448318279992 49.2598466441714 17.4565457968583 -6.65235734396349 
98.0188440636112 50.4982580877737 17.4542226328904 -6.65261980256435 
100.193274544039 51.7360993654754 17.4515794614416 -6.65293362448035 
102.368256573071 52.9732191490434 17.448563362981 -6.65331604651711 
104.543914373373 54.209410995901 17.4451195135582 -6.65376982358119 
106.720383647757 55.4444619007533 17.4411928596 -6.65430018506224 
108.897806953948 56.6782089403922 17.4367243921085 -6.65490761990773 
111.076304113914 57.9104634993381 17.4316715219171 -6.65557608040456 
113.256041596866 59.1410765283578 17.4260006609561 -6.65630082369711 
115.43714786508 60.3698780236955 17.4197050390362 -6.6570948233609 
117.619715983831 61.596751059309 17.4128199360744 -6.65796991080089 
119.803862917515 62.8215900096266 17.4054308956714 -6.65886278112772 
121.989624689373 64.0443544001261 17.3976975575519 -6.65973824129414 
124.176991846236 65.2651155161001 17.3898641908527 -6.66060690921611 
126.36593852693 66.4839754488035 17.3822721555001 -6.66141690656411 
128.556432745498 67.7010424789226 17.3753422065257 -6.6621370833771 
130.748358315697 68.9164736890762 17.3695621939708 -6.66272653446196 
132.941531716506 70.1305880396646 17.3654605598496 -6.66311479535418 
135.135775001005 71.3437101043613 17.3635386603091 -6.66329984461507 
137.330842409654 72.556200330103 17.3642007712897 -6.6632116215503 
139.526453819298 73.7684638890966 17.3676450843515 -6.66287742559822 
141.722320699176 74.9809628186211 17.3737892455455 -6.66227523119691 
143.918102338567 76.1941530227336 17.3822727025823 -6.66141698647393 
146.113496930494 77.4085085960945 17.3925138351908 -6.66039682566204 
148.308182409253 78.6245053329653 17.403803704332 -6.65922095490282 
150.501878754975 79.8425173977904 17.4154174961802 -6.65802903999639 
152.694404662972 81.0628393287353 17.4267219653916 -6.65682288487843 
154.885584941984 82.2856007947454 17.4372426080547 -6.65567271934449 
157.075413700035 83.510876546687 17.4466713830075 -6.65459362003665 
159.263887820959 84.7386500065427 17.4548744559315 -6.6536308095177 
161.450865058744 85.9688837416129 17.4618408957246 -6.65277801717287 
163.636406930939 87.2014161627915 17.4676472691471 -6.65201294721366 
165.820612043816 88.4361802863448 17.4724312179825 -6.6513624857987 
168.003545275817 89.6729115859449 17.4763434859727 -6.65080084485434 
170.185248732475 90.9114682422826 17.4795366211726 -6.65033459049447 
172.365820759662 92.1515825190733 17.4821478350615 -6.64993298851074 
174.545369191573 93.3930935939025 17.4842915272168 -6.64960671056344 
176.723956780282 94.6358033509665 17.4860681812543 -6.64933622199174 
178.901768647155 95.8794896849887 17.4875448066701 -6.64909619679868 
181.078913918515 97.124014421537 17.4887856731175 -6.64891075033342 
183.255442548279 98.3692853827436 17.4898384323649 -6.64875736042322 
185.431405447287 99.6150562516844 17.4907252612118 -6.64863724227923 
187.606906724106 100.861227661678 17.4914894386406 -6.64852887428999 
189.782045827975 102.107742098894 17.4921319563419 -6.64842243275249 
191.956890110635 103.354468242367 17.4926775588271 -6.64835371879496 
15.1987422838094 1.19505650762493 17.4918769034003 -6.64846933694759 
17.3757868735755 2.43536489581214 17.4908201199879 -6.64857306310013 
19.5534990062064 3.67420772930923 17.4894996090284 -6.64875332365131 
21.7320460462858 4.91148128627642 17.487892373972 -6.64893087545883 
23.9114118183009 6.14709613311216 17.4860101599443 -6.64914177171405 
26.0916617717162 7.38097590639349 17.4838826347758 -6.64938713189828 
28.2727737619792 8.61307160014201 17.4815632979375 -6.64963489904208 
30.4547096870489 9.84344550751238 17.4791348716671 -6.64988554834015 
32.6374097988937 11.072163168849 17.476681828625 -6.65013618093239 
34.8207900574902 12.2993389192026 17.4742972244537 -6.65035922045937 
37.0047086562607 13.5252056422661 17.4720706517527 -6.65055632555632 
39.1890617412478 14.7499598931398 17.4700747916561 -6.65075821154515 
41.3736012825382 15.9738481761927 17.4683777222022 -6.65093081569378 
43.5582597295649 17.197131607878 17.4670316779568 -6.65110913811803 
45.7428492188968 18.4200489365542 17.4660662053934 -6.65117392762118 
47.9272106667465 19.6428417785382 17.4654967515222 -6.65132714802881 
50.1112290505591 20.8657220850596 17.4653097784049 -6.6513542692706 
52.2946660012052 22.0889280149378 17.4654624836834 -6.65140580006477 
54.4775697891168 23.3126825035566 17.4658893005729 -6.65141136549306 
56.6597088538424 24.5370700227987 17.4665083754377 -6.6513852353053 
58.8410669006919 25.7623090657505 17.4672250094079 -6.65134667951002 
61.0215843161945 26.9884874692914 17.4679392721094 -6.65128001926116 
63.201141132883 28.2158018298063 17.4685670098968 -6.65126163324552 
65.3797858972919 29.4443341742683 17.4690400123542 -6.65118532241521 
67.5574841933284 30.6740956653496 17.4693172868686 -6.65118478835553 
69.7343011693346 31.9051283649121 17.4693950977126 -6.65116771430503 
71.9103334650739 33.1373315074655 17.4692755489429 -6.65118185578407 
74.0855798704045 34.3706899604884 17.4689754991475 -6.65118755063773 
76.2601571525954 35.6051113506394 17.4685212139378 -6.65123147991778 
78.4341455309364 36.8404962420251 17.467931414675 -6.65129046789141 
80.6076250231178 38.0767249609905 17.4672251079732 -6.65135671863597 
82.7807100688502 39.3136585803979 17.4664110842255 -6.65141518447499 
84.953492159974 40.5511740133169 17.4654971318609 -6.65149886341755 
87.1260636851829 41.7891388255014 17.4644729752222 -6.65158936927662 
89.298528902606 43.0274209417767 17.4633302248439 -6.65168902678028 
91.4709524039386 44.2658749526479 17.4620510998543 -6.65181020915855 
93.6434529901861 45.5043771121984 17.4606041770163 -6.65196395186919 
95.816126444815 46.7427694343419 17.4589627219066 -6.65216172000957 
97.9890506473222 47.9808735979949 17.4570844461597 -6.65238743819064 
100.162357368869 49.2185620861594 17.4549255909237 -6.65265292283727 
102.336168950435 50.4556506672205 17.452436677132 -6.65296619065894 
104.510594953069 51.6919591144426 17.4495624320629 -6.65332984971201 
106.685781732009 52.9273261228913 17.4462468254899 -6.65377214727956 
108.861893599084 54.1615356582288 17.4424315633829 -6.65429223466317 
111.039072938352 55.3943820109518 17.4380658111627 -6.65488934818373 
113.217466069041 56.6256913164647 17.4331094926038 -6.65555165236577 
115.397205564372 57.8553535086917 17.4275359884425 -6.65627518390849 
117.578421443293 59.0832389851111 17.4213585974596 -6.65704615300195 
119.761244768852 60.3092432682646 17.4146224530273 -6.65786266848463 
121.945749409324 61.5332911753676 17.4074361175744 -6.65871977641164 
124.131977303696 62.7553675757302 17.3999798765811 -6.6595721947774 
126.319932933591 63.9755321025023 17.3925143243599 -6.66038986419829 
128.509570650585 65.193900174442 17.3853836751282 -6.66115209390043 
130.700817433883 66.4106503735588 17.3790091815889 -6.66179534545439 
132.893531731258 67.6259948995466 17.3738722003822 -6.66230053876867 
135.087548230301 68.8402064091325 17.3704750428618 -6.66261819727706 
137.282668545872 70.0536585825406 17.3692925091653 -6.66273296011359 
139.478563057058 71.266707325088 17.3706651411549 -6.66256655409278 
141.675003441779 72.4797975895986 17.374701058919 -6.66214770536719 
143.87164478684 73.6933630884529 17.3812384631207 -6.66149069336603 
146.068139390292 74.9078667057209 17.389864909952 -6.66061724959334 
148.264180277092 76.1237789010105 17.3999799735524 -6.65956950712167 
150.459441597466 77.3415110469427 17.4108925928069 -6.65843719062386 
152.653685734533 78.5614107372466 17.4219270092559 -6.6572743087163 
154.846726985916 79.7836976689593 17.4325104727738 -6.65612818290322 
157.038458677615 81.0084638714635 17.4422241535806 -6.6550743699557 
159.228798531316 82.2356827548321 17.4508217831621 -6.65407854775606 
161.417733557361 83.4653827193015 17.4582078880631 -6.65318141548645 
163.605303391981 84.6974338466764 17.4644105080424 -6.65240187286655 
165.791446912184 85.931742377564 17.4695391936242 -6.65172752497421 
167.976204737062 87.1680718115044 17.4737421657162 -6.65114375066956 
170.159684188828 88.4062745923593 17.4771751286179 -6.65064666174744 
172.342003017756 89.6460968447526 17.4799917442708 -6.65021583346106 
174.523160696801 90.8874078481275 17.4823184442243 -6.64986236952951 
176.703299961354 92.1299427884289 17.4842581640614 -6.64956082687525 
178.882539045804 93.3735666973519 17.4858936076047 -6.64932304910396 
181.06090708487 94.6180479064695 17.4872913883959 -6.64910554023908 
183.238593522546 95.8632501172037 17.4884849838256 -6.64890914355594 
185.415709906483 97.1090768303412 17.4895205085114 -6.64877694643602 
187.592251105577 98.3553911296512 17.4904236397283 -6.64865128681647 
189.768309513599 99.6019960444727 17.4911980785858 -6.64855577915692 
19.5439705340167 1.17382654481345 17.4900123306303 -6.64870638896933 
21.7222660838733 2.41186310695352 17.4885502299594 -6.64884784062758 
23.9013569869183 3.64822217279234 17.4868231503897 -6.64907406057475 
26.0812548150199 4.88282938480238 17.4848406969211 -6.64930079797583 
28.2620004284785 6.11563838259208 17.4826576341725 -6.64954904354013 
30.4435501755347 7.34668961627336 17.4803303780724 -6.64980607260531 
32.6258967683584 8.5759787048014 17.4779445147715 -6.65003962013911 
34.8088771271194 9.80364477718488 17.4755821525375 -6.65029655758375 
36.992427723545 11.0298089066905 17.4733249029617 -6.6504951116124 
39.1763844374397 12.2547339628561 17.4712472694951 -6.65072596407993 
41.3606018196091 13.4786198766771 17.4694129604247 -6.65088824974074 
43.5449712672036 14.701792859381 17.4678787799526 -6.65106128989954 
45.7292566026038 15.9244030096988 17.4666815475413 -6.65117549063865 
47.9133032994245 17.1467167653439 17.4658499886645 -6.65134335775315 
50.0970513895775 18.3689834546052 17.4653875917662 -6.65137155619566 
52.2802401583041 19.5914653399873 17.4652662770498 -6.65144521596492 
54.4628710241499 20.8143226145285 17.4654472699098 -6.65146300287062 
56.6446985073815 22.0377362466426 17.4658567471748 -6.6514510121204 
58.8257593301214 23.261873752923 17.4664117877688 -6.65141247132791 
61.00591923113 24.4868991178814 17.4670218464025 -6.65136884131552 
63.1851135244991 25.7129639958597 17.4675963860558 -6.6513158256138 
65.3633700359172 26.9401823639456 17.4680611443394 -6.65124666214894 
67.540575637106 28.1686341885036 17.4683707667664 -6.65124695201159 
69.7169259445041 29.3983707898901 17.4685141265415 -6.65121082157703 
71.8923520642365 30.629312494036 17.4684863891574 -6.65121181211789 
74.0670065552953 31.8614709704477 17.4683091448494 -6.65120858822219 
76.24097023567 33.094715192969 17.4680036767856 -6.65125476589992 
78.4142829059927 34.3289941865483 17.4675897691999 -6.65128389307345 
80.5870534745907 35.5642081070201 17.4670865178702 -6.65132545302849 
82.7593716816077 36.8002266970402 17.4665086887788 -6.65138362635894 
84.9313421566955 38.0369163686606 17.4658555757112 -6.65144557184043 
87.1031025718696 39.2741166467789 17.4651264449303 -6.65152120905429 
89.2746825837477 40.511697336722 17.464309745206 -6.65160177369293 
91.4462047316666 41.7495622162622 17.4633891106246 -6.65170456740153 
93.6177828881391 42.9875652821345 17.4623381492373 -6.65181986651837 
95.7894490973972 44.225570447539 17.4611309493076 -6.65195235267895 
97.9613507540015 45.4634307747336 17.459729589019 -6.65212684258165 
100.133613751502 46.7009649528767 17.4580909254275 -6.6523486360321 
102.306308456136 47.9380078235197 17.4561685556318 -6.65261628424479 
104.479584433634 49.1743883684479 17.4539082774039 -6.65291833979809 
106.653577887069 50.4099702265676 17.4512517018215 -6.65328483183308 
108.828417486108 51.6445685758635 17.4481421099204 -6.6537033169416 
111.004261273479 52.8779819034676 17.4445254600925 -6.65418597398615 
113.181288580591 54.1100582791199 17.4403487944972 -6.65475836985743 
115.359646255431 55.3406107871652 17.435581294606 -6.65540351363707 
117.539465898033 56.569496117032 17.4302095305331 -6.65612037867695 
119.720896772536 57.7966204754598 17.4242510441821 -6.65685672276233 
121.904025877092 59.0218951441615 17.4177714169788 -6.65763114757548 
124.088938458494 60.2453136360175 17.4108926227359 -6.65843743180634 
126.27568606265 61.4668892613802 17.4038032449082 -6.65923706695781 
128.464242735698 62.6866658900419 17.3967692257553 -6.66000227580666 
130.654547568584 63.9047751753156 17.3901319401497 -6.66068996008063 
132.846516714735 65.1214128521753 17.3843008929604 -6.66128070023466 
135.040041284707 66.3368473291664 17.3797410387302 -6.66171238138081 
137.234848297433 67.5513497625181 17.3769434083887 -6.66195852419939 
139.430738828144 68.765337315929 17.37633773688 -6.6619996116121 
141.627441177585 69.9791422186249 17.3782007700672 -6.66178207988101 
143.824609661078 71.1931948126501 17.3825651681742 -6.66131893540409 
146.021915483991 72.4079823243745 17.3892100968979 -6.66060859549553 
148.219042679745 73.6239360137769 17.3976974074211 -6.65974313645607 
150.41564424168 74.8414912682711 17.4074358820199 -6.6587253465188 
152.611406155715 76.0610191712275 17.4177724621659 -6.65762939991476 
154.806106446568 77.2828317538037 17.4280781433835 -6.65654673901598 
156.999590080994 78.5070398771377 17.4378383280973 -6.65547874719171 
159.191762652569 79.7337344112244 17.4466882183614 -6.65448605220208 
161.382609758128 80.9628620549849 17.4544246723429 -6.65358909801165 
163.57202747758 82.1943694136528 17.4610013356352 -6.65281000692058 
165.76001093446 83.428109480627 17.4664723302597 -6.65208352963724 
167.946663322643 84.6640029074795 17.4709668838388 -6.65148424844258 
170.13198775994 85.9017704760732 17.4746420290547 -6.65096293663457 
172.316026026214 87.1412756428721 17.4776557811359 -6.65052842553777 
174.498843390866 88.382285266486 17.4801492608222 -6.65015753652868 
176.680567111023 89.6245642376459 17.4822367391884 -6.64982870956372 
178.861262329599 90.8680059504297 17.4840129714535 -6.64954222410075 
181.041060897775 92.112420520286 17.4855448155116 -6.64932168367193 
183.220036738289 93.3575821490529 17.4868786442871 -6.64913336986446 
185.398280252626 94.6033464958565 17.4880567627885 -6.64894748662043 
187.575909733676 95.84966670173 17.4890905805056 -6.64879942615819 
23.8910271151368 1.1488669968606 17.4874999199717 -6.64900664740556 
26.0706738637543 2.38420751159179 17.4856571610046 -6.64923100703827 
28.2511058321479 3.61775049192539 17.4835972520182 -6.64945921312126 
30.4323474855156 4.84946346534991 17.4813757935256 -6.649727634504 
32.6143257987686 6.07935016940551 17.479060183905 -6.64997624120055 
34.7969788677624 7.30747963748007 17.4767330382452 -6.65023214600535 
36.9801945184289 8.53401586030229 17.4744615657505 -6.65045535909911 
39.1638788183751 9.75914399034222 17.4723211005815 -6.65067726406107 
41.3478143771994 10.9831350957726 17.470374090679 -6.65086017288887 
43.5319022144802 12.2061701410689 17.4686702607544 -6.65104925046238 
45.7159221200972 13.4284956461414 17.4672595783435 -6.65118959244206 
47.8997625070883 14.6504093826036 17.4661762990133 -6.65134491127635 
50.0832775069153 15.872123469884 17.465435837238 -6.65138760387407 
52.2662662317178 17.0938963877248 17.4650361457533 -6.65149737360866 
54.4486458505939 18.3158869755393 17.4649512783732 -6.65152421883155 
56.6302883455409 19.5383509777913 17.4651267864068 -6.65150366720326 
58.8110893748781 20.7614213240779 17.4654954401707 -6.65150100349714 
60.9909691228414 21.9853032231986 17.4659745259155 -6.65145587064901 
63.1698908186105 23.2101269991875 17.4664694609722 -6.6513843496439 
65.3477835379879 24.4360565764723 17.4669038057636 -6.65134424291124 
67.5246511221287 25.6632115397793 17.4672246614344 -6.65130962956444 
69.7005702073582 26.8916199993946 17.4674105408436 -6.65126325402233 
71.8754885960592 28.1213173447123 17.4674562294625 -6.65125658553304 
74.0496534800405 29.3522561281622 17.4673843832568 -6.65126832131316 
76.2230289990495 30.5843398720179 17.4672082948024 -6.65127679564035 
78.3957548643695 31.8175308146771 17.4669555867226 -6.65128488739866 
80.5678849273159 33.0517207941895 17.4666441992993 -6.65131539195356 
82.7395239286525 34.2868096823496 17.4662892604034 -6.65136221597892 
84.91079916199 35.5226482808587 17.4658899532988 -6.65141215508744 
87.081769210284 36.7590889546754 17.4654466801457 -6.65146148471817 
89.2525783321848 37.996002332858 17.4649511693955 -6.65151725430808 
91.4232944652259 39.2332656034379 17.4643835288882 -6.65158133474175 
93.5939787878994 40.4707657381772 17.463724865641 -6.65167598350006 
95.7647647689796 41.7083566251026 17.462949878601 -6.65178303474301 
97.9357552735867 42.945918501764 17.4620178341369 -6.65190735619848 
100.106992556423 44.1833010184139 17.460896640835 -6.65205732213543 
102.278654281644 45.4203073216225 17.4595375742552 -6.65224392213101 
104.450878332803 46.6567931221044 17.4578905635887 -6.65249247992536 
106.623724941075 47.8926051631249 17.4558995911977 -6.6527916080287 
108.79737535039 49.1275401704857 17.453506734681 -6.65315753610858 
110.971999343389 50.3614492910205 17.450652905643 -6.65356943953425 
113.147699816751 51.5941985364182 17.447283433021 -6.65403853449447 
115.324664466084 52.8255927037566 17.4433577660707 -6.65456598344547 
117.503079952602 54.0555087316201 17.4388456400599 -6.65516283668807 
119.683088610261 55.2838062795039 17.4337413947708 -6.6558374160743 
121.864786401947 56.510342773096 17.4280796793485 -6.65655274965876 
124.048287384711 57.7350951955396 17.4219275131507 -6.6572744810063 
126.233674217166 58.9580557620424 17.415417751488 -6.65801314863427 
128.420942572285 60.1792891752798 17.4087408254442 -6.65875578986834 
130.610103590734 61.3988672181111 17.4021586691049 -6.65947268183219 
132.801102060177 62.6168955606901 17.3960002869793 -6.66009915154794 
134.99378770477 63.8335959944714 17.3906662441071 -6.66062180808198 
137.187997581814 65.0493016098377 17.3866158161184 -6.66099083076557 
139.383555105675 66.2642891232199 17.3843086783427 -6.66118023431191 
141.580167709801 67.4789278717839 17.384132919099 -6.66115655786899 
143.777540556765 68.6936382740744 17.3862954614236 -6.66089801686393 
145.975349684908 69.9088203781272 17.3907638441982 -6.66041291319743 
148.173240664681 71.1249149788858 17.3972893876604 -6.65970713951673 
150.370869717998 72.3424045232009 17.4054310885435 -6.65884609669656 
152.567920531219 73.5616696159608 17.4146225081665 -6.65788253715145 
154.76410008192 74.7830170616494 17.4242509573407 -6.65685630481872 
156.959196367631 76.0066974874434 17.4337423105847 -6.65583337254762 
159.153027650366 77.2328056276489 17.4426290219923 -6.65486469347821 
161.345560827652 78.4613177376772 17.4505943742837 -6.653966390837 
163.536760703622 79.6922245304727 17.457485007981 -6.65315475721995 
165.726613627976 80.9253974756823 17.4632839927153 -6.65243896093071 
167.915053099728 82.160745653258 17.4680708903583 -6.65182547738579 
170.102089561778 83.3980209853701 17.4719909123373 -6.65129568306001 
172.287838369113 84.6370839967056 17.4751975717142 -6.65082635533133 
174.472395634185 85.8776989608193 17.4778412391061 -6.65043845591358 
176.655751298196 87.1197387536752 17.4800586525275 -6.65011716128173 
178.837961525431 88.3629194269719 17.4819490488729 -6.64982323701209 
181.019189895054 89.6071080426091 17.4835897090912 -6.64956163820302 
183.199531965504 90.8521858979647 17.4850387049772 -6.64936033139481 
185.379018866316 92.0979224631643 17.4863354278999 -6.64917105528219 
28.239944674843 1.11937163779077 17.4843915721226 -6.6494019259279 
30.4209101003679 2.35172382670938 17.4822660524177 -6.64966053507517 
32.6025833493671 3.58223036452865 17.4800259553093 -6.64992252002246 
34.78497479822 4.81087760865383 17.4777329335322 -6.65015857051744 
36.9679069949345 6.03781777025988 17.4754611335187 -6.65042499666235 
39.1513488469247 7.26319746029576 17.4732740858795 -6.65063807203881 
41.3350012122233 8.48727678936773 17.4712296560116 -6.65085951950077 
43.5189109045494 9.71022778449161 17.4693786067251 -6.65104927206997 
45.7027362936616 10.932376085973 17.4677693181246 -6.65120692079397 
47.8864337390807 12.1539081263444 17.4664453968574 -6.65134188381339 
50.0697279940819 13.3750883960744 17.4654309165041 -6.65145333379207 
52.2525754603534 14.5961656109108 17.4647477839481 -6.65155054516431 
54.434792950463 15.8173726006713 17.4643845895827 -6.65159642380729 
56.6162964451925 17.0388980263085 17.4643095518529 -6.65158384342049 
58.7968872190736 18.2609337067332 17.4644738806094 -6.65160490308092 
60.976603285916 19.4836727900941 17.4647997861533 -6.65154741521781 
63.1552813031498 20.7072848202677 17.4651987916508 -6.65147477511628 
65.3329090966666 21.9319565261378 17.4655870005178 -6.651461487468 
67.5095214705642 23.1577953570912 17.4659043784938 -6.65137245321545 
69.6850534594818 24.3849136527427 17.4661198769358 -6.65134754460459 
71.8596278540389 25.6133543219949 17.4662257489081 -6.65131600591735 
74.0333413571072 26.8430663797549 17.4662428011031 -6.65131535169026 
76.2062288452179 28.0740010633373 17.4661822650083 -6.65129784922156 
78.3784258983784 29.3061100470013 17.4660755739725 -6.65130700793251 
80.5500077822237 30.5392935964817 17.4659424745163 -6.65132897359466 
82.7210692937757 31.7734300434701 17.4657925957512 -6.65134422756145 
84.8916905942665 33.0084153095781 17.4656327691756 -6.65137173925926 
87.0620053690714 34.2440762938956 17.4654618290436 -6.65140577257896 
89.2321015679125 35.480319285182 17.465267471029 -6.6514312666183 
91.4020429157957 36.7170132884685 17.4650356766385 -6.65148443201283 
93.5719778871043 37.953996803277 17.4647476628618 -6.65153958091438 
95.7419525744628 39.1912065000676 17.4643760759739 -6.65159886570087 
97.912050495922 40.4284948044872 17.4638888621384 -6.6517011330656 
100.082459763178 41.665662294335 17.4632534158737 -6.65182527954248 
102.253212441706 42.9025790711039 17.4624248707255 -6.65195633407739 
104.424399011955 44.139135641611 17.4613542327998 -6.65211901770813 
106.596205799631 45.3751467204532 17.4599919608457 -6.65233840982096 
108.768775416393 46.610463025966 17.4582810308469 -6.65261693718922 
110.942197342564 47.844928733342 17.4561628274877 -6.65294350287787 
113.116668769467 49.0783195581986 17.4535830655663 -6.65334323861408 
115.292364810338 50.3105079298839 17.4504916810227 -6.65380079261606 
117.46941071074 51.5413790187342 17.4468463911509 -6.65429522733877 
119.647969492013 52.7707735526389 17.4426279444951 -6.65484965570983 
121.828222962021 53.9986063114553 17.4378384756013 -6.65546862496275 
124.010293800715 55.2247469033715 17.432509955291 -6.65613884231717 
126.194243404555 56.4491444359206 17.4267221125513 -6.65683567251835 
128.380112729368 57.6718289807152 17.4206043474806 -6.65751904232008 
130.567956326462 58.8928668658163 17.4143418783329 -6.65819638908929 
132.757733457625 60.1123746681773 17.4081876937327 -6.6588338750206 
134.949349462861 61.3305000686433 17.4024716442069 -6.6594015859812 
137.142698716318 62.5474604273636 17.3975874003933 -6.65987780150121 
139.33758700544 63.7635529100351 17.3939776995794 -6.66018044114465 
141.533780747267 64.9791439634102 17.3920776553767 -6.66031954116891 
143.730994546729 66.1945904161642 17.392208423299 -6.66024184787342 
145.928951743877 67.4103044133498 17.3945124235777 -6.65997414960157 
148.127290154785 68.6267107617176 17.3989197423108 -6.65947405695533 
150.325639917579 69.8442329045871 17.4051650751049 -6.65878670501467 
152.523680383715 71.0633084565086 17.4128201054424 -6.65796145858428 
154.721070318414 72.2842810190536 17.4213574799074 -6.65704118839333 
156.917535751271 73.5074284957434 17.4302097892842 -6.65610751285273 
159.112887991028 74.7329094665958 17.4388447262702 -6.6551780353838 
161.307018604991 75.9607899937909 17.4468464719317 -6.65428927301601 
163.499840653372 77.1910500688739 17.4539436861784 -6.65348990546787 
165.691324215118 78.4235997179098 17.4600203728717 -6.65278254922507 
167.881429281082 79.6582712684399 17.4650905075172 -6.65214573898028 
170.070232244806 80.89502270144 17.4692549948578 -6.65159253632287 
172.257673790303 82.1335922006915 17.4726553633609 -6.65114114781285 
174.443815456958 83.3737516433631 17.4754481209143 -6.65074058077709 
176.62876319301 84.6153848132272 17.4777747143117 -6.65039295827812 
178.812572624759 85.8582644088314 17.4797538679367 -6.65010192410928 
180.995273711827 87.1022453155091 17.4814740555768 -6.64984239217598 
183.176986026062 88.3470807508576 17.4830072262045 -6.64959370549054 
32.5905662087835 1.08462566218699 17.4808316397795 -6.64985514976762 
34.77269885224 2.31383100938808 17.4785770921621 -6.65012869296207 
36.9553934810654 3.54116500009142 17.4763073573283 -6.65040725255274 
39.1385841487459 4.76685304791084 17.4740847347968 -6.65060937618841 
41.3220886980288 5.99104978119649 17.4719553877725 -6.65086506580035 
43.5058397627953 7.21403162330374 17.4699730542 -6.65104724990247 
45.6895226367834 8.43599817175872 17.4681816304228 -6.65124008152808 
47.8730934094047 9.65716979387662 17.4666258360214 -6.65137707740648 
50.0562875526601 10.8778604167684 17.465346575514 -6.65152084269973 
52.2390478079165 12.0983122876597 17.4643762514707 -6.65160460457786 
54.4211649075998 13.3187490165503 17.4637264342763 -6.65168058349323 
56.6025412172283 14.5393617767468 17.4633879290832 -6.65168436125602 
58.7830288704839 15.760397234994 17.4633312459054 -6.65171233630658 
60.9626358323884 16.9820173387168 17.4634921714886 -6.65164892479304 
63.141134882898 18.2044407417116 17.4637832375825 -6.65159555107985 
65.318597064847 19.4278580659383 17.4641212478367 -6.65156507948083 
67.4949807688579 20.6524077172643 17.4644292689987 -6.65146166954279 
69.6702509207636 21.8782416110263 17.4646701623211 -6.65144431681065 
71.844563957932 23.1054328302555 17.4648341100844 -6.6513931581443 
74.0179021537155 24.3339138483184 17.4649308187546 -6.65137377915858 
76.1904060859834 25.5637232909226 17.4649771563393 -6.65133588764562 
78.3621617500581 26.7947478171829 17.4650068938093 -6.6513406987581 
80.533275212293 28.0269174170355 17.4650360299653 -6.65133018128525 
82.7038063118243 29.2601377635785 17.4650805019643 -6.65133467641314 
84.873908840597 30.4942427409382 17.4651439832239 -6.65133672119253 
87.0436282346546 31.7291637426039 17.4652241261194 -6.65133879683766 
89.2130608665057 32.9647354585459 17.4653094072125 -6.65136763318619 
91.3823875941062 34.2008219599793 17.4653860192925 -6.65140143537334 
93.5516108448867 35.4373416409616 17.4654366031425 -6.65141573358805 
95.7208594604926 36.6741570083658 17.4654312980207 -6.65144852240858 
97.8902606382268 37.9111292029824 17.4653464259335 -6.65151490667087 
100.05982974496 39.1481264281934 17.4651473473246 -6.65157064702948 
102.229727738743 40.3850028726882 17.4647929187025 -6.65167323915168 
104.400088470913 41.6215955693827 17.4642424613424 -6.6518274816332 
106.570956023718 42.8577689340328 17.4634469766096 -6.6519851214762 
108.742485628416 44.0934035226848 17.4623536568372 -6.65217128028766 
110.914864290368 45.3283295790499 17.4609088302281 -6.65240826356331 
113.088195509269 46.5623848311231 17.45905933302 -6.65270496733254 
115.262639789331 47.79541822099 17.4567534480845 -6.65306608783093 
117.438411996744 49.0272391674548 17.4539419166052 -6.65349142724424 
119.615647463671 50.257718616328 17.4505960768939 -6.65398741915666 
121.794482953431 51.486745915328 17.4466882280435 -6.65450300984982 
123.97507698366 52.7142160668002 17.442223785742 -6.65504997473791 
126.157554232891 53.9400942249188 17.437241556695 -6.65565876459439 
128.34199355352 55.1643275601861 17.4318136773446 -6.65630536274679 
130.528428336705 56.3868937830725 17.4260645856528 -6.65695135527902 
132.716841056419 57.6078751134975 17.4201777351045 -6.65757221921658 
134.907208487954 58.8274373096611 17.4144082209449 -6.65814485685588 
137.09943197205 60.0457686852866 17.4090877271198 -6.65864589622736 
139.293389334481 61.263101288936 17.4046123576297 -6.65905253651485 
141.488830238823 62.4797325784679 17.4014067947348 -6.65932806645703 
143.685573169591 63.6960304678722 17.39984337333 -6.65942000971294 
145.883312730352 64.912376430132 17.4001877434392 -6.6593088086285 
148.081712218041 66.1292049279567 17.4025231154237 -6.65902433331588 
150.280454610082 67.3469171000032 17.4067526564029 -6.65852989930105 
152.479147949349 68.5659062893579 17.4126139202728 -6.65788085414071 
154.677460880273 69.7865671128842 17.4197063323329 -6.65711431033212 
156.875053922716 71.0092196707439 17.4275362892387 -6.65626172125486 
159.071725042997 72.2340957426508 17.4355813511646 -6.6554112905133 
161.267231733722 73.4613071858871 17.4433582170257 -6.65457959739696 
163.461481741372 74.6908434432973 17.4504909679523 -6.653785491311 
165.654496003885 75.9227005322904 17.4567527847772 -6.65306248932108 
167.846212140854 77.1567336243317 17.4620676488877 -6.65245607499708 
170.036550914234 78.3928218779039 17.4664694600328 -6.65190413673663 
172.225551600929 79.6307698045181 17.470065981541 -6.65143371120233 
174.413284676565 80.8704452903696 17.4730085060296 -6.65102294925288 
176.599802993626 82.1116152485894 17.475434688326 -6.65066535789732 
178.7851162072 83.3541189850815 17.4774820488828 -6.65038118385351 
180.969328591902 84.5977544850019 17.4792542752978 -6.65011398500797 
36.9425076970769 1.04407065823473 17.4769882877808 -6.65038458571686 
39.125533991733 2.27008127142721 17.4747280895273 -6.65059859288752 
41.3089151888995 3.49448873183027 17.4725258323294 -6.65087640215706 
43.4924772789598 4.71749869515631 17.470420694129 -6.65106975498956 
45.6760960866809 5.93930282358436 17.4684607595289 -6.6512811086708 
47.8596023972182 7.16020871269217 17.4666851800996 -6.65144175873363 
50.0427892032839 8.38045054585664 17.4651470504939 -6.6515872928337 
52.2254899657505 9.60029806544396 17.4638912619019 -6.65169770906674 
54.407565874994 10.8199741965684 17.4629480265733 -6.65177922451628 
56.5888863039238 12.0397404434894 17.4623394452106 -6.65180983446113 
58.7693600412654 13.2597842335104 17.4620510499899 -6.65182981142595 
60.9488782067493 14.4803164481765 17.4620372145838 -6.65178449580769 
63.1273057989199 15.7015773647617 17.462221377955 -6.65173754301036 
65.3046618693226 16.9237563297658 17.4625058483193 -6.65167373170134 
67.4809090615635 18.1470475596731 17.4628118198801 -6.65158216653426 
69.6560039388748 19.3716167483137 17.463084641014 -6.65154019554594 
71.8301051095404 20.5975422820389 17.4633088925831 -6.65147396372056 
74.0031792850073 21.8248403585841 17.463485204623 -6.6514376173813 
76.1753930794323 23.0535120725186 17.4636381108912 -6.65138257129535 
78.3468002618048 24.2834669349819 17.463798186135 -6.65136935845426 
80.5174982743482 25.5146343655659 17.4639818491962 -6.65133317379062 
82.6876370184013 26.7469091601037 17.4642082143001 -6.65132949115408 
84.8572588181043 27.9801986589836 17.4644813303445 -6.65130687094289 
87.026449058842 29.2143551089125 17.4647940280353 -6.65129550243598 
89.1954009331055 30.4492443788232 17.4651378377021 -6.65130604140749 
91.3640987633952 31.6847742773459 17.4654965249114 -6.65129172933411 
93.5327516143291 32.9208070474054 17.4658509033729 -6.6513095179993 
95.7014237269626 34.1572218860454 17.4661743763503 -6.65132953706868 
97.8701007544723 35.3939185292713 17.4664436294491 -6.65134000071623 
100.039008718358 36.6307292292164 17.4666266531667 -6.65139123568336 
102.208202913399 37.8675449592579 17.4666842923808 -6.65145034470093 
104.37770744287 39.1042168499006 17.4665842275114 -6.65151409803925 
106.547758630437 40.3405910455685 17.4662796540717 -6.65161900514755 
108.718463341941 41.5765479337564 17.4657235507415 -6.65177870408672 
110.889861984593 42.8119135057587 17.4648707448525 -6.65196825569467 
113.06215614133 44.0465253581801 17.4636684449528 -6.65218625022764 
115.235537532523 45.2802893930343 17.4620673197897 -6.65244765884688 
117.410093195914 46.5130411720418 17.4600196789285 -6.6527574640467 
119.586001996081 47.7446454213191 17.4574853202104 -6.65314415421112 
121.76351996958 48.9749193999732 17.454424770544 -6.65358211676509 
123.942740966657 50.203713134193 17.4508216555141 -6.65408510105802 
126.123751746614 51.4309793119131 17.4466732175104 -6.65461622004138 
128.306709299362 52.6566819071651 17.4420064699149 -6.65515384267388 
130.491684125842 53.8808374077874 17.436891030627 -6.65574085273686 
132.678681449698 55.1034234207447 17.4314518024145 -6.65633171273194 
134.867682732367 56.3244829551822 17.4258781696813 -6.65690767230278 
137.058628875607 57.5442018850954 17.4204438902775 -6.65742815386207 
139.251391657696 58.7628154922952 17.4154916413783 -6.65785682635411 
141.445844615587 59.9806248387567 17.4114080510467 -6.65821708593684 
143.641802563448 61.197897545206 17.4085742675467 -6.65844989072965 
145.838975843583 62.4150004651842 17.4073084824569 -6.65850760950654 
148.037089200874 63.6323471372078 17.4077997858489 -6.6583750789047 
150.235840341253 64.850342133812 17.4100948306573 -6.6580824805163 
152.43483776752 66.0693813182015 17.4140824368868 -6.65762057465844 
154.633727903532 67.2898492385964 17.4195086241325 -6.65700941595771 
156.832176169514 68.5120811633701 17.426000373447 -6.65631048951749 
159.029858155082 69.7363324425178 17.4331081460089 -6.65553809901013 
161.226569206909 70.9628532644759 17.4403503388755 -6.6547648864348 
163.422142321568 72.1916822683075 17.4472829525671 -6.6540329210859 
165.616482121322 73.4227733546142 17.4535831965789 -6.65335210218614 
167.809532894459 74.656061232133 17.4590606947832 -6.65271270757127 
170.001315544558 75.8914182953755 17.4636672446128 -6.65216216090594 
172.191861525688 77.1287342797854 17.4674581761799 -6.65170775218747 
174.381056618877 78.3678213149278 17.4705506668176 -6.65130817666407 
176.568960498823 79.6084362856713 17.4730810228377 -6.65094789291677 
178.755722134585 80.8504727599854 17.475185842923 -6.65062788338615 
41.2952369108857 0.997523506699937 17.4729084684804 -6.65090293353815 
43.4787428218294 2.22058633787412 17.4706918789828 -6.65112009067561 
45.6623187128959 3.4423497991367 17.4685659404324 -6.65133795198381 
47.8458086734098 4.66300163981844 17.4665842872995 -6.65151939223988 
50.0289997325991 5.88283078099276 17.4647931211795 -6.65167914441487 
52.2117132794138 7.10209051348226 17.4632540893491 -6.6518157718753 
54.3938401743497 8.32108183200005 17.4620181693374 -6.6519003615328 
56.5751986411716 9.5400196007618 17.4611316953822 -6.6519627632849 
58.7556862261008 10.7590928362029 17.460605313431 -6.65196928444548 
60.9351897256035 11.978570805731 17.4604139840231 -6.65194042910697 
63.1136166822856 13.1986906595242 17.460491012787 -6.65188492887254 
65.2909586672764 14.4196548434214 17.4607337246293 -6.65182238646252 
67.4671334326278 15.6417037373867 17.4610486477547 -6.65172599608357 
69.6421380570471 16.8650264556707 17.4613708669749 -6.65164621991219 
71.8161074382703 18.0897094673514 17.4616671981218 -6.65157859526764 
73.9890113725397 19.3158339610645 17.4619375474589 -6.65150680912369 
76.1610132318792 20.5433746947453 17.4622035423663 -6.65145155809621 
78.3321374330648 21.7722672273113 17.4624936440916 -6.65140647568682 
80.5025842220842 23.0024444104596 17.462830392651 -6.6513586442025 
82.6723484788368 24.2338134719342 17.4632351514879 -6.65131589977275 
84.8415780972444 25.4662680554537 17.4637068163388 -6.6512881545356 
87.0104106335414 26.6996579476338 17.4642400311049 -6.65126950222728 
89.1788503121543 27.9339060689676 17.4648225305987 -6.65123673378871 
91.3471253667955 29.1688688947099 17.4654397446421 -6.65122690754339 
93.5152825215993 30.404439761471 17.4660658775146 -6.65120531099111 
95.6833378049934 31.6405051524951 17.466682055134 -6.65119633849053 
97.8515334215834 32.8769002111344 17.4672612104399 -6.65120553116341 
100.019847725316 34.1135773004597 17.467769975584 -6.65121361640703 
102.18834806774 35.350346844116 17.4681808635755 -6.65122507377935 
104.357265813337 36.5870239767472 17.4684604472326 -6.65127650023398 
106.52663156546 37.8235688812412 17.4685661604826 -6.65133213152785 
108.696465970307 39.059848151471 17.4684637952423 -6.6514068551196 
110.867036515906 40.2956709023395 17.4681093898958 -6.65153832734357 
113.038481545577 41.530921809402 17.4674597497835 -6.65170522174211 
115.210831385797 42.7654108138586 17.466467587667 -6.65190921092641 
117.384300164272 43.9989860118246 17.4650916796033 -6.65216729660631 
119.559106012983 45.2315783383459 17.4632837384527 -6.65245655275701 
121.735342970153 46.4630272123858 17.4609993782829 -6.65278392362093 
123.913171145203 47.6931728213799 17.4582076499495 -6.65316912190161 
126.092810444943 48.9218946675571 17.4548749073153 -6.65362711283155 
128.274363863947 50.1490976634688 17.4509919267293 -6.65412916012813 
130.457845582356 51.3747491626755 17.446577451476 -6.6546516393616 
132.643361298209 52.5988777371048 17.4416954867129 -6.65517201948606 
134.830943301772 53.8215316072388 17.4364850718226 -6.6556962958561 
137.020515491648 55.0427620672232 17.4311654220735 -6.65621980077676 
139.211984685235 56.262748318262 17.4260352070057 -6.65670523204653 
141.405234408116 57.4817289195607 17.4214401252435 -6.657098298814 
143.600130413606 58.7000518933014 17.4177434832014 -6.65737241716551 
145.796449809858 59.9180581402138 17.4152733184487 -6.65757371900623 
147.993967091617 61.1360658063153 17.4142688221853 -6.6576144360756 
150.192345653109 62.3544465492921 17.414874908517 -6.65748068741295 
152.391265276974 63.5736279357071 17.4170944656621 -6.65718578899619 
154.590379656232 64.7940093586198 17.4208071272155 -6.6567540393047 
156.789339048353 66.0159147859113 17.4257801899301 -6.65620282027928 
158.987778773252 67.2396694044475 17.4316710479518 -6.65556585792659 
161.185429373516 68.4654757473724 17.4380664549603 -6.65488779614258 
163.382070844238 69.6935107451475 17.4445248191927 -6.65420398811434 
165.577559979025 70.9238188678826 17.4506523755057 -6.6535467201741 
167.771878732481 72.1563462223812 17.4561639395897 -6.65295536090627 
169.964950548819 73.3909303168881 17.4609093257981 -6.65243239956275 
172.156706813281 74.6274632463427 17.4648712125709 -6.65194597485172 
174.347249644745 75.8658600085227 17.4681101319163 -6.65152684495112 
176.536600289932 77.1059151119205 17.4707452032703 -6.65120909935392 
45.648001821112 0.945055233205638 17.4684646879678 -6.65143321982341 
47.831508292876 2.16549348793243 17.4662787338441 -6.65162728147282 
50.0147444033511 3.38495724456305 17.4642439578309 -6.65180018251008 
52.1975717407838 4.60370636112211 17.4624247738846 -6.65196246732466 
54.379795147516 5.82203540291131 17.4608972795219 -6.65205553495052 
56.5612617816106 7.04015364861897 17.4597306136337 -6.65214416545517 
58.7418232147321 8.25830926847614 17.4589616964703 -6.65215457717928 
60.9214276163419 9.47677744459194 17.4585970765695 -6.65212339503766 
63.0999165152205 10.6957619265663 17.4585724226833 -6.65207369154905 
65.2772982122974 11.9155410231965 17.4587877531134 -6.65199158127724 
67.453475913395 13.13637591816 17.4591347861834 -6.65188297224491 
69.6285015907521 14.3584546571972 17.4595297581618 -6.65178344883289 
71.8024059302397 15.5819428194063 17.4599230482408 -6.65170033191068 
73.9752194269016 16.8068889526364 17.4603057144905 -6.65158373643881 
76.1470772985397 18.0333169312643 17.4606988666393 -6.6515205711822 
78.3180656776785 19.2611522980278 17.4611287292076 -6.65144961732422 
80.4882829973972 20.4903646111696 17.461624150883 -6.65137701000593 
82.6577905935238 21.7208520847074 17.4622072041264 -6.6513296033499 
84.8267749340944 22.9524548192932 17.4628706098488 -6.65127297766472 
86.9952321993512 24.1851393845546 17.4636155069318 -6.65122752993686 
89.1633746152641 25.418728885111 17.4644247027928 -6.65119056783292 
91.3312691890664 26.6531653307818 17.4652786524872 -6.65114683265095 
93.498941569978 27.8883050389365 17.4661551046831 -6.6511139051478 
95.6666416055217 29.1239735509075 17.4670311100455 -6.65109483929141 
97.8343354698799 30.360160792386 17.4678782642288 -6.65105383533323 
100.002107360259 31.596670441942 17.4686697619425 -6.65103761113284 
102.170181442841 32.8333456065746 17.4693783842111 -6.65104290268056 
104.338507818845 34.0701315500423 17.4699743852443 -6.65105344105706 
106.507217595572 35.3068684921446 17.4704203912002 -6.65107529294751 
108.676488401087 36.543390984093 17.4706914968924 -6.65113693775523 
110.846347333157 37.7796387167472 17.4707459027877 -6.65120850511145 
113.016928069234 39.0154654533009 17.4705498398728 -6.65128701974409 
115.18843025853 40.2506602659899 17.4700666726015 -6.65141856026905 
117.360990973571 41.4851490899515 17.4692550869109 -6.65159489630016 
119.534705689196 42.7187542188225 17.4680719620755 -6.65181893399657 
121.709798399477 43.9512857170436 17.4664723275534 -6.65210418462 
123.886443590382 45.1826711802631 17.4644123823733 -6.65242433222916 
126.064750139773 46.4127527262865 17.4618396290282 -6.65276237861706 
128.244852981596 47.6414583696989 17.4587160023356 -6.65315828999151 
130.426913032007 48.8687030115122 17.4550180167534 -6.6536239470789 
132.611009846449 50.0944109318792 17.4507554879952 -6.65412838314244 
134.797112281243 51.3185679043877 17.4460140031108 -6.65461494595421 
136.985209858969 52.5412863540812 17.4409646212272 -6.65508887902269 
139.17530628423 53.762738530457 17.4358603346216 -6.65554555722534 
141.367265882318 54.9830568071863 17.4310243325581 -6.65597830698863 
143.560938594969 56.202508850923 17.4267964523944 -6.65634940330209 
145.756150938139 57.4214216339134 17.4234917847363 -6.65658172997714 
147.952752584407 58.6401887859143 17.421373119896 -6.65672617789549 
150.150460599149 59.8591333589 17.4206231925078 -6.65675158705963 
152.348963171477 61.078598368602 17.4213223539705 -6.65662413794939 
154.547938259504 62.2989653876507 17.4234515994956 -6.65635366420281 
156.747025985124 63.5206428626109 17.4268905310624 -6.65595196887588 
158.94588686102 64.7439618561129 17.4314188363638 -6.65546342780091 
161.144199717162 65.96914972373 17.4367235174242 -6.65489086793123 
163.341709285912 67.1964267954614 17.4424324021895 -6.65430645863386 
165.538172508306 68.4258636123045 17.4481433099449 -6.65370616463878 
167.733474446392 69.6575134362319 17.4535048676496 -6.65313410878201 
169.927633332209 70.8913063038288 17.4582805148526 -6.65262794569653 
172.120594079476 72.1270765455847 17.4623548922933 -6.6521768058522 
174.312329216433 73.3646575978488 17.4657230378405 -6.65177602592253 
49.9998875373545 0.886824353756202 17.4634460561226 -6.6519644518539 
52.1828559207811 2.1051276816286 17.4613561045916 -6.65213750056497 
54.3652223498578 3.32279999773365 17.459537671108 -6.65225827570202 
56.5468728012344 4.54016094100641 17.4580918800115 -6.65235412321353 
58.7276223432985 5.75744848736101 17.4570831169672 -6.65237064530547 
60.9073838795872 6.9749017414722 17.456546004877 -6.65234787907048 
63.0860245803605 8.19279869130957 17.4564327584833 -6.65230489962932 
65.2635139118954 9.41142614989564 17.456639313003 -6.65218831019594 
67.4398031697169 10.6310583662372 17.4570480826024 -6.65206785391383 
69.6149109814521 11.8519300968684 17.4575460154621 -6.65194944270274 
71.7888299231341 13.0742077769313 17.4580687920427 -6.65184050548173 
73.9616526148896 14.2980147505246 17.4585960381676 -6.65169053750342 
76.133471834417 15.5233257647083 17.4591385031351 -6.65161143325827 
78.3043798033608 16.7501502237125 17.4597278489183 -6.65149459775636 
80.4744446462559 17.9784118567619 17.4603950181612 -6.65142050141166 
82.6438445688769 19.2079874451365 17.4611587935232 -6.65133737249842 
84.8125816985348 20.4388391291283 17.462018263579 -6.65126408829685 
86.9808677340491 21.6707816461666 17.4629720863344 -6.6511973465356 
89.1487588549981 22.9037753451279 17.4639990229781 -6.65112891134563 
91.3163049946903 24.137683586142 17.4650764481174 -6.65107939689426 
93.483736033588 25.3723602153203 17.4661834279449 -6.6510370661709 
95.651038185171 26.6077702282665 17.4672931903365 -6.65097928410318 
97.8183509575317 27.8436887721906 17.4683780059657 -6.65092573412642 
99.9858047006384 29.0800133570619 17.4694136816637 -6.65089527133096 
102.153364073564 30.3166897355363 17.4703743106671 -6.65087054812164 
104.321228549459 31.553555710889 17.4712300402555 -6.65086165941291 
106.489504763555 32.7904627408948 17.4719556641117 -6.65085597295236 
108.658172718858 34.0273123946314 17.4725268913182 -6.65085553428146 
110.827440008126 35.2639943540476 17.472910397993 -6.65088842856617 
112.997431370441 36.500320824513 17.4730811771875 -6.65095578340218 
115.16817821679 37.7361809103815 17.4730071734572 -6.65104277385932 
117.339881841866 38.9714699243668 17.4726562724483 -6.6511455508802 
119.512723915279 40.2059990662408 17.4719886930156 -6.65128335792853 
121.686800589264 41.4396992638488 17.4709674808228 -6.65148238732996 
123.862283749877 42.6723507024623 17.4695396304011 -6.65173373698721 
126.039393704112 43.9037448548623 17.467647758283 -6.65202413970866 
128.218238690085 45.1338458036249 17.4652312088056 -6.65236309062084 
130.398901757016 46.3625783351191 17.462224541024 -6.65272899709072 
132.581506649844 47.5898747084873 17.458599245076 -6.65313616322676 
134.76615785955 48.8156544245312 17.4543898019698 -6.65359701798087 
136.952846172179 50.0399251433704 17.4497112192913 -6.65407232655106 
139.141492089189 51.2627523906242 17.4447787276172 -6.65450920827193 
141.332025951934 52.4843994883085 17.4398846120185 -6.65491480092675 
143.524376804874 53.7051125270257 17.4353568528725 -6.65528803060549 
145.71839977028 54.9251097223033 17.4315073791098 -6.65562881797828 
147.913868131528 56.1446665551264 17.4286026775198 -6.65583237896793 
150.110593698938 57.3642015462314 17.4268368584435 -6.65594334922227 
152.308372983852 58.5840863618118 17.426327124017 -6.65595079505398 
154.506882128695 59.8046298907824 17.4271182689838 -6.65584295603784 
156.705748920008 61.0261982731547 17.4291620328072 -6.65559083237952 
158.904686998398 62.2491506590392 17.4323356599188 -6.65522979344986 
161.103331744007 63.4737852066043 17.4364407175482 -6.65479505026918 
163.301375558055 64.7003289845641 17.4411910085954 -6.65428613677271 
165.498595508106 65.9289644679534 17.446247624401 -6.6537895050698 
167.694782983058 67.1596981919357 17.4512515250967 -6.65328705165489 
169.889822272599 68.3925398349063 17.4559006662606 -6.65278387371657 
172.083721089135 69.6274768813905 17.4599922995387 -6.65234145425051 
54.3499491605859 0.823374097866548 17.4578927264876 -6.65250340597772 
56.5318366116442 2.0400332514169 17.4561673493905 -6.65259947339782 
58.7128524836962 3.25646733758734 17.4549261905407 -6.65263656736357 
60.8928474020451 4.47293861870009 17.454223528841 -6.65262595291172 
63.0717413758991 5.68979066007711 17.4540334157162 -6.65257085429962 
65.2494530624769 6.9072956754368 17.4542591226133 -6.65242974018076 
67.4259336419394 8.12576511314865 17.454759934512 -6.65230283035488 
69.6011916463483 9.34544830253292 17.4554035207313 -6.65214858054885 
71.7752369358456 10.5665441001904 17.4560974634952 -6.65199748829158 
73.9481759544361 11.7892119341111 17.4568063655734 -6.65181712248711 
76.1200284102295 13.0134530437318 17.4575317188573 -6.65171483908318 
78.2909189937442 14.2392778555905 17.4583050577143 -6.65155690690408 
80.4609915519833 15.4665742928776 17.4591622639789 -6.65145522125619 
82.6302793341019 16.6953142016639 17.4601188010408 -6.65134002448354 
84.7989564733064 17.9253683006318 17.4611832333785 -6.65126078972993 
86.9671193997082 19.1566515714747 17.462346575722 -6.65116419914442 
89.1347933216802 20.3890392431688 17.4635852407013 -6.65108584039778 
91.3022196019561 21.6224165259402 17.4648797962049 -6.65102645520767 
93.4693716106352 22.8567488705051 17.4662032073014 -6.65094604366651 
95.6364497209368 24.0918063876626 17.4675271488045 -6.65087763960978 
97.8035195356216 25.3274819971713 17.468825866145 -6.6508091270528 
99.9705688252944 26.5637252570085 17.4700745422292 -6.65074967050253 
102.137846518747 27.8003800463367 17.4712486368041 -6.65071480620818 
104.305359040462 29.0373272492664 17.4723205660345 -6.65066536775599 
106.473154803247 30.2744302828046 17.4732748469401 -6.65063847863877 
108.641443488213 31.5115753749643 17.4740853276572 -6.65062684997703 
110.810255925278 32.7486664353443 17.4747274914371 -6.65061189440205 
112.979629212704 33.9855321504136 17.4751871709794 -6.65062312047493 
115.14978493204 35.2220786079145 17.4754359962074 -6.65067209188003 
117.320866998561 36.4581353628433 17.4754490878387 -6.65074029821887 
119.492893860596 37.6935577453081 17.4751972590353 -6.65084148287336 
121.666078449404 38.9282699091692 17.4746432802682 -6.65096932947273 
123.840624794533 40.1620627762544 17.4737408474229 -6.65113178669161 
126.016635563646 41.394817112608 17.4724301428304 -6.65134894874074 
128.194238438368 42.6263616029074 17.4706388102129 -6.6516355891819 
130.373641600279 43.8565302140441 17.4682756522036 -6.65195466413164 
132.554925542482 45.0853076531161 17.465275678636 -6.65231679723593 
134.738110773895 46.3126321768931 17.4616220315171 -6.65270327187668 
136.923297086042 47.5384686805192 17.4573772117902 -6.65311221152707 
139.110512289002 48.7628338402656 17.4527178144574 -6.65355177949335 
141.299652029714 49.985869657875 17.4479006199509 -6.65397136937831 
143.490595088665 51.2077671554989 17.443234779119 -6.65434319340379 
145.683254714847 52.4288573447784 17.4390387852357 -6.6546480958679 
147.877498601653 53.6494146695253 17.4355861701217 -6.65493333543886 
150.073109513561 54.8696746416856 17.4330842023183 -6.65514332464715 
152.269882474433 56.0899917965542 17.4316671319158 -6.65523077370185 
154.467582762643 57.3107939283102 17.4313998364518 -6.65521804557098 
156.665936661021 58.5324262422386 17.4322801053539 -6.65511178314089 
158.864608881733 59.7551486674741 17.4342451299695 -6.65489916491648 
161.063253898036 60.9793208056137 17.4371801394124 -6.65458922729269 
163.261549306204 62.2051905597003 17.4408900653179 -6.65419826492352 
165.459216196017 63.4329923310498 17.4451193118179 -6.65376917584103 
167.656040112726 64.662850297967 17.4495627485535 -6.65333936667704 
169.851818820263 65.8947779190222 17.4539079660159 -6.65291860535786 
58.69729957741 0.755340811124019 17.4524363038419 -6.65295753186911 
60.8776172384616 1.9709087888994 17.4515801915042 -6.65295007291168 
63.0568642777384 3.1867455392622 17.451330902205 -6.65288166339065 
65.2348968930074 4.40314514779641 17.4516022656516 -6.65272904857713 
67.4116644074282 5.62047939843174 17.4522338342466 -6.65258816334786 
69.5871828648639 6.83900393606119 17.4530656343107 -6.6523904358052 
71.7614665710949 8.05897100429077 17.4539836951484 -6.65219432153418 
73.9346012590536 9.2804997537412 17.4549186776934 -6.6519793965751 
76.1065640779481 10.5036949628296 17.4558702354035 -6.65184362509179 
78.2775990789125 11.728507094752 17.4568639168714 -6.65164592941808 
80.4476961959551 12.9549047200627 17.457935263542 -6.65151630117415 
82.6170342548945 14.1828048335132 17.4591077545415 -6.6513727628029 
84.7857057493423 15.4121092143195 17.4603872216364 -6.65125375490938 
86.9537762114667 16.6427194952644 17.4617667621816 -6.65114406912894 
89.1214437449339 17.874515014016 17.463220186376 -6.65106160528307 
91.288715566126 19.1074706653712 17.4647278037475 -6.65095291194606 
93.4557823722806 20.3413802921863 17.4662587935685 -6.65086508659541 
95.6227072704483 21.5761283965478 17.4677826369024 -6.65077278221625 
97.7895133081349 22.8116438257526 17.4692771880141 -6.65070190091257 
99.9564395826794 24.0477669291573 17.4707141295387 -6.65064516678417 
102.123443893844 25.2844223463041 17.4720694836242 -6.65055930373066 
104.290638934445 26.5214572616439 17.4733254969229 -6.65050338484111 
106.458196514436 27.7587539410036 17.47446277517 -6.65046395184518 
108.626128832579 28.9962404639137 17.475460627575 -6.65041237479614 
110.794518643432 30.2337026087167 17.4763079388427 -6.65038578357957 
112.963509337187 31.4710821845999 17.4769879158595 -6.65038257349359 
115.133188904545 32.7082877042887 17.4774817300856 -6.65036198889014 
117.303622797049 33.9450890801856 17.4777737521917 -6.65037875484286 
119.475012812311 35.1814166238923 17.4778426739267 -6.65043816321358 
121.647509908979 36.4171248086167 17.4776561576155 -6.65052951588807 
123.821177990709 37.6520216955359 17.4771752749516 -6.65065249596063 
125.996191319233 38.8859723225409 17.4763442429886 -6.65080577257197 
128.172764059947 40.1188241866242 17.4750809059185 -6.65101091891202 
130.350997318605 41.3504904057096 17.4732875949367 -6.65126392043767 
132.530958680145 42.5807886457056 17.4708734510493 -6.65157729694887 
134.712812368055 43.8096149227985 17.4677728768604 -6.65193956011062 
136.896625476535 45.0369234496398 17.4640052679696 -6.65231029241941 
139.082355575946 46.2627887611603 17.4596891273718 -6.65269061605538 
141.27001469929 47.4872835208657 17.4550460284526 -6.65308260025403 
143.459578400029 48.7105288479163 17.4503663947271 -6.65346772488115 
145.65088489186 49.9327438139962 17.4459660114525 -6.65380690531528 
147.843764813164 51.1542121042835 17.4421296973554 -6.65408536633824 
150.03811124327 52.3753039605146 17.4390838617629 -6.65432435543169 
152.233757145366 53.5962671155055 17.4369863060596 -6.65449835182918 
154.430444561198 54.8174201625267 17.4359141528522 -6.65459292383159 
156.627977013986 56.039120107427 17.4358782622771 -6.65457074960493 
158.82605536936 57.2617563259374 17.4368515709086 -6.65447538944523 
161.024371908146 58.4856112657671 17.4387550409374 -6.65427933781045 
163.222609098735 59.7109419768135 17.4414685559462 -6.65403090288422 
165.420443521834 60.9379567312441 17.4448166189349 -6.65369309456749 
167.617614534969 62.166899177486 17.4485630055476 -6.65331463151943 
63.0411633743554 0.683626260494049 17.4482781493941 -6.6532496343 
65.2196036523612 1.89898303883419 17.4486212771904 -6.65309410915943 
67.3967795590412 3.11520343505667 17.4494241506423 -6.65291613143313 
69.5726818254013 4.33261467210438 17.4505007780225 -6.65267894452589 
71.7473115152693 5.55144951712368 17.4516940738337 -6.65243494180987 
73.9207114551978 6.77190512749493 17.4529165329915 -6.65219578977441 
76.0929527763883 7.9940397833059 17.4541428009487 -6.65199117868319 
78.2641963506401 9.21788581644024 17.4554001933852 -6.65174781831201 
80.4344489924498 10.4433996613531 17.4567205501024 -6.65160175256831 
82.6039261740031 11.6704699646357 17.4581330054955 -6.65140828891935 
84.7726378339784 12.8990563629778 17.4596479800618 -6.65126900091244 
86.9408063680705 14.1289913897831 17.4612518745053 -6.65113580184578 
89.1084440185652 15.3602984277543 17.4629271626501 -6.65101631537597 
91.2757468630897 16.592761514696 17.4646475788554 -6.65090818491231 
93.4427748707066 17.8262825856985 17.4663784709753 -6.65078556075638 
95.609573504345 19.0608113403038 17.4680953771246 -6.65069968820086 
97.7763569657235 20.2961256988994 17.4697683300574 -6.6506136449835 
99.9431164305265 21.5321908667189 17.4713734509571 -6.65050071103292 
102.109958008246 22.7688340056402 17.472889313135 -6.65043318634512 
104.27702799573 24.0059781579069 17.4742971902791 -6.65036383582148 
106.44433110729 25.2435413566716 17.4755830702267 -6.65028483775393 
108.612007943442 26.4812901729256 17.4767310077527 -6.6502277156929 
110.78014796197 27.7191571928792 17.4777335910804 -6.65017732980716 
112.94879921679 28.9570887654765 17.478577974155 -6.65014184057868 
115.118096380048 30.1948644585496 17.4792538680154 -6.65011200506323 
117.288113196725 31.4323803177644 17.4797536254159 -6.65010933961608 
119.458966157612 32.669569966883 17.4800582148076 -6.65010616461685 
121.630786495581 33.9062086856001 17.4801484655516 -6.65013408280137 
123.803736302675 35.1421835081281 17.4799919174938 -6.65021253338114 
125.977959257051 36.3773392795564 17.4795371745502 -6.65033450994256 
128.153545283283 37.6114504106719 17.478707754236 -6.65049891433613 
130.330686412161 38.8444213647395 17.4773993320297 -6.65068764072399 
132.509515510871 40.0761407476353 17.4755067249234 -6.65094852638589 
134.690131403917 41.3065039615402 17.4729314725225 -6.65125111515817 
136.872565419655 42.5353651807126 17.4696530150711 -6.6515953715498 
139.056896908734 43.7626878042504 17.4657348828054 -6.65197249287612 
141.24316963651 44.988554568287 17.4613471162795 -6.65232206779183 
143.431289899624 46.2131663654951 17.4567546858965 -6.65267348074558 
145.621152336431 47.4366294323775 17.4522617681786 -6.65301620337077 
147.812700872767 48.659169507905 17.4481615242576 -6.65333293974825 
150.00574721463 49.8810347622186 17.4447079294715 -6.65358330310486 
152.200115544662 51.1026488672226 17.442078316882 -6.65377845263166 
154.395641671263 52.3243075380538 17.4403800344825 -6.65393668443365 
156.592159867595 53.546273065688 17.4396376547194 -6.65402004259118 
158.789385377771 54.7688852603875 17.439831171363 -6.65400487621343 
160.987059124856 55.99248002977 17.4408951875972 -6.65390997296106 
163.184922925614 57.2173747088563 17.4427444275315 -6.65374279376935 
165.382631297372 58.4437740396298 17.4452640534651 -6.65353014887658 
67.3810593022305 0.609953417384357 17.4462795562449 -6.65330104773462 
69.557466809044 1.82626905453575 17.4476555008207 -6.65302479507097 
71.7325395489925 3.04399749706203 17.4491883212542 -6.65273060823098 
73.9063390138954 4.26339182031868 17.4507599097947 -6.65245050065525 
76.0789777158939 5.48452525180777 17.4523254973941 -6.65217094831677 
78.2505188938525 6.70742932797335 17.4538965722073 -6.65190610743654 
80.4210681933988 7.93203847724268 17.4555105128284 -6.65169281191729 
82.5907248395844 9.15833313433227 17.4571965645411 -6.65146493703955 
84.7596795297821 10.3861762486183 17.458968354364 -6.65130459708906 
86.9279571389214 11.6155676243112 17.4608167698231 -6.65114007213886 
89.0957257692865 12.8463147115249 17.4627215389002 -6.65099899356332 
91.2631319368323 14.0783121619637 17.4646578831997 -6.65084574602333 
93.4301492927321 15.3115436594554 17.4665880176541 -6.65073760394844 
95.5970407868452 16.5457929568421 17.468488700849 -6.65062641094568 
97.7637741595437 17.7810007950231 17.4703298003906 -6.65050635375489 
99.9305139979483 19.0169631725825 17.4720866303143 -6.65040550706412 
102.097339207742 20.2536478973507 17.4737408207472 -6.6503141483568 
104.264288919035 21.4909721117867 17.4752766686778 -6.65020833933297 
106.431479922651 22.7287279102684 17.4766817070429 -6.65012632173836 
108.598997037459 23.9668191001653 17.4779441609012 -6.65005274230901 
110.76691049668 25.2051351548318 17.479062107475 -6.64998169200402 
112.935346956201 26.4435293008716 17.480024665451 -6.6499191337958 
115.104350869673 27.6818832566509 17.4808304166493 -6.64986961141737 
117.274012802192 28.9201332393917 17.4814754330024 -6.6498471117002 
119.444474337078 30.1580762464074 17.481948568612 -6.64983534444422 
121.615824864504 31.3955822676214 17.4822362286808 -6.64983705768096 
123.788148044113 32.6325715806906 17.4823175584705 -6.64986326918867 
125.961610476358 33.8688072676066 17.4821470293705 -6.649929048621 
128.136395737089 35.1041578745092 17.4816554446601 -6.65004053010988 
130.312611176418 36.3384516812045 17.4807464410247 -6.65020651274102 
132.490344777978 37.5715201287727 17.4793016081564 -6.65043166877576 
134.669769636004 38.8032615972441 17.4772088145172 -6.65068158201184 
136.850985776706 40.0335836522062 17.4744072413134 -6.65097567423475 
139.034028194457 41.262442047908 17.4709120658917 -6.65131752502075 
141.21890302483 42.4897847150797 17.4668484770699 -6.65167176363563 
143.405584549443 43.7156841799528 17.4624322869909 -6.65200273939376 
145.594082361059 44.9403664339052 17.4579468701002 -6.65232670197376 
147.784249259935 46.1640262465238 17.4536859124548 -6.65262474058374 
149.97593585508 47.386869527655 17.4499242462229 -6.65290946069419 
152.169010609038 48.6091826554707 17.4468693328668 -6.65314438574911 
154.363313926659 49.8313037195785 17.4446549283818 -6.6533178431734 
156.558658832886 51.0536229910217 17.4433411535393 -6.65344368509724 
158.754847214475 52.2763907440487 17.442915971981 -6.65351720904844 
160.951672076465 53.4998704047886 17.443318549379 -6.65351653641807 
163.148860683078 54.7243677621121 17.4444735848081 -6.65343588822875 
71.7169449504398 0.536655873001307 17.4464164416331 -6.65308375103909 
73.8913148013488 1.75500094664028 17.4484115159299 -6.65273672234865 
76.0644072863644 2.97514611876998 17.4503848352165 -6.65240337161263 
78.2364030122002 4.1971098913264 17.4523346606912 -6.65209743687163 
80.4073149483925 5.42088025982317 17.4542909046608 -6.65180386566938 
82.5773571996158 6.64639021366957 17.4562949939977 -6.65155606893919 
84.7465901856251 7.87357624995394 17.458352628876 -6.65134567792642 
86.9150903910143 9.10235878432218 17.460465616089 -6.65115904180355 
89.0831449522752 10.3325901841192 17.4626142422786 -6.65098646561651 
91.2506563211466 11.5642299951934 17.4647689606905 -6.65081637023356 
93.4179007310522 12.7971230120712 17.4668986774438 -6.65068574069288 
95.5848535387275 14.0311750543377 17.4689784500293 -6.65053963154953 
97.7516849271257 15.2662133525054 17.4709758601424 -6.65041559720449 
99.9185068233985 16.5021715586095 17.4728706758011 -6.65030228488414 
102.085328279679 17.7389529491183 17.4746447305512 -6.65018250620968 
104.252311457056 18.9763852841883 17.4762878647552 -6.65007620073821 
106.419470559239 20.2143742771511 17.4777840561225 -6.64998768933219 
108.586934994438 21.4528003905176 17.4791327742682 -6.6498922209728 
110.754752631675 22.6915327421776 17.4803312492671 -6.6498029610578 
112.923021967691 23.9304361471369 17.4813731348613 -6.64971443526666 
115.091822195612 25.1693942165477 17.4822666620354 -6.64964958084702 
117.261228853195 26.4082852115897 17.4830060744124 -6.64959426085497 
119.431351504 27.6469711203867 17.4835889666744 -6.64955454160671 
121.60228392943 28.8853419813122 17.4840138859541 -6.6495532165075 
123.774142425454 30.1232445481356 17.4842593268881 -6.64957675053758 
125.947053664187 31.3604843317356 17.4842923163904 -6.64961243199593 
128.121107257746 32.5969575324409 17.484054542494 -6.64967817557742 
130.296444302313 33.8324675549798 17.4834573063782 -6.64979714111659 
132.473255088482 35.0668704031539 17.4823831077167 -6.64997229121667 
134.651655078943 36.299995783457 17.4807133735843 -6.65019581954003 
136.831671368139 37.5317183764098 17.4783620603405 -6.65047960948517 
139.013444725039 38.7619517755723 17.475296743229 -6.65076230745302 
141.197050195553 39.9907303130066 17.4715972549501 -6.65107543178332 
143.382420724709 41.2180625481662 17.4674331759246 -6.65142141306424 
145.569518195673 42.4440190108519 17.463048012024 -6.65174039061275 
147.758266026306 43.6687357021159 17.458729641668 -6.65202638135749 
149.948617980006 44.8925493498042 17.4547519186854 -6.65229630642956 
152.140403652254 46.1157087221846 17.4513526590684 -6.65255566882771 
154.333436710743 47.3384617898037 17.4487047395637 -6.65276925913425 
156.527545279407 48.5611261253103 17.4468986191583 -6.65292198689066 
158.722594770754 49.784054572135 17.4459508994857 -6.65302428728369 
160.918397839695 51.0075688220997 17.4458156937062 -6.65308876550061 
76.0490771546223 0.465917485523254 17.448277505269 -6.6526996421347 
78.2216398716022 1.68697705796405 17.4506760456781 -6.65230827523138 
80.3930773931719 2.90992594766312 17.4530430360344 -6.65197854484626 
82.5635908901413 4.13467425582552 17.455406921303 -6.65167177414101 
84.7331765228346 5.36121597360461 17.4577913680353 -6.6514124407283 
86.902106684225 6.58939591262812 17.4601942709187 -6.65119443556083 
89.0704413752352 7.81919960091943 17.4626018215402 -6.65098346353334 
91.2382933370783 9.05045624824432 17.4649854931192 -6.65081436251208 
93.4057468978842 10.2830715271603 17.4673162377936 -6.650628710834 
95.5729201900118 11.5169015645562 17.4695710767888 -6.6504781171457 
97.7399747094556 12.7518557566837 17.4717136315841 -6.65034470079089 
99.9069057394493 13.9878281058863 17.4737331828749 -6.65019724014748 
102.073860994895 15.224659401009 17.4756133514845 -6.65007701414343 
104.240909880543 16.4622649463295 17.477338722219 -6.64995556620885 
106.408145542943 17.7005071100292 17.4789045984798 -6.64984290852894 
108.575609517142 18.9392560249071 17.4803144393807 -6.64972404803655 
110.74341463611 20.1783820225053 17.4815637719305 -6.64964108692136 
112.911658478124 21.4177529259223 17.482654579991 -6.64955553112916 
115.080323951366 22.6572834068954 17.4835972166217 -6.64947634484873 
117.249585304115 23.896823201758 17.4843896058174 -6.64940509937383 
119.419486107245 25.1362300166489 17.4850382843143 -6.64935231053064 
121.590069945019 26.3754075982858 17.485544219115 -6.64931441396317 
123.76151302422 27.6141814745292 17.4858930796652 -6.64929910149163 
125.933932912574 28.8524128593272 17.4860665606115 -6.64932879750474 
128.107406942074 30.0899198063338 17.4860113408598 -6.64939047344368 
130.282067157612 31.3265366511318 17.4856461349467 -6.64948222555633 
132.458043480289 32.5621571974148 17.4848689812178 -6.64960597245698 
134.635431681227 33.7965831420085 17.4835594583404 -6.64978637558997 
136.814409893732 35.0296915446932 17.4816099604776 -6.65002636163012 
138.995081459708 36.2613354178422 17.4789668139536 -6.6503081426627 
141.177409147623 37.4914667315619 17.4756555986486 -6.65060606932544 
143.361467976883 38.7201225161399 17.4717967529662 -6.65090440078769 
145.547279467026 39.9473692821616 17.4675951306333 -6.65121211428245 
147.734738995652 41.17331031588 17.4633130111538 -6.65151761747722 
149.923707208007 42.3981326045131 17.4592176956403 -6.65179377481659 
152.114129953791 43.6220837185358 17.4555597263012 -6.65203384123773 
154.305905229482 44.8455277365415 17.4525431957515 -6.65224846296121 
156.498827509927 46.0687015049424 17.4503005131877 -6.65244898355728 
158.692691225395 47.291903492156 17.4488822538073 -6.65259584239983 
80.3781564419894 0.399188822851122 17.451727724679 -6.65218465837907 
82.5492077713698 1.62323066433482 17.4545136975153 -6.65182395299376 
84.7193730582966 2.84908480715401 17.4572671187487 -6.65151482552039 
86.8887794017822 4.07677829656907 17.4599941967306 -6.65124174545151 
89.0575462225663 5.30612330849326 17.4626802196876 -6.6510039758905 
91.2257789000919 6.53702856658455 17.4653034566834 -6.65079434775427 
93.3935797525113 7.76937005607746 17.4678402484844 -6.65060908820246 
95.5611293907747 9.00302929085274 17.4702606567538 -6.65043664186127 
97.7284287017743 10.2379433074802 17.4725431331607 -6.65026066998755 
99.8956039663091 11.4738871174987 17.4746758396279 -6.65010822920009 
102.062759378424 12.7108267659916 17.4766413258467 -6.64997633052581 
104.230002551844 13.9486058134832 17.4784291318754 -6.6498436039965 
106.397340231517 15.1871000840033 17.4800473679946 -6.64970614073719 
108.564929209311 16.4261842309456 17.4814939726127 -6.64959198305582 
110.732792509224 17.6657022986233 17.4827663022345 -6.64948399923537 
112.900974811195 18.9055572241873 17.4838811517321 -6.64937433707315 
115.069630044535 20.1456213408872 17.4848442846803 -6.6493152323801 
117.238816181202 21.3857593555294 17.4856557522332 -6.64923566437872 
119.408536108254 22.6258371772739 17.4863356758343 -6.64917652527536 
121.578957529351 23.8657580922449 17.4868799481962 -6.64913856750128 
123.750139627345 25.105366016826 17.4872887495201 -6.64910714220357 
125.922111263011 26.3445078083043 17.4875444171577 -6.64909705047065 
128.095065732552 27.5830085541513 17.4876093158799 -6.64912014692623 
130.26915128228 28.8207225021757 17.4874162809379 -6.64920723659001 
132.444427501861 30.0574395441696 17.4868686224423 -6.64931299148251 
134.621005075837 31.2930634158854 17.4858511301393 -6.64947157157174 
136.799022892849 32.5274519135591 17.4842558292699 -6.64966727316277 
138.978579960439 33.7604485252772 17.4820024862288 -6.64990285474272 
141.159773793951 34.991957375271 17.4790844492923 -6.6501953075674 
143.342689044631 36.2219395295091 17.4755667188497 -6.65047850309324 
145.527213202296 37.4504271154339 17.4716167645623 -6.65078136032317 
147.713338414033 38.6775519434461 17.4674541961131 -6.65106487644856 
149.901036224352 39.9034463372037 17.4633330969308 -6.65134030016417 
152.0902140453 41.1283423389028 17.4595106232775 -6.65159911768425 
154.280673100637 42.3524871975914 17.4562014351497 -6.65181647361313 
156.472323628866 43.5761852675496 17.4535756632157 -6.65202147164831 
84.7049620643474 0.337301715853497 17.4567524310431 -6.65164644532374 
86.8749584002007 1.56446020024389 17.459838334897 -6.6513259495309 
89.0442809456422 2.79337167193527 17.4628309673448 -6.65105769664779 
91.2129699245917 4.02395632487899 17.4657077717715 -6.65080600216273 
93.3813020911353 5.2560544250576 17.4684533542985 -6.65058387016778 
95.5492383077113 6.4896094746967 17.4710399369505 -6.65038199696733 
97.7169157674494 7.72440025038393 17.4734551833102 -6.65019497785672 
99.8844268901378 8.96040495518187 17.4756874123979 -6.65004676848152 
102.051907241799 10.1974533756916 17.4777181577169 -6.64987763365869 
104.219369299917 11.435415693408 17.4795565019547 -6.64971670601317 
106.386951388533 12.6741613078036 17.4812063318951 -6.64959342781135 
108.554715729334 13.913556548562 17.4826615117158 -6.64946834394352 
110.722686445163 15.1534606501509 17.4839393041667 -6.64935355469243 
112.891012528212 16.3937600775019 17.4850552396616 -6.64924230569683 
115.059667112222 17.6343826668857 17.4860089614913 -6.64914610672791 
117.2287747244 18.875105250235 17.4868191686607 -6.64905059471698 
119.398439509441 20.1158438996616 17.4875025258619 -6.64900332203715 
121.568715475674 21.3564735574143 17.4880531643342 -6.64894798030532 
123.739648505765 22.5968133218605 17.4884858184732 -6.64892278307392 
125.911381957373 23.8367924967606 17.4887891558048 -6.6489309021002 
128.083982064467 25.0762140945943 17.4889246674874 -6.64894077380487 
130.257520602748 26.3149162289027 17.4888446507024 -6.64897365648448 
132.4321535314 27.5527222767977 17.488468520948 -6.64905957846509 
134.608040669249 28.789500406459 17.4876867887947 -6.64920216251478 
136.785239410394 30.0250508904969 17.4863918999352 -6.64937724993441 
138.96385059998 31.2593035083306 17.484491164627 -6.64958167911754 
141.14399029867 32.4921269805996 17.4819486052526 -6.6498365634136 
143.325718879636 33.7234328520036 17.4787923606747 -6.65011513683927 
145.509063931433 34.9531853106533 17.4751385421891 -6.65039557749595 
147.69402165244 36.1814831731117 17.4711685184823 -6.650678307742 
149.880507337045 37.4084565866546 17.4671109209243 -6.6509637949613 
152.06836297353 38.6343104837728 17.4632107834548 -6.65120824038295 
154.257578109058 39.8592504432744 17.4596952190859 -6.65144301152284 
89.0304506714596 0.280995317696528 17.4630220390112 -6.65111909425776 
91.1998248227148 1.51127186010478 17.4661744427104 -6.65082752846651 
93.3686797533806 2.7431969477965 17.4691346686482 -6.65056930251902 
95.5371318048489 3.97655470150947 17.471891738211 -6.65034337567205 
97.7052892442262 5.21131568492833 17.4744301817966 -6.65015029058436 
99.8732514791474 6.4473792841213 17.4767464418301 -6.64997342742565 
102.041116820231 7.68453525461855 17.4788327813548 -6.64978100831867 
104.208931594554 8.92268468717779 17.4807051638018 -6.64963294483728 
106.376825763767 10.1616863089057 17.4823623266884 -6.64947937136807 
108.544801289199 11.4013903443841 17.48380931642 -6.6493494125443 
110.713025885335 12.641669468393 17.4850805044133 -6.64922733693813 
112.881456021243 13.8824500827558 17.4861720674297 -6.64910984971006 
115.050242033949 15.1235030424962 17.4871005621085 -6.64901842307873 
117.219451172556 16.3647598297502 17.4878940262272 -6.64892619901262 
119.389055490295 17.606146418054 17.4885500577978 -6.64886019831717 
121.559234917392 18.8474347525653 17.4890897836913 -6.64879135690618 
123.730023851577 20.0885337871611 17.4895244046756 -6.64876598736707 
125.901504980642 21.3293225233748 17.489833706664 -6.64875379014008 
128.073786967211 22.5695751509621 17.4900118750434 -6.64876774115328 
130.246975001316 23.8091615808142 17.490008796078 -6.64880777317072 
132.421134264748 25.0479682834568 17.4897511006267 -6.64886832964069 
134.596358926033 26.2858141626643 17.4891499814279 -6.64897281617322 
136.77282017815 27.5225276096597 17.4881032323039 -6.64912382300216 
138.950608674965 28.7579507767036 17.4865148492388 -6.64931513609628 
141.129807712723 29.9919761009268 17.4843212095123 -6.64954613528713 
143.310493149519 31.2245406475572 17.4815228038977 -6.64979203496178 
145.492737737753 32.4555871777734 17.4781944635101 -6.65007806640198 
147.676506396503 33.6850708652945 17.4744701656823 -6.65036113525208 
149.861790346544 34.9131131824911 17.4705522121368 -6.65060985319188 
152.048515713551 36.1399502146619 17.4666599802876 -6.65087981209471 
93.3555853975607 0.230702424209316 17.4698526277119 -6.65058868158566 
95.5246794146859 1.46395067537572 17.472778477557 -6.65033765569772 
97.6934166487764 2.69872868446371 17.4754379764325 -6.6500980218646 
99.8619124479498 3.93480304126223 17.4778310052151 -6.64989795523765 
102.03025762012 5.17207717238345 17.4799624014512 -6.64970296725416 
104.198508491868 6.41042643212302 17.481851525521 -6.64954568362014 
106.366758122293 7.64967306203357 17.4834965094171 -6.64937849514622 
108.53510649504 8.88967611788401 17.4849320222957 -6.64923820194106 
110.703557133463 10.1303623265287 17.4861716260391 -6.64910907231642 
112.872264380832 11.3715109176528 17.4872238929425 -6.64900448535583 
115.041250653708 12.6130366868931 17.4881214273193 -6.64890449805117 
117.210517403971 13.8548562994441 17.4888765868482 -6.64881658804248 
119.380222455599 15.096758534601 17.4894977282687 -6.64875328392409 
121.55039757788 16.3386351393911 17.490013009767 -6.64869187181839 
123.721070375357 17.5804424665712 17.4904218090957 -6.64865850224232 
125.892403448767 18.8219576521667 17.4907265491674 -6.64862488582892 
128.064458961684 20.0630539388546 17.490917253808 -6.64862547139898 
130.237287131065 21.3035402421432 17.4909525858894 -6.64864993163608 
132.411023659674 22.5432345232392 17.4907802851695 -6.64871462258691 
134.585778576916 23.7820139839201 17.4903174451409 -6.64879784138065 
136.761614862198 25.0198049606639 17.4894695606529 -6.64892119389632 
138.938652973577 26.2563776776311 17.4881444806975 -6.64909554749956 
141.117019536104 27.4915803311735 17.4862705872218 -6.64930123311936 
143.296765398618 28.7253066120435 17.4838171071163 -6.64953186970379 
145.47794944309 29.9575419031784 17.4808204425971 -6.64979063028906 
147.660671827012 31.1882473402268 17.4773804056611 -6.65006864633184 
149.844853302362 32.4174305516054 17.4736596502063 -6.65032568426126 
97.6811458931493 0.186565480775789 17.4764390766894 -6.65006078011624 
99.8502665967565 1.42270482617379 17.4789071577462 -6.64985831887068 
102.019186114929 2.66010550582261 17.4810719869685 -6.64963661451802 
104.187940803618 3.8986398599721 17.4829635105939 -6.64946140034594 
106.356704359783 5.1381141445577 17.4845941165821 -6.64929193509942 
108.525410624731 6.37844875806332 17.4859982511324 -6.6491397320878 
110.694239299337 7.61944652943556 17.4871948424835 -6.64901276197285 
112.863227380335 8.86099413084679 17.4882003540171 -6.64889743116367 
115.032429331014 10.1029856491026 17.4890573951421 -6.64879746473069 
117.201933128834 11.345269142489 17.4897596721071 -6.64872077002382 
119.371748717265 12.5877215302274 17.4903426711585 -6.64864108093638 
121.541956868484 13.8302174050097 17.4908241706302 -6.64859351750429 
123.7126583627 15.0726169927743 17.4911978974487 -6.64855096332988 
125.883904261574 16.3147794714399 17.4914874119864 -6.64852553252762 
128.05575561145 17.556602566733 17.491671493134 -6.64852111353236 
130.228341775416 18.7978916577666 17.4917264608498 -6.64852660843742 
132.40175904131 20.0384933286683 17.4916088433578 -6.64858706247937 
134.576082451942 21.2782191223701 17.4912467101978 -6.64865239873595 
136.751362085197 22.5169442009884 17.490560121143 -6.64876642148418 
138.927791890793 23.7545416017509 17.4894549126751 -6.64890899787372 
141.105419647103 24.9908724829944 17.4878577095467 -6.64907736328866 
143.284347225517 26.2257677652666 17.4857266474954 -6.64931490890607 
145.464623271591 27.4591365759324 17.4830581585269 -6.64955393578066 
147.64630166575 28.6909629574564 17.4799221286109 -6.64980279338629 
102.00773655848 0.148621886838379 17.4821214414804 -6.64958293899289 
104.177141860269 1.38731995679242 17.4840126413317 -6.64939190968127 
106.34641633631 2.62704723305404 17.4856214729877 -6.64921317118047 
108.515626670911 3.86761553032507 17.4869877729992 -6.64906551343465 
110.68488910932 5.10894911727574 17.4881361659681 -6.64893232807148 
112.854235890091 6.35089572330597 17.4890965328257 -6.64881254241906 
115.023753132917 7.59330283649046 17.4898999026314 -6.64870883200653 
117.193461994756 8.83605085456969 17.4905528929959 -6.64862951450596 
119.363505862619 10.0789655749443 17.4910980953807 -6.64855887828774 
121.533852911455 11.3220029801899 17.4915294531727 -6.64849672914383 
123.704602427741 12.5650138342606 17.4918732786623 -6.64845541549988 
125.875835508912 13.8078309260822 17.4921345051112 -6.64843448207611 
128.047598815961 15.0503154727953 17.4922994306468 -6.64843246104267 
130.220008452632 16.2923064752653 17.4923642008316 -6.64843940369031 
132.393129486034 17.5336752197208 17.4922772294627 -6.64847262974831 
134.56707435204 18.7742943123127 17.4919884904029 -6.64852242795729 
136.74196420749 20.0139731121839 17.4914248883749 -6.64863592193234 
138.917862759483 21.2525518507633 17.4905048677148 -6.64875641413615 
141.094816058606 22.4898704275109 17.4891502976736 -6.64891403822828 
143.272989034219 23.7258430305876 17.4873036733213 -6.64911076183918 
145.452464716565 24.960344316356 17.4849511616333 -6.64933562263725 
106.3357797106 0.11641269188571 17.4865373719843 -6.64916181537455 
108.505604319885 1.35724646626367 17.487869327006 -6.64898869695412 
110.675365409043 2.59890541302948 17.4889698806263 -6.64885484524978 
112.845154890679 3.84117074101587 17.489880227369 -6.64873654339368 
115.014992570344 5.08398640685519 17.490635479365 -6.64864857815738 
117.185063110913 6.3271285673205 17.4912403362726 -6.64857254684125 
119.355356227693 7.57054639460462 17.4917455069156 -6.64848916355224 
121.525911527847 8.8140749720232 17.4921340136793 -6.64844256583352 
123.696814269957 10.0575662606123 17.492447421954 -6.64839278787547 
125.868062950048 11.3009736113037 17.4926778909408 -6.64835129902743 
128.039803467641 12.5441242025648 17.4928298161542 -6.64834890445447 
130.212105128159 13.7868264500792 17.492887301642 -6.64835626494784 
132.385033231022 15.0289113712917 17.4928162937254 -6.64838666140616 
134.558696431318 16.2702818378231 17.4925867371831 -6.6484284177753 
136.733189835806 17.510819565108 17.4921159317864 -6.6485211725927 
138.90859943476 18.7503373925497 17.4913432769876 -6.64862155280248 
141.08505215763 19.988640191237 17.4901956990312 -6.64877100747025 
143.262609862211 21.2256225227815 17.4886024712584 -6.64894748333026 
110.665524423399 0.0892428701176407 17.4896685190905 -6.64879461471723 
112.835786488029 1.33183760746026 17.4905387059462 -6.64868647434173 
115.006114222113 2.57499059654568 17.4912492979816 -6.64858685597236 
117.176537361622 3.81856781113918 17.4918172546434 -6.64850103169492 
119.347132671112 5.06241742667345 17.4922827411228 -6.64843920761524 
121.517960913233 6.30639682083489 17.4926362432066 -6.64838792494405 
123.68905893013 7.55040492240206 17.492926018613 -6.6483436556325 
125.860477659966 8.79431574568568 17.4931262763072 -6.64831716006681 
128.032265623334 10.037999285542 17.4932619353415 -6.6482967268207 
130.204494153716 11.2813133163715 17.4933106897253 -6.64828792203348 
132.377302995844 12.5241216973725 17.4932580258633 -6.64831535733282 
134.550749124984 13.7662554928955 17.4930595710375 -6.64836722448782 
136.724946984704 15.0075424887306 17.4926643170847 -6.64841635783295 
138.900001431423 16.247909144168 17.4920173828234 -6.64851629420207 
141.075962178338 17.4871596734986 17.4910347859292 -6.64865427053248 
114.99693287955 0.0663577141138254 17.4917166465371 -6.64853647547283 
117.16779757626 1.31028338726988 17.4922571456425 -6.64846232023513 
119.338749645696 2.55453174831793 17.4926985041065 -6.64838938564262 
121.509858907544 3.7989667315808 17.4930317646176 -6.64833821748616 
123.681246178263 5.04345238603923 17.493302723998 -6.64829829872081 
125.852827889404 6.28785621073844 17.493487863773 -6.64826356936661 
128.02476250995 7.5320444572825 17.4936139315863 -6.64824972349251 
130.197072972994 8.77588864419035 17.4936523679878 -6.64825173835057 
132.369825665304 10.0192995632094 17.4936092598462 -6.64825299998862 
134.543133819768 11.2621109589343 17.4934379467506 -6.64829834809854 
136.717102830422 12.5041755978045 17.4931053714011 -6.64835525839541 
138.891786868511 13.7453135028708 17.4925549345518 -6.64842881192465 
119.330044528999 0.046909608285935 17.4929818942885 -6.6483765140071 
121.501560563904 1.29169602643997 17.4933055160167 -6.6483076868226 
123.673172139851 2.53662867916967 17.4935728931739 -6.6482537712776 
125.845084319695 3.7814736000037 17.4937481265182 -6.6482231263789 
128.01719971872 5.02617626908363 17.4938727442521 -6.64820577423155 
130.18960164142 6.27055477289692 17.4939171101193 -6.64820526783558 
132.362378015293 7.51450015886824 17.493884375527 -6.64822903971905 
134.535653697306 8.75787457914481 17.4937330679273 -6.64823882544707 
136.709495578278 10.0006524293259 17.4934550554549 -6.64828933702674 
123.664871565881 0.0299772456027926 17.4937234354699 -6.64828240532894 
125.837005286129 1.27519570430378 17.4939061111191 -6.64821200941256 
128.009346210332 2.52029995406345 17.4940449984191 -6.64818046364019 
130.181986062792 3.7651929813868 17.4940950633397 -6.64818971360694 
132.354909334605 5.00970473308004 17.4940842486594 -6.64819104484362 
134.528191218337 6.25367658767278 17.4939569853422 -6.64821203301402 
128.001255553463 0.0146109078810228 17.4941312929362 -6.6481978311242 
130.174006678459 1.2598899439161 17.4941942300623 -6.6481809675802 
132.347119516213 2.50481296993373 17.494208690598 -6.64816395778523 
