67.6157246202259 114.604051974222 17.5131690053618 -6.7742270228344 
65.4333360571283 110.85402355904 17.5130715778837 -6.77417440928586 
67.6070588631545 112.099622386441 17.5131229297711 -6.77420575428209 
69.7809917025952 113.344710696629 17.5130833560153 -6.77418588913275 
71.9551773587608 114.589301852241 17.5129064224271 -6.77413141828719 
63.2495753343111 107.102964988091 17.5125799962174 -6.77405861523232 
65.4236769032764 108.34919146098 17.5128314074629 -6.77411546493643 
67.5978210759091 109.595096217083 17.5129637639763 -6.77413572155257 
69.7720047202035 110.840659372842 17.5130054250857 -6.77414254469754 
71.9464488019318 112.08567516066 17.5128986768914 -6.77414442376618 
74.1211444477479 113.330025738245 17.5126572857168 -6.77405784476131 
76.2962004934485 114.573569784049 17.5122457357246 -6.77395470471928 
61.0638865027402 103.351197721659 17.511629406094 -6.77376669060518 
63.2386018055171 104.597893669496 17.5120742982201 -6.77389470777447 
65.4131753710087 105.844392037286 17.5124308004488 -6.7739951600267 
67.5876924486399 107.090646935582 17.512668374097 -6.7740671463392 
69.7623383468937 108.336542619224 17.5128014029329 -6.77409498440735 
71.9370866337903 109.581937313918 17.5127924685538 -6.77408589451941 
74.1119852508076 110.826753258718 17.5126440252741 -6.77404515511633 
76.2872341781582 112.070792055988 17.5123263075008 -6.77397383217056 
78.4628112914043 113.31394120338 17.5118059280593 -6.77384149895816 
80.6388457492621 114.556005706893 17.5110764692424 -6.77364056640872 
58.8752830217227 99.5990430603499 17.5100907710187 -6.77335671124479 
61.0509813685949 100.845919507688 17.5107752079713 -6.77353989686505 
63.2263912698908 102.092795030171 17.5113648095341 -6.77368201633478 
65.4016242582844 103.339577665598 17.5118396707118 -6.77379757722599 
67.5767414003162 104.586137989313 17.5122000702283 -6.7738910310011 
69.7517875338248 105.832334496739 17.5124518846564 -6.77397461674319 
71.92688146416 107.078119475484 17.5125531211224 -6.77400723787427 
74.1021512080212 108.323342002782 17.5125177972001 -6.77399479373616 
76.2775995919028 109.567840882657 17.5123021839389 -6.77397161602013 
78.45336361769 110.81148903328 17.5118972467505 -6.77386144554635 
80.6294434248611 112.05410956374 17.5112845590357 -6.7737005606079 
82.8060330939879 113.295534233011 17.5104191222057 -6.77346237535671 
84.9831677880482 114.535663871811 17.509290814309 -6.77314668886383 
56.6829482713219 95.8469670010108 17.5078805738182 -6.77273002050443 
58.8600111765137 97.0938137926263 17.5088284614042 -6.77297892678515 
61.0366562240375 98.3407898520456 17.5096576565168 -6.77321483648529 
63.2128988759987 99.5878003360107 17.5103892739775 -6.77338392846828 
65.3888328391629 100.834767845488 17.5110054683298 -6.77355298921941 
67.564564919676 102.081542953294 17.5115137894636 -6.77369046745546 
69.7402190628408 103.328045580209 17.5119002587597 -6.77378104374784 
71.9157978789208 104.5741714843 17.5121379417475 -6.77385613173378 
74.0914112933913 105.819776346912 17.5122356141493 -6.77390062333581 
76.2671800588443 107.064697793364 17.5121501988555 -6.77389209982408 
78.4431356541954 108.308797043252 17.5118737429494 -6.77383431553965 
80.6194138377062 109.551916461072 17.5113854418353 -6.77371585564346 
82.796072713997 110.793927252392 17.5106435637954 -6.7735358647208 
84.9732071435091 112.034684215871 17.5096504184531 -6.77327284693796 
87.1508906550723 113.273947251349 17.5083764743437 -6.77289116412861 
89.3292680084553 114.51163346028 17.506812989047 -6.77243840380448 
54.4861515099625 92.0953694320527 17.5049745681041 -6.77186922672225 
56.6649650916385 93.3418107515767 17.5061790097867 -6.77220159016519 
58.8431133401056 94.5886190904182 17.5072654444185 -6.77250581227589 
61.0207002109274 95.8356925717552 17.5082523017592 -6.77278620664901 
63.1978231423012 97.0828779122848 17.5091304365805 -6.77302723530891 
65.3746220777346 98.3300181892263 17.5098974626177 -6.77323244080506 
67.5511100667994 99.5769701280356 17.5105632443286 -6.77340119858785 
69.7273626110494 100.823716420719 17.5110963672657 -6.7735464587715 
71.9035017550296 102.070118753439 17.5114990967981 -6.77366556842523 
74.0796273829542 103.316034648998 17.5117525755135 -6.77374108629693 
76.2557475244065 104.561352273016 17.5118201390513 -6.77376910441715 
78.4320397639184 105.805865407955 17.5116973978186 -6.77375522763769 
80.6085639507785 107.049462793473 17.5113492072619 -6.77368278976763 
82.7853778810473 108.292016239447 17.5107524159546 -6.77355702911531 
84.9625925061536 109.533299639566 17.5098932442496 -6.77333829025393 
87.1402472423001 110.773223954152 17.5087506141127 -6.77301189459196 
89.318569180555 112.011585626107 17.5073234437853 -6.77261774043356 
91.4975067900158 113.248270518238 17.5056153794017 -6.77209110910805 
93.6772116179617 114.483128493629 17.503649448379 -6.77147368549363 
52.2843131157486 88.344557231737 17.5014639397037 -6.77075654203535 
54.4650620310163 89.5904550443296 17.5028863844495 -6.77120338229196 
56.6450163933772 90.8368593570056 17.5041953619849 -6.77160604156338 
58.824305713708 92.083653718903 17.5054083657118 -6.77195481123623 
61.0030200794762 93.3307051698767 17.506526194832 -6.77225651149565 
63.1811462459811 94.5779258278983 17.5075494251186 -6.77253491115219 
65.3587921791688 95.8251868425167 17.5084769805375 -6.77280624647618 
67.5360731079178 97.0723690146882 17.5093006811716 -6.77302080077691 
69.7131065086699 98.3193234859484 17.5100014568459 -6.77321919450398 
71.8899129705366 99.5659526589105 17.510580511026 -6.77337725739167 
74.066570537903 100.812155643752 17.5110069337467 -6.77349532807866 
76.2432005714933 102.057766226159 17.5112513852442 -6.77358066751131 
78.4198879174511 103.302682966645 17.5113092021893 -6.77360730916974 
80.5966994173094 104.546746586135 17.5111301449047 -6.7735958575564 
82.7737843937785 105.789733615025 17.5106951280769 -6.77350884731582 
84.9511335090492 107.031593542483 17.5099933385661 -6.77333529598606 
87.1289344101214 108.272096588448 17.5089935036413 -6.77309690738114 
89.3072184840379 109.511110721117 17.5077003849771 -6.77274616173285 
91.4860889541036 110.748439811311 17.5061159542431 -6.77227965434131 
93.6656276938973 111.983982671029 17.5042618254523 -6.77170413043455 
95.8458819904525 113.217667526918 17.5021753851058 -6.77102932260074 
98.0268277573266 114.449409625034 17.4999066522681 -6.77026345161927 
50.0768756207254 84.5951059226166 17.4975183948654 -6.76945616806091 
52.2599183637592 85.8400613040759 17.4991153816412 -6.76997108611599 
54.4419892378255 87.0857481454999 17.5005904232924 -6.77044881415172 
56.6231889557935 88.3320539318779 17.5019737078366 -6.77089510389193 
58.8036532902585 89.5788030247171 17.503274626043 -6.77129782936457 
60.9834036808862 90.8258476710895 17.5044963651017 -6.7716765322385 
63.1625760089785 92.0731046058576 17.5056430344854 -6.77199501378659 
65.341248869248 93.3203994481291 17.5067136715871 -6.77228090810306 
67.5194418892961 94.5676526832439 17.5076852919288 -6.7725485433981 
69.6972408678164 95.8147976106832 17.5085616651334 -6.77278518471275 
71.8747670631357 97.0616420813062 17.5093207626065 -6.77299637656491 
74.0521272211811 98.3080719462762 17.5099287241379 -6.7731656784156 
76.2293091857312 99.5540069123018 17.5103807451456 -6.77329296678286 
78.4064719717969 100.799266452683 17.5106373773373 -6.77339459123993 
80.5837129694159 102.043690514813 17.510655188548 -6.77341696242195 
82.7610574738354 103.287173667072 17.5104240791842 -6.77339145204547 
84.9387147710453 104.529527297277 17.5099024014375 -6.77329244137993 
87.1166772634125 105.77057405665 17.5090694018008 -6.77309923436293 
89.2950531692262 107.010163570258 17.5079202455822 -6.77282113129557 
91.4739463614167 108.248138875711 17.5064678016781 -6.77239601280774 
93.6533988566205 109.484360721216 17.5047224712443 -6.77189362300872 
95.8335494816662 110.718694880992 17.5027270628631 -6.77125770940116 
98.0143501129342 111.951065181992 17.5005280028035 -6.77053402261802 
100.195861541979 113.1814129718 17.4981782887774 -6.76973065965981 
102.377945442078 114.409804885032 17.4957513878298 -6.76887527386022 
47.8636561964569 80.847454720584 17.4933020033285 -6.76802626898527 
50.0491444177026 82.0912152851216 17.4950807485413 -6.76861037712819 
52.2335274661515 83.3358928162275 17.4966812967399 -6.76915228605354 
54.4169010998387 84.5813509568826 17.4981638048731 -6.76965636026466 
56.5993870278129 85.8274387445856 17.4995670141914 -6.77011634856134 
58.7810344229676 87.0740330588084 17.5009035199949 -6.77055489790421 
60.961917155732 88.321054596935 17.5021952502992 -6.77095737626069 
63.1421542484556 89.5682940227784 17.5034339023213 -6.77134851182206 
65.32178168617 90.8156219057367 17.504607217634 -6.77169366361781 
67.5008951417366 92.0629856371655 17.5057167974881 -6.77199930014008 
69.6796262705129 93.3102016015407 17.5067455109198 -6.77228361585939 
71.8579762411909 94.5571839106181 17.5076696545683 -6.77251203198867 
74.0360154733766 95.8038528647313 17.5084750223009 -6.77274359254833 
76.2138963651096 97.0500238975579 17.5091356018735 -6.77292884588732 
78.3916575338504 98.2955553700634 17.5096060060107 -6.77306393896782 
80.5693161868815 99.5403628763935 17.509855484952 -6.77316263991335 
82.7471316642566 100.784257714209 17.5098544522395 -6.77319539189382 
84.925088311109 102.02706325985 17.5095450872545 -6.77315510264515 
87.1033034564423 103.268626764536 17.5089113257391 -6.77303081459754 
89.2818916795271 104.508773012235 17.5079449483062 -6.77280224629946 
91.4608525058133 105.747369645296 17.5066353443832 -6.77246479290525 
93.6403702105113 106.984216707944 17.5050098734339 -6.7720094535765 
95.8204397884423 108.219198197225 17.5031043362448 -6.77143792694212 
98.0011731224265 109.45218121112 17.5009651129123 -6.77074623529561 
100.182522707314 110.683138287018 17.4986535033704 -6.76995619564924 
102.364525381022 111.912017654816 17.4962269241391 -6.7691315335552 
104.547069354517 113.138931927743 17.4937459644775 -6.76822787655844 
106.730098290033 114.363976718064 17.4912595933668 -6.76740448496041 
45.6449210475893 77.1022957143821 17.4888175027035 -6.76655477638603 
47.8328148795353 78.3444106146424 17.490887858217 -6.7672119205691 
50.0195595296594 79.5876879218655 17.4926577583058 -6.76778584492986 
52.2052378939051 80.8320118932919 17.4942331816407 -6.76832829436949 
54.3899147551249 82.077194117948 17.495680923764 -6.76884637011686 
56.5736263244281 83.3230491455875 17.4970522791359 -6.76932362757948 
58.7564378517872 84.5694802375457 17.4983810486029 -6.7697762005154 
60.9384677903431 85.8163305074188 17.4996819375512 -6.77020562977294 
63.1197785539569 87.0634724396919 17.5009530221792 -6.77059983956444 
65.300439328216 88.3108226596546 17.5021960136929 -6.77098261558255 
67.480537136347 89.5582147027613 17.503401914842 -6.77134450770498 
69.6601157718436 90.8055111853768 17.5045493899781 -6.77167679791235 
71.8392802475754 92.0526523946908 17.5056228598336 -6.77198037637041 
74.0181656651116 93.2994721476009 17.5066059377714 -6.77224246333959 
76.1967565932463 94.5458127550674 17.5074593583529 -6.77246731839872 
78.375133493551 95.7916193695025 17.5081514502638 -6.77265723706059 
80.5534624233875 97.0367211335412 17.5086482492748 -6.77280845891944 
82.7317329946973 98.2809741462576 17.5088903218465 -6.7728892498308 
84.9100824710799 99.5242041788877 17.508832453393 -6.77291922697625 
87.0886630131616 100.766244978863 17.508447517152 -6.77286296638311 
89.2674657456831 102.006943955774 17.507693807848 -6.77270834924488 
91.4466671553967 103.246085838038 17.5065670035878 -6.77244440072434 
93.6262679294924 104.483549855005 17.5050832493898 -6.7720526185646 
95.8064003641016 105.719149324125 17.5032798238757 -6.77154464715373 
97.9870835244415 106.952778611656 17.5012024781546 -6.77089196157545 
100.168404884896 108.184323335107 17.4989201404773 -6.77016395520056 
102.350313149845 109.413734036812 17.4964889693716 -6.76933119209107 
104.532748573737 110.641068287965 17.493966306498 -6.76842787603888 
106.715722286198 111.866424976909 17.4914073681217 -6.76755055818406 
108.89899874472 113.090029387058 17.4888496503275 -6.76666122633611 
111.082546095897 114.312008041514 17.4863309219182 -6.76586052143588 
43.4211438785345 73.360110744937 17.4838948108161 -6.76512086059874 
45.6113891052034 74.6002592597206 17.4864573222225 -6.76579239531231 
47.8004687611072 75.8418635477586 17.4885554289915 -6.76641930633593 
49.9884279935873 77.084654668513 17.4903132653972 -6.76700429226331 
52.1753124908032 78.328481852074 17.4918399619525 -6.76754302191555 
54.361145146748 79.5732440388546 17.4932235922825 -6.76804179094321 
56.5460065889045 80.8188345976484 17.494524338832 -6.76851551406755 
58.7299696884537 82.0650468097422 17.4957892300572 -6.76898071386848 
60.913096191973 83.31172713584 17.4970410535041 -6.7694173636006 
63.0954573147124 84.558743565102 17.4982903031934 -6.76984395814975 
65.2771337548017 85.8060041851315 17.4995435648303 -6.77023166781302 
67.4582046004589 87.0533442541042 17.5007851496654 -6.77060808283507 
69.6387384813858 88.3006873859363 17.5020035716574 -6.77095630797585 
71.8187927910848 89.5479108838581 17.5031868937503 -6.77130683480758 
73.9984191940265 90.7948462594282 17.504303462853 -6.77162251654791 
76.1777567348867 92.041384851273 17.505327840818 -6.77189701372824 
78.3568858101795 93.2874006051786 17.5062274107702 -6.77214295700093 
80.5358230937177 94.5327570749013 17.5069541721021 -6.77233771858918 
82.7146858851781 95.7773140046586 17.5074543642877 -6.7724844648191 
84.8935656733443 97.020936270323 17.5076767160796 -6.772569264515 
87.0725007779617 98.2634392826707 17.5075665099629 -6.77258925509723 
89.251678352436 99.5046016995793 17.5070700180595 -6.77250640762045 
91.4311276772712 100.74429514872 17.5061746678692 -6.7723162805327 
93.6109303352691 101.982330670917 17.5048755882472 -6.77200783205754 
95.7911948276043 103.218546583922 17.5032008739641 -6.77155653411117 
97.9719425565384 104.452804207178 17.5012041331125 -6.77097714571184 
100.153273388937 105.684914795292 17.4989499612253 -6.77029815138017 
102.335101773095 106.914890378687 17.4965068906491 -6.76946115650253 
104.517562935154 108.142671166052 17.4939367903875 -6.76858247223488 
106.700461993144 109.368441259641 17.4912913844905 -6.7676841413595 
108.883780278587 110.59222762689 17.488611382864 -6.76676301906279 
111.067296651163 111.814270347929 17.4859311673377 -6.76588817029619 
113.250904767549 113.03479160176 17.4832970394951 -6.76506060647134 
115.434425244537 114.25402572447 17.4807521261657 -6.76435417919879 
41.1930670052827 69.6217226959648 17.478374745836 -6.76373522832012 
43.3855141691704 70.8595045192393 17.4815956426673 -6.76446693230355 
45.5768153570073 72.0988901976789 17.4842231056266 -6.76514198463607 
47.766984380966 73.3397550509897 17.4863503700528 -6.76573296055968 
49.9559737233935 74.581985710996 17.4880974022947 -6.76626993182067 
52.1438867726184 75.8253485264893 17.4895702000994 -6.76680965420753 
54.3308083291259 77.0696753539289 17.4908651048412 -6.76729177306002 
56.5167572604031 78.3148336484001 17.4920656202888 -6.76774674016135 
58.7017650285763 79.560718769932 17.4932229291619 -6.76819456278461 
60.8859182633311 80.8071714587704 17.4943749603855 -6.76861916673217 
63.0692903639661 82.0540423387342 17.4955429597663 -6.76905570619286 
65.2519319192007 83.3011812064868 17.4967361520693 -6.76945502629263 
67.4339311012454 84.5484527555645 17.4979512107218 -6.7698477302064 
69.6153571024345 85.7957713801946 17.4991800836318 -6.77023331204741 
71.7962938905052 87.0430013188862 17.5004072070345 -6.77056966634013 
73.9767965676202 88.2899946600004 17.5016068992707 -6.77090434948807 
76.1569199489051 89.5366793901409 17.5027557630412 -6.77122391770999 
78.3367237523105 90.7828828889968 17.5038179590619 -6.77150922536971 
80.5163688663731 92.0284468707365 17.5047458280057 -6.77176156517597 
82.6958630012397 93.2732936414023 17.5054893326963 -6.77196687293777 
84.8752547539689 94.5172629148279 17.5059859191597 -6.77212658112079 
87.0547345213825 95.7601370903285 17.506164717673 -6.77219701702813 
89.2342900993968 97.0017692008918 17.505967719171 -6.77217367113903 
91.4140665588049 98.2419677171005 17.5053491233746 -6.77208017047468 
93.5941659780271 99.4805508232599 17.5042860783213 -6.77183853273603 
95.7746164932229 100.717366544358 17.5027889071095 -6.77147826380403 
97.9555185590716 101.95218369221 17.5009039863066 -6.77097582320905 
100.136884554364 103.18490961324 17.4986985843491 -6.77032083070544 
102.318793793047 104.415420321511 17.4962444564397 -6.76953451294037 
104.50125862685 105.643750205856 17.4936206810337 -6.76868288048099 
106.684161498762 106.86987861904 17.4908784186717 -6.76777437796177 
108.867498801973 108.093930685423 17.4880629844579 -6.76680842770211 
111.051082499278 109.316124466267 17.4852161553311 -6.76587687689832 
113.234813409278 110.53658899718 17.4823715541836 -6.76499651300527 
115.418464151117 111.755640281747 17.4795831844214 -6.76420404940229 
117.601888355428 112.973482879164 17.4769301581167 -6.7635002104162 
119.784857528456 114.1904974762 17.4745152061431 -6.76292171064442 
38.9616735173599 65.8875386238396 17.472463728248 -6.76249235226815 
41.1560737794671 67.1225869037339 17.4762569445959 -6.76324798233812 
43.3493688833543 68.3595022605819 17.4794982676958 -6.76393595612434 
45.5415276940732 69.5981267246153 17.4821661316797 -6.76456208615276 
47.7325296151709 70.8382728808317 17.4843210929407 -6.76515229372667 
49.922456637471 72.0797787542976 17.4860550803524 -6.76566803892319 
52.1113571889711 73.3225317017105 17.4874752223147 -6.76613589739219 
54.2991802750667 74.5663754243451 17.4886802971653 -6.7665972660032 
56.4860149495256 75.8111220180543 17.489758298191 -6.76704100377855 
58.6719849332833 77.0566137403842 17.4907774422639 -6.76746390514219 
60.8571204668304 78.3027111917724 17.4917856773318 -6.76787105004427 
63.0414034961627 79.549329157208 17.4928193661838 -6.76826102106877 
65.2249457031622 80.7962924892791 17.4938940349777 -6.76867043622424 
67.4078350490904 82.0434656551074 17.4950129618212 -6.76906353694034 
69.5901057023197 83.2907404041803 17.496179002113 -6.76943395316748 
71.7718537769719 84.5379337913198 17.4973765614697 -6.76981446215844 
73.9531482696949 85.7849758124957 17.4985888818714 -6.77016684507094 
76.1340509905482 87.0317314411132 17.4997930724885 -6.77049764379654 
78.3146430936229 88.2780357362295 17.5009520493973 -6.77080003610606 
80.4949505987278 89.5238083536446 17.502028812354 -6.77108901220851 
82.6750765782137 90.7689035641656 17.5029682976449 -6.77134044409257 
84.8551220857021 92.0131261445965 17.5037074634956 -6.77153310826098 
87.0351099704413 93.2563580682988 17.5041700693319 -6.77166988145104 
89.2151432612692 94.4984094948484 17.5042817168371 -6.77173010512352 
91.3953406851317 95.739074946211 17.5039744184157 -6.77170103697082 
93.5757542291149 96.9781861006679 17.5031949350852 -6.77154705564227 
95.756487237958 98.2155252302564 17.5019357828229 -6.77126876616692 
97.9375528376602 99.4509261194559 17.5002164530596 -6.77084588750145 
100.119114581596 100.684236155307 17.4980944510798 -6.77024537958483 
102.301114542861 101.91533989341 17.4956528693115 -6.769516810877 
104.483645883277 103.144162510201 17.4929715630706 -6.76870694749043 
106.666601591585 104.370712509329 17.4901256164352 -6.767759414038 
108.850018751419 105.59512523198 17.4871647061113 -6.76680073201771 
111.033711886308 106.817480358135 17.4841329624778 -6.7658237261891 
113.217546060484 108.037989120794 17.4810708762338 -6.76488518780122 
115.401405084611 109.256862817281 17.478030534212 -6.76401240555077 
117.58504311384 110.474438653478 17.475103319379 -6.76322243371416 
119.768294690736 111.690988990881 17.4723929809277 -6.76256577142228 
121.950998286826 112.90676556682 17.4700547044271 -6.76204384450307 
124.132937187623 114.122089903275 17.4682395130542 -6.76166324653289 
36.7280090178765 62.158041166376 17.4670728284084 -6.76146462457292 
38.9240506429312 63.3901908810348 17.4709075762673 -6.76217411806189 
41.1190411106452 64.6242996645481 17.4745035797544 -6.76288137300351 
43.3129528449078 65.8602206043116 17.4776816500774 -6.76355343138373 
45.5057914658316 67.0979372675564 17.4803504811823 -6.7641238213956 
47.697566911323 68.3373154351415 17.4825190268826 -6.76464505501288 
49.8882442389549 69.5781185296986 17.4842407909115 -6.76515202836861 
52.0778570711415 70.8201727338602 17.4856068535982 -6.7656131002117 
54.266493348933 72.0633731486507 17.4867227685869 -6.76601214157933 
56.4542023289913 73.3075980892341 17.487673373054 -6.76640040170575 
58.6409464065673 74.5526692896684 17.4885364839834 -6.76679163610072 
60.8268146967895 75.7984260912434 17.4893739375796 -6.76717854858585 
63.0119370501445 77.0447075003784 17.4902284841691 -6.7675505926004 
65.1963483076571 78.2913623563528 17.4911300734071 -6.76791199997294 
67.3800255044503 79.5383577252949 17.4920934499083 -6.76827005803719 
69.5630749543659 80.7854998700111 17.4931270729802 -6.76864360984626 
71.7456033093565 82.0326518273098 17.4942208304195 -6.76900315523796 
73.9276410882267 83.2797050204757 17.4953652784499 -6.76935500223542 
76.1092494347746 84.5264919819277 17.4965431999122 -6.76970831572458 
78.2905282739577 85.7729003387223 17.4977224651001 -6.77004416026244 
80.4715291232621 87.0188164233534 17.4988695163486 -6.77034737617134 
82.6523126920815 88.2640851452526 17.4999333279232 -6.77061257157271 
84.8329513040414 89.5085552534077 17.500852526184 -6.77085147272019 
87.0135269225221 90.7520856382259 17.5015514926681 -6.77103084529411 
89.1940811094449 91.9944934571069 17.5019463602331 -6.77116208842532 
91.3747221912724 93.2355950715518 17.5019503396782 -6.7711914610089 
93.5555406190208 94.4751652539405 17.5014884283347 -6.77111335892379 
95.736550433739 95.7130285606278 17.5005155282226 -6.77092072189835 
97.9179442948182 96.9489761054812 17.4990211490125 -6.77055966802945 
100.099682116886 98.1828613729856 17.4970408967661 -6.77004573791282 
102.281842914349 99.4145255366112 17.4946479296102 -6.76939247089122 
104.464523424997 100.643868980273 17.4919331519135 -6.7685956116958 
106.647573188603 101.870938537129 17.4889806957368 -6.7676703564221 
108.83116364864 103.095699129617 17.485865692765 -6.76671622049399 
111.014919363814 104.318289961951 17.4826358999057 -6.76569438409723 
113.198970103859 105.538881473096 17.4793412481239 -6.76471144950976 
115.383034530467 106.75771289023 17.4760449431214 -6.76376036457897 
117.566936354419 107.975071125575 17.4728324637051 -6.76290660946805 
119.750519679701 109.191196159364 17.4698327835862 -6.76215194738758 
121.933586280831 110.406417826597 17.4672096321407 -6.76155757968954 
124.115913506855 111.621042821581 17.4651471065718 -6.76110679135932 
126.297371192563 112.835355375034 17.4638028908838 -6.76086038359401 
128.47781249687 114.049703900194 17.463251571598 -6.7607781596867 
34.493432672672 58.4332168537456 17.4634531493784 -6.7609079921622 
36.6904785175202 59.6624625919095 17.4665959446151 -6.76144652761435 
38.8868176856317 60.8936336123252 17.4699295527281 -6.7620364896947 
41.0822358291734 62.1267184096968 17.4732107147686 -6.76264385904308 
43.2766643169894 63.3617200779376 17.4762265377374 -6.76323616070521 
45.4700096587507 64.5984794982025 17.4788394097877 -6.76381390674122 
47.6622919303389 65.8368847202071 17.4809906623659 -6.7643142323701 
49.8535769859314 67.0768581303921 17.4826949379233 -6.76473703809419 
52.0438608209354 68.3182471002861 17.4840175638841 -6.7651417215833 
54.2331245006745 69.5607915377614 17.4850452138083 -6.76554136527006 
56.4214250770573 70.8043646930513 17.4858698650593 -6.76591433948108 
58.6088521698825 72.0488777077421 17.4865724631271 -6.76623391517409 
60.7954413521216 73.2941949473832 17.4872241812903 -6.76654901343281 
62.9812088879281 74.5401128238851 17.4878763408788 -6.76688589107098 
65.1662424361868 75.786503886459 17.4885651702693 -6.76722923704876 
67.3506245693351 77.0332212663005 17.4893229084084 -6.76756249261562 
69.534418081611 78.2801309981186 17.4901590799262 -6.76788758273481 
71.7176057168177 79.5271547619425 17.4910781963445 -6.76821887454487 
73.9002947800297 80.7741561313534 17.4920792207938 -6.76854992665277 
76.0826024335427 82.0209234404776 17.4931458990555 -6.76888592707144 
78.2645272277417 83.2673799335669 17.4942562460111 -6.76920095399985 
80.4461364865155 84.5134021680388 17.4953815588544 -6.76952495306616 
82.6275402112784 85.7588097252054 17.4964776141739 -6.76981587565088 
84.8087741840457 87.0034880645678 17.4974880652861 -6.77007206756874 
86.9898757463274 88.2472897140407 17.4983437543016 -6.77029727803125 
89.170976130999 89.4900075168975 17.4989593520177 -6.77046209881335 
91.352099462605 90.7314566563902 17.4992364302123 -6.77054282517139 
93.533303141774 91.9714818447548 17.4990825597365 -6.77053896766818 
95.7147326472202 93.2098157008191 17.4984202634637 -6.77040875089222 
97.8964207133006 94.4462972928322 17.4971988906207 -6.77012218970129 
100.07840514436 95.6807273677529 17.495423742629 -6.76970902790257 
102.260820437181 96.9129270395529 17.4931386201365 -6.76911187427786 
104.443633651502 98.1428845266255 17.4904281331085 -6.76836886267298 
106.626918709144 99.3704184238371 17.4873906276723 -6.76748580048806 
108.810607976238 100.595591521478 17.4841164213344 -6.76652596087977 
110.994566382703 101.818492238842 17.4806794611967 -6.7654731872174 
113.178854851658 103.039236644736 17.4771379562548 -6.76445859903246 
115.363130553897 104.258103533817 17.4735679273925 -6.76345397390308 
117.547354611689 105.47528095551 17.4700662990996 -6.76251215490737 
119.731289318997 106.691087418313 17.4667707538357 -6.76168826865558 
121.914798338719 107.905842308786 17.4638728732813 -6.76100655520101 
124.09757265775 109.119816282255 17.4615697120707 -6.76048908731815 
126.27954224204 110.333351398248 17.4600627925266 -6.76017297224939 
128.460506740495 111.546812090699 17.4594560200021 -6.76007505518232 
130.640328839017 112.760596209393 17.4597268101611 -6.76018399297203 
132.818948797958 113.975091117106 17.4607223237403 -6.76051547031771 
32.2599027543192 54.7122483975498 17.4622160157429 -6.760984787912 
34.4570895484927 55.9391538519876 17.4642465587908 -6.76119420104881 
36.6539737389629 57.1676632206652 17.4667508402839 -6.76156227197206 
38.8503350236455 58.3978942411342 17.4695463242201 -6.76205026456552 
41.0459613955797 59.6299394796736 17.4724308077918 -6.76257566631056 
43.2406778985718 60.863872455586 17.4752019282131 -6.76308906108194 
45.4344174070263 62.0996530182526 17.4776898466945 -6.76358364580048 
47.6271295852049 63.3371432330693 17.4797879113371 -6.76405198675916 
49.8188325138603 64.5761931752428 17.4814584037873 -6.76448141925498 
52.0095235847134 65.8166657573635 17.4827395998824 -6.76484346329163 
54.1992858421874 67.0584924252838 17.4836935652817 -6.76515976259328 
56.3881446500017 68.301455441182 17.4843985191991 -6.76547189242383 
58.5760688749679 69.5453592327428 17.4849469188609 -6.76578724088882 
60.7631388116692 70.7900916288856 17.4854064338927 -6.76608018325615 
62.9494481394858 72.0355345633622 17.4858422149612 -6.76634042647508 
65.1350623241381 73.281563269137 17.486300917884 -6.76660707064715 
67.3199758239828 74.5279844980924 17.4868162262945 -6.76689946090447 
69.5042663656302 75.7746681502897 17.4874115553278 -6.7672053628278 
71.688045434088 77.0215153459888 17.4880983263992 -6.76750420999258 
73.8713314189336 78.2683303513029 17.4888856603932 -6.76780019431802 
76.0541660819477 79.5150432779546 17.4897604560898 -6.76809443497941 
78.2366409519181 80.7615107775895 17.4907146007072 -6.76839416321367 
80.4188439821854 82.0075415903741 17.4917250524923 -6.76868924024132 
82.6007792177858 83.2530470056534 17.4927523862406 -6.768973441859 
84.7825145562676 84.4979169999479 17.4937534734349 -6.76923839173972 
86.9641731207047 85.7419157932595 17.4946620497017 -6.76948111942225 
89.1457624569347 86.9848935785978 17.495398319394 -6.76965723477289 
91.3273236334346 88.2266934563814 17.4958675535625 -6.76978019498934 
93.5090096419785 89.467075580872 17.4959650105693 -6.76983094817161 
95.6908117637698 90.7058759195631 17.4955903047993 -6.76973513925159 
97.8728328207651 91.942837722406 17.494657367306 -6.76955596683922 
100.055171672511 93.177767332068 17.4931300145005 -6.76920077992651 
102.237810358991 94.4105772040959 17.4910128318842 -6.76866810188414 
104.420880092078 95.6410421140026 17.4883621634669 -6.76800615679835 
106.604341642738 96.869095615708 17.485278237966 -6.76714427958878 
108.788217981443 98.094746730252 17.4818620727304 -6.76621985742718 
110.972445633237 99.3179801382536 17.4782113201561 -6.76514685810494 
113.156941505047 100.538991330559 17.4744138008931 -6.76411543433744 
115.341510733155 101.757903459141 17.4705554084967 -6.76303402741779 
117.526066722455 102.975025639961 17.4667526140624 -6.76202448667888 
119.710438918461 104.190609720074 17.4631609497007 -6.76115570449806 
121.894375893425 105.404965376026 17.4599831697427 -6.76038122263628 
124.077694123114 106.618384082091 17.4574533490392 -6.75979829552909 
126.260249900385 107.831205352436 17.4557927538166 -6.7594304936745 
128.441840234598 109.043855630431 17.4551483860938 -6.7593029356776 
130.622278299229 110.256722940069 17.4555152422001 -6.7593972399986 
132.801556511535 111.470217307743 17.456749789927 -6.75975429643521 
134.979499686364 112.684737362533 17.458602349898 -6.76024727030834 
137.156139348838 113.900621662854 17.4607926288414 -6.76092028663752 
30.0295319120919 50.9941154605206 17.4631093322762 -6.76162769669248 
32.225806204168 52.2192987064844 17.4639704229137 -6.76154024096672 
34.4223139977543 53.4456454778532 17.4654328912662 -6.76163582141133 
36.6187731624679 54.6734231884028 17.4673854311539 -6.76185182028956 
38.8149360088071 55.9028034492379 17.4696827209579 -6.76218480819082 
41.0105275244211 57.1339275431964 17.4721545725481 -6.76260397730497 
43.2053426806884 58.3667971919896 17.4746285631992 -6.76306880348445 
45.3992814675034 59.6014648895011 17.4769343067004 -6.76351438903486 
47.5922600476981 60.8379108901467 17.4789365917061 -6.76391143514943 
49.7842448113228 62.0760312506597 17.4805634936409 -6.76429081040921 
51.9752666559745 63.3156516041155 17.4818013388728 -6.7646321555978 
54.1653425695599 64.5565763472133 17.4826889005794 -6.76493690657924 
56.3545105206531 65.7987325048009 17.4832957126379 -6.76519312721046 
58.5428134953781 67.0419957953231 17.4837022311036 -6.76541583172296 
60.7303255234748 68.2861720008627 17.4839810995322 -6.76566175203436 
62.9170180559136 69.5310897946035 17.4841998363148 -6.76591140049493 
65.102951843736 70.7766243998414 17.4844187147466 -6.76614342657866 
67.2882899622094 72.0226400812783 17.4846749945016 -6.766358421394 
69.4730628893625 73.2690104032484 17.4850011639602 -6.76658270621752 
71.6572316373291 74.5156073878766 17.4854187256037 -6.76684189585037 
73.840904204145 75.7622746171002 17.4859363790483 -6.76710030525364 
76.0241942600224 77.0088681520898 17.486556997831 -6.76736523798779 
78.2071283619513 78.2552465731897 17.4872795037324 -6.76763481799147 
80.3897233141404 79.5012754638175 17.4880846349796 -6.76788912827467 
82.5721040991926 80.7468509341698 17.4889470189413 -6.76814542818373 
84.754338354766 81.9917823980609 17.4898294279415 -6.76839320640462 
86.9364032121732 83.2359432222262 17.4906774797313 -6.76860356280235 
89.1184234809382 84.4791561285817 17.4914174581361 -6.7687995589695 
91.300475958102 85.7212158850215 17.4919652952871 -6.76893047308765 
93.4825336132686 86.9619607267004 17.4922152670729 -6.76899099680913 
95.6647308623003 88.2011407201245 17.4920522063115 -6.76896477409727 
97.8471420779316 89.4385511268884 17.4913741287151 -6.76881335812579 
100.029756504426 90.6740268602314 17.4900984660999 -6.76852377722449 
102.212744405648 91.9073304635004 17.4881836683324 -6.76807646417507 
104.396047730455 93.1383300489218 17.485653277382 -6.76745549118634 
106.579725547709 94.3669440653927 17.4825728285901 -6.76666591833826 
108.763857452507 95.5930620710644 17.4790488106258 -6.76575409849324 
110.948284356169 96.8167172525407 17.4751981953213 -6.76470478609444 
113.133061347904 98.038009877302 17.4711364090649 -6.76366117914843 
115.317936657154 99.2571078994658 17.466980177034 -6.76249506365644 
117.50289515113 100.474249275519 17.4628596125419 -6.76147631079755 
119.687706693258 101.689691107693 17.4589597794624 -6.76051755685326 
121.872116881961 102.903734984885 17.4555021814711 -6.75966714971109 
124.056046943835 104.116688980842 17.4527425719234 -6.75903813776021 
126.239251455167 105.328916401861 17.4509440424821 -6.75861141458873 
128.42154352874 106.54081567142 17.4502695837937 -6.75845036959121 
130.602728512129 107.752826942676 17.4507586285627 -6.75853920755601 
132.782755133393 108.965386641325 17.4522660986782 -6.75892161076395 
134.961458388118 110.178924177429 17.4545268484796 -6.75947439358055 
137.138859946762 111.393790772607 17.4572279556082 -6.76021687991045 
139.314881569493 112.610297822998 17.4600957421217 -6.76103476732412 
141.489573859731 113.828637707543 17.4629583965809 -6.76187938415441 
27.80374478588 47.2774568845416 17.4657378877223 -6.76270140038145 
29.9984540864807 48.501651890207 17.4654189595542 -6.76236873088399 
32.1937571079954 49.7266030925356 17.4658124066605 -6.76217294068887 
34.3894182491436 50.9525760980731 17.4668178312689 -6.76211532462272 
36.5852028631481 52.179729571121 17.4683209278902 -6.76224005873831 
38.7808839821472 53.4082986607533 17.4701920649074 -6.76247267646776 
40.976193251834 54.6384810477315 17.47229660201 -6.76276550407353 
43.1709235266742 55.8703749817022 17.4744740562921 -6.76313400753731 
45.3648714343038 57.103983769915 17.4765690671002 -6.76353567242018 
47.5579430141545 58.3393319763719 17.4784472433595 -6.76390409106035 
49.750076975922 59.5763693905197 17.4800108386924 -6.76423679524976 
51.9412714425777 60.8149850131477 17.481210655218 -6.76453397081808 
54.1315459236066 62.055074067173 17.4820464360496 -6.76478385096611 
56.3209066846045 63.2964156215522 17.4825757115319 -6.76502904260664 
58.5094390378543 64.5388689762628 17.4828602602333 -6.76522164442989 
60.6971610108225 65.7823125085461 17.4829772667073 -6.76539883499474 
62.8841048802765 67.026665863896 17.4829988885214 -6.76555351649527 
65.0703671187877 68.2717180068808 17.4829811887533 -6.7657291205638 
67.2559439922198 69.5172699850315 17.4829758201264 -6.76593063188551 
69.440912725408 70.7632509481783 17.4830214689999 -6.76611153972957 
71.6253860875197 72.0094830599752 17.4831453657299 -6.76628403258487 
73.809421024734 73.2558617044402 17.4833650693892 -6.76646267155973 
75.9929758855404 74.5022947204689 17.4836885089569 -6.76667900698343 
78.1761611501232 75.7485693034968 17.4841218251535 -6.76689982915566 
80.3591197341567 76.9945385879393 17.4846494270651 -6.7671148477408 
82.5418340397301 78.2400856491473 17.4852637454163 -6.7673337640332 
84.7243342998472 79.4850918771601 17.485931065906 -6.76753794164681 
86.9067661834306 80.7293622426055 17.4866060614821 -6.7677249414837 
89.0891627423975 81.9727328868862 17.4872327591458 -6.76789675633278 
91.2715064582652 83.2150475273163 17.4877303714422 -6.76802677239497 
93.4539571333061 84.4560592808838 17.4880026897799 -6.76809335558001 
95.6365164484747 85.695591448207 17.4879396977118 -6.76807241670915 
97.8191972078048 86.9334697619589 17.4874243823587 -6.76795626648795 
100.002187032583 88.1693881590169 17.4863483879213 -6.76770785423319 
102.185438364076 89.4031800476132 17.4846299686549 -6.76731668768371 
104.369001786592 90.6347346723754 17.4822445745824 -6.76675185752741 
106.553004422174 91.8638538761872 17.4792155155939 -6.7660214756846 
108.737289809207 93.0904963496047 17.4756272379831 -6.76513434674552 
110.922012509023 94.3146018243225 17.471605217462 -6.76412276097034 
113.107034761956 95.5362546626527 17.4672858275233 -6.76303447946902 
115.292261749695 96.7556132849261 17.4628180978322 -6.76186879733594 
117.477638002029 97.9728657138126 17.4583707205272 -6.76081185342178 
119.66287294567 99.1882639159423 17.4541469226639 -6.75976665045246 
121.847870427554 100.402098396801 17.4503970526985 -6.75885884445813 
124.032424094996 101.614696223929 17.4474103892658 -6.7581842701821 
126.21632995451 102.826409033938 17.4454678387124 -6.75771179314194 
128.399379301864 104.037678058276 17.4447783207989 -6.75751209799946 
130.581418796516 105.248914360486 17.445398971883 -6.7576156818673 
132.76231253469 106.460621075601 17.447209591309 -6.75801083582286 
134.941917417239 107.67321641022 17.4499249627193 -6.75863449333898 
137.120172315974 108.887121176542 17.4532005442721 -6.75944870602439 
139.297060310214 110.102642151234 17.4567064979465 -6.76038077385859 
141.472552071428 111.320030668768 17.4602095207419 -6.76133062872748 
143.646791087965 112.539376691065 17.4636027823497 -6.76228426728641 
145.819762851977 113.760735360767 17.4668629163017 -6.76316334896892 
25.5832419873559 43.5612167491345 17.47001356961 -6.76397324756713 
27.776038261799 44.7851360499057 17.4684455244114 -6.76345734886229 
29.9696467478244 46.0093574613831 17.4676805539391 -6.76305786523485 
32.1638540671465 47.2341326260195 17.4676530890258 -6.7627970314662 
34.3585077816975 48.4597313344398 17.4682670751872 -6.76268951169307 
36.5534677454956 49.6863982894455 17.4694009516151 -6.76266860192176 
38.7484659353483 50.9143059001713 17.4709266487063 -6.76279869671416 
40.9432586178339 52.1436157901458 17.4727220540717 -6.76303771661363 
43.1376574455348 53.3744878800905 17.4746423611467 -6.76332910287008 
45.3314479023387 54.6070528416635 17.4765429145535 -6.76363427085914 
47.5244449148456 55.8413355553612 17.4782934286131 -6.76396264195804 
49.7165697424466 57.0772882950661 17.4797822757881 -6.76427902126796 
51.9078136929735 58.3148326819546 17.4809442387488 -6.76453869245316 
54.0981386125404 59.5538764662812 17.4817529605602 -6.76476771886946 
56.2875965529083 60.7943233164469 17.4822311915411 -6.76494279443344 
58.4761956564656 62.0359940949956 17.482425897647 -6.76510870819915 
60.663993067375 63.2787153047684 17.4824100210804 -6.76525268925987 
62.8510659103361 64.522329529458 17.4822552193909 -6.76537649891054 
65.0374362102317 65.7667117483203 17.4820255253736 -6.76547753894053 
67.2231386000768 67.0117935935405 17.4817728589297 -6.76558154827604 
69.4082692549673 68.2573575912795 17.4815456813439 -6.7657067554313 
71.5928655584039 69.5031970294421 17.4813710379339 -6.76584998124519 
73.7769809392172 70.7492669179689 17.4812783874472 -6.76599492776281 
75.9607124061475 71.9954041160684 17.4812813648909 -6.76611896329656 
78.1441305950721 73.2414420900178 17.4813871793536 -6.76624677215223 
80.3272223617726 74.4873040304269 17.4815941430617 -6.76641099733215 
82.5100883471789 75.7328259638203 17.4818957089415 -6.76658196324175 
84.6928461024397 76.9778011835387 17.4822679400041 -6.76673945819221 
86.8754660565131 78.2221358005416 17.482679277597 -6.76688607013466 
89.0580367813822 79.4656666879846 17.4830811404239 -6.76701298243561 
91.2406841224589 80.7081292482968 17.4834065952357 -6.76710167390101 
93.423359541176 81.9493761676521 17.483568705571 -6.76715095281147 
95.6061436754845 83.1892630511972 17.4834687006155 -6.76713091687862 
97.7891570284679 84.4274714448405 17.4829887159193 -6.76701885287726 
99.9723593186541 85.6638191859219 17.4820074011417 -6.76678543678381 
102.155871864569 86.8981287449854 17.4804236426492 -6.76642261247124 
104.339748781424 88.1301471704468 17.4781601149196 -6.76589904068007 
106.523942984051 89.359817795662 17.4751990345948 -6.76521751826983 
108.70850604575 90.5869676146546 17.4715863848662 -6.76436693297509 
110.893486840477 91.8115705395823 17.4674266837439 -6.76337762292636 
113.078750702601 93.033673790019 17.4628672855916 -6.76227578605538 
115.264365623058 94.25334059347 17.4580893391948 -6.76113410864542 
117.450076598323 95.4708080051695 17.4532981754924 -6.76001854203518 
119.635829267563 96.6862621208435 17.4487331973941 -6.7589208211842 
121.821398955973 97.9000054343493 17.4446733437039 -6.75796517538545 
124.006613942459 99.1123512601099 17.4414429284411 -6.75724262419154 
126.191274335965 100.323660577338 17.4393493514186 -6.75671325646786 
128.375140776124 101.534400756458 17.4386368058427 -6.75650146226978 
130.55812427287 102.744974650798 17.4393983339688 -6.75661154607453 
132.73996840158 103.955902108501 17.4415234088802 -6.75701597708117 
134.920593728228 105.167639986357 17.4447335585137 -6.75770521094076 
137.099846873014 106.380624219022 17.4486421912188 -6.75861816680681 
139.277747676503 107.595223699188 17.4528642696698 -6.75964833539372 
141.454229667697 108.81168326706 17.4571076939704 -6.76073920407057 
143.629382308838 110.03015620475 17.4612065814728 -6.7618150203175 
145.803195565682 111.250691178027 17.46511130004 -6.76283741036539 
147.975877367415 112.473230728 17.4688271228968 -6.76377254137252 
150.14747577306 113.697816021862 17.4723935961278 -6.76462406636633 
23.3682483508514 39.8442058883278 17.4758196680898 -6.76539603385332 
25.5588887194958 41.0685896566829 17.4730855318982 -6.76471917856998 
27.7505128873487 42.2927877988311 17.4711076650113 -6.76415686911525 
29.9429550283903 43.5170741239585 17.4699129808581 -6.76371951121945 
32.1360814295186 44.7417896827622 17.4694788478906 -6.76338727397711 
34.3297231241932 45.9671179408027 17.4697206437182 -6.76321437042619 
36.5237050522788 47.1933159040232 17.470521702528 -6.76315138524186 
38.7178493425361 48.4206150778944 17.4717605653355 -6.76318969341523 
40.9119616340839 49.649173815424 17.4733038857998 -6.76333286320958 
43.1058331985979 50.8791486705982 17.4750144355547 -6.76356072085767 
45.2992278735881 52.1106703268084 17.4767574445296 -6.76384640812113 
47.4919869316812 53.3438391319544 17.4784014262113 -6.76411221859545 
49.6839777238443 54.578685637063 17.4798327563295 -6.7643788030372 
51.8751204367318 55.8151692362129 17.4809678223408 -6.76462477541202 
54.0653749015024 57.053172705735 17.4817677721841 -6.76483041648022 
56.2547825301133 58.2925786739444 17.4822245918751 -6.76499708627537 
58.4433660302356 59.5332923996867 17.4823689706027 -6.76511075288573 
60.6311282419307 60.7752097168699 17.4822636365403 -6.76519523797265 
62.8181502029883 62.0181107057358 17.4819700887845 -6.76527634644412 
65.004489367276 63.2618334099709 17.4815562048484 -6.76535427217026 
67.1901974569182 64.5062540096996 17.4810843911656 -6.76540646717387 
69.3753104032172 65.7512082508179 17.4806015727738 -6.76544276374455 
71.559895002927 66.9966351855224 17.4801476319566 -6.76549462411525 
73.7440519832028 68.2423544977925 17.4797487231884 -6.76557197860987 
75.9277757253198 69.4881531243045 17.4794287985762 -6.76565941791846 
78.1111501398746 70.7339684723695 17.4791952237737 -6.76574850438612 
80.294297953367 71.9796464145113 17.4790563224249 -6.76583013736988 
82.4772416627325 73.224978506506 17.4790087566087 -6.76590835297131 
84.6600117683968 74.4699016334676 17.4790350540725 -6.76600286596268 
86.8427133350188 75.714271938262 17.4791145008906 -6.76609107309165 
89.0254137579708 76.957835199481 17.4792064912214 -6.76616789350598 
91.2080987693395 78.2004419197402 17.4792544856707 -6.76621316754115 
93.3909023910275 79.4419271899619 17.4791895170267 -6.76621060443012 
95.5738918726318 80.6820205032812 17.478915911013 -6.76616615640147 
97.7570009692985 81.92056032515 17.4783295857064 -6.76602246429433 
99.9404026715771 83.157324071029 17.4773096466627 -6.76579515370776 
102.124142554741 84.3920514980286 17.4757429508124 -6.7654393147887 
104.308156515957 85.6245991347393 17.4735268412069 -6.76492399980375 
106.492597647578 86.8547587683709 17.4706005290164 -6.76428269269065 
108.677405552126 88.0824401233486 17.4669687232492 -6.76343526508379 
110.862609885335 89.3075896913368 17.4626945818465 -6.76249478014507 
113.048182727089 90.530145084346 17.457917553979 -6.76139093804478 
115.234088042259 91.7502526578116 17.4528378011154 -6.76025806963886 
117.42018015678 92.9679894615396 17.4476912931478 -6.7591028532382 
119.606430443266 94.1836173414421 17.4427617180181 -6.75796517520553 
121.792547173057 95.3973857112267 17.4383688267459 -6.75699167868908 
123.978464525252 96.609578237482 17.4348652823172 -6.75621093095237 
126.163911317588 97.8206469732656 17.4325973426579 -6.75561855426077 
128.348667238593 99.0309458830955 17.431845063533 -6.75540790024514 
130.532629471497 100.240983260903 17.4327322954202 -6.75550800685049 
132.715517197795 101.451227913947 17.4351756395032 -6.75594926311997 
134.897255287671 102.662210882384 17.4388989661504 -6.75669390699271 
137.07766944994 103.874346708116 17.4434876731252 -6.75769404252772 
139.256697875028 105.088067198092 17.4484992456296 -6.75883221994522 
141.434324809062 106.303632493161 17.4535717975076 -6.76007975707093 
143.610522708477 107.521259462677 17.4584780925493 -6.76128378233326 
145.785402444705 108.740980579441 17.4631191231348 -6.76244717733907 
147.959038034198 109.962841642392 17.4674924326204 -6.76351449915621 
150.131549581805 111.186745517268 17.4716166770414 -6.76450548809057 
152.303043728344 112.412697839397 17.4755182269017 -6.76536907019269 
154.47368692058 113.640600102497 17.4792054507204 -6.76617380832216 
21.1588813750311 36.1252786699521 17.4826794552383 -6.76687938206569 
23.3471455685494 37.3508548662519 17.4791144922541 -6.76609669662448 
25.536536853139 38.5757821972047 17.4760947806236 -6.76540091750689 
27.7269916947589 39.8003481404206 17.4737509549902 -6.76479169254644 
29.9183437059251 41.0247945888791 17.4721542756767 -6.76431398279714 
32.1103947364345 42.2494609862692 17.4713133353527 -6.76395985850878 
34.3029862959157 43.4746062655732 17.4711779500296 -6.76370658043229 
36.4959537520214 44.700435181508 17.4716527224521 -6.76359303261963 
38.6891718437745 45.9271795755893 17.472620597163 -6.7635830834105 
40.8824656497322 47.1550349616386 17.4739438909439 -6.76368049717236 
43.07563591358 48.3841849984478 17.4754814825344 -6.7638419299806 
45.2684714009728 49.6147576729612 17.4771062027204 -6.76404699769047 
47.4608193098477 50.84686199503 17.4786762791386 -6.76433129277896 
49.6525030048618 52.0805813549725 17.4800764906181 -6.76456470728829 
51.8434072899954 53.3159166975381 17.4812135836292 -6.76477474971337 
54.0334968886397 54.552830599826 17.4820285593907 -6.76495893235166 
56.2227472974999 55.7912064217524 17.4824994114662 -6.76509770156748 
58.4111604827798 57.0309515193281 17.4826384391398 -6.76520797207549 
60.5987766595931 58.2718855628304 17.4824882782941 -6.76526918842577 
62.7856714144481 59.5139157455601 17.4821045425548 -6.76530388338499 
64.9718478625865 60.7569203887954 17.481554420901 -6.76530976386632 
67.1573745495738 62.0006767234873 17.4809033740728 -6.76531411047979 
69.3423505050605 63.2450465125937 17.4801989090064 -6.76532705546022 
71.5268084564586 64.4898987652543 17.4794909904361 -6.76531446479023 
73.710791938035 65.7350721200105 17.4788116755701 -6.76530719677366 
75.894397245535 66.9804911379716 17.4781840230052 -6.76530082795573 
78.0776991799514 68.2260180776948 17.4776232855463 -6.76531697236233 
80.2606816402315 69.4714425976206 17.4771393172163 -6.76535013860561 
82.443462864074 70.7166248318751 17.4767295912767 -6.76536173355389 
84.6261894600438 71.9614343997461 17.4763866064599 -6.76538683287042 
86.808829586408 73.2056904786694 17.4760939686281 -6.76540268607586 
88.9914092594462 74.4492605724109 17.4758197905069 -6.76539383104269 
91.1740857574771 75.691976370599 17.4755167923837 -6.76537753002824 
93.3569000717234 76.93358673556 17.4751271324161 -6.76532544698989 
95.539820291717 78.1739020731245 17.4745688611027 -6.76521719673908 
97.7230188623779 79.4127244170316 17.4737442256614 -6.76503420794352 
99.9065077937013 80.6498255023766 17.4725475415187 -6.7647670813902 
102.090252380723 81.8849940961968 17.4708592397318 -6.76439635760811 
104.274428785596 83.1179961351748 17.4685710622892 -6.76388276628929 
106.459006841596 84.3486834058835 17.4655988634049 -6.76322911523179 
108.643978413862 85.5769081528027 17.4619018156909 -6.76242607097572 
110.829429661011 86.8025781935411 17.4575069287664 -6.76148400641318 
113.015222771906 88.0256754394357 17.4525289146297 -6.76039506758221 
115.201420054027 89.2462456431704 17.4471541066697 -6.75928596726819 
117.387907398403 90.4643630084551 17.4416488729931 -6.75806417215462 
119.574563331132 91.6802722279376 17.4363325103405 -6.75693339805531 
121.761258852052 92.8941481411258 17.4315710476852 -6.75592126321544 
123.947851176444 94.1063592958039 17.4277552379934 -6.75507451950281 
126.134074902127 95.3172886248813 17.425272822023 -6.75447358267954 
128.319768510086 96.5273037245685 17.4244408685004 -6.75422509651739 
130.504760718776 97.7369203072246 17.425417576113 -6.75432165852629 
132.688791044837 98.9466230186249 17.4281576270603 -6.75478579663387 
134.871710033955 100.156934801977 17.4323930791356 -6.7555947587505 
137.053400951765 101.368309230446 17.4376840261823 -6.75668211069047 
139.233691885796 102.581209033249 17.4435413738331 -6.75792773892877 
141.412596435518 103.795936489418 17.4495245966376 -6.75932865087994 
143.590042846301 105.01275151536 17.455332453582 -6.76066533643973 
145.766137012425 106.231705932898 17.4608123185856 -6.76201139153202 
147.940868316145 107.452847158361 17.4659273836723 -6.76319871848501 
150.114438401117 108.676099815035 17.4706922808254 -6.76433307551145 
152.286900852239 109.901547311106 17.475125418258 -6.76531174487374 
154.458487374687 111.129013588224 17.4792568934755 -6.76621947467793 
156.629186021078 112.358435805405 17.4830804517817 -6.76701026712795 
158.79927849459 113.589606734636 17.4866066878936 -6.76772614859691 
18.954827766906 32.4035109233887 17.4898304653234 -6.76838730074436 
21.140674461153 33.630882569308 17.4859299323178 -6.76753696456106 
23.3277916176069 34.8572109479673 17.4822689010937 -6.76673400779886 
25.5160990893894 36.0827574795521 17.4790362208661 -6.76601420571846 
27.7054490980188 37.3077082718499 17.4763874023793 -6.76538208125229 
29.8956807635368 38.5324306866682 17.474423083666 -6.76484844699574 
32.086638529981 39.7571078810615 17.4731910213657 -6.76446221853849 
34.2782084345618 40.9821095094061 17.4726709396802 -6.76416706511373 
36.4702253195805 42.2076474973144 17.4728070834982 -6.76400666505802 
38.6624606040883 43.4339194414671 17.4734905860894 -6.76395542277943 
40.8548543549218 44.6611519231909 17.4745925689548 -6.76399675218877 
43.0472002735674 45.8895129361464 17.4759740323622 -6.76413274870992 
45.2393503381052 47.1191904121483 17.4774974813611 -6.76431628854143 
47.4311432342298 48.3502889109284 17.479021304347 -6.76453012176733 
49.6223570799273 49.5829142834989 17.4804207752107 -6.76476868281091 
51.8128922315832 50.8171285343276 17.4815911531683 -6.76499067023502 
54.002667250075 52.0528804336118 17.4824570042591 -6.76516409987929 
56.1916497237182 53.2901572032766 17.4829789248916 -6.76527430606922 
58.3798114890347 54.5288423189611 17.4831579009209 -6.76536108699032 
60.5672021301858 55.768817020198 17.4830129836999 -6.76540057338815 
62.7538210957562 57.009924026395 17.4825937882642 -6.76541960442728 
64.9397259257654 58.252024764896 17.4819637772995 -6.76539536410031 
67.1250079544233 59.4949851562717 17.4811812984423 -6.76534281315442 
69.3097027884157 60.7386917862757 17.4803057331359 -6.76528028282951 
71.4938571425792 61.9829651058434 17.4793863604578 -6.76521500307163 
73.6775795665946 63.227616901746 17.4784604548897 -6.76516112142252 
75.8609304349068 64.4725333719987 17.4775573945351 -6.76510057006582 
78.0439330649634 65.7175924051822 17.4766958322265 -6.76502737140655 
80.2266745157875 66.9626597104577 17.4758876830813 -6.76495080114899 
82.409256292055 68.2076173699461 17.4751311157589 -6.764894375964 
84.5916768153108 69.4522722561752 17.474424078059 -6.76486000158715 
86.7740349285441 70.696431739869 17.4737525804199 -6.76479591025535 
88.9564610365925 71.9399572178588 17.4730851782664 -6.76472185833602 
91.1389375314917 73.182664210686 17.472392930494 -6.76462833528611 
93.3215212750574 74.4243631715616 17.4716162639621 -6.76449654563066 
95.5043603048128 75.6648443220353 17.4706907620587 -6.76431066339179 
97.6874490920182 76.9039204023153 17.4695292065569 -6.76407830542044 
99.8707952139723 78.1413571455094 17.468032590523 -6.76377175091791 
102.054546528864 79.3769007043989 17.4660910346414 -6.76333763064856 
104.238699258344 80.6103630990614 17.46359775776 -6.76281409048769 
106.423289573254 81.8415551885664 17.4604581223209 -6.7621576168412 
108.608414375701 83.070310635753 17.4566108601719 -6.76134016918159 
110.793936113637 84.2965465662704 17.4520494824687 -6.76039258971188 
112.97995133242 85.5202062659893 17.4468542916232 -6.75933207812562 
115.166401445815 86.7412714175038 17.4411875230347 -6.75818818886252 
117.353188654383 87.959876248805 17.435321058568 -6.75695607877152 
119.540259088579 89.1761361426103 17.4295996251708 -6.75583724405799 
121.727485044903 90.3902675631698 17.4244315404801 -6.7547630003621 
123.914707230584 91.6026364891407 17.4202542496709 -6.75387712628402 
126.101702951255 92.8135434017756 17.4174971546658 -6.75326714244604 
128.288334007882 94.0234436973397 17.4165208811459 -6.7529795307922 
130.474389743971 95.2327884125876 17.4175283107186 -6.75309290873722 
132.659592805817 96.4420677392578 17.4205114111339 -6.75354503125066 
134.843797306629 97.6518205281834 17.4252202529698 -6.75440497705839 
137.026854721804 98.8625452964081 17.4312092506206 -6.75557463462157 
139.208531423467 100.074708268103 17.4379392597655 -6.75693185932565 
141.388867279189 101.288671833146 17.4448934603655 -6.758468565041 
143.567699014625 102.504673629215 17.4516852045258 -6.75996198618155 
145.74514188365 103.722881431231 17.4580976738533 -6.76147013358538 
147.92116127366 104.94330082756 17.4640470934304 -6.7628136248897 
150.09596966636 106.166003012293 17.4695292472358 -6.76409094811457 
152.269592723823 107.390878672953 17.474567770952 -6.76521515281128 
154.442193106871 108.617911798547 17.4791901412909 -6.76621492394474 
156.6139027493 109.846956410145 17.4834059463802 -6.76710386393686 
158.784857491702 111.077938043343 17.4872330389851 -6.76789791450446 
160.955221044355 112.310674336662 17.4906771970337 -6.76861044101201 
163.125049753969 113.54498327339 17.4937520332632 -6.76923623164572 
16.7558426884665 28.6781501974234 17.4964779276635 -6.76981932194705 
18.93925926709 29.9078268196714 17.4927516976277 -6.76897753707237 
21.124067595648 31.1361366740684 17.4889473826799 -6.76813625316159 
23.3101523032008 32.3632672950729 17.4852645109267 -6.76733608377804 
25.497388982528 33.5894145520468 17.4818940235303 -6.76658714097284 
27.6856079513967 34.8148517342259 17.4790086391032 -6.76591029399952 
29.8747886613682 36.0398543528081 17.4767293755451 -6.76536828814478 
32.064791129091 37.2646968402479 17.4751319322108 -6.76490498620769 
34.2553378663441 38.4896080430675 17.474235993209 -6.7645936833132 
36.4463384595785 39.7148864311973 17.4740151991096 -6.76439060099574 
38.6376563540426 40.9407490479629 17.4743897260573 -6.76429125633606 
40.8291362710742 42.1674204207371 17.4752483307554 -6.76429544009704 
43.0206316525982 43.3950961987964 17.4764598220675 -6.76438626078144 
45.2119815954766 44.6239021382341 17.4778792892012 -6.76456082114504 
47.4030800248475 45.8540422679389 17.4793605320901 -6.76476974750987 
49.5937056839652 47.0856183057614 17.4807786113164 -6.7649761365918 
51.7837523750415 48.3186950287655 17.4820064509624 -6.76518782377637 
53.9731037961464 49.5533134921909 17.4829557523225 -6.76536831276003 
56.161673254131 50.7894360962248 17.483570596746 -6.7655160880817 
58.3494898976355 52.0270032536678 17.4838294782822 -6.76558278546124 
60.5365372209854 53.2659009954429 17.4837460239847 -6.76560947598246 
62.7228205957954 54.5060402900677 17.4833497049086 -6.76558415533862 
64.9083821332012 55.7472319091424 17.482699309954 -6.76554274029881 
67.0932803897831 56.9893392688428 17.4818449795448 -6.76546701994237 
69.2775837227078 58.2322307662831 17.4808554414931 -6.7653593705628 
71.4613715425855 59.4757635220493 17.4797787304096 -6.76523540589201 
73.6447004427926 60.7198216903922 17.4786577841627 -6.76510013659397 
75.8276281781567 61.9642488649237 17.4775255641624 -6.76498016896435 
78.0102325241004 63.2088479137182 17.4764046517203 -6.76486788512873 
80.1925956474182 64.4534913748504 17.4753056871058 -6.76474702093291 
82.374752846248 65.6980847459512 17.4742365934079 -6.76460757819024 
84.5567929483448 66.9424358379928 17.4731899066596 -6.7644534439394 
86.7388116878774 68.1864054753591 17.4721554328534 -6.76429612402779 
88.9208340081202 69.4298372408944 17.4711063361315 -6.76415365575046 
91.1029493579164 70.6725222724959 17.470014411173 -6.76397156756042 
93.2852398590638 71.9142661779282 17.4688287481783 -6.76376289922686 
95.4677237167543 73.1548973904791 17.4674911412497 -6.76352384125193 
97.6505196314336 74.3941720597709 17.4659267439811 -6.76322969528721 
99.8336908064608 75.6318568116778 17.4640461350386 -6.76283272211385 
102.01721918613 76.8677672811926 17.4617477616712 -6.76234971952502 
104.201227752827 78.1016721883221 17.4589326284077 -6.76178192374655 
106.385765738451 79.3333310596473 17.4555045361056 -6.76107622436001 
108.570788612456 80.5626508728116 17.4513987202409 -6.76024319111458 
110.756359593494 81.7894616761725 17.446591074357 -6.75929214717981 
112.942496435109 83.0136879259584 17.4411303615125 -6.75821943003525 
115.129062043839 84.2353462418483 17.4351578137317 -6.75703780942967 
117.316127555213 85.4544667247509 17.428923686868 -6.75586111568374 
119.50354064705 86.6711795674686 17.4227842224899 -6.75469026184621 
121.691241073144 87.8857147270259 17.4171762826165 -6.75357502976358 
123.87902725733 89.098343264289 17.4125793554906 -6.75267231349433 
126.06678375358 90.3094042145405 17.4094731969755 -6.75202109591551 
128.254324511186 91.5193160400084 17.4082637514134 -6.75171398321031 
130.441420092806 92.7285335570495 17.409206211116 -6.75180758513471 
132.627820412526 93.9375576996677 17.412341026035 -6.75224204325247 
134.813362026352 95.1468970207739 17.4174452911728 -6.75316424930651 
136.997856793184 96.3570831110388 17.4240807578609 -6.75438238814455 
139.1810250294 97.5685893622407 17.4316686875873 -6.75584906133866 
141.36290865844 98.7818348108233 17.439619537348 -6.75751052504759 
143.543266906207 99.9971043765878 17.4474569373809 -6.7591586176881 
145.722229876803 101.214592813397 17.454879181981 -6.76082780059137 
147.899735818278 102.434361677192 17.461749372791 -6.7623430023139 
150.075941791021 103.656426000379 17.4680314147286 -6.76378519287013 
152.250837649135 104.880750379832 17.4737455444982 -6.76503309321437 
154.424662169115 106.107350498342 17.4789172090886 -6.76615845881033 
156.597529124502 107.336071691173 17.4835685337597 -6.76715534375934 
158.769540022102 108.566822480532 17.4877310712568 -6.76802421683891 
160.940855079541 109.799356723374 17.4914174316145 -6.76879825115846 
163.111554944313 111.033636737169 17.4946629986376 -6.76946989842853 
165.281837955862 112.269470502419 17.4974882489011 -6.7700779240395 
167.451724357814 113.506702460764 17.4999305887411 -6.77061015461782 
14.5615608125043 24.9487729050727 17.5020291820217 -6.77109564545548 
16.7426529655638 26.1810067140512 17.498869366279 -6.77033415056558 
18.9251116413625 27.4117345056551 17.4953809347276 -6.76951539905686 
21.1088978313628 28.6409740351744 17.491724412367 -6.76870831199876 
23.2939354359794 29.8689119133304 17.4880855510904 -6.76788550923712 
25.4801633086491 31.0957370887327 17.4846506429983 -6.76711102121664 
27.6674363574309 32.3217330409618 17.4815952232317 -6.76641961087787 
29.8556384144911 33.5470704670502 17.4790581949374 -6.76582885825985 
32.0445696204996 34.7720804076226 17.4771374627121 -6.7653367178908 
34.2341733629222 35.9970051151091 17.475886787094 -6.76496860061931 
36.424260392972 37.2221064069689 17.4753066146149 -6.76472392701731 
38.6146943977207 38.4476304387907 17.4753505154892 -6.76458355428204 
40.8052389703663 39.6737724960068 17.4759353262307 -6.76456748047072 
42.9958686856889 40.9007983332842 17.4769444222654 -6.76462710600306 
45.1864317979907 42.1288422375382 17.4782329790272 -6.76474985231262 
47.3767293609757 43.3580633188426 17.4796612491211 -6.76496650326849 
49.5666830512225 44.5886275977699 17.4810873906604 -6.76517699835885 
51.7561230391835 45.8205907057531 17.4823822386602 -6.76540787986164 
53.9449351037006 47.0540487203217 17.4834360441197 -6.76559215922976 
56.1330312863512 48.2890224045751 17.4841778446256 -6.76571326657734 
58.3203624575211 49.5254324209738 17.4845586306387 -6.76582523755977 
60.5069636335413 50.7632238476083 17.4845812512365 -6.76585625858861 
62.6928054198934 52.0022691825484 17.484265280212 -6.76584196850285 
64.8779564823211 53.2424394407864 17.4836539589878 -6.76575424265632 
67.0624235729214 54.4836409231709 17.482795470589 -6.76564313599406 
69.2462415388569 55.725715675698 17.4817548482107 -6.76551250229527 
71.4295258983255 56.9684791202116 17.4805788701025 -6.76535854447116 
73.6123554526965 58.2118011329652 17.4793207815816 -6.76517670535801 
75.7948021631601 59.455539171141 17.4780144754061 -6.76498303005313 
77.9769084134441 60.6995721895962 17.4766874752198 -6.76476819962637 
80.1587440410834 61.9437961667951 17.4753512605836 -6.76457171406232 
82.3403834955084 63.1880017205026 17.4740142294769 -6.7643839190106 
84.5218892457988 64.4320271645789 17.4726722367375 -6.76418199756487 
86.7033495942664 65.6757451411958 17.4713116614588 -6.76396504808171 
88.8848832644416 66.9189645401096 17.4699137142774 -6.76372029671149 
91.0665109342819 68.1615273541669 17.4684453595438 -6.76345588413987 
93.248284056483 69.4032803174622 17.4668612780655 -6.76316138729245 
95.4303261926838 70.6439846570209 17.4651097507911 -6.76283525716924 
97.6127014208055 71.8833999827425 17.463120295922 -6.76245128297676 
99.7954266099237 73.1213410621878 17.4608128609499 -6.76199125092987 
101.978642606285 74.3575794133511 17.458097389631 -6.76146519367083 
104.162363453839 75.5918657199048 17.4548792117088 -6.76081895945992 
106.346588474106 76.8240414665101 17.4510729448501 -6.76004875998548 
108.531443909266 78.0538855597606 17.4466094349744 -6.75920783700788 
110.716920302879 79.2812677857901 17.4414673269458 -6.75821348029831 
112.902983250865 80.5061269979807 17.4356776131921 -6.75713222574234 
115.089635299743 81.7283896932302 17.4293600544577 -6.75594528480812 
117.276850053153 82.9481138987012 17.4227465823538 -6.75474726986948 
119.464515199877 84.1653785472352 17.4161775738211 -6.75352656401715 
121.652602928907 85.3804199641447 17.4101032520542 -6.75241833455799 
123.840905994564 86.5934425028334 17.4050353532821 -6.75148155803195 
126.029381779026 87.8048082494381 17.4014935211247 -6.75079051517143 
128.217751922073 89.0148999129199 17.3999387547539 -6.75044927552336 
130.40585487217 90.2241575045166 17.4006895144861 -6.75049338422827 
132.593451319239 91.4330809571424 17.4038376206538 -6.75093737558264 
134.780333760301 92.6421469896263 17.4092066258683 -6.75188077969422 
136.966281307189 93.8519179294974 17.4163814905341 -6.75311150061072 
139.151033476337 95.0628840073483 17.4247594603956 -6.75467668081323 
141.334545424959 96.2754817745524 17.4336818155748 -6.75645548942445 
143.516577511919 97.4900996506994 17.4425857276099 -6.75824657134933 
145.697207263609 98.7068964091083 17.4510733001179 -6.76008646603498 
147.876323477011 99.926013984453 17.4589326727488 -6.76176132805195 
150.054067198043 101.147447323629 17.4660910583368 -6.76335456781138 
152.23047032402 102.371271440118 17.4725480573627 -6.76476761138274 
154.405738538858 103.597416757548 17.4783288613396 -6.76602588925777 
156.579864728786 104.825794540139 17.4834691185778 -6.76713018042512 
158.753063028047 106.056233813507 17.488002153747 -6.76808913766499 
160.925473646014 107.288641602615 17.4919677537374 -6.76892886145413 
163.097239529786 108.522840341739 17.4953954936616 -6.76966082698755 
165.268420641469 109.758681397814 17.4983456371597 -6.77030035326051 
167.439166402257 110.995981470481 17.5008512891823 -6.77085684439121 
169.609581805853 112.234599435974 17.502969947961 -6.77133429438663 
171.779739491098 113.474307974905 17.5047437670666 -6.77176797324708 
12.3712549776354 21.2153455700356 17.5062279331069 -6.77214301342272 
14.5503009813144 22.4501716388727 17.5038161658906 -6.77151792260683 
16.7305755283736 23.6834392976441 17.5009524253307 -6.77080743581052 
18.9121375948665 24.9151730604624 17.4977218811951 -6.7700258696241 
21.0949883760216 26.1453820906481 17.4942565581254 -6.76921939292008 
23.2791025927442 27.3741718599165 17.4907142766733 -6.76839545857534 
25.4643697165628 28.601733475308 17.4872789664545 -6.76761379406131 
27.6506834095993 29.8282536693396 17.4841204383265 -6.76691286608961 
29.8379046010915 31.0540070485525 17.4813861424685 -6.7662572732807 
32.0259357574448 32.2792704386162 17.4791965423973 -6.76574055159967 
34.2146594774436 33.5042691332327 17.4776231170645 -6.7653198727485 
36.4038364159137 34.7292401529835 17.4766974144461 -6.76502934110294 
38.5933477195605 35.9544517386877 17.4764035317379 -6.76486092423873 
40.7830823710742 37.1801925933083 17.4766873815125 -6.76477802445028 
42.9728751623821 38.4065949250509 17.4774526558133 -6.76482660698434 
45.1626043028069 39.6339151054613 17.478571981565 -6.7649460309521 
47.3521205062223 40.8622966874655 17.4799143689392 -6.76510292144352 
49.5413455608966 42.091863585847 17.4813240730116 -6.76534354962682 
51.7301236664509 43.322759388357 17.4826687379195 -6.76556072929035 
53.9182916666674 44.5550843664718 17.4838296793652 -6.76577388089582 
56.105809909739 45.7888568227093 17.4847081583655 -6.765957291311 
58.2926123581789 47.0240831555077 17.4852445047312 -6.76605525611169 
60.4786688308552 48.2607292621706 17.4854147493595 -6.7660988672454 
62.6639773055032 49.4986418000247 17.4852257520325 -6.76607305063526 
64.8486050214876 50.737742482697 17.4847089752488 -6.76602332707721 
67.0325378768846 51.9779176896559 17.483908650975 -6.76590187157341 
69.2158391735369 53.2190192600578 17.4828824623797 -6.76572378160908 
71.3985819846579 54.4609528406544 17.4816758701931 -6.76551496035421 
73.5808129742056 55.7035474162119 17.4803452817802 -6.76529953798755 
75.762621904377 56.9466026518553 17.4789272919332 -6.7650804823642 
77.9441128846706 58.1899998207824 17.4774498917422 -6.76483856991313 
80.1253493757047 59.4335972715372 17.4759367606937 -6.76456973827626 
82.3063726063697 60.6772773370467 17.4743892634475 -6.76428334512096 
84.4872540633626 61.9209273198187 17.4728082268823 -6.76399265837662 
86.6680947157715 63.1643469299986 17.4711778043743 -6.76370964610538 
88.8489383272714 64.4073489000067 17.4694792523899 -6.76341351893929 
91.029883949313 65.6497638499073 17.4676803407535 -6.76307385285138 
93.2110719641804 66.8914130988821 17.4657382258898 -6.762704778492 
95.3925102607248 68.1320909021202 17.463601969043 -6.76228771867984 
97.5742626454009 69.3716168343837 17.4612070202751 -6.7618055094028 
99.7564612006757 70.6097622328838 17.4584752882404 -6.7612734008532 
101.939149105952 71.8462800223717 17.4553324644388 -6.76067987918895 
104.122348365275 73.080976966362 17.4516843797934 -6.75998159514537 
106.306179147945 74.3136137453577 17.4474564261929 -6.7591869795765 
108.49068373136 75.5439997903557 17.4425847386727 -6.75827330295836 
110.67586109504 76.7719890041377 17.4370469274281 -6.7572422582057 
112.861757714462 77.9974684749071 17.4308716548544 -6.75612616951967 
115.048343486203 79.2203926159573 17.4241715957676 -6.75492415617869 
117.235557778703 80.4407903854155 17.4171557125153 -6.75370321548202 
119.423391466236 81.6587391297019 17.4101485319148 -6.75245593309652 
121.611725593626 82.8743781253418 17.4035896668424 -6.75134763474987 
123.800498066074 84.0879312857392 17.3980040824188 -6.75035652912626 
125.989566225838 85.2997546429073 17.3939422048785 -6.74965049464505 
128.178703796859 86.5101744652246 17.3919186927005 -6.74924424798138 
130.367768667489 87.7196424850597 17.3923151340978 -6.74921668542564 
132.556493964021 88.9286116694548 17.3952912737851 -6.74967411845665 
134.744698363421 90.1375629291329 17.4007388497995 -6.7505542990448 
136.93209286539 91.3470755972305 17.4082787176383 -6.75181413830056 
139.118483799202 92.5576112040031 17.4173018779745 -6.75344338404535 
141.303672019324 93.7696888543866 17.4271112851604 -6.75528625170019 
143.487466469831 94.9836746997284 17.43704739448 -6.7572394286328 
145.669847551942 96.1998320801272 17.4466105978538 -6.75921219780455 
147.850734783806 97.4183221011753 17.4555043316794 -6.76106460229842 
150.030199539143 98.6392082341052 17.4635978862238 -6.76282065306278 
152.208301637681 99.8624934478448 17.4708595185624 -6.76439109112992 
154.385084426017 101.088141286178 17.4773090500933 -6.76580195698712 
156.560666118361 102.316144806334 17.4829883834197 -6.76700947531943 
158.735265244796 103.546318763279 17.4879404007922 -6.76808323795846 
160.908956573022 104.778567250528 17.4922140531062 -6.76899078457653 
163.08186246989 106.012633036086 17.4958668714224 -6.76978255410353 
165.254093062392 107.248450891474 17.4989612355831 -6.77046943250094 
167.425822974849 108.485795837631 17.501549290689 -6.77102969775464 
169.597100675906 109.72450070658 17.5037074457327 -6.77154423630615 
171.768049422772 110.964408194686 17.5054898087107 -6.77196667665495 
173.938762762055 112.205310352785 17.5069534910355 -6.77233073612739 
176.109310482038 113.447096121201 17.5081547132963 -6.77265087445892 
10.184236829984 17.4781416865416 17.5091358787719 -6.77292287119058 
12.3614813126535 18.7153925069401 17.5074575665339 -6.77246647508744 
14.5398742864017 19.9511842054263 17.5053296323444 -6.77189418825392 
16.7194606717654 21.1854788789705 17.5027554617496 -6.77122799069019 
18.9002265501709 22.4181861738602 17.4997924636502 -6.77049060900286 
21.0822198740843 23.6493467213024 17.4965428814008 -6.76969409688339 
23.2654262665337 24.878998131759 17.4931445780915 -6.76888986948246 
25.4497629917511 26.1073144896869 17.489761601072 -6.76809993774009 
27.6352197292987 27.3344397091137 17.4865593600755 -6.76735150250485 
29.8215928574572 28.5606751997138 17.4836888294808 -6.76668212914389 
32.0087484089721 29.786194704741 17.4812821095676 -6.76612264707925 
34.1965387106874 31.0112936361809 17.4794287230417 -6.76566178627194 
36.3848868715715 32.2362241053589 17.4781817573621 -6.76530993414591 
38.5736028901749 33.4612392026802 17.4775589286276 -6.76507579281366 
40.7625384742987 34.6865582312946 17.4775247773785 -6.76499356400672 
42.951515816607 35.9124334455433 17.4780141559364 -6.76498415723026 
45.1404330159547 37.1390800040238 17.478926414764 -6.76506083714628 
47.329215144753 38.3666468650228 17.4801326470865 -6.76523319118282 
49.5176988679099 39.5952867752783 17.4814873192355 -6.76544713087454 
51.7057460697796 40.8251756367745 17.4828512143811 -6.76566779316674 
53.8932559715674 42.0563571162342 17.4840943291145 -6.76591740786848 
56.0801615516528 43.2889271209504 17.4851050364052 -6.76612813712544 
58.266344080462 44.5229643669398 17.4858053004704 -6.76625025926312 
60.4517684563125 45.7583805329656 17.4861498299109 -6.76633642063323 
62.6364994778648 46.9951326545255 17.4861234643028 -6.76634235983109 
64.8205146319014 48.2331109732292 17.4857484150038 -6.76628125283086 
67.0038369299679 49.4722049455352 17.4850616292564 -6.76614999956615 
69.1865227880963 50.7123064923651 17.4841063258945 -6.76596904390491 
71.3686344839424 51.9532854245331 17.4829349086399 -6.76576771062966 
73.5502092273462 53.194989663383 17.4815965312475 -6.76551253862316 
75.7313634737862 54.4372729166897 17.4801323703179 -6.76522785046591 
77.9121596245964 55.6799949333168 17.4785738228508 -6.76492837781365 
80.0926615253519 56.9229876314679 17.4769432475979 -6.76462866661618 
82.2729502442404 58.1661174703851 17.4752481750136 -6.76431303481494 
84.453116959159 59.4092404275488 17.4734889619414 -6.76396193196176 
86.6332130986808 60.6522076653491 17.471652913993 -6.76358965009165 
88.8133076944874 61.8948890353669 17.4697204622594 -6.76318917243427 
90.9935257772884 63.1370996348729 17.4676538897067 -6.76277820682726 
93.1739147956775 64.3786275860942 17.4654185005193 -6.76236009866309 
95.3545759990888 65.6192769779215 17.4629569007073 -6.76187972747317 
97.5356121425628 66.8588616021222 17.4602098867146 -6.76134354543323 
99.7170704082665 68.0971599028242 17.4571070192479 -6.76075446710184 
101.899045245252 69.3339234765671 17.4535720835296 -6.7600795706426 
104.081646256033 70.5689415415808 17.4495243238879 -6.75931130858401 
106.264888812774 71.8020276395042 17.4448929588435 -6.75844830704936 
108.448841986679 73.0329579405801 17.4396196430352 -6.75749507971598 
110.633596813265 74.2615665865701 17.4336830130467 -6.75643681069439 
112.819131490049 75.4877231315905 17.4271104813556 -6.75528326928142 
115.005463994697 76.7113926212347 17.4200134705097 -6.75406577195359 
117.192556212984 77.9325264333815 17.4125836585254 -6.75279974499232 
119.380399798293 79.1512111535394 17.4051318047505 -6.75156636326983 
121.568890811848 80.3675629553008 17.3980797207437 -6.75041311463682 
123.757997604158 81.5818068797334 17.3919400732257 -6.74938624518266 
125.947522732092 82.7942129324137 17.3872829872152 -6.74863074826001 
128.137359069613 84.005118725032 17.3846606969188 -6.74814683543628 
130.327265146601 85.2149609139963 17.3845189592289 -6.74807345593193 
132.517069709376 86.4241344544545 17.3871026501691 -6.74847231967978 
134.706524837751 87.6331478927941 17.392382341797 -6.74925995489494 
136.895332110267 88.8425472547396 17.400037532364 -6.75053052126112 
139.083334562515 90.0528020193565 17.4094884236055 -6.75216814079811 
141.270207853661 91.2644523862727 17.4200134496006 -6.75405736130775 
143.455836566232 92.4778859810359 17.43087285672 -6.75613164634129 
145.640070591713 93.6934814892365 17.4414675045974 -6.75820660632528 
147.822851879632 94.9113893184011 17.4513993691116 -6.76024677798134 
150.004141582342 96.1317015024175 17.4604591079534 -6.76215529253357 
152.184015756093 97.3544217548372 17.468571881135 -6.76388108499766 
154.362517455338 98.5796312679989 17.4757428384248 -6.76543674352345 
156.539800759324 99.8072281852067 17.4820089568876 -6.76677641311991 
158.715935133868 101.037130680376 17.4874256983002 -6.76795793026072 
160.891008105723 102.269096938409 17.4920510248582 -6.76896243144799 
163.065208699068 103.50306915481 17.4959676025052 -6.76981446961272 
165.238688864341 104.738813949602 17.4992360383136 -6.77055010814497 
167.411492888406 105.976171665235 17.5019441789821 -6.77114230815666 
169.583787685889 107.214970835288 17.5041740907742 -6.77168603238487 
171.755647682833 108.455001552836 17.5059825183621 -6.77211252451703 
173.927172932133 109.69605994173 17.5074543297154 -6.77248521538986 
176.098429572901 110.938080218332 17.5086479207086 -6.77280236555989 
178.269545795018 112.180828777839 17.5096026968568 -6.77307809881833 
180.440517109236 113.424243254574 17.5103848141142 -6.77328863482741 
7.99974753026321 13.7374620498887 17.5110070821491 -6.77349424538474 
10.1755762502044 14.9769594259658 17.5099311021354 -6.77316428365101 
12.3523909578667 16.2151384582417 17.5084773296132 -6.772752406121 
14.5301879258664 17.4518570238971 17.5066058195369 -6.77222843481149 
16.7090827735997 18.6871003264022 17.5043021168295 -6.77162167628271 
18.8891383267626 19.9207674698415 17.5016083940303 -6.7709191264166 
21.0703866802083 21.1528501773213 17.4985886388727 -6.7701548846873 
23.2527899205887 22.3834002930161 17.4953653329395 -6.76935077101023 
25.4363222514044 23.612483137444 17.4920787010978 -6.76856321487439 
27.6209169691971 24.8402747435374 17.4888846522578 -6.76779752460219 
29.806427401246 26.0669735415322 17.485935421731 -6.76709849079778 
31.9927624980515 27.2928152702358 17.483365635485 -6.76648846592469 
34.1797973839968 28.5181139781299 17.4812783091118 -6.76597162991078 
36.3673412796053 29.7430510163955 17.4797496257606 -6.7655795281224 
38.5552537396527 30.967887270933 17.4788110614431 -6.76531371653297 
40.7434140599254 32.1928638122291 17.4784617683011 -6.76515421279653 
42.9316722081447 33.4182613657704 17.4786565375161 -6.76510524264179 
45.1198660034515 34.6442830164285 17.4793222912851 -6.76516766231749 
47.307894267677 35.8710867393125 17.4803454401799 -6.76532274140714 
49.4956442072454 37.0988634973496 17.4815952581156 -6.76549029097241 
51.682976769201 38.3277376020743 17.4829345204204 -6.76575674068543 
53.869854560714 39.5578169756267 17.4842207185261 -6.76600898412087 
56.0560926629631 40.7892352036055 17.4853362597067 -6.76620949638269 
58.2415954060825 42.0220329264724 17.486188249028 -6.76640128449763 
60.4264229682829 43.2562108418252 17.486706425175 -6.7665220845421 
62.6104855740325 44.4917332944827 17.4868654947453 -6.76655691589447 
64.7938227589554 45.7285293577442 17.4866637840055 -6.76650057653008 
66.9764698280078 46.966487064797 17.4861293702362 -6.7664103813765 
69.1584914301203 48.2055076525947 17.4852975717697 -6.76625028921124 
71.339904554728 49.4454883086364 17.4842173068859 -6.7660262225885 
73.5207668052123 50.6862593261195 17.4829342589426 -6.76574334634512 
75.7011720834447 51.9276792655487 17.4814868354085 -6.7654409414815 
77.8811927258323 53.1695946425964 17.479912937714 -6.76511950991256 
80.0609133172469 54.4118763063408 17.4782339189002 -6.76475921697241 
82.2404041554332 55.6543935117563 17.4764597318358 -6.7643800240614 
84.419735701128 56.8969914679399 17.474593576616 -6.76400122149389 
86.5989786049349 58.139507535918 17.4726205419972 -6.76359570689059 
88.7782324783499 59.3817765268011 17.470522875648 -6.7631562013847 
90.9575805213341 60.6236485218904 17.4682663604461 -6.76268319965636 
93.1371147310202 61.8649405599552 17.4658129416007 -6.76217039291687 
95.316916654 63.1054912052609 17.463109928632 -6.76161484520853 
97.4970595547185 64.3450856036354 17.4600957281193 -6.7610334297584 
99.677652037571 65.5834862461687 17.456705998423 -6.76038539332543 
101.858812019587 66.8204733661597 17.4528645026082 -6.75965520736405 
104.040588914304 68.0558317174649 17.448498147419 -6.7588397898544 
106.22307916333 69.289330371739 17.4435416274681 -6.75795055130693 
108.406372629621 70.5207831079275 17.4379381220478 -6.75695074407408 
110.590481677036 71.7500345282401 17.4316676047036 -6.75585332065532 
112.775486699323 72.9769323632289 17.424758000989 -6.75468070482256 
114.96140666877 74.2013542515803 17.4173020448247 -6.75344510519821 
117.148221930578 75.423297793631 17.4094890597945 -6.75216177886401 
119.335919776858 76.6428188820595 17.4016099470917 -6.75091834406132 
121.524420353607 77.8600062206616 17.3940654309665 -6.74968408635292 
123.713677910285 79.0750509871436 17.3873504550458 -6.74865237848769 
125.903545123861 80.2881674078629 17.382034466637 -6.74781322030523 
128.093912338845 81.4997474232747 17.3786923501725 -6.74724778005502 
130.284554250293 82.710082129967 17.3778248189237 -6.74712172772996 
132.475339614447 83.9196377138539 17.3797645813883 -6.74738906069345 
134.665917605934 85.1289025652605 17.3845814142613 -6.74809098846102 
136.856077925932 86.3383184464503 17.3920356442561 -6.74930287016722 
139.045628176172 87.5484471295021 17.4016095365516 -6.75089634898816 
141.234186442304 88.7597837598062 17.4125849324034 -6.75280438388046 
143.421674094918 89.9728013716111 17.4241716813052 -6.75493152903015 
145.607796795973 91.1878694249409 17.4356772742943 -6.75711532017226 
147.792492763258 92.4052220963977 17.4465912944557 -6.7592999009667 
149.975729433462 93.6249764535023 17.4566108014715 -6.76133609182448 
152.157534687492 94.8472125328749 17.4655980145811 -6.76323372217242 
154.337930128079 96.0719483256971 17.4735262699385 -6.76493380077612 
156.516966240442 97.2990947869004 17.4804236161452 -6.76642792887625 
158.694750351805 98.5286410764758 17.4863463879311 -6.76770874151936 
160.871434430217 99.7603796733969 17.4913744721848 -6.76881170983132 
163.04714438267 100.99418272226 17.4955906670366 -6.76975300837396 
165.221959572624 102.229815996721 17.4990801573247 -6.77053494240461 
167.395991694634 103.467162531809 17.5019541161658 -6.77119214094405 
169.569407635733 104.705990769108 17.504278456585 -6.77174006656455 
171.742297545459 105.946079155113 17.5061662929084 -6.77218398826345 
173.914739012294 107.18730100106 17.5076756997016 -6.77257943357541 
176.08686715465 108.42950265292 17.5088924739326 -6.77289644665553 
178.258724449404 109.672492994204 17.5098555067078 -6.77315652172061 
180.430379678641 110.916120506132 17.5106361704628 -6.77338766969785 
182.601913659702 112.16031817817 17.5112525316288 -6.77357917647954 
184.773405114349 113.404889826895 17.5117544706636 -6.77373706543911 
5.81715919627995 9.9938187691095 17.512137682449 -6.77385436733323 
7.9918572816595 11.235228042621 17.5115026137977 -6.77366010160963 
10.1673299984316 12.4755302496326 17.5105769552786 -6.7733729366754 
12.3437048476599 13.7145294645219 17.509318323551 -6.77300691687538 
14.5209984277235 14.9521847267963 17.5076700355785 -6.77252417710471 
16.699369218202 16.1883378892301 17.5056252477706 -6.77196981878452 
18.8788127796962 17.4229408707484 17.5031853911651 -6.77130968234442 
21.0593536894607 18.6559319401018 17.5004059524159 -6.77057878665058 
23.2410035302848 19.8873272256758 17.4973766597821 -6.76979986289416 
25.4237826481771 21.1171949294284 17.4942207526179 -6.76900374931897 
27.6075659517867 22.3456860743624 17.4910783502174 -6.76822379138836 
29.7923376924284 23.5729238923567 17.4881000647501 -6.76749126559836 
31.9779393977811 24.7991762946448 17.4854188576165 -6.76684607230872 
34.1641980126004 26.0246254500991 17.4831445577822 -6.76629713406629 
36.3509560667568 27.249622034254 17.4813724415156 -6.765830791431 
38.5381736584733 28.4743544810041 17.4801466767002 -6.76551762443058 
40.7256513893599 29.6990805100972 17.479490546542 -6.76529748329289 
42.9132172031746 30.9240498945078 17.4793865771359 -6.76521314653576 
45.1007026376217 32.1494502230311 17.4797777102931 -6.7652530341563 
47.2880563959209 33.37554929698 17.4805795262148 -6.76533679206902 
49.4751000477298 34.602517735136 17.481676018195 -6.76552934779701 
51.661786047062 35.8304226091606 17.4829363610981 -6.76576100366666 
53.8479897758289 37.0594372083144 17.4842179680648 -6.76600723491136 
56.0335489322078 38.2896972995218 17.4853969668894 -6.76625724572897 
58.2184482134209 39.5212627035471 17.4863669182357 -6.76648374891236 
60.4026127128969 40.7541953399467 17.4870446777451 -6.76663159922977 
62.5859893042783 41.9884774449981 17.4873855130227 -6.76668948890299 
64.7686363660163 43.2240461608704 17.4873718737443 -6.76671308734887 
66.9505877665032 44.4607869932339 17.4870121814219 -6.76663279723106 
69.1318916234663 45.6986661519148 17.4863420763165 -6.76647050521211 
71.3125342868919 46.9375627270368 17.4853974855112 -6.76625445454711 
73.4926278664203 48.1773458573197 17.4842209098926 -6.76598730692063 
75.6722402836444 49.4178468446904 17.4828506799884 -6.76568899057075 
77.8514337199782 50.6589123831515 17.4813238379691 -6.76533994587718 
80.0302933976422 51.9004056766241 17.4796616734889 -6.76496360509362 
82.2089119678872 53.1421946628817 17.4778779916881 -6.76455598187523 
84.3873634008728 54.3841355266916 17.4759746200047 -6.76412407635752 
86.5657049082032 55.6260972541038 17.4739431658788 -6.76366210834984 
88.7440304695098 56.8679434701589 17.4717597403455 -6.76318562251525 
90.9224163920339 58.109482139 17.4693991728293 -6.76268628337363 
93.1009700153495 59.3505225083015 17.466817976323 -6.76214483144484 
95.2797800995892 60.5908798715559 17.4639683820067 -6.76155541390561 
97.4589738377811 61.8303713553271 17.4607937558781 -6.76091256194339 
99.6386161632982 63.0687974213288 17.4572282400097 -6.76020483042057 
101.818793146203 64.3059686145136 17.45320065629 -6.75943216518127 
103.999631306861 65.5416394147372 17.4486428603583 -6.75860425814848 
106.181225034014 66.7755580889683 17.4434875770759 -6.75768459745939 
108.363651163258 68.0075578532384 17.4376851441101 -6.75667489648501 
110.546979719221 69.2374514150192 17.431209524247 -6.75557191391612 
112.73129053387 70.4650582523989 17.4240820870178 -6.75438879744844 
114.916627367922 71.6903046243919 17.4163813843741 -6.75312887819312 
117.102988862175 72.9131493012024 17.4082770247077 -6.75181789650143 
119.290335642772 74.1335806698314 17.400037169542 -6.75051672782109 
121.478676040015 75.3516991072716 17.392035624435 -6.74929630959334 
123.667911296251 76.567655412264 17.3847495604892 -6.74820813565885 
125.85796375532 77.7816641407173 17.3787335831972 -6.74726356516195 
128.048684286152 78.9940044586178 17.3745663544595 -6.74666368250635 
130.239943083389 80.2050117824469 17.3727976400004 -6.74638938855519 
132.431494152494 81.415125951588 17.3738375867556 -6.74651162077819 
134.623086564422 82.6247639202108 17.3778651042912 -6.74711642941872 
136.814523537472 83.8343849643606 17.3847492142201 -6.74820029153089 
139.005487558852 85.044549006059 17.3940648451909 -6.74969765058356 
141.195698359017 86.2557088404815 17.4051330531258 -6.75156033547666 
143.3849640562 87.4684040470467 17.4171544838913 -6.75370154285675 
145.572975900989 88.6830225271877 17.4293613478721 -6.75594431640499 
147.759659875805 89.8998865413628 17.4411311042179 -6.75822034992724 
149.944938385245 91.1191361226255 17.4520510027957 -6.76038928950786 
152.128715182919 92.3408665341552 17.461901868232 -6.76243013636108 
154.311055419554 93.5650626366641 17.4706024215871 -6.76427819460079 
156.491992854265 94.7918096748722 17.4781602485195 -6.76589976842639 
158.67163569257 96.0209763950573 17.4846311034096 -6.76731356790775 
160.850069102564 97.2524535995868 17.4900985250218 -6.76852361994309 
163.02736794838 98.4859782017249 17.4946586412034 -6.76954943752371 
165.203656728897 99.7214761151484 17.498418377241 -6.77040171025237 
167.379101216915 100.958743903775 17.5014916971567 -6.77112437825561 
169.553757813549 102.197550216873 17.5039688544752 -6.77169616328025 
171.727809193681 103.437715813286 17.5059733290839 -6.77218099496253 
173.901309160545 104.679054554503 17.5075601134787 -6.7725868240159 
176.074384009863 105.921333448845 17.5088375923399 -6.77292491340718 
178.247058335009 107.164518188192 17.5098457163634 -6.77318794566397 
180.419486870898 108.408372119601 17.5106632033054 -6.77342478874381 
182.591714092329 109.652791002151 17.5113010837805 -6.77360992174124 
184.7637956806 110.897625466774 17.5118263052559 -6.77376646790961 
186.935810506866 112.142848592956 17.512225249324 -6.77389906965422 
189.10786468094 113.38818849801 17.5125622785407 -6.77400623799312 
3.63560751244397 6.24766561295927 17.5128020425738 -6.77409762525641 
5.80953091832436 7.49066303372751 17.5124445206919 -6.77397262284964 
7.98409365914257 8.73275906545051 17.5118994552655 -6.77379457592681 
10.1593243001694 9.9738094419133 17.511098341294 -6.77354155920793 
12.3353671814883 11.2136715046173 17.5100059869171 -6.77320414108355 
14.512273452006 12.4521654590921 17.508558606584 -6.77279486443138 
16.6901312556507 13.689177818351 17.5067491200615 -6.77228217560666 
18.8689872627949 14.9246783841056 17.5045462827538 -6.77166903104524 
21.04892433538 16.1585477674046 17.5020065337256 -6.77097109123428 
23.2299460964564 17.3908097986355 17.4991803723286 -6.77021818573459 
25.4120228062515 18.6214827002888 17.4961777916207 -6.76943232533683 
27.5951085274182 19.8506717016867 17.4931257350595 -6.76864311167331 
29.7791449571441 21.0784894351544 17.4901594184753 -6.76789734341026 
31.9640078432338 22.3051343420682 17.4874115571521 -6.76719820043158 
34.1495696075017 23.5308706422497 17.4850008371799 -6.76659176062887 
36.3357017600008 24.7559660467034 17.4830236277419 -6.76610158227796 
38.5222527169922 25.9806466638184 17.4815436224425 -6.76571256167123 
40.7090328439399 27.2051502467955 17.4806020655767 -6.76545801804921 
42.8959280945785 28.4297216618734 17.4801996998801 -6.76530202137629 
45.0828530685383 29.6545999450169 17.480306043188 -6.76529773831385 
47.2695689225343 30.8800280811506 17.4808550245331 -6.76534662779279 
49.455946315558 32.1061689153826 17.4817544591456 -6.76551477897112 
51.642023787952 33.3331606343907 17.4828815942055 -6.76573675041363 
53.8275453795269 34.561175808176 17.4841049903019 -6.76596379147746 
56.0124981324291 35.7902982439152 17.4852996944072 -6.766250963251 
58.1967956331387 37.0206381819174 17.4863413132294 -6.76648373405089 
60.3802917601465 38.2523072654914 17.4871452147686 -6.76665325557957 
62.5630385431147 39.4853250431687 17.4876459777819 -6.7667867587429 
64.7450023691379 40.7196086360826 17.4878105109613 -6.76682734239051 
66.9262498720545 41.9551495908853 17.4876370970646 -6.76676818530059 
69.1067719378677 43.191857141054 17.4871443891251 -6.76666362224969 
71.2866437800467 44.4295963416278 17.4863658252424 -6.76647226089148 
73.4659509170768 45.6682799083858 17.4853359607591 -6.76622753823666 
75.6447317508064 46.9077753756501 17.4840931978694 -6.76591699863983 
77.8230510260377 48.1479212006707 17.4826706242638 -6.76556159287025 
80.0010167026403 49.3885852309458 17.4810861628334 -6.76517773943841 
82.1787146064674 50.6296079424442 17.4793623127475 -6.76477214249334 
84.3562064003054 51.8708631951807 17.4774963667793 -6.76431963209421 
86.5335818452644 53.1122009281879 17.4754830582472 -6.7638411865407 
88.7109281347569 54.3534811496161 17.4733035327765 -6.76333802618072 
90.8883116132079 55.5945697882934 17.4709287287334 -6.76279933939215 
93.0658340561607 56.8353012188394 17.4683214872103 -6.76222183530493 
95.2436051874365 58.0754753934608 17.4654344106507 -6.76161797425855 
97.4217164120698 59.3148629598304 17.4622153447652 -6.7609815484961 
99.6002838168875 60.5532939112198 17.4586018831804 -6.76027006741617 
101.779412418295 61.7905708010101 17.454526223972 -6.75949485317971 
103.959195136093 63.0264719522037 17.4499265413035 -6.75864516519059 
106.13975432778 64.2607873050545 17.4447340502083 -6.75770409081169 
108.321191463781 65.4933102366273 17.4388989281093 -6.75668889123424 
110.503596316033 66.7238401067424 17.4323933262326 -6.75558645817098 
112.687036290941 67.9522236293533 17.4252190305533 -6.75439724901618 
114.871594606639 69.1783429357407 17.4174455580421 -6.75314817764592 
117.057290903529 70.4021167597053 17.409207059167 -6.75185491878772 
119.244135389669 71.6235425914293 17.400740163991 -6.75054643830537 
121.432116722486 72.8427003031673 17.3923818909403 -6.74927730352466 
123.621135427841 74.0596654511948 17.3845807719644 -6.74809681285546 
125.811178173018 75.2746605022251 17.3778651743276 -6.74712887096131 
128.002092182506 76.4879047683724 17.3728128456045 -6.74640121123076 
130.19374903559 77.6997525518167 17.3700001478175 -6.74595921944353 
132.385872215512 78.9105630900378 17.3699053039336 -6.74594516170561 
134.578345778888 80.1207363857666 17.3728132173223 -6.74638717703333 
136.770859920027 81.3307338089095 17.3787325349019 -6.74728285575563 
138.96309888854 82.5410677331292 17.387351575337 -6.7486466274602 
141.154864951667 83.7522231634006 17.3980792583117 -6.75039866826746 
143.345803949548 84.9647086844066 17.4101479512053 -6.75247607137883 
145.535701121636 86.1789874792903 17.4227463629871 -6.75473339925912 
147.724373256499 87.3953957599172 17.4351580904984 -6.75705754813365 
149.911635164948 88.6141660888893 17.4468527538718 -6.75933185555225 
152.097448259328 89.8353972637686 17.4575082049441 -6.76147378290708 
154.281857066808 91.0591419527093 17.4669683038871 -6.76345350462722 
156.464841365268 92.2854261167241 17.4751986367036 -6.76521216071145 
158.64639207777 93.5141619402533 17.4822440516774 -6.76676251475554 
160.826626829013 94.7452780329947 17.4881844262737 -6.76807497333002 
163.005681961932 95.9785509647437 17.4931290025098 -6.76919184563391 
165.183645751951 97.2138630218849 17.497200801193 -6.77012703944628 
167.360611969647 98.4509618410807 17.5005142059337 -6.7709209130552 
169.536653079336 99.6897175458292 17.5031968199858 -6.77154763721885 
171.711964071512 100.929888319084 17.5053491673542 -6.77208251139432 
173.886617118318 102.171236311135 17.5070686689409 -6.7725012620927 
176.060732807137 103.413630595331 17.5084496274397 -6.77286262396311 
178.234398051978 104.656940357283 17.5095422493428 -6.77314496547483 
180.40770579709 105.900970958514 17.510428193172 -6.77339538136483 
182.580689386332 107.145588436852 17.5111242301613 -6.77359281046362 
184.753461095664 108.390678826972 17.5117000331449 -6.77374643090144 
186.926088895161 109.636073785839 17.5121476316363 -6.77390226780228 
189.098576426673 110.881718417968 17.5125196767169 -6.77399850445121 
191.271155060381 112.127493280041 17.5127895384461 -6.7740729647716 
193.443830414419 113.373173697709 17.513007030276 -6.77416889850358 
1.45436420733197 2.49957318475521 17.5131229818314 -6.7742104343568 
3.62791359368308 3.74381405603897 17.5129751126411 -6.77413459279151 
5.80189304134147 4.9873677877716 17.5126695047603 -6.7740487465462 
7.97635178688176 6.2301063663203 17.5122047238423 -6.77389762496622 
10.1514170856162 7.47186365844369 17.5115118609275 -6.77369380593918 
12.3271720127184 8.71249308988612 17.5105600731491 -6.77339407996772 
14.5037450545383 9.95176986692671 17.5093005727003 -6.77303042702906 
16.6811950430771 11.1896580145335 17.5076852005999 -6.77255520436542 
18.8596064933714 12.4260105884185 17.5057199321072 -6.77199125102082 
21.0390135313001 13.6607642633141 17.5033997312195 -6.77134329888275 
23.2194255252497 14.8938464782576 17.500784812361 -6.77061856123779 
25.4008711492974 16.1253030955232 17.4979519398978 -6.76984507159454 
27.5833078754884 17.3551905042607 17.4950132471406 -6.76904678999078 
29.766676624421 18.5836350249249 17.4920952597235 -6.76828111094581 
31.9509040076044 19.8107559255454 17.4893216260742 -6.76754615386691 
34.1358355785637 21.036822597563 17.4868163168832 -6.76691145399655 
36.3213519872169 22.2620152094153 17.484675688748 -6.76636423775037 
38.5072363796041 23.4866838085239 17.482975229322 -6.76591034200025 
40.6934439896986 24.711041687112 17.4817737553907 -6.76558432423129 
42.879780947399 25.9352838653921 17.4810847336563 -6.76539720120466 
45.0661395086354 27.1596668978429 17.4809015295296 -6.76532427247276 
47.2522300506138 28.3844389149736 17.4811814415483 -6.76533609069883 
49.4380858341847 29.6098030361085 17.4818461902825 -6.76547305815763 
51.6235513232882 30.8359473270293 17.4827963569938 -6.76565189862047 
53.8084623989693 32.0629525243755 17.4839095732387 -6.76587809186888 
55.9928528189993 33.290954914544 17.4850623664097 -6.76617461639055 
58.1765340168982 34.5201274809542 17.4861282644603 -6.7664041540919 
60.3594354107004 35.7505547656827 17.4870131376032 -6.76661685343562 
62.5415618402714 36.9822673212176 17.4876382533171 -6.76679798922849 
64.7228776765459 38.2152731705753 17.487958408891 -6.76683925054828 
66.9034176986815 39.4495687733922 17.4879580708379 -6.76686171360266 
69.0832026035472 40.6850148472935 17.4876470883596 -6.76678800485561 
71.2623307158898 41.9215807096797 17.4870443555913 -6.7666310988768 
73.4408252030567 43.1591458810476 17.4861875506617 -6.76640927230068 
75.6187360756443 44.3975744826348 17.4851052296099 -6.76611478513907 
77.7961716674631 45.6367252611284 17.4838295055458 -6.76577185511858 
79.9732328285418 46.8764619514677 17.482381230665 -6.76539441777723 
82.1499712097893 48.1166641065775 17.4807784649187 -6.76497513921812 
84.3264839126837 49.3571829942974 17.479021380598 -6.76453360829935 
86.5028531317004 50.597875050488 17.47710472413 -6.76406408083349 
88.6791741313076 51.8385910651325 17.4750141012605 -6.76357182462214 
90.8555154659159 53.0791704081196 17.4727215891807 -6.76303707234119 
93.031980329365 54.3194780896174 17.4701918510501 -6.76246069307034 
95.208664045993 55.5593422783368 17.4673846514499 -6.76185199026491 
97.385674143614 56.7985725399065 17.4642477168707 -6.76118057811308 
99.5631197152422 58.0369884390616 17.4607231598246 -6.76048790896509 
101.741084472199 59.2743799395604 17.4567518339 -6.75973407572857 
103.91971690207 60.5105032651805 17.4522670629616 -6.7589155250428 
106.099148570919 61.7451833800683 17.4472091160093 -6.75801232939423 
108.279463211957 62.9781923972118 17.4415242466651 -6.75702121650369 
110.460784452792 64.2093460195983 17.4351774251587 -6.75594383540365 
112.643220290304 65.4385105885616 17.4281594538924 -6.75478059258265 
114.826830948963 66.6655155867824 17.4205120906584 -6.75354973358102 
117.011687597987 67.8902689089374 17.4123410480614 -6.75226669192866 
119.197821664269 69.1127647548676 17.4038368060273 -6.75095815575571 
121.385218188807 70.3329959904359 17.3952906259567 -6.7496777837158 
123.573852759231 71.5510924371375 17.3871043169536 -6.74844811500832 
125.763666579309 72.7671716437153 17.3797643282355 -6.74738380283053 
127.954551696023 73.9814628213967 17.373838148357 -6.74650339585282 
130.146353976095 75.1942952448369 17.3699046873475 -6.74595620313704 
132.338905017964 76.4059276297522 17.3684951363472 -6.74574314188241 
134.53202295656 77.6167940328209 17.369999214095 -6.74598051938468 
136.725393583253 78.8273421905962 17.3745666625854 -6.7466524042027 
138.918771233777 80.0379935371676 17.3820344438766 -6.74780144425783 
141.111895604875 81.249298155361 17.3919393207483 -6.7494023006342 
143.304399868058 82.4617172471215 17.4035892525574 -6.75133180157686 
145.496073454977 83.6757476407446 17.4161784404084 -6.75354083392412 
147.686630518814 84.8917657978988 17.4289223803234 -6.75585363419256 
149.875894284916 86.1101126026734 17.4411884563719 -6.75817345904006 
152.063804940883 87.3308833711997 17.4525291767847 -6.76041081249612 
154.250271128057 88.5541604754765 17.4626945101295 -6.76247804216042 
156.435275351085 89.7799333085056 17.4715869751229 -6.76436278992113 
158.618840923275 91.0082410775844 17.4792157363125 -6.76602665178266 
160.801072662332 92.2389603287852 17.4856536709882 -6.76744669681793 
162.98199276491 93.4719573942497 17.4910123249429 -6.76867984535747 
165.161680908848 94.7069584709135 17.4954237197283 -6.7697042608018 
167.340266006469 95.9438710439219 17.4990212766351 -6.77056449802947 
169.517869554252 97.1824835420407 17.5019363741992 -6.7712629199127 
171.694554412762 98.422577858514 17.5042835383365 -6.77184768538262 
173.870497319518 99.663947227822 17.5061785281663 -6.77231585055139 
176.04580718249 100.906404138506 17.5076898784291 -6.77270268135258 
178.220534977671 102.149747313431 17.5089141881772 -6.77303541103523 
180.394777505141 103.393913977617 17.5099005018274 -6.77328850330874 
182.568634312682 104.638666528382 17.5106948190703 -6.77350238480772 
184.74218872549 105.883946899802 17.5113521827481 -6.77369409243493 
186.915524317108 107.129595549539 17.5118708588662 -6.77383623746867 
189.088688063472 108.375500579068 17.5123014091265 -6.77394590454673 
191.261743948475 109.621481081608 17.5126398889076 -6.77406255401851 
193.434785475429 110.867498195314 17.5129043538095 -6.77412377424747 
195.607888542238 112.113338727222 17.5130702595006 -6.77418465504491 
197.781177363104 113.358880445499 17.5131774003902 -6.77421309872875 
3.61993520656222 1.23988872633788 17.5130678006934 -6.77417652126681 
5.79397471120126 2.48393500908053 17.5128249475744 -6.77411441180694 
7.96841974795538 3.72725969843591 17.5124312051762 -6.77398607259255 
10.1434201115095 4.96968981223211 17.5118380453968 -6.77380227208066 
12.3190044418204 6.21100057881528 17.5110066549444 -6.77355582782616 
14.4953529995821 7.45108312717053 17.5099032015744 -6.77321411989404 
16.6724790307408 8.68977357353659 17.5084728169934 -6.77280568778433 
18.8504616683658 9.92692560522812 17.5067147115926 -6.77229382171697 
21.0293923418885 11.1625153580623 17.5046070257766 -6.77168432928229 
23.2092910765472 12.3964167076497 17.5021978459609 -6.77098624678431 
25.3902107922419 13.6286741078815 17.499540624034 -6.77023277574824 
27.5720638871121 14.8592894344413 17.4967372141671 -6.76945038363139 
29.7548486931409 16.088346383581 17.4938906522263 -6.76867881419095 
31.9384450066816 17.3159950054368 17.4911311860904 -6.7679031622267 
34.1227712172606 18.5423741513987 17.4885660717253 -6.76723657476221 
36.3077149410546 19.7677936293449 17.4863007713192 -6.76661086032753 
38.4930957360235 20.9925082115359 17.4844184651625 -6.76612970868384 
40.6787627604175 22.2167278348246 17.4829820439127 -6.76574133668164 
42.8645576330895 23.4406850453554 17.4820241813207 -6.76549423748489 
45.0503462887406 24.6646143780673 17.4815571214474 -6.76533876289206 
47.2359712308098 25.8888058329031 17.481555600727 -6.76530998680799 
49.4213579553054 27.1134235110694 17.4819633402558 -6.7654119014656 
51.6062293066335 28.3387019243409 17.4826978429085 -6.76552961644375 
53.7906456263257 29.5647507037755 17.4836531196438 -6.76577553511664 
55.9744620896096 30.7916875459069 17.484709677148 -6.76601619077004 
58.1575821525882 32.0196981026469 17.4857476087005 -6.76626137686819 
60.3399480206701 33.2488626571846 17.486665543633 -6.76653096799442 
62.5214738178242 34.4792964605707 17.4873707092067 -6.76670424178561 
64.7021933491799 35.71104853565 17.4878102646647 -6.76681477667981 
66.8820438936312 36.9440217378316 17.4879583008 -6.76687082808329 
69.0611758667242 38.1782158313698 17.4878105326117 -6.76680841553209 
71.2395493709431 39.4135458713556 17.4873847185512 -6.76670516894315 
73.4172546076517 40.6499350423717 17.4867066153948 -6.76651177744959 
75.5943363864236 41.8872618057283 17.4858060563715 -6.76625264329594 
77.7708967302816 43.125392492645 17.4847071983587 -6.76593766800715 
79.9470319312691 44.3641835255011 17.4834373491374 -6.76559723014077 
82.1228197674186 45.6034819820239 17.4820067609794 -6.76520453578365 
84.298359123622 46.8431912002273 17.4804205432138 -6.76477186716201 
86.4737320556874 48.0831688298768 17.4786769968064 -6.76431535906254 
88.6490200438253 49.323250635336 17.4767587438522 -6.76383044493914 
90.824310508225 50.5633230263468 17.4746418200613 -6.76331450798927 
92.9996838402652 51.8032266236284 17.4722968984055 -6.76277742010478 
95.1752487598454 53.0427759640007 17.4696807049506 -6.76219898125524 
97.3511066481096 54.2817889108753 17.466751391096 -6.76158435662372 
99.5273866049523 55.5200882633253 17.4634508947506 -6.76091454724113 
101.704199116999 56.7574752997969 17.4597287877842 -6.76017907396999 
103.881650634511 57.9938011859402 17.455516850363 -6.75938362695973 
106.05984884374 59.228836839803 17.4507591789758 -6.75853361719558 
108.238937724701 60.4623386432971 17.4454018710662 -6.75761765555689 
110.419082757835 61.6941186515225 17.4393983154185 -6.75661677929466 
112.600359658156 62.9240240017766 17.4327314716345 -6.75551250251789 
114.782864064147 64.1519212124125 17.4254188797305 -6.75432834942035 
116.966715102669 65.3777019818425 17.4175287547294 -6.7530721641107 
119.151933656589 66.6012926874212 17.4092079084822 -6.75178301875494 
121.338559228394 67.8226907907165 17.4006897108444 -6.7504853611431 
123.52657261309 69.0419719326629 17.3923153098453 -6.74923501533323 
125.715919871475 70.2592577623591 17.3845178875831 -6.74807866349785 
127.906535781111 71.4747272949547 17.3778247509317 -6.74710779908455 
130.098261246185 72.6885965576072 17.3727982297616 -6.74638292032141 
132.291031995638 73.9012142621693 17.3699994696427 -6.74596905663764 
134.48451921408 75.1129428818894 17.3699044781233 -6.74595463558576 
136.678539296987 76.3241600627406 17.3727985142119 -6.74637060042311 
138.872842100596 77.5353066025383 17.3786911879652 -6.74726988468955 
141.067081336292 78.74689943533 17.3872836842568 -6.74862308414324 
143.26100356772 79.9593974377583 17.3980035959454 -6.7503601265725 
145.454276951201 81.1732995128746 17.4101040481898 -6.75242377225177 
147.646638526132 82.3890480565939 17.4227826999393 -6.75467062134865 
149.837838081401 83.6069754746811 17.4353219052947 -6.75698768174365 
152.027738334837 84.8272867609448 17.4471539636629 -6.75926290533566 
154.21623475079 86.0500895496901 17.4579177510893 -6.76140046969989 
156.403331696312 87.2754283668917 17.4674270577603 -6.76336790140037 
158.589019327697 88.5032661456431 17.4756283775093 -6.76513400001487 
160.773233570114 89.7335155348185 17.4825712699095 -6.76667935146309 
162.956039760556 90.9661261541296 17.4883642347347 -6.76799520169314 
165.137601004889 92.2008196304927 17.4931377627046 -6.76911473035025 
167.317977931626 93.4374964376697 17.4970418395918 -6.77004802055451 
169.497224364583 94.6758961766775 17.5002154411917 -6.7708343437032 
171.675441363005 95.9158650567817 17.5027902739238 -6.77148114501858 
173.852775723809 97.1571636591339 17.5048755338484 -6.77200107860501 
176.029336972853 98.3995894198204 17.5065639221071 -6.77244911255823 
178.205235446071 99.6429822322712 17.5079472983164 -6.77280729858815 
180.380591870338 100.887210029745 17.5090669874539 -6.77309394340538 
182.555427782873 102.132094386725 17.509993053574 -6.77334173780134 
184.729865893484 103.37751069676 17.5107525815506 -6.77355434247653 
186.903968414726 104.623304901674 17.5113815809363 -6.77371760333584 
189.077818319535 105.86942088659 17.5119026983661 -6.77386292973173 
191.251471889616 107.115686801378 17.5123205093539 -6.77398755236951 
193.425065733611 108.361948368693 17.5126610752698 -6.77406328040937 
195.598665366793 109.608098367329 17.512903099825 -6.77411259737044 
7.96026499425367 1.22427385628977 17.5125823178082 -6.77403663130107 
10.135237346546 2.46728521520708 17.5120801068012 -6.773896041061 
12.3107648190789 3.70926350833113 17.5113578546193 -6.77368239078214 
14.486891550873 4.95006491683662 17.5103920784497 -6.77339521629095 
16.6637653877045 6.18948948932263 17.509126577502 -6.77302287691618 
18.8414292884674 7.4274613210522 17.507552360439 -6.77254861322563 
21.0199981716737 8.66384363998506 17.5056444574032 -6.77199488995457 
23.1994629745306 9.89858214511606 17.5034331584384 -6.77133041246645 
25.379863032156 11.1315873801156 17.5009538748054 -6.77061781067566 
27.5611983868592 12.3629192162776 17.4982928185181 -6.76983764206425 
29.7434471518683 13.5926140895931 17.4955433114573 -6.76904611046308 
31.9264793495577 14.8208001476004 17.4928190205923 -6.76827104487631 
34.1103142789543 16.0475929834632 17.4902304151 -6.76753485669718 
36.2947159554242 17.2732703356504 17.4878739324605 -6.7668941357993 
38.4796018883788 18.4980250194348 17.4858432684749 -6.76635245273112 
40.6647434320146 19.7221674694116 17.4842014457233 -6.7658866603013 
42.8501020381785 20.9458901243639 17.4829964141797 -6.76558296807033 
45.0354264719231 22.1694636122954 17.4822570027499 -6.76534187477149 
47.2206265819442 23.3930592173537 17.4819694259682 -6.76529842924166 
49.4055273772115 24.6169832291668 17.482104108477 -6.76530664851364 
51.5899546115096 25.8414356036981 17.4825949722458 -6.76539209135261 
53.7739251467984 27.0665410710282 17.4833509504612 -6.76562592438689 
55.9572396072707 28.2924541645 17.4842654392915 -6.76580483959274 
58.1398523678493 29.5193143361016 17.4852247899562 -6.76609781497139 
60.3217067690641 30.7472697034304 17.486124927662 -6.76634648942125 
62.5027003040865 31.9764149360228 17.4868648457369 -6.76653130020991 
64.6828396057641 33.2068474298171 17.4873852299715 -6.76672050251257 
66.8621039737612 34.4385288782567 17.4876469597831 -6.76676802795498 
69.0405702655735 35.6714620018168 17.4876366606114 -6.76678578804121 
71.218242591433 36.9055407806933 17.4873714841196 -6.76670303281595 
73.3952105879171 38.1407168216828 17.4868662671834 -6.76654672444487 
75.5714998041581 39.3768937784612 17.4861490731858 -6.76632813931821 
77.7472393735143 40.6139430853476 17.4852451379219 -6.76606695831787 
79.9224976911501 41.8517350195845 17.4841766408875 -6.76574092684519 
82.0973605410815 43.0901473392508 17.4829566286227 -6.76536347571515 
84.2719465785811 44.329036233937 17.4815906486366 -6.76497711681329 
86.4463280639384 45.5682482273525 17.4800772842066 -6.76456158127111 
88.6205969191178 46.8076657120129 17.4784012460655 -6.76411197608618 
90.7948498427438 48.047162772039 17.4765424211099 -6.76363563637957 
92.9691614100574 49.2865796785359 17.4744740618058 -6.76313511337239 
95.1436205789355 50.5257760673412 17.4721555386355 -6.76260644943786 
97.318336734377 51.7645838336738 17.4695461656604 -6.76204226720981 
99.4934393670974 53.0027757736068 17.4665968764613 -6.76144703379557 
101.669044145266 54.2401766800192 17.4632531104171 -6.76080379339277 
103.84526366298 55.4766231093151 17.4594557208861 -6.76009504091816 
106.022238552793 56.7119085894943 17.4551482948147 -6.75930252108476 
108.200085929629 57.9458385847893 17.4502718793087 -6.75843583721421 
110.378952296127 59.1782417067561 17.444778946122 -6.75750506881155 
112.558952016178 60.4089287460405 17.4386387015626 -6.75649772851303 
114.74022019204 61.6377275526298 17.4318468763723 -6.7553946325357 
116.922902935774 62.8645104256655 17.4244405798132 -6.7542313623758 
119.107034475337 64.0892105547466 17.4165203942075 -6.75299108239481 
121.292679734802 65.3118348822656 17.4082643676885 -6.75170113137055 
123.479839429112 66.5323747059729 17.3999393594113 -6.75043244867199 
125.668493769283 67.7509294949679 17.3919182897707 -6.74924235307277 
127.858595154471 68.9676420252818 17.3846614578622 -6.74817343544794 
130.050045830234 70.1827056152483 17.3786908487613 -6.74725580567201 
132.242691275557 71.3964375836114 17.3745660962724 -6.74666004266269 
134.436318899565 72.6091241726017 17.3728132226086 -6.74637683044138 
136.630749156888 73.8211655183253 17.3738380464678 -6.74652450225503 
138.825702974082 75.0329842836197 17.3778241487339 -6.74710378345412 
141.020846813488 76.244996131937 17.3846608940587 -6.74815497625297 
143.215946499438 77.4577362745974 17.3939425290382 -6.74964130592371 
145.410624249388 78.6716327695757 17.4050342548465 -6.75148045690367 
147.604605640054 79.8871959108152 17.4171756490162 -6.75358543953197 
149.797610346112 81.1047583088631 17.4295996409655 -6.75583143000973 
151.989423933863 82.3246572828842 17.4416470115499 -6.7580706644532 
154.179943513784 83.5470146298607 17.4528378820177 -6.76025476861893 
156.369052120794 84.7718598968427 17.4628670035816 -6.76228584676543 
158.556755260704 85.99917515133 17.4716049231703 -6.76412390969772 
160.743002740468 87.2289839543596 17.4790489635057 -6.76574822785335 
162.927863426725 88.4611394698945 17.4852791743336 -6.76714784970219 
165.111360887249 89.6955088923005 17.4904279889326 -6.76836894206948 
167.293529320188 90.9318224462331 17.4946484224281 -6.76938754776453 
169.474505861619 92.1699681786673 17.4980951826363 -6.77025582201132 
171.654393867145 93.4097466019278 17.5009058556488 -6.77097221986616 
173.83323584101 94.6509064790602 17.5031983005531 -6.77155508103493 
176.011213865717 95.8932779695606 17.5050869009754 -6.77205749219235 
178.188414056466 97.1366519583187 17.5066359873457 -6.772463699352 
180.364930156549 98.3808741123376 17.5079169159215 -6.77281701711551 
182.540837847446 99.6258284529676 17.5089984036869 -6.77309494166405 
184.716256843587 100.87132589378 17.5098885514922 -6.77333638184837 
186.891235400552 102.117260114785 17.510646641826 -6.77353767164759 
189.065911805201 103.36354716735 17.5112820732668 -6.77370418554497 
191.240308270793 104.610028205252 17.5118068058744 -6.77383583149294 
193.414466416938 105.856526668131 17.5122416078943 -6.77395981210557 
12.3022443742977 1.20726858481864 17.5116240901071 -6.7737784361716 
14.4782812540858 2.44873440077873 17.5107812742269 -6.77353064890038 
16.6549688997292 3.68890148519149 17.5096581530628 -6.77319704334734 
18.8324269761499 4.92761831906358 17.5082510614754 -6.77279131063043 
21.0106457354847 6.16476187348773 17.5065264231579 -6.77227020341463 
23.1897187511076 7.40026659464487 17.5044957976811 -6.77165956450844 
25.369695614484 8.63404932559596 17.5021958381835 -6.77096435462548 
27.55058900329 9.86610802553257 17.4996786093145 -6.77020261636112 
29.7323581623164 11.0964642391817 17.4970405184005 -6.76941236906694 
31.9149408982841 12.3251849177103 17.4943742896774 -6.76863327465893 
34.0982584405263 13.5524285095971 17.4917859281672 -6.76786028279369 
36.2821588433645 14.7783702765727 17.4893737879271 -6.76717794931136 
38.4665889384101 16.0032564555578 17.4872236789501 -6.76656580175571 
40.6513373824931 17.227382190235 17.4854071543214 -6.76605053838565 
42.8362882532409 18.4509097505485 17.4839798993593 -6.7656772617838 
45.021159284014 19.6741156555405 17.4829786777482 -6.76538487665473 
47.2059821287616 20.8972006173289 17.4824105360192 -6.7652688900424 
49.3904909543774 22.1204884586307 17.4822624131551 -6.76519145994433 
51.5745791837547 23.3441346817122 17.482488943427 -6.76526997522461 
53.7581237508203 24.5683166894205 17.4830127284319 -6.76541757993022 
55.9410227454503 25.7932249369738 17.4837451031089 -6.76559566078517 
58.1231973709193 27.0189717370725 17.4845819250105 -6.76586483167887 
60.3045914908494 28.2457181302159 17.4854150939672 -6.76609226082681 
62.4851340902166 29.4736035872187 17.4861475511784 -6.76632986996561 
64.6647250573314 30.7027172425552 17.4867082808967 -6.76652123930146 
66.8434630950445 31.9330971648753 17.4870447427137 -6.76661723544564 
69.0212955295943 33.164717934333 17.4871445295525 -6.76667991026542 
71.1983433208149 34.3975444400254 17.4870131053995 -6.76661049975211 
73.3746092641788 35.6315026467784 17.486664146725 -6.76651664507482 
75.5501950137929 36.8664945785914 17.4861228135858 -6.76634287868053 
77.7251695078149 38.1024430673313 17.485414120156 -6.76610716446903 
79.8995877725215 39.3392265004971 17.4845597893568 -6.76581662448579 
82.0735916863267 40.5767157344667 17.4835698978028 -6.76549231749197 
84.2472692867487 41.814744766442 17.4824569771055 -6.76515236195977 
86.4207130789455 43.0532007925543 17.4812142193728 -6.76477777018501 
88.5940175631116 44.2919594209925 17.4798312604138 -6.76438644509334 
90.7672486738436 45.5308565409683 17.4782932457621 -6.7639805109839 
92.9405142975818 46.769760209508 17.4765692316855 -6.76354107411093 
95.1139332975473 48.0085434700112 17.4746290905794 -6.76306481732901 
97.2875595629745 49.2470453191754 17.4724313350054 -6.76255334109323 
99.4615113290986 50.4850744332238 17.4699307468582 -6.76202813700359 
101.63593113453 51.7224756479196 17.4670733812706 -6.76145890482026 
103.810927857971 52.9590615604429 17.4638031782098 -6.76084158296107 
105.986628066553 54.1946206608611 17.4600637584537 -6.76018260844962 
108.163187429423 55.4289742783559 17.455793740376 -6.75944337617064 
110.340744079158 56.6619222029849 17.4509415322748 -6.75862761393448 
112.519431880387 57.893294937465 17.4454697400579 -6.75770566939186 
114.699405045472 59.1229762409291 17.4393488456024 -6.75671119800821 
116.880774369149 60.3508185820065 17.432598343449 -6.75563934471983 
119.063651107381 61.576685036736 17.4252738069555 -6.75447809589754 
121.248125213701 62.8005167667814 17.4174974963115 -6.75328046136157 
123.434238799717 64.0223424752459 17.4094723289918 -6.75203907248279 
125.621980099873 65.2422269595864 17.4014930673566 -6.75079632893963 
127.811328704209 66.4602630847178 17.393943191081 -6.74962734023712 
130.002198130301 67.6766499279704 17.3872822209832 -6.7486120114093 
132.194448973337 68.8915791502253 17.3820343937684 -6.7478176095619 
134.387974672356 70.1053693517243 17.3787328023057 -6.74727998050393 
136.582509373882 71.3183515952499 17.3778635279971 -6.7471199280489 
138.777830379247 72.5309541693744 17.3797650320428 -6.74738203301463 
140.973634210367 73.7435748309667 17.3845193756966 -6.74807445542556 
143.169617022969 74.9566637943594 17.3919192845172 -6.74924094785755 
145.365481210833 76.1707218938873 17.4014936474833 -6.75078953238365 
147.560856143769 77.3861898921992 17.4125800876819 -6.7526738537972 
149.755502763786 78.6035051151972 17.4244313461269 -6.75476671136486 
151.949097707947 79.8229984549739 17.4363317771909 -6.75693402655663 
154.14147002149 81.0448758268414 17.4476917931775 -6.75910040538214 
156.332525654672 82.269219902948 17.4580885883202 -6.76113848359015 
158.522231399629 83.4960711058976 17.4672855191333 -6.76301147800587 
160.710528019977 84.7253831100816 17.4751985396613 -6.76471893184818 
162.897362005768 85.9570121894094 17.4818614192241 -6.76621529008935 
165.082761341337 87.1909399991209 17.4873896364662 -6.7674886736964 
167.266847642391 88.4269145958777 17.4919335581142 -6.76858907422713 
169.449672745515 89.6647665030832 17.4956517743306 -6.76952334720175 
171.631294085787 90.9042272019869 17.4986978135664 -6.77031696252903 
173.81175379659 92.1452117204528 17.5012042108965 -6.77098492298345 
175.991218694414 93.3874451232562 17.5032802106596 -6.77154868497866 
178.169801080408 94.6307340901282 17.5050073175396 -6.77199910218879 
180.347597916356 95.8749091519668 17.5064684936322 -6.77241157012439 
182.524711143567 97.1198819186698 17.5077014657312 -6.77273790396683 
184.701244571438 98.3654481678607 17.5087485111663 -6.77301826840974 
186.877202856883 99.6114682737906 17.5096531248217 -6.77326289233665 
189.052721068545 100.857826155864 17.5104161361936 -6.77347948221393 
191.227900147781 102.104430828976 17.5110779001183 -6.77363687546197 
16.6459597243379 1.18796520949906 17.5100896833975 -6.77334470063867 
18.8232273919269 2.42736226468344 17.5088280398758 -6.77299361609307 
21.0011668893184 3.66528379128703 17.5072656018311 -6.77249791522735 
23.1799834157683 4.90152049278679 17.505411028478 -6.77196357116305 
25.3596057603305 6.13607964160248 17.5032727792422 -6.77128491059677 
27.5400941333749 7.3688453749095 17.5009070526781 -6.77055616885472 
29.7214258038277 8.59985894387568 17.4983816866342 -6.76978264137931 
31.9035821376453 9.82914889193026 17.4957898228533 -6.76897208801075 
34.0864551491696 11.0568549110728 17.493222466784 -6.76819835119259 
36.2699570160158 12.2831233312592 17.4907784394922 -6.76745076882768 
38.4539989570322 13.5082073553688 17.4885375525045 -6.76679764773413 
40.6383361717282 14.7322933326857 17.4865719821285 -6.76623955555566 
42.8228782120419 15.955684776556 17.484947633054 -6.76578234038735 
45.0074256469974 17.178568789314 17.4837015050271 -6.76542750603634 
47.1919407330086 18.4012258210694 17.4828594648024 -6.76523156573396 
49.3760953015311 19.6238876489751 17.4824277616391 -6.7650866996892 
51.5598626771532 20.8467601803133 17.4823697987295 -6.76513709329943 
53.7430843716397 22.0700700838606 17.4826398819739 -6.76518368979559 
55.9256503208658 23.2939899587334 17.4831565308359 -6.76537315991635 
58.1074670688248 24.5186427501859 17.4838301563527 -6.76557159897783 
60.2884698057614 25.7442061993833 17.4845586360604 -6.76581821474449 
62.4685927507003 26.9708494152596 17.4852439699147 -6.76606999713885 
64.6477406221125 28.1986461116169 17.485806938428 -6.76624100837089 
66.8259997996947 29.4277021076458 17.4861857446235 -6.76641575326113 
69.0032886051737 30.6580104272305 17.4863665153541 -6.76646576621062 
71.1797338203482 31.8895735102121 17.486342580333 -6.76647654273183 
73.3553658437805 33.1222877596422 17.486128399326 -6.76642245675685 
75.5303160249076 34.3561074888589 17.4857487391283 -6.76628158885275 
77.7045584579311 35.5909531588159 17.485226806104 -6.76608171808796 
79.8782428536278 36.8267124826365 17.4845812854668 -6.76584505852788 
82.0514463044014 38.0632374065889 17.4838305285844 -6.76558439925331 
84.2242932490951 39.3004039870588 17.4829796690827 -6.76529389174868 
86.39687662784 40.5380854563016 17.4820289853848 -6.76496812659938 
88.5692617017936 41.7761341404513 17.4809674177374 -6.76462183771132 
90.7415586003722 43.0144156400195 17.4797838563832 -6.76426769889317 
92.9138577350951 44.2528232085226 17.478447896362 -6.76389145275282 
95.0862331080834 45.4912264505196 17.4769329201951 -6.76350517430499 
97.2588118272682 46.7294181986725 17.4752018528634 -6.76310057113834 
99.4316919261326 47.9672485684263 17.4732085889008 -6.76265226442616 
101.604976485546 49.2045772904873 17.4709062084658 -6.76218310643575 
103.778790748433 50.4412137606008 17.4682392710955 -6.76166591949184 
105.953283093257 51.6769992480669 17.4651475927061 -6.76110010244346 
108.128564764031 52.9117716470129 17.4615708219803 -6.7604849719196 
110.304790600362 54.1452899911513 17.4574537602145 -6.759800961919 
112.482142011455 55.3773754844508 17.4527443286388 -6.75904622650258 
114.660749058167 56.6078944618419 17.4474098051306 -6.75819120031857 
116.840748886632 57.8366930006385 17.4414421051715 -6.75723708576552 
119.022279866493 59.0636939257522 17.4348657143987 -6.75618552468367 
121.205452202389 60.2888053112771 17.4277551187728 -6.75505645508678 
123.390314571011 61.5119763103677 17.4202541523061 -6.75387784791379 
125.576919579565 62.7332334531944 17.4125801764214 -6.7526732576372 
127.765267146185 63.9526610485509 17.4050346738321 -6.75148489302477 
129.955299917965 65.1703970019521 17.3980023702695 -6.75036583390306 
132.146934313091 66.3866330824952 17.3919404354565 -6.74939338012471 
134.340023483524 67.6016400244739 17.3873502351204 -6.74864901201536 
136.534374681762 68.815724721022 17.3847496808595 -6.74817587495411 
138.729750728778 70.0292162163198 17.3845807293702 -6.74812285346044 
140.925909821014 71.2425563584484 17.3871032600326 -6.74844911291946 
143.122520247308 72.4561680832788 17.3923140760971 -6.74922861832607 
145.319255145403 73.6705155219864 17.3999396125945 -6.75044839938154 
147.515796801214 74.8860222298733 17.4094734117233 -6.75202257827624 
149.71181365407 76.1031626236483 17.4202535439775 -6.75389207122038 
151.907002185611 77.3223076728058 17.4315706816068 -6.75590857652883 
154.101126150517 78.543731885751 17.4427612989485 -6.75798544703449 
156.294046146012 79.7675958379281 17.4532971704206 -6.75999390184127 
158.485597153019 80.9939145611239 17.4628188558926 -6.76190334426716 
160.675783106657 82.2226504675192 17.4711361958451 -6.76362798531924 
162.864590188166 83.4538004055871 17.4782124730905 -6.76516169159687 
165.051983718485 84.687238121411 17.4841163682716 -6.76650695278508 
167.23797275242 85.9227734890318 17.4889829480423 -6.76769454143684 
169.42259048646 87.1602175892964 17.4929716737275 -6.7686825456109 
171.605959112244 88.3993836072728 17.4962455691404 -6.76953925541049 
173.788175675441 89.6400754354919 17.4989509326336 -6.770283500219 
175.96923610805 90.8820688114898 17.5012030243227 -6.77090605469319 
178.149283337217 92.1252712644062 17.503103732675 -6.77143032105834 
180.328469147388 93.3693915649899 17.5047249550343 -6.77189190813894 
182.506858168757 94.6142298358199 17.5061122989705 -6.77228183298021 
184.684516578295 95.8597809601017 17.5073245610896 -6.77260908998829 
186.861586437802 97.1058899755029 17.5083758708177 -6.77289539477588 
189.038156007444 98.3523447669305 17.5092894739993 -6.77313943171923 
20.9914930064695 1.16538354367284 17.5078798961672 -6.77272694331088 
23.170072625393 2.40236677236665 17.5061786667168 -6.77221253425756 
25.3493936203913 3.63761675114305 17.5041962806934 -6.77159449824227 
27.5295285626199 4.87111646223855 17.5019722255309 -6.77088968218351 
29.7105162295229 6.10278993178536 17.4995659741032 -6.77012892555792 
31.8922862760904 7.33268515096328 17.4970515081726 -6.76931717438694 
34.0748223828587 8.56087923919738 17.4945246812392 -6.76852410512582 
36.2579262683387 9.78750947945966 17.4920655477658 -6.76774226210835 
38.4416069196325 11.0127765347886 17.4897569128445 -6.76704378647239 
40.6255716789236 12.2369283919862 17.4876726216357 -6.76641690105217 
42.8098459296297 13.4602122581049 17.4858702808412 -6.76589841636676 
44.9941091917648 14.6828414069931 17.4843994727394 -6.76546978723588 
47.1783011550395 15.9050658426661 17.4832951557939 -6.76521427644832 
49.3621465638362 17.127154502206 17.4825769332681 -6.76499329400355 
51.5456927956517 18.3493165592049 17.4822288642224 -6.76498056877735 
53.728658357046 19.5717826633372 17.4822240565708 -6.76497481269059 
55.9109361547068 20.7947299497995 17.4825005820721 -6.76510885701567 
58.0924693088768 22.0183065851712 17.4829794080515 -6.76527718678768 
60.2731615483527 23.2427262521973 17.4835705316633 -6.7655047386723 
62.4529248194275 24.46811746493 17.4841762033008 -6.76573528119629 
64.6317287006845 25.6946167496128 17.484708901144 -6.76593685257797 
66.8095667316307 26.9223502742498 17.4851034388608 -6.76613727917067 
68.9863865760524 28.1513532343012 17.4853380949416 -6.76619734188567 
71.1623131658244 29.3816291099658 17.4853963025502 -6.76627699720739 
73.337396133014 30.6130914898569 17.4852979042654 -6.76623770967099 
75.5117232020476 31.8457514781715 17.4850607823902 -6.76615319311255 
77.6853377821745 33.0794772954661 17.484709450739 -6.76601193316944 
79.858357985227 34.3141828263859 17.4842640028296 -6.76583576898974 
82.0308654765964 35.5497614678332 17.4837454013501 -6.76561256373205 
84.2029491071935 36.7860583391586 17.4831567415735 -6.7653679467896 
86.3747152761907 38.0229650899764 17.4824989977205 -6.76510316350837 
88.5462768270291 39.2603076014536 17.481767668125 -6.76483107131182 
90.7177070821719 40.497971645181 17.4809455637714 -6.76453622737845 
92.8891013019926 41.7358584628328 17.4800098302847 -6.76423433951167 
95.0605515123464 42.9738065592649 17.4789378002738 -6.76391872216252 
97.2321427910961 44.2116994923851 17.4776897954199 -6.7635856892591 
99.4039937729 45.4493821019385 17.4762278986846 -6.76325410596531 
101.576224071078 46.6866389657848 17.4745038377031 -6.76289028027628 
103.748923827097 47.9233158852719 17.4724658502546 -6.76249102325298 
105.922232759775 49.159298212774 17.4700541281451 -6.76205628619788 
108.096319716863 50.3943640885687 17.4672086728892 -6.7615550287658 
110.271293262678 51.6283625200852 17.4638718742863 -6.76098705513452 
112.447315089509 52.8611503558321 17.4599832939412 -6.76037242387956 
114.624552447684 54.0925330819141 17.4555003731057 -6.75967229263743 
116.803149862874 55.3223532542927 17.4503980463715 -6.75887563344654 
118.983258974443 56.55045925094 17.4446725285198 -6.75798654808351 
121.165023272644 57.7767794196097 17.4383681402109 -6.75700353843107 
123.348531792028 59.0012910884297 17.4315698138004 -6.7559139097901 
125.533849973655 60.2239679490657 17.4244317615976 -6.75475499409202 
127.720990152668 61.4448562126601 17.417175069847 -6.75358209984803 
129.909950565281 62.6640250772263 17.4101032777286 -6.75243437244648 
132.100676235356 63.8816473233876 17.4035903797718 -6.75134150150896 
134.293045513969 65.0979371387009 17.3980781960177 -6.75039248026992 
136.486916576265 66.3132022913558 17.3940649226044 -6.74971202667574 
138.682055757863 67.5277496171093 17.3920357946229 -6.74929460433131 
140.878227706061 68.7419362645917 17.3923817899253 -6.74926763059395 
143.075129433423 69.9561899496272 17.395292021511 -6.74966996781338 
145.27244088887 71.1709251104336 17.4006906724737 -6.75049502941451 
147.46985862555 72.3866293104054 17.4082644190769 -6.75170382199436 
149.666982865649 73.6037206686972 17.4174974817838 -6.75326358942836 
151.86353838363 74.8225911971122 17.427755318055 -6.75507622531596 
154.059214010682 76.0435984162858 17.438368582158 -6.75698502942606 
156.253771597483 77.266928550694 17.4487311337709 -6.75893142912168 
158.447087726675 78.4927090321548 17.4583711768076 -6.76079322357701 
160.639120063474 79.7209118311663 17.4669780508107 -6.76252011326961 
162.829787445812 80.9515142103724 17.4744130613453 -6.76409347678015 
165.019005982309 82.1843459551335 17.4806786114291 -6.76550034271231 
167.206846646956 83.4193997370241 17.4858649927917 -6.76669910295131 
169.393339921593 84.6563933382012 17.4901244717753 -6.76776904386909 
171.578503511502 85.8952000826295 17.4936207519292 -6.76868259911947 
173.762420417313 87.1355352085618 17.4965067951679 -6.76946654957892 
175.945132099771 88.3772669003381 17.4989192719913 -6.77014976572586 
178.126746087081 89.6201798816659 17.5009664420569 -6.77076108367915 
180.307345792658 90.8641493847186 17.5027274093849 -6.77125996349156 
182.487088711751 92.1089946859566 17.5042615935296 -6.77169992420608 
184.666057365402 93.3544579823899 17.5056166843138 -6.77209981301106 
186.844293760686 94.6004729909569 17.5068130528819 -6.77242422564593 
25.338918209244 1.13872004827852 17.5049759011113 -6.77185718523868 
27.5187981521374 2.37292249888832 17.5028860335697 -6.77120655185586 
29.6994923611632 3.60527062619071 17.5005912349197 -6.77044984081823 
31.8809227239507 4.83577692630976 17.4981641298474 -6.76965728447132 
34.0631078841558 6.06446662848734 17.495680727746 -6.76884965955918 
36.245903040044 7.29148607845757 17.4932236373955 -6.76803771017653 
38.4292713125599 8.51700620900033 17.4908662706802 -6.76728487933213 
40.6129744398434 9.74128441594966 17.4886810579976 -6.76660741229534 
42.7969871884893 10.9644618521281 17.4867231174404 -6.76601466238003 
44.98096182104 12.1868655709391 17.4850443706682 -6.76553584801492 
47.1649227730635 13.408724141387 17.483693141813 -6.76517814299124 
49.3485778627957 14.6302788745694 17.4826897868323 -6.76491513047193 
51.5319199850223 15.851769119936 17.4820481106307 -6.76480572697904 
53.7146367882355 17.073414184998 17.4817546200931 -6.76475880493087 
55.8967142692448 18.2954116247639 17.4817680920492 -6.7648169504396 
58.0780574617841 19.5179703425385 17.4820277088033 -6.7649719887552 
60.2584890656446 20.7412424994103 17.4824557331814 -6.7651491399872 
62.4379731290322 21.9654136231024 17.4829569009175 -6.76535987541347 
64.6165120292418 23.1906276316089 17.4834359122348 -6.76560279329058 
66.7939756599239 24.4170490655161 17.4838288312442 -6.76577039927546 
68.9704469536712 25.6447399602573 17.4840952680519 -6.76590826347262 
71.1459412298551 26.8737118538549 17.4842185076615 -6.76601444271562 
73.3205493211013 28.103974235692 17.4842191814235 -6.76600025441453 
75.4943202105153 29.3354450943113 17.4841068009669 -6.76597897792497 
77.6673823839497 30.5680473180583 17.4839098935326 -6.76589043074519 
79.8398251360369 31.8017125127541 17.4836529537961 -6.76576924624635 
82.0116927508748 33.0363293271155 17.4833515650221 -6.7655987297564 
84.1830907131761 34.271774535504 17.4830135011292 -6.76540212752405 
86.354150743295 35.5078697750665 17.4826393077701 -6.76519832797346 
88.524937837963 36.744516403484 17.482225218959 -6.76497982434054 
90.6955868722275 37.98157391085 17.4817536381625 -6.76477344472768 
92.8661864702974 39.218921590434 17.4812075740757 -6.76453472381446 
95.0367453967637 40.4564532392028 17.4805644250562 -6.76429279935063 
97.2074552820681 41.6940165489741 17.4797861854127 -6.76406456012887 
99.3783962738372 42.9314579799886 17.4788393889251 -6.76380043069582 
101.549617010405 44.1686233914238 17.4776814566268 -6.76352093818616 
103.721302360438 45.4053834998228 17.4762569609524 -6.76324123530934 
105.893554393075 46.6415474639577 17.474514191007 -6.76292802659094 
108.066475461688 47.8769523748771 17.4723932067601 -6.76257272489054 
110.240225941017 49.1114454966553 17.4698315777406 -6.76217398116689 
112.415010466059 50.3448288140599 17.4667700291682 -6.76170246227138 
114.590930863587 51.5769630347213 17.4631604560022 -6.7611422329559 
116.768149985446 52.8077462543008 17.4589595327894 -6.76049961706073 
118.946866281977 54.0369965366024 17.4541460995049 -6.75975949639661 
121.1271883327 55.2645830532884 17.4487320870276 -6.75893107703816 
123.309241781209 56.4904176671308 17.442761834382 -6.75798731534109 
125.493154221417 57.7144932284419 17.436331798635 -6.75694271852622 
127.678949582719 58.9368475118564 17.4295994389283 -6.75582173834085 
129.866658868428 60.1575138639015 17.4227844143853 -6.75466187175253 
132.056236446437 61.3766074446219 17.4161778632041 -6.75352758282588 
134.247638884079 62.5942979073013 17.4101474137251 -6.75248197636731 
136.440709936613 63.8108115818571 17.4051326928887 -6.75157574366449 
138.635300759977 65.0264855050433 17.4016099184241 -6.75088748683091 
140.831156343709 66.2416470683747 17.4000363772461 -6.75053455074365 
143.028017744024 67.4566743186245 17.4007402537474 -6.75054009410513 
145.225594650562 68.6719603972074 17.4038368951022 -6.75095398478393 
147.423517925286 69.8879604379681 17.4092067954903 -6.75179032175664 
149.621473353366 71.1051083741265 17.4165212840459 -6.7529854131215 
151.819100666641 72.3238287309625 17.4252742963691 -6.75448464297248 
154.016069490719 73.5444677940085 17.4348644631228 -6.75619236767219 
156.212120494465 74.7673125541355 17.4446741502126 -6.75798173756824 
158.407058172509 75.9925113851273 17.4541460420112 -6.75977347464505 
160.60072205829 77.2201169828003 17.462858977891 -6.76147193736313 
162.793070490905 78.4500958967786 17.4705560628085 -6.76303923658233 
164.984095219426 79.6823897685908 17.4771386725353 -6.76444392397036 
167.173755517393 80.9168453876624 17.4826358147838 -6.76569878689318 
169.362005721358 82.1533267469095 17.4871650491231 -6.76680484779755 
171.548877434408 83.3916320594337 17.4908786788501 -6.76776552119973 
173.734476549071 84.6315724336172 17.4939374343364 -6.76859167733118 
175.918891656472 85.8729915691243 17.4964883055305 -6.76931225833489 
178.102122534834 87.1156170118463 17.4986541116038 -6.76995702546385 
180.284239065355 88.3593263232947 17.5005254665314 -6.77053898194774 
182.465365380751 89.6039788320277 17.5021773082292 -6.77103456838018 
184.645597183375 90.8493894027773 17.5036469685609 -6.77148119835585 
29.6881602451779 1.1072626663192 17.5014609691508 -6.77075961818614 
31.8693252938242 2.33838102201708 17.4991169989719 -6.76997017757948 
34.0512236230572 3.56761681186097 17.4966822321282 -6.76915330067499 
36.2337847189732 4.79505356617878 17.4942309733027 -6.76833768124687 
38.4168471430505 6.02090056476054 17.4918413941646 -6.76752749305564 
40.6003377667664 7.24525528584498 17.4895684253575 -6.76681886264458 
42.784074083924 8.46844298270879 17.4874749494919 -6.76613051246633 
44.9679076715554 9.69067468290751 17.4856077790513 -6.76560609489939 
47.1516995323102 10.9121948978962 17.4840185695893 -6.76515381247241 
49.3352149314264 12.1332455331046 17.4827388264243 -6.76484346756237 
51.5183370181006 13.3540925704678 17.4818011706419 -6.76463238671817 
53.7009268653437 14.5749684698669 17.4812096383293 -6.76452891100869 
55.8828616114186 15.7960663198046 17.480944375204 -6.76452228284622 
58.0640452893234 17.0175967930055 17.4809679321293 -6.76465221676897 
60.2442909859533 18.2397521529718 17.4812146599353 -6.76475795762668 
62.4235891854568 19.4627213493304 17.481590149113 -6.76498242688645 
64.6019097208469 20.6866836886543 17.4820063216581 -6.76520904326376 
66.7790885343274 21.9117966065712 17.4823817529234 -6.765376103374 
68.9552933493028 23.1381709148421 17.4826693703564 -6.76557976890145 
71.1304373120696 24.3658666873866 17.4828504460587 -6.76567978413149 
73.3046646660756 25.5949003470816 17.4829347225833 -6.76574003457921 
75.4779842010977 26.8251944384711 17.4829344934758 -6.76575476448916 
77.6505807412856 28.0566937842556 17.4828803412164 -6.76572713240123 
79.8224851687335 29.2893294590067 17.4827962217733 -6.76565053511127 
81.9937901465855 30.5229879765726 17.4826980043984 -6.76555156126196 
84.1646242195278 31.7575297813825 17.4825935300273 -6.76541087072561 
86.3350279806276 32.9928574352113 17.4824877907159 -6.76526372178038 
88.5051625970936 34.2287924967375 17.4823704302673 -6.76511566116489 
90.6751260419532 35.4652261424982 17.4822284575891 -6.764948524333 
92.8449251444017 36.7020688620223 17.4820486252709 -6.76479605002284 
95.0147545404737 37.9391726519944 17.4818014351 -6.76463646995847 
97.1846800623884 39.1764193542076 17.4814595083149 -6.76447162114932 
99.354718837528 40.4136644256934 17.4809908253389 -6.76429639669416 
101.525086454745 41.6507135308292 17.4803520539724 -6.7641299308792 
103.695867099211 42.8874458699991 17.4794970144308 -6.76394355736962 
105.867102897431 44.1237574565621 17.4783755234887 -6.76372464517055 
108.038995284306 45.3594856414276 17.4769302207889 -6.7634898331141 
110.211662516825 46.5944554829826 17.4751015123952 -6.76321724902822 
112.385228897303 47.8284811743372 17.4728312882706 -6.76290772725989 
114.559883267305 49.0614047202681 17.4700656277672 -6.76252742801424 
116.735819996084 50.2930762815494 17.4667507622484 -6.76204522363654 
118.913162522347 51.5233622900182 17.4628587384377 -6.76147151275839 
121.092058146281 52.7521670928686 17.4583706916241 -6.76078027371557 
123.272684784744 53.9793789152218 17.4532975525637 -6.75998279243825 
125.455130939152 55.2049205427449 17.4476905761858 -6.75909238585313 
127.639475874257 56.4287504582106 17.4416475308182 -6.75809269365796 
129.825803015312 57.6509105839028 17.4353206956026 -6.75699167808971 
132.014088640396 58.8714947894164 17.4289229189089 -6.75584562891321 
134.204292100177 60.090647286794 17.4227460170247 -6.75473302766745 
136.396328232433 61.3085556213451 17.4171567076472 -6.75368927355339 
138.590046194179 62.5254490749832 17.4125825994846 -6.7528105532571 
140.785282776445 63.7416567892038 17.4094899390174 -6.75216494605593 
142.981765621604 64.9575451715422 17.4082770924705 -6.75183034875169 
145.179235605245 66.1735228771102 17.4092076277585 -6.75184333140489 
147.37734556135 67.3899618484104 17.4123411012574 -6.75226644541435 
149.57577914135 68.6073004878826 17.417530162855 -6.75308185031205 
151.774165800017 69.825953527358 17.4244406688271 -6.75422058644723 
153.972164995671 71.0463102610024 17.4325980559401 -6.75563657874641 
156.169451506201 72.2687091104882 17.441442552887 -6.75722545497831 
158.365760965629 73.4933296707764 17.4503973212643 -6.75887746179227 
160.560936341681 74.7203091414967 17.45895804194 -6.76050372718481 
162.754876278433 75.9496509822447 17.4667532267243 -6.76204302268736 
164.94751464826 77.1813023939629 17.4735663075433 -6.76343894582616 
167.138781735379 78.4151008410173 17.4793404430105 -6.76472098585208 
169.328689180488 79.6510018439756 17.4841336716479 -6.76581819313506 
171.517319736676 80.8887749516813 17.4880630183193 -6.76680494551554 
173.704573691068 82.1282436839924 17.4912908688031 -6.76767889274599 
175.890551748022 83.36921769795 17.4939670122665 -6.76844141133352 
178.075342220771 84.6115182171961 17.4962282308419 -6.76912159030103 
180.259029973034 85.8549664177401 17.4981789422823 -6.76971185920132 
182.441631628296 87.09933207125 17.4999059190549 -6.77027002285154 
34.0390608108918 1.07032295033627 17.4975177287575 -6.76945478047915 
36.2213534796347 2.29821807687043 17.4950792380364 -6.76862189286981 
38.4041775824357 3.52435200932371 17.4926594593175 -6.76777476880809 
40.5874906882887 4.74889994374199 17.4903146444986 -6.76701330477906 
42.7710447270941 5.97215579387668 17.4880954231298 -6.76627519530907 
44.9547678157744 7.19423368198373 17.4860567946733 -6.76567419468092 
47.1384008276327 8.41544127641985 17.4842398834606 -6.76514225039957 
49.3218352899716 9.63602581281397 17.4826939673569 -6.76475735516224 
51.5048582015878 10.8562877327483 17.4814620036616 -6.76445793167524 
53.6873829211427 12.0764184264892 17.4805638758423 -6.76429629294192 
55.8691970427816 13.2966451391669 17.4800104090434 -6.76423283806358 
58.0502755364604 14.5171811319566 17.4797828388226 -6.76428138002271 
60.2304272075551 15.73824638045 17.479831679864 -6.76435868980199 
62.4096089860869 16.9600380108556 17.4800759399302 -6.76457544970786 
64.5877531043184 18.1827625635483 17.4804201829287 -6.76477745869394 
66.7647725354884 19.406584342445 17.4807784265947 -6.76496715383534 
68.9407476199548 20.6316753222439 17.4810859922299 -6.76520248146212 
71.115646520788 21.8581053653517 17.4813240250013 -6.7653194364198 
73.2895674099515 23.0859031036593 17.4814886219764 -6.76545286335243 
75.4625440374939 24.3150242118302 17.4815956081792 -6.76550169441876 
77.6347574519811 25.5454389775624 17.4816769934341 -6.76553888878629 
79.8061982820404 26.7770486805205 17.4817542085985 -6.76551067314919 
81.9770598420937 28.0097310789221 17.4818460446882 -6.76545813457038 
84.1473558113049 29.2434121587269 17.4819640800243 -6.7653907178747 
86.3172343616408 30.4779367305068 17.4821050535998 -6.76531054172718 
88.4867989132975 31.713182257698 17.4822631848291 -6.76520966569321 
90.656069138968 32.9490422956201 17.4824252281094 -6.76511026708002 
92.8252737885372 34.1853384889225 17.482576575098 -6.76501676108458 
94.9944215170561 35.4220150892526 17.4826893906249 -6.76492242862426 
97.1635942905846 36.658960409392 17.4827386974868 -6.76483783515459 
99.3329470112078 37.895952376082 17.4826959322474 -6.76473973896599 
101.502516365507 39.1329248057051 17.4825168844025 -6.76465423702607 
103.672408414094 40.3697354133163 17.4821655352395 -6.7645804790664 
105.842793213826 41.6061667499622 17.4815943782171 -6.76447963657689 
108.013749559074 42.8421383239795 17.4807506610657 -6.76435583007872 
110.185396173766 44.0775166793271 17.4795822951558 -6.76419923690874 
112.35792608537 45.3121062917327 17.4780316974078 -6.76399799224546 
114.531461873449 46.5457845053666 17.476044977066 -6.76374719430286 
116.706121675495 47.7784019556608 17.4735657450074 -6.76343887202606 
118.882147982374 49.0097741530081 17.470555740993 -6.76305529312813 
121.05969875561 50.2397472911555 17.4669779762176 -6.76253740820786 
123.238906772739 51.4682201102638 17.462817502482 -6.76190132737653 
125.41991087179 52.6951681799033 17.4580890315056 -6.7611364231659 
127.602807870431 53.9205288875987 17.4528383252817 -6.76023629273701 
129.787674988647 55.1442650867366 17.4471538602002 -6.7592551245383 
131.974537848285 56.3663984162491 17.4411881013228 -6.75818721707632 
134.16339803469 57.5870191156619 17.4351579703317 -6.75705922570968 
136.354204882952 58.8063245006922 17.4293611613905 -6.75594825371144 
138.546839829777 60.0245504929178 17.4241711883354 -6.75491769435112 
140.741149379319 61.2419429805797 17.4200138361913 -6.75407551539615 
142.936930050645 62.4588015371554 17.4173017365135 -6.75343804456221 
145.133939454745 63.6755360687585 17.4163813220387 -6.75312584013071 
147.331897622631 64.8925390040258 17.4174464266227 -6.75315376274291 
149.530441287384 66.1101916002454 17.420511713257 -6.75355049555638 
151.729245090205 67.3289206065683 17.4254180485397 -6.75432113050651 
153.927929431404 68.5491137427544 17.431846680092 -6.75539968868334 
156.126162604044 69.7711004326716 17.4393495602359 -6.75672778005098 
158.323647250798 70.9951814903261 17.4474098828492 -6.75816634271515 
160.520123429259 72.2215243493344 17.455501477349 -6.75967816769803 
162.71542329358 73.4501520933906 17.4631600334364 -6.76115877738943 
164.909490004716 74.6810864335103 17.4700648660532 -6.76251580532938 
167.10230526856 75.9142649408491 17.476044300677 -6.76375487952734 
169.293781705705 77.1494810080332 17.4810709308938 -6.7648826739773 
171.483917129021 78.3866090599404 17.4852147483031 -6.76589008506856 
173.672714935617 79.6255463087937 17.4886113537276 -6.76675725522054 
175.860274588417 80.8660266182237 17.4914074591757 -6.76754489490564 
178.04662344636 82.1079155389069 17.4937450524686 -6.76824608324375 
180.231774250822 83.3509894636907 17.4957509631231 -6.76886754076502 
38.3911659431263 1.02738888983374 17.4933026959143 -6.76801375536111 
40.574317654463 2.25222013347965 17.4908859704734 -6.76720979955572 
42.7577401561556 3.47549759503765 17.4885559155117 -6.76642403661063 
44.9413161604626 4.69750623802015 17.4863505562603 -6.76573934295136 
47.1248987452117 5.91846884124615 17.4843231355956 -6.76513514412678 
49.3082982759764 7.13865639237888 17.4825172300588 -6.76466538771551 
51.4913132384352 8.35832871825862 17.480992315075 -6.76430118894733 
53.6737865086843 9.57774456460474 17.4797863336028 -6.7640542972543 
55.8555860430879 10.7971310391633 17.4789366629725 -6.76392569613106 
58.0366127236322 12.0167280547354 17.4784493686686 -6.76389172140331 
60.2167367293066 13.236719865738 17.4782916360029 -6.76396401545098 
62.3958501450954 14.4573578914715 17.4784011057205 -6.76412653104087 
64.5739125333873 15.6788434246801 17.478676813634 -6.76431479070116 
66.7508385423389 16.9014112100691 17.4790206648487 -6.76452957278793 
68.9266660184294 18.125237179371 17.4793617357373 -6.76478074502193 
71.1014012730358 19.3503962171367 17.4796625312116 -6.76494779196198 
73.2750791024659 20.576990023707 17.4799135034467 -6.76511516664574 
75.4478302506777 21.8049512156284 17.4801303939701 -6.76522766843784 
77.6197212535719 23.0342794983275 17.4803460593214 -6.76531868645715 
79.790835396734 24.2648512276573 17.4805793790298 -6.76534020788137 
81.9612791416681 25.4966137511716 17.480855127721 -6.76535736842931 
84.1311715681632 26.7294246327666 17.4811807356865 -6.76534586232683 
86.3005955862082 27.9631472445455 17.481554851234 -6.76531725059794 
88.4696133367727 29.1977333872537 17.4819682634439 -6.76527873261032 
90.6384139126905 30.4329608997379 17.4824111255414 -6.76524279190498 
92.8070307091737 31.6687811715629 17.4828608186023 -6.76520722979496 
94.9755771523979 32.9050775646314 17.4832951783497 -6.76519374165348 
97.1441775707673 34.141644965913 17.4836914636028 -6.7651670796465 
99.3128340756961 35.3784734305683 17.4840178042004 -6.76515617541489 
101.481714301841 36.6153815550487 17.484238266401 -6.76516558730534 
103.650930457081 37.8521467135 17.4843220908061 -6.76514330665113 
105.820493403854 39.0887438524829 17.4842232488434 -6.76511736862204 
107.990608717551 40.3250455088179 17.4838962275845 -6.76511650380899 
110.161406730202 41.5608128331521 17.4832948255966 -6.76508024891195 
112.33294797014 42.7959386195113 17.4823709357147 -6.76501083785739 
114.505426829294 44.0302969272461 17.4810689585671 -6.76489171822808 
116.679036379146 45.2637122138099 17.4793413425925 -6.76470385591882 
118.853863233618 46.4961019355207 17.4771393993135 -6.76443565797814 
121.030084162573 47.7272891798439 17.4744137613683 -6.76408096023981 
123.207934713859 48.9571170494702 17.471135579708 -6.76363248696387 
125.387532247857 50.1854431874503 17.4672856539834 -6.76303998197191 
127.568973738067 51.4122318783648 17.462866309108 -6.76228498893563 
129.752382156409 52.6375044543008 17.4579178592699 -6.76139648459433 
131.937804104105 53.8612207970174 17.4525287557283 -6.7603995853452 
134.125253955056 55.0834316968966 17.4468533800318 -6.7593288786406 
136.314681936374 56.3042127516491 17.4411286385115 -6.75821626139563 
138.506039786522 57.5237631929929 17.4356776311868 -6.75713386368739 
140.699215841738 58.7423756076502 17.4308725515108 -6.75612441684486 
142.894032191387 59.9603558915259 17.4271104083983 -6.75527349535392 
145.090271262775 61.1779775711758 17.4247589775543 -6.75469083016979 
147.287692738825 62.3956219603506 17.4240806407428 -6.75438602223933 
149.486012839303 63.6137103201563 17.4252196442521 -6.75439612478019 
151.684858077463 64.8326273630229 17.4281598119106 -6.75478454430175 
153.883886202212 66.0527637177411 17.4327327070532 -6.75550384491509 
156.082746097619 67.2744632778215 17.4386387627977 -6.75649588762233 
158.28107434672 68.4980355586456 17.445467612027 -6.7577207220129 
160.478610801164 69.7237097098223 17.452745406393 -6.75903549176797 
162.675132821965 70.951646866575 17.4599825172124 -6.76037562720201 
164.870484327288 72.1818463003901 17.4667710783494 -6.76168988146857 
167.064579247422 73.414247829578 17.4728327272496 -6.76291632388198 
169.257429948804 74.6487335376369 17.4780305179016 -6.76401134278012 
171.44899695879 75.885221290638 17.4823706471139 -6.76498518279868 
173.639296901987 77.1235254796981 17.4859330707454 -6.76588034923313 
175.828281709325 78.3634346395062 17.488847919909 -6.76668089641539 
178.016003599082 79.6048042711727 17.4912603625236 -6.76737291839477 
42.7439400231618 0.978497133125906 17.4888185274912 -6.7665412220728 
44.9274775062062 2.20049044575639 17.4864571080073 -6.76580604667068 
47.1110355361181 3.42125152021206 17.4842215979685 -6.76513057873894 
49.2944108209166 4.64107718147941 17.482167582451 -6.76457168103069 
51.47746298491 5.86018785190366 17.4803516332994 -6.76413522515232 
53.659968844141 7.07895038931683 17.4788401546378 -6.7637910336644 
55.841850381766 8.29753401218491 17.4776902227151 -6.76359230372682 
58.0228819904235 9.51618878349521 17.4769333304848 -6.7635016721986 
60.2030359371507 10.7351530379523 17.4765685414419 -6.7635309915753 
62.3821534859457 11.9546495937931 17.476541985931 -6.76364694654237 
64.5602181499331 13.1749504055757 17.4767576620778 -6.76382503932038 
66.737109897353 14.3962877153562 17.4771037025275 -6.76406424548733 
68.9128773161902 15.6188242008208 17.4774962875053 -6.76432700793093 
71.0875274534913 16.8427679321866 17.4778781250753 -6.76454892357824 
73.2610599808136 18.068159529291 17.4782321672573 -6.76476538016648 
75.4336512400991 19.2949963162057 17.4785742669439 -6.76494111746991 
77.6053158581628 20.523212600579 17.4789280590241 -6.76507273562207 
79.7761666816346 21.7527950404698 17.4793200430117 -6.76515844457816 
81.9463355836092 22.9836251970455 17.4797786172015 -6.76525263262934 
84.1158872608057 24.2155680914537 17.4803061573624 -6.76527954438791 
86.2849048820809 25.4485623278314 17.4809025790214 -6.76531372215452 
88.4535651486735 26.6824173665997 17.4815574094109 -6.7653409802471 
90.6218944387235 27.9170908415409 17.4822570452271 -6.76535973415559 
92.7900435420187 29.152447235668 17.482977630739 -6.76540387016522 
94.9581347284043 30.388297008232 17.4837005400209 -6.76543154068746 
97.126135127656 31.6246328977027 17.4844006312391 -6.76547690966892 
99.2942830006239 32.8612736253491 17.4850453851483 -6.76555132288298 
101.462605373745 34.0980353009116 17.4856074846178 -6.76559069487822 
103.631130411376 35.3348548777642 17.4860577987659 -6.76565794155381 
105.800097820952 36.5715969316748 17.4863502076706 -6.76574032781536 
107.969534969984 37.8081027216301 17.4864567100305 -6.76579584833059 
110.139490735016 39.0442847402357 17.4863322395291 -6.7658371028758 
112.310204928069 40.2800131503755 17.4859331633219 -6.76587350404142 
114.481804704149 41.5150536217037 17.4852147045865 -6.76588365962852 
116.654356439908 42.7493009542786 17.4841313882251 -6.76584510250533 
118.828084467199 43.9826369901096 17.4826362290219 -6.76571748749294 
121.003192731287 45.2148748456956 17.4806765558581 -6.76548752029273 
123.179769854436 46.4459288626501 17.4782134059207 -6.76516515711898 
125.357987389274 47.6756821119664 17.475199345562 -6.76470547670203 
127.53803394194 48.9040024853735 17.471604332877 -6.76411634372118 
129.720001179252 50.130789807264 17.4674264604761 -6.76338915747532 
131.90394077321 51.3560233774416 17.462694289746 -6.76249083719577 
134.089932302269 52.579773866931 17.457507859842 -6.76146807936577 
136.277966317826 53.802095504024 17.4520516214797 -6.76038843706725 
138.467955920601 55.0231273512678 17.4465912885495 -6.75928704127611 
140.659815388803 56.2430257628644 17.4414664595809 -6.75822031064753 
142.853444233411 57.4620851265585 17.4370463666611 -6.75725249609348 
145.048688231993 58.6806929781057 17.4336832336037 -6.75643483096765 
147.245288571722 59.8991439763172 17.4316683191688 -6.75584916416272 
149.443002374015 61.117784481229 17.4312095226143 -6.75557416136706 
151.641532083643 62.3369931927413 17.4323934542381 -6.75559888029724 
153.84054463166 63.557160689564 17.4351765689478 -6.75594508106446 
156.039660771767 64.778677407075 17.4393981560145 -6.7565981952108 
158.238536871398 66.0018514093532 17.4447797491001 -6.75751800493987 
160.43684897001 67.2269323140243 17.4509421135089 -6.75861270146109 
162.634317065084 68.454122280496 17.45745268615 -6.75980565211727 
164.830732702158 69.6835177254847 17.4638713986575 -6.76100973719893 
167.026002942847 70.9151422075964 17.469832777958 -6.76215007463426 
169.220081016908 72.1488991856723 17.4751009795025 -6.76322404223288 
171.412893864106 73.3846030459948 17.4795826817059 -6.76421336812862 
173.604437534734 74.6221415832713 17.4832966501493 -6.76507149794872 
175.794764654802 75.8614670067675 17.4863324888144 -6.7658368465492 
47.0965971824743 0.92374989698161 17.4838972277326 -6.76510387578195 
49.280020369677 2.14322672395655 17.4815952917675 -6.76447359185259 
51.463151330074 3.36190219019691 17.4794988086489 -6.76394193094815 
53.6457744272628 4.58001199837685 17.4776798310007 -6.76352683818378 
55.8277701376262 5.79782317500928 17.4762298530993 -6.76324788549836 
58.008903468719 7.01557905258699 17.4752005443779 -6.76308998593487 
60.1891541052532 8.23353476698734 17.474628578396 -6.76305692835794 
62.3683808932131 9.45193230185093 17.4744743601915 -6.76314760381697 
64.5464850955485 10.6710717492782 17.4746406978201 -6.76331785044206 
66.723439281278 11.8911766792107 17.4750143355066 -6.76356676851823 
68.8992288018774 13.1124890949731 17.4754835681843 -6.76384169653245 
71.0738699358428 14.3352126516806 17.4759753008855 -6.76412617617392 
73.2473501280511 15.559417195169 17.4764603854616 -6.76438785370811 
75.419861331381 16.7851098058435 17.4769437821639 -6.76462950021328 
77.5913743296164 18.0122870352192 17.4774519054457 -6.76480747731813 
79.7620850509869 19.2408780653203 17.4780137321953 -6.76498656398446 
81.9320411878279 20.4707728515202 17.4786585958368 -6.76510874049541 
84.1013157274544 21.7019104705753 17.4793861845344 -6.76522009423417 
86.2701016954929 22.9341164168391 17.480198499027 -6.76531355383326 
88.438408777142 24.1673425435073 17.4810856810107 -6.76539467447844 
90.6064167000154 25.4014620920068 17.4820240607446 -6.76548539737088 
92.7742099031987 26.6363020620144 17.4829972541008 -6.76556373098577 
94.9418165429542 27.8718335201535 17.4839805511861 -6.76567566895827 
97.1094627718729 29.1078770729676 17.4849464594078 -6.76578485017336 
99.2771473892719 30.3443011559767 17.485869389519 -6.7658862968159 
101.444921337941 31.5810143562316 17.4867226740933 -6.76600493753639 
103.613021955108 32.8178714040663 17.4874754943261 -6.76614845346455 
105.781410641948 34.0547498534927 17.4880954717986 -6.76628546949226 
107.950185628879 35.2915369790936 17.4885556862648 -6.76642763752717 
110.119555780248 36.5281016224025 17.4888181210012 -6.766565336045 
112.289566301132 37.7642930711333 17.4888490011429 -6.76666595959481 
114.460312784316 38.9999775253581 17.488611468836 -6.76675143380899 
116.632035325485 40.2350517471449 17.4880660868264 -6.76679899531708 
118.804841118838 41.4693411339945 17.4871653327704 -6.76677877597643 
120.978826032148 42.7026893609878 17.4858653663657 -6.76671086140082 
123.154228705001 43.934951174727 17.4841166079649 -6.76652991553686 
125.331245845957 45.1659648163062 17.4818618607982 -6.76620502491238 
127.509960201719 46.3956782442325 17.4790485839565 -6.76574479209768 
129.69050239978 47.62401877006 17.4756298604489 -6.76512804688797 
131.87301720984 48.8508881415158 17.4715868328197 -6.76435466440802 
134.057543663643 50.0761861969151 17.4669669127776 -6.76346041851825 
136.244098344321 51.2999935236511 17.4619006802053 -6.76244839998585 
138.432666961155 52.5224502587727 17.4566103071021 -6.76133421219541 
140.623180333828 53.7437426411174 17.4513980766727 -6.76023677280282 
142.815510438192 54.964078982773 17.4466105848877 -6.75919530627053 
145.0095078382 56.1836751334516 17.4425841395217 -6.75828267625309 
147.205050615163 57.4029573326152 17.4396182318319 -6.75749055146592 
149.40190047569 58.6222586441282 17.4379398937045 -6.7569436958528 
151.599787199321 59.8419141607486 17.4376844671197 -6.75667022863143 
153.798413055682 61.0622486793326 17.4388988922703 -6.7566936447426 
155.997420814049 62.2836614055079 17.44152465661 -6.75702216125814 
158.196490271105 63.5065182606019 17.4454012512908 -6.75761562343739 
160.395240513025 64.7310837857588 17.4502721270583 -6.75844696088979 
162.59340133956 65.9576042711808 17.4557936685479 -6.75942027795477 
164.790689202202 67.1862001868419 17.4615713650634 -6.76049469535538 
166.986919211288 68.4169402915141 17.4672080421091 -6.76156675895952 
169.181991097625 69.6498373491035 17.4723932684982 -6.76256229105769 
171.375882961032 70.8847951566888 17.4769306172141 -6.76349309311903 
173.568596063284 72.1215900504701 17.480750527091 -6.7643515006955 
51.4482021240344 0.863394704763532 17.4783746015976 -6.76373597566645 
53.6309772531447 2.08090259236666 17.4762582350541 -6.76323984915657 
55.8131288534056 3.29799147292718 17.4745039502126 -6.76288222970834 
57.9944838987168 4.51489301051454 17.4732089156668 -6.76264905822748 
60.1749245860712 5.73186921565158 17.4724306505886 -6.76256021744582 
62.3543186405646 6.94920011618027 17.4721548127406 -6.76261771406413 
64.5325592246678 8.16719415405026 17.4722943180707 -6.76276658240817 
66.7096591721466 9.38609885191646 17.4727211756147 -6.76303872844329 
68.8855639210446 10.6062221632459 17.4733031681189 -6.76334218454847 
71.0602618571076 11.8277402725617 17.4739405164962 -6.76367996566154 
73.2337850408975 13.0507626816672 17.4745927003223 -6.76398374878377 
75.4063097551972 14.275345198448 17.475249141886 -6.76431028021057 
77.5777634099046 15.5014926057482 17.4759355115144 -6.76455770107711 
79.748411260932 16.7290986806194 17.4766871481045 -6.76479903836855 
81.91820527308 17.9581181606834 17.4775258619335 -6.76497991841835 
84.0873793241599 19.1884079286288 17.4784600630255 -6.76515767147441 
86.2559481256692 20.419908271376 17.4794919193277 -6.76530805354348 
88.4240588225752 21.6525023717495 17.480602883679 -6.76545458979721 
90.5918375169537 22.8860356571673 17.4817731629984 -6.76559172951 
92.7592734814039 24.1204798781455 17.4829813228952 -6.76574493922207 
94.9266503905283 25.3556447204558 17.4842015994163 -6.76590008589509 
97.0939181641584 26.5914119071267 17.4854079269818 -6.76605276215422 
99.2612002081723 27.8276826112261 17.4865727795038 -6.76624059419449 
101.428671511241 29.06432511231 17.4876741954626 -6.76642562421752 
103.596266988117 30.3012526448781 17.4886800095724 -6.76660911821868 
105.764187021415 31.5382920067713 17.489568443149 -6.76680269957263 
107.932541810534 32.7753157796982 17.4903147965182 -6.76700648760549 
110.101338078781 34.0122752158133 17.4908866253405 -6.7672019817209 
112.270729609167 35.248987895448 17.4912609205908 -6.76738589727636 
114.440865714006 36.4852919912061 17.4914062339041 -6.76755925562622 
116.611835750548 37.7210893146184 17.4912913713775 -6.7676802588224 
118.783767504931 38.9562392313228 17.4908780489447 -6.7677611690809 
120.956887052569 40.1906437599549 17.4901254115397 -6.76776948603363 
123.13129942591 41.4240926847995 17.4889841427931 -6.76766918326253 
125.307115828473 42.6564356675939 17.4873890896848 -6.76748502474615 
127.484598966586 43.8875343917249 17.4852790790106 -6.76717937690632 
129.663860187233 45.1172761208896 17.4825734185511 -6.7666796458417 
131.844981796848 46.3456301417362 17.4792150096807 -6.76601680544533 
134.028052268762 47.5725405346051 17.475201278396 -6.76520825816514 
136.213152058176 48.7979563725833 17.4706024046658 -6.76426590312655 
138.400270900321 50.0218718577551 17.4655981203042 -6.76323936240858 
140.589336653012 51.2444984709397 17.4604578271897 -6.76216144144277 
142.780292133482 52.4660669852085 17.455504994541 -6.76107803688348 
144.973008824197 53.6868608622791 17.4510723761642 -6.76004626162492 
147.167307924094 54.9070744716635 17.4474560583952 -6.75918617522881 
149.363047021401 56.1270644403752 17.4448927551726 -6.7584694683186 
151.560015361802 57.3472058388754 17.443541165986 -6.75793856758827 
153.757944684815 58.567864093055 17.4434870277667 -6.75768053975518 
155.956511849507 59.7893375006245 17.4447358571001 -6.75771631401112 
158.155406200285 61.0119621384863 17.4472080824196 -6.75800505402206 
160.354280945153 62.2361014250325 17.4507590460118 -6.7585448199769 
162.552787185739 63.4619780918679 17.4551484251003 -6.75930539321019 
164.750667167294 64.6898265101551 17.4600636908245 -6.76016733380283 
166.947650140552 65.9197218303759 17.4651464625271 -6.76110526783647 
169.143560951594 67.1516953714348 17.4700547900471 -6.76205914507519 
171.338360414092 68.3857266939547 17.4745155277371 -6.76292268579634 
55.7977906022104 0.79803178963159 17.472467022491 -6.76248425810497 
57.9794175747634 2.01410888245622 17.4709055363325 -6.76217604443052 
60.1601093868995 3.23014838989297 17.4699310285929 -6.76204293556873 
62.3397708405777 4.44644496286349 17.4695446397857 -6.76204833955869 
64.5182613073424 5.66331742623605 17.4696807895903 -6.76218293765552 
66.6956008976708 6.88107736615149 17.470193488724 -6.76246802018071 
68.8716853825583 8.10000238129293 17.470926917358 -6.76280817086152 
71.0465380712646 9.32034222498713 17.4717614932508 -6.76319656899855 
73.2202165645249 10.542208674258 17.4726214907914 -6.76356526203851 
75.3928206963787 11.7657203457603 17.473491194317 -6.76397499377325 
77.5643338712426 12.9908133731044 17.4743890429112 -6.76427259000021 
79.7349602916539 14.2174714588149 17.4753521507968 -6.76459873325174 
81.904756585269 15.4456067285604 17.476404363451 -6.76484974723516 
84.0738523044227 16.6751178239018 17.4775573493011 -6.76509545907055 
86.2423265843637 17.9059266365054 17.478813028964 -6.76530240539111 
88.4103399212109 19.137860415215 17.48014672477 -6.76551249552202 
90.5778903707951 20.3709281733691 17.4815430821191 -6.76572084879303 
92.7452275489415 21.6049311114473 17.4829770454463 -6.76591992522069 
94.9123418368492 22.8397530479161 17.4844185857875 -6.76611970391062 
97.0793576756433 24.0752884902182 17.4858423128922 -6.76634242495134 
99.2464307976831 25.3113831062779 17.4872234578794 -6.76657311839811 
101.413510401113 26.548020754127 17.4885369292039 -6.76679939387512 
103.580805903538 27.7850020728245 17.4897572043538 -6.76703632143565 
105.748387805831 29.0221784501557 17.4908670686602 -6.76728359288066 
107.916281904071 30.2595170103502 17.4918419310507 -6.76753738958052 
110.084691373609 31.496830771724 17.4926590816996 -6.76777920845739 
112.253634251552 32.7339936835852 17.4933019403781 -6.76802321642536 
114.423176756555 33.9709562877632 17.493746797497 -6.7682432851621 
116.593537946146 35.2075044926559 17.4939670683994 -6.76843434730856 
118.764818246415 36.4435078963043 17.493937064344 -6.76859871281761 
120.937110415754 37.6788478392326 17.4936207820344 -6.76869008753693 
123.110596587006 38.9133746661087 17.4929720934183 -6.76868967061966 
125.285488862423 40.1469660182056 17.4919333048255 -6.76858370518797 
127.461881482873 41.3794284308918 17.4904295252942 -6.76835273035421 
129.639877633828 42.6106365567524 17.4883634863344 -6.76798614579537 
131.819687387038 43.8404772192149 17.4856526602313 -6.76746868517498 
134.001416927848 45.0688538940776 17.4822445013525 -6.76676747905328 
136.185078987878 46.2957590180769 17.4781606324925 -6.76589340246464 
138.370720335118 47.5212474774825 17.4735258371734 -6.76492241599543 
140.558348187314 48.7453504789135 17.4685720258282 -6.76388640875537 
142.747885398982 49.9681876683539 17.4635963631571 -6.76282768718116 
144.939200594493 51.1900596573849 17.4589312932325 -6.76178309499119 
147.132211972723 52.4112887675246 17.4548798265544 -6.76080381813818 
149.326725965572 53.6321485746905 17.4516847025011 -6.75997575299787 
151.522553284261 54.8528793379217 17.4495232042685 -6.75931617900862 
153.719507458461 56.0738678061863 17.4484996801409 -6.75885656039102 
155.917345276568 57.2954915679195 17.44864266905 -6.75860004521185 
158.115749407025 58.5180667326934 17.4499259721512 -6.75862936578308 
160.314381658499 59.7418945238957 17.4522672105168 -6.75890561611118 
162.512935556073 60.9672218940821 17.4555169848402 -6.75940786716145 
164.711080704205 62.1943171580425 17.4594567067683 -6.76007750235869 
166.908548470262 63.4233750165148 17.4638032444726 -6.76084228714336 
169.105111629565 64.6544645731209 17.468239877251 -6.7616686737697 
60.144500475574 0.728349888329941 17.4670713137902 -6.76148047688685 
62.3245219811033 1.94365819215896 17.4665962048795 -6.76143150658922 
64.5033637774299 3.15945265758918 17.4667497088494 -6.76157062460489 
66.681030182893 4.37608133063938 17.4673844399679 -6.76186320475833 
68.8573966793123 5.5938533839197 17.4683188843157 -6.76223090934986 
71.0325365536095 6.81302764003719 17.4693985507506 -6.76267511918088 
73.2064553516457 8.03378595628903 17.4705233412564 -6.76314085264166 
75.379236278183 9.25621224632896 17.4716520685122 -6.76361135722784 
77.5508878900157 10.4803008374453 17.4728075477188 -6.76397988303261 
79.7216444839872 11.7060191520485 17.4740142333366 -6.76440003748544 
81.8914863358319 12.9332957473337 17.4753063291555 -6.76471427996191 
84.0606071612526 14.162059995784 17.4766973563968 -6.76503947522759 
86.2291055844681 15.3921365699642 17.4781837943927 -6.76530685391867 
88.3970182115205 16.6235372906689 17.4797486444066 -6.76558593174436 
90.5645765185773 17.8560768258515 17.4813717012005 -6.76584551662881 
92.7317793029932 19.0896715484052 17.483024077178 -6.76608363169468 
94.8987761700371 20.3241891959441 17.4846749544152 -6.7663627240255 
97.0656839886045 21.5594843563309 17.4863008726145 -6.7666266146372 
99.232496799123 22.7955239297506 17.4878759550391 -6.76689080837797 
101.399421233677 24.0320948156981 17.4893739617981 -6.76717068814323 
103.566484581619 25.2691117681689 17.4907771948709 -6.7674496119068 
105.733742698514 26.506517167852 17.492067392289 -6.76774939281095 
107.901400366361 27.7441147978663 17.4932222990821 -6.76803557390426 
110.069441516489 28.9817884656885 17.494231998158 -6.76832324632283 
112.237958335575 30.2194575442906 17.4950812416877 -6.76861659018992 
114.407134849516 31.4569833419615 17.4957508713427 -6.76886393400288 
116.5770034615 32.6942157371894 17.4962274718969 -6.76911344252548 
118.747662484662 33.9310770851881 17.4964886515848 -6.76932470255608 
120.919331220999 35.1673828183359 17.4965073904764 -6.7694620374776 
123.092086742399 36.4029643004273 17.4962448702727 -6.76954479126096 
125.266057887341 37.6376971581653 17.4956513804207 -6.76954126586464 
127.441440404846 38.8714028081752 17.4946501969688 -6.76939982785892 
129.618414142204 40.1039934965654 17.4931374805072 -6.76909813169644 
131.797059361159 41.3352888783364 17.4910144488822 -6.76867045314334 
133.977441572219 42.5651918847197 17.488185218624 -6.76807086788161 
136.159727542836 43.7936075558417 17.484630656447 -6.76732115160743 
138.343983087396 45.0205244598386 17.4804245297824 -6.76643814245351 
140.53016709938 46.2460335467752 17.4757438951663 -6.76542714007207 
142.718243055563 47.4702977381573 17.4708594158552 -6.76437595425287 
144.908161304595 48.6934082935039 17.4660905320656 -6.76334906403043 
147.099798230627 49.9156225734797 17.461747803907 -6.7623762115148 
149.29299338337 51.1372862364507 17.4580973797132 -6.7614514736835 
151.487596522014 52.3587417647697 17.4553310634753 -6.76066641877109 
153.683418329223 53.5802392683905 17.4535729211931 -6.76007253666352 
155.880251672247 54.8020694348657 17.4528626350494 -6.75965463953392 
158.077870972049 56.0246503192465 17.4532001706682 -6.75945234386595 
160.275966084416 57.2482652689581 17.4545291708369 -6.75948442446984 
162.474239628249 58.4732128662369 17.4567503211976 -6.75972892538544 
164.672331087395 59.699667328802 17.4597270150546 -6.7601905377893 
166.869981206093 60.9278849961817 17.4632533510009 -6.76079957085625 
64.487643011014 0.6555867580779 17.4634532047136 -6.76090849028499 
66.6657204297601 1.87112133905808 17.4642449552513 -6.76121407760876 
68.8425146765546 3.08777955659495 17.4654342913457 -6.76161683634847 
71.0180365778009 4.30582704569158 17.4668188454533 -6.76212633756468 
73.1923050867296 5.5254763107087 17.4682673003825 -6.76267665229447 
75.3653616188495 6.74684079561005 17.4697199699142 -6.76321176582088 
77.5372867816115 7.96994742348212 17.4711784893262 -6.7636985995787 
79.7082645267631 9.19475417187235 17.4726733966887 -6.76418553663439 
81.8782441856483 10.42121784131 17.4742365358092 -6.76457766241311 
84.0475291085836 11.6491731637084 17.475888049741 -6.76497443038552 
86.2160526264231 12.8786422766867 17.4776237406667 -6.76532513121032 
88.3840862618659 14.1094577962502 17.4794267291261 -6.76567023857205 
90.5516341190354 15.3415305923251 17.4812810961665 -6.76595218977987 
92.7188235596732 16.5747360344872 17.4831452927179 -6.76629019873305 
94.8858273638945 17.8089482375758 17.4850007966493 -6.76659792363612 
97.0526085594403 19.0441101884712 17.4868163184465 -6.76690925582759 
99.2193916910055 20.280002614987 17.4885651015763 -6.76721836268374 
101.386190719144 21.5165683346731 17.4902298074047 -6.7675340248629 
103.553084639026 22.7537226288195 17.4917863183872 -6.76786846864383 
105.720237970174 23.9913006368031 17.4932230657602 -6.7681921131368 
107.887649221117 25.2291747555484 17.4945235573025 -6.76851828563676 
110.055424217016 26.4672354102583 17.4956807103609 -6.7688464858332 
112.223715893292 27.7053876753982 17.4966814089819 -6.76914773485389 
114.39252007808 28.9434662365944 17.4975170832061 -6.7694387321302 
116.561976559854 30.1813794800088 17.4981795715946 -6.76973280149045 
118.73222168599 31.4189996125979 17.4986541289863 -6.76996026333403 
120.903332989596 32.6561659374849 17.4989199967477 -6.77014773028242 
123.075423582755 33.8927746181368 17.4989507219213 -6.77027856476538 
125.248689503184 35.1286359073815 17.4986987932198 -6.77031151665287 
127.423236849723 36.3635779252268 17.4980941718783 -6.77024867365619 
129.599181511725 37.5974308374414 17.4970408148046 -6.77006032193861 
131.776721731291 38.8300762816336 17.4954243416102 -6.76971449354096 
133.955987025964 40.0614193549804 17.4931304314082 -6.76918228270322 
136.137025460299 41.2913419137006 17.4900980515923 -6.76851382669443 
138.319885415338 42.5197714568954 17.4863480938449 -6.76770916905163 
140.504641333306 43.7466946931727 17.4820083067791 -6.76679504339571 
142.691327929476 44.9722659980474 17.477309326219 -6.76579446762087 
144.879842204346 46.1966282061066 17.4725489157502 -6.76477027190993 
147.070055589766 47.4200145086774 17.4680312553235 -6.76375161395066 
149.26189366912 48.6425938511807 17.4640450248714 -6.76283819525013 
151.45519627264 49.8647089768072 17.4608122167665 -6.76200819064825 
153.649801076995 51.0867187446384 17.458476851716 -6.76128457682193 
155.845494113133 52.3089630807704 17.4571070505826 -6.76072475008179 
158.042091295897 53.531665681644 17.456706170458 -6.76038605754067 
160.239369184193 54.7551412068263 17.4572280870082 -6.7602251669752 
162.437045220464 55.9797273692412 17.4586013677816 -6.76025617457888 
164.634820133939 57.2057036310849 17.4607241785285 -6.76049011851883 
68.8268044388312 0.581769102644756 17.4622140111281 -6.76096131659925 
71.0028138105565 1.79873093187704 17.4639700855805 -6.76155078035105 
73.1775511610058 3.0172967404144 17.4658116851832 -6.76217664393271 
75.3510104806898 4.23763950939325 17.4676546873445 -6.76279438582017 
77.5233591729278 5.4597732739245 17.4694798164804 -6.7633951394756 
79.6945930227022 6.68370143458259 17.4713115611594 -6.7639621849406 
81.8649000453899 7.90930585312389 17.4731913176498 -6.76444827922234 
84.0343840232324 9.13657323130896 17.4751310572919 -6.76491983532514 
86.2031207838252 10.3654141931494 17.4771378870086 -6.76534293964811 
88.3713089552093 11.5956613489694 17.4791964045176 -6.76573257979331 
90.5389397795589 12.8272899725237 17.4812825091965 -6.76611086203004 
92.7062848465319 14.0601286726352 17.4833647397143 -6.76649217947051 
94.8732655053334 15.2941269938059 17.4854179707276 -6.76684695770526 
97.0401283915667 16.5290756504292 17.4874111748562 -6.76719880139578 
99.2068947110149 17.76488944012 17.489324142515 -6.7675502222342 
101.373648380927 19.0014963870561 17.4911299440707 -6.76792422267518 
103.540544957934 20.2387457438961 17.4928188754094 -6.76827185567074 
105.707573458015 21.4765243627802 17.4943757088304 -6.76862515270857 
107.874873594613 22.7147060964249 17.4957879559502 -6.76897436826205 
110.042517555221 23.9531826274153 17.4970535860379 -6.76932527065914 
112.210595693498 25.1917996019641 17.4981636736135 -6.76966643680661 
114.379191938401 26.4304441738093 17.4991155336054 -6.76998192871323 
116.548379381952 27.6690217735077 17.4999055779621 -6.77027216026317 
118.71824961206 28.9073708465802 17.5005259310406 -6.77052592379744 
120.888910931415 30.1453574765997 17.5009647817767 -6.77075305739361 
123.06051270438 31.3828792861925 17.501202562666 -6.77091218574488 
125.233139885687 32.6197465355821 17.5012040230415 -6.77098276481346 
127.406922459 33.8558378144265 17.5009046138798 -6.77096193333579 
129.582062757047 35.0909617335767 17.5002158783163 -6.77082907478911 
131.758644711882 36.3249390800984 17.4990210227786 -6.77056683732961 
133.936771229616 37.5576270129999 17.497197821587 -6.77013425561254 
136.116612473886 38.7889359127237 17.4946597694167 -6.76955789055861 
138.29826880045 40.0188205247993 17.491375398129 -6.76880841228837 
140.481741933761 41.2472398807206 17.4874246520071 -6.76793441963084 
142.666991725536 42.4741593881576 17.4829891826929 -6.76702515994564 
144.854068795055 43.6997686104437 17.4783288396123 -6.7660388050474 
147.042923426687 44.9242492912202 17.4737458380387 -6.76503794117594 
149.23341035183 46.1478450747376 17.4695292514227 -6.76407850035038 
151.425363134348 47.370787009062 17.4659273515072 -6.76320558474354 
153.618651748607 48.5933659080152 17.4631190219126 -6.76245879307393 
155.813142567725 49.8159658665122 17.4612054339776 -6.7618266257651 
158.008623638302 51.0388876076517 17.4602114136336 -6.76133544867753 
160.20488558313 52.2624073015498 17.4600951250852 -6.76102695395676 
162.401707087549 53.4867580274329 17.4607930281028 -6.76091618576534 
73.1619892780621 0.509277045175051 17.4631101551682 -6.76162706470984 
75.3360085654007 1.72859812255016 17.4654180279306 -6.76236309834655 
77.5088262807749 2.94979693460787 17.4676809197762 -6.76305469528213 
79.6805060087984 4.17282343618486 17.4699149980202 -6.76371736451069 
81.8512205466597 5.39763924527796 17.4721548638158 -6.76430799834144 
84.0210358356918 6.62424880641946 17.4744255810336 -6.76486888302385 
86.1900945150107 7.85241925905575 17.4767287845242 -6.76536031213719 
88.358490667794 9.08218967450788 17.4790588786126 -6.76580772512125 
90.526418923945 10.3133675874876 17.4813881503922 -6.76627151513437 
92.6938925556508 11.545921148735 17.4836880324337 -6.76669463993765 
94.8610704260883 12.7796493227294 17.4859359738852 -6.76709545954006 
97.028038820307 14.0144284268487 17.4881006559049 -6.76749356119153 
99.1948781894227 15.2502360815707 17.4901592600453 -6.76788760617631 
101.361740082899 16.4868677211528 17.4920929395352 -6.76828283233714 
103.528631972022 17.7242420293555 17.493893798485 -6.76866488464705 
105.695683987863 18.962239018348 17.4955430247155 -6.76904635969703 
107.862945191682 20.200723644595 17.4970381816334 -6.76941958240152 
110.030533742973 21.4395570230121 17.4983831171478 -6.76978229857181 
112.198501504844 22.6786301645695 17.4995640737575 -6.77011752230577 
114.366927574598 23.9178469628513 17.5005910797 -6.77045754741937 
116.535934401599 25.1570582619786 17.5014642525916 -6.77076123295627 
118.705571575464 26.3961203781187 17.5021749918786 -6.77102379162877 
120.875919006895 27.6349375843744 17.5027266435271 -6.77125709290437 
123.047084124735 28.8733248613354 17.5031045034986 -6.77143115049032 
125.219190573123 30.1111523563159 17.5032782780017 -6.77154022590184 
127.392384821106 31.3482894866096 17.5032001284298 -6.77156624151286 
129.566769295816 32.5845236411972 17.5027897457388 -6.77148749923837 
131.742475184318 33.8197578211688 17.5019365989553 -6.77126124944888 
133.919671190735 35.0537954182217 17.5005149823568 -6.77090484960889 
136.098450428062 36.2864955922778 17.4984189895768 -6.77040816233833 
138.278875297586 37.5177220749554 17.4955890818464 -6.76975581200332 
140.461072416465 38.7475100797964 17.4920528786925 -6.76896553967345 
142.64509492901 39.9758473494875 17.4879417042193 -6.76807034107099 
144.830848787002 41.2027659341692 17.4834686861073 -6.76711315430934 
147.018274422852 42.4283783670591 17.4789155010364 -6.76616959202986 
149.20734728968 43.6529664300409 17.4745690338079 -6.76522755260071 
151.39800163476 44.8767624451351 17.4706904516786 -6.76432232801446 
153.590017493673 46.1000678389291 17.467490944674 -6.76350625270593 
155.783223029008 47.3231119385769 17.4651095814488 -6.762839963654 
157.97747773414 48.5462638018512 17.4636018414806 -6.76229053941568 
160.172639861915 49.7698449698667 17.4629570687429 -6.76186929644114 
77.4935290257851 0.440028111657463 17.4657377353231 -6.76269166485796 
79.665820792247 1.66219339482668 17.4684460825794 -6.76345658677724 
81.8370294019867 2.88627303972491 17.4711074127295 -6.76416004569588 
84.0073150601073 4.11212756907277 17.473750339933 -6.76480339230057 
86.1767577883499 5.33975235694775 17.4763874927124 -6.76537249003226 
88.345575485953 6.56902020770329 17.4790087387177 -6.76592028643587 
90.5138021665869 7.79984614545208 17.4815945173562 -6.76642355301473 
92.6815804906697 9.03206066899799 17.4841185369251 -6.76689863733842 
94.8490250510628 10.2655380771707 17.4865599796099 -6.76734907874812 
97.0161984851584 11.500261430947 17.488885860251 -6.7677927043061 
99.1832577014084 12.7360128610225 17.4910765397298 -6.76822870748081 
101.350237306298 13.9727072117363 17.4931272121584 -6.7686438782264 
103.517267391307 15.2102241188328 17.4950148427906 -6.76904860822059 
105.684396130693 16.4484553863482 17.4967329284206 -6.76945179372457 
107.851748272887 17.6872245015849 17.4982926782675 -6.76984315534602 
110.019350667132 18.9264416810318 17.4996817746412 -6.7702061797926 
112.187280302935 20.165980273948 17.5009026032556 -6.77054994446791 
114.355655658652 21.405681608507 17.5019744939869 -6.77089363272204 
116.524506371635 22.6454940759329 17.5028840259627 -6.77119132573248 
118.693943989423 23.8852481901247 17.5036462913492 -6.77147666956051 
120.864066618702 25.1248030383627 17.5042639846563 -6.77171343869573 
123.034929006401 26.3640426470664 17.5047225921818 -6.77187801283332 
125.206646364585 27.6028274814225 17.5050082144316 -6.7720014297688 
127.379335161838 28.8409485377106 17.5050852266385 -6.77205531632125 
129.553102696848 30.0782473235067 17.5048740754571 -6.77201549387868 
131.728083402737 31.3146098900811 17.5042839287524 -6.77184247472199 
133.904411343839 32.5498547875337 17.5031956343306 -6.77156038089673 
136.082195411218 33.7838606880339 17.5014904819931 -6.77111409454193 
138.261581133317 35.0165079002355 17.4990815047829 -6.77051662485615 
140.442624778951 36.2476421796976 17.495965422828 -6.76983103542941 
142.625349518728 37.4772683888996 17.4922142756957 -6.76899761844377 
144.809812993215 38.7054511089348 17.4880032519608 -6.76808433510911 
146.995979731391 39.9323171398093 17.4835711858592 -6.7671424463528 
149.183749916936 41.1579623329539 17.4791886725006 -6.76621723010761 
151.373002068632 42.3826199739306 17.4751273749647 -6.76532872995553 
153.563676542923 43.606630395794 17.4716160800981 -6.76449462710742 
155.75566923575 44.8302521812752 17.4688298093657 -6.76376210885781 
157.948728364206 46.053766899898 17.4668606204575 -6.76315991548058 
81.8221649357746 0.375148400497162 17.47001382323 -6.7639750421794 
83.9930157859133 1.60034112216838 17.4730865926121 -6.76471441599367 
86.1630291240121 2.82740366543915 17.4760947832559 -6.76539075920386 
88.3323335893241 4.0562050283604 17.4790375788143 -6.76601393295598 
90.5009709616756 5.28666356354405 17.4818935728987 -6.76657864531818 
92.6691658597521 6.51857017748295 17.4846519747571 -6.76710937680611 
94.8369463282895 7.75191696366941 17.4872812361299 -6.7676189329522 
97.0044933741236 8.98649900377665 17.4897586117955 -6.76809567084663 
99.1718091314243 10.2222339447328 17.4920792375189 -6.76856312348711 
101.33904478377 11.459011676567 17.4942229932486 -6.76900431594091 
103.506269567124 12.6967108071849 17.4961751834566 -6.7694278953387 
105.673595363687 13.9351340558996 17.4979511337232 -6.76985107541637 
107.841066270478 15.1742156224533 17.4995462027881 -6.77023305912019 
110.008766591271 16.4138129199571 17.500950861735 -6.77060796404695 
112.176774034776 17.6537755880372 17.5021956345149 -6.77095903297371 
114.34513328488 18.8940596253953 17.5032752547447 -6.77130071738132 
116.513963679085 20.1344418655695 17.5041929747104 -6.77159356681746 
118.683317491003 21.3747886494005 17.5049775658854 -6.77187419758856 
120.853224173123 22.6150489303538 17.5056143388244 -6.77210147224922 
123.023838528145 23.8550546131604 17.5061136599655 -6.77228361820297 
125.195258215083 25.0946741474959 17.5064692205759 -6.77241750276092 
127.367534071102 26.3337368993868 17.5066350528694 -6.77246274483277 
129.540818853118 27.5720974420165 17.5065662117646 -6.77242336638485 
131.715190781086 28.8095129698667 17.5061765263148 -6.77231921555428 
133.890775648264 30.0458993036988 17.505348033619 -6.77208589505388 
136.067709375894 31.2811073510565 17.5039725850251 -6.77170073220206 
138.246104076393 32.515022569918 17.5019495778584 -6.7711930629551 
140.426060785226 33.7474961468723 17.4992378860714 -6.77054591774772 
142.607644037924 34.9784681890782 17.4958669723873 -6.76976911141805 
144.790917188455 36.2079143619871 17.4919647115004 -6.76894174558845 
146.975795827746 37.4359248307676 17.4877312300512 -6.76803038590621 
149.162274076214 38.662650354894 17.4834066414449 -6.76710205398954 
151.350265186363 39.8883230856999 17.4792550630828 -6.76619938217174 
153.539679174392 41.1130929142925 17.4755179395156 -6.76538659680498 
155.730361390415 42.3372995332872 17.4723916907874 -6.76463124965349 
86.1487237329856 0.315408599330776 17.4758198649192 -6.76539720585701 
88.3185883310633 1.54377769949564 17.4791141992776 -6.76609514179267 
90.4877976128533 2.77384158266694 17.4822678723425 -6.76673733151563 
92.6564769139065 4.00553735622917 17.4852641991752 -6.7673406209938 
94.8247743825869 5.2386996843217 17.4880844799354 -6.76788041416436 
96.9926987946301 6.47318157227691 17.4907132830543 -6.7683977161118 
99.1604093257928 7.70893225728422 17.4931486469921 -6.76889624242514 
101.327984040735 8.94580875812742 17.4953640325026 -6.76934798946171 
103.495524017544 10.1836327936229 17.4973735629024 -6.76980813461357 
105.663100217902 11.4223229721041 17.4991863334428 -6.77021935914159 
107.830787233966 12.6617032270563 17.5007818508457 -6.77060859996272 
109.998669724493 13.9016289632326 17.5021952655393 -6.77098200960196 
112.166770007709 15.1420502001333 17.5034338850315 -6.7713463402788 
114.33525636144 16.3827819867473 17.5044939305333 -6.77166858574831 
116.504084753418 17.6237029755704 17.5054094404896 -6.77194231547691 
118.673374727024 18.8647313115286 17.5061795546245 -6.77222036259762 
120.843261341041 20.1056623143728 17.506811539918 -6.77242307543179 
123.013728540632 21.3463729663992 17.5073244033885 -6.77261343919338 
125.184853823067 22.5867864223496 17.5076982131948 -6.77275474766813 
127.356804406787 23.8267122955531 17.5079212427662 -6.77282300896218 
129.529676568155 25.0659805167524 17.507944822599 -6.77281223213784 
131.703543763399 26.3044333677121 17.5076920543307 -6.77270261687969 
133.878527596556 27.5419166230824 17.507071026924 -6.77249645339011 
136.054719830919 28.7782659980931 17.5059684049442 -6.77219234657897 
138.232238952013 30.0133606289416 17.5042813300246 -6.77174568647221 
140.411245295716 31.2470786528644 17.5019458719279 -6.77115926131693 
142.591764842014 32.4793339662363 17.4989583163445 -6.77044972648608 
144.77385344542 33.7100411448204 17.495398768044 -6.7696648662327 
146.957560462602 34.9392513057859 17.491417681257 -6.76879511038166 
149.142858352856 36.1670904666066 17.4872330622647 -6.76788933033747 
151.329619775394 37.3936972647026 17.4830817990338 -6.76701913503845 
153.517760074642 38.6193131465767 17.4792064506967 -6.76616466626013 
90.4740986645897 0.26147196669559 17.482680594583 -6.76687980163818 
92.6434397327503 1.49292508567048 17.485930385704 -6.76754018944442 
94.8122686520446 2.72588637766073 17.4889472624577 -6.7681406080363 
96.9807001507105 3.9603510270196 17.4917258034103 -6.76870222630681 
99.1489161783553 5.1961084171477 17.4942565452187 -6.76922178857535 
101.316923556109 6.43306765510503 17.4965391530344 -6.76968848288711 
103.484854437399 7.67106059157209 17.4985926553848 -6.77016402580287 
105.652767957073 8.90997498921306 17.5004070805047 -6.77057775734485 
107.820752819827 10.1496283960881 17.5020011286062 -6.7709724200727 
109.988850377351 11.3899551605642 17.5034023217376 -6.77135017915463 
112.157220796997 12.6307635498536 17.5046097028815 -6.77168319199079 
114.325823229771 13.8719410692861 17.5056433949797 -6.77198025212686 
116.494752527654 15.1133782464823 17.5065305148119 -6.77226698323154 
118.664131416745 16.3549449671797 17.5072657306848 -6.77251396537392 
120.833916862296 17.5964937218651 17.5078800302309 -6.77270903245423 
123.004292240308 18.8379572281023 17.5083774541875 -6.77290195845874 
125.175335642929 20.0791310797329 17.5087496725209 -6.77301079279414 
127.34704723572 21.3198598692939 17.508993792735 -6.77308180181477 
129.519527557701 22.5599919956457 17.5090671947641 -6.77311421576067 
131.692951970471 23.7993708147507 17.5089145016268 -6.77304727940762 
133.867428683866 25.0378439251058 17.5084480493078 -6.77286089927006 
136.043002492753 26.2752882709751 17.5075633949508 -6.77257109255399 
138.219796154351 27.5115218587688 17.506164759087 -6.77219043377349 
140.397911226149 28.7464212535132 17.5041711466637 -6.77168416161471 
142.577459425721 29.9798608253656 17.5015495724857 -6.77104525879989 
144.758534010825 31.2118147805974 17.4983452836434 -6.77028671566325 
146.941132469438 32.4422306956315 17.4946608506628 -6.7694692760417 
149.125210146832 33.67116203875 17.4906762958529 -6.76861057629047 
151.310816380376 34.8987710889683 17.4866077479159 -6.76773465049666 
94.7992927788009 0.213593766015991 17.4898312895612 -6.76838908738364 
96.9684004580377 1.44798113990299 17.4927514641132 -6.76897788970504 
99.137178270999 2.68375954975283 17.4953811360355 -6.76953089479846 
101.305714112857 3.92081654843761 17.497722518219 -6.77002499361847 
103.474125782201 5.15899108362475 17.4997947007595 -6.77049757602544 
105.642480639133 6.39809479316705 17.5016059895466 -6.77091020586798 
107.810808623824 7.63807308899352 17.5031840619086 -6.771314147735 
109.979284887765 8.87871339782662 17.5045539386716 -6.77167482777703 
112.147871603471 10.1199036658693 17.5057149464192 -6.7719883993066 
114.316701085817 11.3615296905581 17.5067145648393 -6.77228760780534 
116.485831805335 12.6034576683062 17.5075516069809 -6.77255644466876 
118.655274525728 13.8455734267051 17.5082469952001 -6.77278578937161 
120.825158176706 15.0876983214207 17.5088297367138 -6.77298453585292 
122.995510773473 16.3297716499677 17.5092896021379 -6.7731463063272 
125.166390933398 17.5716116031328 17.5096514232204 -6.77326111388244 
127.337948509201 18.8131347559364 17.5098948447186 -6.77333067819189 
129.510259074018 20.0541095253054 17.5099913635617 -6.7733324562353 
131.683343374855 21.2943509059256 17.5099007319496 -6.77328052937145 
133.857293595768 22.5337555384781 17.5095428318667 -6.77315868204197 
136.032322863271 23.7721889169085 17.5088364252429 -6.77293386688005 
138.208527657657 25.0094873254854 17.5076786679709 -6.77257382864548 
140.385904018709 26.2455288022904 17.5059832706684 -6.77209773487801 
142.564591188256 27.4801162500681 17.5037078708776 -6.77154310463347 
144.744666188072 28.7132145462777 17.50085135837 -6.77086467820819 
146.926227781132 29.9447949543172 17.4974886262314 -6.7700655999702 
149.109279672885 31.1748811429274 17.4937532664749 -6.76923884735086 
99.1250480625268 0.17191314550905 17.4964793340535 -6.76982119936026 
101.294202940415 1.40907345272921 17.4988680659564 -6.77033188865533 
103.463197541364 2.64738197629009 17.5009531149777 -6.77081361907333 
105.632046224444 3.88674233189678 17.5027551513225 -6.77122579590756 
107.800875192509 5.12696663668565 17.5043024306325 -6.77161746316662 
109.969719015595 6.36790792230584 17.5056268322674 -6.77196467723124 
112.138657359207 7.60948930934464 17.5067406187887 -6.77227396626944 
114.307791852097 8.85152872799394 17.5076911043749 -6.77256243240944 
116.477123559023 10.0939402976518 17.5084725120261 -6.77280840660768 
118.64678165613 11.3365118234184 17.5091266008611 -6.77301696335081 
120.816738355247 12.5792250621757 17.5096610085469 -6.77320895640008 
122.987132831248 13.8218983460897 17.5100865816342 -6.773365815304 
125.158038967548 15.0643800453887 17.5104194313311 -6.77346580064803 
127.329479359667 16.3065486716447 17.5106432232409 -6.77354140207254 
129.501541187808 17.5482427916289 17.5107551753275 -6.77355669576332 
131.674390512782 18.7893483187274 17.5106996445621 -6.77349932588796 
133.8480671752 20.0296601771673 17.5104230321179 -6.77337177989503 
136.022630502189 21.2689981089932 17.5098513361576 -6.77319739811218 
138.198185287478 22.5072810452721 17.5088883107958 -6.77289977455005 
140.374922643717 23.7443530717581 17.5074560596103 -6.77249472783784 
142.552922969554 24.9800640578882 17.5054899201308 -6.77196153005009 
144.732161816987 26.2142860277014 17.5029683381281 -6.77133088474157 
146.912751389546 27.4469755658708 17.4999313075197 -6.77062256177438 
103.451909475258 0.136304112191751 17.5020326301471 -6.77109552892489 
105.621373108206 1.3758545215403 17.503813532131 -6.7715198468223 
107.790734204644 2.61631914041543 17.5053309244122 -6.77189528844824 
109.96005375716 3.85757093446153 17.5066053470509 -6.7722300733997 
112.12943486455 5.09947963990604 17.5076699714627 -6.77252303131588 
114.298881063136 6.34192824316229 17.5085669936371 -6.77279969471305 
116.468548209907 7.5847411193369 17.5092925306198 -6.77302425205956 
118.638413863593 8.82781657683819 17.5099068974494 -6.77321731455962 
120.808605567692 10.0710202450786 17.5103891164115 -6.77339383405277 
122.979134557522 11.3142031736964 17.5107801319668 -6.7735243089469 
125.150016385997 12.5573229722832 17.5110776190667 -6.77363853699568 
127.321435626576 13.8001445031632 17.5112789886978 -6.77371763789905 
129.493415081183 15.0425361553448 17.5113821284579 -6.77371713722672 
131.666036698249 16.2843300879094 17.5113437927268 -6.77370109402614 
133.839376947534 17.5254324495199 17.5111328197923 -6.77359657618096 
136.013619534456 18.7657017015406 17.5106587016211 -6.7734128548001 
138.188766499403 20.0049495977999 17.5098563028666 -6.77314281998026 
140.364923908036 21.2429581667194 17.5086484172095 -6.77281638417187 
142.542187871833 22.4796897340677 17.5069524138968 -6.77234658357171 
144.720709725997 23.7149810408935 17.5047463798656 -6.77175423963077 
107.780227111384 0.106137836341471 17.5062277287915 -6.7721362056483 
109.950159566562 1.34766236790567 17.5074596551751 -6.77246260411007 
112.120001700604 2.58991061238085 17.5084741758631 -6.77275615628877 
114.289910194923 3.83270072248591 17.5093183906077 -6.77300432747144 
116.459900059324 5.07592671529483 17.5099985941038 -6.77320551802525 
118.630096027673 6.31941573326757 17.5105643090204 -6.77339225252775 
120.800526668052 7.56310884440087 17.5110037161333 -6.77355647527897 
122.971241791971 8.80679571217095 17.5113616844175 -6.77368613342049 
125.142306534439 10.0504021455005 17.5116237226913 -6.77377032567211 
127.313734514716 11.2938051526301 17.5118129341791 -6.77383336310404 
129.485617698792 12.5368769115909 17.5119024979819 -6.77385651697108 
131.658124586228 13.779395125344 17.5118738898072 -6.77384061058135 
133.831283965338 15.0212233836747 17.5116966566531 -6.77376115002918 
136.005188268109 16.2622656113949 17.5113043883275 -6.77361757640954 
138.179922512222 17.5023804070459 17.5106378743997 -6.77338147509586 
140.355624270055 18.7413674112971 17.5096050265481 -6.7730664140727 
142.532357037039 19.9790597824681 17.5081537884588 -6.77265436352047 
112.110284013797 0.0807169252972191 17.5091313325048 -6.77294779600721 
114.28066056597 1.3238376694074 17.5099356662536 -6.77315968011612 
116.451107126059 2.56742133370428 17.5105751967637 -6.7733697471723 
118.621648104003 3.81137106583926 17.5111049733861 -6.77354642426575 
120.792394069099 5.05548295114522 17.5115079029976 -6.77369280542183 
122.963377646484 6.29961519502636 17.5118377662935 -6.77379493668356 
125.134571859994 7.54374855707428 17.5120752584339 -6.77390545255634 
127.3061655519 8.78766674887473 17.51224242804 -6.77395936820874 
129.478130781337 10.0312493774284 17.5123175759405 -6.77396838638992 
131.650533389553 11.2744183573102 17.5123062730796 -6.77395151532179 
133.823525224736 12.5169813500129 17.5121519369175 -6.77388918211218 
135.997192680458 13.7587757181621 17.5118189124795 -6.77377456497586 
138.171643322518 14.9996615521465 17.5112573258511 -6.77358494040812 
140.3469510745 16.2395364705402 17.5103776404593 -6.77329913004575 
116.442026737675 0.0592582607220884 17.5109965459998 -6.77350119355024 
118.612983230081 1.30356278849166 17.5115066089324 -6.77365673833369 
120.784064717252 2.54803295393251 17.5118882809469 -6.77378198281947 
122.955282479666 3.79269682490221 17.5122075224724 -6.77390320578794 
125.126838424019 5.03726743895967 17.5124267900943 -6.7739922519248 
127.298573043002 6.28165331167788 17.5125858268921 -6.77404166506712 
129.470617009096 7.52579039068828 17.5126558155066 -6.77407933656921 
131.643099758083 8.76948739503567 17.5126451906373 -6.7740680516123 
133.816053628961 10.0126580026377 17.5125106457052 -6.77399104690406 
135.989559988331 11.2551797665373 17.5122381647816 -6.7738902407927 
138.16372622488 12.4968210200272 17.5117467665317 -6.77374576255906 
120.775399271542 0.0408936715035387 17.5121338229412 -6.77385572835143 
122.947065205251 1.28589446213015 17.5124530149211 -6.77397581213461 
125.118819400028 2.53085789166618 17.5126670445262 -6.77403610887151 
127.290815798027 3.77573955888097 17.5128296970207 -6.77410239925222 
129.463124474934 5.0203687308812 17.5129024769371 -6.7741267763693 
131.635654571543 6.26460354387333 17.5129063742862 -6.77412890950666 
133.808574686753 7.50834204228164 17.5127895415158 -6.77410477250654 
135.982050211393 8.75145655714604 17.5125613229257 -6.77400815544026 
125.110464766805 0.0246712267913581 17.5127867575913 -6.7740751382372 
127.28281636227 1.26988859492937 17.5129767830062 -6.77415754105345 
129.455252107594 2.51496752166155 17.5130563287414 -6.77418124651022 
131.62803819805 3.75971016540595 17.513086271812 -6.77417061250445 
133.801111693573 5.00401879182253 17.5129951464717 -6.7741456200321 
129.447135720809 0.00968107151120841 17.5131246387932 -6.77422028684645 
131.620072260475 1.25484158685795 17.5131771107189 -6.77421035163909 
